{"type": "FeatureCollection", "features": [{"type": "Feature", "id": 29, "geometry": {"type": "Polygon", "coordinates": [[[16.8271937685973, -20.7031785420139], [16.8450231629456, -20.658697220186], [16.8625730303235, -20.5519207735715], [16.8537980970837, -20.4286244333845], [16.7572738251576, -20.3134586058566], [16.6607495532316, -20.2558435093076], [16.5905500828216, -20.1899714973318], [16.5291255465497, -20.1075923123491], [16.3448519368357, -20.0828700899125], [16.2746524664257, -20.0086800354644], [16.1693532612598, -19.8932037587943], [16.0552791219558, -19.827179449208], [15.8885553796198, -19.7859003147817], [15.8446807107258, -19.7446104788499], [15.8446807107258, -19.6041452403898], [15.7657063061777, -19.5793444939548], [15.5287830943299, -19.5545399278417], [15.3181846830999, -19.6124113071015], [15.2743100142059, -19.661998777193], [15.1953356096578, -19.6950485757011], [15.116361206008, -19.6867867657458], [15.0110619999438, -19.7115709170611], [14.8969878606398, -19.7611276960397], [14.8355633243679, -19.7528693007535], [14.7390390524418, -19.6289421647812], [14.475791039078, -19.6041452403898], [14.4419728903139, -19.6157294843807], [14.4411516405997, -19.6124113071015], [14.405591568668, -19.6124113071015], [14.309067296742, -19.637206956295], [14.238867826332, -19.6950485757011], [14.151118488544, -19.7693856637136], [14.080919018134, -19.8106690809812], [14.0282694160002, -19.8024132536087], [13.940520077314, -19.7693856637136], [13.7737963358762, -19.7528693007535], [13.6772720639502, -19.8024132536087], [13.5895227261622, -19.9097055389825], [13.5193232557522, -19.9756954369079], [13.4315739179643, -20.0004345333567], [13.3701493807941, -20.066386441291], [13.3087248445222, -20.1240716246915], [13.2560752414901, -20.1899714973318], [13.1946507052182, -20.3052291896634], [13.0893515000523, -20.3628259132259], [12.9577274933705, -20.3463718964376], [12.7910037510344, -20.3710522645087], [12.6857045449702, -20.3299161263626], [12.6242800086983, -20.2887690436018], [12.4663312005004, -20.2311447744136], [12.3961317300904, -20.1570250393061], [12.3083823923024, -20.1487873371744], [12.1855333188603, -20.1570250393061], [12.1241087825884, -20.1240716246915], [12.0977839810724, -20.0416577199747], [12.0539093121784, -19.9509524571178], [11.9749349085286, -19.9014548643838], [11.9438720921668, -19.8910231887247], [11.8520858350865, -19.8601950387953], [11.6853620927504, -19.8684478634816], [11.5449631519304, -19.8849522232075], [11.4221140793866, -19.9097055389825], [11.2756765554289, -19.9821547244118], [11.2553903370505, -19.9921885993218], [11.1149913962305, -20.0746284818092], [10.9658175221707, -20.1734991383763], [10.8868431176226, -20.2723071500395], [10.7727689783186, -20.3299161263626], [10.7025695079086, -20.3052291896634], [10.6411449716367, -20.2476110336985], [10.5797204353648, -20.2146767708955], [10.4568713619227, -20.1899714973318], [10.4042217597889, -20.2476110336985], [10.3427972226187, -20.3299161263626], [10.2550478848308, -20.4368472713365], [10.1936233485589, -20.4615131479852], [10.1146489440108, -20.4615131479852], [9.99179987146699, -20.4697342270324], [9.93037533429675, -20.5272694412596], [9.89527559954093, -20.5929974901029], [9.84262599650883, -20.6833273030024], [9.78997639347673, -20.7407819463807], [9.64957745355505, -20.7407819463807], [9.509178512735, -20.7736033831036], [9.43020410818689, -20.7900114276608], [9.35122970453707, -20.8310237328654], [9.28103023412706, -20.8720248713931], [9.19328089633911, -20.8720248713931], [9.05288195551909, -20.888422195945], [8.97390755097095, -20.9457987239414], [8.89493314732113, -21.0359174001494], [8.80718380953321, -21.0522967671351], [8.69310967022924, -21.011344974859], [8.66678486871319, -20.953993576645], [8.65800993457506, -20.8556257573005], [8.65800993457506, -20.7161611951661], [8.64046006719714, -20.4121774380684], [8.60536033154299, -20.3134586058566], [8.50883606051523, -20.2887690436018], [8.42108672272731, -20.2476110336985], [8.36843711969521, -20.19820702432], [8.38598698707312, -20.1240716246915], [8.47373632486108, -20.115832185097], [8.561485662649, -20.1075923123491], [8.561485662649, -20.0251697424622], [8.53516086203128, -19.9344549821052], [8.47373632486108, -19.8767002586168], [8.44432124330917, -19.8596761309065], [8.43324485415923, -19.8716224644497], [8.38598698707312, -19.8684478634816], [8.26313791363105, -19.8436881022101], [8.1753885758431, -19.8189244790006], [8.07886430481537, -19.7528693007535], [7.94724029723513, -19.7033099600866], [7.85949095944721, -19.637206956295], [7.78298049089127, -19.5408932963754], [7.57291996480225, -19.4735377868072], [7.46232257154913, -19.3518430161686], [7.3944194689915, -19.1985906046905], [7.41196933636941, -19.0825330188915], [7.40319440223127, -18.9912878020537], [7.36809466747545, -18.933196599142], [7.28034532968749, -18.883388051239], [7.20137092513938, -18.775418751421], [7.19259599100124, -18.6923183305341], [7.11362158735143, -18.6258086115882], [6.99954744804746, -18.6424384846588], [6.86792344136555, -18.6756933449469], [6.63977516275758, -18.7421834882373], [6.47305142042151, -18.7504929179974], [6.43795168566569, -18.6923183305341], [6.47305142042151, -18.6091771115551], [6.56957569234757, -18.5842268132432], [6.61345036124156, -18.5343152597948], [6.49060128779946, -18.5259952487553], [6.28000287746773, -18.5426348658039], [6.04307966472165, -18.5925439849507], [5.75350684984178, -18.7089416833452], [5.46393403406364, -18.908294179167], [5.27088549110982, -19.0825330188915], [5.0602870798798, -19.1074093662995], [4.78826413237787, -19.1820159481688], [4.56889078790803, -19.2317349091339], [4.5601158537699, -19.2814388226406], [4.5601158537699, -19.4139087829133], [4.51624118487594, -19.5049193553695], [4.48114144922178, -19.5710767290825], [4.34074250930006, -19.5876118336662], [4.20034356848005, -19.5793444939548], [3.97219528987208, -19.5710767290825], [3.735272077126, -19.5710767290825], [3.57220251787234, -19.586970616584], [3.56821007416969, -19.5823388235911], [3.36672485769802, -19.5876118336662], [3.21755098363819, -19.5958787497588], [3.06837710868004, -19.5958787497588], [3.03327737392421, -19.6454713215965], [3.05960217544023, -19.7115709170611], [3.04205230806232, -19.7693856637136], [2.93675310199816, -19.8024132536087], [2.71737975752829, -19.8024132536087], [2.57698081670827, -19.8189244790006], [2.49800641216016, -19.9097055389825], [2.41025707437221, -19.9674482079811], [2.26108320031238, -19.9921885993218], [2.10313439211442, -20.066386441291], [1.97151038543254, -19.9921885993218], [2.02415998756631, -19.8519417855517], [2.09435945797632, -19.7528693007535], [2.16455892838633, -19.6454713215965], [2.17333386252446, -19.5380014303008], [2.12068425949237, -19.4470094456785], [2.05048478908236, -19.3559664099566], [2.05925972322046, -19.2897213434775], [2.18210879576424, -19.2814388226406], [2.2786330676903, -19.2400199400853], [2.33128267072239, -19.1571508354848], [2.37515733961635, -19.0078815690028], [2.46290667740431, -18.9497961501514], [2.54188108195242, -18.908294179167], [2.55943094933036, -18.8335646881467], [2.55065601519223, -18.7089416833452], [2.49800641216016, -18.5509540657753], [2.47180350394333, -18.5080407468853], [2.4014821411324, -18.3928201211602], [2.30495786920634, -18.3178638026592], [2.24353333293447, -18.2262064298471], [2.16455892838633, -18.1261614812243], [2.07680959059841, -18.059433043669], [1.88376104674629, -18.0427469704589], [1.71703730530852, -18.0260593141637], [1.59418823186642, -17.9926792565264], [1.4537892910464, -17.9342489621986], [1.30461541698658, -17.8925012230311], [1.0676922042405, -17.8757993751429], [0.883418594526492, -17.917551046727], [0.751794587844613, -18.0093700751946], [0.6201705811627, -18.1178218152802], [0.470996706204545, -18.184528005621], [0.39202230255473, -18.2012005716043], [0.181423891324704, -18.2428750066366], [0.0848996193986468, -18.2845394519407], [0.0673497520207357, -18.3511817387455], [0.0585748178825981, -18.4927111591125], [-0.0203995857672175, -18.5426348658039], [-0.090599056177226, -18.5759092347204], [-0.222223062859139, -18.6341237511458], [-0.336297202163107, -18.6923183305341], [-0.42404653995106, -18.7588019386929], [-0.529345746015222, -18.8501741196397], [-0.590770282287126, -18.9829902977814], [-0.660969752697135, -19.1405720107727], [-0.73994415634695, -19.2980034452887], [-0.788560816928424, -19.3668164696542], [-0.792593759379014, -19.372523477005], [-0.812371719054468, -19.3849617808119], [-0.897892965443209, -19.4387349122528], [-0.904190129533738, -19.4412091492059], [-1.00298612582899, -19.4800224195274], [-1.00319217060907, -19.4801033571441], [-1.161140978807, -19.5049193553695], [-1.30153991962705, -19.5710767290825], [-1.31845294704552, -19.6056008247417], [-1.33143647571334, -19.6084064370523], [-1.34387684163786, -19.6084064370523], [-1.37173939003706, -19.6702618654961], [-1.44193886044707, -19.7528693007535], [-1.52091326409688, -19.8106690809812], [-1.55601299975104, -19.9179557841311], [-1.599887668645, -20.0169251046529], [-1.75783647684296, -20.1487873371744], [-1.88946048352487, -20.19820702432], [-1.95088501979674, -20.2805383157115], [-2.02108449020675, -20.3957286847895], [-2.15270849688866, -20.4450696704123], [-2.23920427252854, -20.4630791019034], [-2.30527912022668, -20.4527611932679], [-2.28433250446887, -20.3545991235393], [-2.28433250446887, -20.2476110336985], [-2.33698210660267, -20.1323106301414], [-2.32820717336287, -20.0086800354644], [-2.23168290143681, -19.8684478634816], [-2.18780823254282, -19.7693856637136], [-2.27555757033077, -19.7198314481663], [-2.35453197487892, -19.7363512287875], [-2.47738104742269, -19.7693856637136], [-2.63532985562062, -19.8601950387953], [-2.73185412754668, -19.9179557841311], [-2.91612773726069, -19.9179557841311], [-3.18815068476262, -19.9262055979918], [-3.34609949296055, -19.9921885993218], [-3.41629896337055, -20.0828700899125], [-3.41629896337055, -20.1323106301414], [-3.36364936033849, -20.2146767708955], [-3.34609949296055, -20.3134586058566], [-3.36364936033849, -20.4779548657787], [-3.35487442709868, -20.5765681300857], [-3.25835015517263, -20.6176382115804], [-3.18815068476262, -20.7407819463807], [-3.18815068476262, -20.8392248548157], [-3.23202535365658, -20.9621879813697], [-3.29344988992848, -21.1341665440563], [-3.46894856640265, -21.4203539200572], [-3.4952733679187, -21.5428346689554], [-3.50404830115851, -21.9096553821669], [-3.51282323529661, -22.2836538254136], [-3.58302270570662, -22.4946037440632], [-3.71464671238853, -22.6809456752648], [-3.89014538796441, -22.7214213775925], [-4.14461846808842, -22.7457010546636], [-4.24114274001448, -22.7537933215874], [-4.24114274001448, -22.8508631056423], [-4.22359287263654, -22.9640236422208], [-4.17971820374258, -23.0770895565186], [-4.23236780587634, -23.157792791069], [-4.3815416808345, -23.2868168407055], [-4.53071555489432, -23.3754484373179], [-4.75886383350229, -23.4157159607484], [-5.04843664838213, -23.4801185053583], [-5.31168466264426, -23.4962142337852], [-5.52228307387428, -23.4881666151926], [-5.662682013796, -23.4479211578295], [-5.86450549178622, -23.359338001497], [-6.06632896887814, -23.2868168407055], [-6.19795297556006, -23.1900604860726], [-6.23305271031591, -23.0044152068433], [-6.26815244597006, -22.8104257647141], [-6.29447724748611, -22.7295150817045], [-6.39977645265198, -22.6242596136291], [-6.57527512822785, -22.5513431839836], [-6.65424953277596, -22.4459514108381], [-6.65424953277596, -22.3080105139326], [-6.6630244669141, -22.1699332265182], [-6.72444900318597, -22.0642530986931], [-6.84729807662808, -22.0398541372607], [-6.90494495907669, -22.0398541372607], [-6.97014714917189, -22.0398541372607], [-7.04912155372, -21.9910435970664], [-7.10177115585377, -21.9096553821669], [-7.18952049454002, -21.7304377370837], [-7.24217009667378, -21.6162735756111], [-7.40011890487174, -21.5917980770764], [-7.4966431767978, -21.6325882733003], [-7.68091678651178, -21.6489011288444], [-7.81254079319369, -21.6081155358928], [-7.9968144029077, -21.5836386582574], [-8.06300247426424, -21.5938961392872], [-8.13253337891392, -21.5575254280398], [-8.15476321110563, -21.5265098585802], [-8.30393708606378, -21.3549887894689], [-8.37413655647379, -21.3141207657488], [-8.48821069577776, -21.2977703699611], [-8.68125923873158, -21.338642946482], [-8.81288324541346, -21.338642946482], [-8.84798298106764, -21.2977703699611], [-8.88754310453403, -21.2166595883762], [-9.12433785729618, -21.2067751767987], [-9.2691798026294, -21.2405296659321], [-9.43590354496546, -21.2732413653166], [-9.53242781689152, -21.2568864237842], [-9.55875261840757, -21.2078107049581], [-9.62017715467944, -21.1587186706661], [-9.92729983693723, -21.076862436597], [-10.1817729170612, -21.011344974859], [-10.3484966593973, -20.9048177306479], [-10.3484966593973, -20.7900114276608], [-10.3835963941531, -20.6422749468172], [-10.4537958645632, -20.6012115068831], [-10.5327702691113, -20.4943948209444], [-10.4976705334571, -20.3875036504367], [-10.2695222548492, -20.1570250393061], [-10.0589238445174, -19.9344549821052], [-10.0413739762412, -19.7280915524068], [-10.0852486451352, -19.5628085400458], [-10.2455019814815, -19.4721814908477], [-10.2256475859552, -19.4718305130846], [-10.3660465267752, -19.3808013802154], [-10.5590950706273, -19.273155883778], [-10.6380694742772, -19.1820159481688], [-10.8047932166132, -19.0659467098211], [-10.9802918921891, -19.0161778322223], [-11.1996652375573, -18.9414965805267], [-11.296189508585, -18.8750851850414], [-11.322514310101, -18.7837265431447], [-11.3312892442392, -18.6590667295254], [-11.392713780511, -18.5759092347204], [-11.5418876554692, -18.5093540130599], [-11.6735116621511, -18.4510969521499], [-11.6998364636671, -18.384493248465], [-11.7437111325611, -18.2678748730587], [-11.8139106029711, -18.192864488345], [-11.901659940759, -18.217871543366], [-11.9981842126851, -18.2345409179409], [-12.1912327556389, -18.217871543366], [-12.3491815638368, -18.192864488345], [-12.4808055705188, -18.1261614812243], [-12.612429578099, -18.0093700751946], [-12.6387543787167, -17.8841504954665], [-12.8581277240849, -17.8089762957317], [-13.0687261353149, -17.7254122349106], [-13.1301506715868, -17.641809201779], [-13.2880994797847, -17.4744868560499], [-13.5601224272867, -17.1309961150433], [-13.8672451104428, -16.7700667395348], [-13.9900941829865, -16.5851389260701], [-14.0690685875347, -16.2821467658855], [-14.2094675274564, -16.0883225582637], [-14.4025160713085, -15.9111872614103], [-14.6131144825385, -15.7845662940827], [-14.7271886218425, -15.6663153026142], [-14.7886131581144, -15.4296083267346], [-14.8045881781879, -15.3140819048892], [-14.7798382239763, -15.057095724267], [-14.7973880922525, -14.8197015006874], [-14.8324878270084, -14.6754419454557], [-14.9202371647963, -14.5310872047407], [-15.0518611723765, -14.4206345918143], [-15.0869609071324, -14.3526365011007], [-15.0518611723765, -14.2931212252026], [-14.9026872974184, -14.3101271998162], [-14.6920888861883, -14.4036370106819], [-14.5429150121285, -14.4376308772687], [-14.3761912697925, -14.4121359636643], [-14.2094675274564, -14.4291328966973], [-13.9111197793367, -14.4546258639085], [-13.6390968318348, -14.463122869628], [-13.4811480227385, -14.5905388653564], [-13.2793245456466, -14.7603120896463], [-13.1590804410014, -14.7916149281183], [-13.1507261852159, -14.7848381205126], [-12.8669026573247, -14.8027347565844], [-12.6212045113388, -14.8112182951359], [-12.5510050409288, -14.8281843748029], [-12.357956497975, -14.9045152561454], [-12.1385831526068, -15.040147714879], [-11.8665602051049, -15.1079316566155], [-11.550662588709, -15.1926311385694], [-11.3312892442392, -15.1926311385694], [-11.010722802139, -15.137257220374], [-10.7345937462032, -14.9469096184653], [-10.5239953349732, -14.8366669155725], [-10.4450209313234, -14.7433407041814], [-10.4450209313234, -14.6669531163504], [-10.5152204017334, -14.5225928039796], [-10.5678700038671, -14.4291328966973], [-10.5503201364892, -14.3271318878439], [-10.4537958645632, -14.2165784443044], [-10.3835963941531, -14.0804384831355], [-10.2519723874713, -13.8164369259791], [-10.1466731823054, -13.6033140411096], [-10.1027985134114, -13.5009466844314], [-10.0501489103793, -13.381462598553], [-10.0325990430014, -13.2533781381161], [-10.0150491756235, -13.065399044193], [-9.97994943996932, -12.9114913417008], [-9.96239957259138, -12.800276740844], [-9.92729983693723, -12.663329915016], [-9.86587530066532, -12.5520064010329], [-9.83955049914931, -12.4577719345006], [-9.86587530066532, -12.3720745083152], [-9.91852490369742, -12.2863489566689], [-10.1027985134114, -12.2005954614204], [-10.2519723874713, -12.0804939744556], [-10.3484966593973, -11.9345840317969], [-10.2695222548492, -11.5995540181796], [-10.2256475859552, -11.3415640883442], [-10.2519723874713, -11.246909081964], [-10.3748214609133, -11.2038737812707], [-10.4888956002173, -11.1436136076954], [-10.5064454675952, -11.0488938445267], [-10.5327702691113, -10.9110651109854], [-10.6029697395213, -10.8421267173011], [-10.6205196068992, -10.7300679804117], [-10.5415452023511, -10.6697114260852], [-10.4011462624294, -10.6093428904655], [-10.2870721231254, -10.4799416970053], [-10.1817729170612, -10.3591184441643], [-10.0940235792733, -10.2986893122484], [-9.92729983693723, -10.2641531757299], [-9.75180116136135, -10.290055632672], [-9.57630248578548, -10.2727875642232], [-9.46222834648151, -10.2209777043492], [-9.18143046484144, -10.1000552468759], [-9.03225659078162, -9.92723012142973], [-9.03225659078162, -9.77160941568588], [-9.07613125967558, -9.70242121432901], [-9.13755579594749, -9.63321872509167], [-9.14633073008562, -9.51208028427228], [-9.05858139139937, -9.41686993683514], [-9.04980645815957, -9.33029229254511], [-9.10245606119163, -9.26101468792356], [-9.04980645815957, -9.21770924153916], [-8.96205712037161, -9.2263707560419], [-8.90940751733952, -9.15707269656238], [-8.86553284844556, -9.02710249076589], [-8.79533337803555, -8.87974631622212], [-8.65493443721553, -8.80171018264935], [-8.33903682081964, -8.73233090788934], [-8.27761228454774, -8.68896230092114], [-8.35658668819755, -8.65426380207206], [-8.44433602598551, -8.63691335148856], [-8.57596003356571, -8.63691335148856], [-8.73390884176364, -8.63691335148856], [-8.93573231885556, -8.59353373848292], [-9.1551056633254, -8.58485721997137], [-9.2779547367675, -8.61088618142226], [-9.40957874344942, -8.64558867664099], [-9.54997768426943, -8.73233090788934], [-9.73425129398344, -8.76702216522605], [-9.83955049914931, -8.74100402542521], [-9.90097503631951, -8.66293872669938], [-9.93607477107536, -8.61956210368483], [-9.97994943996932, -8.55014916159672], [-10.0501489103793, -8.55014916159672], [-10.1378982481673, -8.58485721997137], [-10.2519723874713, -8.68028797631814], [-10.3660465267752, -8.75834965384365], [-10.4713457328394, -8.81038167989677], [-10.6029697395213, -8.81038167989677], [-10.7960182824751, -8.81038167989677], [-10.8925425544012, -8.81905297284784], [-10.953967090673, -8.88841597492784], [-11.041716428461, -8.93176118996193], [-11.1733404360412, -8.89708542936881], [-11.2610897738291, -8.86240638235306], [-11.2874145753452, -8.79303848218708], [-11.2786396412071, -8.70631034696735], [-11.252314839691, -8.61956210368483], [-11.3049644427231, -8.54147165322584], [-11.410263647889, -8.49808115177314], [-11.480463118299, -8.49808115177314], [-11.4980129856769, -8.56750358628371], [-11.4892380524371, -8.64558867664099], [-11.480463118299, -8.79303848218708], [-11.4453633835431, -8.87974631622212], [-11.436588449405, -8.97510125199103], [-11.480463118299, -9.06176582120487], [-11.5331127213311, -9.15707269656238], [-11.7173863310451, -9.20904751365612], [-11.9279847422751, -9.23503205874512], [-12.129808219367, -9.25235402443526], [-12.1494722978173, -9.26852718940731], [-12.1582313874704, -9.2594278180422], [-12.243882358671, -9.29565520360832], [-12.3316316964589, -9.33895102710293], [-12.4369309016248, -9.39089891228433], [-12.6036546439609, -9.45149493120191], [-12.726503717403, -9.5207344594838], [-12.8142530551909, -9.62456741475484], [-12.8756775914628, -9.70242121432901], [-12.9458770618728, -9.70242121432901], [-13.0160765322828, -9.6505206813095], [-13.1477005389647, -9.64186981459748], [-13.2529997441306, -9.68512192790256], [-13.3056493471627, -9.78025693169286], [-13.3495240160566, -9.89265409360381], [-13.4284984206048, -10.0309362483806], [-13.5162477583927, -10.0914161827011], [-13.6654216324525, -10.1432470862506], [-13.9286696467147, -10.1950696036291], [-14.1041683222905, -10.1777963658928], [-14.2357923289724, -10.0827768858088], [-14.3323166008985, -9.94451676681694], [-14.4025160713085, -9.79755128772229], [-14.4025280162068, -9.79735118780358], [-14.4112910054466, -9.6505206813095], [-14.4025160713085, -9.51208028427228], [-14.4551656743406, -9.45149493120191], [-14.5780147468843, -9.4601506364956], [-14.7710632907365, -9.53804215292795], [-15.0255363708605, -9.63321872509167], [-15.3765337220122, -9.7889042218452], [-15.6485566695142, -9.90129844177247], [-15.7187561399242, -10.0050128162162], [-15.7275310740623, -10.1605221932215], [-15.7889556103342, -10.3936441503365], [-15.8503801466061, -10.4713130213915], [-16.0258788230803, -10.5489624373216], [-16.0699249480226, -10.6108157700686], [-16.1007107455103, -10.6540403946298], [-16.1311780282461, -10.7904124897414], [-16.1838276312782, -10.9369128925106], [-16.2715769690661, -11.0230558629339], [-16.4383007114022, -11.1436136076954], [-16.6839988573881, -11.2383025357599], [-16.8068479308302, -11.3759763294474], [-16.999896473784, -11.608149607832], [-17.184170083498, -11.7026835674127], [-17.3596687590739, -11.8229527718509], [-17.464967965138, -11.9345840317969], [-17.5878170376818, -12.1748639923378], [-17.7106661111239, -12.2177483876331], [-17.8686149193219, -12.2777748612855], [-17.991463992764, -12.4320656705032], [-18.0879882637917, -12.483475650786], [-18.0704383964138, -12.6119558435473], [-18.0792133305519, -12.766046973895], [-18.1845125357177, -12.9029381240531], [-18.3600112112936, -12.97990653508], [-18.5618346892839, -13.0568511217785], [-18.6846837618276, -13.1850387971812], [-18.7724330996156, -13.4241423196358], [-18.8601824374035, -13.5521358738453], [-18.9216069745737, -13.5094789800249], [-18.8952821730577, -13.3985353966694], [-18.9216069745737, -13.2790004477866], [-18.9216069745737, -13.1423170035248], [-18.8865072389196, -13.1081342118136], [-18.8250827026477, -13.0312055815696], [-18.8514075041637, -12.928596900482], [-18.8952821730577, -12.834501863156], [-18.8163077685096, -12.7917197346091], [-18.6232592255557, -12.5862649395703], [-18.5706096225236, -12.4149267484994], [-18.5793845566618, -12.2520509012772], [-18.6495840270718, -12.1748639923378], [-18.7461082980995, -12.1233935770905], [-18.8601824374035, -12.1062345627685], [-18.8689573715416, -12.0032573777803], [-18.9567067093296, -11.9860906780765], [-18.9719467592787, -11.9775718083157], [-19.0795557827717, -11.9174129728083], [-19.2287296568315, -11.8744805762642], [-19.4919776710936, -11.9345840317969], [-19.6762512808076, -12.029005377001], [-19.8517499563835, -12.0976546417066], [-19.9570491615493, -12.0804939744556], [-20.1413227712633, -12.0976546417066], [-20.2729467779452, -12.1319726699837], [-20.4659953217973, -12.2349002011143], [-20.4835451891753, -12.3292152367609], [-20.4923201233134, -12.6033924947086], [-20.5537446595853, -12.663329915016], [-20.6941436004053, -12.7831624373346], [-20.7818929381932, -12.928596900482], [-20.8608673427414, -13.1935822616098], [-20.8956745797525, -13.3290984788295], [-20.9310668131514, -13.3729257464129], [-21.0188161509393, -13.5180109694892], [-21.0451409524554, -13.765305093213], [-21.0626908198333, -14.0208516785834], [-21.0188161509393, -14.1825511039527], [-20.9398417463912, -14.2591054192097], [-20.8169926738474, -14.3866381343986], [-20.8520924086032, -14.5565684496429], [-21.0363660183173, -14.7433407041814], [-21.0539158856952, -14.8790746296829], [-21.0539158856952, -15.0147231748778], [-21.0890156213494, -15.0994598462092], [-21.1328902902433, -15.1756939558966], [-21.1592150917594, -15.2603662612739], [-21.1328902902433, -15.3450044418421], [-20.9837164152852, -15.4549827792196], [-20.9135169448751, -15.4803541251495], [-20.9135169448751, -15.5649027824784], [-21.0275910841791, -15.7507873121491], [-20.9837164152852, -15.7507873121491], [-20.8959670774972, -15.7254493880512], [-20.7818929381932, -15.7085556856578], [-20.7380182692993, -15.6494167016063], [-20.6327190641334, -15.6325167051528], [-20.4221206529034, -15.590260613622], [-20.3870209172492, -15.4972666273481], [-20.3431462483552, -15.3873106819126], [-20.2290721090513, -15.378850121356], [-20.1588726386413, -15.3280795440933], [-20.0711233008533, -15.2434345248823], [-20.0009238304433, -15.2772966326719], [-19.8429750222454, -15.3450044418421], [-19.6674763466695, -15.3534663767993], [-19.5270774058495, -15.3957708995253], [-19.4393280680615, -15.4718973558732], [-19.4217782006836, -15.6156153137438], [-19.3603536635134, -15.700108308551], [-19.2813792598636, -15.6832125050921], [-19.1760800546977, -15.6747640782134], [-19.0883307160115, -15.7085556856578], [-19.0181312464998, -15.7930101609643], [-18.8689573715416, -15.8014536758946], [-18.7548832322377, -15.8014536758946], [-18.6934586959657, -15.936501905838], [-18.5969344240397, -15.936501905838], [-18.4828602847357, -15.978685882521], [-18.4302106817036, -16.1473326671155], [-18.4477605499799, -16.2737235898505], [-18.5091850862518, -16.3495191373847], [-18.5442848210076, -16.4337019212887], [-18.5091850862518, -16.4589496532441], [-18.4477605499799, -16.4926081822544], [-18.4126608143257, -16.6187754511197], [-18.4214357484638, -16.7280534068236], [-18.4740853505976, -16.9212377384847], [-18.5091850862518, -17.047120994137], [-18.5355098877678, -17.1561512822066], [-18.5618346892839, -17.2232150486563], [-18.6671338944497, -17.2232150486563], [-18.7724330996156, -17.2148334068458], [-18.8250827026477, -17.2399771936], [-18.8777323056798, -17.3153879938483], [-18.9128320404356, -17.3572695255885], [-19.0444560471175, -17.365644684928], [-19.1058805842877, -17.3907678644793], [-19.2024048553155, -17.3991414906838], [-19.2462795242094, -17.3740194614401], [-19.2813792598636, -17.2902544910441], [-19.2638293924857, -17.0890632730653], [-19.3340288628957, -17.013560389554], [-19.3603536635134, -16.9967778309697], [-19.3954533991676, -16.9128425221935], [-19.5446272732274, -16.9380270499772], [-19.6323766119136, -16.862463371655], [-19.6411515451535, -16.7196496288107], [-19.6850262140474, -16.635591504493], [-19.7727755518354, -16.5767288748602], [-19.9043995594156, -16.5178482388792], [-20.0009238304433, -16.5430849986275], [-20.0009238304433, -16.6019579245387], [-20.0798982349914, -16.6608128198331], [-20.1939723742954, -16.6776251852771], [-20.2279683436718, -16.6924273009611], [-20.2202971758115, -16.7952702854703], [-20.1237729038854, -16.9883859876383], [-20.0009238304433, -17.1393815487002], [-19.9482742283095, -17.3237650649018], [-19.7903254201116, -17.4661166860453], [-19.5621771415036, -17.641809201779], [-19.5358523399876, -17.7254122349106], [-19.5007526043334, -17.9592928825979], [-19.3515787302736, -18.0177148923275], [-19.1760800546977, -18.0177148923275], [-19.1409803190436, -18.0844591828598], [-19.0883307160115, -18.192864488345], [-19.0707808486335, -18.2762073625914], [-19.0444560471175, -18.3761659735489], [-19.0795557827717, -18.4677438462706], [-19.2199547235917, -18.5925439849507], [-19.2989291272415, -18.6840060416537], [-19.2638293924857, -18.8086474613023], [-19.2199547235917, -18.9663940501073], [-19.2287296568315, -19.0908255498307], [-19.2813792598636, -19.2151635918023], [-19.3691285976515, -19.2980034452887], [-19.4217782006836, -19.3808013802154], [-19.3779035317896, -19.5214612393573], [-19.3515787302736, -19.8106690809812], [-19.4042283333057, -19.8849522232075], [-19.4130032665455, -20.0251697424622], [-19.4217782006836, -20.19820702432], [-19.4568779354394, -20.3216875853668], [-19.5358523399876, -20.3875036504367], [-19.6762512808076, -20.4039532809961], [-19.8868496911393, -20.4204011550186], [-19.9394992941714, -20.4861750632369], [-20.0009238304433, -20.5765681300857], [-20.1149979697473, -20.5519207735715], [-20.1237729038854, -20.4697342270324], [-20.1676475727794, -20.3875036504367], [-20.3168214477375, -20.3381442303825], [-20.4835451891753, -20.3134586058566], [-20.5449697263455, -20.2229109901888], [-20.4747702559355, -20.1075923123491], [-20.4045707855254, -19.9592005485645], [-20.4221206529034, -19.8436881022101], [-20.5274198580693, -19.7776432027805], [-20.5537446595853, -19.6785245286789], [-20.4835451891753, -19.5958787497588], [-20.4396705202813, -19.5131905093419], [-20.3255963809773, -19.4139087829133], [-20.1764225069175, -19.3311276575454], [-20.0886731691296, -19.314566390379], [-20.0974481023694, -19.2565887491913], [-20.1237729038854, -19.1985906046905], [-20.2290721090513, -19.165439623456], [-20.3870209172492, -19.1820159481688], [-20.5449697263455, -19.206877307423], [-20.6941436004053, -19.2565887491913], [-20.8784172101193, -19.3228472333547], [-21.0363660183173, -19.4718305130846], [-21.2206396280312, -19.6537352622279], [-21.2651443555025, -19.6746898882953], [-21.2681721873548, -19.703464689539], [-21.299614031681, -19.7363512287875], [-21.3785884362292, -19.7363512287875], [-21.4312380392613, -19.6702618654961], [-21.4224631051232, -19.5710767290825], [-21.3961383036071, -19.4470094456785], [-21.4224631051232, -19.3062851270746], [-21.4663377740171, -19.1571508354848], [-21.5804119133211, -19.0742400718877], [-21.7208108541411, -19.0078815690028], [-21.8324104977567, -18.920799204057], [-21.9826585556737, -18.9317319089067], [-22.177107411357, -18.908294179167], [-22.5281047625088, -18.9248962044515], [-22.7825778426328, -18.8501741196397], [-22.958076519107, -18.8003408990901], [-23.2213245324708, -18.775418751421], [-23.5196722814888, -18.7421834882373], [-23.6337464207927, -18.6590667295254], [-23.7741453616128, -18.6008607513903], [-23.8794445667786, -18.5093540130599], [-23.9671939045665, -18.5093540130599], [-24.1075928453866, -18.5675912503892], [-24.2216669846906, -18.6174930644387], [-24.3708408596487, -18.7006302105823], [-24.4673651306764, -18.6673802414199], [-24.4673651306764, -18.5842268132432], [-24.5200147337085, -18.4427728993787], [-24.7306131449386, -18.4261235848995], [-24.8183624827265, -18.3928201211602], [-24.9236616878924, -18.2678748730587], [-25.0903854302285, -18.0510902046016], [-25.2307843710485, -17.8841504954665], [-25.4238329140023, -17.8173305515467], [-25.5028073185504, -17.6585329184177], [-25.5115822526885, -17.4828566411319], [-25.5466819874444, -17.3488939844406], [-25.5642318548223, -17.1226103022366], [-25.5466819874444, -16.862463371655], [-25.6958558624025, -16.8372687577403], [-25.7660553319142, -16.9044469309914], [-25.8889044053563, -16.9212377384847], [-26.0468532135543, -17.0303414440917], [-26.0731780150703, -17.0722874921016], [-26.1960270885124, -17.1729194997392], [-26.4329503003602, -17.2315963112478], [-26.6435487115902, -17.2986327071865], [-26.7049732478621, -17.3907678644793], [-26.7576228508942, -17.5246997853583], [-26.7576228508942, -17.6501712546729], [-26.7576228508942, -17.8256844167307], [-26.836597254544, -17.8590959577094], [-26.9243465932303, -17.9425973290187], [-26.9857711295021, -18.1178218152802], [-26.93312152647, -18.3345235728388], [-26.9793594068567, -18.4295938240484], [-26.9857711295021, -18.4427728993787], [-27.0998452688061, -18.4261235848995], [-27.165109368994, -18.3078756758622], [-27.1963695407321, -18.2512086949242], [-27.2473547173581, -18.1166560742436], [-27.2473547173581, -17.9508970725486], [-27.2473547173581, -17.9422304965421], [-27.2720782332526, -17.751258580783], [-27.2577940770041, -17.6501712546729], [-27.1963695407321, -17.5414343427906], [-27.1524948718382, -17.4410038689618], [-27.1261700703221, -17.3405180599308], [-27.1524948718382, -17.2651175567431], [-27.1524948718382, -17.1729194997392], [-27.1086202029442, -17.0722874921016], [-27.0033209968801, -16.9380270499772], [-26.9682212621242, -16.8120707906271], [-26.950671393848, -16.6439989787449], [-26.906796724954, -16.5010219007937], [-26.72252311524, -16.3663586033355], [-26.6961983146223, -16.2231769495686], [-26.6435487115902, -15.9955569854852], [-26.5645743070421, -15.9533765628196], [-26.3013262936782, -15.7254493880512], [-26.1697022869963, -15.5310874789708], [-25.8538046706004, -15.378850121356], [-25.6783059941263, -15.2434345248823], [-25.5993315904765, -15.1248742636329], [-25.5291321200664, -14.9129947977109], [-25.3448585103524, -14.5225928039796], [-25.3536334444906, -14.2165784443044], [-25.4062830466243, -14.1570272463331], [-25.5466819874444, -14.0804384831355], [-25.7572803986744, -13.9271840230516], [-25.8450297364623, -13.7141620792461], [-25.9152292068724, -13.5947851140009], [-26.0205284120382, -13.5094789800249], [-26.0205284120382, -13.2960804854247], [-26.0644030809322, -13.2362950988674], [-26.3364260284341, -13.1081342118136], [-26.5733492411802, -12.9114913417008], [-26.678648446346, -12.766046973895], [-26.6961983146223, -12.663329915016], [-26.5996740426962, -12.5091768144395], [-26.4592751018762, -12.3635032154326], [-26.3276510951943, -12.1319726699837], [-26.3715257640883, -11.9860906780765], [-26.4592751018762, -11.9174129728083], [-26.6523236457283, -11.8315414143889], [-26.8453721886821, -11.7971852296939], [-27.020870864258, -11.8057746793187], [-27.1349450035619, -11.8916543478362], [-27.205144473972, -12.0804939744556], [-27.301668745898, -12.2863489566689], [-27.415742885202, -12.4406347082367], [-27.5824666275381, -12.5348754196668], [-27.757965303114, -12.5091768144395], [-27.9071391771738, -12.4492034623785], [-28.1001877210259, -12.3806455190655], [-28.2405866618459, -12.3720745083152], [-28.337110933772, -12.4320656705032], [-28.4096978108985, -12.4900558914], [-28.4336352047997, -12.5091768144395], [-28.5477093441037, -12.6290816811018], [-28.7319829538177, -12.6376441703308], [-28.8603966170327, -12.6209366089398], [-29.0829803058677, -12.6376441703308], [-29.2146043125496, -12.6975735489424], [-29.3550032533697, -12.8088334576104], [-29.5392768630837, -12.8516126781876], [-29.7674251416916, -12.8687223274991], [-29.9780235529217, -12.8516126781876], [-30.1622971626356, -12.8259460185093], [-30.3114710366955, -12.7831624373346], [-30.4781947790315, -12.7746048509535], [-30.5571691826813, -12.6804523075941], [-30.6800182561235, -12.5605714633068], [-30.7677675939114, -12.4320656705032], [-30.8028673286672, -12.4663401226664], [-30.8204171969435, -12.5862649395703], [-30.8906166673535, -12.6804523075941], [-30.9695910710033, -12.7318125730211], [-31.1187649459615, -12.7746048509535], [-31.2328390852654, -12.8430574167343], [-31.2503889526433, -12.9713556640455], [-31.2065142837494, -13.1508619584423], [-31.1363148133394, -13.3899991489894], [-31.0397905414133, -13.5862558789822], [-31.0397905414133, -13.5936915939709], [-31.0397905414133, -13.6971119301241], [-31.0836652103073, -13.7738278431379], [-31.3030385547771, -13.7738278431379], [-31.6101612379332, -13.782350281424], [-31.7944348476472, -13.5862558789822], [-31.8320570669922, -13.5192024212132], [-31.8997340528131, -13.3985353966694], [-31.9348337884672, -13.4838811790642], [-31.9566605034718, -13.5555050481828], [-32.0050332588772, -13.7141620792461], [-32.0927825966652, -13.8845952435939], [-32.1382045175163, -13.9115404608237], [-32.1382045175163, -13.9518344136827], [-32.2068567359692, -14.0378780624837], [-32.3209308752731, -14.1740434701225], [-32.3735804783052, -14.2420955897631], [-32.5052044849871, -14.1485186567251], [-32.6719282264249, -14.0038240319874], [-32.864976770277, -13.8931136258042], [-33.2071991881889, -13.782350281424], [-33.4616722683129, -13.7397349814862], [-33.5494216061009, -13.6374266782378], [-33.7512450831928, -13.4412120857202], [-34.0144930974549, -13.33877531303], [-34.1461171041368, -13.2960804854247], [-34.1812168388927, -13.244836767911], [-34.3216157797127, -13.0568511217785], [-34.6024136613527, -12.7917197346091], [-34.8481118073386, -12.6290816811018], [-35.3570579675866, -12.3806455190655], [-35.8133545248025, -12.2606258338456], [-36.1643518759543, -12.2263244330079], [-36.2433262805024, -12.1319726699837], [-36.1994516116085, -12.020422983983], [-36.0590526707884, -11.9259986386015], [-35.9362035973463, -11.8487178893279], [-35.8923289284524, -11.7542339474525], [-36.0502777366503, -11.6854979700661], [-36.3749502871843, -11.6425293139909], [-36.6557481688244, -11.6597175749429], [-36.8751215132942, -11.7284599615091], [-37.0944948577641, -11.7971852296939], [-37.4103924750583, -11.9002408276809], [-37.6911903558, -11.9431691539681], [-37.919338634408, -11.9345840317969], [-38.0772874426059, -11.8487178893279], [-38.2176863834259, -11.857305722239], [-38.3493103901078, -11.9431691539681], [-38.5511338671998, -12.0804939744556], [-38.8758064177338, -12.0804939744556], [-39.2443536371618, -12.046169340194], [-39.4637269816316, -12.0890744452483], [-39.6041259224516, -12.1920185827049], [-39.7182000617556, -12.2091720634169], [-39.9726731418796, -12.0633322070878], [-40.110367229328, -11.9357355653904], [-40.1042971485615, -11.9174129728083], [-40.0867472811836, -11.7628247408743], [-40.0955222153217, -11.5737656635329], [-40.1393968842157, -11.4877873370247], [-40.2885707582755, -11.3587707278922], [-40.3675451628236, -11.3157521856033], [-40.4465195664734, -11.2727271791363], [-40.5781435740537, -11.2383025357599], [-40.8238417200396, -11.2038737812707], [-40.9466907925833, -11.2124813547946], [-41.0607649318873, -11.2124813547946], [-41.1748390711913, -11.1780495254684], [-41.2713633431173, -11.2124813547946], [-41.3942124165594, -11.29854295759], [-41.5521612247574, -11.3673736589524], [-41.6399105625453, -11.3329603793479], [-41.7013350988172, -11.2038737812707], [-41.7539847018493, -11.0919520888178], [-41.8417340396373, -11.0058292807683], [-41.9470332448031, -10.9541434951632], [-42.1137569871392, -10.8679804822968], [-42.2717057953371, -10.9110651109854], [-42.4208796702953, -10.9110651109854], [-42.5261788754611, -10.885215081436], [-42.701677551037, -10.807651556204], [-42.8069767571012, -10.6610880812311], [-42.9649255652991, -10.5662152080788], [-43.0877746378429, -10.4626841047182], [-43.1053245061191, -10.350486422415], [-43.1316493067369, -10.2555185516049], [-43.210623711285, -10.169159395887], [-43.280823181695, -10.0654975981699], [-43.254498380179, -9.98772937696007], [-43.324697850589, -9.87536471333185], [-43.4563218572709, -9.87536471333185], [-43.7809944078049, -9.88400951709833], [-43.9389432160029, -9.86671968338015], [-43.947718150141, -9.81484474234538], [-43.947718150141, -9.58995995741572], [-43.9915928190349, -9.57265490387105], [-44.1495416272329, -9.53804215292795], [-44.1846413619887, -9.50342588914234], [-44.2636157665369, -9.46880612302258], [-44.5531885814167, -9.4601506364956], [-44.6058381844488, -9.39955613736304], [-44.7550120585086, -9.34760954735773], [-44.9217358008447, -9.34760954735773], [-45.0621347416647, -9.45149493120191], [-45.1586590135908, -9.5207344594838], [-45.2113086157246, -9.49477127517184], [-45.2464083513787, -9.4082131450199], [-45.2464083513787, -9.25235402443526], [-45.2464083513787, -9.00976957573171], [-45.2815080861346, -8.89708542936881], [-45.3692574239225, -8.70631034696735], [-45.4131320928165, -8.52411604273697], [-45.5974057025305, -8.48072357421194], [-45.6676051729405, -8.45468573993985], [-45.7290297101107, -8.36788028161919], [-45.8431038494147, -8.35919866898263], [-45.9922777234745, -8.39392395957011], [-46.1239017301564, -8.47204449218365], [-46.2288930970474, -8.47204449218365], [-46.3608249429025, -8.47204449218365], [-46.4046996117964, -8.50675964513973], [-46.5275486843402, -8.68028797631814], [-46.7118222940542, -8.80171018264935], [-46.8960959037682, -8.85373610935229], [-47.0101700430722, -8.80171018264935], [-46.9487455068003, -8.71498406891028], [-46.8434463016344, -8.64558867664099], [-46.7820217644642, -8.55014916159672], [-46.7205972281923, -8.41996589082246], [-46.5801982873723, -8.26368820902945], [-46.3837969146729, -8.09284837772413], [-46.2906254724925, -8.01177771848783], [-46.2906254724925, -7.85534072206504], [-46.297815483822, -7.74848890705915], [-46.263720222759, -7.71941345074592], [-46.3608249429025, -7.67275646497397], [-46.3608249429025, -7.58578390646402], [-46.3608249429025, -7.41178622986712], [-46.4310244133125, -7.23771978732497], [-46.5450985526165, -7.19419261746235], [-46.6328478904044, -7.15936787520156], [-46.6503977577823, -7.06358616063791], [-46.5977481547502, -6.88938693202517], [-46.5977481547502, -6.75869541334755], [-46.6503977577823, -6.55823334639431], [-46.6416228236442, -6.47105062400712], [-46.5714233541325, -6.36641150974085], [-46.4661241480683, -6.30536215570628], [-46.4046996117964, -6.15706964593024], [-46.4046996117964, -5.98255492106602], [-46.2028761347045, -5.79052442586419], [-45.8782035841705, -5.63335990790508], [-45.6500553055626, -5.72067885516514], [-45.4833315632265, -5.83417352984096], [-45.3692574239225, -5.89527656276097], [-45.2639582187567, -6.00873572139464], [-45.1498840794527, -6.03491526256871], [-45.0358099401487, -6.00000892729307], [-44.8866360651905, -5.91273333907173], [-44.8076616615407, -5.93891747071222], [-44.6935875222367, -5.98255492106602], [-44.5619635155549, -5.96510035761741], [-44.5356387140388, -5.86036136322457], [-44.4303395088729, -5.74687194948825], [-44.1846413619887, -5.67702103512076], [-44.0266925537908, -5.67702103512076], [-43.8687437455929, -5.68575286486406], [-43.7371197389109, -5.62462728834686], [-43.623045599607, -5.4848876759999], [-43.3334727847271, -5.47615285448987], [-43.1316493067369, -5.56349528793063], [-43.026350101571, -5.81671429472161], [-42.9649255652991, -6.00000892729307], [-42.8771762275112, -6.13962072675025], [-42.7367772866912, -6.20068943295328], [-42.5612786111153, -6.09599593097621], [-42.3682300672632, -6.06109353829022], [-42.2541559279592, -5.92146152121974], [-41.9031585759091, -5.58096222566517], [-41.7731833963885, -5.41115411391779], [-41.729682165243, -5.33848146461726], [-41.7277202105265, -5.33520364088324], [-41.7105940883496, -5.2998356635185], [-41.6311356284072, -5.17035512267796], [-41.5170614891032, -4.8206915833232], [-41.5433862906193, -4.43585422152459], [-41.63636452764, -4.27182902899139], [-41.6399105625453, -4.22585726971517], [-41.7539847018493, -4.14709359679819], [-41.8592839070152, -4.14709359679819], [-41.9821329804573, -4.1120849902094], [-42.0172327152131, -3.98954284366624], [-41.9573468951066, -3.83746170278736], [-41.9207084441854, -3.74440426189454], [-41.8680588411533, -3.57802084989111], [-41.7890844366052, -3.44664411012501], [-41.5784860262734, -3.21888184123391], [-41.5082865558634, -3.07869490159488], [-41.5258364232413, -2.92972608056475], [-41.5521612247574, -2.70185341060047], [-41.6925601655774, -2.78073743563269], [-41.8417340396373, -2.92972608056475], [-41.9645831130793, -3.14002900698918], [-42.0962071197613, -3.38532871245962], [-42.2541559279592, -3.67435186079975], [-42.3770050014013, -3.84947232222808], [-42.6051532800093, -3.97203531656758], [-42.771877021447, -4.03331002376645], [-42.9912503668152, -4.06832207147755], [-43.1579741082529, -4.0595692021451], [-43.3159229164509, -4.01580343245821], [-43.438771989893, -3.96328141451167], [-43.6581453343628, -3.86698241454555], [-43.807319209321, -3.76191649114788], [-43.903843481247, -3.665594922322], [-43.947718150141, -3.49919702151605], [-44.0617922894449, -3.36780931176114], [-44.202191230265, -3.3765690520665], [-44.4917640451448, -3.34152961968957], [-44.8252115289187, -3.28020761133812], [-44.9347192935799, -3.2305116765645], [-44.9354591146069, -3.22122499897841], [-44.9743854038768, -3.21012071355014], [-44.9919352712547, -3.14879073005155], [-45.0533598075266, -3.05240777098772], [-45.1323342120747, -3.05240777098772], [-45.2727331528948, -3.01735726372645], [-45.3604824906827, -2.95601616527559], [-45.4745566299867, -2.92096258212373], [-45.5710809010144, -2.85085214511702], [-45.5974057025305, -2.75444333934323], [-45.6676051729405, -2.5966667640884], [-45.6237305040465, -2.54407013386111], [-45.5096563647425, -2.5966667640884], [-45.4482318284706, -2.6930882004042], [-45.3692574239225, -2.77197280141849], [-45.2551832846185, -2.78950200382876], [-45.1586590135908, -2.77197280141849], [-44.9831603371166, -2.7632081031853], [-44.8603112645728, -2.68432292623623], [-44.9129608667066, -2.63172996992349], [-45.0007102044945, -2.63172996992349], [-45.1060094105587, -2.63172996992349], [-45.2464083513787, -2.65802672823009], [-45.3341576891667, -2.60543265684402], [-45.3341576891667, -2.53530381964884], [-45.3780323580606, -2.38626754881584], [-45.4833315632265, -2.33366260258608], [-45.5710809010144, -2.29859154277025], [-45.6325054381846, -2.24598334055418], [-45.7114798418344, -2.15829881588363], [-45.7290297101107, -2.09691662733095], [-45.6939299744565, -2.03553203001846], [-45.6325054381846, -2.00922362681871], [-45.6237305040465, -1.94783571177134], [-45.6237305040465, -1.8425941220536], [-45.6237305040465, -1.76365882834129], [-45.6763801070786, -1.69349130816543], [-45.7729043790047, -1.65840658784784], [-45.7904542463826, -1.58823529516846], [-45.7378046433505, -1.56192044029851], [-45.6939299744565, -1.57946371443679], [-45.6237305040465, -1.57946371443679], [-45.5974057025305, -1.57946371443679], [-45.5359811662586, -1.67594902613286], [-45.4921064973646, -1.75488803130621], [-45.4482318284706, -1.93029589391038], [-45.4043571595767, -2.03553203001846], [-45.3692574239225, -2.16706749968478], [-45.2815080861346, -2.1846047138415], [-45.1849838142085, -2.1846047138415], [-45.1060094105587, -2.17583613180732], [-45.0884595431808, -2.09691662733095], [-45.0796846090427, -1.95660555277528], [-45.0533598075266, -1.78997097237398], [-45.0007102044945, -1.65840658784784], [-44.9392856682226, -1.53560525587302], [-44.8252115289187, -1.48297392144165], [-44.7374621911307, -1.51806161954148], [-44.6409379192047, -1.5531487490987], [-44.5619635155549, -1.53560525587302], [-44.4829891110067, -1.46542986296074], [-44.4829891110067, -1.3952522702896], [-44.4127896405967, -1.37770754020581], [-44.3601400384629, -1.31629998087788], [-44.3601400384629, -1.21102639966892], [-44.3074904354308, -1.16716118018088], [-44.202191230265, -1.14961489864756], [-44.1495416272329, -1.12329527647719], [-44.0705672226848, -1.05310847135531], [-43.8950685471089, -1.03556151833349], [-43.807319209321, -1.02678800619162], [-43.7371197389109, -0.868860859617972], [-43.6844701358789, -0.754798189918102], [-43.651899264649, -0.732000498916578], [-43.6571331180905, -0.708689373774742], [-43.649370401123, -0.702152844173071], [-43.5967207980909, -0.614409306401335], [-43.5879458639528, -0.51788975805043], [-43.5616210633351, -0.438918113600909], [-43.5001965261649, -0.386269877519051], [-43.4826466587869, -0.316071730042096], [-43.508971460303, -0.254647958530139], [-43.5528461291969, -0.166899222165477], [-43.5528461291969, -0.0791500952332552], [-43.5177463944411, -0.0265005173289624], [-43.4826466587869, 0.0524738789387591], [-43.5001965261649, 0.140223084083302], [-43.508971460303, 0.201647344057201], [-43.5265213276809, 0.298170686395936], [-43.5001965261649, 0.385918451982575], [-43.4036722551371, 0.482439941106636], [-43.4299970557549, 0.62283231603812], [-43.4738717246488, 0.5789600610839], [-43.5528461291969, 0.517538338881337], [-43.693245070017, 0.464890673504534], [-43.8160941425608, 0.464890673504534], [-43.9301682818647, 0.570185568174297], [-44.1144418915787, 0.605283456618623], [-44.2109661635048, 0.649155495545027], [-44.3689149717027, 0.719349955614157], [-44.4391144421127, 0.684252853513517], [-44.5531885814167, 0.66670420580207], [-44.6672627207207, 0.684252853513517], [-44.6848125880986, 0.763220951429156], [-44.6935875222367, 0.850961574880291], [-44.7374621911307, 0.912378835933796], [-44.8427613962966, 0.991342336204289], [-45.0796846090427, 1.00011594436173], [-45.1498840794527, 1.07907734308903], [-45.2234506753977, 1.1788983280368], [-45.2288584831025, 1.21944800565923], [-45.3078328876506, 1.30717600578356], [-45.4131320928165, 1.39490094094401], [-45.4570067617104, 1.50016652781669], [-45.4394568943325, 1.6317413488303], [-45.4394568943325, 1.73699504113799], [-45.4394568943325, 1.83347245091938], [-45.4921064973646, 1.91240465734695], [-45.5272062321204, 1.99133323402307], [-45.4745566299867, 2.09656542910838], [-45.4394568943325, 2.21055897913369], [-45.3955822254385, 2.27193652402677], [-45.3341576891667, 2.36838165520493], [-45.2639582187567, 2.36838165520493], [-45.2639582187567, 2.30700824084234], [-45.2990579535125, 2.25440034584808], [-45.3078328876506, 2.15794763163753], [-45.2990579535125, 2.0877963453774], [-45.2464083513787, 2.02641139631224], [-45.2113086157246, 1.89486447562121], [-45.2200835498627, 1.80716093419632], [-45.2639582187567, 1.73699504113799], [-45.2200835498627, 1.68436890526043], [-45.1674339468306, 1.64928402284088], [-45.0709096749045, 1.55279744466616], [-44.9129608667066, 1.52648214728417], [-44.7023624563749, 1.52648214728417], [-44.6233880518267, 1.4913945846438], [-44.6146131176886, 1.42121779327563], [-44.5707384487946, 1.35981134818967], [-44.5005389783846, 1.35981134818967], [-44.4303395088729, 1.39490094094401], [-44.3864648390807, 1.46507854435846], [-44.3250403028088, 1.4913945846438], [-44.2849045469931, 1.51299871747777], [-44.2873580742061, 1.51696948873198], [-44.2548408323987, 1.5352539494387], [-44.2109661635048, 1.59665554252542], [-44.1846413619887, 1.64051270461553], [-44.1495416272329, 1.71945315682198], [-44.1407666930948, 1.85978358086355], [-44.1407666930948, 1.99133323402307], [-44.1583165604727, 2.0877963453774], [-44.1758664287489, 2.14917889613696], [-44.1821947113792, 2.20609230627508], [-44.1848280426846, 2.21168397787354], [-44.3342083585798, 2.29070663241791], [-44.4132920548604, 2.37850446351781], [-44.4308662099886, 2.48385446509531], [-44.4238307304476, 2.62442422041193], [-44.5093139125227, 2.69273715497869], [-44.6146131176886, 2.7015023686023], [-44.7637869926468, 2.71903260493491], [-44.8427613962966, 2.75409231180019], [-44.8515363304347, 2.84173703629825], [-44.9392856682226, 2.85050114648623], [-44.9919352712547, 2.78915098758179], [-45.0709096749045, 2.7365625865466], [-45.1674339468306, 2.7365625865466], [-45.3692574239225, 2.74532748176913], [-45.4131320928165, 2.71903260493491], [-45.4833315632265, 2.5437190475767], [-45.5798558351525, 2.55248530458591], [-45.5623059677746, 2.63137890791455], [-45.5447561003967, 2.69273715497869], [-45.5447561003967, 2.75409231180019], [-45.6149555708067, 2.78038641587646], [-45.7641294448665, 2.7015023686023], [-45.8957534515484, 2.64014455780558], [-45.9571779887186, 2.75409231180019], [-45.9308531872026, 2.90308439692552], [-45.9571779887186, 3.02576905371703], [-46.0186025249905, 3.02576905371703], [-46.0449273265066, 3.09586837444548], [-46.0449273265066, 3.14887791177752], [-46.0361523923685, 3.14843982705114], [-46.0010526576126, 3.25357472773011], [-46.0186025249905, 3.41125640853293], [-46.0888019954005, 3.53387989676424], [-46.1590014658106, 3.64773006597419], [-46.2028761347045, 3.71778456962434], [-46.2028761347045, 3.8753866957579], [-46.2994004057323, 3.91915990404382], [-46.2818505383543, 4.02420620817849], [-46.2467508035985, 4.10298206569138], [-46.1765513331885, 4.19925310421375], [-46.1151267969166, 4.26926096146811], [-46.2116510679443, 4.26051032602805], [-46.3959246776583, 4.27801149624548], [-46.3959246776583, 4.36551131756823], [-46.4222494791744, 4.46174933271306], [-46.4661241480683, 4.51423749721537], [-46.6416228236442, 4.52298515705385], [-46.6591726919205, 4.63669504275459], [-46.6983784713298, 4.69921621789755], [-46.7469220297084, 4.77662050238711], [-46.8522212348742, 4.87280274612612], [-46.8873209705284, 4.95148708468654], [-46.9311956394224, 5.02142086505829], [-46.9487455068003, 5.16126582356892], [-46.9311956394224, 5.30981730073459], [-46.7907966986024, 5.45833298968557], [-46.7732468312244, 5.58934573698676], [-46.7732468312244, 5.81636467145673], [-46.7556969629482, 5.89492698776599], [-46.6854974934365, 5.91238377509024], [-46.6591726919205, 5.97347818415972], [-46.5714233541325, 6.02583939717479], [-46.5363236184783, 5.9647508268692], [-46.4748990822065, 5.86001176719241], [-46.4134745450362, 5.86001176719241], [-46.3345001413864, 5.90365545062211], [-46.3081753398704, 5.99093248035573], [-46.3081753398704, 6.13054662954068], [-46.3432750755246, 6.22651021501252], [-46.4046996117964, 6.28756884049294], [-46.5187737511004, 6.34862029657272], [-46.6416228236442, 6.40966451567723], [-46.5889732215104, 6.46198232065128], [-46.4573492148285, 6.53173097018738], [-46.3783748102804, 6.64505174862118], [-46.3608249429025, 6.82805305636146], [-46.2116510679443, 6.92388307990094], [-46.0624771938845, 7.02840272013441], [-46.0361523923685, 7.14160579924679], [-46.0537022597464, 7.28959825364032], [-45.9747278560966, 7.49844533436759], [-45.8343289152765, 7.53324351809534], [-45.6588302397007, 7.6376212491637], [-45.5008814315027, 7.8810695657012], [-45.3868072921987, 7.92452754475779], [-45.3609594987935, 7.93150956557701], [-45.2902830202727, 7.95060013180193], [-45.1937587483466, 8.03749675848916], [-45.2551832846185, 8.06356212743595], [-45.296719604692, 8.09646130995951], [-45.3429326224065, 8.1330615508713], [-45.3429326224065, 8.21123399938818], [-45.3429326224065, 8.32412255464971], [-45.4482318284706, 8.34148714757588], [-45.5359811662586, 8.43697857583826], [-45.4833315632265, 8.54112411743558], [-45.4219070269546, 8.6192146402449], [-45.4131320928165, 8.74065667351341], [-45.3868072921987, 8.83604768700802], [-45.3341576891667, 8.91407653245609], [-45.2376334172406, 8.99208871504653], [-45.0182600727708, 9.00942247815832], [-44.8539499257367, 9.16313137138924], [-44.9129608667066, 9.19137650101633], [-45.0094851386326, 9.25200716298252], [-45.0621347416647, 9.34726278032272], [-45.0445848742868, 9.46845947838978], [-44.9305107349828, 9.58096101003701], [-44.9305107349828, 9.63287224778368], [-44.9392856682226, 9.71072412524098], [-44.9480606023607, 9.78855790561022], [-44.9217358008447, 9.83179102298165], [-44.8252115289187, 9.83179102298165], [-44.6672627207207, 9.90959637305725], [-44.6322629702526, 9.97854425337879], [-44.5970632503107, 10.0478713423242], [-44.6058381844488, 10.1515388246687], [-44.6409379192047, 10.2983435413275], [-44.666694446472, 10.3553569659601], [-44.7462371252688, 10.5313631865167], [-44.7550120585086, 10.7555861322179], [-44.6672627207207, 10.8331631291267], [-44.6058381844488, 10.9968706321166], [-44.6058381844488, 11.3670291190998], [-44.4103894948711, 11.5364839778294], [-44.4391144421127, 11.5734213754274], [-44.5093139125227, 11.7367074726929], [-44.5795133829328, 11.9170691137775], [-44.5882883170709, 12.0286616599647], [-44.5619635155549, 12.1487864662241], [-44.4917640451448, 12.2860055720562], [-44.4492933657848, 12.3638027894841], [-44.3952397732188, 12.3803022588723], [-44.4040147073569, 12.4231531464923], [-44.4215645747348, 12.4261776485035], [-44.4215645747348, 12.4402915262446], [-44.4909305540882, 12.4448073094923], [-44.5090656334496, 12.4626293779227], [-44.5521031605336, 12.4722441057806], [-44.6315315538634, 12.4751146764558], [-44.6595651046618, 12.5670033486539], [-44.6595651046618, 12.6452941458866], [-44.7725619258866, 12.6801094454896], [-44.7462371252688, 12.7485875823136], [-44.7471348332918, 12.7555921107598], [-44.7637869926468, 12.8854882271404], [-44.7988867274026, 12.9453587848647], [-44.821556761033, 12.9574096878245], [-44.8954109993287, 12.9966649656416], [-44.9041859334668, 13.0821516877895], [-44.8515363304347, 13.1505197412486], [-44.7988867274026, 13.2188687399144], [-44.7988867274026, 13.3102440082278], [-44.7988867274026, 13.3555092052972], [-44.8339864630568, 13.432335534718], [-44.8427613962966, 13.5603246986644], [-44.8425744164618, 13.5605428195754], [-44.7988867274026, 13.6115010990466], [-44.7374621911307, 13.6882449404119], [-44.6672627207207, 13.6882449404119], [-44.6058381844488, 13.5773847259613], [-44.5970632503107, 13.3896572684893], [-44.5874058247122, 13.3113536028178], [-44.5707384487946, 13.1761528537816], [-44.4566643094907, 13.1505197412486], [-44.3776899058409, 13.2359530012752], [-44.408451662615, 13.3182866613463], [-44.402590890208, 13.3215628155902], [-44.396098581495, 13.3844626585329], [-44.4742141777669, 13.6882449404119], [-44.5619635155549, 13.8757353696664], [-44.6233880518267, 14.1396689617949], [-44.6760376548588, 14.360796942142], [-44.6409379192047, 14.4967673990438], [-44.6848125880986, 14.6411446348817], [-44.7286872569926, 14.8193617580358], [-44.7023624563749, 14.9380918590993], [-44.6604449748382, 14.9947855929186], [-44.6146131176886, 15.0567563569638], [-44.5882883170709, 15.0143837401512], [-44.5531885814167, 14.9126552010037], [-44.5356387140388, 14.7939111035282], [-44.5307181902734, 14.7883607196944], [-44.5268637799007, 14.7175412426598], [-44.4478893762509, 14.6496344633208], [-44.3963505247962, 14.6714485917841], [-44.2723906997767, 14.6581239637974], [-44.2197410976429, 14.7090540497334], [-44.1767724057641, 14.7921592068725], [-44.1866204871036, 14.9729958079123], [-44.1781365577102, 15.0713237547218], [-44.271459781936, 15.1450399232733], [-44.3432400357177, 15.1598866483927], [-44.3513651043248, 15.1584162094274], [-44.3990477640475, 15.1497866062179], [-44.4303395088729, 15.1584162094274], [-44.4391144421127, 15.2176952531], [-44.3338152369469, 15.2684925896414], [-44.2109661635048, 15.293886651152], [-44.1588536919272, 15.3010675192193], [-44.1495416272329, 15.302350654988], [-44.0775182677757, 15.3231905831464], [-44.0617922894449, 15.3277406115017], [-44.0269562192082, 15.3669333579959], [-44.0091426864129, 15.3869718464052], [-43.9415918016, 15.4086805723018], [-43.9301682818647, 15.4123515076039], [-43.9213933486249, 15.2854223053905], [-43.9213933486249, 15.2594181458316], [-43.9213933486249, 15.1245350045651], [-43.8862936129708, 15.0652298691165], [-43.877518679731, 15.0313337967042], [-43.8248690766989, 14.9380918590993], [-43.789769341943, 15.0143837401512], [-43.7107949373949, 15.0567563569638], [-43.605495732229, 15.0991205456342], [-43.394897320999, 15.2684925896414], [-43.2598416286592, 15.4600056124764], [-43.2457234460409, 15.4800154415174], [-43.1316493067369, 15.4546440540853], [-43.140424240875, 15.3785112712166], [-43.1559456018486, 15.3261250310963], [-43.1579741082529, 15.3192776353337], [-43.1755239765292, 15.2176952531], [-43.152476637903, 15.167651128221], [-43.140424240875, 15.1414762846827], [-43.0789997046031, 15.1245350045651], [-43.0088002341931, 15.0567563569638], [-42.9737004985389, 14.9465700762199], [-43.000025300055, 14.8278446445948], [-43.0013970032393, 14.8241980460253], [-43.0497739385058, 14.8008134191573], [-43.0497739385058, 14.6531195560234], [-43.0243221503255, 14.5463897620518], [-42.914031067313, 14.5135394249685], [-42.8122239136938, 14.505326078578], [-42.7645671479091, 14.5161817366025], [-42.7329731918558, 14.5146376467335], [-42.7192274193132, 14.5139658689473], [-42.7192274193132, 14.4372905418979], [-42.701677551037, 14.3012838313871], [-42.657802882143, 14.2247438221394], [-42.4208796702953, 14.2502600452291], [-42.3594551331251, 14.3182891882284], [-42.0698823182452, 14.3352932578115], [-41.9470332448031, 14.4032966233853], [-41.8066343048814, 14.4457882109821], [-41.4293121513153, 14.4967673990438], [-41.2625884089792, 14.4542855545426], [-41.1474369983084, 14.4403468012368], [-40.9115910578275, 14.4117955893387], [-40.7624171828693, 14.4117955893387], [-40.7097675807356, 14.3522960369956], [-40.7273174481135, 14.2417549582198], [-40.7799670511456, 14.1311597225532], [-40.9115910578275, 14.1141402888553], [-40.9730155940994, 14.0545622674693], [-40.9730155940994, 13.9183257789727], [-41.0256651971315, 13.7564406810542], [-41.0870897334034, 13.6626664344268], [-41.1147398805435, 13.5350102325268], [-41.1221894690575, 13.5006049621627], [-41.0870897334034, 13.4835394323736], [-41.0595961275829, 13.4835394323736], [-40.9730155940994, 13.4835394323736], [-40.7975169185235, 13.4408702780998], [-40.7009926465974, 13.3640466741564], [-40.6834427792195, 13.2530360645305], [-40.5956934414316, 13.2103261599555], [-40.3938699643397, 13.1505197412486], [-40.2446960893815, 13.124883949134], [-40.2446960893815, 13.0479605447135], [-40.3148955597915, 12.9881146703983], [-40.3587702286855, 12.9197017310094], [-40.3499952954457, 12.7143508225453], [-40.3499952954457, 12.5259664342899], [-40.2885707582755, 12.4317224771923], [-40.2797958250357, 12.2688570805555], [-40.0955222153217, 11.9943304041039], [-40.0253227449117, 11.6937467632699], [-40.0340976781515, 11.3670291190998], [-40.0955222153217, 10.8934869071598], [-40.1920464863494, 10.5572434593555], [-40.2622459567595, 10.3932984840136], [-40.2095963546257, 10.2638073661171], [-40.1218470168378, 10.2206318476473], [-39.9726731418796, 10.1342632337835], [-39.7796245989258, 10.0392308798769], [-39.5953509892118, 10.0392308798769], [-39.3847525779818, 10.1947237187648], [-39.1566042993738, 10.3932984840136], [-38.8319317488398, 10.522735946259], [-38.5903430611055, 10.6474116759347], [-38.5793374214707, 10.6642714744194], [-38.5160341324439, 10.7038570390925], [-38.3668602583841, 10.7986869371109], [-38.2615610523199, 10.8590176693632], [-38.1825866486701, 10.9451832790547], [-38.340535456868, 10.9365678419922], [-38.498484265066, 10.9624134005405], [-38.5774586687158, 11.0054843106984], [-38.6037834702318, 11.0916072199836], [-38.480934397688, 11.1174391541773], [-38.3493103901078, 11.194921206122], [-38.2615610523199, 11.298198334775], [-38.2352362508039, 11.4616442919994], [-38.1913615819099, 11.5304354500002], [-38.059737575228, 11.5906138977755], [-37.9368885017859, 11.6335905719923], [-37.8403642307581, 11.6679671352279], [-37.8403642307581, 11.7882514889155], [-37.9983130389561, 11.9857469062796], [-38.086062376744, 12.0887308060645], [-38.129937045638, 12.1916750754364], [-38.244011184942, 12.2602824156933], [-38.3493103901078, 12.3888729994602], [-38.4019599931399, 12.4831325254975], [-38.4721594635499, 12.5944858835679], [-38.4787248816523, 12.6058218715672], [-38.524809066582, 12.6373012506848], [-38.5335839998218, 12.731469780206], [-38.4195098605178, 12.7485875823136], [-38.0070879721959, 12.731469780206], [-37.805264495104, 12.6373012506848], [-37.6385407536662, 12.6373012506848], [-37.5332415476021, 12.5859219511146], [-37.48059194457, 12.457428775168], [-37.3752927394041, 12.3717312359769], [-37.2875434016162, 12.3545883475035], [-37.2348937985841, 12.2345567494884], [-37.1559193949343, 12.0887308060645], [-37.0593951230082, 12.0286616599647], [-36.9858079242021, 11.9854753096073], [-36.9757998672836, 11.9933010538087], [-36.9365460495661, 11.9514101885792], [-36.8312468444002, 11.9170691137775], [-36.6820729694421, 11.9342401954092], [-36.4977993606264, 12.0629885339926], [-36.4100500219402, 12.1144706012875], [-36.2959758826362, 12.1487864662241], [-36.0590526707884, 12.1487864662241], [-35.9537534647243, 12.1830979082006], [-35.8660041269363, 12.2602824156933], [-35.8045795906644, 12.3888729994602], [-35.7080553187384, 12.5430980072031], [-35.6290809150886, 12.6287387508459], [-35.4448073053746, 12.6972307099053], [-35.3395080993104, 12.7742621160794], [-35.2755933324596, 12.8203299803093], [-35.2635722659737, 12.805527791718], [-35.2078840926285, 12.8598250306381], [-35.1113598207024, 12.8769341199192], [-34.9709608807807, 12.8769341199192], [-34.8744366088547, 12.902595564089], [-34.6989379323805, 12.9111487943309], [-34.5497640583207, 12.8683797216087], [-34.4532397863946, 12.7999340416975], [-34.3303907138508, 12.6972307099053], [-34.1987667062706, 12.5430980072031], [-33.9618434944228, 12.2945793992066], [-33.7951197520868, 12.1058909447651], [-33.6898205469209, 12.0114965791379], [-33.6810456127828, 11.8913104570934], [-33.7424701490547, 11.8483739444145], [-33.8126696194647, 11.7710712232477], [-33.8214445536028, 11.7109318483411], [-33.7600200173309, 11.6164006974812], [-33.7073704142988, 11.5562277965394], [-33.5406466719628, 11.4616442919994], [-33.4704472015527, 11.3756318008794], [-33.417797599419, 11.2809880533175], [-33.4002477311427, 11.1518781727765], [-33.3826978637648, 11.0571610906252], [-33.3388231948708, 10.9624134005405], [-33.2422989229448, 10.8417815578334], [-33.1545495851568, 10.7383440847343], [-33.1106749162629, 10.6693660683746], [-33.0843501147468, 10.5744957651983], [-33.0668002473689, 10.4709674404477], [-33.1018999830231, 10.3415084396485], [-33.0404754458529, 10.272441764051], [-32.935176240687, 10.2638073661171], [-32.8689356762768, 10.2591515770166], [-32.8187137379607, 10.2724284902824], [-32.8036712482038, 10.324229045523], [-32.7238003977657, 10.3121399373783], [-32.7102801760213, 10.3100934954733], [-32.6384408903489, 10.2181969956994], [-32.5809694614517, 10.119201820449], [-32.5306819613912, 10.0484722689293], [-32.4588426748205, 10.0272503802601], [-32.3726355314747, 10.0979845861907], [-32.3007962458024, 10.1969863289548], [-32.2002212447831, 10.2323366546829], [-32.121198030274, 10.3312965814919], [-32.0062551724795, 10.4514203048894], [-31.9200480291337, 10.5220596582285], [-31.8841283867467, 10.6209275613777], [-31.8769444579099, 10.6915279273418], [-31.9559676724191, 10.6985870627741], [-32.0565426734383, 10.7056460338968], [-32.1499337447226, 10.7338802723426], [-32.2576926736803, 10.8115108098257], [-32.2505087457419, 10.8961757617641], [-32.2002212447831, 10.9667115037404], [-32.1427498167842, 11.0442813860157], [-32.0278069589897, 11.1288796999602], [-31.9559676724191, 11.1641217577923], [-31.9344158868072, 11.2698222139164], [-31.9344158868072, 11.3261799299359], [-31.9344158868072, 11.4177375187473], [-31.9322081835716, 11.4307212983027], [-31.9272319579704, 11.4599849178226], [-31.9631516012558, 11.5092655683485], [-31.9703355300925, 11.6570556052909], [-31.9344158868072, 11.7485053437757], [-31.9344158868072, 11.8188306576819], [-31.8769444579099, 11.8328935573056], [-31.8194730290127, 11.7836702511728], [-31.7476337433404, 11.6992669338751], [-31.6973462423816, 11.6500197592654], [-31.5895873134239, 11.6500197592654], [-31.4890123133029, 11.6992669338751], [-31.4459087411808, 11.7977349550496], [-31.4746444556294, 11.9383421956413], [-31.4746444556294, 12.1139986093509], [-31.503380170078, 12.205294394477], [-31.5177480277515, 12.2755005279237], [-31.4890123133029, 12.3246336939884], [-31.3165980266112, 12.2825201139683], [-31.1729194543682, 12.2544406482835], [-31.0938962398591, 12.1350696483955], [-31.0579765965738, 12.0296978493362], [-30.9861373109014, 11.8750779124655], [-30.9789533820647, 11.7344381224566], [-30.871194453107, 11.6359475337671], [-30.7849873097612, 11.6007638565356], [-30.6987801664153, 11.5233441712683], [-30.5982051662944, 11.4599849178226], [-30.4401587363778, 11.4247791897731], [-30.3252158794817, 11.4247791897731], [-30.253376592911, 11.3966114582595], [-30.253376592911, 11.2839126812338], [-30.3036640929715, 11.1852649397374], [-30.3323998074201, 11.086583602953], [-30.3323998074201, 10.9596586846021], [-30.3252158794817, 10.7973976557934], [-30.353951593032, 10.6985870627741], [-30.4114230219292, 10.6138666253623], [-30.5048140941118, 10.5291227060635], [-30.5335498085604, 10.4726138027216], [-30.562285523009, 10.345431178333], [-30.6053890942328, 10.2252669038708], [-30.6844123096402, 10.154560760827], [-30.7634355241493, 10.1474892847922], [-30.8209069530465, 10.1687032429562], [-30.770619452986, 10.2606140813711], [-30.7418837385374, 10.324229045523], [-30.7634355241493, 10.4160945955837], [-30.8424587386584, 10.4655494640083], [-30.9502176676161, 10.5361855920723], [-31.0436087397986, 10.5503108773134], [-31.0651605254105, 10.4231600583702], [-31.1082640975326, 10.1969863289548], [-31.1226319543077, 10.0343244977279], [-31.1657355255315, 9.91404357259334], [-31.1585515975931, 9.7654003545412], [-31.115448025471, 9.63085639256335], [-31.115448025471, 9.53168437560583], [-31.0507926686354, 9.46082955285002], [-30.8855623098821, 9.3970477219573], [-30.7634355241493, 9.31907619859814], [-30.7418837385374, 9.24817787897369], [-30.7418837385374, 9.19144893063708], [-30.770619452986, 9.0566813469374], [-30.770619452986, 8.95025014425899], [-30.770619452986, 8.85088624801393], [-30.7275158808639, 8.77989558659376], [-30.562285523009, 8.708891336531], [-30.4042390939908, 8.67338414935792], [-30.2318248072992, 8.59525654038729], [-30.0665944494442, 8.45316517785705], [-29.9588355204866, 8.33234629623778], [-29.9013640915893, 8.25414945007886], [-29.8575164691719, 8.20753897511785], [-29.854847999366, 8.21196369955163], [-29.8223408770802, 8.1261576375488], [-29.5996390894298, 8.0408070361879], [-29.4631444460235, 7.95543846999444], [-29.2907301602302, 7.84870278246546], [-29.168603373599, 7.80600081083395], [-29.0536605158045, 7.83446927847415], [-28.9530855156836, 7.89140036834352], [-28.9387176580101, 7.99101087744586], [-28.9459015868468, 8.16882614386106], [-28.9099819435615, 8.36077764600118], [-28.8381426578891, 8.51711282543507], [-28.7016480144828, 8.63787360606687], [-28.5938890846268, 8.73019403157625], [-28.4358426556086, 8.80829348782852], [-28.3280837266509, 8.86508274093829], [-28.2839653493119, 8.88520126777977], [-28.2346926544684, 8.90766892284311], [-28.0694622966134, 8.99282638313526], [-27.918599796432, 9.04958690942776], [-27.810840866576, 9.09924502609564], [-27.6887140808431, 9.14180364253941], [-27.609690866334, 9.25526835501014], [-27.466012294091, 9.3970477219573], [-27.3941730075203, 9.46791569432956], [-27.2648622929507, 9.53168437560583], [-27.1786551496049, 9.52459955415247], [-27.0780801494839, 9.48917324056199], [-27.01342479175, 9.43248352842792], [-26.9812934760701, 9.39103127405629], [-26.97730264664, 9.39604879690991], [-26.9631372916895, 9.32616524092945], [-26.8841140771804, 9.27653892745458], [-26.7907230049979, 9.24817787897369], [-26.6254926471429, 9.26235868894956], [-26.4674462172264, 9.30489768312399], [-26.3093997882082, 9.34743150237373], [-26.2231926448624, 9.44665683186314], [-26.1369855015166, 9.51042946860197], [-26.0148587157837, 9.55293795961671], [-25.9286515724379, 9.56002219204793], [-25.7921569290316, 9.58127400646639], [-25.6772140712372, 9.62377363916645], [-25.555087284606, 9.69459447220224], [-25.4042247844245, 9.82911277811889], [-25.3180176410787, 9.92819657072795], [-25.1743390688357, 10.0626194202376], [-24.9660051388587, 10.2676830438247], [-24.8223265666156, 10.3878311446921], [-24.7001997808828, 10.4867419970539], [-24.5565212086397, 10.6209275613777], [-24.4631301364572, 10.7338802723426], [-24.3841069219481, 10.7832838396237], [-24.3194515642141, 10.7409384194851], [-24.2404283497051, 10.6421093890935], [-24.1254854919106, 10.4443554838078], [-24.0320944206264, 10.3383639594245], [-23.9998400474307, 10.2907642685733], [-23.9777751234673, 10.2991141512562], [-23.9674390628925, 10.3030254824842], [-23.8165765618126, 10.3878311446921], [-23.6728979895696, 10.4443554838078], [-23.4932997749396, 10.4867419970539], [-23.4070926315937, 10.5714975902131], [-23.3352533459214, 10.8961757617641], [-23.3137015594112, 11.0654332584205], [-23.3137015594112, 11.1923123246643], [-23.3424372738598, 11.3754838265976], [-23.3496212026965, 11.5092655683485], [-23.2921497737993, 11.5937265882123], [-23.2131265592902, 11.6500197592654], [-23.0981837014958, 11.6992669338751], [-22.9257694148041, 11.7133359464033], [-22.7318033425006, 11.6922321588399], [-22.5019176269117, 11.6500197592654], [-22.2073765544872, 11.6711267625068], [-21.9343872676746, 11.7414718228474], [-21.79789262337, 11.8047670366285], [-21.6254783375766, 11.9172557385755], [-21.4674319076601, 12.0507755255284], [-21.3740408363759, 12.1701843412932], [-21.2806497641933, 12.3386700518138], [-21.1369711919503, 12.4789921347799], [-21.0220283341559, 12.5982061707489], [-20.9070854763614, 12.7103570073632], [-20.899901548423, 12.8924963788772], [-20.8927176195863, 12.9765161425974], [-20.7993265474037, 13.1374745449684], [-20.6771997616709, 13.2074236331921], [-20.5909926183251, 13.2703606856036], [-20.5550729750397, 13.382208484265], [-20.5263372605911, 13.5009898715841], [-20.5047854749792, 13.5987654880581], [-20.4616819028572, 13.661599953156], [-20.3611069027362, 13.7244176726682], [-20.3561120685339, 13.7280118842767], [-20.3323711882876, 13.7593091447947], [-20.1599569015959, 13.856977551146], [-19.9372551148438, 13.9406606644846], [-19.6498979703577, 13.9755196871669], [-19.4487479701158, 14.024313449618], [-19.297885469036, 14.0800650414256], [-19.1326551111811, 14.1288365269958], [-18.9530568956527, 14.1079357392842], [-18.7231711800638, 14.0800650414256], [-18.5723086798824, 14.0034031059744], [-18.5076533221484, 13.870926836156], [-18.4645497509247, 13.8290764693876], [-18.2993193930698, 13.822100676708], [-18.1412729631532, 13.7313963828611], [-18.0406979630323, 13.6127301454723], [-17.9257551052378, 13.3891972521617], [-17.7677086762197, 13.1584613692217], [-17.6743176040371, 12.8854934559071], [-17.6527658184252, 12.6963408505693], [-17.6527658184252, 12.6192382035089], [-17.5521908174059, 12.6052170396176], [-17.3941443883878, 12.6262484974554], [-17.2720176017566, 12.5491247204543], [-17.2145461728593, 12.4298880116317], [-17.2073622449209, 12.2123158473122], [-17.2289140305328, 11.9664549193948], [-17.1355229583503, 11.7836702511728], [-17.0062122437807, 11.5937265882123], [-16.9990283149439, 11.1288796999602], [-16.9990283149439, 10.7762266827232], [-16.9702926004953, 10.6562297909187], [-16.8194301003139, 10.4867419970539], [-16.5536247414397, 10.2323366546829], [-16.4171300980334, 10.0909118633716], [-16.4040997141387, 10.0678191654796], [-16.345290812361, 9.96357638849729], [-16.3093711690757, 9.87865840436003], [-16.1728765256694, 9.84326943006831], [-15.993278310141, 9.75832044194355], [-15.8783354523465, 9.62377363916645], [-15.8495997378979, 9.43957025345269], [-15.8424158090612, 9.24108725917263], [-15.8639675955714, 9.09924502609564], [-15.8639675955714, 9.0424923320043], [-15.8424158090612, 9.01411262618029], [-15.7059211656549, 9.01411262618029], [-15.3467247354964, 8.99282638313526], [-15.2102300920901, 9.01411262618029], [-15.0306318774601, 9.14889625063994], [-14.8510336619317, 9.31907619859814], [-14.6426997319547, 9.48917324056199], [-14.49902116061, 9.58835764819176], [-14.3194229450816, 9.81495551924802], [-14.2691354450211, 9.93527284082743], [-14.1972961584504, 10.1262739207105], [-14.1110890151046, 10.2606140813711], [-13.9889622293718, 10.3666318789913], [-13.8883872283525, 10.409028973514], [-13.6872372281105, 10.4514203048894], [-13.6369497271517, 10.4726138027216], [-13.6297657992133, 10.7268219594914], [-13.593846155928, 10.9102842506836], [-13.4789032981335, 11.0583828038143], [-13.4214318692363, 11.1852649397374], [-13.4142479403996, 11.3613978686795], [-13.3208568691154, 11.5514992596678], [-13.220281868096, 11.6922321588399], [-13.1628104391988, 11.7485053437757], [-13.1613577088742, 11.7491826272003], [-13.0119479390174, 11.8188306576819], [-12.7820622234285, 11.8961676426877], [-12.4947050789424, 11.9734826431743], [-12.2217157921298, 12.036723925144], [-12.0205657909895, 12.0999503266055], [-11.8553354331346, 12.1420929570919], [-11.7403925753402, 12.1701843412932], [-11.4817711453027, 12.1701843412932], [-11.2015979296534, 12.1772067237553], [-11.0579193583086, 12.1772067237553], [-10.9501604284526, 12.2403997945], [-10.8567693571684, 12.2614607954198], [-10.7059068560886, 12.2474203143175], [-10.576596141519, 12.2123158473122], [-10.3898139980522, 12.1701843412932], [-10.289238997033, 12.1350696483955], [-10.2676872114211, 12.0507755255284], [-10.3754461403788, 11.9453706504972], [-10.4041818548274, 11.8610171855071], [-10.289238997033, 11.825862197833], [-10.1096407824029, 11.706301529177], [-9.9587782813231, 11.5866891434393], [-9.82946756675351, 11.4388620061864], [-9.70015685128562, 11.2839126812338], [-9.57803006555276, 11.1993595380796], [-9.49900685014537, 11.1711696566395], [-9.38406399235095, 11.1147816825142], [-9.34096042112719, 11.0442813860157], [-9.35532827880063, 10.9667115037404], [-9.49182292220696, 10.7973976557934], [-9.70015685128562, 10.7056460338968], [-9.92285863803775, 10.6138666253623], [-10.0110393800628, 10.5098425420154], [-10.0306175669955, 10.4867419970539], [-10.1671122104018, 10.324229045523], [-10.2102157825238, 10.2323366546829], [-10.2102157825238, 10.105057153527], [-10.2030318536871, 10.0201761092381], [-10.0809050679543, 10.0131016829971], [-9.98033006693498, 10.0131016829971], [-9.93722649571123, 9.94234895696233], [-9.96596221015984, 9.78663918763651], [-10.0378014958322, 9.72291862503063], [-10.1096407824029, 9.63085639256335], [-10.0809050679543, 9.56002219204793], [-9.99469792460845, 9.60960768796772], [-9.879755066814, 9.65210376002589], [-9.74326042340771, 9.67334978751774], [-9.57084613671606, 9.65210376002589], [-9.44871935008487, 9.60960768796772], [-9.41279970679956, 9.50334420560134], [-9.39843185002439, 9.21981454444555], [-9.34814434996393, 9.17017322791024], [-9.24038542100621, 9.10633848124107], [-9.19728184888413, 9.0424923320043], [-9.18291399210899, 8.90766892284311], [-9.10389077670159, 8.80829348782852], [-9.06078720547783, 8.72309326881025], [-9.04641934870269, 8.64497598300134], [-9.04641934870269, 8.54553057640139], [-9.02486756219248, 8.4815876688076], [-8.9171086332348, 8.51711282543507], [-8.81653363311382, 8.52421746156563], [-8.68722291764593, 8.49579812675933], [-8.56509613191307, 8.46027099754162], [-8.48607291740397, 8.3252381354239], [-8.47888898856724, 8.25414945007886], [-8.41423363083331, 8.16882614386106], [-8.37113005960955, 8.14038097860592], [-8.26337113065184, 8.15460381373664], [-8.177163987306, 8.16171504208945], [-8.08377291512346, 8.16171504208945], [-8.02630148622623, 8.16882614386106], [-7.93291041404369, 8.2612588956468], [-7.86107112837132, 8.33945432789836], [-7.81078362831083, 8.37499254337814], [-7.71020862729156, 8.37499254337814], [-7.62400148394572, 8.38920692246218], [-7.60244969833384, 8.46737668614756], [-7.60963362717058, 8.54553057640139], [-7.68865684167968, 8.60235971820595], [-7.724576484965, 8.70179016811862], [-7.71739255612829, 8.79409480894813], [-7.64555327045593, 8.85798456299988], [-7.54497826943662, 8.92896015504611], [-7.45158719815237, 8.97863485834356], [-7.39411576925518, 9.0424923320043], [-7.4300354116422, 9.10633848124107], [-7.52342648382474, 9.14889625063994], [-7.56653005504849, 9.1985405467365], [-7.56653005504849, 9.43248352842792], [-7.60244969833384, 9.53876905084749], [-7.65273719839433, 9.60252448949051], [-7.73176041380173, 9.64502145265539], [-7.78204791386222, 9.72999928888184], [-7.79641577063736, 9.90696684388257], [-7.83951934275945, 10.0909118633716], [-7.94009434288043, 10.2323366546829], [-7.96883005732904, 10.3171613498543], [-8.0220040977223, 10.3582627499606], [-8.06940505744999, 10.3948972475226], [-8.19153184408117, 10.4443554838078], [-8.32084255865073, 10.4938058515821], [-8.39986577405813, 10.5149964495541], [-8.45733720295536, 10.6491696717991], [-8.45733720295536, 10.7691693603771], [-8.50044077417911, 10.8750117742175], [-8.53636041746446, 10.9384992197358], [-8.48607291740397, 11.0231279902743], [-8.34957827309935, 11.1711696566395], [-8.23463541620323, 11.2486852192937], [-8.10532470073533, 11.333223865181], [-7.9616461284923, 11.3754838265976], [-7.8035996994741, 11.4036536524482], [-7.65992112723107, 11.3754838265976], [-7.55934612711009, 11.3261799299359], [-7.36538005480657, 11.3261799299359], [-7.29354076823587, 11.3261799299359], [-7.22888541140024, 11.2909576547992], [-7.19692885756902, 11.2517824190569], [-7.19062733125948, 11.2581898793764], [-7.15704612482957, 11.1923123246643], [-7.02773541025998, 11.1218307769213], [-6.95589612368932, 11.0795336576517], [-6.97744791019949, 10.9455525429379], [-6.99899969581137, 10.8820666031712], [-6.94871219575091, 10.8256232991308], [-6.86968898034348, 10.7762266827232], [-6.69727469455017, 10.6844686285859], [-6.5535961223071, 10.5361855920723], [-6.43146933567595, 10.3878311446921], [-6.35244612116685, 10.3595651377785], [-6.30215862110636, 10.2888889819815], [-6.28779076343292, 10.119201820449], [-6.2590550489843, 10.0484722689293], [-6.21595147776055, 10.0060271025263], [-6.21595147776055, 9.90696684388257], [-6.17284790563846, 9.86450327028331], [-6.11537647674127, 9.83619117945798], [-5.98606576217168, 9.85034752896], [-5.93577826211119, 9.89988996251069], [-5.73462826097093, 9.90696684388257], [-5.48319075977019, 9.91404357259334], [-5.36106397313903, 9.96357638849729], [-5.28922468746666, 10.0413984606525], [-5.21738540089597, 10.0838389851739], [-5.05215504304106, 10.0979845861907], [-4.81508539951378, 10.1262739207105], [-4.67859075610746, 10.1616320805445], [-4.59238361276165, 10.2040567085793], [-4.5564639694763, 10.324229045523], [-4.59956754159839, 10.4372905030278], [-4.5564639694763, 10.4938058515821], [-4.51336039825255, 10.5291227060635], [-4.4774407549672, 10.6421093890935], [-4.46307289729376, 10.7762266827232], [-4.46307289729376, 10.8820666031712], [-4.38404968278466, 10.9102842506836], [-4.26910682499021, 10.9808166372333], [-4.19008361048114, 11.0442813860157], [-4.08950861036016, 11.1006829826506], [-3.98893360934088, 11.1147816825142], [-3.89554253805664, 11.1288796999602], [-3.83807110915941, 11.2345930271334], [-3.83088718032268, 11.3543546282792], [-3.77341575142545, 11.4318206850331], [-3.60100146473381, 11.5726137205507], [-3.50042646461283, 11.6711267625068], [-3.36393182120653, 11.7485053437757], [-3.27054074902396, 11.7977349550496], [-3.10531039116905, 11.8539865497609], [-3.00473539104807, 11.8891379147552], [-2.88979253325365, 11.994564719934], [-2.66709074650152, 12.1350696483955], [-2.45157288768779, 12.2825201139683], [-2.30071038750632, 12.3527056583817], [-2.15703181526329, 12.4649633343652], [-2.09956038636606, 12.5911951092699], [-1.99898538624512, 12.7594074593522], [-1.94151395734789, 12.8924963788772], [-1.89122645638907, 12.9625148145683], [-1.89122645638907, 13.0675055188509], [-1.93433002851115, 13.1374745449684], [-1.95588181412303, 13.2913360839789], [-1.92714609967442, 13.4101623371196], [-1.87685859961393, 13.5149602771695], [-1.79783538510486, 13.6197121656016], [-1.70444431292228, 13.7872185773133], [-1.64545994591515, 13.8444964192046], [-1.58950145512787, 13.8988228888106], [-1.52484609829223, 13.9824908589741], [-1.45300681172154, 14.024313449618], [-1.37398359721243, 14.0312831410367], [-1.3021443115401, 13.9964325680388], [-1.2397608246007, 13.9312357086823], [-1.20875323935753, 13.8988228888106], [-1.1512818104603, 13.7593091447947], [-1.10817823833825, 13.6336755873435], [-1.01478716705401, 13.4730466092017], [-0.885476451586116, 13.382208484265], [-0.741797880241382, 13.3332814374688], [-0.67714252250742, 13.2633684832399], [-0.590935379161615, 13.2353976642121], [-0.481739664077233, 13.2353976642121], [-0.475992521367163, 13.2423906705579], [-0.426020313801732, 13.2569832623026], [-0.332313949124132, 13.2843444856343], [-0.167083591269224, 13.3402716221212], [-0.0234050190261599, 13.3891972521617], [0.228032482174587, 13.4101623371196], [0.378894982356023, 13.3472616054236], [0.565677126721139, 13.2843444856343], [0.824298555860291, 13.2843444856343], [0.953609271328214, 13.3402716221212], [1.07573605706104, 13.382208484265], [1.17631105808035, 13.4031741782502], [1.41338070160762, 13.4101623371196], [1.65763427486996, 13.4171502927839], [1.8803360616221, 13.4730466092017], [2.03119856180353, 13.5568665768701], [2.19642891965848, 13.6476381828731], [2.39757892079873, 13.7383748853547], [2.49815392181801, 13.7802415314387], [2.75677535095716, 13.8081484628113], [3.0010289242195, 13.8151246741927], [3.1375235676258, 13.8500025952913], [3.30993785431748, 13.8779011642448], [3.34585749670449, 13.9615767112301], [3.41051285443842, 14.0521909428092], [3.49671999778426, 14.1636669080156], [3.60447892674194, 14.2124204626051], [3.76252535576015, 14.2193843996189], [3.98522714251228, 14.2611635125988], [4.13608964359205, 14.3238176603647], [4.27976821583511, 14.386454318774], [4.40907893040467, 14.4560300079289], [4.53120571703583, 14.5186295147593], [4.63896464599354, 14.650725796033], [4.71798786050264, 14.7480090188659], [4.7610914326247, 14.914678998102], [4.78982714707331, 15.0187822913189], [4.86885036158241, 15.060409424163], [4.96224143286666, 15.0534721330139], [5.04126464827406, 14.9910263596203], [5.0556325050492, 14.9424448180478], [5.09873607717128, 14.8383045297743], [5.14183964839504, 14.8105252996925], [5.18494321961879, 14.914678998102], [5.2136789340674, 14.9771470434441], [5.23523072057758, 15.0534721330139], [5.27115036296463, 15.1505736054566], [5.27833429180133, 15.2892126701325], [5.3717253639839, 15.358497883492], [5.49385214971676, 15.4693063350691], [5.63034679402139, 15.6284895386273], [5.70937000853046, 15.7391528376421], [5.78839322303956, 15.7944619342704], [5.86023250871193, 15.8497559323813], [5.86023250871193, 15.9257604395317], [5.78839322303956, 15.967205329784], [5.76684143742768, 16.0362610803284], [5.78839322303956, 16.1052929156188], [5.86741643754866, 16.1812002039088], [5.88896822316054, 16.2846631097948], [5.83149679426331, 16.3742868482721], [5.73092179414233, 16.4156377761802], [5.68781822202028, 16.463869413265], [5.68781822202028, 16.5327509349604], [5.78120929420282, 16.5809533851903], [5.83149679426331, 16.6566756924335], [5.84586465193679, 16.7598851258931], [5.88178429522213, 16.9180308010877], [5.85304858077352, 16.9798778404097], [5.74528965091751, 17.041704500699], [5.55850750745069, 17.0691764584564], [5.5082200073902, 17.1035107184203], [5.52977179300208, 17.158432363383], [5.65189857963327, 17.179023793035], [5.78120929420282, 17.2750868465405], [5.8746003663854, 17.3779559879457], [5.96799143766964, 17.3985228932384], [6.07575036752566, 17.3642434332875], [6.14758965319802, 17.3230996161449], [6.2553485821557, 17.3162414163455], [6.45649858329596, 17.3368152466781], [6.70793608449671, 17.4053780147111], [6.80851108461769, 17.4944711618834], [6.90908608563696, 17.5150249278845], [7.00247715692121, 17.4807673600968], [7.1246039435524, 17.2888060593823], [7.14615572916427, 17.1858870949776], [7.23236287251008, 17.158432363383], [7.39759323036502, 17.1858870949776], [7.46224858809895, 17.2888060593823], [7.56282358821993, 17.3299575590469], [7.64184680362733, 17.3162414163455], [7.74242180374831, 17.2682268578053], [7.75678966052345, 17.1996129351288], [7.60592716034198, 17.1241082364625], [7.54845573144479, 17.055440985141], [7.51972001699617, 16.9592644210787], [7.36885751591641, 16.938648740784], [7.26828251579543, 16.8836625533754], [7.23954680134681, 16.7667637678756], [7.14615572916427, 16.6566756924335], [7.04558072904329, 16.5947232984702], [6.9952932289828, 16.5327509349604], [7.00966108575794, 16.4432001788431], [7.1246039435524, 16.332927150536], [7.23954680134681, 16.2639748829103], [7.29701823024404, 16.1949983991647], [7.27546644463216, 16.0431653409182], [7.2898343014073, 15.953391318565], [7.31138608701918, 15.8912164936365], [7.29701823024404, 15.7668092703081], [7.22517894367334, 15.6769121153326], [7.26109858695869, 15.6146524116323], [7.39040930242658, 15.6423257300058], [7.53408787377131, 15.7184080437147], [7.64903073156573, 15.7529815242602], [7.6633985892392, 15.6492434753633], [7.59155930266854, 15.6008143514951], [7.59155930266854, 15.5246883564647], [7.72805394697317, 15.5454527840296], [7.90046823276648, 15.5869753572294], [8.00822716172419, 15.5523737951554], [8.09443430507003, 15.4969992011131], [8.20937716286445, 15.4346850432363], [8.26684859176168, 15.4346850432363], [8.3817914495561, 15.5108442425658], [8.46799859290194, 15.6077334987007], [8.58294145069635, 15.6561609867542], [8.68351645081733, 15.6561609867542], [8.82001109422366, 15.6215710919273], [8.93495395201808, 15.6215710919273], [9.0498968098125, 15.6630782640855], [9.15047181083181, 15.6838286899276], [9.27978252540137, 15.7045770058898], [9.43064502648117, 15.7529815242602], [9.52403609776541, 15.7737227891978], [9.55676288508753, 15.7806360733155], [9.56812672075533, 15.7806360733155], [9.63937239429809, 15.8198096683944], [9.890362185941, 15.8307858815261], [10.1185347244515, 15.7813882314172], [10.2497339340053, 15.6825568463844], [10.3980460847557, 15.6496023968825], [10.4893150999803, 15.6441094726237], [10.7231919522231, 15.6166426367244], [10.8886170423737, 15.4957449094623], [10.9513644907336, 15.3582752551187], [10.9969989978967, 15.2152106621271], [11.1567197752134, 15.1491480087539], [11.2879189847671, 15.0279796236416], [11.3050319250656, 14.8902047521605], [11.4191181943208, 14.7909522205809], [11.6358821062652, 14.69717201033], [11.665398437831, 14.6146770532101], [11.6872209271605, 14.5536656251028], [11.7499683755204, 14.3879653584762], [11.9382107197018, 14.2442589019103], [12.1093401235847, 14.1557785967556], [12.269060900003, 14.1281214213612], [12.3945557967228, 14.1723712859712], [12.4655069737693, 14.2282576276206], [12.4858248119474, 14.2442589019103], [12.6626585295625, 14.2829581440541], [13.136116546882, 14.3271777009752], [13.4213322200202, 14.3271777009752], [13.6438004447984, 14.3327045336799], [13.744314381938, 14.3215744974367], [13.7743932160769, 14.3303175458219], [13.9151333307536, 14.3240479887639], [14.019951995633, 14.2224649951176], [14.0659196412225, 14.1779019122274], [14.1571886564471, 14.1723712859712], [14.2940921797331, 14.277430087597], [14.3212535238827, 14.3114918047754], [14.3910655086899, 14.3990158843049], [14.5222647182436, 14.5205354759982], [14.6591682415296, 14.5867908015075], [14.7903674510833, 14.5978314207261], [14.921566660637, 14.619910994888], [14.9900184218309, 14.7633740012186], [15.02994861616, 14.8626391759904], [15.2238952740736, 14.8846919186341], [15.4007289916888, 14.8295558394605], [15.514815260944, 14.6916542704878], [15.6460144704978, 14.5757496294887], [15.7886223066177, 14.5315794106278], [15.9141172033375, 14.5536656251028], [16.0110905313959, 14.6088714850238], [16.1194724878173, 14.6585449090376], [16.2164458167741, 14.6640634841086], [16.3419407125955, 14.5812702842481], [16.3989838472231, 14.4211152949771], [16.4392859800126, 14.2991061484819], [16.4446183552846, 14.2829581440541], [16.5301830567769, 14.2276714799358], [16.5659124871907, 14.2214868428434], [16.6899038340936, 14.2000230707367], [16.8268073573795, 14.1944929833574], [16.9751195072317, 14.2000230707367], [17.1234316570839, 14.1723712859712], [17.19758773201, 14.0893957316177], [17.3116740012652, 13.8624424281535], [17.3573085093267, 13.712863895836], [17.3958668235034, 13.6636934945614], [17.4485775245512, 13.5964590690348], [17.5165842028611, 13.5807202539818], [17.5683681075387, 13.5687351820225], [17.8022449588832, 13.6130918440993], [17.9334441684369, 13.6075477153003], [18.0018959305291, 13.5021846551031], [18.0298075673669, 13.3961858162735], [18.0298075673669, 13.2633684832399], [18.0154397105918, 13.1094893216152], [17.9867039961432, 12.9905166813582], [17.929232567246, 12.920506109794], [17.9220486384093, 12.7804261731424], [17.9148647095725, 12.6122277175298], [17.929232567246, 12.5210739728373], [17.9723361384698, 12.5000339103202], [18.0513593529788, 12.5982061707489], [18.1591182819365, 12.8294630330479], [18.2094057828953, 12.9975166552817], [18.2596932829558, 13.0605075242016], [18.3961879263621, 13.0884983147288], [18.6045218563391, 13.0675055188509], [18.7194647132353, 13.0395123483157], [18.8200397142545, 12.9905166813582], [18.8918789999269, 12.9765161425974], [18.9206147143755, 12.9345097973745], [18.8918789999269, 12.8364675197255], [18.870327214315, 12.7453940126241], [18.9062468576003, 12.6612970814558], [18.9206147143755, 12.5140608097521], [18.9134307855388, 12.4018243449739], [18.8846950710902, 12.3105965839523], [18.8918789999269, 12.191250931406], [18.9637182864976, 12.1491160814452], [19.2798111445339, 12.1420929570919], [19.4665932888991, 12.0788765176715], [19.6174557890805, 12.0788765176715], [19.7323986468749, 12.1701843412932], [19.811421861384, 12.2614607954198], [19.8904450767914, 12.2965587242632], [19.973684945515, 12.3028148194833], [20.0556754346464, 12.268480755626], [20.1490665059306, 12.1350696483955], [20.1921700780527, 12.0086185215397], [20.2209057925013, 11.7907026931972], [20.2568254348883, 11.6148378607862], [20.3071129358471, 11.4811062509028], [20.472343293702, 11.3684409351133], [20.6519415083321, 11.2557310569288], [20.7381486516779, 11.1641217577923], [20.7381486516779, 11.0513321796452], [20.7022290083926, 10.9384992197358], [20.6950450804542, 10.8609016139823], [20.8099879382486, 10.8256232991308], [21.0111379384906, 10.7832838396237], [21.1404486539584, 10.7127048397239], [21.2266557973043, 10.5856212525304], [21.3272307974252, 10.409028973514], [21.4709093696683, 10.154560760827], [21.6217718707481, 9.9848024376647], [21.787002228603, 9.81495551924802], [21.8875772287239, 9.72291862503063], [21.9737843720698, 9.66626792800492], [22.0671754442523, 9.65210376002589], [22.1533825875982, 9.70167573516706], [22.2324058021072, 9.87158091339051], [22.2898772310045, 9.96357638849729], [22.3976361599622, 10.0555459215695], [22.4622915176961, 10.1333458650718], [22.483843303308, 10.3383639594245], [22.4982111600832, 10.5008695456857], [22.5916022322657, 10.6421093890935], [22.7352808045087, 10.7762266827232], [22.9005111623637, 10.9596586846021], [22.9507986624242, 11.1641217577923], [22.9651665200976, 11.4247791897731], [22.936430805649, 11.5585375904438], [22.8214879478546, 11.7555386842608], [22.6778093756115, 12.0296978493362], [22.6490736611629, 12.1631617740855], [22.6490736611629, 12.2825201139683], [22.6849933044482, 12.3386700518138], [22.8071200901811, 12.4018243449739], [22.9507986624242, 12.4649633343652], [23.0441897346067, 12.5982061707489], [23.0944772346672, 12.8084484041866], [23.1663165203396, 12.8994991059377], [23.2884433069707, 12.9835165101387], [23.424937950377, 13.0255145751612], [23.5686165226201, 13.0255145751612], [23.8416058094327, 12.9835165101387], [24.1720665251425, 12.87148702351], [24.4666075984653, 12.7874320228535], [24.5815504562598, 12.7103570073632], [24.6031022418716, 12.5491247204543], [24.6102861707084, 12.4018243449739], [24.6533897419321, 12.3246336939884], [24.7683325997266, 12.2825201139683], [24.947930815255, 12.2614607954198], [25.0700576009878, 12.2333790871757], [25.1418968875585, 12.1420929570919], [25.1059772442731, 12.0226715907978], [25.0341379586008, 11.9453706504972], [24.9622986720301, 11.8961676426877], [24.7898843853385, 11.8680476391896], [24.6246540274835, 11.8399247351193], [24.5384468841377, 11.776637629957], [24.4163200984049, 11.5937265882123], [24.3013772406104, 11.3966114582595], [24.2151700972646, 11.2839126812338], [24.2008022395911, 11.2205001473497], [24.287009382937, 11.1993595380796], [24.4163200984049, 11.2205001473497], [24.5312629561993, 11.2627767212498], [24.6318379563203, 11.3050470847558], [24.7180450996661, 11.3261799299359], [24.7755165285633, 11.2698222139164], [24.7755165285633, 11.1782173842825], [24.7036772419926, 11.0442813860157], [24.5528147418112, 10.8961757617641], [24.3157450973856, 10.7479964025808], [24.1145950962453, 10.6562297909187], [23.9493647383904, 10.5714975902131], [23.8056861670457, 10.4584849652853], [23.6763754515778, 10.3312965814919], [23.590168308232, 10.2676830438247], [23.5758004514568, 10.1474892847922], [23.6691915227411, 10.0413984606525], [23.834421880596, 9.81495551924802], [23.9637325960638, 9.60960768796772], [24.0068361672876, 9.50334420560134], [24.0068361672876, 9.38287238349399], [23.9493647383904, 9.24108725917263], [23.8631575950446, 9.09215143029459], [23.7913183093722, 8.98573069021903], [23.7625825949236, 8.87218078083526], [23.8056861670457, 8.76569581984106], [23.9709165249006, 8.67338414935792], [24.1217790250821, 8.60946276281054], [24.2654575973251, 8.58815323034948], [24.43068795518, 8.55263468373102], [24.5097111696891, 8.47448224356797], [24.5312629561993, 8.35367000244269], [24.5312629561993, 8.19726928210089], [24.495343312914, 7.99812498753369], [24.4163200984049, 7.80600081083395], [24.3372968829975, 7.6778688070682], [24.3301129550591, 7.59242596614806], [24.5240790273626, 7.58530495974321], [24.739596885278, 7.56394123469305], [24.8617236719091, 7.46422991008545], [24.9191951008063, 7.36449584616683], [25.0413218865392, 7.30749485667055], [25.1993683164557, 7.30749485667055], [25.3286790310253, 7.35737112189006], [25.3521900701196, 7.36669801057425], [25.5010933177169, 7.3716204550468], [25.6304040322865, 7.33599626399872], [25.7094272467956, 7.13644847292621], [25.82437010459, 6.96533813326648], [26.032704034567, 6.86549483118989], [26.2554058213192, 6.74422839513747], [26.3487968935017, 6.66574566694089], [26.3703486791136, 6.50160498275134], [26.3344290358283, 6.34455067007235], [26.3344290358283, 6.19459050809246], [26.5068433225199, 6.13745156316765], [26.7223611804353, 6.10173660692086], [26.830120109393, 5.99457751375159], [26.9378790383507, 5.8302261490559], [27.0169022537581, 5.74445841084757], [27.0528218961451, 5.68727273061863], [27.2467879684487, 5.69442125290858], [27.4263861839771, 5.66582663214434], [27.6203522562806, 5.47992740078788], [27.7640308285236, 5.22958738422085], [27.8430540430327, 5.17235257542458], [28.144779044294, 5.251049091327], [28.3746647598828, 5.37265138918791], [28.6261022610836, 5.50138030279148], [28.7554129756531, 5.65152878991876], [28.9421951200183, 5.88025128847178], [29.1217933346483, 6.02315534548705], [29.2870236925033, 6.18744847679897], [29.4809897657051, 6.33741069187251], [29.5240933369289, 6.40166693038696], [29.5456451225407, 6.75136256074075], [29.5959326226012, 6.87975944946799], [29.682139765947, 7.05090120372986], [29.7396111948443, 7.20772565760311], [29.7180594092324, 7.42148950728922], [29.746795123681, 7.49984372340843], [29.8545540526387, 7.62090881011915], [29.8761058382506, 7.69922684204539], [29.7898986949047, 7.76329447493995], [29.682139765947, 7.79888339041997], [29.6318522658865, 7.84870278246546], [29.6246683370498, 7.90563191754631], [29.746795123681, 7.99812498753369], [29.9623129815964, 8.13326937115334], [30.0772558393908, 8.21149008850024], [30.1275433394513, 8.2612588956468], [30.1419111971248, 8.51000805737126], [30.1850147683485, 8.65918033431383], [30.2209344116339, 8.75149551131707], [30.3286933405916, 8.77989558659376], [30.4939236984465, 8.82249162060837], [30.5944986994658, 8.90766892284311], [30.68788977075, 9.0424923320043], [30.7740969140958, 9.14180364253941], [30.831568342993, 9.19144893063708], [30.831568342993, 9.3332541392206], [30.8531201286049, 9.40413517404157], [30.9465112007875, 9.53876905084749], [31.0255344152966, 9.69459447220224], [31.0614540585819, 9.83619117945798], [31.1261094163159, 9.93527284082743], [31.1907647731515, 10.0060271025263], [31.2123165596617, 10.0696927639447], [31.1907647731515, 10.1262739207105], [31.0901897730305, 10.154560760827], [30.9824308440728, 10.1969863289548], [30.9034076295637, 10.2111269311569], [30.8818558430535, 10.2535449610377], [30.9034076295637, 10.3312965814919], [30.9896147729096, 10.3878311446921], [31.03990227297, 10.4726138027216], [31.0614540585819, 10.6421093890935], [30.9896147729096, 10.8256232991308], [30.9249594151756, 10.9032300903153], [30.7669129861574, 11.0160765198308], [30.6088665562409, 11.0795336576517], [30.5370272705685, 11.142977035931], [30.4651879839979, 11.1782173842825], [30.2568540549192, 11.1782173842825], [30.1706469115734, 11.2627767212498], [30.0916236970643, 11.4106956729383], [30.0628879826157, 11.4881463442904], [30.0126004825552, 11.5514992596678], [29.9263933392094, 11.5937265882123], [29.9120254815359, 11.6640912730719], [29.9694969104331, 11.706301529177], [30.1562790538999, 11.6992669338751], [30.2353022693073, 11.7203701845729], [30.2784058405311, 11.8047670366285], [30.3358772694283, 11.8399247351193], [30.4723719128346, 11.8469557329312], [30.6016826274042, 11.8750779124655], [30.6160504850776, 11.9453706504972], [30.5729469129556, 12.0015917119004], [30.544211198507, 12.0999503266055], [30.5729469129556, 12.1561390204766], [30.6591540563014, 12.205294394477], [30.7669129861574, 12.2965587242632], [30.8890397718903, 12.3737576553483], [30.9536951296242, 12.4158565561356], [31.1189254874791, 12.507047455254], [31.1548451307645, 12.5421123205107], [31.2114185677711, 12.6052170396176], [31.3128915597827, 12.6052170396176], [31.5284094176981, 12.6192382035089], [31.5913539977538, 12.5919371678241], [31.6273710336873, 12.5145939172406], [31.7051156652727, 12.4562046434818], [31.8008013652709, 12.438685295612], [31.8606049284436, 12.3978022237135], [31.8964870661675, 12.3510708598824], [31.9802120538905, 12.3335444454319], [32.0519763293383, 12.280958173642], [32.1297209609237, 12.251739034391], [32.1835441679588, 12.2166717964082], [32.2419833007076, 12.2076533679269], [32.2683540645252, 12.191250931406], [32.2760921407045, 12.1609949313384], [32.2412857939238, 12.1269674800718], [32.2313870179579, 12.1172894249844], [32.1297209609237, 12.0880522567594], [32.0400156170631, 12.0880522567594], [32.0288457285635, 12.0804065952013], [31.9802120538905, 12.0471148547624], [31.9802120538905, 11.988622026207], [31.9622709854777, 11.9301165153847], [31.9742316977529, 11.8657458731974], [32.0101138354768, 11.8481876020918], [32.0699173986494, 11.8364814613499], [32.103880425906, 11.8420215504938], [32.1318594211188, 11.8328935573056], [32.1893308500161, 11.7555386842608], [32.2324344212398, 11.6500197592654], [32.2180665644647, 11.5374220680595], [32.1174915634454, 11.4740659826946], [32.0743879922216, 11.4106956729383], [32.0600201345482, 11.3050470847558], [32.1103076346087, 11.2698222139164], [32.2539862068517, 11.3050470847558], [32.3761129934829, 11.3895690887132], [32.4551362079919, 11.4459031522505], [32.5844469234598, 11.4740659826946], [32.699389780356, 11.4811062509028], [32.7353094236413, 11.3825265447919], [32.7855969237018, 11.2980024563009], [32.9220915671081, 11.3050470847558], [32.9939308536788, 11.3825265447919], [33.1160576403099, 11.3966114582595], [33.2022647827574, 11.3402676268682], [33.3028397837768, 11.2909576547992], [33.3674951415107, 11.2627767212498], [33.4034147838977, 11.1852649397374], [33.40839825531, 11.1747887280141], [33.3975564935359, 11.1038720289558], [33.4513796996726, 11.0334427293304], [33.5889278944306, 11.0040921984806], [33.7145153769135, 10.9864804756462], [33.8188580802193, 10.9897846615927], [33.9134737151359, 10.9455525429379], [33.9422094295846, 10.8467907878981], [33.8775540718506, 10.7268219594914], [33.8200826429534, 10.6279883342208], [33.8631862150754, 10.5149964495541], [33.9278415719111, 10.3807648829938], [33.992496929645, 10.2606140813711], [33.992496929645, 10.1757742497262], [33.8560022862387, 10.119201820449], [33.6620362139352, 10.1333458650718], [33.5758290705894, 10.0767659525864], [33.6117487138747, 9.97772724131969], [33.7051397851589, 9.94234895696233], [33.8057147861782, 9.94234895696233], [33.9350255007478, 9.95650073134429], [33.9996808584818, 9.89988996251069], [34.0356005017671, 9.82911277811889], [34.1433594307248, 9.78663918763651], [34.4235326463742, 9.71583781212896], [34.5887630042291, 9.58835764819176], [34.7468094332473, 9.45374326532608], [34.8258326477564, 9.3332541392206], [34.854568362205, 9.07086980090416], [34.8258326477564, 8.85088624801393], [34.8258326477564, 8.73019403157625], [34.9120397911022, 8.69468886588776], [35.0557183633452, 8.73019403157625], [35.2353165788736, 8.72309326881025], [35.3861790790551, 8.64497598300134], [35.5370415801348, 8.53842633671137], [35.5657772945834, 8.36788515997825], [35.5370415801348, 8.24703987564682], [35.5370415801348, 8.15460381373664], [35.5370415801348, 8.09770944464713], [35.659168366766, 8.14749245890994], [35.7453755092135, 8.16882614386106], [35.8243987246209, 8.15460381373664], [35.8100308669475, 7.96255319902445], [35.7956630101723, 7.72058379984647], [35.7956630101723, 7.59242596614806], [35.8818701535181, 7.49984372340843], [36.0830201537601, 7.3929935962409], [36.1979630115545, 7.40011774601424], [36.248250511615, 7.3929935962409], [36.3703772982462, 7.34312133114315], [36.5212397993259, 7.25761302314188], [36.5858951561616, 7.19347111451571], [36.6721022995074, 7.10080570954439], [36.8301487294239, 7.06516018475794], [36.9235398007081, 7.07228950951211], [37.0528505161761, 7.03664178466876], [37.1318737306851, 7.01525183365899], [37.1821612307456, 6.92968223479032], [37.1821612307456, 6.85122978441227], [37.153425516297, 6.79416534043991], [37.1893451595823, 6.71569068421695], [37.2611844452547, 6.65861024794948], [37.3904951607226, 6.64433909974904], [37.4910701608436, 6.62293159997279], [37.5341737329656, 6.55156657903134], [37.5126219464555, 6.43736135320878], [37.3761273030491, 6.40166693038696], [37.3545755174372, 6.30884978929495], [37.3761273030491, 6.17316412566061], [37.3473915886006, 6.07316292781748], [37.2037130163575, 6.03744369827901], [37.1031380162365, 5.98743282143416], [37.0744023017879, 5.91598077963401], [37.2252648028677, 5.90168925907762], [37.4264148031096, 5.9302719299161], [37.5054380185171, 6.00172211251479], [37.5557255185775, 6.05173167332437], [37.606013018638, 6.05887551969921], [37.606013018638, 6.14459426778408], [37.606013018638, 6.2374406610473], [37.670668376372, 6.25886442654261], [37.8215308765534, 6.25886442654261], [37.914921948736, 6.17316412566061], [38.0442326633056, 6.12316586679404], [38.1376237354881, 6.06601927153128], [38.2453826644458, 6.03744369827901], [38.3244058789549, 6.00886661761391], [38.3244058789549, 5.92312640144939], [38.2884862365679, 5.8588124917077], [38.2813023077311, 5.77304910158177], [38.2094630211605, 5.74445841084757], [38.1160719498762, 5.80878543613985], [38.0729683777541, 5.8588124917077], [38.0011290920818, 5.87310511423459], [37.9364737343478, 5.84451950242567], [37.8790023054506, 5.83737287175528], [37.8718183766139, 5.7659015636167], [37.9436576631846, 5.72301445073921], [38.0083130209185, 5.67297542057329], [38.0514165921423, 5.59433390073304], [38.0801523065909, 5.52283243118814], [38.0729683777541, 5.43701928698529], [38.0298648065304, 5.38695595749123], [38.0226808776937, 5.30827669080523], [38.058600520979, 5.24389527060265], [38.1519915922632, 5.251049091327], [38.1879112355486, 5.3297356743478], [38.1950951643853, 5.40841217735181], [38.2741183788944, 5.42271590209979], [38.4393487367493, 5.43701928698529], [38.5327398089319, 5.47992740078788], [38.5327398089319, 5.59433390073304], [38.5542915945438, 5.6372305954982], [38.6979701667868, 5.65152878991876], [38.7841773101326, 5.67297542057329], [38.7856367463809, 5.70554725979515], [38.8488326669683, 5.72301445073921], [38.9368517733276, 5.77305818753722], [38.9517618136824, 5.9016084531945], [38.9592715497945, 5.95763012065863], [38.9893104951416, 5.97256826814557], [38.9983485610978, 5.97537732541081], [39.049388386734, 5.99124038030312], [39.0892138419926, 6.00754928123018], [39.1132211454842, 6.01738026367524], [39.1191869462192, 5.99562575243126], [39.1244857505508, 5.97630274139242], [39.1207308815964, 5.90534340760466], [39.1808087731888, 5.81569758466336], [39.23466999513, 5.81287736739348], [39.2408866638829, 5.76339757536821], [39.2408866638829, 5.71109274631058], [39.2215781853345, 5.67746964513512], [39.164925525903, 5.65867775522279], [39.0427987401701, 5.65867775522279], [38.9422237391508, 5.63008136570814], [38.8703844534785, 5.55858425189406], [38.8416487390298, 5.444170852486], [38.8416487390298, 5.32258276269409], [38.9134880247022, 5.27966355132417], [39.0427987401701, 5.25820282996136], [39.0859023113939, 5.20812494039615], [39.0930862402306, 5.17235257542458], [39.0680593030775, 5.14742705757251], [39.0193494404887, 5.12047458618161], [38.9893104951416, 5.10925483803096], [38.9780458909733, 5.00452776835292], [38.9855556270855, 4.92597144553646], [38.9968202312538, 4.84740583878556], [39.049388386734, 4.80999042406136], [39.105711409372, 4.82869838942714], [39.1074272131242, 4.86460142931825], [39.1094662774281, 4.90726618502763], [39.1721094547397, 4.92904757916169], [39.3014201693093, 4.92189017983175], [39.3660755270432, 4.97914721462246], [39.3014201693093, 5.07933499689333], [39.3445237414314, 5.15804306183317], [39.4594665992258, 5.17950721007113], [39.4595343196218, 5.1795746539443], [39.4999725696346, 5.18404943050515], [39.5946721610977, 5.22491673802085], [39.5975991426862, 5.15787232422927], [39.5750699334514, 5.08681475192889], [39.5825796695636, 5.01200883401087], [39.6088637477528, 4.95215792526277], [39.6464124292121, 4.90726618502763], [39.6501672972682, 4.85488867324532], [39.6412166059481, 4.84759161544506], [39.6088637477528, 4.82121526544887], [39.5608712159695, 4.827736514807], [39.5262566469256, 4.83243992046374], [39.4774433603998, 4.82121526544887], [39.4811982284559, 4.78379840978567], [39.5026086929039, 4.77384159281423], [39.4962177015785, 4.65282341627317], [39.4849530965119, 4.54802584122975], [39.4811982284559, 4.48813464291028], [39.5337663830378, 4.43198218069623], [39.6651867703908, 4.42075117411581], [39.7215097930289, 4.38705713668614], [39.7515487383759, 4.3346411717876], [39.7365292661515, 4.24477679886425], [39.7215097930289, 4.12119624831564], [39.7515487383759, 3.99385074825247], [39.8116266299683, 3.93391657636962], [39.9205178071882, 3.91144014692257], [40.0356772335263, 3.93195617791913], [40.249698745215, 3.9191450152313], [40.4292969607434, 3.88330860473293], [40.6088951762718, 3.81879924105685], [40.8028612485753, 3.83313507747439], [41.0327469632659, 3.92631211279847], [41.2913683933034, 4.09113816331135], [41.4997023232804, 4.21294439658039], [41.7008523235223, 4.31324111529756], [41.8588987534388, 4.33473155790386], [41.9882094680084, 4.27742236318315], [42.1534398258633, 4.19145054945996], [42.2396469692091, 4.18428580198846], [42.3474058981668, 4.21294439658039], [42.4623487559613, 4.34905817949939], [42.5629237569805, 4.54244054913138], [42.6922344715501, 4.68565344813954], [42.8430969726299, 4.735771077911], [43.1879255451149, 4.80736138366827], [43.3962594750919, 4.89325981096886], [43.6836166195779, 5.02924303290231], [43.8057434053108, 5.13657818772802], [43.8488469774329, 5.20812494039615], [43.7913755485356, 5.3297356743478], [43.7482719764136, 5.42986763652164], [43.8272951909227, 5.60148356912856], [43.9566059063906, 5.68012411950555], [44.1146523354088, 5.75875393651074], [44.1505719786941, 5.84451950242567], [44.071548764185, 5.96599818514875], [44.071548764185, 6.10887978919079], [44.172123764306, 6.2374406610473], [44.3229862653858, 6.38738846239423], [44.4235612655067, 6.53729234648709], [44.4091934087316, 6.67288098208345], [44.3589059077728, 6.7870318083128], [44.2295951932032, 6.91541911999979], [44.1002844786336, 7.02238192666141], [44.071548764185, 7.06516018475794], [44.0578907804019, 7.14647866338064], [44.1392987363261, 7.14840188647311], [44.1649398354693, 7.12932014170708], [44.2511469788151, 7.11506314748968], [44.4594809087921, 7.14357669311035], [44.4451130511186, 7.31462037945482], [44.3732737654462, 7.55681975749768], [44.2583309076518, 7.72770254639876], [44.1146523354088, 7.79888339041997], [44.0428130497364, 7.80600081083395], [43.9709737631657, 7.72058379984647], [43.9278701919419, 7.66362952147596], [43.8703987630448, 7.6778688070682], [43.8703987630448, 7.74193967844873], [43.8703987630448, 7.81311811004311], [43.8488469774329, 7.89851620380248], [43.7913755485356, 7.97678228625683], [43.7339041196384, 8.04792027524132], [43.7339041196384, 8.1048216817861], [43.7770076908622, 8.16882614386106], [43.8919505486566, 8.23282034328611], [43.9278701919419, 8.28258646609541], [43.9206862631052, 8.39631391615491], [43.9135023342685, 8.51711282543507], [43.9422380487171, 8.58815323034948], [44.0428130497364, 8.66628230936674], [44.1290201930822, 8.70179016811862], [44.1497430636556, 8.69933204034575], [44.2021898360797, 8.69311078044261], [44.2655148364885, 8.66628230936674], [44.3373541221609, 8.63077109538511], [44.6031594810351, 8.62366845106268], [44.7468380532782, 8.60946276281054], [44.7755737677268, 8.53842633671137], [44.7468380532782, 8.46737668614756], [44.7252862667679, 8.38920692246218], [44.7252862667679, 8.33234629623778], [44.8114934101138, 8.33234629623778], [44.8761487678477, 8.38209979787137], [44.9479880535201, 8.38209979787137], [44.9839076968054, 8.3252381354239], [45.0485630545394, 8.24703987564682], [45.1635059123338, 8.21860030120014], [45.321552341352, 8.2612588956468], [45.4005755558611, 8.26836821402144], [45.4005755558611, 8.20437974846837], [45.565805913716, 8.18304796634239], [45.7310362715709, 8.17593711805501], [45.7410443491507, 8.19857957390262], [45.774139843693, 8.19726928210089], [45.8459791293654, 8.14038097860592], [45.9681059159965, 8.1048216817861], [45.9968416304451, 8.01946657181149], [46.0543130593423, 7.93409354342965], [46.1046005594028, 7.87716832826169], [46.1836237739119, 7.85581935218309], [46.3057505605431, 7.87005212563381], [46.4063255606641, 7.89851620380248], [46.571555918519, 7.90563191754631], [46.7224184195988, 7.87005212563381], [46.8301773485565, 7.79888339041997], [46.8876487774537, 7.75617633045055], [46.9666719919628, 7.72770254639876], [47.0672469929821, 7.74193967844873], [47.268396993224, 7.87716832826169], [47.3617880654066, 7.94832361838832], [47.4551791375891, 8.03369367326803], [47.620409495444, 8.14749245890994], [47.7281684244017, 8.14038097860592], [47.8143755677476, 8.09059708278235], [47.8646630678081, 7.98389664335453], [47.929318425542, 7.96255319902445], [48.0801809257235, 7.94832361838832], [48.173571997906, 7.87716832826169], [48.2454112835784, 7.78464818729864], [48.3100666413123, 7.74193967844873], [48.482480928004, 7.72770254639876], [48.6333434290837, 7.72770254639876], [48.8129416437138, 7.77753040391682], [48.9422523582834, 7.83446927847415], [49.1290345026485, 7.88428440949743], [49.3373684317272, 7.89140036834352], [49.4594952183583, 7.9412086425343], [49.6103577194381, 8.1261576375488], [49.732484505171, 8.23282034328611], [49.8402434341287, 8.3252381354239], [49.9480023639847, 8.37499254337814], [50.0916809353294, 8.47448224356797], [50.1419684362882, 8.66628230936674], [50.1419684362882, 8.87927868435966], [50.0629452208808, 8.94315362006659], [49.8905309350875, 9.01411262618029], [49.7755880772931, 9.0283027587273], [49.7540362907828, 9.10633848124107], [49.8689791485773, 9.11343179562494], [49.9120827206993, 9.18435717161898], [49.9695541495966, 9.28362883092224], [50.0413934352689, 9.2978082093059], [50.2497273652459, 9.2907185918701], [50.3646702230403, 9.32616524092945], [50.4436934375494, 9.42539665778039], [50.4796130808348, 9.52459955415247], [50.4436934375494, 9.62377363916645], [50.3503023653669, 9.74416016635682], [50.3071987941431, 9.85034752896], [50.3143827220816, 9.97065189126744], [50.3431184365302, 10.1121295643916], [50.3790380798155, 10.2323366546829], [50.4652452231613, 10.3030254824842], [50.6161077242411, 10.345431178333], [50.7454184388107, 10.3666318789913], [50.8388095109932, 10.4302253608862], [50.9465684399509, 10.4867419970539], [51.0543273689086, 10.5220596582285], [51.1836380834782, 10.5503108773134], [51.2554773700489, 10.6138666253623], [51.3632362990066, 10.6350489429053], [51.4494434423524, 10.5644355148895], [51.5212827280248, 10.5079330783776], [51.5643863001469, 10.4231600583702], [51.5356505856982, 10.3524982381136], [51.6003059425339, 10.3383639594245], [51.787088086899, 10.3595651377785], [51.8158238013476, 10.4372905030278], [51.8445595157962, 10.5008695456857], [51.9810541592025, 10.5008695456857], [52.0600773737116, 10.4938058515821], [52.1534684458942, 10.5503108773134], [52.2899630893005, 10.6703495371033], [52.3689863038096, 10.7056460338968], [52.4192738038701, 10.7621118735713], [52.5126648760526, 10.7127048397239], [52.5701363049498, 10.6209275613777], [52.6132398761736, 10.5644355148895], [52.6563434482957, 10.5644355148895], [52.7856541628652, 10.6209275613777], [52.9077809494964, 10.7338802723426], [52.972436306332, 10.8115108098257], [53.0227238072908, 10.8820666031712], [53.0586434496779, 11.0301792916683], [53.0873791641265, 11.1077324177231], [53.137666664187, 11.1852649397374], [53.1592184506971, 11.2486852192937], [53.137666664187, 11.3473112140145], [53.1232988074118, 11.5163049579136], [53.1161148785751, 11.7414718228474], [53.0945630929632, 11.8821080043544], [52.9796202351688, 12.0718515456365], [52.8503095205992, 12.2193371130424], [52.7066309483561, 12.3316519664291], [52.4695613039306, 12.4369034554258], [52.2540434460151, 12.5210739728373], [52.1247327314456, 12.5982061707489], [52.031341659263, 12.6402685079749], [52.0150997335489, 12.6719630872309], [52.0385255880997, 12.7313797914732], [52.1247327314456, 12.8014431380369], [52.3115148749124, 12.8364675197255], [52.5054809472159, 12.9065016361137], [52.7209988051313, 13.0535093303925], [52.9221488062716, 13.1584613692217], [53.0945630929632, 13.2353976642121], [53.180770236309, 13.2983274807871], [53.346000594164, 13.3402716221212], [53.6261738098133, 13.3752195135553], [53.7770363108931, 13.3542513864038], [53.798588096505, 13.2144174419455], [53.8416916677287, 13.1304785377203], [54.0284738120938, 13.1164859263825], [54.2368077411725, 13.1164859263825], [54.3733023845788, 13.0395123483157], [54.5097970279851, 12.920506109794], [54.6606595290649, 12.8924963788772], [54.7612345291859, 12.8784903371264], [54.8187059580831, 12.8084484041866], [54.8402577445933, 12.6823239221381], [54.8689934590419, 12.4789921347799], [54.948016673551, 12.4158565561356], [55.1563506026296, 12.3807746110268], [55.3503166749332, 12.3527056583817], [55.5586506049102, 12.3527056583817], [55.680777390643, 12.2895395127816], [55.6879613194798, 12.1701843412932], [55.6879613194798, 11.9734826431743], [55.745432748377, 11.8821080043544], [55.8388238205595, 11.8117989369535], [55.9322148918438, 11.776637629957], [56.0758934640868, 11.7555386842608], [56.2052041795547, 11.7696048278925], [56.2698595363903, 11.8961676426877], [56.3273309652875, 12.0156451478725], [56.4063541806949, 12.0788765176715], [56.5212970375911, 12.0507755255284], [56.5931363241618, 11.9664549193948], [56.6721595386709, 11.8750779124655], [56.7583666820167, 11.7696048278925], [56.8589416821376, 11.7485053437757], [57.0600916832779, 11.7274042427048], [57.2037702555209, 11.706301529177], [57.3402648989273, 11.6500197592654], [57.4049202566612, 11.5585375904438], [57.3977363278244, 11.4459031522505], [57.2756095411933, 11.333223865181], [57.1319309698486, 11.227546673694], [56.9667006119937, 11.1570736878432], [56.7152631098946, 11.1641217577923], [56.6434238242222, 11.0654332584205], [56.6434238242222, 10.92439207087], [56.6937113242827, 10.8326792950248], [56.8373898965258, 10.7903408309757], [57.038539897666, 10.8467907878981], [57.28279347003, 10.9314457296002], [57.5342309712308, 11.0513321796452], [57.7281970435343, 11.142977035931], [57.9149791878994, 11.1782173842825], [58.0449233252371, 11.2126979830574], [58.1818268485231, 11.3171270815129], [58.1980524518485, 11.4085955767487], [58.2730958637476, 11.5556786420661], [58.3339418741968, 11.7493525638815], [58.4252108894213, 11.9428904185218], [58.4501287800821, 12.1923132039268], [58.5533128102833, 12.3043523858169], [58.6838064336055, 12.3592691182944], [58.8967674697284, 12.3444097252481], [59.2009975210757, 12.2255042958808], [59.3267632526671, 12.2255042958808], [59.5508620795862, 12.2255042958808], [59.6837093042242, 12.2323376017772], [59.8398806285459, 12.2403704105229], [59.9615726494441, 12.4632611756374], [60.1136876751178, 12.5969039285656], [60.5700327521389, 12.5969039285656], [60.8590513002002, 12.65627840063], [60.8951244853305, 12.7882316989342], [60.9198973106493, 12.8788091499817], [60.9807433210985, 13.0418730638316], [61.0147469566975, 13.1081172280875], [61.072012336323, 13.2196384065189], [61.1880747833207, 13.3438921934155], [61.2241273619967, 13.3824762771646], [61.6348379318546, 13.486043166702], [62.1976635264879, 13.4416628337596], [62.5007345355231, 13.4416628337596], [62.6387971011213, 13.4416628337596], [62.7909121267949, 13.5304152578981], [62.9430271524686, 13.8850922465048], [62.8973926444072, 14.2392273285179], [63.0038731629177, 14.5044653815378], [63.3233147166528, 14.6369657636501], [63.2776802085914, 14.8135084147519], [63.3169042992595, 15.0030271520006], [63.8395510306216, 15.0030271520006], [63.866733956796, 15.0030271520006], [63.9593739071453, 14.9865429804292], [64.3120623835318, 15.1367954877903], [64.4793889115931, 15.2982548594766], [64.5858694292054, 15.5182260827008], [64.7575718693064, 15.6422710072542], [64.829253471002, 15.6940345477668], [65.0574260095125, 15.9867113657087], [65.0574260095125, 16.3519551244445], [65.1182720190633, 16.6436598375562], [65.4985595832475, 16.9349212575065], [65.6050401017581, 17.1094624808666], [65.8027896345948, 17.429028977267], [65.8293660533237, 17.4357015551873], [66.0918081835545, 17.5015801468706], [66.2343837926136, 17.5792638508788], [66.3047692196773, 17.6176017440482], [66.5785762662493, 17.7190594942587], [67.0239222568455, 17.6804899949052], [67.0805558504335, 17.6755846098955], [67.092776327641, 17.6576705488642], [67.2783053841686, 17.3854844201473], [67.4045824493961, 17.3558041429695], [67.4456319122299, 17.3128871371005], [67.5272590049811, 17.3017541015743], [67.8715539844756, 17.2547886527881], [68.0128503018403, 17.1094144641842], [68.0693035173124, 17.0513001693515], [68.3126875582106, 16.9349212575065], [68.616917609558, 16.9349212575065], [68.9211476609053, 17.0367567591912], [69.1341086970281, 17.2257325428424], [69.2013393584933, 17.3370050646101], [69.3622812355387, 17.6031031132682], [69.6056652764369, 17.7480368986825], [69.8642608206211, 17.8494208354272], [70.114295839661, 18.2019649474843], [70.114295839661, 18.5973860727803], [70.114295839661, 19.0922507542754], [70.1314316591514, 19.3511389314819], [70.2205770543493, 19.4550053683418], [70.4725797907982, 19.5856404437237], [70.9224069131033, 19.5856404437237], [71.3026944772874, 19.675186674369], [71.920661769536, 19.9435245281592], [72.0213032000722, 20.0381020420565], [72.0547171905018, 20.2218573412819], [72.0699286928895, 20.4500713010759], [72.1764092105018, 20.7633122318964], [72.4045817490123, 20.933898338309], [72.5110622675229, 21.1894132245804], [72.9826188469316, 21.4303280060401], [73.2716373958913, 21.7132486870767], [73.5150214367895, 21.8686187648331], [73.7736169800754, 21.9956141397099], [73.9006743848408, 22.150154302291], [74.0170010209737, 22.2914940044433], [74.0849888256795, 22.4312168799839], [74.1539045442597, 22.5727033202609], [74.5494036108316, 22.7271247406382], [74.8840566678527, 22.6288766533438], [74.9905371854649, 22.3759165862343], [74.9601141806895, 21.8827349555004], [74.727438271777, 21.6894206744173], [74.6710956317299, 21.6425703432483], [74.3060195699333, 21.3453444007561], [74.1539045442597, 21.0900984864048], [74.138693041872, 20.7206355334855], [74.1537517246601, 20.4198664211131], [74.1843275499334, 19.8073670117227], [74.0626355290351, 19.2913230539373], [73.9289482951648, 19.1741132793796], [73.8496744929123, 19.1045708395811], [73.8496744929123, 18.9032170656102], [73.6062904520141, 18.4565020991189], [73.5122141242715, 18.2779346961591], [73.4389639239527, 18.1387701226006], [73.423752421565, 17.4580529137858], [73.4304192909039, 17.438336551925], [73.5758674472387, 17.0076665449576], [73.8040399857492, 16.8039089154846], [74.1539045442597, 16.5999322231138], [74.4885576012807, 16.4978624628463], [74.8375356474716, 16.4251073404719], [74.8384221597912, 16.4249224851899], [74.8443894750858, 16.4174373784041], [74.9661827792358, 16.2646030449099], [75.0361716935263, 16.1767223833621], [75.3099787392, 15.972087624589], [75.3556132472614, 15.7379630609158], [75.3475409295244, 15.5047389059501], [75.4858576833137, 15.4158643729104], [75.4858576833137, 15.1407292949239], [75.7710733564519, 14.9571066788996], [76.0627532937981, 14.8802390336492], [76.1038249755622, 14.9111763708603], [76.8644001039306, 14.9111763708603], [77.0522205381691, 14.9716664390053], [77.1049360425088, 15.1074259694434], [77.0745130377333, 15.5328825350756], [76.9376095144473, 15.972087624589], [76.7094369759368, 16.3957388211581], [76.6029564574263, 16.8184703243444], [76.7246484783245, 17.1966718645165], [76.9376095144473, 17.429028977267], [77.1683188486079, 17.477937342825], [77.211416560121, 17.4870722263479], [77.2858449934615, 17.5580470607205], [77.3635315857947, 17.6320992098496], [77.8807226732649, 17.7625238421687], [78.2001642269999, 17.646595509838], [78.6869323096947, 17.3854844201473], [78.9151048482052, 16.9058152594735], [79.1889118938789, 16.4832766633162], [79.2184625985808, 16.2848217028386], [79.249757904328, 16.0744313293462], [79.2953924123894, 15.8257915955501], [79.6148339661245, 15.5621923138652], [80.0559675407578, 15.1221112375871], [80.2689285768807, 14.6958291896391], [80.6035816330034, 14.6075281231465], [80.9686576947999, 14.651683103273], [81.0408015713374, 14.7284472775993], [81.1207727204736, 14.8135084147519], [81.2272532380859, 14.9752129424681], [81.4813513048164, 15.0257445683964], [81.5255841751333, 15.0345397889368], [81.744444325556, 15.0780523872486], [81.8965593512297, 15.2542327684356], [82.1095203873525, 15.5035685892309], [82.1408900565373, 15.5096141498392], [82.4898079515367, 15.5768456376455], [82.733191992435, 15.312926835163], [82.8522169493907, 15.0704330477743], [82.8690127897837, 15.0361919137684], [82.870095515721, 15.033984407409], [82.8746162289978, 15.0314567204179], [83.1591140646806, 14.8723240992463], [83.1666849706737, 14.7844988756421], [83.189537069456, 14.5191915750399], [83.3112290903543, 14.2097370790953], [83.5546131312525, 14.1212432975701], [83.8892661873753, 14.1359946551551], [84.1956261011422, 14.1954034782992], [84.3456112643963, 14.2244826843338], [84.6650528190297, 14.1359946551551], [84.9084368599279, 13.7373752934495], [84.9236483623157, 13.3380768082264], [84.936585857715, 13.1491756059813], [84.9540713670911, 12.893637548294], [85.0757633879894, 12.7453141890315], [85.5473199673981, 12.65627840063], [85.7450695011332, 12.8343186938204], [85.8498958124723, 12.8711106562177], [86.1253570653174, 12.9677663453226], [86.6881826599507, 12.9825894597644], [86.9163551984612, 12.9381174697054], [86.9163551984612, 12.8313220552729], [86.9895564998859, 12.5099386479234], [86.942020554812, 11.9989594671141], [86.9953169448487, 11.8529506736639], [87.2746818941346, 11.792186518225], [87.3521633642576, 11.7753312792457], [87.403123281156, 11.7642449486987], [87.6312958196665, 11.7344593739294], [87.7834108453402, 11.4960596201691], [87.844256854891, 11.1380826410114], [88.118063901463, 10.943993498642], [88.1789099119121, 10.7348322120634], [88.0572178910138, 10.2562096608386], [87.844256854891, 10.0915141867965], [87.5856613116051, 9.92673441422505], [87.5202646560139, 9.90660329466142], [87.3422772707068, 9.85180700725868], [87.1141047321963, 9.62692316384502], [87.0836817265226, 9.38688201430687], [87.2966427626454, 9.05655463302873], [87.4791807939929, 8.9513862364513], [87.6056168520425, 8.85770209803558], [87.7225648348911, 8.77102698693337], [87.7529878396665, 8.50032433232662], [87.6160843163805, 8.19931951432872], [87.3727819242567, 7.9132496358371], [87.3727002754823, 7.9131536021186], [87.3727235858656, 7.91304739662262], [87.4487577883191, 7.56647690883098], [87.5704498092174, 7.31005768904898], [87.7073533325034, 7.14406056244704], [88.118063901463, 6.84209407827536], [88.1941214142998, 6.67593053669715], [88.2169845587668, 6.58792868861467], [88.3158134351981, 6.2073524013453], [88.6808894960963, 5.69294946575547], [88.8938505322191, 5.45071553671594], [89.0307540555051, 4.96595869277589], [89.0003310507297, 4.25333529937931], [88.6352549889331, 3.72222362634084], [88.4070824504226, 3.26672824944089], [88.574408978484, 2.79583279851465], [88.577759270489, 2.79248648963353], [88.848216025056, 2.52232083020641], [89.2285035892402, 1.9143195743303], [89.3806186149139, 1.38213917822951], [89.5292232930534, 1.06023592894509], [89.6087911534244, 1.01714375442285], [89.6354546287857, 0.996408697309003], [89.7456946758121, 0.910678319340098], [89.7694719414206, 0.728404677667369], [89.7913291838735, 0.560843150848916], [89.8065406862612, 0.241409838428802], [89.8065406862612, -0.519157471545837], [89.8978097014857, -0.975462526010589], [90.0651362304454, -1.46211901786568], [90.2476742608945, -1.90306129816777], [90.4150007889559, -2.11589124937523], [90.4684065237256, -2.13190196267317], [90.8713458659769, -2.25269526538454], [91.0843069020998, -2.343890854165], [91.1147299068752, -2.58704941806852], [90.9017688716507, -2.81496831629406], [90.7014049215368, -2.87587346258762], [90.6588498212014, -2.88880862982505], [90.5519043122419, -2.92131543403412], [90.3333634859532, -2.92131543403412], [90.2324627585068, -2.92131543403412], [90.1642965322159, -2.94684425869802], [90.0992874224147, -2.97119017152205], [89.8673866967103, -3.05803259225712], [89.8229732650213, -3.1836839953954], [89.7761176814858, -3.31622794019442], [89.563156645363, -3.60471920778706], [89.4566761277507, -3.92347124865316], [89.3501956092401, -4.39378493363353], [89.3114286981696, -4.76089531691963], [89.289349598791, -4.96989084077866], [89.4718876301384, -5.25775866901832], [89.7609061790981, -5.34863700129093], [90.0285988534684, -5.34863700129093], [90.2780972656699, -5.34863700129093], [90.5214813074665, -5.45464465308605], [90.7040193379156, -5.84822056869901], [90.6888078355279, -6.45317521230803], [90.6279618250787, -6.87621806458046], [90.7632879911674, -6.96577810670887], [91.2677915969582, -7.00429804043557], [91.759492018061, -6.84159292729049], [91.7992475224067, -6.69495874262462], [91.9513625480804, -6.31712096443906], [92.2099580922647, -6.22639821114517], [92.635880163612, -6.02977877031797], [92.7575721845103, -5.81795508811673], [92.9705332206331, -5.60605158280444], [93.4268782976541, -5.48492912942856], [93.4647185453051, -5.4986260596866], [93.5942048257155, -5.54549346363209], [93.7919543594507, -5.74228427910465], [93.9733843548277, -5.79971942312572], [93.9817213315187, -5.80967249695339], [93.9440693851243, -5.95413679894243], [94.0353384003489, -6.2717615607958], [94.4308374669208, -6.57408167524297], [94.5944305993563, -6.6240845240602], [94.6285870006559, -6.6345239166753], [94.6437985030436, -6.77049174578452], [94.6440422177768, -6.77190349788967], [94.724008525892, -7.23489196555088], [94.7350675182681, -7.29888457915242], [94.6437985030436, -7.52515038476419], [94.4460489693085, -7.67592892756564], [94.3091454460225, -7.78144216009788], [94.0505499027366, -7.8567925227561], [93.959280887512, -8.08276106901825], [93.959280887512, -8.35375605363836], [93.9136463794506, -8.66967873685167], [93.7158968466138, -8.97031088598471], [93.5181473128787, -9.07547377338229], [93.0242499737137, -9.10416170994458], [93.0009562254085, -9.10551466585139], [92.8792642054086, -9.1505712700259], [92.8254115435137, -9.27460662909044], [92.7879951892857, -9.36075952801714], [92.6054571588366, -9.61581708640774], [92.2251695946524, -9.84070840505621], [91.7992475224067, -9.8856684140159], [91.5527124681729, -9.95505381099794], [91.4798059686717, -9.97556996457466], [91.2516334301612, -10.1702712771451], [91.2083282509365, -10.2379622047462], [91.0078675747244, -10.5511154931659], [90.9930378868752, -10.5742694184677], [90.9953417448804, -10.5855928764472], [91.0690953997121, -10.9478686669194], [91.2351931968565, -11.0384519317635], [91.3429024453857, -11.0971774444043], [91.4335766456364, -11.1194212933004], [91.6471324967331, -11.1718032900887], [91.9817855537542, -11.4253868893636], [91.8905165385296, -11.8276696208575], [91.5254404767331, -11.9913943298241], [91.1451529125489, -12.214495000729], [90.9474033788138, -12.511669725], [90.6735963331402, -12.734326978598], [90.4792166153944, -12.8764858313816], [90.4121445775437, -13.0398957162098], [90.2695367414238, -13.4563324555326], [89.7466413402214, -13.4563324555326], [89.3365163371814, -13.6158255377318], [89.2550159958185, -13.8533351095681], [88.7165539989763, -13.8881857677212], [88.5729641335709, -14.201604413393], [88.5408528179826, -14.201604413393], [88.5107067566227, -14.3330774926075], [88.5107067566227, -14.8850639422061], [88.5107067566227, -15.2981311463361], [88.3205629745306, -15.6188446004762], [88.0828832473647, -15.8933433784296], [88.0773302126212, -15.8993516439342], [88.0420063886261, -15.9027488641825], [87.859468358177, -16.0636069192019], [87.5704498092174, -16.2827491874762], [87.2966427626454, -16.5453968467136], [87.0988932298086, -16.6911581929387], [86.9772012089104, -16.8950372314854], [86.9772012089104, -17.1277721886515], [87.0107809906122, -17.2102723588262], [87.0836817265226, -17.3892510434561], [87.0988932298086, -17.5923657366835], [87.1469455435758, -17.7869315912213], [87.1597392393594, -17.8386981994528], [87.2814312602577, -18.1136080028593], [87.4713976807768, -18.2663160258198], [87.4791807939929, -18.2725697687651], [87.6769303268296, -18.3014563095844], [87.8746798605647, -18.5323747057709], [87.859468358177, -18.95011789952], [87.7681993420542, -19.3524665441735], [87.5704498092174, -19.5819367169694], [87.3727002754823, -19.7395082828357], [87.2357967521963, -19.8826203852791], [87.2342440672283, -19.8851755941366], [87.1141047321963, -20.0827601656987], [86.9011436960735, -20.6531743428998], [86.9011436960735, -21.1505390523882], [86.9861498107491, -21.5595815791925], [86.9924127112981, -21.5896728575188], [87.2510082554823, -21.7734318180437], [87.6008728139928, -21.942846837407], [87.8746798605647, -22.1120602864298], [87.9203143677279, -22.3232917614139], [87.8856145108342, -22.4974360230806], [87.8869901252833, -22.4984951229934], [87.844256854891, -22.7588223998283], [87.8290453525033, -23.0110771568102], [87.7986223477279, -23.2069500191714], [87.7986223477279, -23.2666234053003], [87.7986223477279, -23.4444100582869], [87.7986223477279, -23.7789217322311], [87.7681993420542, -24.1403405223236], [87.5704498092174, -24.2652102266275], [87.4043247311361, -24.2002871982864], [87.3574887730946, -24.1819773455804], [87.2814312602577, -23.9597577665926], [87.0532587217472, -23.6396456496282], [86.7490286703998, -23.5978338662677], [86.7338171680121, -23.7789217322311], [86.7490286703998, -24.112575103608], [86.8859321936858, -24.4176622718083], [86.8644738445416, -24.5641198217951], [86.846948663766, -24.6836059463005], [86.8250861832367, -24.8325032040159], [86.846948663766, -24.9267123473556], [86.8859321936858, -25.0945203715844], [86.8887416603638, -25.1199605211352], [86.8915726911003, -25.1455905795322], [86.9163551984612, -25.3697229060017], [86.8402976856244, -25.6031535477493], [86.6425481527876, -25.8224375420605], [86.5208561318893, -26.1779083844856], [86.4904331271139, -26.3824967271344], [86.3231065981542, -26.6003255487729], [86.0036650444191, -26.3416079330762], [86.0157828262235, -26.2383964971045], [85.9872140987047, -26.1973891551283], [86.0188765468068, -25.9319276814019], [85.94281903397, -25.7402534159318], [85.710655570808, -25.6670366582846], [85.3343589312753, -25.5482694994245], [85.1670324032139, -25.1909120876411], [85.1670324032139, -24.611426012125], [85.1683751968157, -24.5601417156774], [85.1822439056016, -24.0292427251491], [84.9844943727648, -23.8206755291866], [84.7567238222591, -23.7620588944869], [84.49772629007, -23.6953739219212], [84.2239192443964, -23.486270642354], [83.9044776906613, -23.1230395002172], [83.7675741673753, -22.7447945232716], [83.6173375504018, -22.5039374633866], [83.4785556184157, -22.2810709316294], [83.1439025613946, -22.0697758885465], [82.8404595869497, -21.9254928008285], [82.5506539619859, -21.7875574046794], [82.1095203873525, -21.5896728575188], [81.7596558279437, -21.1789099123931], [81.4402142742087, -20.7385537176783], [81.0599267100245, -20.1113307741788], [81.0212512366701, -19.7659380036567], [80.7333841644113, -19.3277229469292], [80.6672757457727, -18.0753936471417], [80.6197397998005, -17.7587800698334], [80.3820600726345, -17.3962491404472], [79.9542365624781, -16.942074362955], [79.3838052162018, -16.8511066529915], [79.1143857121574, -16.5561914596514], [79.1030169043145, -16.5437368111799], [79.0672198738789, -16.1659035571717], [79.0063738634298, -15.6831896759322], [78.8694703401438, -15.4780543470032], [78.5196057816333, -15.2727154402102], [78.215375730286, -15.2433648344314], [77.8502996684895, -15.3314043307564], [77.4395890986315, -15.434070207438], [77.1962050577333, -15.4927136504155], [77.0920462458543, -15.5337717177191], [76.8615520016105, -15.6246004967252], [76.7791570496157, -15.6518044758795], [76.3291494117526, -15.8003175271766], [76.0249193604053, -15.6538971844507], [75.4925167705474, -15.5220291376926], [75.0970177039755, -15.6538971844507], [75.0057486878526, -15.8295889274119], [74.9342908313414, -15.9784878303081], [74.8232106574035, -16.2097287922251], [74.6673963711865, -16.2097287922251], [74.595038118893, -16.2097287922251], [74.2603850627702, -16.3849320667744], [74.2603850627702, -16.6911581929387], [74.2574357858946, -16.703164126375], [74.1995390523211, -16.9386970402027], [74.1100135044679, -17.0243191812313], [74.001789518586, -17.1277721886515], [73.7736169800754, -17.3456970168008], [73.7736169800754, -17.621363558203], [73.9409435081368, -17.8097354961943], [74.3060195699333, -17.8966094681244], [74.6710956317299, -17.8386981994528], [74.6883053825681, -17.8255918356344], [74.8992681702404, -17.6648515502898], [75.0359686859502, -17.5834239139762], [75.1426522111386, -17.5198508349648], [75.3099787392, -17.4618180402129], [75.5077282729351, -17.3456970168008], [75.7206893090579, -17.1859105995373], [75.9442286122174, -17.0577312780394], [76.4147550306078, -17.0577312780394], [77.3340078314496, -17.0976731194348], [78.0025553236242, -17.1376063979339], [78.4203975062334, -17.3371437323074], [78.6549059989867, -17.784302096941], [78.9759508586544, -17.8676561928761], [79.1889118938789, -18.1280650555448], [79.4475074380631, -18.2725697687651], [79.4764315471931, -18.39612100527], [79.4779304428385, -18.4025212310241], [79.5871357447436, -18.4629560643596], [79.6604684741859, -18.5035268760191], [79.9342755198596, -18.5323747057709], [79.979910027921, -18.8781670892933], [79.9295832400416, -19.0526812405524], [79.8886410126964, -19.1945181008029], [79.9988700868016, -19.3580242081107], [80.1016020479209, -19.5102622059983], [80.3145630840438, -19.6249261272515], [80.3906205968806, -19.9541280498591], [80.2689285768807, -20.2112867868531], [79.8886410126964, -20.2541054539227], [79.7669489917982, -20.0113108669509], [79.7287871436822, -19.9595077040479], [79.6300454685122, -19.8253909999251], [79.4475074380631, -19.7681409985578], [79.3291182520717, -19.7805196724084], [79.3106039147771, -19.7824554287204], [79.112854381042, -19.8253909999251], [78.8694703401438, -19.6679040392201], [78.8393916191926, -19.575824952255], [78.8086243296947, -19.4815834972049], [78.671720807307, -19.3811680597416], [78.4739712735719, -19.1801516119827], [78.1545297198368, -19.1226731321947], [77.8502996684895, -19.1226731321947], [77.8269231682786, -19.1307044169112], [77.5156466114684, -19.0795511445608], [77.1201475448965, -19.0795511445608], [76.6942254735491, -19.151414874807], [76.6942254735491, -19.3237599788083], [76.9376095144473, -19.4672422377896], [77.1962050577333, -19.4672422377896], [77.4852236066929, -19.4672422377896], [77.5156466114684, -19.4672422377896], [77.950260972846, -19.4416296897194], [78.2610102374491, -19.4815834972049], [78.2817836068161, -19.7359755492811], [78.2914332431228, -19.8540082722869], [78.4739712735719, -20.0827601656987], [78.8238358329807, -20.3397073527845], [78.9807462435074, -20.5479960199568], [79.0063738634298, -20.5819882033677], [79.0496560664444, -20.5883192447377], [79.4931419452262, -20.6531743428998], [79.8886410126964, -20.7670028175653], [79.9515048746323, -20.9301910731861], [80.116813551207, -21.0228029996719], [80.2887777325339, -21.3007733895509], [80.5123126177789, -21.4340020514459], [80.7252736539017, -21.7451764720073], [80.5427356225543, -22.0274788354513], [80.0559675407578, -22.1120602864298], [79.8565997612086, -22.1062881631267], [79.5691994580631, -22.0979668948281], [79.2041233971649, -22.1543320090321], [78.7477783201439, -22.1965910363189], [78.4587597711842, -22.1684197629065], [78.4435482687965, -22.3092195698174], [78.656509304021, -22.3654998202372], [78.7390159336736, -22.3863073817284], [78.9911623610421, -22.4498775480612], [79.1432773867157, -22.5623013402985], [79.1432773867157, -22.7728488357132], [79.3714499252263, -23.0530739521538], [79.5174803506635, -23.1370282375918], [79.6148339661245, -23.192968584729], [79.8734295094104, -23.2069500191714], [80.0628151529286, -23.0109871276014], [80.116813551207, -22.9550610890241], [80.5883701306157, -22.8569771598181], [80.5912775891182, -22.8570887913186], [80.718529508787, -22.7900667657636], [81.3452927827007, -22.7900667657636], [81.5636265464182, -22.9337683588925], [81.6202642686631, -23.0712133803361], [81.6531753103315, -23.1510155149157], [81.6379638079438, -23.416495631092], [81.4402142742087, -23.6535799443902], [81.2646287989185, -23.670508762119], [81.151195725249, -23.6814440807909], [80.9990806995754, -23.8345904789816], [80.9938751601332, -23.9393031083652], [80.9838691971876, -24.1403405223236], [80.9686576947999, -24.4176622718083], [80.9382346891262, -24.5560954486321], [80.694850648228, -24.6252548316526], [80.2959002201985, -24.5746399104075], [80.0407560383701, -24.5422589900092], [79.7517374894105, -24.611426012125], [79.6756799765736, -24.7220137011331], [79.2801809100017, -24.8186973970263], [79.1432773867157, -25.039405252462], [79.1889118938789, -25.2734729039865], [79.3106039147771, -25.5894348950895], [79.3258154171648, -25.8771952985469], [79.5083534485122, -26.1915588212479], [79.7489620006098, -26.3278391324659], [79.7973719965736, -26.3552391375104], [79.9393460200566, -26.4551521797713], [80.0331502867271, -26.5391029282884], [80.0559675407578, -26.5595141026968], [80.0610380418532, -26.580677409109], [80.1472365559824, -26.9398535494814], [80.2218172241191, -27.019610141128], [80.2993515816561, -27.1024654271542], [80.2841400792684, -27.2648414562694], [80.0711790431455, -27.3999739577845], [79.9190640174719, -27.3999739577845], [79.5387764532877, -27.33242829796], [79.5109679250781, -27.3001184720938], [79.3410269195525, -27.1024654271542], [79.1225741910437, -27.1150108623468], [79.0672198738789, -27.088923432309], [78.7629898225316, -27.048287625473], [78.4131252631227, -27.0076370989366], [77.9872031917754, -27.0753798001744], [77.8938440942271, -27.2000019654916], [77.8520684476906, -27.2557219424307], [77.8350881661017, -27.3864681230334], [77.5764926219175, -27.453980787871], [77.3906357180405, -27.3508539283793], [77.3331085810193, -27.3189142213287], [77.1201475448965, -27.2783621156893], [76.9071865087736, -27.33242829796], [76.8442570249062, -27.3803355483672], [76.6942254735491, -27.4944685648856], [76.6814548680615, -27.5114596041026], [76.6029564574263, -27.6158425281602], [76.5421104478755, -27.8850808362471], [76.5421104478755, -28.1334660709917], [76.5421104478755, -28.247492480303], [76.6181679607123, -28.5552457779345], [76.5573219502632, -28.7154570342233], [76.4660529350386, -28.7688063750379], [76.1618228836912, -28.8088004933884], [75.9112829422915, -28.8088004933884], [75.6389790520743, -29.2849069041947], [75.4925167705474, -29.2742610056685], [75.2187097239754, -29.3140597317868], [75.0361716935263, -29.4598555439212], [75.0818062006894, -29.592215623632], [75.1211777354384, -29.7860327993951], [75.1274407087509, -29.8168295113949], [75.0361716935263, -30.080436346553], [74.9870505193184, -30.0774001813604], [74.8232106574035, -30.0672726138878], [74.7611819834418, -30.1044300651983], [74.5050236611498, -30.0988897644498], [74.4429230932193, -30.0541071293513], [74.4027149502597, -30.0105947364684], [74.1995390523211, -29.7904304364155], [74.1543888529788, -29.705496800556], [74.1082700370965, -29.6186668452051], [74.0322125242597, -29.4068630630539], [73.8344629905246, -29.2875289709506], [73.5606559439526, -29.3007952131525], [73.3020604006667, -29.4333627603218], [73.1803683797684, -29.5657574661213], [73.2716373958913, -29.724402285724], [73.3172719030544, -29.9223560819575], [73.3020604006667, -30.1725334066167], [73.3629064111158, -30.4220772615781], [73.5910789496264, -30.605544508563], [73.8496744929123, -30.6709845292332], [74.0408953119109, -30.7075267416086], [74.1234815394842, -30.7233046545102], [74.2755965651579, -30.788664900298], [74.4277115908316, -30.8409211335398], [74.4809300106948, -30.9525501199624], [74.5646151141176, -31.1278212795851], [74.8079991550158, -31.2839479905096], [74.8390049750694, -31.2886239413193], [74.9249559548289, -31.4028108954025], [74.8992681702404, -31.5306205247963], [74.9905371854649, -31.8025024157686], [75.0529610462864, -32.0038803937339], [75.0665946983017, -32.0478035763937], [74.9905371854649, -32.1766462506647], [74.9547807732532, -32.2014048259636], [74.8232106574035, -32.2924490317861], [74.7471531445667, -32.4722929498201], [74.7244211595211, -32.5298081595461], [74.7015186365053, -32.5877176364904], [74.4733460979947, -32.6773897783323], [74.2147505547088, -32.6773897783323], [74.138693041872, -32.5236111192003], [74.138693041872, -32.3952608246601], [74.1539045442597, -32.266727836859], [74.0936034303023, -32.1391660401102], [74.0930585338105, -32.1380125435136], [73.8953090009737, -32.0478035763937], [73.7431939753, -32.0091153365682], [73.4693869287281, -31.9575056071933], [73.2107913854422, -31.9962156259942], [72.8761383284211, -32.0478035763937], [72.7685720836002, -32.0548166736563], [72.6783887955843, -32.0606960238701], [72.556696774686, -31.9962156259942], [72.4654277594614, -31.9316898586593], [72.4502162570737, -31.7249031043578], [72.454839956808, -31.6619563317097], [72.4654277594614, -31.5176539363816], [72.4502162570737, -31.3749027711686], [72.2981012314001, -31.3229393725665], [72.0868320741985, -31.3229393725665], [72.0547171905018, -31.3229393725665], [71.8721791591544, -31.3359329132827], [71.5983721134808, -31.3619146126202], [71.2789305588474, -31.2189265157719], [71.3186725758875, -31.0318128763108], [71.3397765692965, -30.9323010886394], [71.1876615436229, -30.77559640048], [71.0747661323122, -30.7028209766885], [71.0051235131738, -30.6579000672692], [70.9331419011227, -30.5959597026967], [70.8530084875001, -30.5269580895091], [70.7769509746633, -30.2382643870844], [70.7313164666018, -30.0541071293513], [70.518355430479, -29.935539051937], [70.518355430479, -29.7640243970347], [70.4727209233159, -29.5128203554674], [70.1684908719685, -29.420113775655], [69.8642608206211, -29.420113775655], [69.6817227892737, -29.3140597317868], [69.5296077636001, -29.0484424357938], [69.4079157436001, -28.8621021076681], [69.0428396818036, -28.7421351104766], [68.8946251752296, -28.7690185618303], [68.8100273116129, -28.7319341263669], [68.1832640376992, -28.7319341263669], [67.8072060742493, -28.8051877774424], [66.971521709031, -28.8417953096741], [66.7807610430535, -28.8417953096741], [66.7611142966984, -28.8354547130336], [66.4720957477387, -28.7688063750379], [66.3047692196773, -28.6487320736357], [66.0613851787791, -28.5151547778384], [65.8940586507177, -28.4884189737491], [65.726732121758, -28.5285201390302], [65.5196032817347, -28.5740051050112], [65.4833480808598, -28.5819646336139], [65.395567479005, -28.5551497050263], [65.1334835223493, -28.4750485318779], [64.7988304653282, -28.5151547778384], [64.5402349220423, -28.6887721518999], [64.5098119163686, -28.8487792637283], [64.6010809324914, -29.0085406043846], [64.6641804979848, -29.1109735037233], [64.6467154396546, -29.1414866893919], [64.4641774092054, -29.181337041907], [64.3272738859195, -29.1680553095794], [64.0686783426335, -29.1946170550688], [64.0671117301854, -29.1946170550688], [63.9401777171091, -29.1946170550688], [63.7796597936739, -29.1946170550688], [63.4602182399388, -29.1946170550688], [63.2168341981423, -29.207895349358], [63.0836864888384, -29.2272632888611], [63.0342961676932, -29.234446775437], [62.8061236291826, -29.3140597317868], [62.5779510906721, -29.4863414107751], [62.4258360649985, -29.4995817485341], [62.3287051661509, -29.5515922464787], [62.2280865312633, -29.6054421021377], [61.9847024903651, -29.6715484621516], [61.4979344085687, -29.6318898531385], [61.3762423876704, -29.5128203554674], [61.3107486619262, -29.462144907718], [61.2393388643844, -29.4068630630539], [60.9046858082616, -29.3273225263666], [60.6308787616897, -29.3671005616994], [60.5091867416897, -29.5260572310943], [60.493975239302, -29.6979788499111], [60.4264734968268, -29.8078598705039], [60.3722832184037, -29.8959849060675], [60.344607469278, -29.902528232229], [60.2049566903424, -29.935539051937], [59.9463611461581, -29.9618997505178], [59.7181886076476, -29.9618997505178], [59.4748045667493, -29.935539051937], [59.2770550339126, -29.935539051937], [59.0640939977897, -30.0277709104011], [58.9271904745038, -30.1856831139405], [58.9271904745038, -30.2629784662225], [58.9271904745038, -30.3827178422428], [58.8511329616669, -30.5138541652432], [58.6685949312178, -30.5662592561845], [58.5469029103196, -30.5400602459988], [58.541684867227, -30.5400602459988], [58.4385762649669, -30.5400602459988], [58.3947878846459, -30.5400602459988], [58.1818268485231, -30.5531606350394], [58.0810686226269, -30.5477374376638], [58.0297596473585, -30.6272425135307], [57.8472216169094, -30.617424893671], [57.5848231978019, -30.6370591375333], [57.4251024204853, -30.676315672778], [57.3908765398884, -30.8527725434081], [57.3338334052607, -30.9213072082056], [57.1969298819747, -30.9213072082056], [57.0143918515256, -30.9213072082056], [56.9003055822704, -31.0289053742301], [56.8090365661475, -31.0289053742301], [56.8546710742089, -30.9115195449044], [56.8774883282397, -30.803789204056], [56.9003055822704, -30.725363912248], [56.9687573434642, -30.6076062773684], [57.0029832240611, -30.5093653984315], [56.9117142088366, -30.4208636496673], [56.7748106855506, -30.3224341487248], [56.6379071622646, -30.3125857500736], [56.5466381470401, -30.2928859843458], [56.5466381470401, -30.1548768975763], [56.6036812816677, -30.0364294466438], [56.5922726551015, -29.8881708360534], [56.5352295204739, -29.7991096319728], [56.5694554010708, -29.7198774968293], [56.6493157897291, -29.8090092430039], [56.7519934315199, -29.8485978842921], [56.8318538201782, -29.8090092430039], [56.8546710742089, -29.7793074727101], [56.9117142088366, -29.7297849395117], [56.9003055822704, -29.6703256188653], [56.8090365661475, -29.6306665287028], [56.717767550923, -29.581070701162], [56.717767550923, -29.4818059276231], [56.7748106855506, -29.3824438315591], [56.9003055822704, -29.3625597513882], [56.957348716898, -29.3128325662813], [57.1627040013778, -29.1535427814444], [57.3553135394489, -28.9716805120609], [57.4226880912597, -28.83897330313], [57.1627040013778, -28.9640648877672], [56.9003055822704, -29.1535427814444], [56.683541670326, -29.2531279440263], [56.3813568367422, -29.3250063878041], [56.3070569819634, -29.342671788096], [56.1359275780805, -29.4122626669933], [56.0332499353914, -29.5016666740017], [56.0332499353914, -29.6108311248909], [56.1017016974836, -29.7595013956469], [56.0902930700191, -29.9079514241142], [56.0332499353914, -29.9969154459242], [55.873529158973, -30.1154101845494], [55.6795825010594, -30.243619259028], [55.5883134849366, -30.3421279743183], [55.4742272156813, -30.4503731664841], [55.3373236932936, -30.4897052932455], [55.14337703538, -30.5093653984315], [54.9836562580633, -30.5683218615286], [54.8239354816449, -30.6959379603989], [54.7212578389559, -30.8135878715366], [54.6984405849252, -31.0289053742301], [54.7212578389559, -31.2339827053545], [54.6756233308945, -31.33148256298], [54.5729456891037, -31.3801946660507], [54.3789990311901, -31.3607128530358], [54.2420955079041, -31.2632432462273], [54.1356817072697, -31.2177514607159], [54.1394178661134, -31.1851949953261], [53.8542021929753, -31.1559102923532], [53.7971590583476, -31.1168499413083], [53.6716641616278, -31.0289053742301], [53.5347606383419, -31.0191287365019], [53.4320829965511, -31.1168499413083], [53.3750398619235, -31.2144706415426], [53.2381363386375, -31.3801946660507], [53.0898241887853, -31.5164541713838], [53.0213724266932, -31.5942276926355], [52.9985551735608, -31.7592808966781], [52.8616516502748, -31.9627644133207], [52.6106618577336, -32.0014722142974], [52.4395324538507, -32.0111466132719], [52.4053065732537, -32.0498339944786], [52.3596720651923, -32.1368208152312], [52.3368548111616, -32.223724753173], [52.3140375580292, -32.3491060943789], [52.2684030499678, -32.4646886951287], [52.1999512887739, -32.522424456321], [52.0060046308603, -32.5608943706615], [51.8576924810082, -32.5608943706615], [51.9489614962327, -32.4743138947361], [52.063047765488, -32.3683801376075], [52.0858650195187, -32.2719688604797], [52.0858650195187, -32.1174975689779], [52.028821884891, -32.0691715556711], [51.8462838535436, -32.098170231074], [51.6865630771252, -32.1368208152312], [51.4013474039871, -32.3009030193095], [51.0704972227875, -32.4935612075993], [50.7624642956187, -32.7146090551992], [50.6597866538279, -32.8393075499368], [50.6826039069603, -32.9638311255042], [50.5913348917358, -33.0116781598567], [50.488657249945, -33.1072943726712], [50.3631623532253, -33.2314400434114], [50.2947105920314, -33.2886787089301], [50.1463984421793, -33.4220896271054], [49.9296345302349, -33.4220896271054], [49.6786447376937, -33.4030434468078], [49.4732894532139, -33.3839930903867], [49.302160049331, -33.4125670586715], [48.9941271221621, -33.3744663468769], [48.9028581069376, -33.4125670586715], [48.9142667335037, -33.4792030986305], [49.0511702567897, -33.5267689163944], [49.0625788842543, -33.5933171272816], [49.0397616302235, -33.6693094034916], [48.9142667335037, -33.7642054074011], [48.8229977182792, -33.8874132777553], [48.7431373296209, -34.029355382412], [48.5834165532025, -34.2465393754619], [48.3780612687227, -34.3596309527772], [48.0928455955845, -34.5477781174294], [47.7734040409512, -34.7355008566128], [47.5224142493082, -34.7917347578574], [47.4311452331854, -34.8385670698371], [47.3969193525884, -34.9227981171687], [47.2257899487056, -35.1190011902818], [47.1117036794503, -35.3054230140467], [46.997617410195, -35.3705694536533], [46.9405742755674, -35.3519615451277], [46.8378966337767, -35.3054230140467], [46.780853499149, -35.2588576976235], [46.67817585646, -35.2309056566041], [46.5298637066078, -35.2309056566041], [46.3587343027249, -35.2309056566041], [46.2560566600359, -35.1842975156114], [46.1191531367499, -35.1563197924507], [45.9822496143622, -35.2309056566041], [45.868163345107, -35.2961120926592], [45.7654857024179, -35.361266035464], [45.6171735525657, -35.3705694536533], [45.4460441486828, -35.3798718003065], [45.3661837600245, -35.4356633528536], [45.3890010140552, -35.5099919907892], [45.457452775249, -35.5564124859239], [45.4916786558459, -35.6399016628783], [45.4232268946521, -35.7047774521316], [45.3319578794275, -35.77885661469], [45.1836457295754, -35.8251210764552], [44.9212473095696, -35.8158703400866], [44.6246230098653, -35.8343707347461], [44.2025038134411, -35.8713585862824], [44.0199657829921, -35.9360457935406], [43.9286967677675, -36.0283643261893], [43.9058795137368, -36.1113586182008], [43.8944708862723, -36.2586876564289], [43.700524229257, -36.3873730730767], [43.3354481674605, -36.442458890631], [42.8676944629749, -36.4975056283093], [42.6052960438675, -36.5250143352565], [42.34289762476, -36.5158458528645], [42.2858544901324, -36.4241012924316], [42.34289762476, -36.332248200303], [42.4683925205815, -36.1113586182008], [42.5140270286429, -36.0375902377971], [42.5710701632706, -35.9452825059336], [42.6509305519289, -35.8158703400866], [42.7307909405873, -35.5842518884275], [42.8562858364087, -35.361266035464], [42.9817807322302, -35.1936212843667], [43.0844583749192, -35.1003354747054], [43.2555877788021, -34.9227981171687], [43.3354481674605, -34.7448758338674], [43.3354481674605, -34.5665695081806], [43.3810826746236, -34.5289824824063], [43.4495344367157, -34.4631643526837], [43.426717182685, -34.3596309527772], [43.426717182685, -34.2182426952684], [43.5864379600017, -34.0860658769934], [43.7461587364201, -33.9347536223453], [43.7347501098539, -33.7926537480266], [43.700524229257, -33.7072803911788], [43.6548897211955, -33.5838133793509], [43.6548897211955, -33.4601694538275], [43.7461587364201, -33.3554097285038], [43.8716536331399, -33.2696033208485], [44.0656002901552, -33.1741638891817], [44.1112347982166, -33.0786204152591], [44.0998261716504, -32.9829730516287], [44.0998261716504, -32.8105464871846], [44.156869306278, -32.7434011381235], [44.3850418447885, -32.6281770418513], [44.4420849794162, -32.5320434796127], [44.4763108600131, -32.3780156181282], [44.5675798752376, -32.2816146056155], [44.6246230098653, -32.2140728563869], [44.6930747710591, -32.0885050285502], [44.613214383299, -31.99179679518], [44.4649022325486, -31.953084911506], [44.4420849794162, -31.8756121927577], [44.5561712486714, -31.8271586299455], [44.6588488904622, -31.7689807675006], [44.6588488904622, -31.6816453486108], [44.6246230098653, -31.5164541713838], [44.5219453671762, -31.4288815224167], [44.4877194865793, -31.3217371142474], [44.4991281140438, -31.2339827053545], [44.5675798752376, -31.1168499413083], [44.647440263896, -31.0191287365019], [44.7729351597174, -30.9995724507493], [44.7843437871819, -30.9115195449044], [44.6930747710591, -30.8233855388566], [44.5219453671762, -30.7057476081701], [44.4134618014148, -30.6590991974279], [44.3403156736165, -30.6549043394115], [44.3012977957135, -30.5793529744691], [44.2720343875108, -30.5037426956486], [44.2652633162938, -30.5037426956486], [44.1939986317047, -30.5037426956486], [44.1062084061983, -30.5625557790915], [44.1159628750003, -30.6129386377303], [44.1159628750003, -30.671685521669], [44.0896387885433, -30.6975580151323], [44.054191663589, -30.6861273146911], [43.9058795137368, -30.617424893671], [43.7689759904508, -30.55849826969], [43.6206638405986, -30.6566893979918], [43.5522120785065, -30.5683218615286], [43.5293948253741, -30.3815037410709], [43.6092552131341, -30.243619259028], [43.780384617017, -30.2140473610153], [43.8830622597061, -30.1154101845494], [43.917288140303, -30.0364294466438], [43.9857399023951, -30.0265524229353], [44.2481383215026, -29.9277280848568], [44.3165900826964, -29.838702194636], [44.3508159632933, -29.6604123116068], [44.373633217324, -29.3923844145714], [44.3508159632933, -29.2332186536952], [44.2595469480687, -29.1834284880223], [44.2025038134411, -29.0538609737416], [44.2595469480687, -28.9341155268367], [44.1910951868749, -28.8342218347304], [44.2253210674718, -28.6641824114721], [44.2595469480687, -28.4938666708928], [44.2481383215026, -28.3533999196132], [44.2139124409056, -28.1725264658658], [44.156869306278, -27.9006423273478], [43.9515140208999, -27.7089056589087], [43.7347501098539, -27.6179651025849], [43.6419930129033, -27.5432230915732], [43.6206638405986, -27.4864731332049], [43.563620705971, -27.3446906203009], [43.5750293325372, -27.2230181368835], [43.700524229257, -27.1012125858332], [43.8944708862723, -26.9487691401163], [43.9629226483644, -26.8164844353116], [43.9401053943337, -26.7248121381461], [43.8260191250784, -26.6534603564084], [43.563620705971, -26.490203123349], [43.3582654214912, -26.3880493947401], [43.2441791522359, -26.2244154078781], [43.1985446441745, -26.0912930040262], [43.1985446441745, -25.9580189615688], [43.2099532707407, -25.8553976260289], [42.970372105664, -25.9067194533727], [42.7536081937196, -25.937501838438], [42.479801148046, -25.937501838438], [42.4113493859539, -25.8553976260289], [42.3543062513262, -25.7629621927888], [42.2516286095355, -25.5675844138057], [42.1717682208771, -25.3718873702779], [42.1261337128157, -25.258443851333], [42.0576819516219, -25.2068435285789], [41.9207784283359, -25.1655475122514], [41.8637352937083, -25.0725803555692], [41.8637352937083, -24.9898835837373], [41.8979611743052, -24.7828983968328], [41.9435956823666, -24.6689090046272], [41.7952835325144, -24.5963159967677], [41.612745501167, -24.5651918066917], [41.4073902166872, -24.5651918066917], [41.2020349322074, -24.6481724491108], [41.0309055283245, -24.7000073748098], [40.8940020050385, -24.7000073748098], [40.700055347125, -24.6274324493303], [40.5517431972727, -24.5859421263799], [40.4947000626451, -24.502920243061], [40.483291436079, -24.3782845851082], [40.449065555482, -24.3159206077734], [40.1980757629408, -24.0765749318916], [39.9813118509965, -23.9098094049825], [39.7873651930829, -23.8785168463795], [39.5706012820368, -23.8993793928878], [39.4679236393478, -24.0140631822491], [39.3538373700925, -23.9932191734641], [39.0115785623268, -23.7741537036648], [38.635093873964, -23.6383563680252], [38.5438248587395, -23.5338008883851], [38.4183299620197, -23.3558658713537], [38.2586091856013, -23.3663392647073], [38.1102970357492, -23.3349166037451], [38.1217056623154, -23.240604035112], [38.178748796943, -23.1462247519701], [38.2700178121675, -22.9257481505136], [38.3384695742597, -22.8101167976386], [38.3498782008259, -22.7154362469647], [38.315652320229, -22.6101587735349], [38.2586091856013, -22.5258787318441], [38.2472005581368, -22.4099097001456], [38.3498782008259, -22.3255077153236], [38.3726954548566, -22.2093716017677], [38.2814264396321, -22.1142795798771], [38.1445229163461, -22.1776814053251], [38.0076193930601, -22.2938437921661], [37.8821244972386, -22.3677151032322], [37.8821244972386, -22.4310021952099], [37.8364899891772, -22.5258787318441], [37.7452209739527, -22.5890935944385], [37.6539519587281, -22.6417504942528], [37.5998508246223, -22.7332611464817], [37.4835517694636, -22.7383688724052], [37.4744325694676, -22.7366867713987], [37.4030535679704, -22.723519698381], [37.4030535679704, -22.6641068927587], [37.451352489046, -22.6120995745737], [37.5002175275154, -22.5669834463656], [37.5284570620083, -22.4626349295928], [37.5626829426053, -22.3677151032322], [37.5398656894728, -22.2938437921661], [37.44859667335, -22.1776814053251], [37.3687362855899, -22.2199334107726], [37.2888758969316, -22.2727305225168], [37.231832762304, -22.3888140017516], [37.1861982542425, -22.4837194080365], [37.1063378655842, -22.4626349295928], [37.0264774778242, -22.3993622506974], [37.0264774778242, -22.2516140666681], [36.9123912085689, -22.3149538723988], [36.8325308199106, -22.4310021952099], [36.7868963118491, -22.5364165534199], [36.7184445506553, -22.6417504942528], [36.5359065193079, -22.6312207276835], [36.4446375040834, -22.5785597966853], [36.4332288775172, -22.4415472418939], [36.4446375040834, -22.3255077153236], [36.501680638711, -22.2621726928221], [36.4788633846803, -22.1988089977973], [36.4104116234864, -22.1565506365826], [36.4104116234864, -22.0402747411387], [36.3419598622926, -22.029699457664], [36.2506908461698, -22.0931392975467], [36.2164649655728, -22.2199334107726], [36.0795614422869, -22.3255077153236], [35.8627975312409, -22.4520914862334], [35.7144853813887, -22.4837194080365], [35.6802594998934, -22.6312207276835], [35.5433559775058, -22.7364820411378], [35.4749042154137, -22.7154362469647], [35.417861080786, -22.6101587735349], [35.3265920655615, -22.5680251935781], [35.2125057963062, -22.5680251935781], [35.0870109004847, -22.6312207276835], [35.0299677658571, -22.6838614880649], [35.0527850189895, -22.7890823502928], [35.0185591383926, -22.8837117758883], [34.9044728691373, -22.967771485946], [34.7333434652544, -23.0517789617407], [34.5165795542084, -23.1042570432082], [34.4024932849532, -23.0097817619771], [34.2998156422641, -22.8942220908237], [34.1400948649474, -22.820632803341], [33.980374088529, -22.7995999793066], [33.8548791918093, -22.8311479977782], [33.7065670419571, -22.9362552080126], [33.524029011508, -23.0622762158051], [33.4213513688189, -23.1776919129445], [33.4327599962834, -23.240604035112], [33.5126203840435, -23.2930081562006], [33.6495239073294, -23.2930081562006], [33.7636101765847, -23.3453916503881], [33.7522015500185, -23.3872835707395], [33.6152980267325, -23.5128798047876], [33.3186737270282, -23.6697067540689], [32.9878235458286, -23.8054714587455], [32.9609567960916, -23.8318055266757], [32.9593730896018, -23.8308821334345], [32.8768272017746, -23.8578465408201], [32.7978527972265, -23.9380729775344], [32.7101034594386, -24.0342789031235], [32.6750037237844, -24.154435056973], [32.6048042533744, -24.306470727044], [32.5082799823467, -24.34644990045], [32.3240063726327, -24.3784241540057], [32.1660575644347, -24.4263703752037], [32.0695332925087, -24.538174006478], [32.0256586236147, -24.6419025676655], [32.2538069022227, -24.6179728370246], [32.4468554451765, -24.6179728370246], [32.5697045186186, -24.657853174846], [32.6223541216507, -24.7614823984491], [32.5609295844805, -24.8729864896969], [32.4205306445587, -24.97643601051], [32.4117557104206, -25.0480040016057], [32.5258298497246, -25.1115849445745], [32.6837786579225, -25.2307100820497], [32.7188783926784, -25.3497186240575], [32.7013285253005, -25.5636389082586], [32.6135791875125, -25.7218526310977], [32.4205306445587, -25.8324772333971], [32.2362570348447, -25.8798561713736], [32.0870831598866, -25.9508889458803], [31.9817839547207, -26.1243441321797], [31.9466842190666, -26.2896751309989], [31.8852596827947, -26.360459289864], [31.8062852791449, -26.4861908104926], [31.7799604776288, -26.6666891598032], [31.7624106093526, -26.8547312570007], [31.6483364700486, -26.9173427048136], [31.5518121990209, -26.8703873705663], [31.3763135225467, -26.6196300675428], [31.2183647143487, -26.4312001417188], [31.2008148469708, -26.2975421732155], [31.235914582625, -25.9035385163164], [31.2271396484869, -25.6665016892635], [31.0779657735287, -25.428992680569], [30.8498174949207, -25.2465846328448], [30.5339198785248, -25.1513062540676], [30.244347063645, -25.1195302401147], [30.1214979902029, -25.1592489657216], [29.989873983521, -25.2941958396973], [29.7968254405672, -25.413142034231], [29.7441758375351, -25.5002947753203], [29.805600373807, -25.5794697122328], [29.8582499768391, -25.6744105418914], [29.8143753079451, -25.7534701837208], [29.6739763671251, -25.8403750416826], [29.4195032870011, -25.9429985294706], [29.1650302068771, -26.0376486067073], [28.8930072593752, -26.1085860859915], [28.7294565624553, -26.1357796358977], [28.5397026689595, -26.2121193666732], [27.9818312786265, -26.1928676731151], [27.7458087679883, -26.1350935015709], [27.5312428484912, -26.0001759649548], [27.2308505617344, -26.0001759649548], [26.9304582749775, -26.0194594099975], [26.8017187227403, -25.9037112839429], [26.6515225793619, -25.7105453138231], [26.6509659975849, -25.7041512840166], [26.6290743415718, -25.6902266719248], [26.5764247385397, -25.5319710235747], [26.5676498044016, -25.333857569608], [26.5325500696457, -25.1592489657216], [26.4360257977197, -25.0639023323209], [26.2693020553836, -24.9366580066288], [26.1209427547588, -24.8575775893649], [26.0541090534278, -24.8410481986338], [25.9446295057479, -24.7933509470874], [25.78668069755, -24.7774176955082], [25.6199569552139, -24.7375756193004], [25.532207617426, -24.6179728370246], [25.4005836107441, -24.4183806023205], [25.3216092061959, -24.3144675700004], [25.163660397998, -24.2744783126499], [25.0759110602101, -24.2984733791336], [24.953061986768, -24.3224639095162], [24.86531264898, -24.2744783126499], [24.8477627816021, -24.1464281549321], [24.8477627816021, -23.8979659806334], [24.751238509676, -23.7695400497669], [24.5318651652062, -23.5766633698192], [24.4353408932802, -23.5123079959067], [24.3300416881143, -23.5123079959067], [24.286167018322, -23.5927472891035], [24.1369931442622, -23.5927472891035], [24.058018739714, -23.5203541400019], [24.0053691375803, -23.4157159607484], [23.9000699315161, -23.2787564918167], [23.8912949982763, -23.157792791069], [23.9439446004101, -23.0932340843575], [24.1106683427461, -22.9801817171418], [24.242292349428, -22.9074551791999], [24.286167018322, -22.8346896107776], [24.2773920850822, -22.7618851100106], [24.2335174161882, -22.6890417720263], [24.1545430116401, -22.6242596136291], [24.1545430116401, -22.5432389763656], [24.1808678131561, -22.4783881984148], [24.2598422177043, -22.4216188397382], [24.3037168865982, -22.3648262630791], [24.2247424820501, -22.3404794910613], [24.0755686079903, -22.3485955538457], [23.9790443360642, -22.3810550799171], [23.8825200641382, -22.4053947565408], [23.7947707263502, -22.5108173903463], [23.7596709915944, -22.6242596136291], [23.7245712559402, -22.7214213775925], [23.6280469840142, -22.7457010546636], [23.4086736395443, -22.7457010546636], [23.2507248313464, -22.7376083077155], [23.1542005594203, -22.6728490995445], [23.0313514868765, -22.5513431839836], [22.8821776119184, -22.4540613190155], [22.7856533399923, -22.3648262630791], [22.7242288037205, -22.2592928938966], [22.6891290689646, -22.1292963998466], [22.5662799955225, -22.031720214765], [22.4258810547025, -21.9991798547334], [22.2416074449885, -21.9829068736099], [22.1275333056845, -21.9829068736099], [22.0397839678965, -21.9096553821669], [21.9695844974865, -21.8119281240353], [21.8379604908047, -21.7059816015271], [21.7414362188786, -21.6733669561184], [21.5483876759248, -21.6407449318277], [21.3465641979346, -21.5917980770764], [21.1798404564968, -21.4856898091393], [21.0394415156768, -21.3713328101989], [21.0306665815387, -21.2814181550281], [21.0569913830547, -21.2241710928919], [21.1622905891189, -21.2159911256112], [21.1710655223587, -21.1669018077402], [21.1359657876028, -21.1096103498604], [21.0482164498149, -21.1177961999223], [20.9341423105109, -21.1914485049388], [20.8200681712069, -21.2078107049581], [20.7235438992809, -21.1914485049388], [20.5743700243227, -21.0850500919159], [20.3900964146088, -20.9457987239414], [20.3198969441987, -20.7818076278643], [20.3286718783369, -20.6669076919039], [20.3286718783369, -20.4697342270324], [20.293572143581, -20.3052291896634], [20.2584724079268, -20.1899714973318], [20.179498004277, -20.0334139470561], [20.1356233353831, -19.8436881022101], [20.0741987982129, -19.8189244790006], [19.9776745262868, -19.7446104788499], [19.9162499900149, -19.661998777193], [19.8460505196049, -19.5545399278417], [19.8460505196049, -19.4139087829133], [19.898700122637, -19.2980034452887], [19.8636003878811, -19.2400199400853], [19.8197257180889, -19.0991176662502], [19.8372755863651, -18.9414965805267], [19.740751314439, -18.9497961501514], [19.5477027705869, -18.9414965805267], [19.3283294261171, -18.958095306163], [19.2581299557071, -19.0161778322223], [19.1703806179191, -19.0161778322223], [19.1177310148871, -18.933196599142], [19.0563064786152, -18.7338736504178], [18.9685571408272, -18.7172527478171], [18.8193832658691, -18.7504929179974], [18.6438845902932, -18.8418696096997], [18.5210355168511, -18.908294179167], [18.3455368412752, -19.0991176662502], [18.2577875034873, -19.1488616317719], [18.1437133641833, -19.273155883778], [18.0822888279114, -19.2980034452887], [18.0033144233633, -19.3642451540999], [18.0910637611512, -19.4883757795432], [18.1173885626673, -19.5958787497588], [18.0910637611512, -19.6454713215965], [18.0208642907412, -19.6867867657458], [17.9682146886074, -19.8024132536087], [17.9155650855754, -19.8767002586168], [17.8278157477874, -19.8767002586168], [17.7049666743453, -19.9262055979918], [17.6786418728293, -20.1075923123491], [17.5821176018015, -20.1323106301414], [17.4504935942213, -20.1405492004559], [17.3978439920876, -20.2064421149949], [17.3802941238113, -20.3710522645087], [17.3100946542996, -20.4532916296244], [17.1960205149956, -20.5354869938238], [17.0205218385214, -20.6422749468172], [16.9590973022496, -20.7407819463807], [16.8976727659777, -20.7407819463807], [16.8346812462534, -20.7276904516688], [16.8271937685973, -20.7031785420139]]]}, "properties": {"OBJECTID": 29, "id": 2, "name": "Essos", "Symbol": 2, "Visible": null, "Shape__Area": 58185621856285.26, "Shape__Length": 79662730.83534136}}, {"type": "Feature", "id": 32, "geometry": {"type": "Polygon", "coordinates": [[[44.1098739763253, -47.5404544752672], [43.8309415353059, -47.5766532737026], [43.8265289351719, -47.5772257230022], [43.7841474495364, -47.6036101877346], [43.684856414146, -47.6653714370306], [43.5431838940184, -47.7460411352663], [43.4015113729925, -47.841217116304], [43.2707367386831, -47.9727115180064], [43.0854726734863, -48.0237580231469], [42.8348212906857, -48.0529047800747], [42.7372981837918, -48.0403669564009], [42.5514762495322, -48.0164687576776], [42.3335185250843, -47.8704669655825], [42.2368321207242, -47.8350777403542], [42.2169573576954, -47.8278001730549], [42.0937650290001, -47.7826679116221], [41.9302967363379, -47.7973114014284], [41.7408486419412, -47.8312370576689], [41.6033601501152, -47.8558441037751], [41.3963003123838, -47.9435194091432], [41.1456489295832, -47.9727115180064], [40.7533250266549, -47.9289171688509], [40.4917757571378, -47.8046315994095], [40.3610011228284, -47.6873846459544], [40.153941285097, -47.6066241413376], [39.9837646370994, -47.5061337934851], [39.9795751057183, -47.503657419078], [39.8923920164781, -47.4447284404236], [39.6744342920303, -47.3783543416061], [39.4760669599248, -47.3082250307404], [39.4237829092296, -47.2897254026923], [39.3365998199894, -47.2675449241653], [39.0968463239052, -47.1342667680058], [38.9102230214453, -46.9880662427676], [38.8788885994573, -46.9634795744339], [38.7126400569234, -46.9634795744339], [38.6827266475441, -46.9634795744339], [38.3339942896851, -46.8890536803613], [38.1814238828411, -46.777220928586], [37.9307725000404, -46.6875871548575], [37.5711422554649, -46.6052919842356], [37.4381494489537, -46.4737901397432], [37.3967760760863, -46.4328156413474], [37.2701601456723, -46.3940177114848], [37.1025331491147, -46.3426106208451], [36.9935542864416, -46.2371830091475], [36.950577936425, -46.0933209251953], [36.928166969736, -46.0181516076949], [36.928166969736, -45.9859260083429], [36.928166969736, -45.8589989057359], [37.1897162383548, -45.7222186915527], [37.4434036761859, -45.7428089377428], [37.5925556196747, -45.7238802371421], [38.155381214308, -45.7769520424118], [38.7029953065536, -45.7663417185918], [38.8570928269227, -45.752643303142], [39.0314590063014, -45.699389353247], [39.1077442097234, -45.6384655302648], [39.1077442097234, -45.5393228809859], [39.129539982258, -45.4552961662571], [39.3257019341713, -45.3634876515374], [39.5654554302555, -45.3634876515374], [39.8147155939723, -45.3985031786781], [39.8923920164781, -45.409410562382], [40.1321455125624, -45.409410562382], [40.3418358734655, -45.3619034378656], [40.4002525204845, -45.3486615423445], [40.4699799846032, -45.3328516517761], [40.6443461639818, -45.294533333912], [40.8296102291787, -45.2715299064403], [41.0039764085573, -45.2178189705313], [41.0366700678084, -45.1102447501462], [40.9930785227391, -44.9870540479667], [40.8732017742479, -44.9176426814993], [40.6552440506983, -44.9022065328375], [40.5135715296724, -44.8095025838401], [40.459082098785, -44.6469115672124], [40.4946670333888, -44.5265314789152], [40.5026736438543, -44.4994116033292], [40.6552440506983, -44.3671208572586], [40.9930785227391, -44.3359501037568], [41.0802616119793, -44.2501450505721], [41.0802616119793, -44.093814693868], [41.1565468154013, -43.9762950006081], [41.3348758632485, -43.9549027451192], [41.3527087673146, -43.9527630959274], [41.4507897432712, -43.9135225403513], [41.4507897432712, -43.8775133194155], [41.4507897432712, -43.7799109895061], [41.6142580359334, -43.6854167788384], [41.6947274598965, -43.6702346236884], [41.8649094187341, -43.6381137651884], [41.8649094187341, -43.5644572226632], [41.8649094187341, -43.5275951374262], [41.9738882805089, -43.369359479577], [42.2135129689611, -43.3145883230166], [42.300907592586, -43.3278344130412], [42.4983306983099, -43.4075672139096], [42.8493051100825, -43.4712779880014], [43.1125359180137, -43.4712779880014], [43.2660872231642, -43.359740110238], [43.4635103297863, -43.2799444278247], [43.5512539318312, -43.1840512893142], [43.5951257333028, -43.0719852879282], [43.5973914605191, -43.0587430146432], [43.6170616340385, -42.9436584837136], [43.6170616340385, -42.8150636282977], [43.4635103297863, -42.637808190262], [43.4003641785606, -42.630661089821], [43.178343620221, -42.6055255181418], [43.0587408237555, -42.6231293227599], [42.9589846137615, -42.637808190262], [42.8054333086109, -42.8150636282977], [42.6738179041962, -42.9275987840607], [42.5641384005172, -42.9436584837136], [42.3886511955292, -42.9275987840607], [42.0596126844924, -42.7989704284033], [42.0815485852282, -42.637808190262], [41.9256950498197, -42.5148437044802], [41.9193988496215, -42.5157718865639], [41.559768605046, -42.5077386324059], [41.0475679536265, -42.5398654525145], [40.3392053502938, -42.5880247037754], [39.8596983581254, -42.5559226671193], [39.7180258370995, -42.4755952924388], [39.6962300645649, -42.3146308537575], [39.7523227043668, -42.1900731971188], [39.7725152679869, -42.1451739818718], [39.8379025855908, -42.0804993418078], [39.8488004714089, -41.9833636615471], [39.9054877546064, -41.8809465985292], [39.9250856748309, -41.8455007350607], [40.077656081675, -41.7317430144679], [40.1212476267442, -41.6585064742548], [40.1212476267442, -41.5688819199755], [40.0994518542096, -41.4709676801734], [40.0903522383851, -41.4232222667712], [40.0634457211287, -41.3828584051505], [39.9098944159782, -41.3663976211202], [39.5808559058396, -41.3828584051505], [39.3614968984817, -41.4157674758283], [39.0324583883432, -41.3828584051505], [39.0105224876074, -41.2015607360818], [39.0324583883432, -41.0197594342346], [38.9666506861358, -40.8374549367063], [38.8789070831926, -40.6879227536707], [38.7034198782046, -40.4880234497349], [38.769227580412, -40.3042577936266], [39.054394289079, -40.3042577936266], [39.3176250979084, -40.2540528654998], [39.3486272357678, -40.2470935604232], [39.6905354095186, -40.1702951581341], [39.8879585152424, -39.9856639924771], [40.0415098203929, -39.9856639924771], [40.414420132003, -39.9520409184539], [40.6118432386251, -39.8679108942545], [40.5021637349462, -39.783677572129], [40.5095247055558, -39.6987754470775], [40.5126460664021, -39.6984752446515], [40.6118432386251, -39.530358378174], [40.6995868415683, -39.4457124284516], [40.8970099481904, -39.3779214978442], [41.0286253517069, -39.3948754094819], [41.0286253517069, -39.5641879016528], [41.037009569002, -39.5835756579861], [41.0724971531784, -39.6655774863921], [41.1507118785419, -39.6655774863921], [41.2260484583289, -39.6655774863921], [41.4015356642153, -39.6655774863921], [41.6647664721464, -39.5641879016528], [41.8402536780328, -39.7162165771501], [41.8621895787686, -39.8679108942545], [41.899135213991, -39.9246007943129], [41.9060613802402, -39.9352231800773], [42.103484485964, -39.9352231800773], [42.3228434933218, -39.8342299580719], [42.6518820034604, -39.8342299580719], [42.671417608452, -39.7942145490543], [42.7176897056678, -39.6993410075247], [42.9151128122899, -39.6993410075247], [42.9437878078118, -39.712577382032], [43.1344718187495, -39.8005324977406], [43.2880231239, -39.7499553322474], [43.178343620221, -39.5980009301116], [43.0686641165421, -39.4795831730088], [43.0101683809472, -39.4570045076725], [43.0028564143347, -39.4118252021169], [42.9589846137615, -39.2421419790379], [42.8054333086109, -39.2761115561679], [42.4763947975741, -39.1911567558494], [42.4674775110061, -39.1911567558494], [42.2570357911145, -39.1911567558494], [42.0157408830208, -39.1911567558494], [41.8402536780328, -39.225151018337], [41.5989587699391, -39.3100646709678], [41.4673433655243, -39.259128825147], [41.3076214347708, -39.1559936014338], [41.2041125575932, -39.0890752682021], [41.3795997634795, -38.9697931998273], [41.4234715649511, -38.8844685190263], [41.3357279620079, -38.8161349027601], [41.2041125575932, -38.7648416218492], [41.2260484583289, -38.6621443718645], [41.3137920612721, -38.5935975957128], [41.3652154747212, -38.5189164479552], [41.4673433655243, -38.3703683115953], [41.5770228692033, -38.3703683115953], [41.8455653381544, -38.4605439920168], [41.8841254795044, -38.4734831184785], [42.0596126844924, -38.4734831184785], [42.3228434933218, -38.4734831184785], [42.695753804932, -38.2671063656689], [42.7615615071394, -38.1119378384376], [42.7615615071394, -37.9704149495993], [42.7615615071394, -37.9391409436543], [42.9151128122899, -37.8352673006413], [42.9844522949357, -37.8558004811997], [43.0906000172779, -37.8872224387524], [43.1344718187495, -37.9564389683392], [43.3099590246358, -37.9564389683392], [43.5512539318312, -37.8872224387524], [43.573189832567, -37.783275546224], [43.573189832567, -37.6444519846991], [43.6225051228264, -37.6210191082062], [43.7925488399249, -37.540163714841], [43.8097387865044, -37.5483414834697], [44.0119078472828, -37.6444519846991], [44.165459151535, -37.6444519846991], [44.3848181588929, -37.5575552409796], [44.7138566690315, -37.540163714841], [44.9332156763893, -37.4531452339428], [45.3061259879995, -37.3311491007783], [45.5474208960932, -37.3311491007783], [45.5554765195389, -37.3274887942884], [45.7009722003454, -37.261347919541], [45.8155686075791, -37.286217965206], [45.9422671084391, -37.313704878118], [46.4029210229924, -37.2788042868198], [46.5555225205284, -37.2188050333338], [46.6495673793882, -37.1916522049962], [46.8855108382814, -37.104058589153], [47.039062143432, -37.0340471333461], [47.7629468659164, -36.8236253164711], [48.2455366812055, -36.7884985705683], [48.6842546959213, -36.9639710723554], [48.793934198702, -36.9639710723554], [49.2326522134178, -36.9639710723554], [49.495883021349, -37.0340471333461], [49.7810497309142, -37.0515560557942], [49.9126651344306, -36.9464419678476], [49.978472836638, -36.8938304514859], [50.2197677447317, -36.8938304514859], [50.4610626519271, -36.9464419678476], [50.6365498578134, -37.104058589153], [50.8339729644355, -37.1215513532763], [51.1114730237681, -37.0193594402252], [51.1191396731025, -37.016534173072], [51.2946268789889, -36.9464419678476], [51.3384986804604, -36.9113716566982], [51.5815699100104, -36.7167728630496], [51.6017294883916, -36.7006112328452], [51.7333448928063, -36.6126232910564], [51.9746398000017, -36.4363459688193], [52.2817424103028, -36.348056776702], [52.5011014167624, -36.3833844861366], [52.7862681263276, -36.3833844861366], [53.0714348349946, -36.401042325326], [53.3346656438241, -36.2950351471769], [53.4662810473405, -36.2065856387765], [53.72951185617, -36.1180360591136], [54.0585503663086, -35.9583949512996], [54.321781175138, -35.9406370811522], [54.359438818648, -35.9341035423221], [54.6288837845408, -35.8873395292621], [54.7604991889555, -35.7984305164786], [54.8701786926345, -35.6203137667396], [55.0237299968867, -35.4239261428822], [55.0286729758392, -35.3997547391063], [55.0456658976225, -35.3166032461857], [55.0456658976225, -35.2449754066069], [55.0456658976225, -35.1015297989931], [55.2211531035088, -34.9038793098276], [55.4405121108667, -34.9038793098276], [55.5940634151189, -35.02971214484], [55.7695506210053, -35.1374149243268], [56.0985891311438, -35.1374149243268], [56.4495635429165, -35.1374149243268], [56.7347302515834, -35.1015297989931], [56.9760251596771, -35.02971214484], [57.3050636698156, -34.9038793098276], [57.5682944786452, -34.8498918182215], [57.8534611873121, -34.8318881098617], [58.1166919961416, -34.7418105256531], [58.3799228040728, -34.579423188109], [58.7528331156829, -34.5613605161506], [58.9063844208334, -34.5613605161506], [59.235422930972, -34.5613605161506], [59.5205896405373, -34.5432939207617], [59.6960768464236, -34.5252234028868], [59.8934999521474, -34.4348120094021], [60.24447436392, -34.2899501572418], [60.639320576266, -34.2718248247237], [60.9514430837658, -34.0962494121809], [60.9689039298956, -34.0740756200162], [61.0560870191358, -33.9476052135269], [61.3067384019365, -33.7575468253434], [61.4484109229624, -33.7212973108755], [61.9061221434944, -33.7212973108755], [62.068117749758, -33.6967957264893], [62.4183227949139, -33.7394239828538], [62.7016678360674, -33.7394239828538], [62.919625559617, -33.6306065446547], [62.952319218868, -33.5307363048329], [63.00317602085, -33.3791977608988], [63.0286044222901, -33.3033292534736], [63.1266853973484, -33.1848425081159], [63.2356642600215, -33.130102177921], [63.2578636581897, -33.1165807885655], [63.3555410076144, -33.0570619488087], [63.3664388943309, -32.9839610703837], [63.3801576482447, -32.9292830211567], [63.4100304385018, -32.8101038142606], [63.6187930714818, -32.7459651882454], [63.8677416590339, -32.7459651882454], [64.205576131973, -32.7184630576408], [64.47103710731, -32.6191447143013], [64.4998190589447, -32.6083697359999], [64.5543084898321, -32.5257108110607], [64.6741852383233, -32.3969790074963], [64.8152081678043, -32.3694963082104], [64.8158577584509, -32.3693696960063], [64.9796988429728, -32.2371808478028], [65.0556112554334, -32.1758685301936], [65.1318964588554, -32.0374010762916], [65.2190795480956, -31.9727111284665], [65.3716499549396, -31.8617079585512], [65.4370372725435, -31.7691030822395], [65.4697309308962, -31.6578547705459], [65.5133224759655, -31.5557600025165], [65.6440971102749, -31.4628495141489], [65.8402590621882, -31.4256594704856], [65.9383400372465, -31.314000846096], [66.0691146724542, -31.1835649617901], [66.2870723960038, -31.0902862649296], [66.5486216646226, -31.0716195208677], [66.9191497959145, -31.1276087522908], [67.0031884340122, -31.160805369674], [67.202494837068, -31.2394881170394], [67.5403293091088, -31.2767518399827], [67.6844168375883, -31.2493818205008], [67.6846246295916, -31.2493423437376], [67.8345722369787, -31.2208507401538], [67.8460819024548, -31.2087357649632], [67.9762447571062, -31.0716195208677], [68.1942024815542, -31.0155973030689], [68.4230580918202, -30.9875738338882], [68.5483259977424, -30.9502136390619], [68.6737094737225, -30.9128043412517], [68.7028684222307, -30.8752716001123], [68.7826883363956, -30.7724540088989], [69.0006460599452, -30.6787731861176], [69.3275826461679, -30.6881453645833], [69.6763150049252, -30.7537251287912], [69.9596600460786, -30.8660437107189], [70.0193829252674, -30.9787587248376], [70.1994135421628, -30.9969159056353], [70.4064733798943, -31.1089493424906], [70.5481459009201, -31.2488054264782], [70.7116141935823, -31.3605413947326], [70.7812038732044, -31.4199458895974], [70.8314909420736, -31.4628495141489], [70.9077761454956, -31.6764054232461], [70.8423888278917, -31.9449728953364], [70.6789205352295, -32.0835802213404], [70.6574127877278, -32.0874165529623], [70.4922096110968, -32.1168784352104], [70.4718606974981, -32.1205067466554], [70.2756987455848, -32.1205067466554], [69.9717267182349, -32.0861744879537], [69.9487621593622, -32.0835802213404], [69.6654171182087, -32.0651113606727], [69.3711741912371, -32.0835802213404], [69.2621953294623, -32.295703634349], [69.4038678495899, -32.4613679078002], [69.6763150049252, -32.6450825772984], [69.8833748426566, -32.6909524434577], [70.2103114288793, -32.855888802152], [70.3628818357233, -32.947387908763], [70.6571247626949, -32.974819199123], [70.7225120802988, -32.855888802152], [70.885980372961, -32.7642952272977], [71.4090789110969, -32.6909524434577], [71.5180577728717, -32.5808252248668], [71.5943429762937, -32.3969790074963], [71.5903842068378, -32.2497844383061], [71.6394349612124, -32.1713925724532], [71.9626793907689, -32.1391970976926], [72.1338087946518, -32.3482641736974], [72.1147944164426, -32.4606391931594], [72.1147944164426, -33.020408846941], [72.3239525767439, -33.2910245020788], [72.514096358836, -33.4339530938617], [72.5711394934637, -33.6558191472754], [72.7232545191373, -33.8928996022324], [73.0084701922755, -34.1135817971429], [73.0464989486939, -34.2865721641226], [73.1795995961584, -34.600189046556], [73.5598871603426, -34.6627710067272], [73.6109890119542, -34.6591159713527], [73.6540434677898, -34.685672548857], [73.7085328995755, -34.828927249039], [73.8720011922377, -34.9987190541325], [73.9591842814779, -35.1948808181543], [73.8502054197031, -35.3727996826073], [73.7957159888157, -35.6389438894622], [73.9700821681943, -35.8070451446799], [74.4604870470792, -35.8158827506107], [74.7329342024145, -35.8247193722065], [74.7373050838885, -35.8258098141279], [74.8746067225421, -35.8600560219689], [74.9290961534294, -36.001245099007], [74.9215088199447, -36.0155662297602], [74.8310151783711, -36.1861727557845], [74.7547299749491, -36.3969852167314], [74.6710698285216, -36.4530817415713], [74.6239553397414, -36.4846555122729], [74.373303957839, -36.5372101298242], [74.3165053527166, -36.5362180365287], [74.1430848729566, -36.533188846886], [73.8720011922377, -36.5284535047924], [73.8213773440702, -36.4599105494201], [73.6758392403244, -36.3531129370489], [73.5232688334804, -36.2213477117485], [73.2072301339742, -36.1861727557845], [73.0351744385743, -36.2139411586964], [73.0237820418703, -36.2157794515817], [72.9347829786389, -36.2301389802916], [72.8367020026823, -36.3531129370489], [72.8367020026823, -36.4129078010572], [72.8367020026823, -36.6232872115539], [72.8367020026823, -36.6771812150569], [72.8693956619333, -36.86922631697], [72.8637139525086, -36.99639167204], [72.8584977752169, -37.112950773133], [72.6732337100201, -37.2171648506601], [72.2809098070919, -37.208485833676], [72.1357385241041, -37.1453938842866], [72.0846759216839, -37.1231893737191], [72.0411563101093, -37.1042597819677], [72.0122703470396, -36.9751389299753], [71.8231985865598, -36.7558032642956], [71.5289556586899, -36.7296048549491], [71.3218958209584, -36.7994474019073], [71.0821423248742, -36.930230634746], [71.0603465523396, -37.0868748071214], [71.1693254141144, -37.2865610399755], [71.2456106175364, -37.4684217099194], [71.267406390071, -37.7791556289257], [71.3161905316558, -37.8471676751542], [71.3724561070314, -37.9255320786249], [71.4526704552679, -38.0371070992777], [71.5543472022539, -38.0637961707234], [71.6161387488283, -38.0800110454139], [71.7796070414905, -38.1743111580664], [71.8056531667408, -38.2175249127635], [71.8776880174472, -38.3369060828356], [72.0956457409967, -38.4308736147831], [72.1490223182489, -38.4484769433381], [72.3027055796265, -38.4991369387406], [72.4770717581068, -38.524719024419], [72.5424590757107, -38.5928934726148], [72.5501215209296, -38.612055556004], [72.5901538716729, -38.7120844138227], [72.5969485065981, -38.729048300145], [72.6078463924162, -38.8903957528682], [72.5901538716729, -38.9362840714319], [72.5762214265193, -38.9723991603101], [72.5424590757107, -39.0598401269094], [72.4225823272194, -39.1444102138667], [72.3027055796265, -39.1528616424104], [72.0411563101093, -39.1528616424104], [71.9460694423509, -39.1528616424104], [71.8014028140252, -39.1528616424104], [71.7341633948843, -39.2223496440339], [71.7033218380685, -39.2541996003706], [71.7033218380685, -39.4059322832715], [71.6052408621119, -39.4732633142664], [71.3109979351403, -39.5069044185318], [71.2272375969142, -39.5069044185318], [71.0930402106924, -39.5069044185318], [70.9840613489176, -39.5657371791033], [70.9077761454956, -39.7000247502606], [70.9077761454956, -39.800569295441], [70.9077761454956, -39.8958472734424], [70.9077761454956, -39.9928692909741], [70.8205930562554, -40.0763096201267], [70.6000198392471, -40.1606472738784], [70.4718606974981, -40.2096017286839], [70.4609628107817, -40.2345648800357], [70.4173712666107, -40.4836902273406], [70.5045543558509, -40.6740625390687], [70.7007163077642, -40.6740625390687], [70.7434853715289, -40.6700077510401], [70.8423888278917, -40.698853761727], [70.885980372961, -40.7979264140911], [70.7878993970043, -40.9627193734267], [70.9077761454956, -41.1271018802804], [70.885980372961, -41.4056092314924], [70.9404698038484, -41.5607280581779], [70.9513676905648, -41.748006475712], [70.8314909420736, -41.8779658602271], [70.5917374459894, -41.8455007350607], [70.5123144623142, -41.783346413307], [70.3737797215415, -41.6747884674981], [70.209644005776, -41.6964197769745], [70.1885156563447, -41.6992037368362], [69.9051706151912, -41.634075764547], [69.8506811843038, -41.5117832833521], [69.9135693375833, -41.2680181975271], [69.9160685010094, -41.2583121381985], [69.9022095030118, -41.2253121404976], [69.8515418520927, -41.1045243738439], [69.8506811843038, -41.1024706832334], [69.5673361422521, -41.0038534929878], [69.3166847603497, -40.9956287218686], [68.9788502874106, -41.0285216494729], [68.8870986415199, -41.1207447950789], [68.8807693123523, -41.1271018802804], [68.7499946771446, -41.3401849746348], [68.608322157017, -41.3810828462101], [68.5429348394131, -41.4382966831206], [68.532036953595, -41.5199433176506], [68.4993432952422, -41.6910663429937], [68.4121602051037, -41.8455007350607], [68.2159982540887, -41.8698511239146], [68.0621937596737, -41.8364370855693], [67.9544489845716, -41.8130191284223], [67.6384102850654, -41.9023038861255], [67.507635650756, -41.9914639713162], [67.3441673571955, -42.0076614980534], [67.1153117469295, -42.1370932612477], [66.8864561375617, -42.2339938419724], [66.6249068680446, -42.3065717957645], [66.4614385753824, -42.4193047024875], [66.3673950208764, -42.519505920505], [66.3633575994258, -42.5238041075433], [66.3360273621212, -42.532348737809], [66.0037273548503, -42.6361467770823], [65.6985865411623, -42.75628926894], [65.6377414694526, -42.939187540704], [65.5896076793875, -43.0834923804314], [65.4514757557645, -43.1439940192858], [65.426139385827, -43.1550848312777], [65.2081816622774, -43.2504111129025], [65.0992028005026, -43.3535131475187], [65.0715081508233, -43.3678954885694], [64.8703471902366, -43.4722597455008], [64.707099996322, -43.4722597455008], [64.5652063765485, -43.4722597455008], [64.1619845869038, -43.5117902003427], [63.9222310899213, -43.6065577173476], [63.7805585697937, -43.7877787771735], [63.6416104458868, -43.9013527720404], [63.6170902771316, -43.9213727225814], [63.3664388943309, -44.0154941268434], [63.2465621458396, -44.0546673581127], [62.995910763039, -44.0703293998901], [62.6362805184635, -44.0546673581127], [62.50127685385, -44.0206992267516], [62.3420375914919, -44.0154941268434], [61.9715094602, -44.093814693868], [61.8734284842434, -44.2345306627485], [61.9170200293126, -44.3982750328787], [61.9606115743818, -44.5537972195685], [61.818939053356, -44.6546643598462], [61.6772665332284, -44.6546643598462], [61.5573897847371, -44.6546643598462], [61.3503299470057, -44.6624161167835], [61.1432701092743, -44.6701668367431], [61.0669849058523, -44.7089048926257], [61.0234900895762, -44.7101928511061], [60.8054356363352, -44.7166493951252], [60.5765800269674, -44.6546643598462], [60.5688761550409, -44.6409622571498], [60.4458053917597, -44.421629784382], [60.5329884818982, -44.2267219150936], [60.5765800269674, -44.062498897252], [60.5656821402509, -43.9135225403513], [60.4349075059416, -43.8035112453985], [60.1624603506063, -43.7956455287093], [60.0191362769305, -43.8144522329827], [59.9227068545221, -43.8271021810803], [59.7374427893253, -43.8585422647771], [59.5570088001211, -43.8585422647771], [59.541280837412, -43.8585422647771], [59.2906294546113, -43.8899657784173], [59.17075270612, -43.9606080996708], [59.1053653894145, -44.0546673581127], [59.1041226627454, -44.0609188575627], [59.0835696168799, -44.1642146347378], [59.0181823001744, -44.2891628887067], [58.8220203482611, -44.421629784382], [58.766700913577, -44.4690220927303], [58.7130414864863, -44.5149555322519], [58.669449941417, -44.6158900321142], [58.6367562830643, -44.840420482091], [58.6367562830643, -44.9870540479667], [58.7457351448391, -45.156372861181], [58.8983055516831, -45.1640572519783], [58.9897092603013, -45.1553475522153], [59.0042712439077, -45.1676689253689], [59.1053653894145, -45.1871042072811], [59.2906294546113, -45.2024636619923], [59.4431998614554, -45.2485171523235], [59.4758935198081, -45.3251900605184], [59.4758935198081, -45.386453770699], [59.4105062031026, -45.4629401395833], [59.3015273413278, -45.5774753928634], [59.2906294546113, -45.6613197347816], [59.3124252271459, -45.8286323110095], [59.3124252271459, -45.9575758712252], [59.2797315687932, -45.9878720255041], [59.1816505928365, -46.0786610564111], [59.0944675026981, -46.1315524505641], [58.8617728046231, -46.16818993171], [58.8547140066139, -46.169300949447], [58.6476541688824, -46.2221053553318], [58.516879534573, -46.3651758511225], [58.4940481374665, -46.43602745574], [58.4732879895038, -46.5003715866972], [58.3316154693762, -46.6052919842356], [58.1136577449283, -46.6427144009511], [57.7104359552836, -46.6127785373326], [57.5469676626214, -46.5078726281237], [57.5469676626214, -46.3576551425347], [57.6275988174717, -46.2926939536637], [57.6777422969309, -46.2522565205643], [57.8848021346623, -46.139104221253], [57.9065979071969, -45.9954434750319], [57.8630063621277, -45.8514088111484], [57.7213338420001, -45.80584648645], [57.6039408247767, -45.812962008135], [57.4706824591994, -45.8210380719355], [57.263622621468, -45.7982491400232], [57.2479374805501, -45.791999945652], [57.111052214624, -45.7374330691686], [56.9693796935981, -45.6308453893754], [56.7187283107974, -45.6156020003684], [56.5552600181352, -45.7222186915527], [56.5334642456006, -45.7830513385103], [56.5235046734529, -45.8940698352721], [56.5225663597825, -45.9045177205875], [56.435383269644, -46.0257189141396], [56.3046086353346, -46.1088909235953], [56.1288774452205, -46.1245082850999], [55.8795910740536, -46.1466549563503], [55.5962460329001, -46.1542046564893], [55.3564925359176, -46.2522565205643], [55.1603305840044, -46.4027638639494], [54.8224961119635, -46.447835318685], [54.4628658673881, -46.4553436053348], [54.1795208262346, -46.5528571402289], [54.1686229404165, -46.6501957797405], [54.1686229404165, -46.6665956763492], [54.1686229404165, -46.7921454083667], [54.081439850278, -46.9262795532549], [53.896934760885, -46.9835242457], [53.8416863541938, -47.0006537461808], [53.7109117198844, -47.0600786598519], [53.7052105987647, -47.1570847846395], [53.7000138331679, -47.2453551477556], [53.6782180606333, -47.3931113707267], [53.5147497679711, -47.54781078976], [53.3294857027743, -47.6139711652496], [53.1464531623377, -47.647180007625], [53.0461406616209, -47.6653714370306], [52.980753344017, -47.7826679116221], [52.980753344017, -47.8717505200998], [52.980753344017, -47.9800069685154], [52.8063871646384, -48.1983912728856], [52.632020986158, -48.2637257706653], [52.2505949690479, -48.2854854016616], [51.9672499269962, -48.1838611666164], [51.8364752926868, -48.0237580231469], [51.8084896885684, -47.8738013009795], [51.803781634334, -47.8485311253839], [51.7057006583774, -47.7606949407102], [51.4659471622932, -47.7313832032102], [51.3242746412673, -47.7460411352663], [51.0627253726485, -47.7899901725768], [50.8774613074517, -47.8265860035618], [50.8435929455581, -47.8285632205554], [50.626809924651, -47.841217116304], [50.321669110963, -47.8046315994095], [50.1582008183008, -47.7020549590574], [49.9986502609506, -47.6366551132803], [49.9075494355001, -47.5992760853022], [49.8379506676223, -47.5851948115748], [49.6895917110522, -47.5551660713318], [49.3299614664768, -47.503657419078], [49.1200077653464, -47.5142937998559], [48.8940460184793, -47.5257387498495], [48.5562115464384, -47.6213171576677], [48.3709474812417, -47.7020549590574], [47.9568278057788, -47.819268899847], [47.6201423885808, -47.8683922991984], [47.5435878594569, -47.896718635314], [47.0829339449036, -47.9261249674008], [46.9513185404888, -47.8672955919372], [46.6661518309236, -47.808399366206], [46.3590492215208, -47.6460899412909], [45.9422671084391, -47.4684480986884], [45.45967729315, -47.2753229351255], [45.1718969694016, -47.197164463626], [45.0688879615604, -47.2009476971916], [44.7637471487707, -47.2527527734997], [44.5239936517881, -47.3562110518656], [44.4686024623741, -47.4204988996361], [44.4070045296929, -47.4918983123723], [44.310527245046, -47.5348102173694], [44.1098739763253, -47.5404544752672]]]}, "properties": {"OBJECTID": 32, "id": 4, "name": "Ulthos", "Symbol": 3, "Visible": null, "Shape__Area": 5502185785810.184, "Shape__Length": 15796159.799635282}}, {"type": "Feature", "id": 36, "geometry": {"type": "Polygon", "coordinates": [[[42.3907542513223, -48.5831357211341], [42.3975727239419, -48.5992425899069], [42.4814578570256, -48.6386761230875], [42.5119424008895, -48.6414074862653], [42.9143592883616, -48.6774494944273], [43.0421534383224, -48.6493142643961], [43.195609596613, -48.5852420692629], [43.2558622536473, -48.5267506834332], [43.415583030964, -48.4813968235845], [43.5182606727547, -48.3754132926102], [43.6437555694745, -48.2540185427081], [43.7806590927605, -48.2540185427081], [43.8413477947287, -48.2446926954872], [43.9289712426127, -48.2312248688174], [43.9746057497758, -48.1627828977056], [44.0124821582102, -48.102745346108], [44.0658747658986, -48.0179939713413], [44.2826386769446, -47.9492674356957], [44.4979145763332, -47.9439268156316], [44.5906716041135, -47.9416255048818], [44.7960268885933, -47.9110464846275], [44.8024876089476, -47.9031065985382], [44.8644786506855, -47.8268609489227], [45.0584253077008, -47.7271926219051], [45.5147703847218, -47.7502099629741], [45.6858997886047, -47.7962141202502], [45.7657601772631, -47.8957501944844], [45.9140723271152, -47.9645479072977], [46.1194276124934, -47.987460141309], [46.3340559963437, -48.0161820105954], [46.4328782009873, -48.0602326561177], [46.4730950468253, -48.1094870354857], [46.4957179251915, -48.1328266068729], [46.5985899426468, -48.2388238884843], [46.741200087437, -48.289083888489], [46.7925366005604, -48.3071642858403], [46.9522573778771, -48.4435709354936], [46.9408487504126, -48.798021937093], [46.8039452280249, -48.873116037029], [46.4730950468253, -48.8505996257983], [46.3007635839046, -48.8439286895388], [46.0852017309981, -48.835583057896], [45.8685534510955, -48.8583942896698], [45.7911498622127, -48.93241300959], [45.7771688047276, -49.0379269491332], [45.7815655999025, -49.0926616465031], [45.7885774312937, -49.1798256121192], [45.7724021560821, -49.2096148814376], [45.7389794268414, -49.2711111790715], [45.6630825354723, -49.4104737022848], [45.4577272500942, -49.4030502846418], [45.1205959190706, -49.38247884407], [45.092651189196, -49.3807732962905], [45.0013821730731, -49.477233960939], [45.0356080545684, -49.5735050096184], [45.0600532463368, -49.5922356226995], [45.1611029503898, -49.6695865438023], [45.2409633390482, -49.7359935662371], [45.2409633390482, -49.9199814797893], [45.1268770697929, -50.117902828261], [44.95574766591, -50.1763896596586], [44.7047578733688, -50.2348049812783], [44.4589899893708, -50.274089703897], [44.4105003245193, -50.2818366999426], [44.3003381928691, -50.3287434937436], [44.2027782882863, -50.4168922553104], [44.0202402578372, -50.4895318901185], [43.7464332112653, -50.5113020346272], [43.6255592762148, -50.5312262790068], [43.5948079578643, -50.5362938278371], [43.4384002849947, -50.5620600207032], [43.3129053882749, -50.6489466696012], [43.3014967617087, -50.8222388944549], [43.3927657769333, -50.9302210917065], [43.5117881242831, -50.9602177273643], [43.5638951808162, -50.9733439296116], [43.7806590927605, -51.0307788203056], [43.769250465296, -51.1024724692839], [43.7408568257143, -51.1398986351828], [43.6551641960407, -51.252667847729], [43.769250465296, -51.4166064733224], [44.008831631271, -51.4166064733224], [44.3418803843313, -51.4330014433651], [44.4806715797446, -51.5482244889066], [44.5393866057784, -51.694039262542], [44.5687441187953, -51.9661802687786], [44.8916767628797, -52.0204112498962], [44.9122067022795, -52.2598084937558], [44.9941770251311, -52.4292983254429], [45.0584253077008, -52.5616904207077], [45.2067374584513, -52.6240644660257], [45.5718135193494, -52.679433542408], [45.7201256700999, -52.7278239816847], [45.8342119393552, -52.9277274757482], [46.0167499698043, -52.9895795693052], [46.2221052542841, -53.0513432147498], [46.256331134881, -53.1540862232209], [46.2352171099852, -53.2097599988746], [46.1992880002534, -53.304332358274], [45.9825240892074, -53.433666405607], [45.8684378199521, -53.494792910666], [45.7657601772631, -53.59647492091], [45.5261790121863, -53.751913251519], [45.5008685083391, -53.7577328285081], [45.3208237277065, -53.7991067839546], [45.278263754909, -53.8561967348064], [45.1953288309868, -53.9672222401314], [45.0013821730731, -54.0074694022063], [44.6509449816881, -54.0448970775392], [44.6248974847104, -54.047677678396], [44.4765853348583, -54.2614658257961], [44.4879939614244, -54.5139070805725], [44.6933492468026, -54.6857363860621], [44.9671562924762, -54.9027844925743], [45.172511576956, -54.9617773238358], [45.3208237277065, -55.0925629228934], [45.4919531315894, -55.2229220935913], [45.6744911620385, -55.3333926454359], [46.0966103584626, -55.462964820687], [46.2791483889117, -55.5469591224075], [46.4629087497814, -55.5741770145702], [46.7583107199635, -55.6178913329148], [46.8766982288003, -55.6661454341689], [46.9636660044433, -55.7015551599807], [47.2716989316122, -55.8106920724741], [47.340150692806, -55.887546137045], [47.5112800966889, -56.2822094089825], [47.7724743861417, -56.3358715856682], [47.8079043972915, -56.4591214777031], [47.9904424277406, -56.6728408190167], [48.1615718316235, -56.7667452909725], [48.3783357435678, -56.797994697085], [48.8917239552165, -56.7917468981877], [49.4621553014928, -56.7479831518601], [49.8956831244832, -56.8167318499612], [50.1923074241875, -56.9102771893006], [50.831190532556, -56.8666518120902], [50.8475688800224, -56.8619120945726], [51.0251371904696, -56.8104871728726], [51.0725103114066, -56.8026280085882], [51.2279512883343, -56.7768288951354], [51.4016218788323, -56.7479831518601], [51.6868375519704, -56.7917468981877], [52.0747308668993, -56.9725108436362], [52.185958706802, -57.2322820797352], [52.1888171361546, -57.2389339271923], [52.2400489910558, -57.2444781996994], [52.5310759439204, -57.2759570972211], [52.6793880946709, -57.3560464029655], [52.74620397163, -57.4280588752935], [52.7592484824309, -57.44210141878], [52.8733347516862, -57.5769228065971], [53.034868456807, -57.6742275854827], [53.0558727830336, -57.6868610420227], [53.1015072901967, -57.7782222133307], [53.4779919794577, -57.8875513130844], [53.6148955018454, -57.9360356139782], [53.7061645179682, -58.1353425729593], [53.9913801911064, -58.1955194664145], [54.0478668724161, -58.2193272760601], [54.1625095949893, -58.267597443204], [54.304214457162, -58.313432417677], [54.3108217448415, -58.3155681223514], [54.5960374179796, -58.3515034842964], [54.6987150597704, -58.4292381516632], [54.7443495678318, -58.5603991291445], [54.8186976540566, -58.7103492732489], [54.8356185830563, -58.7443866454131], [54.8812530911178, -58.8802676160096], [54.965809050123, -58.9268505122771], [55.0041040761748, -58.9479270506183], [55.0523824950006, -58.9744798379184], [55.1511848414866, -58.9883655904704], [55.3033722875419, -59.009743175587], [55.5087275720217, -59.0508381153773], [55.5257929977298, -59.0677597867425], [55.6684483484401, -59.208887617466], [55.8966208869506, -59.3429478894295], [56.1432938945643, -59.3534277832287], [56.2236768161554, -59.4025615407681], [56.6053244862736, -59.5665368965618], [56.6053244862736, -59.7593012820148], [56.3411068682231, -59.8183906796635], [55.8713866590541, -59.7593012820148], [55.5778115279866, -59.8478961471603], [55.4897389889359, -59.906828696632], [55.0200187797669, -59.8626390798407], [54.6970861356825, -59.8478961471603], [54.5328989976552, -59.8891059869002], [54.4363166406629, -59.9254258518761], [54.337862415604, -59.9602344348881], [54.2423699827493, -59.9939609738637], [54.2386992320381, -59.995031787946], [54.1054664603616, -60.0338743614918], [53.9001111749835, -60.0338743614918], [53.6605300099068, -60.0338743614918], [53.2726366940796, -59.9939609738637], [53.213830408196, -59.9750501009704], [52.8847433791507, -60.0053697161637], [52.4968500633235, -59.8853815314924], [52.234451644216, -59.753466985535], [52.0062791057055, -59.7074611592044], [51.5385254021183, -59.5979434345505], [51.4016218788323, -59.4416970571816], [51.3103528636077, -59.3720216306424], [51.0851352622574, -59.209957225393], [51.0593630710665, -59.1913625641498], [51.0261107396588, -59.1925237436392], [50.557383485984, -59.208887617466], [50.3292109474735, -59.1094600171668], [50.1352642895599, -59.009743175587], [49.747370974631, -59.0214895988738], [49.5990588247788, -59.0860232728987], [49.4393380474621, -59.1679818354319], [49.1769396283547, -59.208887617466], [48.9373584623796, -59.2205659914861], [48.6977772973029, -59.3022027986934], [48.52664789342, -59.3487646303539], [48.4251499641761, -59.3511165827241], [48.2756581008788, -59.3545803745061], [48.1748163334578, -59.3949431915801], [48.1159373244604, -59.4184878369585], [47.8421302778885, -59.5343748819547], [47.6595922474394, -59.6498648233727], [47.4428283354951, -59.7074611592044], [47.1347954083262, -59.6959498112435], [46.8723969892187, -59.5979434345505], [46.6784503313051, -59.5575046101759], [46.530138181453, -59.4938596327168], [46.3750378986816, -59.4508866722539], [46.2791483889117, -59.4242916344411], [46.1422448656257, -59.4938596327168], [46.078808486698, -59.5235717052924], [45.9939327157736, -59.5632845609405], [45.7087170426354, -59.5690635199579], [45.623838647732, -59.6177512347684], [45.5375876387525, -59.6671541199256], [45.5261790121863, -59.7477197179811], [45.5189909403195, -59.7748692615358], [45.5033617581556, -59.8338249847375], [45.2751892196451, -59.9711316834594], [45.0584253077008, -59.9425729240681], [44.716166499935, -59.9654219002256], [44.6134888581442, -60.0395723414123], [44.499402588889, -60.1533256816018], [44.3469954418647, -60.2694236004085], [44.3420869222864, -60.2731558941566], [44.3282731850061, -60.2836571696885], [44.1457351536587, -60.3740173374954], [44.0777649613224, -60.4097655813934], [43.7920677193267, -60.5595964822184], [43.8676271199317, -60.6304201485085], [43.9175626151481, -60.6771407030835], [44.0626471433373, -60.8092841910174], [44.1581684965543, -60.8126116970785], [44.2037290076908, -60.8141986845189], [44.2218117197627, -60.8269331369949], [44.3748584115737, -60.9345109245697], [44.4699303026198, -61.0129317090053], [44.5745093823213, -61.1370852750009], [44.821696299041, -61.1966894400804], [45.1354335399421, -61.2333129700682], [45.3350845106897, -61.3155602405348], [45.4016348348711, -61.5564844203632], [45.3928817270994, -61.5805628407333], [45.3160701324805, -61.7910591693418], [44.9643041360592, -61.9524156161967], [44.6981028411303, -61.9836918554017], [44.3148590974159, -61.9965475971735], [44.2988008987369, -61.9970861442534], [44.0325996038079, -62.0283165985766], [43.8804845781343, -62.0550600727762], [43.8472787255593, -62.0828933579866], [43.6998479846976, -62.2061627739015], [43.6789517482576, -62.2129402650921], [43.4811826357409, -62.277009469669], [43.2910388536487, -62.2814318636047], [43.1294166384213, -62.3388638972766], [43.1119224890489, -62.4118685700721], [43.1104022602121, -62.4182042312996], [42.9773016127476, -62.5280512420371], [42.7396218855816, -62.5280512420371], [42.665286863556, -62.5380513403531], [42.5114493470711, -62.5587360419073], [42.321305564979, -62.6331246982017], [42.0360898918409, -62.6593350633853], [41.6082663816845, -62.6287540501505], [41.237486007054, -62.7160447234078], [41.1804428724264, -62.7726457685335], [41.0663566031712, -62.8421597140643], [40.9522703339159, -62.9590927336188], [40.9427631443621, -63.1572401647416], [41.0093134685435, -63.2900153264628], [41.1614284942172, -63.4561907048398], [41.1653970912423, -63.4570092291203], [41.2279788175003, -63.5368001854979], [41.3991082213832, -63.6129574866405], [41.6177735712383, -63.6509598014755], [41.7508742187027, -63.7183940192327], [41.836438920195, -63.8024613556614], [41.6367879494475, -63.9489780729843], [41.5702376252661, -64.0365219235598], [41.3991082213832, -64.0781131854708], [41.3863123894058, -64.1265492142966], [41.3705866545185, -64.1859603731463], [41.3185701454711, -64.2042905710895], [41.1709356828726, -64.2562497410267], [40.9807919007806, -64.309880062835], [40.8476912533161, -64.359292531127], [40.7716337404792, -64.4414497704273], [40.7654354764099, -64.450234812315], [40.7050834171962, -64.5356270057222], [40.5244468237595, -64.5683083266145], [40.2867670965935, -64.5846343014501], [40.2418300477052, -64.5920988124464], [39.9920442339016, -64.6335535380085], [39.8114076413633, -64.6823848380304], [39.6783069938988, -64.7108292020496], [39.4596416440437, -64.8121726591224], [39.2694978619516, -64.8485632909363], [39.1705755158151, -64.9479551956866], [39.166961710208, -64.9482102334571], [38.8440290661236, -65.0226928403421], [38.697241501039, -65.1340282459468], [38.3931403947659, -65.1688799751595], [38.3473005192541, -65.24960776008], [38.223707060445, -65.2973286322198], [37.8839838329087, -65.3008777316972], [37.8434194962609, -65.3013014769458], [37.8361556506015, -65.3025431089087], [37.7084796919826, -65.32435761354], [37.6342613359595, -65.3370301370483], [37.6057397690949, -65.4004281429365], [37.6057397690949, -65.4171262720933], [37.6057397690949, -65.4715682048539], [37.5677110126765, -65.6093438662824], [37.5150628550337, -65.6221878617529], [37.3585528523751, -65.6603324060352], [37.3015097177475, -65.7385808802735], [37.4054441789776, -65.7755668635874], [37.4441175538674, -65.7893155913253], [37.6057397690949, -65.8438414596278], [37.6197022952341, -65.8624046485102], [37.6817972819317, -65.9447976337139], [37.8814482526793, -65.975781156197], [38.1381423589528, -65.9835211692128], [38.3568077079095, -66.0453568687364], [38.4994155449278, -66.1070427223271], [38.7180808938845, -66.1185921613137], [38.7838108702603, -66.1147903844223], [38.8075275516894, -66.113418487753], [38.9842821888135, -66.1031917407922], [39.1268900258317, -66.1532089516585], [39.3835841312069, -66.2146332769826], [39.697321372108, -66.1877784910162], [40.0871161249477, -66.1455204168379], [40.3438102312212, -66.1839397629983], [40.4769108786856, -66.2682572893853], [40.6180979258775, -66.2784019303357], [40.7431121736146, -66.287381104857], [40.8046626456045, -66.3244824584233], [40.8762128210791, -66.3675426629401], [41.113892548245, -66.3980131585873], [41.2519117162318, -66.3692613438479], [41.3515722763093, -66.3484797763354], [41.6367879494475, -66.2988484236822], [42.4544062124435, -66.3217673857644], [42.5841825085535, -66.3420979433702], [42.7319873240692, -66.3652327813507], [42.8442009652832, -66.3827825433058], [43.0683350519754, -66.3560729273259], [43.1959669626027, -66.3408505643036], [43.2910388536487, -66.2950265646828], [43.5192113921593, -66.2720832144586], [43.5762545267869, -66.2031275775261], [43.6237904718608, -66.1532089516585], [43.9375277127619, -66.1301363448248], [44.2702793309739, -66.1301363448248], [44.5650021936658, -66.2031275775261], [44.977133114074, -66.1585455527935], [45.0974047835237, -66.1455204168379], [45.1494514391337, -66.1570944214979], [45.2875485656158, -66.1877784910162], [45.4111420235265, -66.2644307827463], [45.6488217515908, -66.287381104857], [45.7343864530831, -66.3675426629401], [45.759128053861, -66.3799372449921], [45.8865014787568, -66.4436494594971], [46.1681698584499, -66.4734293679638], [46.2097459083134, -66.4778220640245], [46.3998896904054, -66.4588430600114], [46.7136269313066, -66.4588430600114], [46.7226703548151, -66.4590282907006], [46.8874302317181, -66.4624027227317], [47.084407305937, -66.4664363941213], [47.2555367098199, -66.4322481909312], [47.2840582775829, -66.3637312444652], [47.3158866930271, -66.3381963815294], [47.3696229790752, -66.2950265646828], [47.5469714834504, -66.2754117158118], [47.7499105432594, -66.2529477756153], [47.7557536161603, -66.1562898472095], [47.8544896238592, -66.1108931193022], [48.0636477841605, -66.0993401753542], [48.259132815083, -66.0611776287891], [48.3203418895357, -66.0492166213934], [48.338033401471, -66.0339505065566], [48.3963994023725, -65.9835211692128], [48.5550541920607, -65.9589103055798], [48.5960503740184, -65.9525470360376], [48.8812660471566, -65.9060153794189], [48.9763379382026, -65.7971120769754], [49.014366694621, -65.5818469763932], [48.9858451268581, -65.3409969962891], [48.9953523164118, -65.0578593382657], [48.919294803575, -64.9413383534492], [48.9347490424305, -64.8101064676781], [49.1284529638763, -64.7757328157178], [49.3661326910423, -64.7351863211971], [49.4198727500146, -64.6892746031954], [49.4992333385067, -64.6213319775177], [49.6323339859712, -64.5764725373602], [49.695915390715, -64.5684431536618], [49.7939562011987, -64.5560574215818], [49.8795209026909, -64.4783403668132], [49.9270568486631, -64.4045094400716], [50.1076934412014, -64.359292531127], [50.1362150089644, -64.3263607399055], [50.1362150089644, -64.2975130846196], [50.2693156564289, -64.2231946316932], [50.6686175988223, -64.190099985798], [51.0393979734528, -64.1983773558062], [51.3174687890791, -64.2014029943131], [51.419685537637, -64.2025151133043], [51.5908149415199, -64.2727624808087], [51.6267114729496, -64.3483439367477], [51.6573652657013, -64.4127227030933], [51.6682081755223, -64.5900965945464], [51.6003221310736, -64.6579801724206], [51.5052502400276, -64.8162184917232], [51.543278996446, -64.9896155720342], [51.6763796439105, -65.0738913473325], [51.7049012107751, -65.1618950827563], [51.6858868325659, -65.2973286322198], [51.8570162364488, -65.4202086590847], [52.0756815863039, -65.4478763204519], [52.13250447738, -65.4413168603734], [52.3418828812328, -65.4715682048539], [52.503505095562, -65.5543209900325], [52.7887207687001, -65.5739853789424], [52.9310035494345, -65.5772538665008], [52.959850172583, -65.5779164747957], [53.2070370893027, -65.6368116833888], [53.200280139602, -65.6952805056309], [53.1975299006473, -65.7190409453026], [53.0359076854198, -65.7854164632951], [52.8457639033277, -65.8827178121825], [52.8561062979236, -65.9375965211117], [52.8647782815369, -65.9835211692128], [52.9408357943738, -66.1185921613137], [52.9500129078578, -66.2999902508965], [52.9503429839275, -66.3064903994877], [53.0454148749736, -66.4208417194453], [53.3971808713948, -66.447448726161], [53.6158462212499, -66.5308865248895], [53.7322438503413, -66.5771992524231], [53.8345115702067, -66.6178187325718], [53.9295834612527, -66.6743498197688], [53.9312653814508, -66.6791776119873], [53.9676122176711, -66.7832775188476], [53.9961337854341, -66.8506459496912], [54.167263189317, -66.9327342772111], [54.4144501060367, -66.9959776096931], [54.528536375292, -67.070171592021], [54.7091729678303, -67.1071836399475], [54.7347096369234, -67.1282841405029], [54.861287993504, -67.2326021524435], [54.8422736152948, -67.3317354991425], [54.7091729678303, -67.4632773473846], [54.5658189946287, -67.4835112825962], [54.528536375292, -67.4887707773751], [54.4524788624552, -67.5106005273946], [54.4420559743182, -67.5371648731357], [54.4239572946922, -67.5832214863682], [54.2995020901159, -67.6081247965348], [54.043669730508, -67.6592340923662], [54.0246553522988, -67.7745927123228], [54.0415367680024, -67.8606373099413], [54.043669730508, -67.8714864873901], [53.9678144985102, -67.8920503636421], [53.805990003342, -67.9358593125422], [53.5968318430407, -67.9786756485681], [53.5302815188593, -68.0711736545878], [53.3686593045302, -68.099560195818], [53.1785155224381, -68.1385346455457], [53.0929508200475, -68.2198136221803], [52.9408357943738, -68.2409695093032], [52.7605387443516, -68.2830132441943], [52.6973461178864, -68.3219511087576], [52.7476834079698, -68.4023832849518], [52.7316776340725, -68.4095139790477], [52.7034213271348, -68.4167910454582], [52.5415338519804, -68.4584381808826], [52.3799116376512, -68.5420626651726], [52.3867654904183, -68.5704603938049], [52.4084332045159, -68.6600013403487], [52.3228685030236, -68.8013996399235], [52.0756815863039, -68.8323184584285], [51.9235665606302, -68.8769030242179], [51.8905420186223, -68.9140628857026], [51.8475090477933, -68.9623908108416], [51.6668724543567, -68.9726271243763], [51.4957430504738, -68.9794486914182], [51.2865848901725, -68.9999007176861], [51.2300404867159, -69.0071365960553], [51.0203835952435, -69.0339452120708], [50.335865979712, -68.9964933663714], [50.1837509540383, -68.931653321068], [49.9555784155278, -68.8460463410326], [49.7274058770173, -68.760107527392], [49.4231758256699, -68.7152878407629], [49.0428882614857, -68.6911168220173], [48.5865431844646, -68.6772930629699], [48.1111837292344, -68.67037797756], [47.7404033546039, -68.7083845043655], [47.4266661137028, -68.7876441178599], [47.3981445468381, -68.8871790370505], [47.4266661137028, -69.0441482786684], [47.445680491912, -69.2842408696232], [47.6168098957949, -69.4350483673638], [47.6833602199763, -69.4650835894444], [47.7784321110224, -69.5615784712958], [47.806953677887, -69.6774598218066], [47.806953677887, -69.8484651033546], [47.806953677887, -69.9530127940368], [47.930547136696, -70.0083420280811], [47.8735040020684, -70.0764877142089], [47.711881786841, -70.1508677569996], [47.7186917631946, -70.215510651878], [47.7213889763947, -70.2410577253975], [47.7488939953108, -70.2419030212429], [47.930547136696, -70.2474847909156], [48.1872412420712, -70.2474847909156], [48.6055575626738, -70.2539098493365], [48.8573253573366, -70.2790259751912], [49.0238738832765, -70.2956238439326], [49.4516973934329, -70.3372532113079], [49.8224777680633, -70.330854195488], [49.9173871188402, -70.3183003829407], [50.0886790629922, -70.2956238439326], [50.2693156564289, -70.2571216262078], [50.6686175988223, -70.2442715092296], [50.8492541913607, -70.2442715092296], [51.1154554862896, -70.2314133627704], [51.4672214836091, -70.1895688802076], [51.7144084003289, -70.1670020352944], [52.1042031531685, -70.0991533823803], [52.503505095562, -70.1088596652367], [52.5706534866185, -70.1244307520784], [52.7126632558632, -70.1573229792498], [52.8457639033277, -70.2410577253975], [52.8578063425308, -70.2438430334119], [53.0264004967644, -70.2827977891928], [53.0626624305123, -70.3682572564805], [53.0644292531828, -70.3692183094186], [53.2260514675119, -70.6010555753669], [53.1857281758043, -70.6755366023586], [53.1595011442289, -70.7238327724319], [53.1785155224381, -70.7457904439415], [53.3116161699025, -70.802142582724], [53.3591521149764, -70.8458622666942], [53.2830946021396, -70.9236948861223], [53.4352096278133, -71.0290587184518], [53.7338281290578, -71.0731354411101], [53.7489468687144, -71.0753643735963], [53.9866265958803, -71.1338619064466], [53.9676122176711, -71.2747667653082], [53.9264571722487, -71.2950146168975], [53.8775960171963, -71.3190263833919], [53.8250043815512, -71.3448381997517], [53.7691390855848, -71.3505811865202], [53.5588030866223, -71.3721885653455], [53.2070370893027, -71.3630760768127], [52.8926783085481, -71.3595508553647], [52.6006916064138, -71.3562759385946], [52.1232175313777, -71.3509194037947], [51.7809587236119, -71.3843318655475], [51.6125220018269, -71.4246158464562], [51.5527861851014, -71.4388822854636], [51.3721495925631, -71.4932784690723], [51.058412351662, -71.490260498751], [50.9166198309855, -71.4855215676229], [50.697139165687, -71.4781838671405], [50.4024163038934, -71.5023295318151], [50.1362150089644, -71.5535382495688], [49.8224777680633, -71.5956073673261], [49.69770612564, -71.6557605676543], [49.6608555537342, -71.6734901195681], [49.4612045820883, -71.7063446253189], [49.2188761380057, -71.7687226765186], [49.1950032871594, -71.7748566858998], [49.0904242074579, -71.8786387778398], [49.0714098292487, -71.9612530145654], [49.0238738832765, -72.1720209069616], [48.9573235599934, -72.2822970124547], [48.9103732706707, -72.3564453545091], [48.9097876140212, -72.3573683794846], [48.8147157229752, -72.3804052427515], [48.6340791304368, -72.4034129786835], [48.5580216176, -72.4722617535798], [48.3298490790894, -72.492293450867], [48.1638182890787, -72.4890178937665], [48.1587196752066, -72.4951533111664], [47.9076801429481, -72.5163778258975], [47.8544896238592, -72.5208716963754], [47.6738530304225, -72.5522555687809], [47.6073027071395, -72.5921197228687], [47.4837092483304, -72.6744148830067], [47.4837092483304, -72.7844932842841], [47.5632104546056, -72.8835633947886], [47.569273950721, -72.8910966576694], [47.5632104546056, -72.8968039351713], [47.4845335604015, -72.9706914465181], [47.474202059675, -72.9803709906077], [47.4655235992085, -72.9818224615048], [47.1414504405647, -73.0359377240528], [46.9581623887185, -73.0928882355777], [46.8562347674265, -73.1244784158249], [46.7073246674802, -73.1312314188367], [46.5520047160791, -73.1382723098385], [46.3618609339871, -73.1575653711284], [46.2762962324948, -73.1988354896891], [46.2192530978671, -73.2619256496963], [46.0671380721934, -73.2892843210045], [45.8579799118921, -73.2892843210045], [45.6488217515908, -73.2892843210045], [45.3445917002434, -73.2920177974931], [45.1544479181514, -73.3029473607182], [45.0213472706869, -73.3602137003806], [44.8026819208318, -73.381979210262], [44.6695812733673, -73.433561465446], [44.4223943566476, -73.5254783876826], [44.1466858730632, -73.5631822458692], [43.9375277127619, -73.6303019588872], [43.7949198757437, -73.6731185948099], [43.6998479846976, -73.6971550571509], [43.4621682575316, -73.7104937684761], [43.2720244754395, -73.7264862067024], [42.9107512894645, -73.7318136239616], [42.558985292145, -73.7078268758058], [42.3022911867698, -73.7158262794545], [42.0170755136317, -73.7424633682232], [41.931510811241, -73.8247691773512], [41.9445970460919, -73.8829950924886], [41.9505251894503, -73.9093045869871], [41.9980611354224, -73.9802966464822], [42.0551042700501, -74.0692602741482], [42.0741186482593, -74.1862665552908], [42.0836258369147, -74.3307052591028], [42.0170755136317, -74.3717366996818], [42.0010029823323, -74.3740045601718], [41.8174245419858, -74.399885023555], [41.6843238945213, -74.4203254729465], [41.6367879494475, -74.4560334264101], [41.5322088688476, -74.481490223644], [41.2850219521279, -74.5398866189931], [41.275074186538, -74.5646169761682], [41.2684924074194, -74.5809581962582], [41.1994572506356, -74.7513444223776], [41.2469931957095, -74.9599776801384], [41.2203869960324, -75.0580479496744], [41.0758637918266, -75.0803899544281], [40.9617775225713, -75.1487734458377], [40.9275271610863, -75.1750867694881], [40.8952271992883, -75.1998599103581], [40.7336049840608, -75.2362450159366], [40.5054324455503, -75.2677080162164], [40.391346176295, -75.3208037862049], [40.1916952055475, -75.3424708018123], [40.0681017467384, -75.3665085770483], [40.0632591212812, -75.3698725942041], [39.9920442339016, -75.4192560272943], [39.8114076413633, -75.4742021988693], [39.697321372108, -75.5408197783389], [39.7353501285264, -75.5953176020264], [39.935001099274, -75.6401858500171], [39.9540154774832, -75.6778634951896], [39.9159867210648, -75.7482483640451], [40.0205658016646, -75.8322631630611], [40.1990400019904, -75.8506445694544], [40.2012023942029, -75.8508671352103], [40.2076585313527, -75.8556009021977], [40.296274285249, -75.9204191278761], [40.2535940891203, -75.961890302003], [40.2392311506213, -75.9758194378654], [40.1776757019648, -75.9802937831855], [40.0490873685293, -75.9896361046608], [39.9825370452462, -76.0126342439708], [39.805136844623, -76.0259353287638], [39.7068285607635, -76.0333009329492], [39.5717152055656, -76.0259353287638], [39.4121056989699, -76.0172294300564], [39.2694978619516, -75.9942386951978], [38.9177318655304, -75.9827294396387], [38.6420233810477, -75.9389096828952], [38.5374443013462, -75.8949557099474], [38.3663148974633, -75.8740884503778], [38.2427214386543, -75.8299359825454], [37.9860273332791, -75.7809786081467], [37.8703167204456, -75.7464252414885], [37.8814482526793, -75.7107520228191], [37.8148979293962, -75.6283916982074], [37.7483476052148, -75.5123060768502], [37.767361983424, -75.4072843270918], [37.7293332270056, -75.3111639495298], [37.6247541473041, -75.2168505235316], [37.4536247434212, -75.2095711684933], [37.2634809613291, -75.2386675774349], [37.044815611474, -75.2410897504805], [36.7786143165451, -75.2531947868289], [36.7215692900654, -75.2531947868289], [36.4743842651977, -75.2531947868289], [36.4386267363801, -75.2524032870615], [36.255718916241, -75.2483539376502], [35.9800104317583, -75.2628718256481], [35.9514888648936, -75.2797917040171], [35.8469097842938, -75.3352519410092], [35.599722867574, -75.3352519410092], [35.3715503290635, -75.4312181185884], [35.4304323033996, -75.5492382033397], [35.4190862750357, -75.5503121351456], [35.266971249362, -75.5526842713358], [35.1053490341346, -75.5692785551909], [35.0387987108515, -75.6118639528436], [35.0007699544331, -75.7130983717383], [34.9152052520425, -75.7412251472068], [34.7725974159226, -75.7763073700468], [34.6394967684581, -75.8601601452426], [34.6870327135319, -75.9088504351426], [34.8676693069686, -75.9550693986644], [35.0007699544331, -75.9919375852891], [35.0020785770199, -76.0036530227229], [35.0102771430885, -76.0768323727702], [34.8296405505502, -76.1498480341202], [34.6870327135319, -76.186214954251], [34.6490039571135, -76.211162881176], [34.6409802274537, -76.2239065020618], [34.6204823902489, -76.2564095990706], [34.6204823902489, -76.3285016347237], [34.6965399030857, -76.4270227910483], [34.8296405505502, -76.4381742038951], [34.9509718861838, -76.4490086322802], [35.0292915212977, -76.4559977676851], [35.0292915212977, -76.4889894586142], [35.0292915212977, -76.5381331765157], [35.1243634123438, -76.6219795338436], [35.1678095264568, -76.6219795338436], [35.174339930026, -76.6431167069732], [35.3976386221316, -76.7157487297723], [35.4671010005965, -76.8138189905897], [35.4666222201096, -76.8141863534681], [35.4285934636912, -76.9522668527994], [35.4285934636912, -77.0122293697387], [35.5902156789186, -77.088926212029], [35.8495627312117, -77.1426250972869], [35.8564169738475, -77.1440413143959], [35.894445730266, -77.2220757269521], [35.8495627312117, -77.2854527920358], [35.7993738392199, -77.3559559348112], [35.6757803804109, -77.3829812720235], [35.5141581660817, -77.4016578234464], [35.5141581660817, -77.4389293643292], [35.4075510021841, -77.4649857908981], [35.2062649386177, -77.4668850563848], [34.8123369796636, -77.4706012046288], [34.6585111466673, -77.4822757194199], [34.2972379606923, -77.4575244290256], [34.2444082903615, -77.4181288211754], [34.2306876365109, -77.4078772944287], [34.0936113653992, -77.4004041460457], [33.964486341582, -77.3933604941369], [33.7458209926252, -77.3746718417616], [33.6222275338162, -77.341380251774], [33.4415909412778, -77.3121792842252], [33.3465190502318, -77.2682535624623], [33.3415905916475, -77.2290924542285], [33.337011860678, -77.1926041188851], [33.1841948815599, -77.1685867814672], [33.1088393221675, -77.1567272987744], [32.7190445693279, -77.1165127372269], [32.4688237391614, -77.0771931638905], [32.4623504630544, -77.0761743929378], [32.3387570051436, -77.0314454588273], [31.9774838191687, -76.973713202995], [31.7683256588674, -76.9221836620535], [31.4260668511016, -76.8661339648039], [31.3633756902791, -76.8623541125085], [30.9602145845268, -76.8380206818093], [30.8176067484068, -76.7816166610992], [30.7890851806439, -76.7096849571615], [30.7991334299848, -76.6749914076388], [30.8176067484068, -76.6109764780314], [30.74154923557, -76.535919741769], [30.6141664951446, -76.5123767070073], [30.617955776761, -76.4960167819951], [30.5133766970595, -76.4737983443255], [30.351754481832, -76.4314844354994], [30.1732726539112, -76.4087844746246], [30.1235819433215, -76.4024580030077], [29.9049165943647, -76.3644084181938], [29.9232385197119, -76.3182592544173], [29.9334381612294, -76.2925021034562], [29.9144237830202, -76.2134286823337], [29.8003375137649, -76.1680432130537], [29.5436434083897, -76.1156688028375], [29.3344852480884, -76.0608099685953], [29.0904066091513, -76.0593022840006], [29.0374102474364, -76.0499689438192], [29.0207480071873, -76.0218231365932], [29.0207480071873, -75.9596831168589], [28.8876473597228, -75.9042203507575], [28.5929244979292, -75.8601601452426], [28.3647519594187, -75.8276084273759], [28.3932735262834, -75.7786431770452], [28.3362303916558, -75.6849172705032], [28.0431439378146, -75.6692076913976], [28.040464248949, -75.6670281942558], [27.9564485026197, -75.5731344767394], [27.9844643952345, -75.5241934671273], [27.9234976583977, -75.4924095221585], [27.8703781259792, -75.4646609175337], [27.7467846671702, -75.4431706086173], [27.5946696414965, -75.4024929550134], [27.6231912092595, -75.3208037862049], [27.5471336964227, -75.2410897504805], [27.1858605104477, -75.2217014806963], [27.1858605104477, -75.1682552502363], [26.8436017026819, -75.1195038299008], [26.7105010552174, -75.0558927766395], [26.7770513785005, -74.9797014798134], [26.8816304591003, -74.9179805586854], [27.005223917011, -74.9031307126045], [27.1383245644755, -74.8808291625622], [27.1953676991031, -74.8460738937259], [27.1953676991031, -74.7863118318278], [27.3474827247768, -74.7037631273411], [27.6136840197057, -74.680336806917], [27.6136840197057, -74.643453250328], [27.5661480746319, -74.5424207238857], [27.5661480746319, -74.4560334264101], [27.6231912092595, -74.3922131145349], [27.7657990453794, -74.3742976834743], [27.9749572056807, -74.3614886716851], [28.0700290967268, -74.3332727984659], [28.117565042699, -74.25090776587], [28.089043474936, -74.1291684758852], [28.1460866095636, -74.0562076317904], [28.1365794209082, -73.9408943506979], [27.9179140710531, -73.9040337478161], [27.8090787510776, -73.9009119772111], [27.6422055874687, -73.8961243373503], [27.6105778358961, -73.8857531215511], [27.5376265068689, -73.8618064808961], [27.3284683465676, -73.8247691773512], [27.0717742411924, -73.8247691773512], [26.7865585680543, -73.8776543286889], [26.672472298799, -73.9093045869871], [26.4823285167069, -73.9093045869871], [26.3207063014795, -73.9461534373458], [26.2916329794858, -73.9929865277689], [26.0147958453919, -74.026351030202], [25.9087582609952, -74.0700642237269], [25.9494652087876, -74.177709121249], [25.9254758922629, -74.2043954205429], [25.8928827922214, -74.2405825054741], [25.8056962489589, -74.2405825054741], [25.4840736602742, -74.2405825054741], [25.1988579871361, -74.2457459601365], [25.10378609609, -74.2921429084364], [25.0834035765166, -74.3046794147169], [24.9992070163885, -74.3563622008563], [24.820402694179, -74.3518413911306], [24.3707751128514, -74.4017016611166], [24.3120600859192, -74.5039948211273], [24.2506160067983, -74.5586209649776], [24.1910959420479, -74.5702691431862], [23.953416214882, -74.5904917858824], [23.6682005417438, -74.6535209885447], [23.5446070829348, -74.6811740639397], [23.3829848686056, -74.7563445663932], [23.4305208136795, -74.8361294941754], [23.4019992468148, -74.9031307126045], [23.3544633008427, -74.9525747338817], [23.2403770315874, -75.0067804466941], [23.0312188712861, -75.009239804309], [22.93614698024, -75.0705957962001], [22.6758749264107, -75.1184161826897], [22.6699456853111, -75.1195038299008], [22.6496412338274, -75.1187370075374], [22.5890050743202, -75.1164467790929], [22.3467012557545, -75.1072915221019], [22.3263963847576, -75.080429610695], [22.2801509324714, -75.0190732941621], [22.2326149864992, -74.9328161365172], [21.880848990078, -74.9105574198542], [21.5010772232586, -74.9257598875901], [21.4093979186977, -74.8779999908643], [21.3579535888756, -74.8062580448276], [21.3082250358562, -74.7845211316801], [21.2438673196203, -74.7563445663932], [21.2914032655925, -74.7188044359007], [21.3225025364868, -74.7101502741448], [21.4625326694754, -74.6711240317766], [21.5005614258938, -74.6258191960368], [21.7287339644043, -74.5955434042609], [21.7667627208228, -74.5525530911142], [21.8903561787335, -74.4942033677196], [22.4037443903821, -74.4687669122149], [22.4988162814282, -74.4203254729465], [22.5828000450385, -74.3796726758609], [22.5938881724743, -74.3742976834743], [22.6794528748649, -74.3101501715955], [22.6414241184464, -74.2405825054741], [22.6604384966556, -74.1810841030746], [22.6604384966556, -74.1321835779579], [22.6604384966556, -74.0927288040371], [22.4512803363543, -74.0248387753068], [21.8998633682872, -74.0169871738109], [21.519575804103, -74.0143691380511], [21.2417365669704, -74.0233685395887], [21.1963313745464, -74.0248387753068], [20.7590006757346, -74.0405307102479], [20.2049825297612, -74.0445389392696], [20.0364543037846, -74.0457580182659], [19.7607458193019, -74.0614299382741], [19.5040517139267, -74.1083557761453], [19.4953236601684, -74.1116645420405], [19.3804582551177, -74.1551470073271], [19.3473562307216, -74.1611711972835], [19.0667210151149, -74.2121540084333], [18.9431275563059, -74.2534880504179], [18.7244622073491, -74.3075789381758], [18.5153040470478, -74.351234091497], [18.4772752906294, -74.3845375266581], [18.3061458867465, -74.4432897582413], [18.2110739957005, -74.5069063524214], [18.3726962100296, -74.5879653706773], [18.4764050054771, -74.5951093299774], [18.5907472847069, -74.6670822904141], [18.5818543703309, -74.6761498520239], [18.5723471816754, -74.7438412040718], [18.5818543703309, -74.8087495254632], [18.7244622073491, -74.8733881647898], [18.895591611232, -74.9031307126045], [19.0191850691427, -74.913032195981], [19.0667210151149, -74.969842740816], [19.2255575267985, -74.9955653764447], [19.2948935536254, -75.0067804466941], [19.3614438769085, -75.0485359613224], [19.3753455403906, -75.0825711172169], [19.3804582551177, -75.0950694189071], [19.3899654446715, -75.1658213914688], [19.4850373357176, -75.228974998314], [19.5801092267636, -75.3159846415229], [19.5783769946214, -75.3225696980161], [19.5515876590006, -75.4240420164962], [19.5040517139267, -75.5027892871178], [19.471601396608, -75.5088053846256], [19.2473576076533, -75.5503121351456], [19.0096778804873, -75.5479396179874], [18.8100269088414, -75.5645392357322], [18.4012177777926, -75.5692785551909], [18.173045239282, -75.5976825061974], [18.1635380497283, -75.6519705264498], [18.1732997463751, -75.678556020314], [18.0882673110617, -75.7972629697019], [18.0882673110617, -75.919197888845], [18.1174350684495, -75.9428325144329], [18.1064949151006, -75.9481460356386], [18.0589589700268, -76.0011398029052], [18.077973348236, -76.0516461960368], [18.2015668061467, -76.1407416466309], [18.3631890213741, -76.2473719194784], [18.3346674536112, -76.3172617548195], [18.1825524279375, -76.3644084181938], [18.1825524279375, -76.3756103029399], [17.9924086458454, -76.4225597070602], [17.8783223765901, -76.4426322514164], [17.7832504855441, -76.4849120440806], [17.7357145404702, -76.5115483727521], [17.5455707583781, -76.5337059500179], [17.2983838416584, -76.5337059500179], [17.2483198801698, -76.5337059500179], [16.9846466007572, -76.5337059500179], [16.632880604336, -76.5071125652982], [16.4522440108994, -76.4649009276527], [16.402534006294, -76.4547172636585], [16.3001289852257, -76.4337147179298], [16.0909708249243, -76.4091618134994], [15.9863917452228, -76.3711306328129], [15.7194478822188, -76.3496358124388], [15.5965969914849, -76.3397324570167], [15.5934418809333, -76.3317821912324], [15.5680754246202, -76.2676985075638], [15.3589172643189, -76.2360666231965], [15.2319646049123, -76.2166357862759], [15.2258166168544, -76.215694118598], [15.2258166168544, -76.2054014156942], [15.2258166168544, -76.1907542307288], [15.2258166168544, -76.1498480341202], [15.2163094273007, -76.0996902093323], [15.1818735152005, -76.0837723344613], [15.09271596939, -76.042476518678], [15.0071512669994, -75.9919375852891], [15.0356728347623, -75.9204191278761], [15.1558740349713, -75.853659435799], [15.2068022386452, -75.8252804979359], [15.2543381837191, -75.6613914498563], [15.187787860436, -75.5621690048696], [14.8441943501941, -75.5533041403469], [14.797993106698, -75.5336965061257], [14.6743996487874, -75.4932663799899], [14.5888349463967, -75.4742021988693], [14.4557342989323, -75.4455599549412], [14.3131264628123, -75.4168624560881], [14.2061726965388, -75.4086998265626], [13.9993892219112, -75.3929055933927], [13.9423460872836, -75.3232127785626], [13.9423460872836, -75.1779867817545], [13.9423460872836, -75.0803899544281], [13.9557441264713, -75.0025784536755], [13.9613604654928, -74.969842740816], [13.8948101422097, -74.9179805586854], [13.8187526293729, -74.8733881647898], [13.6657738816383, -74.8446189002931], [13.5810729013086, -74.8286670128224], [13.5543527979484, -74.8037837487887], [13.4955081998163, -74.7488437500671], [13.3053644177242, -74.7112855871287], [13.0676846896599, -74.6686105184986], [12.8490193407032, -74.6132113461352], [12.7254258818941, -74.5601481136353], [12.6303539908481, -74.5094457307237], [12.3261239395007, -74.4407398022364], [12.0979514009902, -74.4177718457267], [11.9078076188981, -74.3614886716851], [11.8222429174058, -74.2663832943429], [11.746185404569, -74.1655268145042], [11.6606207021784, -74.0744784160443], [11.5456095275066, -74.0428903017254], [11.5415418921197, -74.0182699922139], [11.5415418921197, -73.8394766358067], [11.5415418921197, -73.6834985954421], [11.4530763589968, -73.6387020738326], [11.3088547057571, -73.6061696267579], [11.2858847318399, -73.6035172805524], [11.0996965454558, -73.5820026964075], [11.023639032619, -73.5685616571631], [10.8620168173915, -73.5227820395488], [10.7289161699271, -73.4579408169153], [10.6908874135086, -73.4308504939456], [10.5102508209703, -73.381979210262], [10.3142768505134, -73.3539329619833], [10.2820782824598, -73.3493205597908], [10.2510296630727, -73.3226101313356], [10.2440495260414, -73.3165995472848], [10.206020769623, -73.2591873905403], [10.0919345003677, -73.2070777205297], [9.99686260932164, -73.1768369959999], [9.78770444902032, -73.1355144072216], [9.64692898743381, -73.1249229696903], [9.53101034274682, -73.1161968209494], [9.46446001946375, -73.0664243313668], [9.4515263715487, -73.0466358895215], [9.42643126304533, -73.0081764017929], [9.34854988990736, -73.0015369029043], [9.19825872453481, -72.9887172469437], [9.07466526572579, -72.9441579386235], [9.03753553965044, -72.9310847407635], [8.97959337467971, -72.9106641568587], [8.7989567821414, -72.879905472599], [8.76871801554253, -72.8795345705112], [8.57078424363085, -72.8771065668253], [8.35211889377578, -72.8546993367691], [8.23803262452054, -72.7704186568694], [8.26825637308446, -72.7121332576904], [8.31409013735735, -72.6233796273249], [8.24753981407428, -72.5379969459388], [7.97183132959159, -72.4951533111664], [7.73415160242563, -72.5180159067994], [7.61324806159831, -72.5156725198924], [7.43942873973371, -72.5123029712689], [7.31583528182299, -72.4665343350077], [7.29084998607486, -72.4213151134319], [7.28731371406001, -72.4149059342505], [7.10667712152166, -72.3890365551702], [6.86455810347789, -72.374787208938], [6.7644183137559, -72.368890454106], [6.58378172031923, -72.3544867217737], [6.51723139703616, -72.3025388984171], [6.51723139703616, -72.2388460560387], [6.52673858569161, -72.1399751210541], [6.51723139703616, -72.0815672387308], [6.46969545106399, -72.0141697767969], [6.26053729076266, -71.9641967792015], [6.15595821106117, -71.9317898089761], [6.16055418339589, -71.8746853158591], [6.16546539971662, -71.8134711835895], [6.00384318538747, -71.7748566858998], [5.92827843621322, -71.7748566858998], [5.71862751224933, -71.7748566858998], [5.38587589313899, -71.7480771867287], [5.28470796360799, -71.675247269825], [5.22425367880987, -71.631592880178], [5.01509551850855, -71.6196052636122], [4.72037265581663, -71.6405786386502], [4.45417136088769, -71.628596684038], [4.25452039014015, -71.6256000157523], [3.95979752744823, -71.6465667861033], [3.87833584777849, -71.667541951895], [3.75063936714691, -71.7003753127265], [3.52246682863639, -71.7302030751494], [3.18971521042438, -71.7599838757905], [2.88548515907701, -71.7421210271277], [2.70250107556348, -71.7196750587295], [2.66681980922194, -71.7152950681409], [2.633113000349, -71.7205818999968], [2.47667602712982, -71.7450993414316], [2.36504214602379, -71.7450993414316], [2.29603943459147, -71.7450993414316], [2.09638846294563, -71.7540314694406], [1.92525905906274, -71.8223709895107], [1.74462246652439, -71.8697655935213], [1.46891398204167, -71.8845519022101], [1.27877019994958, -71.9612530145654], [1.27877019994958, -72.0376401305456], [1.2494363287943, -72.0565455672165], [1.18485064888537, -72.0981026980161], [1.17419112024808, -72.104952529301], [0.927004203528334, -72.1341426305235], [0.898482635765391, -72.177841433673], [0.907989825319138, -72.2707201608264], [0.915287919248695, -72.350552592231], [0.917497013974587, -72.3746487589168], [0.860453879346966, -72.4808494836146], [0.736860421436242, -72.5351438670983], [0.480166315162749, -72.5608053268531], [0.232979398443002, -72.5778926666875], [0.174473619683265, -72.5888375556281], [0.080864372769335, -72.6063355202512], [-0.0390685635463035, -72.6455592749215], [-0.118786597978207, -72.6715834066839], [-0.413509460670125, -72.7196575567482], [-0.54986215768513, -72.7407771379335], [-0.632174809626895, -72.7535143754581], [-0.841332969928217, -72.8350696814083], [-0.831825781272768, -72.9162508819797], [-0.717739512017492, -73.0026188486998], [-0.66587498354314, -73.1059162347866], [-0.660696377389871, -73.1161968209494], [-0.686841147539819, -73.1313767318079], [-0.803304213509792, -73.1988354896891], [-0.993447995601884, -73.2400073899955], [-1.2216205341124, -73.2701378164259], [-1.2428666472876, -73.2954564844082], [-1.3927499379953, -73.3029473607182], [-1.62092247650581, -73.3520444942572], [-1.63440656172131, -73.3603204815237], [-1.75402312397029, -73.433561465446], [-1.86810939322556, -73.4930938762198], [-2.0487459866622, -73.5146904199685], [-2.14147450910191, -73.5146904199685], [-2.34346884845583, -73.5146904199685], [-2.76178516905843, -73.511992355181], [-3.3227093266793, -73.511992355181], [-3.72201126907271, -73.5335648587969], [-3.86339137589718, -73.5674402933052], [-3.96919818579245, -73.5927478287127], [-4.07377726549395, -73.6463709811987], [-4.24490666937685, -73.6918165978704], [-4.53962953206876, -73.7051595586017], [-4.83276346007599, -73.7072156223778], [-4.91991709625295, -73.7078268758058], [-5.30971184909262, -73.7398015681595], [-5.5188700093939, -73.7796840773468], [-5.73753535924901, -73.8115215295482], [-5.94669351955029, -73.8221204922758], [-6.11782292343319, -73.843298159387], [-6.29975213686815, -73.8938456262942], [-6.31747389418076, -73.8987612277489], [-6.47909610940818, -73.9251070240353], [-6.63121113508188, -73.9382641784816], [-6.98297713150312, -73.9461534373458], [-7.1229517486071, -73.9406227002864], [-7.4488293980779, -73.9277392942444], [-7.62946599061625, -73.8538768716535], [-7.74355225987152, -73.8221204922758], [-8.12383982405571, -73.8115215295482], [-8.64673522525818, -73.8009158087813], [-8.80806566408805, -73.7751774838081], [-9.09678981087459, -73.6834985954421], [-9.47843748099283, -73.5842325516719], [-9.88944266412796, -73.5343795281011], [-10.447235413246, -73.4425997332765], [-10.8875981093981, -73.3250696945158], [-11.0181502283167, -73.1934548809511], [-10.9569821772281, -73.171333003529], [-10.8048671515544, -73.1548105323267], [-10.6812736936437, -73.1382723098385], [-10.5671874243884, -73.0165094247909], [-10.4435939655794, -72.9580948749897], [-10.3200005076686, -72.9497340397214], [-10.044292023186, -72.9162508819797], [-9.97774169990289, -72.885501952506], [-9.91119137572149, -72.8322636659539], [-9.79710510646621, -72.7957449580404], [-9.60696132437412, -72.7535143754581], [-9.45484629870045, -72.7506954323288], [-9.2932240843713, -72.728127797864], [-9.14110905869764, -72.6942226645128], [-9.13291920988046, -72.647873975105], [-9.13160186914386, -72.6404075475632], [-9.02702278944236, -72.6205400674073], [-8.99649659968185, -72.6165884411111], [-8.74180711630422, -72.5835848406442], [-8.7037783598858, -72.5522555687809], [-8.67785378747324, -72.5211362473607], [-8.65624241391359, -72.4951533111664], [-8.62569992961214, -72.4925283301603], [-8.52314176644912, -72.4837111546812], [-8.31398360614783, -72.4350011168171], [-8.26644766107396, -72.3746487589168], [-8.17137577002791, -72.2967577876817], [-8.07630387898187, -72.2562388001658], [-7.75305944942527, -72.227241728306], [-7.39178626345028, -72.227241728306], [-7.01149869926606, -72.2301434980423], [-6.64071832373733, -72.2446454698908], [-6.35550265059916, -72.2214368133854], [-6.0132438428334, -72.209821478835], [-5.68049222462135, -72.209821478835], [-5.26217590401874, -72.1952919840886], [-5.02449617595444, -72.1603743355545], [-4.93893147446218, -72.1020309833102], [-4.87238115028078, -72.0493641983705], [-4.60617985535184, -71.9994857500172], [-4.28293542579524, -71.9847901325106], [-4.24490666937685, -71.9465272218693], [-4.20687791295842, -71.8963725571176], [-4.15934196788455, -71.7778298419386], [-4.14983477833077, -71.6944041190248], [-4.11257401231002, -71.6307666783258], [-4.02624132042008, -71.6226028758213], [-3.90264786161105, -71.6196052636122], [-3.76004002549113, -71.6136086232286], [-3.66496813444509, -71.5535382495688], [-3.45580997414377, -71.5415014629756], [-3.41778121772534, -71.457031464902], [-3.34172370488849, -71.4358557566219], [-3.18960867921482, -71.4055642700742], [-3.1515799227964, -71.3387550833091], [-3.29418775891632, -71.2533903526327], [-3.26566619205167, -71.1676492232393], [-3.3036949484701, -70.9981276725111], [-3.33221651533474, -70.8521001082558], [-3.39876683951615, -70.7520596433003], [-3.55088186518981, -70.7144149695592], [-3.7296213218493, -70.6434494618139], [-3.7410256472819, -70.6389130524905], [-3.74124221402892, -70.6360409921187], [-3.75053283593735, -70.5124444935388], [-3.86461910519263, -70.442548706933], [-4.04536827999228, -70.4049585135381], [-4.12521317091533, -70.3175533848606], [-4.37109098355129, -70.1310072557815], [-4.49030446813905, -69.9529840071072], [-4.47540278301473, -69.7605479345025], [-4.37109098355129, -69.5272882766176], [-4.40778664996956, -69.3390785124368], [-4.53962953206876, -69.2976886875109], [-4.70125174639788, -69.2000026246239], [-4.94843866311763, -69.1459184470953], [-5.13858244520972, -69.067936996779], [-5.14656544255965, -69.0638962748756], [-5.25266871446496, -69.010119604503], [-5.56640595536611, -68.989677080404], [-5.77556411566743, -68.9964933663714], [-6.03225822104259, -69.0203337433804], [-6.23190919268847, -69.0916999209625], [-6.30796670552532, -69.1425337283228], [-6.32698108373451, -69.2135027104204], [-6.16535886850706, -69.267419352712], [-6.06077978880557, -69.3077690729668], [-6.04607409272005, -69.3176396551697], [-5.96570789775952, -69.3715026067132], [-5.96570789775952, -69.4383876887966], [-5.87612862975406, -69.503832684905], [-5.85162162850425, -69.521702303433], [-5.73753535924901, -69.5748540029383], [-5.68737826492336, -69.5967227775242], [-5.62344908999373, -69.6245637636858], [-5.50936282073846, -69.6906632739488], [-5.41429092969241, -69.7927117864726], [-5.42379811834786, -69.8811922730635], [-5.50936282073846, -69.9301875149641], [-5.60443471178453, -70.0473097485525], [-5.89915757357812, -70.1476393903253], [-5.915483525009, -70.14781264741], [-6.20338762492549, -70.1508677569996], [-6.42205297478056, -70.1379512660646], [-6.69776145836495, -70.1444105194536], [-6.96396275329389, -70.1347208834106], [-7.28720718285046, -70.1153279966916], [-7.45475227012217, -70.1168275941246], [-7.64848036882548, -70.1185614053674], [-8.09531825719106, -70.1056247423206], [-8.20643348339138, -70.0677791544578], [-8.23792609331098, -70.057040288871], [-8.3805339303292, -69.9985886989104], [-8.6182136574952, -69.9985886989104], [-8.92408824475171, -69.9985886989104], [-8.94145808705176, -69.9985886989104], [-8.96075791212902, -69.9860423127006], [-9.03652997809781, -69.9367115646166], [-9.16012343690683, -69.8320823900648], [-9.47386067690965, -69.7959954811649], [-9.68301883721097, -69.8255257314703], [-10.0823207796044, -69.8550146167125], [-10.0997167161668, -69.8552591502817], [-10.5481730461792, -69.8615620898124], [-11.0425468796187, -69.8615620898124], [-11.4513560106675, -69.8156869134346], [-11.5371219913773, -69.7564180920788], [-11.6890357387318, -69.6510282514885], [-11.9172082772423, -69.5715358942432], [-12.2956019781102, -69.5739815621908], [-12.307003030082, -69.5449724418721], [-12.6397546491923, -69.4183439773184], [-12.8203912417307, -69.3882433608953], [-13.1056069148688, -69.3614519127522], [-13.3242722647239, -69.2472162960435], [-13.5239232354714, -69.1864941598427], [-13.6570238829359, -69.1086576597383], [-13.9612539342833, -69.0713332787394], [-14.0658330148831, -68.9589776495165], [-14.3225271202583, -68.8323184584285], [-14.4556277677227, -68.7083845043655], [-14.557287246394, -68.597367293247], [-14.569714036978, -68.5837588344388], [-14.8073937650423, -68.5142222589679], [-14.7978865754885, -68.4130120712211], [-14.7693650086239, -68.3324192709711], [-14.4908195474559, -68.2746526678155], [-14.3795702548859, -68.2515401197541], [-14.4080918226489, -68.188043096774], [-14.4080918226489, -68.1758747570786], [-14.4080918226489, -68.096013789904], [-14.2747872935475, -68.0765461739048], [-14.1894264727938, -68.0640715555307], [-14.0182970689109, -68.0391969856054], [-13.9612539342833, -67.9394303596105], [-13.8091389086096, -67.8535735129772], [-13.9137179892094, -67.8105261735079], [-13.9612539342833, -67.6917360089915], [-14.0848473930923, -67.6266872497614], [-14.1989336623475, -67.5106005273946], [-14.4175990113043, -67.4596331953418], [-14.693307495787, -67.4450510018345], [-14.9595087907159, -67.4012507569307], [-15.0831022486267, -67.3573699201979], [-15.3778251113186, -67.3317354991425], [-15.6915623513214, -67.3537095423111], [-15.8912133229672, -67.4231609457062], [-16.1288930501332, -67.4887707773751], [-16.3380512104345, -67.5940954302789], [-16.3665727781975, -67.7169842510921], [-16.5852381271543, -67.7602038653167], [-16.7563675310372, -67.8320597656351], [-16.7563675310372, -67.9072711603519], [-16.7610730654972, -67.9488238894895], [-16.8178157540865, -67.9913911375397], [-16.8765307801203, -68.2430499744195], [-16.8978997199443, -68.3694325602], [-17.0035544477569, -68.4200066362358], [-17.1779853965659, -68.4739681163413], [-17.1841910411936, -68.4758855083263], [-17.1899612014361, -68.4763648308212], [-17.6880720632885, -68.5177041909637], [-18.011316492845, -68.5941708065065], [-18.0308688586032, -68.6020983582379], [-18.1824458967279, -68.6634607541459], [-18.204816609909, -68.6727610829343], [-18.3155465441924, -68.718738708703], [-18.37258967882, -68.8048371904958], [-18.496183137629, -68.9248169484651], [-18.5247047044937, -69.0407477835569], [-18.5740753309746, -69.0861124285307], [-18.5912550286751, -69.1018761414732], [-18.6134388302933, -69.106711406272], [-18.762384432558, -69.1391484843617], [-18.8954850800225, -69.1932494398844], [-18.9318642933223, -69.2239187989042], [-18.9715425928593, -69.257320175811], [-19.1478347853599, -69.2765232674854], [-19.2187295095791, -69.2842408696232], [-19.7573342145839, -69.2669137833545], [-19.9888118266029, -69.2033784315885], [-20.0122234751959, -69.1903122479212], [-20.0553621507843, -69.166215742342], [-20.0375818215185, -69.1113412531228], [-20.0268405830213, -69.0781242640595], [-19.9507830701845, -69.010119604503], [-20.0173333943659, -68.8391834618782], [-20.0648693394398, -68.7566630570878], [-20.1351095583294, -68.7387465159363], [-20.3215634457132, -68.6911168220173], [-20.6162863075068, -68.6634607541459], [-20.6733294421345, -68.6426962502757], [-20.664548421012, -68.6026868541048], [-20.6543150639253, -68.5559699757789], [-20.7684013331805, -68.4898336780459], [-21.0346026281095, -68.4304944371426], [-21.1867176537831, -68.4479633199088], [-21.3958758140845, -68.5107397896461], [-21.5670052179674, -68.5316265431426], [-21.8332065128963, -68.5107397896461], [-22.0994078078252, -68.5420626651726], [-22.1849725102158, -68.5907006851769], [-22.3180731576803, -68.649619891064], [-22.5462456961908, -68.6738357873171], [-22.7554038564922, -68.6738357873171], [-22.977692997627, -68.6710479801277], [-23.0311123400765, -68.67037797756], [-23.3638639591869, -68.6600013403487], [-23.4301752398745, -68.655613495989], [-23.5214366975726, -68.6495732821478], [-23.5730221194882, -68.646158338002], [-23.7536587120265, -68.67037797756], [-23.9533096836724, -68.6530809088777], [-24.0769031415831, -68.6080459314474], [-24.1909894108384, -68.5385844951261], [-24.4952194621857, -68.5281467610651], [-24.8374782699515, -68.5281467610651], [-24.9515645392068, -68.5107397896461], [-25.1131867544342, -68.3674947535182], [-25.1135516761538, -68.3660821534224], [-25.1322011326434, -68.2937737167041], [-25.2776587742892, -68.2370747596935], [-25.3128377251818, -68.2233409620175], [-25.5505174532461, -68.1456138190526], [-25.6075605878737, -68.0320850422825], [-25.5938109759316, -67.9651220143605], [-25.5790390201107, -67.8929638922526], [-25.6741109111568, -67.7925663430114], [-25.8737618828026, -67.7673993938518], [-25.9961306153842, -67.7347949894108], [-26.0068625302671, -67.6628476338906], [-26.2065135010147, -67.6013419464308], [-26.5297579305712, -67.5940954302789], [-27.0336389535645, -67.6013419464308], [-27.1857539792381, -67.5687151086544], [-27.3473761935673, -67.4705639758148], [-27.4519552741671, -67.4523432159347], [-27.6461759281238, -67.4709544940685], [-27.6801278126776, -67.4742064523439], [-28.0318938090988, -67.4268106862538], [-27.9938650526804, -67.3317354991425], [-27.9316288678881, -67.3173398621774], [-27.8512572165605, -67.2987365610831], [-27.6516062449146, -67.2620177154668], [-27.6325918667054, -67.2068339825026], [-27.6516062449146, -67.110881734366], [-27.5755487320778, -66.9811115927482], [-27.3283618153581, -66.9625162966903], [-27.2047683574474, -66.9066451555201], [-27.1572324114752, -66.8356911687177], [-27.2047683574474, -66.7457706259961], [-27.2047683574474, -66.6366767826829], [-27.2903330589396, -66.5649397343473], [-27.5924134391172, -66.4803732659978], [-27.6420990562592, -66.4664363941213], [-27.8797787834252, -66.4018193650925], [-27.9312119211372, -66.3845446180357], [-28.1745016461171, -66.302669701686], [-28.188661289579, -66.2981166232529], [-28.1935160243263, -66.2414595347206], [-28.3361238604462, -66.1685790217773], [-28.4692245079107, -66.1647373788283], [-28.5349632428604, -66.1942374741511], [-28.6403539117936, -66.2414595347206], [-28.8780336398578, -66.233797799183], [-28.9160623962763, -66.1877784910162], [-28.954959597199, -66.1802665880845], [-29.134727745233, -66.1455204168379], [-29.28008918899, -66.14206215942], [-29.2963499604605, -66.1416752740563], [-29.4769865529988, -66.1108931193022], [-29.549955436005, -66.0583053004005], [-29.5625512553894, -66.0492166213934], [-29.6291015786725, -65.9873902957889], [-29.737286833691, -65.9609618296455], [-29.7717094156907, -65.9525470360376], [-29.9143172518106, -65.9254138506854], [-29.9903747646475, -65.8827178121825], [-30.0013401121469, -65.8535779968153], [-30.0093891428567, -65.8321670706335], [-30.1044610339028, -65.7854164632951], [-30.1768213074056, -65.7776729676438], [-30.3231263837578, -65.7620093014387], [-30.4562270312223, -65.7307666796013], [-30.5512989222684, -65.6446542947748], [-30.5379469136542, -65.6115954737734], [-30.5037629762962, -65.526765882027], [-30.608342056896, -65.4755147666998], [-30.7984858389881, -65.45693751569], [-30.7984858389881, -65.4033641477083], [-30.7984858389881, -65.3845929829926], [-30.9125721082433, -65.1778644690193], [-30.9614466652614, -65.167983747396], [-30.9601080533172, -65.1658883313724], [-30.9911549560237, -65.1543625787513], [-31.019717439353, -65.143754709958], [-31.3689171852644, -65.0137215350563], [-31.8252622622854, -65.0016712722781], [-32.3956936085617, -65.0297800962888], [-33.0136609008102, -65.061868245358], [-33.4129628432036, -64.9976533099565], [-33.6316281921604, -64.9292554348017], [-33.7932504073879, -64.8647211225178], [-34.0119157563446, -64.8000315149965], [-34.3488363057716, -64.7448005584985], [-34.3826961318734, -64.7392437096984], [-34.5633327244117, -64.6416981914037], [-34.6584046154578, -64.5233614079843], [-34.6492604207373, -64.4964705424197], [-34.6013614808301, -64.3551782121391], [-34.7439693178484, -64.190099985798], [-35.0862281256141, -64.1071901608399], [-35.3619366091985, -64.0864239927757], [-35.4570085002446, -63.9615011274005], [-35.7137026065181, -63.9364494163493], [-36.0559614142839, -63.9239151563781], [-36.155003811275, -63.8803458431698], [-36.2556123850314, -63.8360182704375], [-36.2647586189276, -63.8158462660214], [-36.3031483310036, -63.731020076883], [-36.3354143499586, -63.6136774312894], [-36.4301989480987, -63.5554462255495], [-36.4837849235419, -63.553741637029], [-36.9518870701532, -63.5465520016431], [-37.0533367005775, -63.5278661810466], [-37.0586235869601, -63.5227897691823], [-37.1587953504181, -63.4264351103063], [-37.1778097295256, -63.4094180289729], [-37.3489391316118, -63.358306150432], [-37.5390829146023, -63.358306150432], [-37.8587863748534, -63.3460156850071], [-37.8718345328143, -63.3455139588942], [-37.8752265291063, -63.3443502973512], [-38.0334567480417, -63.2900153264628], [-38.1285286390878, -63.2301278504731], [-38.3471939880445, -63.2001374969751], [-38.6609312289457, -63.1786967713835], [-38.7084671740195, -63.1056794638948], [-38.8986109561116, -62.9763765057072], [-39.2693913316404, -62.9590927336188], [-39.592635761197, -62.9850145603985], [-39.8155282665721, -63.0452161340096], [-39.9919377035904, -63.092774974259], [-40.315182133147, -63.140063439645], [-40.5960529148689, -63.1513412931761], [-40.743005642405, -63.1572401647416], [-40.9901925591248, -63.1572401647416], [-41.7127389310748, -63.0970771072009], [-42.093026495259, -63.140063439645], [-42.2453584155647, -63.1688597061928], [-42.454299681234, -63.1744067206246], [-42.8155728672089, -63.1958506220503], [-43.0722669734824, -63.2600871186872], [-43.1958604313932, -63.3753535539308], [-43.633191130205, -63.4349398635404], [-43.8898852364785, -63.4986450966192], [-44.0800290185706, -63.5622085882136], [-44.3082015570811, -63.6129574866405], [-44.3937662585734, -63.7226033314593], [-44.5839100406655, -63.7520509848476], [-44.7075034994745, -63.8318258421861], [-44.7435380920819, -63.8651782644976], [-44.8025753905206, -63.9197358238547], [-45.1068054418679, -63.9781898228983], [-45.3920211150061, -63.9573273983671], [-45.4722734242498, -63.9479780394047], [-45.8578733806826, -63.9030122646535], [-46.2381609448668, -63.8946467461261], [-46.6279556986048, -63.9280938656579], [-46.8085922911431, -64.0115373657478], [-46.8656354257707, -64.1320891116499], [-46.9987360732352, -64.1983773558062], [-47.0444510838208, -64.2101326277336], [-47.2078942335365, -64.2521200130819], [-47.369516448764, -64.2562497410267], [-47.797339958022, -64.2066522530807], [-47.8423412301649, -64.1338263183633], [-47.8638902822034, -64.0988855534067], [-48.0215802498354, -64.1166558803674], [-48.158613143997, -64.1320891116499], [-48.4058000607168, -64.1320891116499], [-48.6537085015778, -64.0274604281409], [-48.6815085451995, -64.0157030119146], [-48.7765804362455, -63.8988298172235], [-48.8526379490824, -63.8318258421861], [-48.9952457852023, -63.7730662496911], [-49.2804614583404, -63.731020076883], [-49.7748352917799, -63.7015505073723], [-50.1741372341733, -63.7352275102212], [-50.2902888236915, -63.7352275102212], [-50.4878744750744, -63.7352275102212], [-50.9347123625417, -63.7099735161933], [-51.1818992792615, -63.6551791430274], [-51.1248561446338, -63.4561907048398], [-50.9899609920151, -63.4096494906358], [-50.7921045264218, -63.341248630426], [-50.5163960419391, -63.3113736138619], [-50.421324150893, -63.2215623510804], [-50.5544247983575, -63.1658247135548], [-50.7016503110077, -63.0890396921256], [-50.6649415687122, -63.0609091301635], [-50.7170395558542, -62.9845545603241], [-50.7255542022404, -62.9720565208322], [-51.0012626867231, -62.8985190142593], [-51.4005646291165, -62.8768551642026], [-51.8854312730022, -62.8898553939485], [-52.196447406415, -62.8493329082153], [-52.2181828921126, -62.8464988867569], [-52.2593085446589, -62.8101902092423], [-52.3607907282325, -62.720402504363], [-52.571393543004, -62.6438870167498], [-52.588963266743, -62.6374947018249], [-52.6438686535396, -62.6105645694279], [-52.7267927860003, -62.5698453727539], [-52.7315711037612, -62.5674973198436], [-52.7338237389306, -62.5628268686086], [-52.7886142383889, -62.4490021349611], [-52.8931933180904, -62.3300353388064], [-53.1333722149706, -62.2799958261349], [-53.1689018025731, -62.2725864265248], [-53.435103097502, -62.2017293273465], [-53.5301749885481, -62.063969338859], [-53.5111606103389, -61.9658236451406], [-53.4255959079482, -61.8225006323057], [-53.4165479398627, -61.8158969792041], [-53.3210168282468, -61.746086932851], [-53.2544665040654, -61.660458401847], [-53.2069305589915, -61.433981993267], [-53.2449593154099, -61.2790324924664], [-53.3804954303569, -61.2417926384754], [-53.4350785393588, -61.1541349938698], [-53.4446102861575, -61.1508500807296], [-53.5111606103389, -61.0451664279533], [-53.3875671515298, -60.9345109245697], [-53.2335677002403, -60.8630171423941], [-53.1784089912285, -60.8373708773524], [-53.0167867768994, -60.800287310341], [-52.7981214270443, -60.8188344662204], [-52.5129057539062, -60.8188344662204], [-52.3893122959955, -60.7492271938852], [-52.5319201321154, -60.6422020614026], [-52.4434153057836, -60.5251694656561], [-52.4083266742047, -60.4786532626779], [-52.1421253792757, -60.4317729663197], [-51.9695620953161, -60.4317729663197], [-51.866416894793, -60.4317729663197], [-51.6097227894178, -60.3707273486136], [-51.5730293903474, -60.3423701694263], [-51.4576077637442, -60.2530097841304], [-51.0612424274893, -60.216114338347], [-51.0012626867231, -60.2105275382428], [-50.5259032314928, -60.1774477034177], [-50.3167450711915, -60.1443345176383], [-50.2121659905917, -60.0732652796771], [-50.1856022587697, -60.0676580023401], [-49.964979073872, -60.0210503131243], [-49.893912951995, -60.0210503131243], [-49.727299346706, -60.0210503131243], [-49.366026160731, -59.9925346045754], [-49.1568680004297, -59.9449537607202], [-49.2234183237128, -59.8686821419054], [-49.2215188917401, -59.863278629762], [-49.1948967568481, -59.7874514269199], [-48.9622364669435, -59.7904532614248], [-48.8241163813194, -59.7922351893948], [-48.5769294645997, -59.7922351893948], [-48.4153072502705, -59.6340084705178], [-48.2346706568339, -59.5907257802384], [-48.0540340642955, -59.4798609216605], [-47.9019190386218, -59.363786598788], [-47.6167033654837, -59.3250066658153], [-47.4455739616008, -59.2618947752802], [-47.4075452051824, -59.1645708096378], [-47.1888798553273, -59.1548231467569], [-47.0462720192074, -59.0962788192744], [-47.0652863974166, -58.9641878945066], [-47.0302044511, -58.9076186373835], [-46.9892288845797, -58.8414285214247], [-46.74204196786, -58.7231688273533], [-46.5212448403772, -58.7292015689596], [-46.380768781885, -58.7330391896903], [-46.01949559591, -58.7429067525672], [-45.7152655445627, -58.7429067525672], [-45.4205426818707, -58.6836593733814], [-45.4013889884357, -58.6318529618938], [-45.3730067367969, -58.5549438652775], [-45.2494132779879, -58.4307313699118], [-44.9832119830589, -58.4655551580151], [-44.840604146939, -58.5400615545043], [-44.5744028520101, -58.5549438652775], [-44.2416512328997, -58.6193608791974], [-44.2252915146956, -58.6318529618938], [-44.0990433967798, -58.7281043582525], [-43.8613636687155, -58.8463472713768], [-43.5761479955774, -58.8414285214247], [-43.4525545376666, -58.7823490195031], [-43.4240329699037, -58.7478394841317], [-43.3384682684114, -58.6441050879834], [-43.0627597839287, -58.5450230271351], [-42.6539506528798, -58.5648618949672], [-42.4447924925785, -58.6391576482711], [-42.4397106439645, -58.6999333992775], [-42.4352853030247, -58.7527715164852], [-42.4265806692441, -58.7828609616956], [-42.3937993865236, -58.8959428607091], [-42.3687349797417, -58.934765405794], [-42.1120408734682, -58.9886874698121], [-41.950418659139, -59.1011613350648], [-41.6842173642101, -59.1353194872882], [-41.2278722871891, -59.0865117015804], [-41.2468866653983, -58.9837889480004], [-41.037728505097, -58.9543831865709], [-40.6194121844943, -58.969089203314], [-40.4007468346393, -58.9249523319422], [-40.3246893218024, -58.8217465352215], [-40.1915886743379, -58.762633481946], [-39.9444017576182, -58.7478394841317], [-39.9178940483305, -58.6569554750257], [-39.8968658125443, -58.5846895309807], [-39.8208082997075, -58.4904081937942], [-39.7839424375772, -58.4862193309504], [-39.6021429498524, -58.4655551580151], [-39.5736213829878, -58.390890534068], [-39.5450998152248, -58.2460894907475], [-39.4595351137325, -58.1910097295762], [-39.4405207355233, -58.0051134913499], [-39.592635761197, -57.9698348585043], [-39.8113011101537, -57.9294738615765], [-40.0109520817996, -57.8283725594427], [-40.0870095946364, -57.7574324581411], [-40.1860117929169, -57.7345373454917], [-40.1907707977976, -57.7334364193232], [-40.3722252677746, -57.6914345817339], [-40.4863115370298, -57.6100410825513], [-40.6194121844943, -57.5437743648125], [-40.873222254938, -57.5296811092065], [-40.8951206680787, -57.5284649057538], [-41.10427882838, -57.4978266929983], [-41.2754745494905, -57.4182952740834], [-41.3134369886813, -57.4006358368728], [-41.465552014355, -57.3339879224872], [-41.6081598513733, -57.2980504165531], [-41.731753309284, -57.2054782685584], [-41.8173180116746, -57.1436342376335], [-42.0130764547352, -57.073871032314], [-42.1215480630219, -57.0351580029406], [-42.1229542642081, -57.0167899026592], [-42.1310552516774, -56.9107962320678], [-42.3307062233232, -56.8328591152113], [-42.5040285414771, -56.8328591152113], [-42.5588787618338, -56.8328591152113], [-42.8726160018366, -56.7964328450687], [-42.8155728672089, -56.6608250150544], [-42.939166326018, -56.556178161937], [-42.9486735146734, -56.3934018975693], [-42.8980945813718, -56.3593930289414], [-42.9054756904134, -56.3471240568609], [-42.8821231913903, -56.3249329982176], [-42.9011375695995, -56.1929161605101], [-43.046880280821, -56.1671058004702], [-43.1102957299009, -56.1558697986012], [-43.3479754570668, -56.0710581006892], [-43.3479754570668, -55.921358265469], [-43.3479754570668, -55.9168600252181], [-43.4145257812482, -55.7727427919796], [-43.7092486430418, -55.6870876771356], [-44.0134786943892, -55.6495544482363], [-44.3462303134995, -55.6441896195259], [-44.4657733908633, -55.5967553349892], [-44.6979963099208, -55.5044459423886], [-44.7645466341022, -55.2776542631305], [-44.6504603648469, -55.0767823275137], [-44.5939693473693, -55.0606091223662], [-44.4032734481272, -55.0059651813598], [-44.2701728006627, -54.9295604821297], [-44.2606656111089, -54.8092021226891], [-44.517297423709, -54.6830191030975], [-44.5173597173824, -54.6829884260749], [-44.6407348119156, -54.4827920162497], [-44.5916756367335, -54.3926904062539], [-44.4222878263364, -54.24646992428], [-44.3492241054907, -54.2000404432693], [-44.2325307770589, -54.1257775184955], [-44.2186948495944, -54.0649231705837], [-44.2511584224535, -53.9733736293969], [-44.3342212871334, -53.8828950288097], [-44.3258055201071, -53.7039328836649], [-44.9716708082759, -53.4074617607313], [-45.85239620058, -53.3023284597609], [-46.7037640807655, -53.3023284597609], [-46.9263951736981, -53.2742115988414], [-46.9512001281613, -53.2742115988414], [-47.2269086117457, -53.2685260554519], [-47.3600092592102, -53.1603570073869], [-47.3505020705547, -52.977559701812], [-47.3389774184848, -52.9607037988451], [-47.2839517463733, -52.8801328563382], [-47.2269086117457, -52.7997342638334], [-47.2071978586299, -52.7241933026568], [-47.1983870448811, -52.6903836944114], [-47.0843007756258, -52.6211787383342], [-46.9416929386076, -52.6038603793473], [-46.7662875054632, -52.6038603793473], [-46.5994341308418, -52.6038603793473], [-46.5182567949089, -52.5821626518244], [-46.3617544036758, -52.540301111329], [-46.1240746756115, -52.4766496893729], [-45.9909740281471, -52.4592742093229], [-45.658222409935, -52.4708586246237], [-45.560398848918, -52.4613230838991], [-45.4205426818707, -52.4476867452822], [-45.396767133841, -52.4114447141539], [-45.3825139254523, -52.3897036825063], [-45.3349779803785, -52.2793257127895], [-45.3069039020861, -52.2750314868765], [-45.1448341982864, -52.2502330828894], [-45.0687766854495, -52.1570083508479], [-45.1353270087326, -52.0635879619762], [-45.29694922396, -52.0285048403022], [-45.5061073842613, -52.0577426878279], [-45.7723086791903, -52.0752762161137], [-45.8259170792779, -52.0730795560645], [-46.0575243523284, -52.0635879619762], [-46.1906249997929, -51.9875397169487], [-46.2381609448668, -51.8468030446111], [-46.2469995767451, -51.8338331813972], [-46.3142184577036, -51.7350734838427], [-46.3617544036758, -51.6997329464911], [-46.5518981857679, -51.6348702132037], [-46.7515491565155, -51.5876389727861], [-46.9131713717429, -51.5935455652033], [-47.2649373681641, -51.6171642566338], [-47.4075452051824, -51.5640049215336], [-47.6547321219021, -51.5344450733631], [-47.8530578000262, -51.5068171474403], [-47.9114262272773, -51.3685548213855], [-48.0730484425047, -51.2437413398984], [-48.3962928720613, -51.1901459014838], [-48.4821875831479, -51.1681178578801], [-48.6054510323626, -51.1364880587993], [-48.6551463989204, -50.8729179812303], [-48.604056018795, -50.7626337465559], [-48.4533360066889, -50.7170162347566], [-48.3128802249693, -50.7170162347566], [-48.1110771989231, -50.7170162347566], [-47.8733974708589, -50.5904364949466], [-47.7593112016036, -50.5179520218612], [-47.5691674195115, -50.445356066067], [-47.4836027180192, -50.3059020088699], [-47.5501530413023, -50.1660378275135], [-47.9684693619049, -49.9768756734268], [-48.18713471176, -49.8912029329514], [-48.2346706568339, -49.7255466277013], [-48.2726994132523, -49.4605524178231], [-48.6336308773983, -49.398544704368], [-48.6149582210181, -49.3491969342628], [-48.6149582210181, -49.23758882822], [-48.5674222759442, -49.0323173592198], [-48.4628431953444, -48.8949972804167], [-48.3012209810153, -48.8699893630587], [-48.0730484425047, -48.8824948848171], [-47.8543830926497, -49.0136141575885], [-47.5786746090653, -49.0946106061473], [-47.2839517463733, -49.1568257801831], [-47.0177504514444, -49.1754751121401], [-46.7895779129339, -49.2934244681316], [-46.646970076814, -49.4667314291839], [-46.4283047269589, -49.5223074733517], [-45.8768877588918, -49.5161354732885], [-45.7247727332181, -49.5839846324215], [-45.5061073842613, -49.713253233163], [-45.3539923585877, -49.8544394105671], [-45.0454095690401, -49.9262301885381], [-45.0117335508219, -49.9340583419024], [-44.8497632384218, -50.0346134638729], [-44.7360250663392, -50.1050992986216], [-44.697290919522, -50.1154495803082], [-44.5078525278286, -50.1660378275135], [-44.1846080982721, -50.2512214097633], [-44.1368132245974, -50.3763573149377], [-44.089536207226, -50.4998134868513], [-44.0039715057337, -50.6386975694825], [-43.728263021251, -50.7290536615682], [-43.3099467006484, -50.7651473898051], [-43.1388172967655, -50.9392083154846], [-42.8250800567627, -51.0469195735322], [-42.3592277901879, -51.1305222227039], [-42.0454905501851, -51.0708214658953], [-41.950418659139, -50.9871108491847], [-41.4750592039088, -50.969153187339], [-41.0757572615154, -50.9392083154846], [-40.8761062898695, -50.8012132952947], [-40.7905415883772, -50.6808853984403], [-40.3627180782208, -50.6085402008046], [-39.9919377035904, -50.626636942752], [-39.687707652243, -50.704975715473], [-39.3644632226864, -50.7230353344206], [-39.2892704020909, -50.7126858665176], [-39.1766327407915, -50.6532121465816], [-38.9151850401903, -50.6230640903784], [-38.7488092315334, -50.5778057404954], [-38.4873615309322, -50.5778057404954], [-38.2496818028679, -50.5627099513707], [-37.8218582936099, -50.6230640903784], [-37.3940347834535, -50.7585780954554], [-37.0612831652414, -50.9086903256548], [-36.6809956010572, -51.0284326607492], [-36.32447600941, -51.0732564740553], [-36.0630283088087, -51.22235600239], [-35.6589727720876, -51.3709741313446], [-35.3975250714864, -51.4747206877978], [-35.3262211538756, -51.5782318263084], [-35.2073812893943, -51.7992495943563], [-35.1123093983482, -51.9020221433445], [-34.8508616986453, -51.960643977245], [-34.4943421069981, -51.960643977245], [-34.2091264338599, -52.0630479867659], [-33.8288388696757, -52.1068636959687], [-33.4723192780284, -52.1797943077083], [-33.2108715774272, -52.2671534468644], [-32.9256559042891, -52.3107685854561], [-32.4502964490588, -52.3107685854561], [-32.0224729398007, -52.2234953602881], [-31.6421853756165, -52.1506363944576], [-31.3807376750153, -52.0922632389288], [-31.1192899744141, -52.0630479867659], [-30.8340743012759, -52.0045601079494], [-30.6201625466469, -51.9166847813341], [-30.477554710527, -51.8433237104154], [-30.4706389818032, -51.8371517057499], [-30.2636429549996, -51.6520243292336], [-30.1847860464974, -51.5246390547633], [-30.1448030914167, -51.4599141692298], [-30.0972671463428, -51.3561339657039], [-29.8595874182785, -51.2372394690068], [-29.4792998540943, -51.0583200233227], [-29.1703162084192, -51.0284326607492], [-28.7187247257259, -50.998526014428], [-28.2671332430326, -50.998526014428], [-27.8155417612376, -50.9686000789395], [-27.3877182510812, -50.9686000789395], [-27.1975744689891, -50.9386548511433], [-27.0074306868969, -50.8937008254474], [-26.9746011808154, -50.8812746226795], [-26.769750959731, -50.8036624620229], [-26.646601946002, -50.6789721792747], [-26.5320712316667, -50.5627099513707], [-26.3656954221115, -50.4417694567981], [-26.2468555585285, -50.396336905756], [-26.0804797489734, -50.3053410397133], [-25.6764242122522, -50.244580225043], [-25.5283307671375, -50.244580225043], [-25.5282239951794, -50.2442729554162], [-25.4111787490401, -50.2182302648912], [-25.3389374888377, -50.2021494100719], [-25.1249614381905, -50.1652607873383], [-25.1085605340273, -50.0495548677029], [-25.1085017419869, -50.0491395934864], [-25.059122653376, -49.9909733940192], [-24.7299287293034, -49.9274390259332], [-24.539227715054, -49.9098979556738], [-24.4994929824526, -49.9062422700295], [-24.4311168594057, -49.8768753501807], [-24.2028099014876, -49.9243127951737], [-23.9651301734233, -50.000761073594], [-23.7749863913312, -50.0923388012963], [-23.8700582823773, -50.1685201357863], [-24.0126661193955, -50.2901581056863], [-24.0126661193955, -50.3811830376705], [-24.0602020644694, -50.5325038605063], [-24.2265778740246, -50.592896692941], [-24.1790419280524, -50.6682789232016], [-24.0839700370063, -50.7585780954554], [-23.7749863913312, -50.8487033669456], [-23.4897707181931, -50.9835654583092], [-23.157019099981, -51.0583200233227], [-23.0144112629628, -51.0881881053267], [-22.9193393719168, -51.0433787525887], [-22.7529635623616, -50.9686000789395], [-22.5628197802695, -50.9686000789395], [-22.3964439716126, -51.1031149182422], [-22.3251400531035, -51.1776767157876], [-22.1349962710114, -51.2669919624599], [-21.9210845163824, -51.4302867158972], [-21.7784766793641, -51.5338987238275], [-21.6358688432442, -51.666768434808], [-21.3506531701061, -51.7992495943563], [-21.160509388014, -51.8139457575818], [-21.0179015509957, -51.6962422562839], [-21.0892054695049, -51.6225217243752], [-21.2080453330878, -51.504319312149], [-21.2318133056248, -51.4006400384863], [-21.4694930336891, -51.2521181221789], [-21.612100869809, -51.1031149182422], [-21.7784766793641, -50.9386548511433], [-22.1112282984745, -50.8336945601121], [-22.3251400531035, -50.7736110473297], [-22.3251400531035, -50.6532121465816], [-22.4202119441496, -50.4720336171924], [-22.5152838351956, -50.3811830376705], [-22.6578916713155, -50.3205191287823], [-22.7291955898247, -50.3053410397133], [-22.8480354534076, -50.1989587179671], [-22.8004995083338, -50.1075847705111], [-22.5865877537048, -50.0770879799348], [-22.4439799166865, -50.0618323053863], [-22.3013720805666, -50.138062154935], [-22.1825322160853, -50.2141707352302], [-22.1587642435484, -50.3053410397133], [-22.0161564074284, -50.4266301145443], [-21.8497805978733, -50.5022784174884], [-21.5407969521982, -50.5627099513707], [-21.3981891151799, -50.5627099513707], [-21.3268851966708, -50.4569039573259], [-21.3031172241339, -50.3205191287823], [-21.3268851966708, -50.2141707352302], [-21.4694930336891, -50.0770879799348], [-21.4694930336891, -50.0160361631935], [-21.279349251597, -50.000761073594], [-21.0654374969679, -49.985481129663], [-20.9703656059219, -49.8783855454013], [-20.8515257414406, -49.7403413885957], [-20.9703656059219, -49.6634800237863], [-21.160509388014, -49.5402488558994], [-21.160509388014, -49.4630711784666], [-21.0416695235327, -49.4012413767152], [-20.8990616874127, -49.3083505128798], [-20.7089179053207, -49.2928516451392], [-20.3761662862103, -49.3083505128798], [-20.0909506130722, -49.2773479028174], [-19.805734939934, -49.1842230593337], [-19.5205192667959, -49.0909226324452], [-19.354143458139, -49.0597834566645], [-19.2828395396299, -48.9818501043754], [-19.3066075121668, -48.8412624554533], [-19.472983321722, -48.7473175213376], [-19.6631271038141, -48.7159634457785], [-19.7581989948601, -48.6374927024069], [-19.7581989948601, -48.5116852088974], [-19.90080683098, -48.4959372581078], [-20.2335584500904, -48.4801844141527], [-20.5663100683024, -48.5431664328988], [-20.7326858778576, -48.7002790749627], [-21.0892054695049, -48.8099670233396], [-21.8022446519011, -48.8412624554533], [-22.0636923525023, -48.8256171820687], [-22.1101949080127, -48.703007143026], [-22.1112282984745, -48.7002790749627], [-22.0636923525023, -48.6060701769588], [-21.9876348405638, -48.517983020153], [-21.9686204614562, -48.4959372581078], [-21.9717895246408, -48.4864861386975], [-22.0005842871497, -48.4005305832056], [-22.0161564074284, -48.3539854681414], [-22.1112282984745, -48.3223867769583], [-22.1316604149331, -48.324327612147], [-22.138063106815, -48.3249357847539], [-22.2776041071313, -48.3381885710463], [-22.4439799166865, -48.432896519413], [-22.7054276172877, -48.4486640448346], [-22.8480354534076, -48.3855645744128], [-23.0144112629628, -48.2749520149642], [-23.2283230175919, -48.2116370965254], [-23.3709308546101, -48.2116370965254], [-23.7512184187943, -48.3539854681414], [-23.9888981459603, -48.432896519413], [-24.3216497650706, -48.4801844141527], [-24.6442151104932, -48.3624460773397], [-24.8194475164357, -48.2677610842158], [-24.9158490838838, -48.1006473706548], [-25.1535288119481, -47.7981787180727], [-25.1297608385129, -47.5581366628849], [-24.86831313881, -47.5099957045366], [-24.5830974656718, -47.6222558665344], [-24.5730575464085, -47.6203223843985], [-24.4642576011905, -47.7342754791728], [-24.3454177376075, -47.8620034557361], [-24.1790419280524, -47.925749709495], [-23.9888981459603, -47.8446044928162], [-23.9888981459603, -47.7758215146985], [-24.0364340919324, -47.7502586491717], [-24.2028099014876, -47.6862965231922], [-24.3454177376075, -47.6222558665344], [-24.4167216561166, -47.5260476012457], [-24.4167216561166, -47.4618105473384], [-24.0839700370063, -47.316989822813], [-23.9821072965356, -47.2847533942577], [-23.8462903098403, -47.2847533942577], [-23.5848426092391, -47.2847533942577], [-23.4988527890218, -47.1562681034928], [-23.4951914840958, -47.1507904999906], [-23.3595222271456, -47.0980416290177], [-23.275858963564, -47.0909219749802], [-23.0381792354997, -47.0099499446625], [-23.0286720468443, -47.0058981158366], [-22.8480354534076, -46.9288549719697], [-22.7767315357968, -46.8638904590468], [-22.7054276172877, -46.8151154211941], [-22.6341236987786, -46.6358947457267], [-22.6258963237388, -46.6293036333262], [-22.5271678223624, -46.5501476741817], [-22.4202119441496, -46.5378870169126], [-22.2300681620575, -46.5378870169126], [-22.0399243799654, -46.5215351662857], [-22.0399243799654, -46.4397020695475], [-22.0399243799654, -46.3741469680835], [-22.0399243799654, -46.3577458828237], [-21.8735485704102, -46.2263599140654], [-21.71282252529, -46.2162506151565], [-21.612100869809, -46.2099145055346], [-21.4457250611521, -46.1111386149655], [-21.4457250611521, -45.9956759363501], [-21.612100869809, -45.9791615615696], [-21.8022446519011, -45.9791615615696], [-22.1742794465707, -46.0016382502876], [-22.2300681620575, -45.9956759363501], [-22.3489080256405, -45.9130547913953], [-22.0636923525023, -45.4981011197605], [-21.5170289787629, -45.1974269927189], [-21.1367414145787, -45.0464909811515], [-20.6138460142746, -44.760300139576], [-20.0671826405352, -44.5235438311512], [-20.0671826405352, -44.404803378673], [-20.3523983136734, -44.3028336249515], [-20.5663100683024, -44.1665979682847], [-20.5663100683024, -44.0471330610951], [-20.4950061506916, -43.9616531700261], [-20.4237022321825, -43.8074790004082], [-20.4237022321825, -43.6357064443483], [-20.3286303411364, -43.5151726560158], [-20.2335584500904, -43.3943976302786], [-20.1384865590443, -43.1521240925703], [-19.710663048888, -43.0306257043184], [-19.4967512942589, -42.8740593911783], [-19.472983321722, -42.7170948627766], [-19.472983321722, -42.5071896702002], [-19.4492153491851, -42.3317284304325], [-19.3066075121668, -42.1910060167923], [-19.1877676485838, -42.0852581400856], [-18.9738558939548, -42.2965772717377], [-18.8074800843996, -42.1381541520515], [-18.6886402208166, -41.9970000381097], [-18.3796565742432, -41.9263053047496], [-18.1895127921511, -42.0146614651667], [-18.1783684670095, -42.0146614651667], [-18.0231369834943, -42.0146614651667], [-17.9518330649852, -42.0146614651667], [-17.8413818976974, -42.1376357778608], [-17.9280650924482, -42.3141553048413], [-18.1895127921511, -42.4370640932868], [-18.3321206291694, -42.5247087869861], [-18.5222644112615, -42.629720339868], [-18.4984964387245, -42.752010274756], [-18.4034245476785, -42.786906027451], [-18.2845846831972, -42.7345550256466], [-18.0944409011051, -42.6122306955465], [-17.999369010059, -42.542222992998], [-17.8329932014022, -42.4896656422397], [-17.7449927728142, -42.5139951995261], [-17.6781069656035, -42.6813983509968], [-17.6428494193101, -42.7694606085491], [-17.571545500801, -43.0132491168009], [-17.3814017187089, -43.2041210410803], [-17.3415541172836, -43.236385492414], [-17.1674899640798, -43.37712436571], [-17.0486500995985, -43.5668595358338], [-16.8822742909417, -43.6012928383192], [-16.6445945628774, -43.5668595358338], [-16.6445945628774, -43.4979338488093], [-16.6921305088496, -43.3079820892997], [-16.8109703724326, -43.1174348624789], [-17.0011141545247, -42.8392127931527], [-17.0248821270616, -42.5947361378511], [-17.1674899640798, -42.4195204232765], [-17.2625618551259, -42.2086134929204], [-17.1912579366167, -42.0146614651667], [-17.1912579366167, -41.7846805882788], [-16.9298102360155, -41.5182893424384], [-16.8347383449695, -41.2150483212317], [-16.9298102360155, -41.0539370720074], [-17.1674899640798, -40.8385068539001], [-17.3814017187089, -40.4236362673505], [-17.478999931947, -40.408774890522], [-17.4876624032997, -40.3977807524842], [-17.5123519476052, -40.3476216743761], [-17.5535011881143, -40.2911480909593], [-17.6111101248269, -40.2346272770472], [-17.6851787577433, -40.209491758962], [-17.8086264792705, -40.209491758962], [-17.9238443526959, -40.1529027507239], [-17.964993593205, -40.0962665503446], [-17.964993593205, -40.0080720303632], [-17.9979129856122, -39.9071385909189], [-18.1049010109358, -39.8376604573858], [-18.2694979729721, -39.7681119630598], [-18.4176352388048, -39.7048250291897], [-18.4752441755175, -39.647817113284], [-18.3764859982957, -39.6034450988936], [-18.2201188843612, -39.6097857000976], [-18.0555219223249, -39.6541536495813], [-17.9485338970014, -39.6984931399556], [-17.874465264085, -39.7301467759733], [-17.7921667830669, -39.8376604573858], [-17.7592473906596, -39.9513153011401], [-17.652259365336, -39.9639319815493], [-17.5370414919106, -40.0143754233686], [-17.4846023982856, -40.0433753059416], [-17.5012249680334, -40.015797738898], [-17.4564185180177, -40.0029281045485], [-17.5590961607067, -39.8804705434967], [-17.6617738024975, -39.7227032217355], [-17.7644514451866, -39.582161871839], [-17.889946341008, -39.4941784861325], [-18.0953016263861, -39.4148981119627], [-18.3234741648967, -39.3531731941305], [-18.4033345526567, -39.3002226808393], [-18.5630553299734, -39.0260068170048], [-18.6429157186317, -38.9018172305737], [-18.6999588532594, -38.8307540427414], [-18.8482710031115, -38.8307540427414], [-18.9509486458006, -38.8662945161832], [-19.0992607956528, -38.8929382172579], [-19.2019384374435, -38.8840580938211], [-19.2361643189388, -38.839640826035], [-19.1677125568466, -38.7329262146511], [-19.0992607956528, -38.6349642258476], [-19.076443541622, -38.4297015435252], [-19.1791211843111, -38.2865649549346], [-19.3160247066988, -38.2238537420935], [-19.56701449924, -38.2148905802139], [-19.7267352765567, -38.2148905802139], [-19.840821545812, -38.1700582092284], [-19.840821545812, -38.0713298814792], [-19.8294129183475, -37.9634740728529], [-19.7381439031229, -37.8013929374931], [-19.7951870377505, -37.702167846523], [-19.9777250690979, -37.6118478015087], [-20.160263099547, -37.5485584174653], [-20.1944889801439, -37.46710732755], [-20.1944889801439, -37.3220860763967], [-20.1830803535778, -37.2403883780878], [-20.2287148607409, -37.1586020325021], [-20.3313925034299, -37.1040285873612], [-20.3313925034299, -37.0038750958259], [-20.2629407422361, -36.9309532028982], [-20.2515321147716, -36.8305715928543], [-20.3199838768637, -36.7757623912681], [-20.3998442646238, -36.7392011347448], [-20.4226615186545, -36.6751770168359], [-20.3884356380576, -36.6110995758465], [-20.2401234882054, -36.5011285814257], [-20.1146285914856, -36.4093665949245], [-19.9549078150673, -36.3818168339034], [-19.8522301723782, -36.2991089813962], [-19.7495525305874, -36.1702778530939], [-19.6925093959598, -36.0873458036873], [-19.5556058726738, -36.0873458036873], [-19.4415196034186, -36.0596823199426], [-19.3844764687909, -35.9119795057094], [-19.3274333341633, -35.7732572055062], [-19.3160247066988, -35.6991728306668], [-19.2361643189388, -35.6899074386291], [-19.0079917804282, -35.5600789796], [-18.9395400183361, -35.4114456844744], [-18.9167227643054, -35.2252679158443], [-18.893905511173, -35.1506768737798], [-18.8026364950501, -35.1600044978339], [-18.7912278684839, -35.1133556837275], [-18.8254537490808, -35.0199779065857], [-18.8596796296777, -34.8984272088267], [-18.8482710031115, -34.8329021986157], [-18.7341847338563, -34.729828903236], [-18.5402380759427, -34.6172385341707], [-18.4603776872843, -34.6172385341707], [-18.3805172995243, -34.6360142224204], [-18.1523447610138, -34.570280730398], [-17.9698067296664, -34.4762855355419], [-17.8329032063804, -34.4104258179067], [-17.7188169371251, -34.4104258179067], [-17.7188169371251, -34.4950930593621], [-17.6959996839927, -34.5890670371401], [-17.6959996839927, -34.6641697867626], [-17.8214945798142, -34.7673250010312], [-17.8671290878756, -34.8516289573864], [-17.810085953248, -34.9732489750038], [-17.7302255645896, -35.08535356807], [-17.7758600717527, -35.2718525347334], [-17.810085953248, -35.4300398759069], [-17.8214945798142, -35.5879171074964], [-17.8329032063804, -35.6528351064125], [-17.9469894756356, -35.7084371469388], [-18.0040326102633, -35.7917675274404], [-18.0040326102633, -35.921219030521], [-17.889946341008, -35.9674004610486], [-17.8443118338449, -36.0227825414201], [-17.8443118338449, -36.1481292602346], [-17.8296832132107, -36.1310532908832], [-17.8329032063804, -36.1518560820036], [-17.7872686992173, -36.2807175334373], [-17.6845910565282, -36.4185476782096], [-17.6617738024975, -36.5378029682778], [-17.5134616526453, -36.6202567589595], [-17.3651495027932, -36.6934750641565], [-17.182611472344, -36.7026224559596], [-16.8859871717414, -36.7209139731723], [-16.6920405138278, -36.647721783085], [-16.5209111099449, -36.647721783085], [-16.4296420947203, -36.6843265846541], [-16.2128781836743, -36.6660263600853], [-16.1102005409853, -36.7026224559596], [-16.0075228982962, -36.7209139731723], [-15.8577846711338, -36.7209139731723], [-15.6082209559028, -36.5927819465605], [-15.4485001794844, -36.5102988073652], [-15.3115966561984, -36.4736113860227], [-15.1632845063463, -36.5102988073652], [-14.9693378484326, -36.5286360008974], [-14.912294713805, -36.5286360008974], [-14.9579292218665, -36.4277276769646], [-15.0149723564941, -36.326688023854], [-15.1062413717186, -36.2807175334373], [-15.1290586257494, -36.2255171867189], [-15.1290586257494, -36.1794871148705], [-15.0035637290296, -36.1518560820036], [-14.8438429526112, -36.0965648022317], [-14.7297566833559, -35.9858654753184], [-14.6384876672331, -35.9581663337328], [-14.5129927714116, -35.9766335077969], [-14.2734116063349, -35.9027389024684], [-14.2734116063349, -35.8287752384541], [-14.3418633675287, -35.7732572055062], [-14.3532719940949, -35.7177003858689], [-14.2962288594673, -35.6435643336595], [-14.0794649484213, -35.4950857376033], [-14.0680563209567, -35.4207433162862], [-14.182142590212, -35.3091009526627], [-14.182142590212, -35.2439049754751], [-14.1479167096151, -35.1786565380939], [-14.0224218137936, -35.057341836042], [-13.9996045597629, -34.8984272088267], [-13.9996045597629, -34.7485790795296], [-13.9881959331967, -34.6641697867626], [-13.8741096639415, -34.5890670371401], [-13.7828406478186, -34.5608859845118], [-13.7029802600586, -34.5420933105919], [-13.7029802600586, -34.3727683898953], [-13.6801630060279, -34.2502648227486], [-13.5888939908033, -34.1181381780052], [-13.474807721548, -34.0330904171723], [-13.3379041982621, -33.9858047782506], [-13.1781834209454, -33.9763444914596], [-13.0298712710932, -33.9574207589533], [-13.2124093015423, -33.8532650077296], [-13.3264955707976, -33.73000791755], [-13.3150869442314, -33.6065735351199], [-13.2238179290068, -33.4734462917736], [-13.1667747943792, -33.3496447095639], [-13.018462644527, -33.2829092744156], [-12.9157850018379, -33.2733714713602], [-12.9842367630318, -33.1683868962461], [-12.9842367630318, -33.0728371331176], [-12.8929677478072, -32.9867535238498], [-12.7560642245213, -32.8910065194817], [-12.6762038367612, -32.8526787043971], [-12.5393003134753, -32.8239219728451], [-12.4594399248169, -32.8622622118032], [-12.4138054167555, -32.9484671621755], [-12.4013012372081, -33.0218876963436], [-12.344985602315, -33.0968499443348], [-12.2997191475002, -33.1110695121468], [-12.2312673863064, -33.0345881324511], [-12.1970415057095, -32.8718446830537], [-12.185632878245, -32.8047456440887], [-12.0715466089897, -32.7471918365323], [-11.9163492506755, -32.7254339895546], [-11.7844549454162, -32.7384022605247], [-11.4949970663836, -32.7933049713084], [-11.4034982854656, -32.8106528898686], [-11.2430954811341, -32.8395367113218], [-11.0626423263734, -32.9044909533794], [-11.0082199466371, -32.9693975839166], [-10.9740928968911, -33.0244405640022], [-10.9709835806561, -33.0294538233099], [-10.9337472155734, -33.0702687068733], [-10.8821891716127, -33.0798694592373], [-10.8449528056317, -33.0582662931725], [-10.8334954625293, -33.0102402740889], [-10.8163094478757, -32.9477673334787], [-10.779073082793, -32.8972761657191], [-10.7495989145533, -32.8920264642977], [-10.7404448572293, -32.8942226142923], [-10.7361080461591, -32.8900607903377], [-10.5098255180906, -32.8924659807631], [-10.3580157210859, -32.954978005232], [-10.1746982305496, -33.1326548634843], [-10.1145471792621, -33.2572942174337], [-10.0635230597703, -33.3019817546894], [-9.98376788179805, -33.3019817546894], [-9.88109024000732, -33.3496447095639], [-9.6871435820937, -33.406805828786], [-9.55024005880774, -33.4639293600441], [-9.5046055507463, -33.5590516319222], [-9.49639859710783, -33.5958033820516], [-9.46889870397872, -33.6073140470141], [-9.35629340089412, -33.5875679142166], [-9.11671223581739, -33.5495441116419], [-9.04826047372526, -33.6160747744965], [-9.12222695921063, -33.7391802154144], [-9.12812086238361, -33.7489820946406], [-9.09389498178667, -33.8437899949773], [-8.96840008596522, -33.9006243061569], [-8.76304480058709, -33.8722118810419], [-8.64067369735148, -33.8615161999238], [-8.54628088954109, -33.8532650077296], [-8.28388247043367, -33.8911545494874], [-8.10134443908626, -33.9858047782506], [-8.04430130445861, -34.0708999643648], [-7.86176327400953, -34.1275826563794], [-7.70204249669285, -34.1653500198814], [-7.58795622743757, -34.2502648227486], [-7.38260094295778, -34.2502648227486], [-7.25710604713632, -34.2879772647331], [-7.22288016564106, -34.4292481777762], [-7.10879389638582, -34.4762855355419], [-6.78935234265075, -34.4856898271753], [-6.69808332742619, -34.3539333246563], [-6.53836255010951, -34.2408340702767], [-6.34441589309422, -34.1936644592052], [-6.12765198114988, -34.2502648227486], [-5.9337053232363, -34.3256727883936], [-5.65989827756264, -34.3068271421778], [-5.58003788890429, -34.2408340702767], [-5.60285514293501, -34.1275826563794], [-5.46595161964905, -33.9858047782506], [-5.31763946979688, -34.0047221936942], [-5.15791869248016, -34.0897984127259], [-4.88411164590823, -34.0992460560396], [-4.69016498889291, -34.0519972985599], [-4.47340107694861, -34.0425443843718], [-4.17677677724426, -34.0425443843718], [-3.9371956112692, -33.9384928164806], [-3.74324895335561, -33.9006243061569], [-3.61775405753416, -33.9100930119292], [-3.51507641484509, -33.9952640121274], [-3.28690387633454, -34.0141793213211], [-2.92182781453806, -33.9858047782506], [-2.80774154528279, -33.9858047782506], [-2.71647253005823, -34.0519972985599], [-2.55675175363988, -34.0614491581079], [-2.36280509572626, -34.0236353963569], [-2.20308431840958, -33.9195606651713], [-2.18026706437886, -33.7963991707384], [-2.0889980491543, -33.7489820946406], [-1.88364276467451, -33.7110295441858], [-1.78096512198544, -33.5970712485608], [-1.68969610676089, -33.4829621791253], [-1.49574944884731, -33.3782299651933], [-1.24475965720436, -33.2447518100736], [-1.01658711869385, -33.158836598462], [-0.845457714810951, -33.0632764403992], [-0.708554191524988, -33.0250232867986], [-0.526016160177582, -32.9771834895523], [-0.446155772417537, -32.9197415043396], [-0.343478129728474, -32.9005858835929], [-0.309252249131574, -33.1206250093068], [-0.138122845248678, -33.158836598462], [0.0101893046034974, -33.2161227748986], [0.0444151860987276, -33.3115164316072], [-0.0240365759934024, -33.4353722948225], [-0.172348725845578, -33.5305259315649], [-0.21798323390702, -33.6350741118663], [-0.126714217784169, -33.7205192557036], [-0.0810797106210234, -33.7963991707384], [-0.18375735241179, -33.9668831511502], [-0.25220911450392, -34.0614491581079], [-0.343478129728474, -34.1086926440164], [-0.320660875697753, -34.1559097616336], [-0.0924883371872354, -34.0897984127259], [0.0101893046034974, -34.0708999643648], [0.0558238126649397, -34.1181381780052], [0.31822223177239, -34.1275826563794], [0.546394770282908, -34.0236353963569], [0.740341428196492, -34.0236353963569], [0.865836324017979, -34.0519972985599], [1.03696572790088, -34.0141793213211], [1.16216992799806, -33.9575522782571], [1.16246062462063, -33.9574207589533], [1.43626767029429, -33.8437899949773], [1.42485904372808, -33.7679520743051], [1.40181161976199, -33.6934116157716], [1.50473551582325, -33.6232442872387], [1.77272165003403, -33.4349762786974], [1.8210379615952, -33.381801945346], [2.05233352463201, -33.2256668276647], [2.37177507836708, -33.0058904807826], [2.52008722821925, -32.9101642124335], [2.52008722821925, -32.7855651782421], [2.45163546702542, -32.6799987046032], [2.50867860165304, -32.6127549846512], [2.54290448224998, -32.5454607320379], [2.41740958642852, -32.4299817457668], [2.37177507836708, -32.2661331220828], [2.3945923323978, -32.1696130901794], [2.49726997508686, -32.0536539237067], [2.50867860165304, -31.9859431077049], [2.50419533914042, -31.8794084256775], [2.55431310971448, -31.8600618113007], [2.64558212493904, -31.801904678335], [2.64873389735104, -31.7885106413748], [2.67980800553594, -31.656351683866], [2.69121663210215, -31.5591894643138], [2.81090993023935, -31.517183861873], [2.90872590857704, -31.4504508576825], [3.03771488523943, -31.3473414154347], [3.13599220147613, -31.289620675215], [3.24860162513294, -31.2703725678524], [3.41853948386004, -31.2493701532654], [3.54343357294476, -31.2546211950374], [3.70927654319589, -31.2598719447444], [3.96111216515414, -31.3473414154347], [4.30824637520691, -31.3632789240875], [4.41391929839559, -31.3548192489153], [4.97294201720739, -31.345076217806], [5.30379219840697, -31.3060940013046], [5.70309414080038, -31.2768467492278], [6.05676157513235, -31.2475904252743], [6.36479450230121, -31.2475904252743], [6.50169802558721, -31.4327271473307], [6.65001017543939, -31.5105703525388], [6.83254820678679, -31.5883487754582], [6.88959134141441, -31.6466400253416], [6.71846193753152, -31.7534124202298], [6.65001017543939, -31.9472287557337], [6.68423605603629, -32.0246411302862], [6.53592390618411, -32.1696130901794], [6.51971046155608, -32.1764749748102], [6.53013308109675, -32.335129324557], [6.3589455292655, -32.5518322597791], [6.25195330880954, -32.7500181587841], [6.20915642062716, -32.9298054069314], [6.3589455292655, -33.0375027934739], [6.27335175290075, -33.2525028757483], [6.18775797743429, -33.3776760057699], [6.18775797743429, -33.5205107011467], [6.08076575697829, -33.5561826012801], [6.08076575697829, -33.6631099194411], [6.23055486471833, -33.7343210697897], [6.27335175290075, -33.8232519570475], [6.23055486471833, -33.9830946516208], [6.23055486471833, -34.2134486932256], [6.27335175290075, -34.33722549599], [6.33754708517433, -34.4608199077029], [6.20915642062716, -34.566612575453], [6.14496108925188, -34.6898674533311], [6.14496108925188, -34.8656278876554], [5.95237509332946, -34.9884372115463], [5.78118754149824, -35.1460645601038], [5.67419532194058, -35.285921975461], [5.56720310148462, -35.4255382172136], [5.35321866147099, -35.7735210015047], [5.24622644191333, -35.860280038053], [5.05364044599091, -35.860280038053], [4.99295617720869, -35.8438845294884], [4.85885574795211, -35.9766335077969], [4.68772634406922, -36.0043261685928], [4.52800556765083, -36.0227825414201], [4.44006442427839, -36.0444264042348], [4.45448401503074, -36.1027004076822], [4.45448401503074, -36.2926505130905], [4.34749179457478, -36.46493211842], [4.24049957501715, -36.5853020039714], [4.02651513500352, -36.6024824086441], [3.98330773560091, -36.5832097023195], [3.96898284794073, -36.6751770168359], [3.86630520615, -36.7117687585193], [3.85286487966865, -36.7074588472591], [3.79113225179702, -36.7569338230562], [3.68414003134106, -36.8597290414482], [3.47015559222573, -36.9110748789281], [3.51295247950981, -37.0478282067076], [3.57714781178339, -37.1843355885158], [3.53435092360102, -37.2524969456006], [3.47015559222573, -37.3886347894963], [3.61994469996577, -37.4566111958347], [3.72693691952344, -37.4566111958347], [3.79113225179702, -37.6771079871769], [3.74833536361464, -37.7617405459255], [3.76973380770581, -37.8631719337337], [3.85532758317227, -37.9307154156865], [4.0693120231859, -37.9981969010998], [4.17630424274356, -38.1161402090692], [4.11210891136828, -38.2843007113], [4.00511669091231, -38.3346730990009], [4.00511669091231, -38.4688283450411], [4.04791357909469, -38.5358125659474], [4.3046949072907, -38.5358125659474], [4.47588245912194, -38.5860098396748], [4.58287467867961, -38.7030004236928], [4.81825756278441, -38.7363912151183], [4.68986689823724, -38.869798310197], [4.68986689823724, -38.9863245285456], [4.96804667052445, -39.0362057240838], [5.07503889008211, -39.119262850916], [5.07503889008211, -39.2188023028742], [5.11783577826449, -39.3843881583731], [5.11783577826449, -39.4505127844781], [5.11783577826449, -39.5330803375974], [5.20342955373095, -39.6485101200917], [5.20342955373095, -39.7801942819891], [5.28902333009574, -39.8787923665633], [5.43881243783575, -39.9116269417827], [5.67419532194058, -39.8952116204745], [5.73839065331583, -40.0919358087934], [5.73839065331583, -40.141028291023], [5.73839065331583, -40.2064297936366], [5.73839065331583, -40.3044138374189], [5.75817412056229, -40.3496603868491], [5.70333362806188, -40.3824908069695], [5.52440621330221, -40.3370436510155], [5.4146383683999, -40.4054666321653], [5.5161243841865, -40.4655458460895], [5.64161928000795, -40.595614260648], [5.64576897200444, -40.6239667843466], [5.62599591443552, -40.6764731873603], [5.45962010577868, -40.87446068957], [5.38831618726955, -41.0539370720074], [5.34078024129738, -41.1971666134534], [5.26947632368658, -41.3935965568836], [5.24570835025133, -41.5716557133432], [5.24570835025133, -41.678256291403], [5.15063645920525, -41.8555321477704], [5.07933254159446, -41.9439863409503], [4.98426065054841, -42.0499696103823], [4.88918875950237, -42.1205270531283], [4.72281294994719, -42.1381541520515], [4.67527700397502, -42.2438137255547], [4.62774105890115, -42.4019718434256], [4.63141407067191, -42.4236662514419], [4.49053661975791, -42.5275724543836], [4.42899283392871, -42.6333107250166], [4.53156581031073, -42.6333107250166], [4.69568257162371, -42.6182162367057], [4.81193194545558, -42.6182162367057], [4.83928473855858, -42.6936520759592], [4.92134311966422, -42.8141590537523], [5.10597447625358, -43.0094830102013], [5.31112042811936, -42.9794734642025], [5.31112042811936, -42.8893569080709], [5.27009123756654, -42.7689963970631], [5.10597447625358, -42.6785722288848], [5.0562660338185, -42.6582666538722], [5.04443069042436, -42.5275724543836], [5.05681376090174, -42.507036187303], [5.12648907153, -42.3913598155717], [5.35214961867218, -42.3913598155717], [5.53678097526154, -42.3913598155717], [5.65986854692, -42.4065091851399], [5.84449990350936, -42.4973285877518], [5.84454519207443, -42.4975734574525], [5.88744361503674, -42.4896656422397], [6.03005145205499, -42.6996297857246], [6.07758739712886, -42.8217821203121], [6.26773117922095, -42.995867611964], [6.14889131563795, -43.2041210410803], [6.10135536966578, -43.35984617857], [6.12512334310103, -43.4461878914613], [6.29149915175787, -43.4461878914613], [6.31526712519312, -43.6012928383192], [6.05381942459191, -43.7216542841489], [5.93497956100894, -43.7903239078976], [5.86367564249981, -43.9103061152399], [5.76860375145377, -44.0642142589257], [5.76860375145377, -44.1324897754021], [5.53092402338947, -44.1836446731582], [5.34078024129738, -44.2347552211435], [5.2932442962235, -44.404803378673], [5.4833880783156, -44.540487037316], [5.6022279418986, -44.6420427565171], [5.67353186040772, -44.7940435964701], [5.95874753354586, -44.9960902406486], [6.10135536966578, -45.1471593572397], [6.362803070267, -45.3145456047071], [6.62425077086822, -45.4147407347608], [6.86193049803418, -45.5480582016659], [6.95700238908023, -45.6810602179583], [6.98077036251548, -45.8634229770517], [7.1233781986354, -46.0616841686059], [7.50366576281962, -46.1934641709515], [7.78888143595776, -46.3413398732732], [8.09786508163285, -46.4560785354023], [8.2404729186511, -46.5705759489076], [8.62076048283529, -46.488816697494], [8.92974412851038, -46.488816697494], [9.23872777418547, -46.5869130311988], [9.42887155627756, -46.7825741297128], [9.59524736583273, -46.9450838029396], [9.64278331180494, -47.0747374032469], [9.64278331180494, -47.1556110975551], [9.71408722941573, -47.316989822813], [9.80915912046178, -47.3814037165825], [10.165678712109, -47.3814037165825], [10.4271264127103, -47.2524973096863], [10.5697342488302, -47.0909219749802], [10.8074139768945, -46.993740786417], [10.9737897864497, -46.8476370323233], [11.0926296500326, -46.7500131577039], [11.4253812682446, -46.6848321641432], [11.7819008598919, -46.6848321641432], [12.0433485604931, -46.8476370323233], [12.1146524790022, -46.9613077154416], [12.3998681521404, -47.0099499446625], [12.5424759882603, -46.9450838029396], [12.6850838252785, -46.7988472358165], [12.9465315249815, -46.7662961039381], [12.973814747159, -46.7747052037137], [13.4218909802117, -46.9126212217297], [13.897250435442, -46.9126212217297], [14.1349301635063, -46.9126212217297], [14.5152177276905, -46.7988472358165], [15.0143451554577, -46.6685246130649], [15.2044889375498, -46.5378870169126], [15.3708647471049, -46.3741469680835], [15.7749202838261, -46.160548726264], [15.9888320384551, -46.0451895006191], [16.0839039295012, -45.8965157809314], [16.3453516301024, -45.6976632912083], [16.4879594671206, -45.6145986393328], [16.6543352757775, -45.5314107696072], [16.8682470313048, -45.5314107696072], [17.2247666220538, -45.5480582016659], [17.486214322655, -45.4480996761317], [17.8902698593761, -45.3646653521514], [18.0566456689313, -45.4814389012404], [18.1041816149035, -45.7142614360936], [18.1363757497711, -45.7844645995523], [18.3818424421291, -45.9014637179165], [18.5673198221716, -46.0589951063834], [18.7501316177968, -46.0589951063834], [19.0809817980981, -46.0748261236074], [19.3319715906393, -46.2407777183488], [19.4464457209932, -46.4060729306172], [19.4574664873591, -46.421960040584], [19.7997252951249, -46.594703325554], [19.9601532441995, -46.6151140756467], [20.1077582213954, -46.6338866066793], [20.4842429106565, -46.6965208900614], [20.6667809411055, -46.8371827237457], [20.7694585837946, -47.0086040170368], [20.8949534796161, -47.3111396208272], [21.0090397488713, -47.6811274103816], [21.0889001375297, -47.7885495866391], [21.1974015007135, -47.8553304048859], [21.2258036608157, -47.8727972842364], [21.4539761993262, -47.987460141309], [21.4983996714851, -47.9982707648945], [21.7049659909691, -48.048509729415], [22.012998918138, -48.0637608318805], [22.332440471873, -48.0637608318805], [22.8116028029248, -48.0179939713413], [23.1766788647213, -47.987460141309], [23.4276686572625, -47.9721864481484], [23.5417549265178, -47.9416255048818], [23.7357015844314, -47.8727972842364], [23.8497878536867, -47.8192009374401], [24.0209172575696, -47.7041651046334], [24.1920466614524, -47.6042615855321], [24.4316278265292, -47.4964593925921], [24.8195211423564, -47.4810409765944], [25.1617799501222, -47.5272826465356], [25.5154473844541, -47.627333208589], [25.6131890469651, -47.6215205623169], [25.9033407002814, -47.6042615855321], [26.2455995080471, -47.434758570563], [26.3710944038686, -47.2569651990579], [26.4395461659608, -47.1639656740931], [26.5878583158129, -46.9463324636084], [26.9187084961142, -46.8683910314112], [27.26096730388, -46.9307532434039], [27.4435053352274, -47.0397126003799], [27.5461829770181, -47.17947691986], [27.5356504054833, -47.3296037743246], [27.5347743504519, -47.3420715252593], [27.3320185002485, -47.4450145147497], [27.26096730388, -47.4810409765944], [27.044203392834, -47.5580877972327], [26.8160308543234, -47.6964870042315], [26.770396346262, -48.0103622083654], [27.0784292734309, -48.1551725903755], [27.3750535731352, -48.1475611534959], [27.5575916044827, -48.0027293158227], [27.6001730991178, -47.7742970272089], [27.8656245316515, -47.7041651046334], [28.2078833394173, -47.550388206738], [28.3790127433002, -47.4270408755158], [28.7098629236015, -47.0785728379478], [28.8353578203212, -46.9852606829776], [28.9849504422541, -46.8173440690157], [28.9950785967396, -46.8059562807405], [29.1433907465918, -46.6808691224715], [29.42860641973, -46.6182166961847], [29.7936824815265, -46.719990037377], [29.8164997355572, -46.727810819297], [29.9305860048124, -46.8293778134432], [30.1131240352615, -46.9852606829776], [30.478200097058, -46.9852606829776], [30.8090502782576, -47.0552600936262], [31.2651342222121, -47.2334639243906], [31.345255743937, -47.2647077986391], [31.5392024009523, -47.3652585672456], [31.6875145517028, -47.3884354221739], [31.9841388514071, -47.3884354221739], [32.292171778576, -47.3111396208272], [32.4062580478313, -47.2182352148169], [32.5490172482799, -47.1147069655351], [32.5773874517142, -47.0941090024246], [32.8397858708216, -47.0474869134692], [33.3531740824703, -47.0474869134692], [33.7524760248637, -47.1329295912559], [33.8437450400882, -47.2647077986391], [33.8437450400882, -47.4270408755158], [33.7867019054606, -47.5426874849095], [33.7790101931297, -47.5945839644206], [33.7638846514299, -47.6964870042315], [33.8095191594913, -47.7962141202502], [33.9007881747159, -47.8727972842364], [34.1175520866602, -47.9645479072977], [34.3343159977062, -48.0103622083654], [34.7336179400996, -48.025624605383], [34.9748391459158, -48.0146237744737], [35.144982417009, -48.1425075878596], [35.5266300871273, -48.3965419999596], [35.8495627312117, -48.4549860376814], [36.5835005584312, -48.4744524494781], [36.8004522245581, -48.4384824674996], [36.8407462114245, -48.4142906237438], [36.9811174446079, -48.3299241079572], [37.0952037138632, -48.2008175024663], [37.2429988123025, -48.0837048847188], [37.2777417452106, -48.0561358450351], [37.540140164318, -47.9492674356957], [38.030711121936, -47.9339824448203], [38.4528303183601, -48.0408824843878], [38.5440993335846, -48.1018688248113], [38.5440993335846, -48.2464217795705], [38.5440993335846, -48.3068985983927], [38.5440993335846, -48.3491715589505], [38.5866332812901, -48.403658503507], [38.7198470724629, -48.4920193945382], [38.8587786476057, -48.5343057149313], [38.924830727503, -48.5343057149313], [39.077380195516, -48.5343057149313], [39.1829824410548, -48.5343057149313], [39.4567894876268, -48.4965192864984], [39.6849620261373, -48.3526737765655], [39.8941597913628, -48.2794522633464], [39.9017259380816, -48.2768020599848], [40.035129042014, -48.2794522633464], [40.6661039413732, -48.2919854295948], [40.6865576012289, -48.2928359558018], [40.8486419727206, -48.2995754215721], [41.2023094070526, -48.3147520212392], [41.4761164536245, -48.2995754215721], [41.9552787846763, -48.2692086828809], [42.2747203384114, -48.3526737765655], [42.331763473039, -48.4435709354936], [42.3907542513223, -48.5831357211341]]]}, "properties": {"OBJECTID": 36, "id": 3, "name": "Sothoryos", "Symbol": 4, "Visible": null, "Shape__Area": 62614845368535.14, "Shape__Length": 69721102.40768847}}, {"type": "Feature", "id": 52, "geometry": {"type": "Polygon", "coordinates": [[[-54.4200958029001, 49.3285589516771], [-54.4138910682657, 49.3002445492922], [-54.1930231625217, 49.2355369829982], [-54.0964835806083, 49.0363321434162], [-54.0147962423426, 48.9242324480489], [-54.0073701205187, 48.8020989036793], [-54.0816313369606, 48.6992763335715], [-54.2598582571398, 48.6894727325604], [-54.4529374200683, 48.72377698392], [-54.5643292456295, 48.6747637521204], [-54.7054255566894, 48.6257027900395], [-54.9579136933105, 48.6060650389003], [-55.2104018299315, 48.5618521672536], [-55.3886287492124, 48.4634628443045], [-55.4480377229049, 48.3402074546677], [-55.6039862776125, 48.251278603133], [-55.767360954144, 48.1721006789766], [-55.9604401170726, 48.0431753820875], [-55.9975707252935, 47.9338320845623], [-55.9307356306755, 47.834228023288], [-55.8416221705859, 47.7643912063168], [-55.6336907640096, 47.7194465337916], [-55.5371511829945, 47.6294407649529], [-55.4925944529497, 47.5342662277363], [-55.3366458973438, 47.4439412472881], [-55.2995152891228, 47.3182321457417], [-55.3217936545944, 47.1821295806384], [-55.3960548710363, 47.0557967839487], [-55.5000205738753, 46.9240924269657], [-55.5222989393468, 46.8073141565096], [-55.7376564677469, 46.7259272514521], [-55.9158833870278, 46.7310175357452], [-56.1906498882221, 46.7971475177025], [-56.3911551729745, 46.7717225158827], [-56.5025469985357, 46.6699024194062], [-56.4357119030193, 46.5168119377708], [-56.2723372264878, 46.4145113358527], [-56.0421274553383, 46.3889061453601], [-55.7970654405411, 46.2914968209988], [-55.7450825886725, 46.1784902514945], [-55.6411168858335, 46.1270466958401], [-55.4257593574334, 46.1116042526065], [-55.3069414109467, 45.9879088889464], [-55.3069414109467, 45.8225507872468], [-55.1806973426361, 45.6774583678096], [-55.1138622480181, 45.5735899928388], [-55.0915838834449, 45.5111765869371], [-55.1008017777479, 45.449776694358], [-55.1064361261943, 45.4122136546784], [-55.1435667344152, 45.3130770083958], [-55.1818167881089, 45.2053801573215], [-55.18812346446, 45.1876034606563], [-55.2401063163286, 44.9673577493347], [-55.3292197764182, 44.8200556511758], [-55.3886287492124, 44.7831711746799], [-55.5000205738753, 44.682937300705], [-55.5003948039378, 44.6823861320804], [-55.6039862776125, 44.5296138293196], [-55.6342401835189, 44.4926289811854], [-55.6559691294812, 44.466051261295], [-55.6930997377021, 44.3387182628413], [-55.7302303459231, 44.264312700556], [-55.9084572652039, 44.2270745584403], [-56.1238147936041, 44.2749478394779], [-56.2797633483117, 44.2377164332142], [-56.3391723220042, 44.1312110961714], [-56.4654163903147, 44.0672155350934], [-56.6584955532433, 44.0618794456675], [-56.7921657433777, 43.9764365928337], [-56.9332620544376, 43.9122736549696], [-57.1114889746168, 43.8801662165392], [-57.2080285556319, 43.8801662165392], [-57.4117913184541, 43.8801662165392], [-57.4174853464764, 43.8267876640757], [-57.3704883833865, 43.7589384951922], [-57.2608288034422, 43.7363049882144], [-57.1825005319251, 43.6910123000003], [-57.0854376014086, 43.6408600431373], [-57.2415992895022, 43.5164192665015], [-57.4801479633308, 43.5094992683821], [-57.589807543275, 43.4299151391412], [-57.6681358147921, 43.3388335451201], [-57.9187862831078, 43.0990933976298], [-58.1537710976591, 43.0075159076103], [-58.2634306776034, 42.9387430579916], [-58.4827498374919, 42.8124597855826], [-58.6080750712006, 42.6513619396342], [-58.5924094174362, 42.5706561237733], [-58.5140811459191, 42.5360359063271], [-58.3730902575476, 42.5475781128418], [-58.310427639795, 42.4782928708651], [-58.2634306776034, 42.3742210134711], [-58.1537710976591, 42.3279114027428], [-58.0636611687642, 42.3057012985413], [-58.0597771714792, 42.3047438031339], [-57.8561236662535, 42.1887778880717], [-57.8561236662535, 42.1074749287979], [-58.0441115177148, 42.0377035790012], [-58.1537710976591, 42.0493374629643], [-58.3390753669564, 42.060803185463], [-58.3417589482221, 42.0609692173142], [-58.435752874402, 42.0027891449935], [-58.6080750712006, 41.9212475898438], [-58.7334003058076, 41.8045786735418], [-58.8273942310891, 41.7110902974222], [-58.9213881563706, 41.5588813004242], [-58.882773399248, 41.4938361282412], [-58.8587255395163, 41.4532953342146], [-58.9093424050791, 41.3942551976714], [-58.9997164278877, 41.2887083642193], [-59.0310477363149, 41.1708913829403], [-58.9693856333796, 41.1337479691925], [-58.9693856333796, 40.9492953559956], [-59.0623790456404, 40.8991070251447], [-59.2033699340118, 40.7568612536805], [-59.2190355877763, 40.6262013418097], [-59.0780446994048, 40.5786251357855], [-59.0780446994048, 40.5071973435928], [-59.0780446994048, 40.3879818116734], [-59.0153820825505, 40.3402364000522], [-59.0153820825505, 40.2326856076502], [-59.1250416624947, 40.1129840882993], [-59.1407073162592, 40.0050722642518], [-58.9683851194606, 39.8609240995424], [-59.0153820825505, 39.7766975192182], [-59.0937103540676, 39.6200029727407], [-58.9997164278877, 39.5717177142553], [-58.9213881563706, 39.4508573604256], [-58.9840507741233, 39.3903483635442], [-58.874391194179, 39.2206438500306], [-58.749065959572, 39.1842250767382], [-58.6080750712006, 39.0991745287197], [-58.5767437627734, 38.9531346399558], [-58.4984154912563, 38.8556071659098], [-58.4709684037946, 38.8369025835161], [-58.3730902575476, 38.7701607637192], [-58.310427639795, 38.7579457689029], [-58.1937042501405, 38.5984819903138], [-58.1891643883751, 38.5771904117057], [-58.2320993682779, 38.4764241692633], [-58.3630319488721, 38.4661731964875], [-58.3981451574589, 38.4347460288804], [-58.435752874402, 38.3168149021973], [-58.5007182640967, 38.278576212728], [-58.5610781081107, 38.2430302929492], [-58.7331668713945, 38.1979639416892], [-58.7547388735918, 38.1859961484922], [-58.8117285764264, 38.1075638437462], [-58.9527194656961, 37.9965404506369], [-59.0303097810888, 37.9266272965885], [-59.0009670803926, 37.9117465547028], [-58.902092313525, 37.8697302298674], [-58.8792750594943, 37.8336971553207], [-58.8792750594943, 37.7796145316077], [-58.8184290490452, 37.7315078444952], [-58.7347657854637, 37.6833698835959], [-58.7073504103281, 37.6312798765425], [-58.6736590955971, 37.6056196287404], [-58.6206795162084, 37.5930269622166], [-58.4533529872487, 37.5568590420756], [-58.3868171394181, 37.5392748963716], [-58.3620839720241, 37.5240197019936], [-58.3620839720241, 37.496540148853], [-58.301237961575, 37.4542879100689], [-58.1567286875443, 37.4059703931865], [-57.9894021594829, 37.3697117936539], [-57.8829216409724, 37.3213397218386], [-57.7840468750031, 37.2668839028787], [-57.7840468750031, 37.2305581277997], [-57.8356799588328, 37.2070626738332], [-57.8372871338093, 37.2063312172559], [-57.93822961495, 37.2009712292765], [-57.944199085303, 37.1902721691925], [-57.9209503973908, 37.1578540573805], [-57.8998870805961, 37.1298706716081], [-57.8788828630657, 37.1019554939499], [-57.8817925071693, 37.0910146111648], [-57.9133446466461, 37.0608064370411], [-57.9523305894408, 37.0452495223555], [-57.9589791538092, 37.04259616628], [-57.9894021594829, 36.9697114000469], [-58.0046136618707, 36.927163023306], [-57.9906025225016, 36.9229627189943], [-57.9437676514215, 36.9089207303539], [-57.844892884554, 36.8480815793037], [-57.8180704514048, 36.8122997562728], [-57.7992583773908, 36.7871939768831], [-57.789600306802, 36.7865989891243], [-57.7003836105233, 36.7811025534091], [-57.6015088436557, 36.805465343353], [-57.456999569625, 36.7993753718854], [-57.3581248027575, 36.8237323511001], [-57.3277017979821, 36.9089207303539], [-57.324481495792, 36.9114956120792], [-57.3205211947085, 36.9146620612276], [-57.2744615382776, 36.9514792913124], [-57.2212212794715, 36.9818637134573], [-57.1629328022807, 37.0012622185565], [-57.1154537969211, 36.9929383456111], [-57.0913903801653, 36.9608987940456], [-57.1008205454717, 36.9382900302652], [-57.1527695182777, 36.8967567778401], [-57.1807687534322, 36.8818276449341], [-57.1984040254408, 36.8624294121541], [-57.1984040254408, 36.805465343353], [-57.1825005319251, 36.8029185972392], [-57.122346512604, 36.7932849168649], [-57.0310774973794, 36.7932849168649], [-56.9626257361856, 36.7993753718854], [-56.9169912281242, 36.8724230560041], [-56.8105107105119, 36.933242818096], [-56.7572704517058, 36.9697114000469], [-56.7192416952874, 37.0972138678474], [-56.6736071872259, 37.1760366383505], [-56.6203669284198, 37.2547772565405], [-56.5747324203584, 37.2789886023667], [-56.4530404003584, 37.3152910217482], [-56.4264210852782, 37.3234331397469], [-56.387221084731, 37.3234331397469], [-56.3663348357604, 37.3068220242987], [-56.3845886382663, 37.2487232043568], [-56.4209249974355, 37.1908523939203], [-56.4118269985785, 37.147353638187], [-56.3679244271135, 37.0493067437797], [-56.3152413420741, 36.951133026333], [-56.1868271021407, 36.8843994947824], [-56.1239619690886, 36.8616492349238], [-56.0237243321709, 36.8731053425409], [-56.0119068257251, 36.87850721313], [-56.0043010740821, 36.9089207303539], [-56.0541071184728, 36.9586850762568], [-56.0459231428409, 36.9901873598292], [-55.9738780693067, 37.066875556467], [-55.9738780693067, 37.1457299068347], [-55.9206378105005, 37.2184456451388], [-55.8826090540821, 37.2789886023667], [-55.8802616439553, 37.2830637440315], [-55.8726070248591, 37.3223028663681], [-55.9257883119618, 37.4532929020076], [-56.0955700893066, 37.5508293481509], [-56.1325554597091, 37.5899157343141], [-56.1345758624112, 37.6115255655726], [-56.0803585869189, 37.7134597732339], [-56.0195125764698, 37.7615781896123], [-55.9738780693067, 37.8276899306503], [-55.8750033024391, 37.8757340295658], [-55.7228882767654, 37.7916363150864], [-55.5631674994487, 37.7495515178792], [-55.5224565002544, 37.7334547884301], [-55.5040765994354, 37.7060548676613], [-55.5099272406426, 37.6412235245423], [-55.507434027657, 37.621773472907], [-55.507434027657, 37.5382705518233], [-55.5201235386306, 37.4577302836514], [-55.5082370352827, 37.4172813529488], [-55.4766303042877, 37.3993484505524], [-55.4594452274753, 37.400031057192], [-55.4319194475947, 37.45467829667], [-55.4194880270938, 37.4616439664728], [-55.3898770436397, 37.4616439664728], [-55.3717082055899, 37.4512776443052], [-55.3406042571679, 37.3709839353325], [-55.3406042571679, 37.238283516995], [-55.2967016857029, 37.1403544969289], [-55.2879211712302, 36.9862096193017], [-55.3142627137499, 36.8809313645131], [-55.3230432282226, 36.7473702829373], [-55.2967016857029, 36.6065280974221], [-55.3205490513447, 36.4148560698066], [-55.3296819811915, 36.4020612103251], [-55.418658225418, 36.3228680114435], [-55.4871099866119, 36.2186242405909], [-55.5324709010754, 36.1783585635787], [-55.5489891503676, 36.1636906091], [-55.5765159983451, 36.1550175940594], [-55.6355520310575, 36.1723491672416], [-55.6488145728593, 36.1836662519175], [-55.6731004160727, 36.2816139161619], [-55.677253768704, 36.2983525868769], [-55.7100516927152, 36.3059046018554], [-55.7414452795444, 36.2988440788261], [-55.821763043633, 36.2124879214277], [-55.8826090540821, 36.194076075115], [-55.9206378105005, 36.1572393922525], [-55.8978205564698, 36.0896605104053], [-55.8330065212224, 36.0110572959588], [-55.858654599377, 35.7061839683079], [-55.9376792278344, 35.6134406484991], [-56.1045089992217, 35.506295361086], [-56.2194627059699, 35.4426369391647], [-56.2613702602244, 35.4408399752565], [-56.3313483794602, 35.4788391351038], [-56.4606461511031, 35.4602562157194], [-56.5290979131953, 35.3796806248284], [-56.5543424941754, 35.3041752738074], [-56.5698762563915, 35.2987420773172], [-56.7432621698776, 35.2433500656989], [-56.7638086427702, 35.2080150451592], [-56.7542670558259, 35.1768246992241], [-56.7015839698882, 35.0978393863838], [-56.5698762563915, 34.8964404184715], [-56.4030464850041, 34.6945464422277], [-56.3328023701211, 34.5211014581436], [-56.3240218565468, 34.2747684376541], [-56.3064608276015, 34.1876544156635], [-56.1923141421518, 34.0931792597443], [-55.9903623137721, 34.0131562864401], [-55.7971909989667, 33.8966244901674], [-55.7006053424623, 33.7361329526663], [-55.621580714005, 33.4508864460167], [-55.551336599122, 33.2014418579245], [-55.5601171135946, 32.9660193663148], [-55.4723119706646, 32.8406951619695], [-55.4284093991996, 32.6930280994524], [-55.4284093991996, 32.4858833026946], [-55.4196288856253, 32.1668380557824], [-55.3757263141603, 32.1073569128652], [-55.3318237426953, 32.0627206090968], [-55.2703601422849, 32.0478369980312], [-54.9542616284555, 32.0478369980312], [-54.7962123715408, 32.0031716409077], [-54.6469436290988, 31.9435839691774], [-54.4625528287661, 31.8690450122237], [-54.2166984289214, 31.8392125312981], [-53.9971855715963, 31.8392125312981], [-53.8391363146816, 31.8317529030679], [-53.6635260297199, 31.674961547786], [-53.4966962583325, 31.592726864137], [-53.4264521434495, 31.5777672940367], [-53.2157198005971, 31.5777672940367], [-53.1279146585654, 31.5253898950016], [-53.0840120871004, 31.4505140673553], [-52.9962069441704, 31.3830746107932], [-52.8996212867677, 31.3830746107932], [-52.7503525443257, 31.3980653458701], [-52.697669458388, 31.4580043460683], [-52.6010838018837, 31.6226387974609], [-52.4342540304963, 31.7421903566075], [-52.2937658016286, 31.7645891263082], [-52.0918139732489, 31.7645891263082], [-51.9337647163342, 31.8093704008811], [-51.7757154594195, 31.8615877966415], [-51.4596169446918, 31.8392125312981], [-51.3366897447694, 31.7944457197178], [-51.2576651163121, 31.6450664394227], [-51.2151281718268, 31.6191968996963], [-51.213789786258, 31.6091714863799], [-51.213789786258, 31.6014715054097], [-51.1171768883427, 31.5328741798921], [-51.0557132879323, 31.4954467557593], [-51.0118107164673, 31.3230877458652], [-51.0118107164673, 31.1654403733862], [-50.9854691739477, 31.0977967280581], [-50.8976640310176, 30.9849502264246], [-50.827419917033, 30.9021111840802], [-50.8098588880876, 30.8192003936595], [-50.7571758030483, 30.7135739760508], [-50.7659563166226, 30.6002743081707], [-50.7922978600406, 30.5171035581914], [-50.84498094508, 30.426290603212], [-50.8976640310176, 30.3581253499995], [-50.9064445454903, 30.2671644164856], [-50.915225059963, 30.1381587374803], [-50.9064445454903, 29.9253109049967], [-50.9679081450023, 29.8187158216159], [-51.02059123094, 29.7577532437127], [-51.1347379163897, 29.6509794711286], [-51.2137625448471, 29.589914960244], [-51.2049820312727, 29.4294448060255], [-51.2664456307847, 29.329978822049], [-51.4420559166448, 29.1537627723649], [-51.5649831165671, 29.0923991875506], [-51.5649831165671, 29.0693784078221], [-51.4771779736371, 29.0002852209085], [-51.4244948876994, 28.9388302538946], [-51.4157143732268, 28.8388881756983], [-51.4157143732268, 28.6849435836712], [-51.4771779736371, 28.6001774006801], [-51.5386415731491, 28.5153427885407], [-51.5737636310398, 28.3995491826458], [-51.5474220876218, 28.2526954855656], [-51.4596169446918, 28.1520998953401], [-51.4069338596524, 28.028160095073], [-51.4771779736371, 27.9273537779667], [-51.6001051735595, 27.9506251344806], [-51.6527882594971, 28.0436603929928], [-51.7757154594195, 28.1830624706706], [-51.8547400878768, 28.2449607266967], [-51.8635206023495, 28.4304398765663], [-51.8810816303965, 28.553912450082], [-51.9425452308069, 28.6541274430887], [-51.9337647163342, 28.7850333977394], [-51.9337647163342, 28.9208934389057], [-51.9472754734288, 28.9442045513437], [-52.0303503728386, 28.9772438851337], [-52.1181555157686, 28.9772438851337], [-52.2323022021166, 28.9388302538946], [-52.328887858621, 28.946514120295], [-52.3815709445586, 28.9849249002807], [-52.4518150585433, 29.0923991875506], [-52.5308396870007, 29.1997614187511], [-52.6403247341667, 29.3099776060311], [-52.6495911294102, 29.3130557118075], [-52.7129044202794, 29.3490536067714], [-52.7531296806367, 29.3522410432163], [-52.7619144198861, 29.2920613172111], [-52.7503525443257, 29.2534004324746], [-52.7152304873334, 29.1537627723649], [-52.6449863724504, 29.0309990137502], [-52.653766886923, 28.8927150937158], [-52.6888889439154, 28.7927286419663], [-52.7152304873334, 28.6772403980042], [-52.7152304873334, 28.5384862797778], [-52.7591330587984, 28.3995491826458], [-52.8118161438377, 28.2758963945304], [-52.8557187153027, 28.1675823025482], [-52.8557187153027, 28.0126575645624], [-52.8557187153027, 27.880796032707], [-52.9874264296978, 27.7176863863379], [-53.1366951721398, 27.6554850565221], [-53.2771834010075, 27.5699004294127], [-53.4615742004419, 27.5076150982907], [-53.6196234582549, 27.4452944892809], [-53.7601116862243, 27.4063262173865], [-53.7864532296423, 27.3127463045102], [-53.7864532296423, 27.1487914792382], [-53.7969530144658, 27.1077788479566], [-53.7871909926289, 27.0078030290621], [-53.7918844186972, 27.0002437581721], [-53.8391363146816, 27.0002437581721], [-53.9005999150919, 26.9532930937243], [-53.944502486557, 26.8984925824613], [-54.005966086069, 26.8906617653979], [-54.093771228999, 26.96111956372], [-54.1903568864017, 26.98459571305], [-54.2957230573787, 27.0549947666196], [-54.4449917998207, 27.1644166211103], [-54.6030410576338, 27.2971419667205], [-54.7523098000758, 27.3829386553776], [-54.9279200859358, 27.4141209720713], [-55.0947498573232, 27.3907350593329], [-55.0947498573232, 27.3205476505686], [-55.0859693428505, 27.219087393531], [-55.0245057424402, 27.1722283722464], [-54.9103590569905, 27.1253496698358], [-54.8488954574785, 27.0628141599655], [-54.8263081568891, 26.9689087460226], [-54.8337762740542, 26.9382870750799], [-54.8502394862639, 26.916269619147], [-54.8661748106833, 26.9049018191147], [-54.9981641999205, 26.8828304063408], [-55.0332862569129, 26.8514995411324], [-55.056467811029, 26.7963337800523], [-55.0557111933028, 26.7783225518153], [-55.0438276454122, 26.746490750469], [-55.0285063967445, 26.7342042327419], [-54.9824962320959, 26.7085189488862], [-54.9594676287334, 26.6832425186665], [-54.9397629401441, 26.6524275174542], [-54.9376504161079, 26.6399971408024], [-54.945057297815, 26.5803964083048], [-54.9587837466974, 26.5725237014784], [-55.0157252279675, 26.5534246017195], [-55.1298719143155, 26.5455700051383], [-55.2879211712302, 26.5769851617505], [-55.507434027657, 26.6554853495404], [-55.4723119706646, 26.6005408760944], [-55.4108483711526, 26.522002988036], [-55.3493847707423, 26.4591339629336], [-55.2088965427729, 26.4276865649346], [-55.1298719143155, 26.3962305861398], [-55.0420667713855, 26.3568985565833], [-54.9191395714632, 26.2545726856078], [-54.8313344285331, 26.1206258410754], [-54.7259682575561, 26.0496505367826], [-54.6030410576338, 26.0733137542084], [-54.4888943712857, 26.0890865757074], [-54.4362112862464, 26.0575388069686], [-54.3659671713634, 25.9549499199616], [-54.3659671713634, 25.8759744829899], [-54.3659671713634, 25.7653201298921], [-54.4098697428284, 25.5912262420596], [-54.330845114371, 25.4803070432387], [-54.3045035718514, 25.4327388703365], [-54.313284086324, 25.3534168454121], [-54.4098697428284, 25.3454817770056], [-54.5503579716961, 25.3454817770056], [-54.6996267141381, 25.3534168454121], [-54.8049928860135, 25.3057986303493], [-54.8488954574785, 25.2422785609517], [-54.8488954574785, 25.1469361928917], [-54.8401149430058, 25.1071881958663], [-54.8137733995878, 25.059473539237], [-54.7171877430834, 24.9560280562844], [-54.5942605431611, 24.9162181545898], [-54.4713333432387, 24.884360978348], [-54.3747476858361, 24.8604627026613], [-54.3396256288437, 24.7967113905358], [-54.3045035718514, 24.7010229653057], [-54.2166984289214, 24.6531511529747], [-54.1640153429837, 24.5333913360969], [-54.1113322579443, 24.381531445715], [-53.944502486557, 24.2935290278966], [-53.7776727151696, 24.2374956898498], [-53.6635260297199, 24.2214816300718], [-53.6020624293095, 24.021136284247], [-53.5940624052917, 23.938294871669], [-53.6196234582549, 23.8526044591277], [-53.6810870577669, 23.7642382200316], [-53.6810870577669, 23.6597279881416], [-53.5932819148369, 23.6114642865875], [-53.4615742004419, 23.5792786073606], [-53.4176716298752, 23.5229346800694], [-53.4703547149145, 23.4504570401426], [-53.5669403723172, 23.3940580273062], [-53.6723065432942, 23.3376349862099], [-53.7601116862243, 23.2489217703778], [-53.7601116862243, 23.1601495038531], [-53.7162091147592, 23.1036273967048], [-53.5845014003642, 23.0390015647557], [-53.4879157438599, 22.9420046860943], [-53.4088911154025, 22.844938250924], [-53.2596223720622, 22.7558997790702], [-53.1103536296201, 22.7478024898089], [-52.8557187153027, 22.715408536524], [-52.697669458388, 22.6343901201464], [-52.548400715946, 22.5127729183072], [-52.416693001551, 22.3991669022928], [-52.2674242591089, 22.3748106549989], [-52.1181555157686, 22.309839830589], [-52.0391308873112, 22.1716764923414], [-52.0479114017839, 22.0577928443825], [-52.1093750021942, 22.0170978470943], [-52.2586437446363, 22.000816574123], [-52.4254735160236, 22.0252377825807], [-52.5308396870007, 22.0740675661912], [-52.680108430341, 22.0577928443825], [-52.9874264296978, 22.0415162500347], [-53.2245003150698, 22.065930439527], [-53.3210859724725, 22.1310143222186], [-53.4791352293872, 22.2123269059812], [-53.6459650007746, 22.2529655460809], [-53.8654778580996, 22.3585707877267], [-54.0586491720067, 22.4640960268389], [-54.199137399976, 22.4884366129665], [-54.3659671713634, 22.5127729183072], [-54.5503579716961, 22.5046612920257], [-54.7610903145485, 22.4722100308742], [-54.9191395714632, 22.4965491907538], [-55.0947498573232, 22.5614326754029], [-55.1295258239793, 22.5983594223288], [-55.2182610816562, 22.6556930607784], [-55.3551646049421, 22.7924925459285], [-55.5148853822588, 22.9291549187174], [-55.5947457700189, 23.0236866742524], [-55.6403802780803, 23.1286442680524], [-55.5491112628557, 22.6241045455092], [-55.526294008825, 22.3711357440963], [-55.6061543974834, 22.1177064140675], [-55.7772838013663, 21.7896853097424], [-55.8229183085294, 21.5564391246276], [-55.8571441900246, 21.3971920220607], [-55.8229183085294, 21.1313948772894], [-55.8343269359939, 20.9503798168913], [-55.9027786971877, 20.8437978657963], [-55.9940477124123, 20.7691455344502], [-55.9940477124123, 20.6419936412976], [-56.0040261428927, 20.6416073284152], [-55.9712304592799, 20.5556501686929], [-56.016864966443, 20.3311585694872], [-56.0853167285351, 20.1920238268089], [-56.1195426091321, 20.0634813532196], [-56.2336288783873, 19.9026550925535], [-56.4389841628671, 19.763139955093], [-56.7584257166022, 19.61275628019], [-56.963781001082, 19.5482629853047], [-57.0436413897404, 19.5482629853047], [-57.1577276589956, 19.6020091917422], [-57.2489966742202, 19.6235026503668], [-57.340265690343, 19.580512860508], [-57.3859001975061, 19.5052531246446], [-57.4999864667614, 19.3976784727879], [-57.5912554819859, 19.3976784727879], [-57.7167503787057, 19.4837439032051], [-57.8536539019917, 19.6342483027887], [-58.0361919324408, 19.7309267780727], [-58.2073213363237, 19.7524029515797], [-58.4012679942373, 19.7524029515797], [-58.5495801440895, 19.6235026503668], [-58.6294405327478, 19.5052531246446], [-58.8005699366307, 19.3976784727879], [-58.9488820864829, 19.3330995018097], [-59.0515597291719, 19.300800430735], [-59.1542373709627, 19.2792641740237], [-59.2797322676825, 19.2900326565361], [-59.3824099094732, 19.3546286670471], [-59.4166357900701, 19.5052531246446], [-59.4166357900701, 19.7953466253489], [-59.371001282907, 19.9562820789307], [-59.3938185369377, 20.0527647140316], [-59.4736789246978, 20.0634813532196], [-59.5991738214175, 20.0313292425681], [-59.7132600906728, 20.0098908460613], [-59.7656055555907, 20.0934840468607], [-59.7931204793311, 20.1813159933318], [-59.8501636139588, 20.406025514935], [-59.8729808670912, 20.5342841595046], [-59.8729808670912, 20.6731097516144], [-59.9414326291833, 20.7584779007419], [-59.9756585097802, 20.8757803970718], [-59.9756585097802, 21.0355907766626], [-59.9756585097802, 21.1083287140818], [-59.98939479791, 21.1367409743886], [-60.0348235594321, 21.2426341342399], [-60.0840380506317, 21.2849701286629], [-60.1218953519001, 21.3061335583056], [-60.2165386055201, 21.3660800463982], [-60.2808960172271, 21.4224778667993], [-60.3566106197639, 21.53872955854], [-60.4077774312486, 21.6282902376873], [-60.4776380948627, 21.6519036149695], [-60.4776380948627, 21.450293732241], [-60.4091863327706, 21.2696692828784], [-60.3407345715767, 21.152676282826], [-60.3065086909798, 20.9503798168913], [-60.2951000635153, 20.8118085358645], [-60.2380569288877, 20.6624353525886], [-60.3065086909798, 20.491543190147], [-60.4434122133675, 20.2241429087739], [-60.5460898560565, 20.0849124343517], [-60.6373588712811, 19.9670052908632], [-60.6829933793425, 19.8919275120509], [-60.6145416172504, 19.763139955093], [-60.5803157366535, 19.6879657718028], [-60.6031329906842, 19.5912613845073], [-60.6829933793425, 19.4514747150391], [-60.7058106333732, 19.3653921852092], [-60.7286278865056, 19.2146384205225], [-60.7970796485978, 19.1715404617611], [-61.048069441139, 19.0745288646272], [-61.2191988450219, 19.0421790247189], [-61.2762419796495, 18.9774604368096], [-61.3218764868126, 18.8155541010214], [-61.2762419796495, 18.6859166296746], [-61.3218764868126, 18.534547476739], [-61.4815972641293, 18.3613898981081], [-61.538640398757, 18.263912263553], [-61.5956835333846, 18.1663798680301], [-61.6755439220429, 18.1338569442387], [-61.7896301912982, 18.0362519271015], [-61.8694905790582, 17.9060276801042], [-61.9493509677166, 17.7322465831085], [-61.9835768483135, 17.5582967815873], [-61.9493509677166, 17.438609179419], [-61.8238560718951, 17.3950669050361], [-61.7325870566706, 17.3188429881005], [-61.6755439220429, 17.2316912122827], [-61.6641352945784, 17.177200451548], [-61.7211784292061, 17.0899819231185], [-61.9151250871197, 17.0681709026101], [-62.0178027298087, 17.1008864759666], [-62.1775235062271, 17.0245412157993], [-62.3600615375745, 16.8280820392692], [-62.4399219253346, 16.6532803752678], [-62.485556433396, 16.4892587756514], [-62.2687925214517, 16.3798336843154], [-62.1432976256302, 16.281298541657], [-62.131888999064, 16.1607994822168], [-62.0748458644364, 16.007330829781], [-61.9493509677166, 15.9524919424978], [-61.7097698026399, 15.9744293010705], [-61.538640398757, 15.9634609225511], [-61.4701886366648, 15.8647185265827], [-61.3789196214403, 15.8098407158355], [-61.2534247256188, 15.7659277458107], [-60.9910263065114, 15.8208174701057], [-60.7172192599394, 15.853744157986], [-60.5460898560565, 15.9305521827209], [-60.3293259441122, 15.9853970785506], [-60.18101379426, 16.0182968027936], [-60.0897447790355, 16.0292621724285], [-60.0806178777825, 16.0380340340784], [-59.998475763811, 16.0182968027936], [-59.8501636139588, 15.9853970785506], [-59.7018514632083, 15.919581403736], [-59.5991738214175, 15.9086100255582], [-59.5535393133561, 15.9744293010705], [-59.5991738214175, 16.0402269391805], [-59.6562169560452, 16.1827138823245], [-59.7130448336695, 16.2124804907561], [-59.7167018742928, 16.218625714279], [-59.7474859712697, 16.2703471313384], [-59.7474859712697, 16.3250980677142], [-59.6676255826114, 16.4017236313628], [-59.4394530441008, 16.46737869165], [-59.1428287443965, 16.4783190421687], [-59.0314205138016, 16.4401608676519], [-58.9831079670798, 16.4236111161606], [-58.8576130712583, 16.3031995288056], [-58.7026580460684, 16.2567176999376], [-58.6859758084228, 16.2261407881554], [-58.6780310496596, 16.2255959095105], [-58.6520761797674, 16.1870777790905], [-58.6046166992905, 16.1870777790905], [-58.5932642650403, 16.219782220754], [-58.591056847469, 16.21963082418], [-58.5571572188137, 16.2456693874049], [-58.5521024454223, 16.2484424773179], [-58.4173160814794, 16.3223729266044], [-58.4147787782813, 16.3237643720156], [-58.3878933714341, 16.3552971479149], [-58.4054866013891, 16.4136056536118], [-58.5284280405071, 16.457049132034], [-58.5495801440895, 16.5111363866077], [-58.5477837318118, 16.5167338984491], [-58.5503772938012, 16.5188652090479], [-58.6520761797674, 16.6033479004083], [-58.618176551112, 16.6553188050369], [-58.5094842573028, 16.6360340851279], [-58.4351185560136, 16.6228386391917], [-58.2791802636597, 16.5838551835597], [-58.1300218972167, 16.5903529754051], [-58.0012033085058, 16.5903529754051], [-57.757125981109, 16.4928630915831], [-57.567288060998, 16.4928630915831], [-57.5130486546104, 16.5643604924235], [-57.4723691000443, 16.6423273995767], [-57.4175700252683, 16.6751393457578], [-57.1349104049649, 16.6751393457578], [-56.9358105227964, 16.7742917081681], [-56.8689557092595, 16.856572541034], [-56.8689557092595, 16.9733315053399], [-56.6926776400718, 17.0381662641863], [-56.5127586640032, 17.0432256749538], [-56.4621601644965, 17.044648505314], [-56.2587623925641, 17.012235053705], [-56.0079051401548, 17.012235053705], [-55.9333259569333, 17.1029785472289], [-55.7638278136562, 17.1288971510777], [-55.6756887786132, 17.1677682802134], [-55.5604300408256, 17.2519610947415], [-55.5430608641771, 17.2527904796108], [-55.424831526204, 17.2584358767606], [-55.3977118234593, 17.1872007908673], [-55.4451713030379, 17.0964983331645], [-55.5265304121701, 17.0187181934141], [-55.6756887786132, 16.9538767064947], [-55.743488035924, 16.8890128416286], [-55.8005443479386, 16.7524750145489], [-55.7886924279325, 16.7297758376867], [-55.7202406667386, 16.7297758376867], [-55.6677609827375, 16.7398272478502], [-55.6061543974834, 16.7516260526287], [-55.3779818589729, 16.7516260526287], [-55.2182610816562, 16.7843966736484], [-55.0654669700519, 16.778545191468], [-54.933045408518, 16.773473760585], [-54.9087856847198, 16.8292116990849], [-54.7847332586658, 16.9263372533308], [-54.7276901240382, 16.9918122723332], [-54.579377974186, 17.0136322037413], [-54.4538830774663, 16.9590776149472], [-54.3626140622417, 16.8935911971822], [-54.2257105389557, 16.8935911971822], [-54.0773983891035, 16.9918122723332], [-53.986129373879, 17.0790767313079], [-53.9643856093078, 17.0918669827114], [-53.8699687059865, 17.0898329739637], [-53.7671790209236, 17.1073475002716], [-53.6994312730112, 17.1482223531955], [-53.6135012644221, 17.19868124956], [-53.5411929234242, 17.2534830200348], [-53.4042894010365, 17.4168393397933], [-53.2673858777505, 17.4712590663606], [-53.12707961522, 17.4980238188559], [-53.0962564738676, 17.5039030983284], [-53.0840974090861, 17.5097010339146], [-53.065417367656, 17.5431001878152], [-52.895919224379, 17.607734592772], [-52.7467608579359, 17.6271204065571], [-52.6518418978805, 17.6271204065571], [-52.4959036055266, 17.6852653384382], [-52.4009846454712, 17.7240181793006], [-52.3331853881604, 17.665885781384], [-52.4620039768713, 17.6012721918212], [-52.5230233082713, 17.5172399647833], [-52.6043824174036, 17.4461053691038], [-52.7852048426281, 17.4361529161906], [-52.8095722241232, 17.3974025775984], [-52.8110408007295, 17.3950669050361], [-52.9935788311786, 17.2861659044234], [-53.1875254890922, 17.2425874372799], [-53.4271066541689, 17.1553996578553], [-53.495558416261, 17.0790767313079], [-53.6096446855163, 16.9154225329548], [-53.7465482088023, 16.8608394553497], [-53.8231600225936, 16.8425089600093], [-53.8451088285268, 16.8241266733926], [-53.9332478626715, 16.7592182790832], [-54.1230857836807, 16.6618141777885], [-54.2247846696469, 16.5838551835597], [-54.2722441501238, 16.5188652090479], [-54.3400434074346, 16.4408483786636], [-54.4078426647454, 16.3628001868287], [-54.4756419220562, 16.2717045029205], [-54.5095415507116, 16.21963082418], [-54.5146669002432, 16.21142840188], [-54.5298813284438, 16.1870777790905], [-54.3536032592561, 16.2586873768651], [-54.2519043723916, 16.2912285746858], [-54.1027460068468, 16.356294759261], [-54.0213868977145, 16.4083321016124], [-53.9061281599268, 16.4603555312603], [-53.777309571216, 16.4473509801721], [-53.6620508334283, 16.4408483786636], [-53.5128924669852, 16.4538533646837], [-53.4179735069298, 16.5318649563243], [-53.3637341005421, 16.6423273995767], [-53.3454868413647, 16.6912732759844], [-53.3420575299541, 16.6920944796364], [-53.3433943237082, 16.72026260489], [-53.3162746200653, 16.7722017328114], [-53.2010158831759, 16.8046564858293], [-53.0857571453882, 16.837105687787], [-52.9501586298683, 16.8955002322863], [-52.8213400411575, 16.9603618636095], [-52.7399809320252, 17.012235053705], [-52.6857415265359, 16.99926810099], [-52.7196411551913, 16.9149610679319], [-52.8552396698129, 16.8306162917623], [-52.9298188530344, 16.7657101167413], [-52.9501586298683, 16.6942877335576], [-53.065417367656, 16.6553188050369], [-53.1151039693516, 16.6285407731455], [-53.1200504589203, 16.6016810032107], [-53.1445190940226, 16.543050470743], [-53.1893782580775, 16.4804915896236], [-53.3683051527126, 16.3279197649006], [-53.5033924073599, 16.1908948923675], [-53.5541521176292, 16.1640471801189], [-53.5603519474621, 16.1545193642669], [-53.689170536173, 16.0307485851619], [-53.7908694221391, 15.9851294197851], [-53.9129080858376, 15.8873390522182], [-54.0241834789581, 15.8558586880307], [-54.0281668236253, 15.8547316887408], [-54.0756263032038, 15.8221190541469], [-54.0828451073348, 15.8012820692019], [-54.0959660809361, 15.7634030598553], [-54.1230857836807, 15.6850886475027], [-54.204444892813, 15.626333097802], [-54.3400434074346, 15.5740917880988], [-54.4146225906561, 15.4957049383909], [-54.406577488279, 15.4957049383909], [-54.2925839269577, 15.4957049383909], [-54.1976649669022, 15.4957049383909], [-54.0959660809361, 15.5218371998049], [-54.0213868977145, 15.6067441659335], [-53.9808454276823, 15.6815700825366], [-53.8459532969961, 15.7400037796371], [-53.6828290635793, 15.7596287686383], [-53.5462628558859, 15.7738372049131], [-53.4993326151637, 15.8482095838919], [-53.3027147691421, 15.9851294197851], [-53.0586374417452, 16.0307485851619], [-52.984058259422, 16.069842423977], [-52.9704984076005, 16.180566525224], [-52.8145601152467, 16.2977361666706], [-52.6857415265359, 16.3628001868287], [-52.4959036055266, 16.4343455585115], [-52.4020727415372, 16.4613428898809], [-52.3590732850548, 16.4737135818079], [-52.2925058335943, 16.4928630915831], [-52.2043667985512, 16.5383645017238], [-52.1094478384958, 16.5643604924235], [-51.9806292488866, 16.5708589424233], [-51.9263898433973, 16.5578618231914], [-51.9941891007081, 16.4408483786636], [-52.0891080607636, 16.3953240693213], [-52.1992296676146, 16.3741941771733], [-52.2269452821761, 16.3514001325824], [-52.2758825523808, 16.300522443101], [-52.3492884576878, 16.2496315394764], [-52.4308505734979, 16.1791454625113], [-52.5001783726551, 16.108634219206], [-52.577662384112, 16.0498556947015], [-52.6388339709696, 16.0067404119614], [-52.7407866166305, 15.9440106611758], [-52.83458305089, 15.8851836927216], [-52.8475425819633, 15.8477863195116], [-52.8526022017656, 15.8472886040283], [-52.8835203210947, 15.8145686404841], [-52.9446919088506, 15.7596287686383], [-53.0425664483617, 15.6928960789755], [-53.0600997660771, 15.683250268855], [-53.1060969222221, 15.6067441659335], [-53.1060969222221, 15.5479661513789], [-53.0678164129453, 15.5479661513789], [-52.9976181103452, 15.5479661513789], [-52.9160896642903, 15.590804432635], [-52.8484597439021, 15.626333097802], [-52.7196411551913, 15.7111967999752], [-52.5569229369267, 15.7764525292589], [-52.4755638286927, 15.8155958962405], [-52.3535251649943, 15.8482095838919], [-52.2789459817728, 15.9329804874755], [-52.1704671698958, 15.9851294197851], [-52.0009690266188, 16.0633273170828], [-51.9263898433973, 16.1414944966235], [-51.8111311056096, 16.1870777790905], [-51.7094322196434, 16.2847207666813], [-51.5738337050218, 16.3823151671827], [-51.4653548931449, 16.3953240693213], [-51.2822968980464, 16.5253651920736], [-51.1060188288587, 16.5773571731144], [-50.9704203133388, 16.6228386391917], [-50.8551615755511, 16.6618141777885], [-50.7805823932279, 16.6423273995767], [-50.8280418728064, 16.5448638281959], [-50.8483816505387, 16.4928630915831], [-50.9772002392495, 16.4408483786636], [-51.0585593483818, 16.3823151671827], [-51.2077177148249, 16.3107507014119], [-51.2890768230588, 16.2521784899143], [-51.4992545218003, 16.174055056645], [-51.6280731105111, 16.1219555893387], [-51.6145132586897, 16.0437807176291], [-51.6280731105111, 15.9786115457107], [-51.7229920705666, 15.9199411357358], [-51.7297719964773, 15.8612535836092], [-51.8559234772282, 15.8466912461764], [-51.9047749214923, 15.818492347077], [-51.9618684030984, 15.7871005667889], [-52.0556648373579, 15.7439289294276], [-52.1209145312636, 15.7046740256795], [-52.2310233883259, 15.6614848969072], [-52.3370541401366, 15.5436500292342], [-52.3819133041915, 15.4532642646515], [-52.5124126902063, 15.358906644287], [-52.5980529130645, 15.2959778253481], [-52.7285522990793, 15.292044146214], [-52.9243013789998, 15.2684405178266], [-53.0262540246607, 15.2172902215331], [-53.1485972001724, 15.1976137195047], [-53.2750184809357, 15.173999494715], [-53.4381427134542, 15.1661274999313], [-53.5915354659571, 15.1589636546559], [-53.6213712788622, 15.1229635344056], [-53.7569697934838, 15.1164183097501], [-53.8247690507945, 15.0771427186593], [-53.9061281599268, 14.9985697910352], [-54.0417266745484, 14.9068648850311], [-54.1230857836807, 14.8151208879348], [-54.265464224213, 14.7692342997344], [-54.3468233333453, 14.7036652259721], [-54.5262266180503, 14.6698034615181], [-54.7809303828443, 14.4506714653589], [-54.9805813544902, 14.2480386142248], [-55.1802323252377, 13.962201908762], [-55.3038257840468, 13.7498997560665], [-55.4844623765851, 13.5743742761964], [-55.6365774022588, 13.4542029389596], [-55.7544909518669, 13.4437774804567], [-55.7696497060794, 13.4273953852375], [-55.682468704524, 13.3882547016566], [-55.5468701899024, 13.3882547016566], [-55.4545978643033, 13.3908948249387], [-55.1041748124009, 13.6575342161068], [-54.7809303828443, 14.0360004713182], [-54.5622650338876, 14.2019602061525], [-54.476700331497, 14.2388236840142], [-54.239020604331, 14.2848945678751], [-54.0678912004481, 14.3309560205264], [-53.8016899055192, 14.5243105170383], [-53.5640101774549, 14.6531198089308], [-53.2597801261075, 14.6715149731095], [-53.17365974834, 14.6841376878931], [-53.0789772194775, 14.7430090385962], [-52.895919224379, 14.8413374350875], [-52.8145601152467, 14.8741036480836], [-52.7671006356681, 14.78234574316], [-52.6654017488036, 14.7430090385962], [-52.529803234182, 14.7495656502498], [-52.2925058335943, 14.8085662551359], [-52.041648581185, 14.860997759106], [-51.9237513117448, 14.8757009627635], [-51.8314708824435, 14.8872087400251], [-51.7297719964773, 14.9330702849712], [-51.6842092620105, 14.968286569683], [-51.6280731105111, 15.0116672884985], [-51.4789147440681, 15.0444075174393], [-51.4674535642611, 15.0468136664319], [-51.3229764526126, 15.0771427186593], [-51.2844918128655, 15.1050107881646], [-51.2144976407356, 15.155686629538], [-51.0992389029479, 15.1753180569168], [-51.0700804188687, 15.1690642512891], [-51.0382195706496, 15.1622306406472], [-50.9433006105941, 15.1884046624151], [-50.8416218621617, 15.2230348994075], [-50.8280418728064, 15.2276596062254], [-50.7195630609295, 15.2472843351771], [-50.6043043231418, 15.2603664701342], [-50.4551459575971, 15.2865282939156], [-50.367006922554, 15.299607981478], [-50.387346699388, 15.2276596062254], [-50.5093853630864, 15.1164183097501], [-50.6178641749633, 15.1098728822468], [-50.7195630609295, 15.0444075174393], [-50.7195630609295, 14.9854714913588], [-50.6382039517972, 14.9265192342079], [-50.5839645463079, 14.8937609876679], [-50.4687058085202, 14.8413374350875], [-50.4415861057756, 14.7954563957524], [-50.5500649176525, 14.7561220643773], [-50.6653236554402, 14.7233380201471], [-50.7738024673171, 14.6839906599682], [-50.8212619468957, 14.5987137734738], [-50.8687214273726, 14.5527817416196], [-50.9365206846834, 14.5462192414], [-51.0043199419942, 14.5068401478626], [-51.0585593483818, 14.4805835268391], [-51.2077177148249, 14.4608890206255], [-51.2397112226519, 14.4624642644444], [-51.253763225485, 14.4506714653589], [-51.3948376437031, 14.4028524000154], [-51.4248926293679, 14.3862172769966], [-51.5579932768324, 14.3401671774884], [-51.7576442475799, 14.2111766394213], [-51.8812377063889, 14.1097752783033], [-51.8622233281797, 14.0544464046302], [-51.8051801935521, 13.9714280247274], [-51.7291226807152, 13.9529754242814], [-51.5770076550416, 13.9252937550194], [-51.5294717090694, 13.8976087702309], [-51.4153854398141, 13.6667724021881], [-51.2917919819034, 13.602097503871], [-51.2079891183301, 13.6095021511374], [-51.1873779370926, 13.7046371648543], [-51.1873779370926, 13.783666656681], [-51.1670381602587, 13.8495041513686], [-51.0110998679049, 13.8560868768226], [-50.9161809078495, 13.8758339327297], [-50.7805823932279, 13.9416453000309], [-50.6721035813509, 13.9284845253068], [-50.7060032100063, 13.803419857722], [-50.6856634322741, 13.7178105975629], [-50.6402898830061, 13.6496781892398], [-50.5692456099534, 13.6390567574342], [-50.5152226041245, 13.5865513447926], [-50.4836809075628, 13.5558903247347], [-50.4836809075628, 13.4542029389596], [-50.4836809075628, 13.3062169896845], [-50.4551593406982, 13.2506988886724], [-50.4536805367724, 13.2442213555724], [-50.3602269966433, 13.210106005692], [-50.3195474420771, 13.1308869443318], [-50.3805667743755, 13.0846640133921], [-50.5500649176525, 13.0252217955984], [-50.6465209472614, 13.0917779707611], [-50.7118534460733, 13.0748082114402], [-50.8259397153286, 13.0377625519281], [-50.9400259845839, 12.982183665968], [-51.0446050651837, 12.9358584293206], [-51.1491841448852, 12.8895245871288], [-51.176453811485, 12.8718022766262], [-51.2347488472758, 12.8339126592839], [-51.2306416033714, 12.8218984624474], [-51.2157344690666, 12.7782884317166], [-51.1206625780205, 12.7504717215096], [-51.0065763087653, 12.7041037479981], [-51.0160834974207, 12.65772731451], [-51.0731266320483, 12.5927861472698], [-51.2157344690666, 12.537109196148], [-51.3108063601126, 12.5092662051859], [-51.4058782511587, 12.4628545505532], [-51.5675004654878, 12.3885786299414], [-51.7481370589244, 12.3235698410426], [-51.8170808184163, 12.3089270086087], [-51.8857102888312, 12.191560145887], [-51.9263898433973, 12.0788769762104], [-52.0009690266188, 12.0656170060686], [-52.0958879866743, 12.0855067155121], [-52.102667912585, 12.1716783469409], [-52.099072239472, 12.2314239476078], [-52.1057580291275, 12.2522503182132], [-52.1187552580017, 12.2672603859237], [-52.1423865824109, 12.2707241257828], [-52.1683810401593, 12.2718786962009], [-52.1967386303486, 12.2689922615454], [-52.2150529074395, 12.2701468395539], [-52.2323690277906, 12.2710145591179], [-52.2380934494121, 12.2713014116244], [-52.2676326053728, 12.2666830912277], [-52.2685948762135, 12.2662947556661], [-52.3065112156607, 12.250992722426], [-52.3438436295119, 12.2181858440005], [-52.3692473039255, 12.189314212421], [-52.3840168819058, 12.1679471812963], [-52.3849132424559, 12.1661947297577], [-52.3883230289838, 12.1450280420719], [-52.3738649418282, 12.0987657012751], [-52.3494079408071, 11.9791702573262], [-52.3511146365407, 11.9604470336442], [-52.3874247936497, 11.9130803641321], [-52.4484441250498, 11.8666391061716], [-52.4484441250498, 11.8069172975995], [-52.5162433823605, 11.7206295004763], [-52.6450619719697, 11.7405444699306], [-52.6767750338499, 11.7871149238742], [-52.7749134822218, 11.7470832438667], [-52.8699853732679, 11.7098484548021], [-53.0221003989415, 11.5794872899088], [-53.2692873156613, 11.4583831805927], [-53.3390345301398, 11.4583831805927], [-53.4179735069298, 11.4217339142531], [-53.5061125410745, 11.341974842802], [-53.5400121697299, 11.2954384206374], [-53.6417110556961, 11.2222945132941], [-53.6981190625532, 11.1558915465869], [-53.6495748798455, 11.1320771154234], [-53.4404167195442, 11.1600606953233], [-53.1932298028244, 11.1693879570727], [-52.8985069401325, 11.2160197614516], [-52.7463919144588, 11.2533197889935], [-52.4041331066931, 11.3092607675298], [-51.9002520845981, 11.3558699099444], [-51.6055292219062, 11.4956515359823], [-51.4439070075771, 11.6074269653199], [-51.2632704141404, 11.6539868706696], [-51.1586913344389, 11.6260518616882], [-50.9495331741376, 11.5422300469173], [-50.7213606356271, 11.504967855641], [-50.6072743663718, 11.5142838660958], [-50.4563033056866, 11.5921324155872], [-50.4071950124215, 11.5935756105291], [-50.3265949806026, 11.536147452771], [-50.2839348788885, 11.5387598352067], [-50.2132469306782, 11.5419564005081], [-50.1730091765519, 11.5376943053481], [-50.1034087351127, 11.5270387825778], [-50.0881836394181, 11.5089234677414], [-50.0860086249775, 11.4801496890639], [-50.1110212834092, 11.4716235609522], [-50.1436464901373, 11.4535046841147], [-50.1817092316195, 11.447109508871], [-50.2175969586611, 11.4407141890839], [-50.2252095069576, 11.4268571675255], [-50.2295595340422, 11.383149820922], [-50.2589222204569, 11.3692899914622], [-50.2893724127443, 11.3490321037646], [-50.3132975644048, 11.324507474832], [-50.318735099159, 11.2914492144685], [-50.3198226059301, 11.2455879051733], [-50.3013349890238, 11.1986524965636], [-50.2893724127443, 11.154910376999], [-50.2774098373632, 11.1026245727947], [-50.2741473161514, 11.0748772785051], [-50.2784973441344, 11.0012274929609], [-50.2834581627302, 10.9914880247584], [-50.2948099474985, 10.9692000990475], [-50.3263476474554, 10.9542527931458], [-50.3273617672578, 10.9485001400012], [-50.3600874496521, 10.8520944425599], [-50.4171305842797, 10.7867271398516], [-50.5122024753258, 10.6466066006314], [-50.6833318792087, 10.5438105318819], [-50.8323259904987, 10.5031194048125], [-50.8544612830916, 10.4970736756713], [-51.0160834974207, 10.4129295499374], [-51.1491841448852, 10.3194094440646], [-51.2596068697145, 10.2453303560189], [-51.3583423051865, 10.1790772317781], [-51.491442952651, 10.1603615874298], [-51.5484860872786, 10.2165052256952], [-51.5389788986231, 10.3381156971331], [-51.4629213857863, 10.4129295499374], [-51.4343998180233, 10.5625032896484], [-51.4343998180233, 10.6528858799814], [-51.4343998180233, 10.7026625955258], [-51.5294717090694, 10.7587082269982], [-51.5960220332508, 10.7493680098549], [-51.6815867347431, 10.6652930805607], [-51.7481370589244, 10.6092302054653], [-51.7766586257891, 10.5718492426783], [-51.8337017604168, 10.4783769531604], [-51.8812377063889, 10.3755248592825], [-51.9382808410166, 10.2913479803332], [-51.9592220776624, 10.2776114581253], [-52.0238455425088, 10.2352175714005], [-52.1094102448995, 10.2445733301529], [-52.1759605681825, 10.2819936035788], [-52.1949749463917, 10.3568208361814], [-52.2044821359455, 10.4783769531604], [-52.2615252705731, 10.5625032896484], [-52.3470899720654, 10.5998853919419], [-52.5467409437113, 10.6092302054653], [-52.582008212471, 10.6323389307247], [-52.6323056452036, 10.6652930805607], [-52.7844206708773, 10.7120042547421], [-52.9365356965509, 10.7026625955258], [-53.031607587597, 10.6466066006314], [-53.126679478643, 10.553157053225], [-53.1742154246152, 10.4690281681709], [-53.2787945043167, 10.3755248592825], [-53.4023879631257, 10.2913479803332], [-53.4499239081996, 10.1977917785106], [-53.3643592067073, 10.169719546243], [-53.2502729374521, 10.1416448473985], [-53.1456938568523, 10.0948482159532], [-53.0411147771508, 10.0199594630505], [-52.9840716425231, 9.90759393740091], [-52.9365356965509, 9.7764521898194], [-53.0791435335692, 9.56089301911934], [-53.1171722899876, 9.41085802018657], [-53.0981579117784, 9.36395867549862], [-52.9840716425231, 9.30767110769496], [-52.8604781837141, 9.27952392181578], [-52.7083631580404, 9.21383837790385], [-52.6893487798312, 9.14814061738613], [-52.7201829066812, 9.12784541577245], [-52.7749134822218, 9.12936759628107], [-52.8509709950586, 9.12936759628107], [-53.0221003989415, 9.12936759628107], [-53.1456938568523, 9.07304260972263], [-53.1655926255604, 9.04247495803735], [-53.1932298028244, 9.02609836269322], [-53.3453448284981, 8.90401480074437], [-53.5354886105902, 8.70671700770922], [-53.7351395813378, 8.63152843788421], [-53.78267552731, 8.52811971978918], [-53.7799591871808, 8.44483519684825], [-53.78267552731, 8.43408749293944], [-53.8111970941746, 8.30240397931906], [-53.8872546070115, 8.20831723828596], [-53.9918336876113, 8.12362010394972], [-54.0869055786573, 8.07655840554516], [-54.2200062261218, 8.02007712812787], [-54.3626140622417, 8.01066281718151], [-54.5527578443338, 8.00124828942738], [-54.7524088159797, 7.92592425663845], [-54.8855094634441, 7.89767418205275], [-54.9710741649364, 7.86942217511778], [-55.1707251365823, 7.86942217511778], [-55.3513617291206, 7.87883972534899], [-55.5700270789757, 7.88825706048394], [-55.7126349150956, 7.88825706048394], [-55.8457355625601, 7.85058643392409], [-55.9883433995783, 7.75639496044887], [-56.1689799921167, 7.68102658057496], [-56.3876453419717, 7.6433373676053], [-56.8439904189928, 7.6433373676053], [-57.1704319571371, 7.65142582087781], [-57.195756415414, 7.66218239100861], [-57.3763930088507, 7.75639496044887], [-57.5285080345244, 7.88825706048394], [-57.680623060198, 8.0294912202383], [-57.8897812204994, 8.16126549219473], [-58.1274609476653, 8.25536341041995], [-58.308097541102, 8.33062561705586], [-58.378434956807, 8.32675919564884], [-58.3366191079666, 8.20831723828596], [-58.279575973339, 8.10479608472289], [-58.1369681372191, 7.98241858093432], [-57.9753459219917, 7.85058643392409], [-57.851752464081, 7.71871245019143], [-57.6996374384073, 7.65275998385663], [-57.5094936563152, 7.57737324857825], [-57.3954073870599, 7.49254740256272], [-57.195756415414, 7.37942060892244], [-57.1387132807864, 7.30398664448646], [-56.9961054446665, 7.09647798207375], [-56.8915263640667, 7.03986835235511], [-56.7964544730206, 7.09647798207375], [-56.6728610151099, 7.16251374711614], [-56.5112387998825, 7.24740280900476], [-56.4651326430592, 7.25795756225311], [-56.3876453419717, 7.27569561899061], [-56.1689799921167, 7.30398664448646], [-55.9598218318154, 7.32284633420853], [-55.6746061586772, 7.36056331843562], [-55.5415055112127, 7.36056331843562], [-55.4369264315112, 7.29455650154803], [-55.3418545404652, 7.1908118662773], [-55.2182610816562, 7.1908118662773], [-55.0281172995641, 7.1908118662773], [-54.836487587211, 7.17270460105531], [-54.8284663288165, 7.1719466487014], [-54.7059211087226, 7.19626328353507], [-54.5907866007522, 7.21910822309803], [-54.4101500082139, 7.26626487987416], [-54.210499036568, 7.26626487987416], [-54.0583840108943, 7.34170522619469], [-53.8872546070115, 7.3699920644693], [-53.8016899055192, 7.44541478326454], [-53.6210533120825, 7.56794897566568], [-53.4499239081996, 7.58679731439404], [-53.3073160720797, 7.62449151236679], [-53.1837226132707, 7.73755412624011], [-53.0030860207323, 7.80349335024497], [-52.7368847258034, 7.80349335024497], [-52.5847697001297, 7.85058643392409], [-52.4992049977391, 7.98241858093432], [-52.3661043502746, 8.15185447747607], [-52.2425108923639, 8.23654561214472], [-52.1094102448995, 8.29299631500364], [-52.0333527320626, 8.42468300689062], [-51.9287736514628, 8.54692339682142], [-51.61503641146, 8.76309852783124], [-51.348835116531, 8.96975720339439], [-51.225241657722, 8.99792888009143], [-51.1777057126482, 8.95097487072239], [-51.1777057126482, 8.87583586132771], [-51.2157344690666, 8.81007659850142], [-51.3583423051865, 8.74430563528785], [-51.4343998180233, 8.70671700770922], [-51.447627211443, 8.6478750579561], [-51.3868638729495, 8.6221288111664], [-51.3012991705589, 8.60332885560501], [-51.3012991705589, 8.45289577726498], [-51.3963710616049, 8.18949720705576], [-51.5389788986231, 7.97300340069379], [-51.8241945717613, 7.67160459059165], [-51.9668024078812, 7.50197331610649], [-52.0143383538534, 7.39827709564665], [-51.9382808410166, 7.3699920644693], [-51.8146873822075, 7.37942060892244], [-51.6625723565339, 7.36056331843562], [-51.6625723565339, 7.35328728986702], [-51.6625723565339, 7.33304213587197], [-51.6625723565339, 7.29455650154803], [-51.7006011129523, 7.20024418176466], [-51.8432089499705, 7.0587389991602], [-52.0238455425088, 6.96437810985008], [-52.1379318117641, 6.8888757157071], [-52.2425108923639, 6.83224102329044], [-52.3661043502746, 6.76615874145102], [-52.4516690526652, 6.66229691572177], [-52.5847697001297, 6.59619155357268], [-52.7083631580404, 6.59619155357268], [-52.8794925619233, 6.59619155357268], [-53.0030860207323, 6.56785797815936], [-53.0696363440154, 6.47340111510451], [-53.2217513696891, 6.44506059903487], [-53.5069670428272, 6.41671849842432], [-53.7383086445224, 6.37414407079313], [-53.8016899055192, 6.36947816464291], [-53.8682402288022, 6.34113187444959], [-53.8872546070115, 6.29388459862837], [-53.8872546070115, 6.18992550781153], [-53.8872546070115, 6.17102164672361], [-53.9157761747744, 6.0859459560476], [-54.0393696326851, 6.00085679346937], [-54.1819774697034, 5.97249077838238], [-54.3721212517955, 5.93466713996996], [-54.4071701419062, 5.94017148785631], [-54.5527578443338, 5.96303511257679], [-54.615505293592, 5.96303511257679], [-54.6763513031428, 5.96303511257679], [-54.6914509562945, 5.96386944308984], [-54.8170254733929, 5.9708080027204], [-54.8189591392628, 5.97249077838238], [-54.8474807070257, 6.0670384109821], [-54.9425525980718, 6.13321190340684], [-54.9995957326994, 6.0953994787976], [-55.0756532455362, 6.00085679346937], [-55.1231891906101, 5.89684090579756], [-55.1326963801639, 5.73605083034916], [-55.199246703447, 5.60360137631501], [-55.322840162256, 5.49004933091257], [-55.3893904855391, 5.38594094080954], [-55.4084048637483, 5.30074806486467], [-55.4464336201667, 5.20607553642164], [-55.5224911330035, 5.14926516040743], [-55.5890414571849, 5.11138875269226], [-55.6936205368864, 5.07351010516731], [-55.7601708610678, 5.01668797016509], [-55.8077068061417, 4.93144550950763], [-55.8647499407693, 4.81777190328637], [-55.9408074536062, 4.73250419752474], [-56.0834152906244, 4.74197890972144], [-56.2070087485351, 4.59036810069193], [-56.1784871816704, 4.51455054884937], [-56.111936857489, 4.44820368722406], [-56.0263721559968, 4.43872507465445], [-55.9313002649507, 4.48611691689154], [-55.7886924279325, 4.49559491786661], [-55.5605198894219, 4.60932123532441], [-55.5700270789757, 4.52402817834159], [-55.5890414571849, 4.46716054705388], [-55.5985486458404, 4.30601182868214], [-55.6650989700218, 4.08793299672916], [-55.7696780497233, 3.91722105632353], [-55.8837643189785, 3.8318519288145], [-56.0358793446522, 3.67057603686169], [-56.2260231267443, 3.49029210157408], [-56.3401093959996, 3.35742906295994], [-56.4637028548086, 3.20556349668974], [-56.5112387998825, 3.12012913852888], [-56.5968035022731, 2.93974514132087], [-56.7108897715283, 2.77832415497911], [-56.8154688512298, 2.67386344007028], [-56.9200479318296, 2.60738378572126], [-57.0531485792941, 2.58838894976839], [-57.224277983177, 2.56939382913513], [-57.2337851718325, 2.60738378572126], [-57.1862492267586, 2.63587550176636], [-57.0151198228757, 2.74033949135931], [-56.9961054446665, 2.83529885390387], [-57.0721629575033, 2.86378515516592], [-57.1482204703402, 2.86378515516592], [-57.2718139282509, 2.82580326452534], [-57.2908283064601, 2.77832415497911], [-57.4334361434783, 2.76882810343724], [-57.585551169152, 2.76882810343724], [-57.6996374384073, 2.83529885390387], [-57.8707668422902, 2.88277562921686], [-58.0228818679638, 2.84479436624171], [-58.1084465694561, 2.74033949135931], [-58.2510544064744, 2.63587550176636], [-58.3176047297574, 2.52190479619791], [-58.3176047297574, 2.40792410470227], [-58.3461262975204, 2.32243230320624], [-58.4316909990127, 2.21793531754817], [-58.3461262975204, 2.20843521983721], [-58.279575973339, 2.20843521983721], [-58.2035184605022, 2.15143336973925], [-58.1464753258745, 2.04692448561926], [-58.0704178130377, 1.92340522790159], [-57.9943603002009, 1.81888192560314], [-57.823230896318, 1.81888192560314], [-57.6711158706443, 1.82838429903887], [-57.4809720885522, 1.81888192560314], [-57.3763930088507, 1.89489949345308], [-57.195756415414, 1.92340522790159], [-56.8915263640667, 1.93290703449499], [-56.7584257166022, 1.95191048698591], [-56.6253250691377, 2.02792212802813], [-56.4827172330178, 2.08492852298538], [-56.2450375049535, 2.16093382801052], [-56.0644009124152, 2.20843521983721], [-55.9027786971877, 2.26543488310155], [-55.7031277264402, 2.26543488310155], [-55.4844623765851, 2.2844342751576], [-55.2753042162838, 2.44591875029311], [-55.1357831298207, 2.60388908622528], [-55.1231891906101, 2.60738378572126], [-55.0376244891178, 2.60738378572126], [-54.961566976281, 2.55989616316323], [-54.9140310303088, 2.43642018868898], [-54.9425525980718, 2.33193165163313], [-54.9995957326994, 2.24643524180541], [-55.0851604341917, 2.13243227681381], [-55.1041748124009, 2.04692448561926], [-55.0471316777733, 1.98991674546708], [-54.9710741649364, 1.98041526186296], [-54.8760022738904, 1.98041526186296], [-54.7619160046351, 1.93290703449499], [-54.7048728700075, 1.80937950122328], [-54.7048728700075, 1.68584355517411], [-54.6288153571706, 1.78087193221305], [-54.5907866007522, 1.85689111825312], [-54.571772222543, 1.94240878701156], [-54.5242362774692, 2.05642557963035], [-54.4006428186601, 2.09442938914433], [-54.1914846583588, 2.08492852298538], [-54.1629630914942, 2.11343094925317], [-54.0298624440297, 2.20843521983721], [-53.9633121198483, 2.32243230320624], [-53.849225850593, 2.35093015492372], [-53.7446467708915, 2.35093015492372], [-53.6495748798455, 2.38892638354345], [-53.487952664618, 2.49341054147182], [-53.3833735849165, 2.55989616316323], [-53.2978088825259, 2.61688109674024], [-53.1932298028244, 2.68336024106457], [-53.1361866681968, 2.70235362236847], [-53.0506219658062, 2.78782013104153], [-53.0125932093878, 2.86378515516592], [-52.9555500747602, 2.93974514132087], [-52.8889997514771, 3.08215607243697], [-52.8319566168494, 3.16759354054217], [-52.7558991040126, 3.28149916472528], [-52.698855969385, 3.42386288594774], [-52.765406292668, 3.49978160763584], [-52.793927860431, 3.6516004630075], [-52.7844206708773, 3.76544781746779], [-52.8034350490865, 3.86030926037386], [-52.8414638055049, 3.93619079758589], [-52.8794925619233, 3.993097420236], [-52.9614763648941, 4.06579176632284], [-52.9624065757607, 4.07491576526879], [-52.9278119376379, 4.15255315481748], [-52.9221513817415, 4.15370320260881], [-52.8509709950586, 4.14482897487146], [-52.8034350490865, 4.09741594214057], [-52.7463919144588, 4.02154925606696], [-52.6893487798312, 3.95516010670499], [-52.6323056452036, 3.86030926037386], [-52.5562481323667, 3.78442094135105], [-52.4819807346174, 3.68807853958108], [-52.4548937664817, 3.6155190467355], [-52.4110296905215, 3.54848340079969], [-52.3845238901539, 3.52864195137353], [-52.3452335765813, 3.49922961798468], [-52.2972572432192, 3.4636558286472], [-52.2616176811647, 3.42260748856546], [-52.254315113625, 3.39830870677604], [-52.2492809098571, 3.3815573895939], [-52.2494640826317, 3.37735173483857], [-52.2520224144923, 3.31861053644157], [-52.2753252052391, 3.25976528424785], [-52.3095940145269, 3.22007700468622], [-52.349345833085, 3.17354394881879], [-52.4151419479235, 3.12974621749963], [-52.4507815090797, 3.07636525971319], [-52.4740842998265, 3.01613738255137], [-52.505611604479, 2.97233319110266], [-52.533503294226, 2.94719621787174], [-52.5467409437113, 2.92075562437504], [-52.6323056452036, 2.81630759657186], [-52.8129422386402, 2.67386344007028], [-52.9175213183417, 2.51240677998953], [-53.0030860207323, 2.36042930926604], [-53.1647082350615, 2.23693532879303], [-53.1932298028244, 2.08492852298538], [-53.2027369914799, 1.95191048698591], [-53.2217513696891, 1.81888192560314], [-53.2823821222366, 1.73031025741334], [-53.2978088825259, 1.67634045756601], [-53.3168232607351, 1.59081053912757], [-53.392880773572, 1.42924450431703], [-53.4974598541718, 1.37221841780159], [-53.6590820685009, 1.30568626953488], [-53.6685892580547, 1.21063731033724], [-53.6590820685009, 1.14410104017692], [-53.5735173670086, 1.0775632277803], [-53.5259814210364, 0.95398921542869], [-53.5069670428272, 0.782879532063898], [-53.4974598541718, 0.668802436170982], [-53.4499239081996, 0.668802436170982], [-53.3643592067073, 0.716334908079647], [-53.2883016938705, 0.782879532063898], [-53.2217513696891, 0.830410765763097], [-53.1171722899876, 0.896953524386022], [-53.0411147771508, 0.896953524386022], [-52.9365356965509, 0.86843534243889], [-52.8224494272957, 0.744854155947061], [-52.7368847258034, 0.659295886043461], [-52.7363957548279, 0.659183054333058], [-52.6132912669944, 0.630776126004888], [-52.5183187889075, 0.591206511418498], [-52.4992049977391, 0.583242849974674], [-52.3756115398284, 0.507188786225465], [-52.309061215647, 0.450147644603214], [-52.309061215647, 0.393106056812905], [-52.3565971616192, 0.288528840901625], [-52.4421618631115, 0.23148629598314], [-52.4706834308744, 0.164936374668786], [-52.4516690526652, 0.107893404075257], [-52.4136402962468, 0.0128215766881205], [-52.4136402962468, -0.0632359232037953], [-52.4421618631115, -0.120278982326143], [-52.4706834308744, -0.196336199263255], [-52.4611762413207, -0.253378892253888], [-52.4421618631115, -0.310421334098635], [-52.3851187284838, -0.348449461216385], [-52.309061215647, -0.424505238201079], [-52.2995540269916, -0.491053434492316], [-52.309061215647, -0.56710769903998], [-52.4231474849023, -0.605134464967918], [-52.5277265655021, -0.624147749017877], [-52.6227984565481, -0.643160964333734], [-52.7083631580404, -0.690693687724431], [-52.8699853732679, -0.747732325950285], [-52.9555500747602, -0.72871952609161], [-53.06012915536, -0.671680653402605], [-53.0886507222246, -0.766745043468051], [-53.0506219658062, -0.823782681043859], [-53.0506219658062, -0.890325556164802], [-53.0886507222246, -0.975878903039893], [-53.1742154246152, -0.975878903039893], [-53.2324469584985, -0.967561309095314], [-53.2978088825259, -0.928349522519529], [-53.4404167195442, -0.852301197654998], [-53.5545029887994, -0.852301197654998], [-53.6305605016363, -0.909337589407958], [-53.6305605016363, -0.994890469210616], [-53.6020389338733, -1.08044113155371], [-53.5545029887994, -1.17549458886284], [-53.487952664618, -1.32757328169986], [-53.4499239081996, -1.46063450126477], [-53.4689382864088, -1.54616974076957], [-53.5545029887994, -1.62219817765968], [-53.6020389338733, -1.76474369162627], [-53.5830245556641, -2.16381019249713], [-53.6400676902917, -2.36330527816458], [-53.6780964467101, -2.56277170167191], [-53.7921827159654, -2.67673871702653], [-53.9062689852207, -2.67673871702653], [-53.9918336876113, -2.62925372222658], [-54.115427145522, -2.64824793866141], [-54.1439487132849, -2.71472538940695], [-54.2200062261218, -2.71472538940695], [-54.2960637389586, -2.66724186385099], [-54.4006428186601, -2.63875086716814], [-54.4862075210507, -2.66724186385099], [-54.5337434661246, -2.78119918220797], [-54.6288153571706, -2.80968680956481], [-54.7143800595613, -2.78119918220797], [-54.8474807070257, -2.74321461050141], [-55.0471316777733, -2.75271086764907], [-55.1707251365823, -2.78119918220797], [-55.3418545404652, -2.83817374089942], [-55.4844623765851, -2.93312506964118], [-55.4464336201667, -3.05654970624518], [-55.3703761073299, -3.18945265332], [-55.3323473509114, -3.32233842397266], [-55.3513617291206, -3.52163331526181], [-55.4084048637483, -3.64498512207281], [-55.4654479983759, -3.74934653820665], [-55.4844623765851, -3.88215209994427], [-55.4084048637483, -3.92957763335398], [-55.3418545404652, -3.92009274098961], [-55.2753042162838, -3.85369549980409], [-55.2182610816562, -3.77780659599228], [-55.1612179470285, -3.71139835517234], [-55.1135421899605, -3.6984230497675], [-55.0471316777733, -3.70191105446047], [-54.8760022738904, -3.70191105446047], [-54.7619160046351, -3.69242365120953], [-54.6379947119514, -3.67475718289957], [-54.5052218992599, -3.69242365120953], [-54.3721212517955, -3.76832001313417], [-54.3055709276141, -3.90112263462556], [-54.2485277929864, -3.98648471083324], [-54.2406239039754, -4.0035681912433], [-54.1914846583588, -4.10976979194433], [-54.1487046423341, -4.22070403310928], [-54.1439487132849, -4.23303581619835], [-54.1059199568665, -4.32784250973606], [-54.0013408762667, -4.3373225300105], [-53.9297259753793, -4.32633632687015], [-53.877747418356, -4.31836236985862], [-53.8016899055192, -4.31836236985862], [-53.7149368038729, -4.31836236985862], [-53.6780964467101, -4.31836236985862], [-53.5830245556641, -4.29940173591], [-53.5354886105902, -4.2140730757176], [-53.5392914864117, -4.18373172939892], [-53.5407666225162, -4.17196199400733], [-53.5449957992457, -4.13821751007435], [-53.6156573396816, -4.11258898083551], [-53.6728146744364, -4.0672719313856], [-53.7044518205903, -4.04218740086037], [-53.7351395813378, -4.00545286415943], [-53.7161252031286, -3.92957763335398], [-53.6590820685009, -3.82523794669891], [-53.5545029887994, -3.69242365120953], [-53.4118951517812, -3.59754408983829], [-53.3358376389444, -3.61652080074389], [-53.2978088825259, -3.74934653820665], [-53.2407657478983, -3.84420975391056], [-53.1647082350615, -3.98648471083324], [-53.0696363440154, -4.05287131882251], [-52.9840716425231, -4.08132105979848], [-52.9460428861047, -4.12873505026434], [-52.8224494272957, -4.19510987279869], [-52.7273775362496, -4.2425170119309], [-52.6751664664847, -4.25671724569767], [-52.6227984565481, -4.2709599015824], [-52.4706834308744, -4.28992124235497], [-52.3661043502746, -4.32784250973606], [-52.1569461899733, -4.37524142066664], [-52.0965475773666, -4.28824820249014], [-52.0238455425088, -4.25199809217511], [-51.9287736514628, -4.19510987279869], [-51.7956730039983, -4.16666420542024], [-51.6340507896692, -4.06235467767512], [-51.5960220332508, -4.00545286415943], [-51.5199645204139, -3.94854709336139], [-51.3868638729495, -3.94854709336139], [-51.2727776036942, -3.98648471083324], [-51.0541122538391, -3.97700046948172], [-50.9115044177192, -4.0718379241559], [-50.8354469048824, -4.12873505026434], [-50.863968471747, -4.26147905488112], [-50.9115044177192, -4.40367933003818], [-50.920279088651, -4.41367785315087], [-50.9780547410023, -4.47950842099579], [-51.1016481998113, -4.55532965059068], [-51.1144641199151, -4.56043980607968], [-51.2442560359312, -4.61219033438912], [-51.2826932122919, -4.63262348430445], [-51.3868638729495, -4.68799748913806], [-51.491442952651, -4.7732707009049], [-51.5960220332508, -4.85853331741057], [-51.7291226807152, -4.96272851775147], [-51.852716138626, -5.07637723551006], [-52.0048311642996, -5.161600659329], [-52.1284246231087, -5.24681263303718], [-52.3280755938562, -5.33201297151145], [-52.5562481323667, -5.40773668570983], [-52.6893487798312, -5.49291453442064], [-52.7558991040126, -5.56861796261593], [-52.7463919144588, -5.67269422862264], [-52.7558991040126, -5.79566921813623], [-52.8129422386402, -5.98480901312711], [-52.8794925619233, -6.16443124197693], [-52.9650572643139, -6.30619540327622], [-52.9175213183417, -6.44792081341], [-52.765406292668, -6.58016214404048], [-52.7844206708773, -6.67459872769707], [-52.8889997514771, -6.75957608885744], [-53.0125932093878, -6.87285597250994], [-53.0791435335692, -6.89173334098513], [-53.2122441810337, -6.92948582078626], [-53.2692873156613, -6.96723527759775], [-53.3236141101597, -6.98745695195464], [-53.3453448284981, -7.01441782338626], [-53.3738663953628, -7.03328950484293], [-53.5069670428272, -7.10876854209377], [-53.6371741978969, -7.09646301935768], [-53.7066180144731, -7.08989994009829], [-53.8302114723838, -7.05216041945767], [-53.9180809472646, -6.97366954180284], [-53.9252833634299, -6.96723527759775], [-53.9502397343241, -6.92594665480887], [-53.9918336876113, -6.90117174390351], [-54.0149571045588, -6.83557896921338], [-54.0108908283229, -6.77905242132031], [-54.0108480658205, -6.77845792517322], [-54.0393696326851, -6.66515588423194], [-54.0773983891035, -6.5518276550714], [-54.239020604331, -6.49515385658327], [-54.3626140622417, -6.46681456074549], [-54.5242362774692, -6.46681456074549], [-54.7048728700075, -6.39123535461356], [-54.7904375723981, -6.28729573534628], [-54.933045408518, -6.2400435652434], [-55.1422035688193, -6.29674565574667], [-55.2848114058376, -6.35344155504821], [-55.4084048637483, -6.39123535461356], [-55.5985486458404, -6.41957887231162], [-55.7601708610678, -6.41957887231162], [-55.781854487024, -6.41440740697359], [-55.9978505882338, -6.3628902653791], [-56.2260231267443, -6.27784564411487], [-56.3943160462187, -6.21993653203349], [-56.4550916116815, -6.25289066015404], [-56.5409061418409, -6.31381853136817], [-56.6328502805273, -6.33209549773477], [-56.7125352012612, -6.31381853136817], [-56.7983497305222, -6.25898376806915], [-56.8719050418307, -6.18586180397356], [-56.9577195710917, -6.14320264565871], [-57.043534101251, -6.09444513767574], [-57.1109598031341, -6.02739633646584], [-57.0925709748578, -5.88107940671748], [-57.0557933192035, -5.72252598520111], [-57.1109598031341, -5.60053182344467], [-57.2703296437035, -5.49681673395189], [-57.3867922200917, -5.37477587265976], [-57.4063707429943, -5.2034538607083], [-57.4664771399273, -5.23439867463607], [-57.5461620606612, -5.30153957870727], [-57.6319765899222, -5.36867318272984], [-57.662624636151, -5.47241054516381], [-57.6932726832781, -5.66153212267209], [-57.7484391663103, -5.82010260300484], [-57.8403833049967, -5.9847245975251], [-57.9752347087628, -6.08225506660265], [-58.159122987034, -6.17976784857453], [-58.3062336087527, -6.18586180397356], [-58.4962514964493, -6.09444513767574], [-58.7046582115238, -6.05177868192574], [-58.8640280520933, -6.07615992739651], [-58.9437129719289, -6.11882444766257], [-59.0724347671679, -6.16148556245749], [-59.1950269520831, -6.12491910180446], [-59.3850448388814, -6.06396944198596], [-59.7773398322272, -6.0700647191682], [-59.9121912359933, -6.12491910180446], [-60.089949904839, -6.22851752008561], [-60.1604110796441, -6.26224192488639], [-60.13545146673, -6.30772618693129], [-59.9206214048102, -6.34331321492946], [-59.9046013971072, -6.39426086157304], [-59.8418129011287, -6.49113507893297], [-59.8372821563651, -6.5181445531691], [-59.8372821563651, -6.67452099154298], [-59.8558019886542, -6.87681621717771], [-59.9959618985569, -6.92319780779275], [-60.040913030334, -6.99570520315851], [-60.1252564542312, -7.06546289957112], [-60.1389867784458, -7.06870718892988], [-60.2125420897543, -7.11736877935326], [-60.3106158378662, -7.14777965551345], [-60.4148191954034, -7.19643284442364], [-60.4699856784356, -7.27548313502491], [-60.4945041161373, -7.3970717320689], [-60.4957300380224, -7.42138545143576], [-60.5006337246644, -7.5186268391759], [-60.5496705991695, -7.5915436053256], [-60.623225910478, -7.63407268262823], [-60.7151700491644, -7.65837311407577], [-60.7375988456152, -7.66313638868476], [-60.8009845784254, -7.67659752826096], [-60.8306739659392, -7.73123729185879], [-60.8438918435051, -7.75556094013489], [-60.8500214529305, -7.81629194993949], [-60.8745398897339, -7.93165647284795], [-60.8745398897339, -8.059126968662], [-60.8867991085848, -8.1926244225893], [-60.923576764239, -8.25935640648805], [-61.0890762142339, -8.380658324308], [-61.1952164365418, -8.37139290739833], [-61.2484460548034, -8.39278644500301], [-61.3894270679949, -8.48979772814806], [-61.4752415972559, -8.6595083280747], [-61.6468706566763, -8.8109710285826], [-61.4813712066814, -8.83519933111846], [-61.3158717566864, -8.8533695123565], [-61.0461689491543, -8.7564515493703], [-60.8255030161272, -8.7927987601044], [-60.7396884859678, -8.89576310972182], [-60.555800208595, -8.89576310972182], [-60.3500950626513, -8.83131842246306], [-60.2496144377375, -8.84271211092877], [-60.0715610765628, -8.92604124622142], [-59.740562176573, -9.08949955248195], [-59.6731364746899, -9.08949955248195], [-59.3360079652747, -9.07134117771422], [-59.2050611993838, -9.07134117771422], [-59.078564375695, -9.07134117771422], [-58.6801397738221, -9.0471285811341], [-58.4043073568645, -9.0471285811341], [-58.244937516295, -9.10765700749315], [-57.944586662534, -9.30127877130423], [-57.7545687757357, -9.42223812137696], [-57.6578700411, -9.45403470305705], [-57.4603475305018, -9.5189751261988], [-57.3515884990535, -9.51551505966201], [-57.2703296437035, -9.51292986259154], [-57.2134305665081, -9.49609446320114], [-57.1477374587883, -9.47665603950262], [-57.0741821474798, -9.52502028285391], [-57.0006268361714, -9.67007178344444], [-56.8902938692087, -9.84525881447763], [-56.7247944192137, -9.93583644053395], [-56.4979988767612, -9.9720604816733], [-56.2221664598036, -9.95998624766772], [-55.8482602947341, -9.90564667424234], [-55.6888904541646, -9.90564667424234], [-55.5985830935366, -9.90564667424234], [-55.5233910041697, -9.90564667424234], [-55.3701507721273, -9.86337633562258], [-55.1923921041799, -9.82714029994096], [-55.1065775740206, -9.94791156681976], [-55.0085038259087, -10.0686382023995], [-54.9423721651588, -10.1396629135424], [-54.8736524221426, -10.2134505182629], [-54.7510602372274, -10.2798008555133], [-54.6223384428867, -10.3099554990146], [-54.4445797740409, -10.3702561187315], [-54.3403764165037, -10.4064309200019], [-54.1564881382325, -10.3883440427492], [-54.0277663438918, -10.3340771364871], [-53.9480814231579, -10.2617066875105], [-53.8384579725561, -10.1772754970705], [-53.8071004108647, -10.1531200122322], [-53.71515627128, -10.1229504881868], [-53.5741752589867, -10.1712203622734], [-53.4761015099766, -10.2194829407261], [-53.4086758080935, -10.2375795208672], [-53.2738244043274, -10.1712203622734], [-53.1512322194122, -10.0746733525126], [-53.0592880807257, -9.9720604816733], [-52.9673439420393, -9.89356998903687], [-52.8324925382732, -9.89960838716994], [-52.7650668363902, -9.96602342055831], [-52.7363726726167, -9.99710923974963], [-52.8386221468003, -10.1772535835283], [-52.7282891807359, -10.1289846203566], [-52.6915115250817, -10.0927781275833], [-52.6705195479953, -10.0759856447072], [-52.5934377769698, -10.0143167725378], [-52.562789730741, -9.92376086756049], [-52.562789730741, -9.74490077432459], [-52.5772797386319, -9.65349031870166], [-52.5580228566184, -9.63785590613232], [-52.45810528225, -9.55672252000362], [-52.4156575243027, -9.52224894159903], [-52.1874849857922, -9.48474211039903], [-52.0924130947462, -9.43785280374614], [-51.9593124472817, -9.37219706475481], [-51.807197421608, -9.37219706475481], [-51.7959584778158, -9.41100610658517], [-51.7691686651896, -9.50349603977928], [-51.8737477448911, -9.76594226961221], [-51.9402980690725, -9.87835624615303], [-51.9022693126541, -9.96264155489816], [-51.7596614756358, -9.97200524888153], [-51.7216327192174, -9.81278606510809], [-51.5505033153345, -9.64411762140426], [-51.445924235633, -9.51287261881327], [-51.350852344587, -9.40033676406187], [-51.2427285792497, -9.32647920230015], [-51.2272588857779, -9.31591082818461], [-51.1416941842857, -9.36281665712995], [-51.1505708256802, -9.41536299790693], [-51.1702157511503, -9.53162500612056], [-51.1908853318644, -9.57821433274964], [-51.1986549227405, -9.59572537282933], [-51.2367660753317, -9.6816068431008], [-51.3413451550332, -9.85025633464045], [-51.4078954792146, -10.0000947137835], [-51.4839529920514, -10.1405054901218], [-51.4078954792146, -10.2153661356596], [-51.2652876421964, -10.1498640298371], [-51.1892301293595, -10.1030685978292], [-51.1226798024832, -10.0843485151857], [-50.9515504021936, -10.0469050910018], [-50.8701577867995, -9.95873417934637], [-50.8564785111475, -9.94391336163089], [-50.7423922418922, -9.83152173069896], [-50.7256830664662, -9.83750850761301], [-50.6378131612924, -9.86898987498985], [-50.7138706741293, -10.0281817515643], [-50.7138706741293, -10.0937086926071], [-50.5617556484556, -9.99073182856651], [-50.5374746561447, -9.96681815809722], [-50.5237268920372, -9.95327759299032], [-50.5100962359033, -9.95519551627164], [-50.3240759212896, -9.98136867292861], [-50.2860471648712, -10.0656273464825], [-50.3525974881543, -10.2247224794132], [-50.4666837574095, -10.4211416771353], [-50.5807700266648, -10.5894025684029], [-50.7138706741293, -10.7669110927549], [-50.8089425651753, -10.9163109576263], [-50.8279569433845, -11.1216129561025], [-50.8332988156457, -11.142578408535], [-50.8564785111475, -11.2335351156966], [-51.0236501714505, -11.3409429320492], [-51.3033163986148, -11.4572488072323], [-51.5124745589161, -11.5969802418175], [-51.6931111523528, -11.680785602202], [-51.8452261780265, -11.7552579930111], [-51.9212836908633, -11.8297102459163], [-51.9593124472817, -11.8855361477601], [-51.8537403977129, -11.8679558404635], [-51.7881830433988, -11.8855361477601], [-51.6931111523528, -11.8855361477601], [-51.6931111523528, -11.987853870935], [-51.807197421608, -12.0436472114152], [-51.8546824106457, -12.0535984112338], [-51.9375145116039, -12.0709562515877], [-51.9402980690725, -12.0715395384515], [-51.9973412037001, -12.1180202958164], [-52.0340479975498, -12.1682599723358], [-52.044877148774, -12.1830797494312], [-52.0801895650633, -12.2521049938075], [-52.1019202834016, -12.2945730998598], [-52.1494562293738, -12.3503020766085], [-52.3966431460935, -12.3781621188305], [-52.6438300628133, -12.3410147369241], [-52.7274933254965, -12.3224390687786], [-52.9427994370247, -12.3224390687786], [-53.0432022642417, -12.3931453881312], [-53.1038827133873, -12.505727297591], [-53.1463590269808, -12.5827287919346], [-53.1949033857583, -12.6952278632215], [-53.3344684178051, -12.807677197114], [-53.4049945650598, -12.8151118368461], [-53.613563351483, -12.8698602869957], [-53.708635242529, -12.8976638076006], [-53.8132143222305, -12.9625266634257], [-53.8892718350674, -13.0458969247679], [-53.9426714963274, -13.0904826640193], [-53.9540694374333, -13.1441352701922], [-53.9587207720407, -13.1660267581195], [-53.9843437261134, -13.2865859113429], [-54.0318796720856, -13.4438307630525], [-54.1269515631317, -13.5270363732713], [-54.2600522105961, -13.5824906458827], [-54.4597031813437, -13.5362796498205], [-54.6783685311988, -13.5085487432515], [-54.9445698261277, -13.5824906458827], [-55.0491489058292, -13.6379319542755], [-55.2297854992659, -13.6471709080621], [-55.3423063238828, -13.6367569609618], [-55.4197273490653, -13.5727955706168], [-55.5817043089984, -13.4637644302367], [-55.7810605685524, -13.3668061285386], [-55.8807386978802, -13.391049371032], [-56.0676351914928, -13.5122288723477], [-56.2171523854845, -13.5485707424502], [-56.3915891122574, -13.5849070586477], [-56.5037270084249, -13.6696701203398], [-56.6532442024166, -13.6696701203398], [-56.9251664460803, -13.635204139275], [-56.9410795380948, -13.6286926381411], [-56.9696011049594, -13.4623234014003], [-56.9220651598856, -13.3420957960842], [-56.8555148357042, -13.1570135331333], [-56.9392214591678, -13.1114040401787], [-57.0931945637685, -13.2032972818364], [-57.2358023998884, -13.249572261486], [-57.3974246151158, -13.2865859113429], [-57.4044045769757, -13.2872886475276], [-57.4639749383989, -13.3143424441749], [-57.5221114350167, -13.3171021288551], [-57.5254278371793, -13.3183123352906], [-57.5369084421559, -13.3178045239221], [-57.79954269328, -13.3061873674487], [-57.8992208235061, -13.2455534336312], [-58.1110368490015, -13.2819356107801], [-58.3103931076571, -13.3061873674487], [-58.559588431875, -13.2091658176982], [-58.7464849245893, -13.0392854388122], [-59.0828986121936, -12.8692883299041], [-59.3196341704701, -12.8449935827301], [-59.3499339326767, -12.8707219692524], [-59.4224558939476, -12.888396310041], [-59.5935852978305, -12.9439961395734], [-59.7076715670857, -12.9625266634257], [-59.8978153491778, -12.9625266634257], [-60.0119016184331, -12.999583571127], [-60.1164806990329, -13.1292390855201], [-60.1735238336605, -13.2680797912022], [-60.4016963721711, -13.4993043902343], [-60.5823329647094, -13.6009725248968], [-60.7249408017276, -13.6102129232255], [-60.9706471412472, -13.7280753837585], [-60.9956869755129, -13.7254245760061], [-61.0196636635212, -13.7395405194686], [-61.2537849437595, -13.7307933568132], [-61.5000932560291, -13.5122288723477], [-61.8115874108523, -13.2819356107801], [-62.0109436704063, -13.2212956270459], [-62.2288779398421, -13.2502245049177], [-62.2393882807686, -13.2516195739415], [-62.285058526507, -13.2576814315908], [-62.4096561886159, -13.2698088238533], [-62.5716331494474, -13.5122288723477], [-62.6962308115563, -13.5970179271755], [-62.7605957259926, -13.6405346034209], [-62.8640583498146, -13.6564095010209], [-63.0256805650421, -13.6194529616311], [-63.1492740229528, -13.6102129232255], [-63.5200543984815, -13.5640073263994], [-63.7006909910199, -13.5824906458827], [-63.739122832286, -13.5970179271755], [-63.9048281330249, -13.5970179271755], [-64.1041843925789, -13.6575629734126], [-64.465517612066, -13.6333468167587], [-64.6421696355335, -13.599009388618], [-64.6524141056786, -13.5970179271755], [-64.6858793737413, -13.5526583079239], [-64.789471533729, -13.4152901708128], [-64.8517703643343, -13.3425604491751], [-64.9016094289982, -13.2212956270459], [-64.9360895148542, -13.208707994024], [-64.9762625121266, -13.1940412331268], [-65.0012875592243, -13.1849043929594], [-65.0756205941765, -13.2042032426872], [-65.0775061238219, -13.2046927567663], [-65.1881840519386, -13.2334248322365], [-65.4872184408204, -13.4152901708128], [-65.7099015462079, -13.4995114186148], [-65.7114942322572, -13.5001136832438], [-65.9108504918111, -13.5364574015877], [-65.960689556475, -13.609128176564], [-66.1226665173065, -13.7180924784115], [-66.3095630100208, -13.6938825453597], [-66.5213790355161, -13.6575629734126], [-66.7830341256754, -13.6696701203398], [-67.0696087486158, -13.7301965084151], [-67.2440454753887, -13.7301965084151], [-67.381102903439, -13.7180924784115], [-67.4816033433914, -13.6143339155189], [-67.6905788752971, -13.6278737791922], [-67.7922751884884, -13.6817766442006], [-67.9168728505973, -13.6817766442006], [-68.0314773741097, -13.6499594804187], [-68.1785279407566, -13.609128176564], [-68.2532865382016, -13.5001136832438], [-68.4152634990331, -13.3425604491751], [-68.5647806930248, -13.2455534336312], [-68.5960728537703, -13.2361810389906], [-68.7267576538563, -13.1970354064563], [-68.7890564844616, -13.0635612444722], [-68.7890564844616, -12.9787636725179], [-68.7890564844616, -12.8692883299041], [-68.7890564844616, -12.699175908293], [-68.7392174197977, -12.5167862539226], [-68.6519990564113, -12.3220951608856], [-68.6395392904699, -12.1516217495581], [-68.6769185891924, -12.0054146464022], [-68.7890564844616, -11.7859554323002], [-68.8015162513013, -11.5907331188633], [-68.8015162513013, -11.4930706288318], [-68.6395392904699, -11.3465134941587], [-68.4526427968573, -11.1876583605339], [-68.492137904755, -11.077861311824], [-68.4754857022809, -10.9797933969165], [-68.465102563697, -10.9797933969165], [-68.2906658369242, -10.8696877984247], [-68.2408267713619, -10.6860883379797], [-68.1536084079755, -10.5881230891022], [-68.0414705127063, -10.4533697863035], [-67.9690761283754, -10.3038870595911], [-67.9381624062997, -10.1274299484585], [-68.07418278505, -10.2552190301892], [-68.2159072394791, -10.4411165738952], [-68.3280451347483, -10.5758752252618], [-68.4775623296384, -10.7105747242958], [-68.6021599917473, -10.8574513262444], [-68.7765967185202, -10.9920248261575], [-68.9884127440156, -11.1143111390757], [-69.0507115746209, -11.1876583605339], [-69.1379299380073, -11.3098624143855], [-69.2874471328974, -11.4075881661496], [-69.4868033924514, -11.432014361912], [-69.7235389498295, -11.4930706288318], [-69.9353549753249, -11.5907331188633], [-70.0350331046527, -11.7005626080288], [-70.0821318082368, -11.7900752057336], [-70.4041972421021, -11.8951452846006], [-70.5085042203074, -11.9688504312971], [-70.7203202458028, -11.956661258926], [-70.8573776747514, -11.9932271246831], [-70.8324581419703, -12.0785281772224], [-70.8449179079117, -12.1638020628575], [-71.2187108942385, -12.1759818189309], [-71.5177452831203, -12.1638020628575], [-71.6672624780104, -12.1759818189309], [-71.8292394379436, -12.297748562397], [-71.9413773341111, -12.3220951608856], [-72.0285956974975, -12.2855744162083], [-72.1158140608839, -12.1638020628575], [-72.1531933596065, -12.029788033745], [-72.2279519570515, -11.9444715382701], [-72.265331255774, -11.8713217096625], [-72.265331255774, -11.7493617484328], [-72.3650093851018, -11.5907331188633], [-72.5643656446558, -11.4442266700314], [-72.7512621373701, -11.273206645035], [-72.8384805007565, -11.1998810952316], [-72.9755379288068, -11.1387622689589], [-73.1375148896383, -11.0409454679435], [-73.1748941883608, -10.9186286612396], [-73.1748941883608, -10.7595415542369], [-73.1998137202436, -10.6615999776932], [-73.2496527858059, -10.5758752252618], [-73.3742504470165, -10.4288628794631], [-73.486388343184, -10.2817810740683], [-73.5611469406291, -10.1591605182172], [-73.5611469406291, -10.0978325649053], [-73.4365492785201, -9.95059790229754], [-73.1499746555797, -9.77874026340131], [-73.000457461588, -9.70505969101797], [-72.9132390982015, -9.61907854642585], [-72.8260207348151, -9.496210443078], [-72.7151582612981, -9.42662131033581], [-72.6889633058664, -9.41017650448961], [-72.4771472812694, -9.2503425160143], [-72.3650093851018, -9.01660864407466], [-72.2902507876568, -8.80734989005972], [-72.2154921902118, -8.63493006621037], [-72.1982633474787, -8.51065025563097], [-72.3525496191604, -8.59797265408412], [-72.4771472812694, -8.70883401794525], [-72.5352928571598, -8.75809521558782], [-72.5673537512096, -8.75809521558782], [-72.6515840080422, -8.75809521558782], [-72.6913973198749, -8.75809521558782], [-72.7637219033115, -8.75809521558782], [-72.8883195654204, -8.84428659179382], [-72.90487120599, -8.87699481584645], [-72.9630781628655, -8.99199620508893], [-73.0502965262519, -9.09043587606562], [-73.2122734870833, -9.12734379333336], [-73.3742504470165, -9.17654840561353], [-73.4739285772426, -9.20114815492045], [-73.5008732216946, -9.20874748698406], [-73.7423037125141, -9.34304703724503], [-73.7854227320658, -9.38559143707101], [-73.9224801601162, -9.39788418947483], [-74.0470778222251, -9.37329824960112], [-74.1342961856115, -9.27493711986059], [-74.2339743158377, -9.20114815492045], [-74.3461122111069, -9.13964558412025], [-74.371031743888, -9.02891423430749], [-74.371031743888, -8.935479294601], [-74.371031743888, -8.85659800405463], [-74.371031743888, -8.69651770353852], [-74.4707098732159, -8.53636896232901], [-74.5579282366023, -8.38847966665747], [-74.7199051974337, -8.17887366598702], [-74.8071235608202, -8.0061740421311], [-74.8071235608202, -7.82105748988795], [-74.8195833267616, -7.62350929158912], [-74.7199051974337, -7.45057972025902], [-74.6451465999887, -7.33937455474868], [-74.5579282366023, -7.16633362306906], [-74.5953075353248, -7.06742347730384], [-74.5953075353248, -6.9066494612083], [-74.5080891719384, -6.73344711362737], [-74.3087329123844, -6.51066773389702], [-74.1965950171152, -6.37447588086281], [-74.1965950171152, -6.25063369323705], [-74.1093766537287, -6.12676218004574], [-73.9598594588387, -6.08959509303671], [-73.8352617967297, -6.10198440921533], [-73.7480434333433, -6.064815605589], [-73.5860664725119, -6.00286191346708], [-73.2994918504698, -6.00286191346708], [-73.1001355909158, -5.91611492541983], [-72.9879976947483, -5.84174952353612], [-72.9755379288068, -5.71778529920761], [-72.950618396924, -5.53178877846099], [-72.9132390982015, -5.34573376363998], [-72.7761816692529, -5.17203135577559], [-72.6266644752611, -4.91138884089962], [-72.5145265790936, -4.68789964338756], [-72.3650093851018, -4.52644611168077], [-72.2528714889343, -4.4022265063223], [-72.06597499622, -4.30283586424006], [-71.9538371000525, -4.27798616446122], [-71.8915382694472, -4.43949459176635], [-71.791860139221, -4.53886690909365], [-71.6548027111707, -4.5637078629888], [-71.580044114624, -4.61338718634094], [-71.4928257503392, -4.70031761684188], [-71.38068785507, -4.70031761684188], [-71.23117066018, -4.70031761684188], [-71.0941132321296, -4.81206935239891], [-70.9321362712981, -4.92380274263333], [-70.9944351028018, -4.74998729291393], [-71.181331595516, -4.51402510020372], [-71.2934694916836, -4.42707210435419], [-71.5177452831203, -4.29041111497193], [-71.6423429452293, -4.22828435176024], [-71.701585607525, -4.18889574376554], [-71.7171015426743, -4.04187446613862], [-71.7295613086157, -3.96729840077451], [-71.7713139025854, -3.93889845303241], [-71.7544808413968, -3.89271560191848], [-71.8043199060608, -3.74353030959974], [-71.791860139221, -3.66892806876275], [-71.6423429452293, -3.63162460409507], [-71.455446452515, -3.69379618042353], [-71.1564120636332, -3.63162460409507], [-70.9196765053567, -3.6191897719331], [-70.8199983760289, -3.6191897719331], [-70.7327800126425, -3.63162460409507], [-70.6331018824163, -3.63162460409507], [-70.5334237530885, -3.63162460409507], [-70.4711249224832, -3.63162460409507], [-70.4586651556435, -3.46995864644345], [-70.5957225845922, -3.38289620592337], [-70.6455616492561, -3.29582594464118], [-70.7327800126425, -3.20874806298997], [-70.8075386091892, -3.15898592936238], [-70.9321362712981, -3.09677991156965], [-71.0816534661882, -2.9972427141031], [-71.1688718295746, -2.93502734780586], [-71.2436304270197, -2.89769646174469], [-71.2436304270197, -2.84792003273256], [-71.2187108942385, -2.73591526100834], [-71.2062511282972, -2.68613197813428], [-71.2062511282972, -2.56166497356729], [-71.305929257625, -2.48697892603545], [-71.4928257503392, -2.47453083720481], [-71.7544808413968, -2.46208263060019], [-72.0410554634389, -2.39983986854794], [-72.1781128923876, -2.30024558484752], [-72.3027105535982, -2.12593903461055], [-72.3525496191604, -1.97651768923345], [-72.5127142495675, -1.87361283649895], [-72.7512621373701, -1.86444279873462], [-72.9755379288068, -1.82708289569548], [-73.1375148896383, -1.73990679125746], [-73.1499746555797, -1.56554269795281], [-73.1518093441733, -1.55545565399771], [-73.1748941883608, -1.42853208341938], [-73.2870320836301, -1.2043156294527], [-73.3991699797976, -0.95516474933931], [-73.4988481091254, -0.793206695301702], [-73.6483653040155, -0.743372112826022], [-73.7854227320658, -0.618783278110573], [-73.8601813295109, -0.531569317863363], [-73.8851008613937, -0.41943530220486], [-73.7355836674019, -0.157783758031523], [-73.5611469406291, 0.103871075800653], [-73.5985262393516, 0.216008516264051], [-73.6483653040155, 0.315685560950006], [-73.760503200183, 0.490117907554345], [-73.7978824980072, 0.589791598059342], [-73.7978824980072, 0.677004623581759], [-73.7729629661244, 0.851425766701544], [-73.7231239014605, 1.11304218150833], [-73.7231239014605, 1.29989715959678], [-73.6608250699569, 1.42445958584119], [-73.5985262393516, 1.59883553824998], [-73.4739285772426, 1.7607428366565], [-73.3867102138562, 1.84791794731391], [-73.3119516164112, 1.99735092757829], [-73.1998137202436, 2.19657358462834], [-73.1499746555797, 2.5451478623411], [-73.1375148896383, 2.69450874017358], [-73.1873539543022, 2.79407254318823], [-73.2496527858059, 2.95584558058562], [-73.2994918504698, 3.10515363825851], [-73.2745723176887, 3.20468068062294], [-73.1001355909158, 3.31663701956459], [-72.8509402666979, 3.52807517392592], [-72.7761816692529, 3.68973087384575], [-72.7637219033115, 3.83892544742484], [-72.726342604589, 3.96323439173127], [-72.60174494248, 3.95080432867977], [-72.4771472812694, 3.95080432867977], [-72.4148484497657, 4.05023957114782], [-72.3400898523207, 4.22422166807339], [-72.4522277484883, 4.2863487600997], [-72.3774691510432, 4.435433042376], [-72.3525496191604, 4.55964700645606], [-72.4023886838244, 4.68383949867345], [-72.4273082157072, 4.75834444651843], [-72.2902507876568, 4.84525668498202], [-72.2528714889343, 4.8949158168853], [-72.2379026529459, 4.9909157150966], [-72.2465381371108, 5.07939507024938], [-72.2773791522425, 5.12117277876312], [-72.3600330741607, 5.12485891702549], [-72.4896070472108, 5.11833576556561], [-72.7761816692529, 5.05628234989634], [-73.1624344224194, 5.0314593139231], [-73.3119516164112, 5.0314593139231], [-73.4365492785201, 4.93215774929635], [-73.6234457712344, 4.90733002518727], [-73.7978824980072, 4.88250137822475], [-73.9100203941748, 4.8080099393429], [-74.0346180562837, 4.63416511570037], [-74.1342961856115, 4.58448724156399], [-74.1697725857627, 4.57269951202572], [-74.2464340817791, 4.5472265669813], [-74.3834915098294, 4.53480591247197], [-74.5579282366023, 4.53480591247197], [-74.6326868340473, 4.69625754435184], [-74.4831696391573, 4.84525668498202], [-74.3211926792241, 4.94457126305162], [-74.3107875831197, 4.97774282644585], [-74.3265761659408, 5.02307789195301], [-74.296273146443, 5.05628234989634], [-74.2464340817791, 5.27964629812866], [-74.171675484334, 5.44091487379027], [-74.0595375890648, 5.5401356706535], [-73.8851008613937, 5.63933980410338], [-73.7106641346208, 5.68893552999064], [-73.4988481091254, 5.77571773945962], [-73.3368711491923, 5.85009191617987], [-73.1998137202436, 5.98641879738294], [-73.1250551236969, 6.06076463017088], [-72.9755379288068, 6.17226413805665], [-72.801101202034, 6.20942544782981], [-72.7014230727062, 6.28374018450068], [-72.5519058778161, 6.37042729000568], [-72.4023886838244, 6.37042729000568], [-72.2030324242704, 6.4075744364383], [-72.06597499622, 6.53137863866995], [-71.791860139221, 6.77889461228876], [-71.7171015426743, 6.92734351026649], [-71.7046417758346, 7.21173914916185], [-71.5551245818429, 7.50830938662294], [-71.4305269197339, 7.71825810055733], [-71.3931476210114, 7.87873694668635], [-71.3931476210114, 8.24883339276301], [-71.38068785507, 8.37212267652214], [-71.1937913614574, 8.52001824647444], [-71.0567339334071, 8.70480720437277], [-70.7950788432478, 9.1479250260792], [-70.7950788432478, 9.35698509239017], [-70.9196765053567, 9.55363280382673], [-70.9570904718627, 9.64322326477197], [-71.0068948687432, 9.76244655322229], [-71.0442741674657, 9.98340077924199], [-71.0442741674657, 10.2164675651058], [-70.9819753368604, 10.4003472391208], [-70.9445960381379, 10.5106232004575], [-70.8822972066342, 10.5963661985185], [-70.7452397785839, 10.6208597986092], [-70.6081823505335, 10.6575965156584], [-70.5209639871471, 10.6575965156584], [-70.3589870263157, 10.7065719078304], [-70.2336840950805, 10.7255130996001], [-70.1269238807163, 10.6805547139401], [-70.0101135727699, 10.5963661985185], [-69.8730561447196, 10.4861208196156], [-69.6487803523845, 10.3513231684488], [-69.4618838596703, 10.2900323074255], [-69.2500678341749, 10.2900323074255], [-68.9884127440156, 10.4003472391208], [-68.8015162513013, 10.4003472391208], [-68.5523209270834, 10.4003472391208], [-68.4277232649745, 10.4003472391208], [-68.265746304143, 10.4493636121092], [-68.1162291101513, 10.5351236382752], [-67.9667119152612, 10.5841186640052], [-67.8421142531523, 10.5473731264254], [-67.7050568251019, 10.5106232004575], [-67.4060224362201, 10.4738689015816], [-67.1692868779437, 10.4738689015816], [-66.9325513205655, 10.4738689015816], [-66.770574359734, 10.5106232004575], [-66.6708962304062, 10.5841186640052], [-66.6210571657423, 10.6943288005831], [-66.5712181001801, 10.8412133270768], [-66.5338388023558, 11.0002568652015], [-66.5089192695747, 11.0980872549291], [-66.4466204380711, 11.1836619857711], [-66.1475860491893, 11.2447713382157], [-66.010528621139, 11.2447713382157], [-65.9357700245922, 11.2936494948636], [-65.8360918943661, 11.3425193258116], [-65.6367356357104, 11.3425193258116], [-65.4124598433754, 11.3058677342484], [-65.275402415325, 11.3180854536243], [-65.2131035847197, 11.3913807969308], [-65.1632645191575, 11.6355615635825], [-65.1258852213333, 11.8429470475049], [-65.0511266238882, 11.9648652024889], [-65.0262070911071, 12.1719996697952], [-65.1383449872747, 12.3546314307189], [-65.1009656885522, 12.5614599618044], [-65.0386668579468, 12.7195109310305], [-65.0386668579468, 12.8531695954785], [-65.1009656885522, 13.0110381093952], [-65.3127817140475, 13.1930691992526], [-65.4996782067618, 13.3022229381057], [-65.7114942322572, 13.3264726643962], [-65.960689556475, 13.2900971650811], [-66.1102067513651, 13.2900971650811], [-66.2098848806929, 13.2294592155594], [-66.3095630100208, 13.1202729224245], [-66.4341606721297, 13.0474550815696], [-66.7207352950701, 13.0231776948794], [-66.895172021843, 12.9988979295478], [-67.0197696839519, 12.9017551538802], [-67.1568271120022, 12.7924244306529], [-67.4434017349427, 12.7802736406231], [-67.6053786957741, 12.7316646385619], [-67.7299763569847, 12.8288732892106], [-67.8205271350037, 12.9572628298446], [-67.818664230327, 12.9622385141124], [-67.8670337859334, 12.9988979295478], [-67.8794935518748, 13.1566737632891], [-67.8171947212695, 13.3992072395626], [-67.7175165910433, 13.4840364461996], [-67.6020226590429, 13.540185005279], [-67.5929189289344, 13.5446103144164], [-67.4807810336652, 13.5688355472612], [-67.3312638387751, 13.6657117179935], [-67.2191259435059, 13.7504457201155], [-67.0571489826744, 13.8351490686418], [-66.895172021843, 13.8351490686418], [-66.8328731912377, 13.8593443711318], [-66.7456548269529, 13.9561003329545], [-66.6459766976251, 14.0649022610851], [-66.5587583342386, 14.1736524524929], [-66.5712181001801, 14.2702755579869], [-66.6708962304062, 14.3427157156354], [-66.7082755291287, 14.4513320236049], [-66.7581145937926, 14.5478353377198], [-66.8328731912377, 14.6563511570157], [-66.9200915546241, 14.776861263466], [-67.0322294498933, 14.92138514112], [-67.1319075792211, 15.0297143881983], [-67.1692868779437, 15.1500157351197], [-67.2565052413301, 15.2822682509315], [-67.5430798642705, 15.3063052265046], [-67.6389242202226, 15.3100029779121], [-67.779815422547, 15.4264486299828], [-67.8670337859334, 15.5825311139298], [-67.9417923824801, 15.7504874038536], [-68.0788498114288, 15.8224262754314], [-68.3280451347483, 15.9782059092762], [-68.589700225806, 16.2415563648457], [-68.7890564844616, 16.4089599894679], [-68.9510334452931, 16.4926079160956], [-69.2524509280797, 16.4926079160956], [-69.2874471328974, 16.4926079160956], [-69.5366424571153, 16.5045546740279], [-69.700731241297, 16.571969129269], [-69.7858377813332, 16.6597951842741], [-69.8730561447196, 16.7194696417131], [-69.8949320703337, 16.7110890107724], [-69.9976538068285, 16.6717315665433], [-70.2468491301481, 16.5642773801137], [-70.6081823505335, 16.4687121897174], [-70.8324581419703, 16.4089599894679], [-71.106572998071, 16.4089599894679], [-71.2560901929611, 16.3850539669922], [-71.4429866856753, 16.2894005806176], [-71.7669406073382, 16.3013598126721], [-71.9787566328336, 16.1218949610354], [-72.190572658329, 16.0740101344058], [-72.5145265790936, 16.0979539918432], [-72.5892851765386, 16.1817347283087], [-72.7388023714287, 16.2176298899837], [-72.9007793313618, 16.2056655615086], [-73.1001355909158, 16.0979539918432], [-73.2247332530247, 16.0859824233761], [-73.3991699797976, 16.0740101344058], [-73.685744602738, 16.0500633942835], [-73.7978824980072, 16.0740101344058], [-73.9972387575612, 16.0740101344058], [-74.096916886889, 16.1218949610354], [-74.171675484334, 16.1578009934652], [-74.3336524451655, 16.2176298899837], [-74.5080891719384, 16.3611450104609], [-74.6326868340473, 16.4448135159901], [-74.7448247302149, 16.5403905159438], [-74.7822040280391, 16.6478580586762], [-74.8569626254841, 16.8268365926822], [-74.9192614569877, 16.969897869493], [-74.9192614569877, 17.1366649717677], [-74.7697442620976, 17.2913862718591], [-74.420870808552, 17.6241894376863], [-74.2838133805016, 17.8615312782154], [-74.096916886889, 18.0274825238484], [-74.0221582903423, 18.1459235165922], [-73.9598594588387, 18.2642843205504], [-73.8352617967297, 18.4416741871514], [-73.7231239014605, 18.5598325520333], [-73.5736067065704, 18.6188811034564], [-73.3991699797976, 18.6779091588675], [-73.2745723176887, 18.7605138994022], [-73.1624344224194, 18.7841078346855], [-73.0627562921933, 18.654300399167], [-72.9132390982015, 18.4534936897913], [-72.8112955560677, 18.3782648057576], [-72.7886414360926, 18.3352621250145], [-72.6391242412025, 18.2997768576211], [-72.5630540899679, 18.3178316744411], [-72.4896070472108, 18.2879468185053], [-72.4273082157072, 18.1814401982162], [-72.2777910217154, 18.0985567170372], [-72.1282738268253, 18.01563403184], [-72.0161359315561, 18.01563403184], [-71.8915382694472, 18.01563403184], [-71.791860139221, 17.9682320974839], [-71.6423429452293, 18.01563403184], [-71.5925038805654, 18.1459235165922], [-71.6049636465068, 18.2406185961669], [-71.6921820098932, 18.3234345104719], [-71.8666187366661, 18.4180327429609], [-71.9413773341111, 18.524393606807], [-71.9413773341111, 18.6070730304954], [-71.91645780133, 18.6661051902346], [-71.7295613086157, 18.6897123054731], [-71.5177452831203, 18.7251168095409], [-71.3931476210114, 18.7959035631023], [-71.2685499589025, 18.8430782086432], [-71.0318144015243, 18.9491726677549], [-70.8947569725756, 19.0316439940952], [-70.8075386091892, 19.0905270349185], [-70.69540071392, 19.1846963303425], [-70.5458835190299, 19.3258492909312], [-70.4835846884246, 19.4551324821031], [-70.421285856921, 19.5725733229898], [-70.2842284288706, 19.6195257362634], [-70.2717686629292, 19.6195257362634], [-70.0973319361564, 19.6195257362634], [-70.0603595338334, 19.6195257362634], [-69.9851940399888, 19.6195257362634], [-69.8356768459971, 19.5960512422751], [-69.6986194179467, 19.5960512422751], [-69.6238608205017, 19.5490919835432], [-69.5762225411473, 19.5715365103985], [-69.4992631583928, 19.6077889175407], [-69.4120447950063, 19.6899286388266], [-69.3123666647802, 19.7368467216677], [-69.2002287695109, 19.7016594497204], [-69.1130104061245, 19.5843127100505], [-68.9136541465706, 19.5138635666766], [-68.8264357831841, 19.4903736889468], [-68.7267576538563, 19.4903736889468], [-68.6644588223527, 19.502119053721], [-68.6573389559721, 19.5071525212124], [-68.6146197576888, 19.502119053721], [-68.4526427968573, 19.6077889175407], [-68.3654244334709, 19.7133894014823], [-68.2283670054205, 19.7954749442367], [-68.0663900445891, 19.7954749442367], [-67.9293326165387, 19.8423619831327], [-67.8171947212695, 19.8892351802934], [-67.6676775263794, 19.9478071700449], [-67.5306200983291, 19.9595189635503], [-67.4309419681029, 19.900951313404], [-67.3188040728337, 19.8658003132133], [-67.1817466447834, 19.900951313404], [-67.0820685145572, 20.0063574371414], [-67.0197696839519, 20.0765890075961], [-66.8204134243979, 20.1116930048852], [-66.6459766976251, 20.1233925878528], [-66.4964595036333, 20.1701821634003], [-66.2472641794155, 20.2286493973679], [-66.1102067513651, 20.2286493973679], [-65.90490656146, 20.2000985552108], [-65.7963885399175, 20.1736924879233], [-65.8586124258753, 20.2536797713905], [-66.0917987108198, 20.3264083834856], [-66.3843216074658, 20.3571998799535], [-66.6085761959669, 20.5028103560457], [-66.7331950610115, 20.5089852749624], [-66.8204134243979, 20.3922405680805], [-66.895172021843, 20.3805612225457], [-67.0073099180105, 20.3688809933113], [-67.1443673460609, 20.3805612225457], [-67.2565052413301, 20.4389490939127], [-67.3520301150447, 20.4389490939127], [-67.5555396302119, 20.3571998799535], [-67.7548958897659, 20.2169577072352], [-67.9417923824801, 20.2052651384353], [-68.1037693433116, 20.1467891274823], [-68.2906658369242, 20.0765890075961], [-68.4070330023476, 20.0280936969847], [-68.5708600390152, 19.9699355587788], [-68.683718664315, 19.9836217589621], [-68.6946404668792, 20.0657139737829], [-68.6363908544008, 20.1409274526733], [-68.6146197576888, 20.2031914722953], [-68.7019216688882, 20.1819377376556], [-68.8015162513013, 20.0999925462018], [-68.8762748478481, 20.0414771478722], [-69.000872509957, 20.0063574371414], [-69.1005506401831, 19.9946491244884], [-69.2002287695109, 19.9712298868463], [-69.3123666647802, 19.9946491244884], [-69.4245045609477, 20.0648859268321], [-69.5491022230567, 20.0648859268321], [-69.7235389498295, 20.0648859268321], [-69.810757313216, 20.2052651384353], [-69.8232170791574, 20.2987810642892], [-69.8605963778799, 20.3805612225457], [-69.8956943115136, 20.4003004442401], [-69.9720578246722, 20.3970470460597], [-70.084872170215, 20.3922405680805], [-70.1596307667617, 20.4389490939127], [-70.1596307667617, 20.3104665919803], [-70.2094698314256, 20.1818773656751], [-70.3292702365924, 20.1545987450701], [-70.6206421164749, 20.1467891274823], [-70.770159311365, 20.1116930048852], [-70.9321362712981, 19.9712298868463], [-71.0068948687432, 19.9360945084434], [-71.1688718295746, 19.8775181803696], [-71.305929257625, 19.8540815809406], [-71.4679062184564, 19.8071979999188], [-71.5426648159015, 19.7603005976479], [-71.6423429452293, 19.7603005976479], [-71.7669406073382, 19.8423619831327], [-71.8666187366661, 19.8540815809406], [-72.0535152302786, 19.900951313404], [-72.1656531255479, 19.9712298868463], [-72.190572658329, 20.1116930048852], [-72.3525496191604, 20.2052651384353], [-72.5394461118747, 20.3805612225457], [-72.7512621373701, 20.5673243128248], [-72.8634000335376, 20.5906536917183], [-72.9879976947483, 20.7305549207161], [-73.1125953568572, 20.9168888390732], [-73.1375148896383, 21.0448593254089], [-73.1499746555797, 21.2075718657], [-73.2496527858059, 21.323685518972], [-73.3119516164112, 21.4744959913673], [-73.3617906810751, 21.6483141737473], [-73.4365492785201, 21.8103559036378], [-73.4988481091254, 21.9375459482151], [-73.5736067065704, 22.006874482103], [-73.6483653040155, 22.1223466893241], [-73.6732848358983, 22.2607885291247], [-73.6732848358983, 22.4336483893011], [-73.6234457712344, 22.5947902679379], [-73.5860664725119, 22.6867868290043], [-73.5362274078479, 22.8591139049364], [-73.5237676419065, 22.9624054822545], [-73.6483653040155, 22.8591139049364], [-73.8477215635695, 22.8131813024251], [-74.0346180562837, 22.7212696408889], [-74.1342961856115, 22.6292961975899], [-74.2713536136619, 22.5142428105452], [-74.3959512757708, 22.4566801508561], [-74.5330087047195, 22.4106128039192], [-74.5953075353248, 22.3414831415343], [-74.6949856646526, 22.2377243707844], [-74.7223971509814, 22.2146564149722], [-75.0827042725301, 22.2146564149722], [-75.0936981837606, 22.2723191844135], [-74.9940200535344, 22.4106128039192], [-74.8195833267616, 22.6292961975899], [-74.8071235608202, 22.7787216824063], [-74.8320430936013, 22.8935531729198], [-74.981560287593, 22.9509325287072], [-75.1435372484245, 23.1000049023585], [-75.2805946764748, 23.2374635154732], [-75.3678130398613, 23.4319542594194], [-75.3179739751974, 23.6604009744818], [-75.2432153777523, 23.8086778863663], [-75.3428935079785, 23.9681715563492], [-75.3428935079785, 24.0819749701217], [-75.2805946764748, 24.1956774456682], [-75.2058360790298, 24.320633157831], [-75.180916547147, 24.4227781517613], [-75.1684567803073, 24.5701749857883], [-75.1697085341467, 24.5820139009301], [-75.106157949702, 24.6607947100933], [-74.9441809888705, 24.9435567173453], [-74.7946637948788, 25.203125969048], [-74.6949856646526, 25.3946267876364], [-74.6576063659301, 25.5296212834819], [-74.6825258987112, 25.6869230418566], [-74.5454684706609, 25.8215880456765], [-74.3461122111069, 25.9336920464495], [-74.296273146443, 26.06807615338], [-74.1342961856115, 26.2134851164187], [-74.0221582903423, 26.2134851164187], [-73.8851008613937, 26.124024107217], [-73.760503200183, 26.1128366576706], [-73.6483653040155, 26.2358396369385], [-73.5237676419065, 26.2470152865541], [-73.4240895125787, 26.124024107217], [-73.2371930189661, 26.0121014606472], [-73.0627562921933, 25.8776533457212], [-72.9256988641429, 25.8103717966188], [-72.7761816692529, 25.8215880456765], [-72.6142047093197, 25.8440173547593], [-72.4646875144297, 25.8215880456765], [-72.3899289169846, 25.7991544863369], [-72.265331255774, 25.8776533457212], [-72.190572658329, 25.978503826928], [-72.1531933596065, 26.079267884397], [-72.1781128923876, 26.146395793258], [-72.3151703204379, 26.146395793258], [-72.4273082157072, 26.079267884397], [-72.5020668131522, 26.1799452824163], [-72.4896070472108, 26.2693633596643], [-72.3151703204379, 26.3810391539485], [-72.2154921902118, 26.4256792892839], [-72.0908945281028, 26.5037579397534], [-72.0908945281028, 26.6374836382913], [-72.1407335936651, 26.7599281788633], [-72.2528714889343, 26.8600120558596], [-72.4023886838244, 26.92668550784], [-72.5269863459333, 27.037720376363], [-72.4771472812694, 27.1708173770551], [-72.3899289169846, 27.2262277080276], [-72.2902507876568, 27.2262277080276], [-72.2030324242704, 27.1042886573949], [-72.0410554634389, 27.048817834905], [-71.8666187366661, 27.048817834905], [-71.7544808413968, 27.0821036233523], [-71.7046417758346, 27.1929848135554], [-71.7295613086157, 27.3258968349353], [-71.8666187366661, 27.4697052754892], [-72.0410554634389, 27.5139163528441], [-72.2154921902118, 27.5801996589771], [-72.3400898523207, 27.6243662947001], [-72.4023886838244, 27.72367607784], [-72.4023886838244, 27.833914271726], [-72.3650093851018, 27.9220242916287], [-72.2528714889343, 27.9880597278717], [-72.1033542949425, 27.9880597278717], [-71.9538371000525, 28.0320609001125], [-71.8915382694472, 28.1749404083914], [-71.8292394379436, 28.2737453812892], [-71.7420210745571, 28.3505304045864], [-71.6174234124482, 28.4053428856236], [-71.5052855171789, 28.4820327323681], [-71.4429866856753, 28.5914930932371], [-71.455446452515, 28.8646452675285], [-71.4305269197339, 29.0499800639406], [-71.4056073869528, 29.1914824616483], [-71.38068785507, 29.3762297785548], [-71.38068785507, 29.538964182681], [-71.5426648159015, 29.6581365988388], [-71.6921820098932, 29.8312265400159], [-71.8292394379436, 29.8960581532245], [-72.0036761647164, 29.9068593264283], [-72.1781128923876, 29.9068593264283], [-72.3774691510432, 29.9176593277925], [-72.5020668131522, 29.9716417604989], [-72.5269863459333, 30.0687362451918], [-72.4646875144297, 30.1765073831154], [-72.3525496191604, 30.2626395310386], [-72.1282738268253, 30.2841607791209], [-72.0036761647164, 30.3056773074803], [-71.9289175681697, 30.3701985526995], [-71.8416992047833, 30.5313153975636], [-71.7046417758346, 30.6171353559702], [-71.6174234124482, 30.638578474962], [-71.4679062184564, 30.5205825642725], [-71.305929257625, 30.3594479653195], [-71.0318144015243, 30.2411135660113], [-70.9196765053567, 30.1980474900403], [-70.7203202458028, 29.9392558170897], [-70.5583432858696, 29.9068593264283], [-70.3465272603742, 29.8960581532245], [-70.2094698314256, 29.8096066449421], [-70.1471710008203, 29.679789175099], [-70.1222514680392, 29.4847483924265], [-70.0474928714925, 29.3436515972584], [-70.0101135727699, 29.1914824616483], [-69.9727342740474, 29.0717623299768], [-69.7609182485521, 29.0172980385444], [-69.3372861975613, 29.028193196459], [-69.1628494707885, 29.093539993962], [-68.9634932112345, 29.2458545779604], [-68.8388955491255, 29.354512148823], [-68.6769185891924, 29.3653715426773], [-68.5523209270834, 29.4305035805354], [-68.4028037321934, 29.5172813512272], [-68.265746304143, 29.6039847746397], [-68.1411486420341, 29.7447189189829], [-68.1286888760927, 29.8960581532245], [-68.190987706698, 30.0040171513022], [-68.3031256028655, 30.0795186499438], [-68.3981076354337, 30.1299410909165], [-68.4152634990331, 30.1528312295307], [-68.4152634990331, 30.2949196330031], [-68.4401830309159, 30.4561606839337], [-68.4900220955798, 30.5635067811269], [-68.4900220955798, 30.670734241111], [-68.4691486988059, 30.7514910991504], [-68.4452186998361, 30.7671373201455], [-68.3627744051794, 30.7671373201455], [-68.3405049015881, 30.730986367042], [-68.3405049015881, 30.6278575089958], [-68.3031256028655, 30.445419558121], [-68.190987706698, 30.273400745308], [-68.0414705127063, 30.1549625665074], [-67.8421142531523, 29.9824347308911], [-67.6427579935983, 29.9176593277925], [-67.4683212668255, 29.9716417604989], [-67.2938845400526, 30.0471679112677], [-67.1692868779437, 30.0795186499438], [-66.9823903852294, 30.0148066023664], [-66.8827122559016, 29.9824347308911], [-66.695815762289, 29.9716417604989], [-66.5213790355161, 30.0363819818261], [-66.3843216074658, 30.1334130430106], [-66.2721837112983, 30.1657355637841], [-66.1351262832479, 30.1226365165188], [-66.0479079198615, 30.1549625665074], [-65.9357700245922, 30.2411135660113], [-65.8111723624833, 30.2626395310386], [-65.6990344663158, 30.273400745308], [-65.5245977395429, 30.3056773074803], [-65.35016101277, 30.445419558121], [-65.1383449872747, 30.7778428214082], [-65.1383449872747, 30.9703379161228], [-65.2629426493836, 31.0237400913806], [-65.3626207787114, 31.1197885944665], [-65.3875403114926, 31.2050835251332], [-65.3377012468286, 31.3435238372484], [-65.2629426493836, 31.4498779821558], [-65.2255633506611, 31.5348744743163], [-65.20064381788, 31.6728288501382], [-65.1134254544935, 31.7788083846217], [-65.0511266238882, 31.8740862565188], [-64.9265289617793, 31.9798351233964], [-64.9140691958379, 32.0432260300004], [-65.0885059226108, 32.2225952142681], [-65.1383449872747, 32.3174124361572], [-65.2255633506611, 32.4226486012376], [-65.4124598433754, 32.4752207118189], [-65.4932449865333, 32.5628023869647], [-65.4951800897076, 32.5801970640947], [-65.4620904827237, 32.6568413559982], [-65.4234516390733, 32.6893661533604], [-65.2504828825439, 32.7166568085731], [-65.1508047532161, 32.7690567535591], [-65.0137473251657, 32.7900081012818], [-64.9389887277207, 32.8214258701557], [-64.8517703643343, 32.8946907911294], [-64.8223192010507, 32.9688475045664], [-64.7876834362576, 32.9987553425493], [-64.7022531703425, 33.0305935328729], [-64.5651957413939, 33.0932473229859], [-64.4156785474021, 33.1975711302485], [-64.2910808852932, 33.2809408031413], [-64.1291039244617, 33.3538240134669], [-63.9048281330249, 33.3538240134669], [-63.7926902368574, 33.3746365918549], [-63.7391385519052, 33.3945101225693], [-63.6708983682153, 33.4980370325093], [-63.5434949135378, 33.5089329971476], [-63.4021479599372, 33.5210198509001], [-63.3911523419077, 33.5445067465658], [-63.4959660885109, 33.6754439381156], [-63.5474361874053, 33.7152082344232], [-63.6024466070215, 33.7576873290291], [-63.6404753634399, 33.8145788902166], [-63.6906724786097, 33.884060499718], [-63.6732640743295, 33.9310162108419], [-63.5948408553785, 33.9787197747581], [-63.4731488344802, 34.0228575385415], [-63.3666683168679, 34.0858716848957], [-63.2677935500004, 34.1236576811336], [-63.2297647935819, 34.1677200096909], [-63.1993417888065, 34.2117593504145], [-63.1156785243267, 34.2620618570058], [-63.0921153155723, 34.2651366925379], [-63.0555352668226, 34.2844824686976], [-63.045104265102, 34.3060262681195], [-63.045104265102, 34.3574717616643], [-63.2070812259335, 34.336897349941], [-63.4687363160928, 34.2751438330238], [-63.6182535100845, 34.192735204918], [-63.7677707049746, 34.1411888726079], [-63.7938241712574, 34.136649100656], [-64.0785708789015, 34.1244576029099], [-64.1298990511675, 34.1222597881849], [-64.2528821945725, 34.1858675058925], [-64.2703872791368, 34.1949173591445], [-64.285934558303, 34.1956317795515], [-64.3968266852076, 34.2007272634155], [-64.4284365360515, 34.202179677114], [-64.6040468219116, 34.1803908467337], [-64.7181935073613, 34.1949173591445], [-64.9177429810581, 34.2710614487503], [-64.9717962502307, 34.2734123996217], [-65.095755621601, 34.2312226918785], [-65.3416100214457, 34.2529983818228], [-65.4381956788484, 34.3037864126652], [-65.5523423642981, 34.383534147773], [-65.6577085352751, 34.4704451313052], [-65.8684408781275, 34.564496664791], [-66.0264901350422, 34.6078692398264], [-66.1055147634996, 34.6728856392321], [-66.1055147634996, 34.7883444095076], [-66.0440511639875, 34.8748325756853], [-65.9123434495925, 34.9612298461497], [-65.8684408781275, 35.0403474098787], [-65.7191721356855, 35.1552908503106], [-65.6050254502358, 35.1768246992241], [-65.6008147473601, 35.1776441562558], [-65.5571246867486, 35.224501241617], [-65.4734614222688, 35.2741910198607], [-65.4430384174934, 35.317644586141], [-65.4202211634626, 35.3672772290173], [-65.4202211634626, 35.4416690018585], [-65.4116682299807, 35.4834669137548], [-65.3579594395668, 35.512162329893], [-65.2528946354012, 35.503609681347], [-65.1616256201767, 35.423077495217], [-65.0931738580846, 35.3796806248284], [-64.9410588324109, 35.317644586141], [-64.8573955688293, 35.2990244857606], [-64.7509150503188, 35.2928168330479], [-64.7096269149954, 35.2928168330479], [-64.5607712682267, 35.2928168330479], [-64.4542907506144, 35.2866087049582], [-64.3325987297162, 35.2990244857606], [-64.3021757249407, 35.3300556049336], [-64.2865791570115, 35.3491396752108], [-64.3138277446433, 35.3844306245059], [-64.4847137553898, 35.4540609545571], [-64.6064057762881, 35.4602562157194], [-64.624371559151, 35.4682377044228], [-64.6900690398696, 35.4974177605125], [-64.7234890139774, 35.511020905968], [-64.7965495583802, 35.5407511789476], [-64.8954243252478, 35.5840611984349], [-64.9866933404723, 35.627347805415], [-65.0650371860815, 35.627347805415], [-65.0941226577893, 35.6377771257255], [-65.131202614503, 35.6829675939422], [-65.2605003861459, 35.7200259292144], [-65.3974039094319, 35.7385486367662], [-65.5114901786872, 35.7385486367662], [-65.5571246867486, 35.7508947149658], [-65.5896745284177, 35.7690538537173], [-65.5638762384728, 35.7937880692372], [-65.5670164953812, 35.8024478992766], [-65.6407879503302, 35.8187639086823], [-65.6729661293218, 35.8155022929007], [-65.6804270446932, 35.8147460275722], [-65.8841719921267, 35.8064283660012], [-65.9678352557082, 35.7879214588869], [-66.0667100225758, 35.75706703562], [-66.3253055658617, 35.7323748792897], [-66.4698148407907, 35.7508947149658], [-66.576295358403, 35.6829675939422], [-66.6067183640767, 35.602615468356], [-66.577346787934, 35.5428900262451], [-66.5610838560152, 35.5098011241182], [-66.5610838560152, 35.4354723096619], [-66.6599586228828, 35.4044816967616], [-66.7548618624208, 35.409816277048], [-66.8805254097503, 35.4168793723083], [-67.0174289330363, 35.3920821141724], [-67.161938207067, 35.317644586141], [-67.161821195213, 35.3167852912683], [-67.1847554610977, 35.3114383619769], [-67.2131111944693, 35.2790374046082], [-67.2089961513916, 35.2548467538107], [-67.177149710353, 35.224501241617], [-67.171368191812, 35.2207902969642], [-67.1662039398386, 35.1811233048932], [-67.2206400772735, 35.0475361216556], [-67.2544386014419, 34.9367810250491], [-67.2645426487385, 34.918042578738], [-67.4225919056532, 34.7811329624846], [-67.4923791400776, 34.7582022394069], [-67.5325970737754, 34.7765566765662], [-67.5422257712512, 34.7884190909535], [-67.5798693148044, 34.8270541703313], [-67.6413972848947, 34.8382771961472], [-67.8692730766292, 34.7634299707078], [-67.9170541530795, 34.6848870733873], [-67.9182673045145, 34.6654322219702], [-67.89209033066, 34.6008163610198], [-67.8801017373733, 34.5514609585159], [-67.8959697591134, 34.5151497789673], [-68.0108863627453, 34.383534147773], [-68.0986915056753, 34.2747684376541], [-68.1425940771403, 34.1731266524181], [-68.1864966486053, 34.1367963037439], [-68.230399219172, 34.0859075657205], [-68.318204362102, 34.0422642887], [-68.43235104845, 34.0277115360515], [-68.5904003053648, 33.9985985418659], [-68.615442534539, 33.9985985418659], [-68.6361163409281, 34.050001911472], [-68.6374539566407, 34.0732726026697], [-68.6038405563876, 34.1660307764012], [-68.6185330220856, 34.1991790278031], [-68.6678769614161, 34.1991790278031], [-68.7363287235082, 34.1173611873946], [-68.7554658214667, 34.0766111532034], [-68.7895689823143, 34.0039441625759], [-68.8199919870898, 33.9282485433654], [-68.946605117455, 33.8714326381016], [-68.9833700565581, 33.8392944112204], [-69.0414008196703, 33.75892248145], [-69.0727321280975, 33.7068100147984], [-69.1353947449518, 33.6155370834888], [-69.2137230164689, 33.6155370834888], [-69.3077169426488, 33.6285820004803], [-69.33164595976, 33.6267706746584], [-69.4800391394474, 33.6155370834888], [-69.5583674109645, 33.5111066849759], [-69.7620209161903, 33.4065500974946], [-69.8403491877074, 33.4327010644502], [-69.8716804961345, 33.5502828827545], [-69.7620209161903, 33.7198410980774], [-69.7151641971842, 33.7636752388532], [-69.6486948866684, 33.8258183819346], [-69.6522715729895, 33.8525556617599], [-69.7150239531003, 33.9150698163776], [-69.9448534359491, 33.8912255346777], [-69.9826984186199, 33.9007554054355], [-70.0304046474407, 33.9403426145136], [-70.1533318464648, 33.9913187334761], [-70.2323564758204, 34.0713623040441], [-70.3201616178521, 34.1077207731016], [-70.3640641893171, 34.1949173591445], [-70.3728447037898, 34.2820238708622], [-70.4694303611925, 34.3762874878818], [-70.6801627040449, 34.4342432032006], [-70.751588694618, 34.4614282045973], [-70.7519984090325, 34.4742640922793], [-70.7233939627014, 34.4833331951439], [-70.7206721446456, 34.4908114267206], [-70.7802884441158, 34.6012958355296], [-71.0309389124316, 34.678628396866], [-71.2189267638929, 34.704389888636], [-71.3129206900727, 34.7944919376746], [-71.4382459237814, 34.8202173216354], [-71.5949024668156, 34.8073556334064], [-71.8198592432215, 34.8725204063867], [-71.8612185888957, 34.8844956363264], [-71.9054199130748, 34.9279944850979], [-71.9989863570621, 35.0199978574105], [-72.0148008742455, 35.0403474098787], [-72.0060203597728, 35.1337513009455], [-72.0235813887182, 35.3274018765151], [-72.0457287879061, 35.3936284623978], [-72.0690458995952, 35.4069842786377], [-72.2167527026252, 35.4133203183199], [-72.4099240165322, 35.3990069300041], [-72.655778416377, 35.3918492827627], [-72.8757911295638, 35.3852061720406], [-72.9108174261468, 35.4096791542688], [-73.0518083145183, 35.4224461194475], [-73.2241305113169, 35.3458139913235], [-73.4803515261342, 35.3458139913235], [-73.5687749058124, 35.3458139913235], [-73.7097657941838, 35.3713661220687], [-73.7880940657009, 35.4607348768605], [-73.7254314479483, 35.5245089882935], [-73.6631267585307, 35.6330948242193], [-73.7182206442132, 35.727570971974], [-73.8938309300732, 35.8344198510986], [-74.1045632729256, 35.9269059830385], [-74.2701822814983, 35.9210747817542], [-74.3520576191867, 35.8680131823633], [-74.3990545822766, 35.8807071243321], [-74.4773828537937, 35.893399032263], [-74.6218459373508, 35.9678381847846], [-74.6338446824985, 35.9740177630332], [-74.6497050505923, 35.9821854076696], [-74.8063615936265, 36.0455431605568], [-74.8690242104809, 36.121505212615], [-74.8690242104809, 36.2732089773423], [-74.8063615936265, 36.3615670102033], [-74.6810363590195, 36.4120123306504], [-74.6143934445835, 36.4298876653663], [-74.4930485075581, 36.4624249132161], [-74.4303858907038, 36.5883130258737], [-74.4460515453665, 36.7265531676488], [-74.5400454706481, 36.8896075959194], [-74.621125599884, 36.9166225485506], [-74.7280333221094, 36.952228331436], [-74.8063615936265, 37.0273053089583], [-74.6810363590195, 37.1148014168618], [-74.61125012442, 37.1407667302317], [-74.4460515453665, 37.2021965350702], [-74.2423980392424, 37.2396206492405], [-74.1954010761525, 37.3642335280227], [-74.205320576252, 37.3931357932983], [-74.0518801869879, 37.4337602615487], [-73.9552945304836, 37.4686132688809], [-73.9817538376454, 37.4942760181381], [-74.1954010761525, 37.6128392433817], [-74.2893950023323, 37.6996556487641], [-74.2110667308153, 37.7739888870396], [-74.1762625076519, 37.8473135829134], [-74.1640697677253, 37.8729837273041], [-74.2128407283299, 37.9114721773669], [-74.2423980392424, 37.9347880489763], [-74.2540098404714, 37.9836163763963], [-74.28895407236, 38.1303630516346], [-74.2893950023323, 38.1322128357747], [-74.3207263107595, 38.2184187622358], [-74.3990545822766, 38.3536790812247], [-74.4303858907038, 38.4273511580861], [-74.4460515453665, 38.5622216058185], [-74.3332738421042, 38.6263271354775], [-74.2737293476696, 38.6601505477636], [-74.226732385478, 38.7090648795813], [-74.1954010761525, 38.8434068135447], [-74.0074132255895, 38.9653161523415], [-73.9447506078368, 39.0261922982237], [-73.8507566825553, 39.1113308971685], [-73.6471031773295, 39.1720812896324], [-73.5374435973852, 39.2206438500306], [-73.4121183627782, 39.3782402617741], [-73.5061122880598, 39.4266600653239], [-73.6329060543572, 39.5094833756768], [-73.5734350385197, 39.5477087177534], [-73.4375923088032, 39.6523772405059], [-73.2397961659796, 39.6320690281913], [-72.9578143883384, 39.5717177142553], [-72.7854921915398, 39.5717177142553], [-72.5975043400784, 39.6923677385536], [-72.6445013031684, 39.7526138237752], [-72.6288356485056, 39.8368698956165], [-72.3155225633355, 39.9450474240296], [-72.2841912549084, 40.0890184523801], [-72.5191760685613, 40.0770324696725], [-72.8051001962517, 40.0517835642477], [-72.8951517714841, 40.1010023255357], [-73.0641861271563, 40.1656196539969], [-73.0831396229454, 40.172861238864], [-73.2084648575524, 40.2446441461417], [-73.3337900912611, 40.2685548857132], [-73.5687749058124, 40.2924571753358], [-73.6203388256534, 40.2924571753358], [-73.8350910278925, 40.2924571753358], [-73.9604162624995, 40.2446441461417], [-73.8507566825553, 40.1608900310221], [-73.976081916264, 40.0770324696725], [-74.1170728055337, 40.1010023255357], [-74.1841729678393, 40.0810394446234], [-74.3990545822766, 40.0170709058546], [-74.4289127973683, 39.9369894786324], [-74.461717199131, 39.848898051131], [-74.6027080875024, 39.8368698956165], [-74.8063615936265, 39.9330361298138], [-74.9943494450879, 39.9690636864852], [-75.1980029503137, 40.0650443761914], [-75.4016564555394, 40.1129840882993], [-75.6836382331806, 40.1129840882993], [-75.7306351953722, 40.2207249577998], [-75.5740519090512, 40.2730127557392], [-75.4799847270565, 40.3044051513923], [-75.2293342587408, 40.3282947638957], [-75.2449999134036, 40.435693399629], [-75.4016564555394, 40.5310150709774], [-75.6366412700907, 40.5071973435928], [-75.8365835483152, 40.4480520167189], [-75.9186230468336, 40.4237686737021], [-76.059613935205, 40.4476160110503], [-76.1211811832329, 40.502255193695], [-76.2476017866664, 40.6143104653832], [-76.7645683779606, 40.6143104653832], [-76.9660116592782, 40.6041151965739], [-76.9995531925118, 40.6024174716918], [-77.1248784262205, 40.6856239725195], [-77.0533486748423, 40.7630658675761], [-77.0968355050955, 40.8420691529584], [-76.9838875378491, 40.9701154598927], [-76.8428966494777, 40.9937679754394], [-76.7958996863877, 41.0292308426924], [-76.7019057611062, 41.0882931989187], [-76.5922461811619, 41.1944717630134], [-76.3415957128462, 41.2533855631625], [-76.0909452436322, 41.2298264124539], [-75.8872917384064, 41.2416070497589], [-75.7306351953722, 41.2887083642193], [-75.3389938386851, 41.4180617537642], [-75.3389938386851, 41.5002436871966], [-75.4173221102022, 41.5940383549591], [-75.5113160354837, 41.5237051101043], [-75.6053099616636, 41.5471580301573], [-75.746300850035, 41.5471580301573], [-75.8402947753165, 41.4415529322667], [-75.9357753099853, 41.4415529322667], [-75.9656200099235, 41.4415529322667], [-76.0752795898678, 41.5119754618745], [-76.1222765529577, 41.5823214629299], [-76.059613935205, 41.6057531198047], [-76.0126169730135, 41.6408846555783], [-76.0126169730135, 41.6524197966658], [-76.0126169730135, 41.687696925414], [-75.9996178127614, 41.7103438312341], [-75.9342887014964, 41.7695364918771], [-75.8402947753165, 41.8862692679043], [-75.8402947753165, 41.9911467401415], [-75.8716260837437, 42.0609692173142], [-76.0126169730135, 42.0493374629643], [-76.1849391698121, 42.0725988406277], [-76.3259300581835, 42.1190960297486], [-76.4042583297006, 42.1190960297486], [-76.4109721827256, 42.1190960297486], [-76.6235774895891, 42.0609692173142], [-76.7413507546892, 42.1277988856041], [-76.9525562294219, 42.1190960297486], [-77.1875410430749, 42.0609692173142], [-77.3285319323446, 42.1074749287979], [-77.3285319323446, 42.2815676742259], [-77.3285319323446, 42.4551807229162], [-77.3508899577206, 42.5046487984964], [-77.391194549199, 42.593725598968], [-77.5008541291432, 42.6974325924733], [-77.7671702512234, 42.7319631681588], [-77.7968964346295, 42.7343892264874], [-77.9081611404931, 42.7434690898615], [-78.0178207204374, 42.789471428081], [-77.9238267942576, 42.8584108753935], [-77.9080838611242, 42.8872545090383], [-77.8924954858304, 42.9158016854244], [-77.9377017750807, 42.9378691043306], [-77.9864894111119, 42.9616758862043], [-78.1588116088089, 42.9158016854244], [-78.1744772625733, 42.984600169572], [-78.2684711887531, 43.0304231004967], [-78.3624651140346, 43.1105309686041], [-78.2058085710004, 43.2476151166061], [-78.1314395576228, 43.2679256112868], [-78.0804833372918, 43.2818380609779], [-78.0804833372918, 43.3730051797703], [-78.135257345478, 43.4304886584104], [-78.0840334765997, 43.5543590691442], [-77.9081611404931, 43.4754046163826], [-77.7828359058861, 43.4754046163826], [-77.7201732890318, 43.5435746724472], [-77.5635167459976, 43.6230090859834], [-77.4068602029634, 43.6230090859834], [-77.1405440808833, 43.6343483033289], [-76.9838875378491, 43.6343483033289], [-76.9212249209947, 43.5322183436648], [-76.9212249209947, 43.4640354546923], [-76.9838875378491, 43.3730051797703], [-76.8428966494777, 43.3388335451201], [-76.7175714148706, 43.2932414338294], [-76.6862401064435, 43.3388335451201], [-76.6079118349264, 43.4299151391412], [-76.6079118349264, 43.4981365232722], [-76.4825866012177, 43.6003242345139], [-76.545249218072, 43.6683531187222], [-76.7332370695334, 43.7928727087378], [-76.729949858126, 43.8165966112929], [-76.7175714148706, 43.9058476651641], [-76.5909422873068, 43.9449350224477], [-76.5999643982853, 43.9795701745048], [-76.3259300581835, 44.074908828842], [-76.3259300581835, 44.1439057306871], [-76.2549858727248, 44.2354708741464], [-76.2549858727248, 44.3951566151232], [-76.380524035902, 44.5742836291442], [-76.6079118349264, 44.587780202869], [-76.6316003622562, 44.5891860523704], [-76.8129332641241, 44.5643465583888], [-76.9733431390952, 44.5146357397767], [-77.1477016989637, 44.4997142181576], [-77.4475984220092, 44.5742836291442], [-77.5173418464955, 44.7033110529079], [-77.5891067884933, 44.8154189372368], [-77.6219569818776, 44.8666634216991], [-77.8172385695411, 44.8765487089949], [-77.8247172580804, 44.8693215093446], [-77.9706741016144, 44.7280911240961], [-78.1171352916883, 44.7082679158011], [-78.3542629331453, 44.7776194320699], [-78.577441889705, 44.7776194320699], [-78.9470820372368, 44.8023676686973], [-79.2469787602824, 44.9901074755233], [-79.2539821466116, 45.0495126261646], [-79.2679017871791, 45.1674008387676], [-79.1842096786938, 45.3196293128459], [-79.177235335796, 45.4763405379536], [-79.2957991569737, 45.5984687833512], [-79.4910807437388, 45.6131063480233], [-79.6026702220187, 45.5642996118505], [-79.7909774667844, 45.5056755075191], [-79.9583616846533, 45.5545331718041], [-80.0141564233441, 45.7008515310956], [-80.2791814345956, 45.7349375266307], [-80.4465656515662, 45.7008515310956], [-80.6418472392297, 45.6764916610621], [-80.9208209344801, 45.6959804060463], [-81.1300512070409, 45.7835957379273], [-81.3462558207028, 45.8516459481656], [-81.5694347772625, 45.9050556306391], [-81.7437933371309, 46.0359344817764], [-81.764716364926, 46.1230152459988], [-81.834459788514, 46.2726655407785], [-81.9530236096916, 46.3208528928146], [-82.3505611261197, 46.3449306682884], [-82.4970223161936, 46.402674079945], [-82.5876887675767, 46.6042952823898], [-82.5249196859882, 46.7382940659869], [-82.3226637563252, 46.8910287910158], [-82.3156894134274, 46.9910252382537], [-82.4203045497078, 47.1050782315027], [-82.5485896289714, 47.2587019519131], [-82.5336376139367, 47.2977174575113], [-82.3854328379138, 47.3749769659001], [-82.0297413752791, 47.4646377395234], [-81.9460492667938, 47.5682647497546], [-82.0157926912802, 47.6341026679048], [-82.2738433596339, 47.7045513610419], [-82.364509811017, 47.8217545680731], [-82.378458495016, 47.9293483413859], [-82.3017407294285, 48.0040644332849], [-82.1056427528348, 48.0492876337928], [-82.0994847997655, 48.0507071097722], [-82.1204078266623, 48.185732217205], [-81.9530236096916, 48.3111263225721], [-81.7507676800287, 48.3111263225721], [-81.5386397406021, 48.3111263225721], [-81.4927170107766, 48.3111263225721], [-81.4090249022913, 48.3667583618573], [-81.3671788484978, 48.5009518740242], [-81.4733230215964, 48.5290768418684], [-81.4901711214811, 48.8405231570376], [-81.4470256420527, 48.996460497344], [-81.4685983817669, 49.1942224425213], [-81.4799953014883, 49.1979462281046], [-81.4470256420527, 49.2505811804071], [-81.2528709837266, 49.4613542374791], [-81.2528709837266, 49.5873847004257], [-81.4901711214811, 49.7827866808556], [-81.6196075606646, 50.0744181903874], [-81.5980348209504, 50.2540682939684], [-81.7490439989497, 50.4330435617489], [-81.96477139699, 50.5291356200009], [-82.374653452458, 50.6113447888734], [-82.6982445499676, 50.7207339486769], [-82.8708264676811, 50.870728118788], [-83.1296993451498, 51.0066689348995], [-83.2591357843333, 51.1151355646878], [-83.6474451000871, 51.2368569007366], [-84.0357544158409, 51.3178259976869], [-84.2946272933096, 51.3178259976869], [-84.4672092119214, 51.3986524318156], [-84.7509055159105, 51.6413770335174], [-84.8123730482469, 51.6937969354649], [-84.831788514349, 51.7419111298928], [-84.8737974111439, 51.8458398023489], [-84.898664008002, 51.9072461589622], [-84.531927431064, 52.1064378501816], [-84.4553720835748, 52.1064378501816], [-84.2514818138812, 52.1064378501816], [-83.9926089364125, 52.0401391187953], [-83.6690178398013, 51.960450642652], [-83.2375630446191, 51.9338562865179], [-82.7198172896818, 51.8006478619441], [-82.4393716724989, 51.6670447040554], [-82.2883624936012, 51.6402766656461], [-82.2020715347444, 51.6402766656461], [-82.072635095561, 51.6937969354649], [-82.1373533156019, 51.960450642652], [-82.3962261930705, 52.119685783747], [-82.4393716724989, 52.2519486912329], [-82.5688081107841, 52.5021653946328], [-82.7198172896818, 52.5939933500644], [-83.0865538657214, 52.698704431305], [-83.453290441761, 52.8162048779919], [-83.4964359220877, 52.9723794163809], [-83.3238540034758, 53.2443323126983], [-83.5180086618019, 53.450381580628], [-83.7768815392705, 53.5402151986795], [-84.122045375596, 53.4375326675539], [-84.1867635947386, 53.2959380076779], [-84.4672092119214, 53.2314211548401], [-84.7045093496759, 53.179737570844], [-84.8685921627559, 53.1141301724426], [-84.898664008002, 53.1020952803219], [-85.4164097620409, 53.1538724000652], [-85.6968553792238, 53.2701429468145], [-85.733139412426, 53.3351916187249], [-85.9436776643798, 53.5442094070743], [-86.0525556965522, 53.8343393960557], [-85.9988737370192, 53.8976492865984], [-86.0420192164476, 54.0372397034927], [-86.0769083690328, 54.1293379012228], [-86.0851646958759, 54.1511025371709], [-86.0542034699896, 54.2356340942277], [-86.0259874803402, 54.3125200051504], [-85.6579686023516, 54.4499110845039], [-85.5533234533576, 54.4586019048222], [-85.5056725365038, 54.5508279745706], [-85.6327416472157, 54.6887770732397], [-85.8551125916352, 54.7163107908009], [-85.9497189604296, 54.7014043157422], [-86.0298326192009, 54.6887770732397], [-86.2363199246691, 54.6428460022904], [-86.553992701898, 54.6428460022904], [-86.7445963684149, 54.6704108772818], [-87.0463855066925, 54.7254845438916], [-87.4434764777794, 54.8262588632221], [-87.6023128663938, 54.8262588632221], [-88.1264729490909, 54.8262588632221], [-88.4441457263198, 54.8262588632221], [-88.6029821149342, 54.780483474342], [-88.9683058090169, 54.6887770732397], [-89.3177458641483, 54.8262588632221], [-89.5242331696165, 54.9632741396878], [-89.762487752089, 55.0179498054459], [-89.9530914186059, 54.9632741396878], [-90.1595787240742, 54.8993916818584], [-90.5249024181569, 54.9450323614783], [-90.7155060846738, 55.0816439743279], [-90.9537606671463, 55.254017906064], [-91.0172952229514, 55.2268505027665], [-91.3508516391315, 55.254017906064], [-91.5573389445997, 55.3444419163009], [-91.7002916942629, 55.4796918213835], [-91.8273608049748, 55.5965341887472], [-92.033848110443, 55.6682647195048], [-92.2085681380087, 55.7130296434379], [-92.3674045266231, 55.8826693398196], [-92.4468227204812, 56.0426997226768], [-92.6691936649007, 56.1578660554083], [-92.8121464145639, 56.2638679141063], [-92.9392155252757, 56.413536027465], [-93.225121024602, 56.5013020680595], [-93.3998410521677, 56.7023953061827], [-93.5586774407821, 56.8503422907791], [-93.7175138302949, 56.9890542763797], [-93.7492811072991, 57.1531059783457], [-93.8128156631042, 57.1961570136663], [-93.9875356906699, 57.2735225768909], [-94.0510702455767, 57.4106609523007], [-94.0034193296212, 57.5728484438969], [-93.8445829410068, 57.7088692681155], [-93.6222119965872, 57.7258360542206], [-93.6222119965872, 57.8866242381944], [-93.5904447186847, 58.0635048702049], [-93.5586774407821, 58.1809408429075], [-93.5110265248266, 58.3063360598468], [-93.5269101637779, 58.3980110177983], [-93.5904447186847, 58.6137527038286], [-93.7333974683478, 58.7376167424785], [-93.9240011348648, 58.8281709903806], [-94.0034193296212, 58.9102882629896], [-94.0510702455767, 59.0902612759779], [-94.1146048013818, 59.1228826350012], [-94.1940229961382, 59.2368131405325], [-94.2575575510449, 59.2611774412856], [-94.4481612175619, 59.3017459252747], [-94.5752303282738, 59.3503643217734], [-94.6228812451276, 59.3989131972882], [-94.702299439884, 59.479673672779], [-94.7499503558395, 59.5441433408417], [-94.8293685505958, 59.5924147772369], [-94.8611358284984, 59.6084898757808], [-94.9564376613077, 59.6165245425822], [-95.162924966776, 59.6406170167226], [-95.3376449943416, 59.7288082839354], [-95.3535286332929, 59.8007922256631], [-95.3058777164391, 59.89652965262], [-95.2105758836298, 59.9602017198306], [-94.9405540223565, 59.999934735002], [-94.7499503558395, 60.1109337112852], [-94.7658339947907, 60.229447435537], [-94.9405540223565, 60.3003506409188], [-95.0835067720196, 60.3003506409188], [-95.2741104385366, 60.3632468429874], [-95.3535286332929, 60.4103394983136], [-95.3535286332929, 60.4886760322702], [-95.3535286332929, 60.5668238036266], [-95.3852959102972, 60.6292063197281], [-95.5282486608586, 60.7225542984663], [-95.6553177715705, 60.7303210802817], [-95.8776887150917, 60.7303210802817], [-96.0524087426574, 60.7768823436177], [-96.1794778542676, 60.7768823436177], [-96.4971506314964, 60.869802315998], [-96.5606851864032, 60.9547420876043], [-96.5606851864032, 61.0625202412554], [-96.5924524643058, 61.1929024881519], [-96.7036379369647, 61.2922439329346], [-96.989543436291, 61.3684470557869], [-97.1483798249054, 61.3988764325868], [-97.4819362410855, 61.4975675134068], [-97.4819362410855, 61.6110541051068], [-97.910794490075, 61.7466910970638], [-98.0537472397381, 61.8142863954899], [-98.1966999902996, 61.9116619638279], [-98.5937909613865, 61.9938152148092], [-98.6832723345855, 62.0897039587105], [-98.7049764331471, 62.1129166571776], [-99.0109097630367, 62.2246969273662], [-99.1582450048988, 62.2985468616793], [-99.3092541828982, 62.4286338802163], [-99.589699800081, 62.528317480333], [-99.8269999378355, 62.5978981463706], [-99.9348636373048, 62.7662032836376], [-99.6544180201219, 62.8844316082576], [-99.5034088412243, 62.9139144925178], [-99.3308269226124, 63.0413314913779], [-99.3308269226124, 63.1487125583369], [-99.4602633617959, 63.2459879982601], [-99.6328452804078, 63.3041964907851], [-100.129018294733, 63.3912892292674], [-100.819345968282, 63.4781184997631], [-101.099791585465, 63.59348205462], [-101.441184872742, 63.7093508685632], [-101.6959884745, 63.9341704161039], [-101.682255559544, 64.0125064940238], [-101.44495542179, 64.1068730128575], [-101.164509804607, 64.2571960703004], [-100.689909529098, 64.3227064014966], [-100.366318432487, 64.3320523259072], [-100.021154596162, 64.3600710758469], [-99.6544180201219, 64.3787343983955], [-99.4602633617959, 64.4811564101243], [-99.3523996632249, 64.6756292325101], [-99.4386906220817, 64.8045078981402], [-99.956436377019, 64.9236317872395], [-100.258454733916, 64.9784342056102], [-100.517327611385, 65.0695226135698], [-100.625191309956, 65.1693612971238], [-100.776200488853, 65.2326999124627], [-101.121364325179, 65.3229210880101], [-101.509673640933, 65.4218085038091], [-101.984273916441, 65.6362740092191], [-102.45887419195, 65.7605662262472], [-102.60988336995, 65.893075168718], [-103.04133816603, 66.0511867698532], [-103.238622253871, 66.1492791761095], [-103.296687550019, 66.2508173996817], [-103.170774604315, 66.2778478983745], [-103.170774604315, 66.4076930826694], [-103.170774604315, 66.5368679677421], [-103.157905433878, 66.588054957155], [-103.081779098413, 66.6726048590623], [-102.635995659714, 66.9141354945778], [-102.531351404544, 66.9227722989698], [-102.523592411093, 66.9288541502016], [-102.264719533624, 66.9795242235489], [-101.897982957585, 67.0132457932738], [-101.725401038973, 67.0805488202256], [-101.44495542179, 67.1225184978928], [-101.22922802375, 67.1392859978073], [-101.056646106036, 67.2062397575748], [-100.560473090813, 67.322962335497], [-100.150591034447, 67.4556662398501], [-100.112552840328, 67.4593119040947], [-99.8054271981213, 67.4887270366204], [-99.6328452804078, 67.5299883995358], [-99.4602633617959, 67.6287232584854], [-99.4367914443322, 67.6778067479982], [-99.4171178823675, 67.7188685402436], [-99.2229632240414, 67.8331003452685], [-99.033181170158, 67.8793876030378], [-98.8562266480018, 67.922463548335], [-98.6189265102473, 67.9710627612813], [-98.3169081533503, 67.987239897068], [-98.0364625361674, 68.0195603055834], [-97.7128714395562, 68.0840658552876], [-97.6819825918306, 68.0988842602191], [-97.1751485370039, 68.1074759332977], [-96.2904747912096, 68.0662058190959], [-96.2109345109146, 68.1001363588085], [-96.1164886953159, 68.1403605358402], [-96.1126199469329, 68.1464097008216], [-96.0086249958466, 68.3084205008261], [-95.7281793786638, 68.4514924760088], [-95.5124519815218, 68.5936654221489], [-95.3398700629099, 68.7036258886886], [-95.1888608849106, 68.8208429185643], [-95.0162789662987, 68.9606909101399], [-94.9084152677277, 69.1150435520709], [-94.9731334868703, 69.2224461394404], [-95.1241426648697, 69.3369344582051], [-95.1888608849106, 69.4356694793949], [-95.0594244457271, 69.5264087655678], [-94.9963311756272, 69.566829419356], [-94.9299880074419, 69.6092497201998], [-94.9299880074419, 69.6992556348973], [-95.232006364339, 69.7963325941011], [-95.5229020957984, 69.7983417633161], [-96.310643353642, 69.8037816020131], [-96.8068163679668, 69.9669953649705], [-97.1088347248638, 69.9669953649705], [-97.496648273887, 70.048023871647], [-97.4971440415159, 70.0481272540601], [-97.6481532195153, 70.1582538269956], [-97.8638806175556, 70.2969101976388], [-97.9501715764123, 70.4995510627781], [-97.5187167812301, 70.5929521244343], [-97.2824710841595, 70.7705726491381], [-97.2814166434757, 70.7713619103778], [-97.0656892454354, 70.8776492496856], [-96.9851776311967, 70.9062011047331], [-96.8068163679668, 70.9693073017142], [-96.3753615727845, 71.0885296358287], [-96.2243523938868, 71.1792138153376], [-95.8576158178472, 71.2625502080142], [-95.5987429403786, 71.3731121464973], [-95.5700406172074, 71.6009478725306], [-95.3830155423383, 71.6195802372323], [-95.3398700629099, 71.7821400668993], [-95.3398700629099, 71.7922189669894], [-95.3398700629099, 71.829291169788], [-95.2642695095834, 71.8415466811346], [-94.8005515682584, 71.9165448360186], [-94.4985332113614, 72.0566381743664], [-94.3448884454887, 72.1164982651433], [-94.1749421147501, 72.182484454089], [-93.9160692372815, 72.2352165151173], [-93.3120325234874, 72.2220476755802], [-93.2079787489197, 72.2199295118916], [-92.9884414268762, 72.2154597137984], [-92.5569866307956, 72.2352165151173], [-92.3628319724696, 72.3074765501843], [-92.2549682738986, 72.3794520252034], [-92.1686773150418, 72.4771436327377], [-92.0392408758583, 72.5678490021213], [-91.888231697859, 72.6516679414965], [-91.7803679983897, 72.7990069426143], [-91.8450862184306, 72.9893654344419], [-92.2904250593355, 73.2657001908576], [-92.2715307122179, 73.3849723864367], [-92.1122084167815, 73.4549159400487], [-91.6509315601045, 73.5543587952936], [-91.2410495037382, 73.6092358239166], [-90.7880219688418, 73.7184560756148], [-90.5507218310873, 73.8029153089353], [-90.0761215555784, 73.892934166481], [-89.2132119643156, 74.0359521317893], [-88.1130022352984, 74.1365074320746], [-87.2932381234641, 74.2188540795684], [-86.1067374355901, 74.3881060754949], [-85.8262918184073, 74.4402717515177], [-85.4379825026535, 74.5037989678068], [-84.6613638702475, 74.4460574338977], [-84.1004726358818, 74.405513556284], [-83.6905905795155, 74.3590514924653], [-82.935544687722, 74.3299441898689], [-82.4825171519273, 74.3590514924653], [-82.1589260553161, 74.5210806173755], [-82.0408153048419, 74.7350239316657], [-81.4470256420527, 74.7610580594443], [-80.3683886527497, 74.738360425166], [-79.3113244031609, 74.772394514407], [-78.923015087407, 74.8740527440395], [-78.7072876893668, 74.9806395423227], [-78.5347057716532, 75.1031392616822], [-78.3836965927555, 75.2081482174461], [-78.3189783736129, 75.3724799729537], [-78.1895419344295, 75.5565642186881], [-78.1273408054928, 75.5974093450796], [-77.572249974052, 75.8153916878223], [-77.4934226237159, 75.8539730037844], [-77.2834868637384, 75.8653700707644], [-76.8088865882294, 75.9127050438894], [-76.5068682313324, 75.9755768122804], [-76.2911408341904, 76.0537799423616], [-75.7949678189673, 76.0797525488943], [-75.5145222017845, 76.0797525488943], [-75.27722206403, 76.1418935012804], [-75.1477856257449, 76.2140475866208], [-75.1222622328533, 76.2262065366952], [-74.3844702369079, 76.2777764297367], [-74.0668776010805, 76.3087634788098], [-73.5729756212187, 76.3062759927213], [-73.0768026059956, 76.3215884443761], [-72.7532115093844, 76.3215884443761], [-72.0844565755494, 76.3674250907663], [-71.93344739755, 76.4232430517157], [-71.8040109583665, 76.4788367449701], [-71.1136832857157, 76.5893547213785], [-69.9919008169843, 76.7386330380714], [-69.5388732811896, 76.77816422728], [-69.1505639654358, 76.8274154829044], [-69.1716575752184, 76.8825812362829], [-68.8814215853683, 76.9154748001839], [-68.5680999913559, 76.8813837239701], [-68.0287814967044, 76.8813837239701], [-67.6620449206647, 76.9886692932064], [-67.594724797777, 77.0170576336338], [-66.3603683412318, 77.0862039380918], [-64.4100657971501, 77.1359225263323], [-63.2865983467622, 77.1544373840378], [-63.0023331271273, 77.1143500136552], [-62.3982964133332, 77.0806307686068], [-61.9452688775385, 77.1191599807437], [-61.8628593827175, 77.1261566132131], [-61.4922413417437, 77.1575762243405], [-61.0176410671331, 77.1239681827029], [-60.629331750481, 77.0950924815223], [-60.3057406538698, 77.0806307686068], [-59.8527131189734, 77.0806307686068], [-59.2918218846077, 77.0661531252677], [-58.7160444924973, 77.0328532814505], [-58.6230669507727, 77.0274680676294], [-58.0406029766928, 76.9886692932064], [-57.3502753040419, 76.9497564851611], [-56.6383748907786, 76.8323306855647], [-55.9696199578419, 76.7138671244309], [-55.7323198200874, 76.6193417766281], [-55.7107470803732, 76.4989971957032], [-55.2145740651501, 76.3826704609667], [-54.7399737896412, 76.3011681066487], [-54.4379554327441, 76.1573861963976], [-54.2222280347039, 76.001692155594], [-54.0712188567045, 75.8864270428788], [-53.8554914586643, 75.8178792971594], [-53.4910106313548, 75.7539531958801], [-53.4024639228695, 75.7383804793935], [-52.7768544693613, 75.6798041521421], [-51.6119265212015, 75.5188507858092], [-51.07260802655, 75.4105663581831], [-51.0305474227273, 75.3992105908202], [-50.4685713127559, 75.246653024278], [-50.1665529558588, 75.0920433915129], [-50.0371165166754, 74.997401827038], [-50.4685713127559, 74.8515194577818], [-50.8784533682239, 74.7326808617549], [-51.3530536437328, 74.5498415930278], [-51.4609173423038, 74.405513556284], [-51.482490082018, 74.2247200169941], [-51.482490082018, 74.0655914972117], [-51.5040628226305, 73.9168568258876], [-51.435594653708, 73.9028146360581], [-51.4393446025896, 73.892934166481], [-51.2020444648351, 73.6335684113637], [-51.0510352868358, 73.4379199979362], [-50.8137351490813, 73.2896936314226], [-50.3822803530008, 73.2026338975571], [-49.886107338676, 73.0837765373549], [-49.6056617214932, 73.0208924850773], [-49.3683615837387, 72.970421942837], [-49.2657828464607, 72.9589737316088], [-49.1216532849108, 72.9428756578424], [-48.915334047944, 72.9198058330425], [-48.5054519924759, 72.8436078978846], [-47.9229880183961, 72.7990069426143], [-47.4699604826013, 72.8308762257861], [-47.0816511668475, 72.9451321074688], [-47.0385056865208, 73.0397814868454], [-47.0346492809898, 73.0426447436071], [-46.8012055496647, 73.2150979211984], [-46.4344689727267, 73.3392450782821], [-45.9382959584019, 73.3330589635655], [-45.3558319834237, 73.3454289620146], [-44.5792133519161, 73.3577900394574], [-44.0183221175504, 73.326870617132], [-43.8481465924469, 73.3175680435013], [-43.5652945817557, 73.3020948995686], [-43.5583804125072, 73.3009719921803], [-42.138716017945, 72.9093910453372], [-41.9473390978012, 72.7990069426143], [-41.7317873015343, 72.5744945749635], [-41.7316116997609, 72.5743105210417], [-41.7747571800876, 72.4381300984648], [-42.4003666335959, 72.2154597137984], [-42.8102486890639, 72.0566381743664], [-43.1122670459609, 71.8897407729085], [-43.5652945817557, 71.741630776114], [-43.6301086143081, 71.7404362442301], [-44.2987677347332, 71.728108354053], [-44.3488456740076, 71.7003096676963], [-44.3960965638789, 71.6740428526184], [-44.5792133519161, 71.5719037129538], [-44.3203404744474, 71.4350264566757], [-44.3101787786659, 71.4188432594524], [-44.2940881292456, 71.3623609020885], [-44.3310265851323, 71.3387367532233], [-44.9890954073841, 71.2625502080142], [-45.1229737192035, 71.2410353070574], [-45.3509973637523, 71.2043359556268], [-45.4205502034646, 71.1931279803907], [-45.6578503412191, 71.0605422158975], [-45.8088595192184, 70.9763403726754], [-45.8951504780752, 70.8776492496856], [-45.9382959584019, 70.8068540374791], [-45.9473145192384, 70.6700020789428], [-45.9627094558105, 70.6626922216299], [-46.2618870550132, 70.4707254560806], [-46.4128962330125, 70.3695130595565], [-46.6717691104812, 70.2313472146181], [-46.952214727664, 70.1436040552998], [-47.0898708334439, 70.1202124417214], [-47.1679421257043, 70.1069342023843], [-47.2708636960273, 70.0317539200549], [-47.3189513037037, 69.9965344112986], [-47.4052422634588, 69.8484204107042], [-47.5562514414581, 69.6992556348973], [-47.7072606203558, 69.5565699545745], [-47.7883865843325, 69.4903504897132], [-47.9014152786819, 69.397747994208], [-48.1171426758238, 69.2683140508936], [-48.4191610327209, 69.1918136630423], [-48.9584795273724, 69.145784015058], [-49.3467888440245, 68.9993808775606], [-49.4762252823097, 68.8753333348847], [-49.5409435014523, 68.6879502858865], [-49.4762252823097, 68.5542628420132], [-49.2275351912688, 68.3166098488278], [-49.2534288840935, 68.2111279875277], [-49.7312589704598, 68.0193216809206], [-50.3607076132866, 67.922463548335], [-51.1373262456926, 67.3562075252422], [-51.3961991231612, 66.801717350389], [-51.4177718628754, 66.43358159371], [-51.2883354245902, 66.1647710373504], [-51.0510352868358, 65.9634678312004], [-50.6411532304694, 65.8224887013871], [-50.0371165166754, 65.6540666150246], [-49.6919526803499, 65.5917390641375], [-49.4848971428538, 65.5774746949704], [-49.2462620582815, 65.3661325883395], [-49.1186994122542, 65.0855007707576], [-49.27815271889, 64.9508169373049], [-49.2462620582815, 64.706668487316], [-49.2126095624489, 64.6931327589679], [-48.7041208144621, 64.48778308177], [-48.4489955233059, 64.197813743768], [-48.4808861848127, 63.8626626485643], [-48.6403394914485, 63.5802829229869], [-48.9273554441116, 63.4807827095102], [-49.098515498512, 63.4578467311039], [-49.1424262365612, 63.4519595912452], [-49.5234232802753, 63.5826493815075], [-50.036811491924, 63.6839839390474], [-50.5501997035727, 63.6586841892033], [-50.7783722420832, 63.4044421240096], [-50.6072428382003, 63.0705263315727], [-50.1894596380744, 62.8383475750875], [-50.0938546265516, 62.784956575352], [-49.9227252226687, 62.3645879688235], [-49.9227252226687, 62.2054127799677], [-50.2649840304345, 62.0186422520297], [-49.9493793807039, 61.5961907647723], [-49.7611203691808, 61.4923258520139], [-49.7331435586707, 61.4154532127369], [-49.6592848404767, 61.2115969994364], [-49.6375095495306, 61.1240884443726], [-49.5829081939487, 60.9035917491846], [-49.6083670761247, 60.742243015022], [-49.6375095495306, 60.7089919668166], [-49.7611203691808, 60.5675711153165], [-49.8374970157089, 60.4296633873608], [-49.9902503087649, 60.2153770580782], [-49.9512127631471, 60.1506748218764], [-49.9138736622369, 60.0886682769917], [-49.3792371365406, 59.9232156717298], [-49.0228127860764, 59.8849166578584], [-48.6663884365105, 59.744108632864], [-48.2081285573422, 59.6413287060953], [-47.7753275612482, 59.4865666041241], [-47.5461976216641, 59.3310919439895], [-47.6734920325442, 59.174902595467], [-47.8771630899523, 59.0703782669787], [-47.7498686790722, 58.9261359842757], [-47.44436209296, 58.9129930678801], [-47.2406910355519, 58.820852524155], [-47.2152321533759, 58.6358344580328], [-47.2661499177279, 58.4897720064364], [-47.5971153860161, 58.3831617707216], [-47.393444328608, 58.2896127021666], [-47.1643143890239, 58.2360448317593], [-47.2152321533759, 58.1286659833542], [-47.469820975136, 57.9939858200514], [-48.0044575008323, 57.9669888137498], [-48.5136351434544, 58.1152208130083], [-48.7682239652145, 57.9939858200514], [-49.2010249613085, 58.0209624896533], [-49.6338259583007, 58.2360448317593], [-49.9393325444129, 58.3029920206947], [-50.2957568939788, 58.2762283251905], [-50.5248868335629, 58.0479188314237], [-50.3466746583308, 57.8723390001136], [-50.3975924226829, 57.7502795035034], [-50.601263480091, 57.6550584919354], [-50.6317543319249, 57.5788509415156], [-50.677640126619, 57.4638644265575], [-50.6072428382003, 57.4291412296362], [-50.3721335405069, 57.3129354000009], [-50.0411680722187, 57.2578979436166], [-50.0157091900426, 57.1199439046786], [-50.0920858365707, 56.9675987244236], [-50.3212157761548, 56.8285603161651], [-50.8303934196751, 56.6190309442843], [-51.3904888266492, 56.5208505999656], [-51.8996664701695, 56.3942439194703], [-52.2505389330389, 56.227423301914], [-52.2560908197354, 56.2247778259829], [-52.4852207593195, 56.0261158387328], [-52.8671039919598, 55.9406606113205], [-53.2744461058777, 55.7261953745985], [-53.6817882206939, 55.5825607216624], [-53.809082631574, 55.366119423772], [-54.29280139202, 55.2937079963217], [-54.6492257424842, 55.1193802431237], [-54.7510612711883, 54.827134907441], [-54.4964724494281, 54.577051447117], [-54.318260274196, 54.3105740307361], [-54.241883627668, 54.1468721341253], [-54.0891303346119, 53.9375842959315], [-53.7072471028699, 53.8775940857336], [-53.4017405167578, 53.7423008971812], [-53.3762816345818, 53.5309760120672], [-53.5290349276379, 53.3945648004897], [-53.809082631574, 53.1814975180308], [-54.267342509844, 53.0592673495175], [-54.5219313316041, 52.8291481074659], [-54.5728490959562, 52.6287203062345], [-54.5728490959562, 52.4118435898211], [-54.7510612711883, 52.2562756218919], [-54.9547323285964, 52.2094984896273], [-55.1329445029302, 52.1314270313462], [-55.4129922068664, 51.9905529853693], [-55.4639099712184, 51.8649584002344], [-55.4639099712184, 51.7074706127644], [-55.2093211494582, 51.53359855144], [-55.1074856207542, 51.3749545433114], [-55.0820267385782, 51.1998089247079], [-55.2347800316343, 50.9598965851012], [-55.2347800316343, 50.7670702733458], [-54.9547323285964, 50.7026175470036], [-54.8274379177163, 50.5087269339002], [-54.8274379177163, 50.3627843729376], [-54.7765201533643, 50.0368553000565], [-54.4964724494281, 49.9222540875484], [-54.369178038548, 49.7416146765253], [-54.4126743505191, 49.544453473272], [-54.4200958029001, 49.5107335704838], [-54.4200958029001, 49.3285589516771]]]}, "properties": {"OBJECTID": 52, "id": 1, "name": "Westeros", "Symbol": 1, "Visible": null, "Shape__Area": 49916033627608.72, "Shape__Length": 77557140.58098061}}]}