{"type": "FeatureCollection", "features": [{"type": "Feature", "id": 1, "geometry": {"type": "Polygon", "coordinates": [[[-69.3222054943705, 31.5981497162828], [-69.402983724094, 31.6536724075967], [-69.4742347785453, 31.7456497013267], [-69.5012610403307, 31.9084759735721], [-69.4938902412537, 32.0689326305059], [-69.4594931812894, 32.125130139102], [-69.402983724094, 32.1480155056614], [-69.2432830861077, 32.2353431478876], [-69.1572904344006, 32.2997454855306], [-68.7961212993866, 32.5444711212874], [-68.6462483923053, 32.5858841825699], [-68.5037462851994, 32.5237574232203], [-68.3489595126655, 32.4947502229707], [-68.1597756792692, 32.3993749929476], [-68.0654446270413, 32.355115878347], [-68.0271013030683, 32.3371194085112], [-67.9091685241232, 32.2145584531174], [-67.9010377853501, 32.1032787890551], [-67.8403744032965, 32.0022834303988], [-67.7371832216073, 31.9376707808071], [-67.7396401543336, 31.8458844767253], [-67.805977342434, 31.7059434204113], [-67.9337378531824, 31.5825366284436], [-67.9804195785745, 31.5008727977028], [-68.0713260948358, 31.4987779142665], [-68.1401202165608, 31.5385726738183], [-68.2187420691909, 31.4903979104135], [-68.2998208545472, 31.4526786039147], [-68.4206900815273, 31.4543152573686], [-68.454607627081, 31.4547745195369], [-68.5528849424194, 31.5008727977028], [-68.5990091679563, 31.5323291030033], [-68.5987973874331, 31.5342206304309], [-68.6388775941265, 31.5427606102566], [-68.6536191913824, 31.6327557643575], [-68.6241359968707, 31.6871292464802], [-68.6132025126145, 31.6932121832275], [-68.5602557414965, 31.7226639281398], [-68.4914616206698, 31.7916041334957], [-68.4644353588843, 31.9001328977127], [-68.4914616206698, 31.9689406448881], [-68.5430572115144, 32.0085338537757], [-68.5462420545053, 32.0099307301707], [-68.6143082650674, 32.0397795746711], [-68.6953870504236, 32.0127005654183], [-68.7690950376012, 31.948095251536], [-68.783836634857, 31.8458844767253], [-68.7936643666604, 31.7205740297717], [-68.7862568561326, 31.6338948991129], [-68.8501738229575, 31.5343845502692], [-68.8687976891396, 31.5112928034697], [-68.9042263465283, 31.4673490290928], [-68.9631579276311, 31.4645037985915], [-69.034443790003, 31.4610619850015], [-69.1376349716922, 31.4715401567642], [-69.2359122870306, 31.5050624237606], [-69.2997925424048, 31.5783504782916], [-69.3222054943705, 31.5981497162828]]]}, "properties": {"OBJECTID": 1, "id": 1, "name": "Bear Island", "continent": "Westeros", "S2": null, "Shape__Area": 19373830012.53125, "Shape__Length": 697674.9304800438}}, {"type": "Feature", "id": 2, "geometry": {"type": "Polygon", "coordinates": [[[-52.5477032648577, 33.1004817411818], [-52.6439918745488, 33.1004817411818], [-52.7081842810095, 33.1219890629896], [-52.6889265590713, 33.2240768984526], [-52.6953457997173, 33.3903857056113], [-52.7338612435938, 33.534976582493], [-52.7916344094084, 33.6472692656181], [-52.7965289727604, 33.6537882977957], [-52.8879230199977, 33.7754246131534], [-53.0227270735652, 33.9619745860923], [-53.1382734051945, 34.009878643182], [-53.2859159400541, 34.0630736931704], [-53.4463969571041, 34.0896587056999], [-53.5812010106716, 34.2012245863357], [-53.5876202513177, 34.3338488415082], [-53.619716454548, 34.4980121333289], [-53.6903281016548, 34.5561861132248], [-53.8122936739301, 34.6618528150954], [-53.8122936739301, 34.7832031441315], [-53.8251321552223, 34.9464801899337], [-53.8058744332841, 35.025368754452], [-53.6903281016548, 35.1304351877073], [-53.5812010106716, 35.2406092307246], [-53.568621722085, 35.2459906496572], [-53.4463969571041, 35.2982598045224], [-53.3115929026384, 35.2668191227114], [-53.1125964426102, 35.1776709235444], [-52.9521154264584, 35.0621573951169], [-52.8879230199977, 34.8622486452749], [-52.7852151687623, 34.7884752038036], [-52.6568303558409, 34.8306395482581], [-52.6311533932566, 34.9096395205435], [-52.6311533932566, 35.0201118821037], [-52.669668837133, 35.1251850799876], [-52.6889265590713, 35.2091461758732], [-52.6825073184252, 35.3349251673266], [-52.7466997248859, 35.4291311629575], [-52.7274420029477, 35.5493452988991], [-52.6953457997173, 35.6380835708451], [-52.7149009610326, 35.8206410147021], [-52.7210227623016, 35.8777051224371], [-52.7916344094084, 36.1114182698472], [-52.7466997248859, 36.2150683115492], [-52.5990571900263, 36.3392673387915], [-52.5772216625488, 36.3282734350496], [-52.5605417461499, 36.3392673387915], [-52.3166106007009, 36.2306039943441], [-52.1625488251952, 35.9764684685302], [-52.1240333813188, 35.8048532320048], [-51.9378754025828, 35.6485168987275], [-51.8585253818716, 35.5974535894237], [-51.7838136261788, 35.5493452988991], [-51.7691509144796, 35.5135479010931], [-51.7196212197181, 35.392508570048], [-51.7324597010102, 35.1146838492393], [-51.809490588763, 34.9833043130446], [-51.9507138838749, 34.8833146306396], [-51.9186176806445, 34.7673849433927], [-51.7773943855327, 34.7040818257153], [-51.6682672945495, 34.6301669262344], [-51.5591402035663, 34.5350366405509], [-51.5142055190438, 34.4397975334202], [-51.4904406825255, 34.3641658269527], [-51.4692708345213, 34.3020380986013], [-51.4500131125831, 34.2489934113008], [-51.3922399467685, 34.1481163517421], [-51.3729822248303, 34.0417996762674], [-51.3986591874145, 33.9406752292547], [-51.4949477971056, 33.8074335528214], [-51.6060132260965, 33.744656319232], [-51.6554288132573, 33.716710486809], [-51.7517174229484, 33.6419253104015], [-51.7902328668248, 33.5938147899853], [-51.8233986734027, 33.5472734254976], [-51.9121984399985, 33.4225378494931], [-51.9571331245209, 33.3582216648216], [-52.053421734212, 33.2831260028212], [-52.1379206690613, 33.2668232904061], [-52.2203219910098, 33.2509223472065], [-52.387222248706, 33.2670256593666], [-52.5156070616274, 33.2187068196707], [-52.543786439539, 33.1007551730414], [-52.5477032648577, 33.1004817411818]]]}, "properties": {"OBJECTID": 2, "id": 2, "name": "Skagos", "continent": "Westeros", "S2": null, "Shape__Area": 59704786756.359375, "Shape__Length": 1319053.4567950773}}, {"type": "Feature", "id": 3, "geometry": {"type": "Polygon", "coordinates": [[[-51.0595033250318, 34.4684880651247], [-51.0060156333655, 34.5162464255431], [-50.9008911280645, 34.4825544618365], [-50.8833703768816, 34.4199475597979], [-50.8581385609616, 34.3974652584186], [-50.8476739658427, 34.2688734667632], [-50.8546589591665, 34.1724119254501], [-50.9524488639031, 34.1509834957939], [-51.0222987953445, 34.1938430705002], [-51.0502387677413, 34.3332117054805], [-51.0595033250318, 34.4684880651247]]]}, "properties": {"OBJECTID": 3, "id": 3, "name": " ", "continent": "Westeros", "S2": null, "Shape__Area": 901361969.2480469, "Shape__Length": 122776.3028518438}}, {"type": "Feature", "id": 4, "geometry": {"type": "Polygon", "coordinates": [[[-50.9785075062785, 35.5144245684227], [-50.953453380715, 35.5444090973195], [-50.970974131898, 35.5871657666111], [-51.0011577428367, 35.6082026464959], [-51.0936193883819, 35.6726106317746], [-51.0936193883819, 35.73900458287], [-51.083442596412, 35.7621302329486], [-51.0644181364103, 35.8053432159072], [-50.970974131898, 35.8053432159072], [-50.953453380715, 35.8574275922411], [-51.0001753829712, 35.9898516451407], [-51.0279390520104, 36.0111897198931], [-51.1169803899591, 36.0795844618672], [-51.1695426426096, 36.1833578248135], [-51.157862141821, 36.2869938927362], [-51.0994596387762, 36.2775781093745], [-51.0021417870433, 36.1616795600341], [-50.9768143822923, 36.131488295329], [-50.8775301264873, 36.0087512596556], [-50.7774698143117, 35.7993752811214], [-50.7957666218652, 35.7627033045875], [-50.7373641188204, 35.5063840215605], [-50.5675702824913, 35.3541972885464], [-50.5446358576048, 35.3302838611856], [-50.4161503507266, 35.2158510910912], [-50.4103101003322, 35.086921138604], [-50.567996859182, 34.8955386873025], [-50.7140031172432, 34.8188605058999], [-50.777087167035, 34.802783889498], [-50.9202795270288, 34.8731642173211], [-50.9409883398663, 34.8965398183313], [-50.9125716279548, 35.1060347609574], [-51.0182169629828, 35.1837822033516], [-51.0293766349428, 35.1919905892951], [-51.0702583868046, 35.2969243370501], [-51.0483439306513, 35.3595007401021], [-51.0235363845484, 35.4302798376214], [-50.9768143822923, 35.5111381413935], [-50.9785075062785, 35.5144245684227]]]}, "properties": {"OBJECTID": 4, "id": 4, "name": " ", "continent": "Westeros", "S2": null, "Shape__Area": 6975641477.076172, "Shape__Length": 499814.5787990936}}, {"type": "Feature", "id": 5, "geometry": {"type": "Polygon", "coordinates": [[[-53.6420083441562, 35.9499231569096], [-53.6518126577784, 35.9504900752822], [-53.7481012674694, 35.9816631215469], [-53.8253054743766, 36.0257501166558], [-53.8572283584526, 36.0439722825767], [-53.9342592471038, 36.1166040262927], [-53.953516969042, 36.1839876903347], [-53.953516969042, 36.287541758866], [-53.9214207658116, 36.3599479597836], [-53.8693675902293, 36.3599479597836], [-53.8685839808238, 36.3736570026653], [-53.7416820268234, 36.3082361090523], [-53.5898194142698, 36.1815360258243], [-53.5898194142698, 36.0955355392772], [-53.6387143666381, 35.9512308825654], [-53.6420083441562, 35.9499231569096]]]}, "properties": {"OBJECTID": 5, "id": 5, "name": "Skane", "continent": "Westeros", "S2": null, "Shape__Area": 1568177240.5605469, "Shape__Length": 156777.48713430803}}, {"type": "Feature", "id": 6, "geometry": {"type": "Polygon", "coordinates": [[[-53.3100498979159, 37.2276620678522], [-53.3100498979159, 37.3646734597203], [-53.2710767300628, 37.4348292500128], [-53.1717196352614, 37.4109181499629], [-53.1005001017951, 37.2847367512943], [-53.1048765689935, 37.2722366345107], [-53.0419847955034, 37.2133345566441], [-53.0484040361495, 36.9931893501167], [-53.0869194800259, 36.988062084596], [-53.1348538818272, 37.019586945307], [-53.1321001268665, 37.0060944038431], [-53.1575311271327, 37.0393191837792], [-53.2602389774698, 37.1366123894239], [-53.3068376347493, 37.180502269879], [-53.3100498979159, 37.2276620678522]]]}, "properties": {"OBJECTID": 6, "id": 6, "name": " ", "continent": "Westeros", "S2": null, "Shape__Area": 1218595541.0351562, "Shape__Length": 155178.0064027196}}, {"type": "Feature", "id": 8, "geometry": {"type": "Polygon", "coordinates": [[[-70.8752588812303, 13.2985344479368], [-70.8193789364366, 13.2221595511401], [-70.8193789364366, 13.1543031586628], [-70.8892288678779, 13.0610504077647], [-71.0009887592621, 13.078001166683], [-71.1057636564242, 13.1119083993836], [-71.1616436021163, 13.0525757439923], [-71.2734034926022, 13.0525757439923], [-71.4061183630594, 13.035627843842], [-71.4410433287801, 13.17974573275], [-71.3362684316181, 13.2391284145504], [-71.2384785268815, 13.3155118898362], [-71.0848086773511, 13.2476135611487], [-70.8752588812303, 13.2985344479368]]]}, "properties": {"OBJECTID": 8, "id": 8, "name": "Blacktyde", "continent": "Westeros", "S2": null, "Shape__Area": 1511626970.3085938, "Shape__Length": 180308.65052902588}}, {"type": "Feature", "id": 9, "geometry": {"type": "Polygon", "coordinates": [[[-70.5912005400121, 11.5573302132124], [-70.6820054514248, 11.5656748866786], [-70.75884037619, 11.6241005132147], [-70.75884037619, 11.7911554522319], [-70.8077353285583, 11.8580291206545], [-70.7867803485869, 11.9249323355963], [-70.75884037619, 12.083945923654], [-70.7689350405834, 12.1014349333578], [-70.7578900825869, 12.1362311106408], [-70.4787840502238, 12.186188193919], [-70.3428645612629, 12.1900957172173], [-70.3001454366414, 12.3528935692619], [-70.2858214266353, 12.4074581814335], [-70.2630041726046, 12.6135063415601], [-70.2401869185739, 12.8138266286436], [-70.1985651426658, 12.8912955682838], [-70.177439470214, 12.9306067715164], [-70.1548161139441, 12.9240734514487], [-70.0234230075279, 12.8861255141316], [-69.9949014397649, 12.7248149028618], [-69.9919674647918, 12.6818825534604], [-69.9834928131987, 12.5578338822887], [-69.9695361467701, 12.5426970127729], [-69.932153991405, 12.502149370508], [-69.7838418415528, 12.3461690436257], [-69.7382073343897, 12.1789440933252], [-69.7325030206575, 11.9725549710676], [-69.7724332149866, 11.8162635951672], [-69.823772035882, 11.6598829776833], [-69.9526224105809, 11.6230746891023], [-69.9663798729002, 11.6095990097448], [-70.0348316340941, 11.6095990097448], [-70.1945524114108, 11.6710559573019], [-70.3200473072322, 11.7045721951717], [-70.4598697542187, 11.6294795688752], [-70.4584856695548, 11.6241005132147], [-70.4783841004963, 11.5575435902669], [-70.5434782538055, 11.5329024361522], [-70.5912005400121, 11.5573302132124]]]}, "properties": {"OBJECTID": 9, "id": 9, "name": "Harlaw", "continent": "Westeros", "S2": null, "Shape__Area": 10375777527.243164, "Shape__Length": 483083.3488339644}}, {"type": "Feature", "id": 10, "geometry": {"type": "Polygon", "coordinates": [[[-71.8736514592775, 12.6088751094371], [-71.8360769350842, 12.6455408193987], [-71.7129901728078, 12.6619177105471], [-71.5535368652737, 12.7008086111558], [-71.4472346614487, 12.7396935623286], [-71.3445563962272, 12.8044885491026], [-71.3096418806082, 12.8044885491026], [-71.3010691293928, 12.8044885491026], [-71.2346302520021, 12.7785725479446], [-71.1814791491913, 12.7137709233374], [-71.1814791491913, 12.691829246668], [-71.1814791491913, 12.6100539536601], [-71.1092421541899, 12.5836171419156], [-71.1072425645545, 12.580104314395], [-71.0737519595093, 12.5365185151462], [-71.0559037436592, 12.513287234315], [-71.0517551520989, 12.4980991182036], [-71.0510214494973, 12.4954129172248], [-71.1756943266467, 12.3183055954018], [-71.3125978499327, 12.3294513296299], [-71.5144232170799, 12.436976729118], [-71.539985255495, 12.415132838912], [-71.7281711127129, 12.3772061423178], [-71.8297462916814, 12.404764223253], [-71.8698009053723, 12.4839457017141], [-71.8977408777692, 12.5680485248945], [-71.8719126379928, 12.6012390087966], [-71.8736514592775, 12.6088751094371]]]}, "properties": {"OBJECTID": 10, "id": 10, "name": "Orkmont", "continent": "Westeros", "S2": null, "Shape__Area": 3231494298.4033203, "Shape__Length": 247170.63553953439}}, {"type": "Feature", "id": 11, "geometry": {"type": "Polygon", "coordinates": [[[-72.5588089771253, 12.7063947959298], [-72.5423179979903, 12.6403010768046], [-72.6165289456072, 12.5389322808982], [-72.6066432814511, 12.4266627580864], [-72.7094393643155, 12.3511922012469], [-72.8498966372385, 12.247309130275], [-72.9254774150524, 12.2864887210138], [-72.9452829907363, 12.462617796934], [-72.9070636962562, 12.5653802520546], [-72.7975202190708, 12.6390186404987], [-72.6799934930072, 12.6666380071616], [-72.6474409680704, 12.7142729187689], [-72.5588089771253, 12.7063947959298]]]}, "properties": {"OBJECTID": 11, "id": 11, "name": "Old Wyk", "continent": "Westeros", "S2": null, "Shape__Area": 1399816074.772461, "Shape__Length": 155633.87543398878}}, {"type": "Feature", "id": 12, "geometry": {"type": "Polygon", "coordinates": [[[-72.4196326721531, 11.6865184649704], [-72.5034525902421, 11.6531399602355], [-72.6606149368835, 11.6197688095599], [-72.7584048416201, 11.5864050137931], [-72.9749396301664, 11.5989155754281], [-73.0378045691823, 11.6239398018911], [-73.1041620035126, 11.5738954858435], [-73.2718018405889, 11.5572177238716], [-73.300243667599, 11.5692680392867], [-73.4403067714535, 11.6710559573019], [-73.5886189213056, 11.6989864369744], [-73.6904282479495, 11.7336605682706], [-73.7198181308594, 11.743669339131], [-73.8624259678776, 11.8832566054339], [-73.8909475347422, 12.0060342625287], [-73.8282000863823, 12.1399097219317], [-73.8339044001146, 12.273717925903], [-73.9479906693699, 12.4018870362602], [-73.9936251774313, 12.5355615200266], [-73.9308777290714, 12.6691666975033], [-73.8110871460839, 12.802701877645], [-73.7198181308594, 12.8527593831414], [-73.6734431990014, 12.8954569207829], [-73.6559764653131, 13.0276976995362], [-73.5197690977448, 13.0866436826358], [-73.3556217586779, 13.04032707844], [-73.3365782561888, 13.0332042347373], [-73.2634730538383, 13.0306605801737], [-73.2217762272815, 13.033281411968], [-73.117826857611, 13.0398149748022], [-73.0866393362232, 13.0417751798751], [-73.0695263959247, 12.9306067715164], [-73.2007256054784, 12.8249508874952], [-73.3310144632215, 12.7531362856221], [-73.3319248159305, 12.7526344319644], [-73.3319248159305, 12.742096262862], [-73.3319248159305, 12.6413380354573], [-73.2577687401061, 12.5188559856172], [-73.2349514869737, 12.4464528553395], [-73.2613400958243, 12.373432081614], [-73.2691773675706, 12.3517413769026], [-73.3262205021982, 12.2625698282687], [-73.3148118747337, 12.1120245238463], [-73.2064299192107, 12.0171931021891], [-73.04100482906, 12.0227723490061], [-72.9759678157894, 12.083028091305], [-72.9609696435188, 12.0792670677829], [-72.8107922902011, 12.0750835432096], [-72.7479273520836, 12.1713337297432], [-72.6082274883025, 12.1880791067751], [-72.5628250321469, 12.326298745379], [-72.4580501349848, 12.3640167693604], [-72.3358127540641, 12.3765915176425], [-72.314857774991, 12.30534831688], [-72.3187626320552, 12.2573705775962], [-72.2481052580055, 12.2291227072451], [-72.2195836902425, 12.1231789533135], [-72.2880354514363, 11.9948749597867], [-72.3051483926331, 11.911165501704], [-72.3336699594978, 11.8274302372507], [-72.3984066587824, 11.7600995282512], [-72.4196326721531, 11.6865184649704]]]}, "properties": {"OBJECTID": 12, "id": 12, "name": "Great Wyk", "continent": "Westeros", "S2": null, "Shape__Area": 16935180756.113281, "Shape__Length": 746836.9289916597}}, {"type": "Feature", "id": 13, "geometry": {"type": "Polygon", "coordinates": [[[-72.1397233015842, 11.3244863297279], [-71.9776514229631, 11.3190063990469], [-71.9400723308366, 11.3804134058461], [-71.8887335090429, 11.4978244458451], [-71.8659162559105, 11.5593059729459], [-71.8584002783037, 11.5615716675288], [-71.8212786182013, 11.5727617384961], [-71.7917601809844, 11.5816595507759], [-71.71760410516, 11.5816595507759], [-71.6890825382954, 11.5257722628971], [-71.6947868520276, 11.4475113918162], [-71.7290127326245, 11.3984798082966], [-71.7290127326245, 11.3188930204759], [-71.7290127326245, 11.1734287507332], [-71.7318424311594, 11.16192769369], [-71.7290127326245, 11.123058683453], [-71.7004911648616, 10.9998952717619], [-71.7518299866553, 10.8934854190101], [-71.8430990018798, 10.8934854190101], [-71.9230249576724, 10.9071347938513], [-71.9742982114335, 10.9158906662635], [-72.1112017347195, 10.9158906662635], [-72.1927034576913, 10.9128126874522], [-72.2595138845717, 10.910289513161], [-72.3964174078576, 10.9494953699043], [-72.5333209311436, 11.0222924650065], [-72.5168105582799, 11.081707730228], [-72.556138184276, 11.106266724427], [-72.5903640657713, 11.1902168313537], [-72.4591648553192, 11.3524512382713], [-72.3222613329316, 11.3636364342936], [-72.1397233015842, 11.3244863297279]]]}, "properties": {"OBJECTID": 13, "id": 13, "name": "Pyke", "continent": "Westeros", "S2": null, "Shape__Area": 4875185646.276367, "Shape__Length": 318745.86491596303}}, {"type": "Feature", "id": 14, "geometry": {"type": "Polygon", "coordinates": [[[-72.9175036990959, 11.1055758768582], [-72.9151001550436, 11.1052354183594], [-72.8662052026753, 11.0470751280583], [-72.8906526788595, 10.9764820802536], [-72.9570101140881, 10.901772548793], [-73.1002024740819, 10.8851754648546], [-73.2369225101829, 10.9054795902425], [-73.2393612816691, 10.9168543352752], [-73.2463601135398, 10.9494953699043], [-73.2463601135398, 10.9862254406639], [-73.2463601135398, 11.0558850560824], [-73.2634730538383, 11.1286557884857], [-73.2747661507708, 11.144772788833], [-73.3262205021982, 11.2181948023771], [-73.3775593230936, 11.3188930204759], [-73.3091075618997, 11.3524512382713], [-73.1607954120476, 11.341265603835], [-73.0638220830908, 11.2853308680035], [-72.938327186371, 11.1902168313537], [-72.9175036990959, 11.1055758768582]]]}, "properties": {"OBJECTID": 14, "id": 14, "name": "Saltcliffe", "continent": "Westeros", "S2": null, "Shape__Area": 1887395404.3574219, "Shape__Length": 175843.09610921826}}, {"type": "Feature", "id": 15, "geometry": {"type": "Polygon", "coordinates": [[[-73.029646548574, 6.98415262068605], [-73.0129903773429, 7.00470618685787], [-72.9804273358291, 7.02360995136706], [-72.9293150763366, 7.06682128170255], [-72.8857750029365, 7.10439306853567], [-72.8705453976992, 7.12353539638698], [-72.8689902558389, 7.12549003355389], [-72.8573793035179, 7.14008342216851], [-72.840341883687, 7.16074498670103], [-72.8176253236132, 7.23399206372961], [-72.7930157167916, 7.31473788158605], [-72.7455725551102, 7.42744164408935], [-72.7191868972252, 7.45929263655063], [-72.6472511244065, 7.50809259710072], [-72.5904597246709, 7.50246211099287], [-72.5336683249353, 7.43113633455263], [-72.5488126980185, 7.32412598588231], [-72.5866736311756, 7.23587003823975], [-72.6302137045757, 7.11190705742094], [-72.6510372179018, 7.00670007573669], [-72.7002564306467, 6.89771067064187], [-72.7589408771299, 6.83568823506981], [-72.8289836032009, 6.76989807047808], [-72.8535932100225, 6.6777767907033], [-72.9084915630104, 6.57435470488756], [-72.9898925695675, 6.51981437405954], [-73.0071037792699, 6.51667356663991], [-73.0826518557124, 6.50288685570207], [-73.1735180951097, 6.47843499029969], [-73.1768265795213, 6.47731852715725], [-73.1833394425863, 6.47512072649669], [-73.273849567347, 6.44457660429509], [-73.3666088534919, 6.40130982502358], [-73.4575883093611, 6.38395768822186], [-73.4612611863846, 6.39378479239445], [-73.4025767399013, 6.55930969203889], [-73.3495714336611, 6.64017127053158], [-73.2814217543378, 6.72289959877171], [-73.2056998880237, 6.8112529410976], [-73.1224058347189, 6.88643446651753], [-73.029646548574, 6.98415262068605]]]}, "properties": {"OBJECTID": 15, "id": 15, "name": "Fair Isle", "continent": "Westeros", "S2": null, "Shape__Area": 4404159274.387207, "Shape__Length": 348561.36656515265}}, {"type": "Feature", "id": 17, "geometry": {"type": "Polygon", "coordinates": [[[-75.1900013497525, -12.8142976799682], [-75.1867751591057, -12.8081689090161], [-75.2318869815208, -12.802431103523], [-75.2676920698445, -12.7725022097632], [-75.3034971590664, -12.7475587562348], [-75.4057974123181, -12.7126337959342], [-75.4313724754065, -12.5978466016751], [-75.4569475393931, -12.5229576590568], [-75.4620625520108, -12.4430521523117], [-75.4620625520108, -12.3331419496774], [-75.4825226024815, -12.2781695296943], [-75.5234427034228, -12.2431810994151], [-75.5387877421742, -12.1731903420598], [-75.4927526277168, -12.1181846561292], [-75.4313724754065, -12.1531895890934], [-75.3904523744651, -12.2081880330163], [-75.3188421969194, -12.2231856284708], [-75.2318869815208, -12.2281846380289], [-75.1756218418281, -12.2431810994151], [-75.1142416904161, -12.2831674974962], [-75.1066889519513, -12.3000351666797], [-75.1065484320846, -12.2998537216373], [-75.0733215885764, -12.3431356976808], [-75.0324014876351, -12.4230719268707], [-75.0170564488838, -12.4680252720432], [-74.9710213353247, -12.5229576590568], [-74.8533760442201, -12.5229576590568], [-74.8329159928511, -12.4880020353563], [-74.8329159928511, -12.4180766305813], [-74.8175709549981, -12.3081559119434], [-74.8124559423804, -12.2331835530632], [-74.7906641538741, -12.1870360944584], [-74.7817658666744, -12.168190295134], [-74.7357307522171, -12.1581899181754], [-74.7306157395994, -12.2131873259282], [-74.7050406765111, -12.2681733094677], [-74.6538905494361, -12.2981608312219], [-74.592510398024, -12.3231478196577], [-74.5766869452985, -12.3308771418488], [-74.510670195243, -12.3631220491142], [-74.4544050555504, -12.4280671272245], [-74.3879098906224, -12.4630308404735], [-74.3316447509297, -12.4580363126794], [-74.3214147265927, -12.4230719268707], [-74.295839662606, -12.3980944859144], [-74.2344595102957, -12.4030901655844], [-74.16284933275, -12.4680252720432], [-74.0707791047337, -12.5229576590568], [-74.0400890290277, -12.5579085456736], [-74.0093989533217, -12.6427694771508], [-73.9480188010113, -12.7276022249294], [-73.8661785982303, -12.7675137160001], [-73.7843383954493, -12.8074189073451], [-73.707613205286, -12.892196441878], [-73.6462330529756, -12.9719608466128], [-73.661578091727, -13.0267840507317], [-73.7127282179036, -13.046716755101], [-73.7638783449786, -13.0716303757849], [-73.7996834333023, -13.101523401257], [-73.901983686554, -13.1214500685014], [-73.9612050453028, -13.1310624058188], [-73.9940539154686, -13.1363940090083], [-74.0163901342411, -13.1421943994882], [-74.0707791047337, -13.1563178479547], [-74.183309384119, -13.1712596654965], [-74.1976320098213, -13.1712596654965], [-74.2856096373707, -13.1712596654965], [-74.2959095093143, -13.1762740719785], [-74.3367597644457, -13.1961606665377], [-74.3879098906224, -13.2559127093756], [-74.4799801186387, -13.3952769618603], [-74.5653562305152, -13.4308686636496], [-74.5873953845081, -13.4400555178825], [-74.7050406765111, -13.489799660227], [-74.773643022296, -13.489799660227], [-74.8226859676157, -13.489799660227], [-74.9045261703967, -13.4549798460933], [-74.9096411830144, -13.3206275246907], [-74.9096411830144, -13.3203400883781], [-74.9096411830144, -13.2011405624153], [-74.9096411830144, -12.9968819856168], [-75.0221714623998, -12.9021683857783], [-75.1900013497525, -12.8142976799682]]]}, "properties": {"OBJECTID": 17, "id": 17, "name": "The Arbor", "continent": "Westeros", "S2": null, "Shape__Area": 15672392748.43164, "Shape__Length": 667079.7709625058}}, {"type": "Feature", "id": 19, "geometry": {"type": "Polygon", "coordinates": [[[-59.1693255759844, 17.697766354523], [-59.1428387947479, 17.722891802639], [-59.1428387947479, 17.7924582033205], [-59.0619666317884, 17.8410856895384], [-58.947043032077, 17.8532404880271], [-58.8619144401973, 17.8653944551969], [-58.8023244254323, 17.8694455932397], [-58.7384779808488, 17.8978009711148], [-58.6874008257209, 17.9059016761511], [-58.6643506214691, 17.9029106897219], [-58.6506811787762, 17.9066270941301], [-58.627810810956, 17.9180520389836], [-58.5554515076336, 17.9140020102943], [-58.5214000708817, 17.8532404880271], [-58.5384257892577, 17.8046163179041], [-58.5980158040227, 17.7762460956594], [-58.6439135103775, 17.7543915753556], [-58.6576058187876, 17.7478713689249], [-58.6874008257209, 17.7316552183634], [-58.7054719836616, 17.7199189310749], [-58.7342215519285, 17.6870532428314], [-58.7560712233802, 17.6870532428314], [-58.8363758621842, 17.6870532428314], [-58.8704272989361, 17.6627202225461], [-58.9129915953252, 17.6262145230697], [-58.9598123215327, 17.6140443136425], [-59.0220871617301, 17.5942581694522], [-59.0577102028682, 17.6059303840967], [-59.178664250574, 17.6364453440249], [-59.1693255759844, 17.697766354523]]]}, "properties": {"OBJECTID": 19, "id": 19, "name": "Longsister", "continent": "Westeros", "S2": null, "Shape__Area": 1567420586.5517578, "Shape__Length": 181460.1039562129}}, {"type": "Feature", "id": 20, "geometry": {"type": "Polygon", "coordinates": [[[-58.1906642164717, 18.2434481298458], [-58.144595944299, 18.2930202608925], [-58.1042699684253, 18.3185437479147], [-58.0106285169084, 18.3185437479147], [-57.8999613470156, 18.322584430887], [-57.868975483036, 18.322584430887], [-57.8414145574682, 18.3144949498987], [-57.8459372066145, 18.22252640411], [-57.8999613470156, 18.1689723101759], [-57.9382692126878, 18.1527947269241], [-58.0106285169084, 18.1082986537441], [-58.0509643526907, 18.05710532306], [-58.06263104817, 18.05710532306], [-58.0915006789696, 18.0233202368688], [-58.1553471235531, 17.990936705986], [-58.2106807084995, 17.990936705986], [-58.2617578636274, 18.0152249124198], [-58.2758653302427, 18.0225424904163], [-58.3085785898349, 18.0395097700649], [-58.3209436859218, 18.1355012155654], [-58.1906642164717, 18.2434481298458]]]}, "properties": {"OBJECTID": 20, "id": 20, "name": "Littlesister", "continent": "Westeros", "S2": null, "Shape__Area": 1283592622.2519531, "Shape__Length": 147267.33746662363}}, {"type": "Feature", "id": 21, "geometry": {"type": "Polygon", "coordinates": [[[-57.1678554523584, 17.7965110004923], [-57.2274454671233, 17.7843523338472], [-57.3040612002642, 17.8005637056446], [-57.3934462219625, 17.8370339064346], [-57.474318384922, 17.9099518899139], [-57.4649134658684, 18.0143280283701], [-57.3741855670249, 18.0527581367066], [-57.3028581396048, 18.0239212324092], [-57.2955483406271, 18.0111771102618], [-57.1933940303714, 17.9666451555214], [-57.1465733041638, 17.9585472301601], [-57.0997525788546, 17.9666451555214], [-57.0757960795839, 17.9666451555214], [-57.0444189930099, 17.9666451555214], [-56.9848289791432, 17.9342512270651], [-56.9720596896875, 17.8896998970401], [-56.9784264938738, 17.8606144744878], [-56.9868278546179, 17.8222273219112], [-57.0231368457137, 17.8127212679484], [-57.0563542524198, 17.7868443797313], [-57.0908321895056, 17.7776517777253], [-57.1678554523584, 17.7965110004923]]]}, "properties": {"OBJECTID": 21, "id": 21, "name": "Sweetsister", "continent": "Westeros", "S2": null, "Shape__Area": 1160590012.866211, "Shape__Length": 144566.51031520322}}, {"type": "Feature", "id": 22, "geometry": {"type": "Polygon", "coordinates": [[[-54.7320063493153, 17.38429113081], [-54.7615038998036, 17.3516364717373], [-54.9047309347674, 17.3851131983846], [-54.9275861578902, 17.4284962493897], [-54.9599922161132, 17.5003255524239], [-54.9162041843385, 17.5450643028796], [-54.8235990679609, 17.5487433127365], [-54.8140498740828, 17.5491226787514], [-54.8131105704689, 17.5495144975515], [-54.7459469996807, 17.577528761755], [-54.6778441261769, 17.6018732834278], [-54.5969719632174, 17.6140443136425], [-54.541638378271, 17.6140443136425], [-54.4874504453492, 17.5933841653819], [-54.4805465950484, 17.5700385835122], [-54.5181523482742, 17.4679860356689], [-54.649733807151, 17.38429113081], [-54.7320063493153, 17.38429113081]]]}, "properties": {"OBJECTID": 22, "id": 22, "name": "Pebble", "continent": "Westeros", "S2": null, "Shape__Area": 1065456550.2597656, "Shape__Length": 135124.57938318595}}, {"type": "Feature", "id": 23, "geometry": {"type": "Polygon", "coordinates": [[[-52.2162988842133, 17.734849767294], [-52.2050418591311, 17.7777611704397], [-52.0804134387068, 17.7975396026268], [-52.0236872449827, 17.789058682332], [-51.9419760178187, 17.7455744468958], [-51.8603436079393, 17.7572363104159], [-51.8231361533374, 17.7772635486157], [-51.8177487463727, 17.7799794957077], [-51.8091011340531, 17.7843389205177], [-51.7423250461728, 17.8179984219346], [-51.6805283172174, 17.8044211636534], [-51.6659937421087, 17.7859689393388], [-51.639968426332, 17.7529239962358], [-51.6377459664713, 17.7501018048431], [-51.6234851825898, 17.6731211635123], [-51.6338491241761, 17.6586375329375], [-51.6426988125189, 17.646269151112], [-51.7041179400345, 17.6196630407228], [-51.7375714518451, 17.6051696847182], [-51.8136289646819, 17.6051696847182], [-51.884932883191, 17.6368835636964], [-51.9704975846833, 17.6187620299545], [-51.9942655572202, 17.5915763162041], [-52.0465550975201, 17.5689184305034], [-52.0963399749078, 17.5576769298292], [-52.1534339451974, 17.5663692847894], [-52.2128063880005, 17.6505862923133], [-52.2162988842133, 17.734849767294]]]}, "properties": {"OBJECTID": 23, "id": 23, "name": "The Paps", "continent": "Westeros", "S2": null, "Shape__Area": 1336906452.5146484, "Shape__Length": 171048.0521035201}}, {"type": "Feature", "id": 24, "geometry": {"type": "Polygon", "coordinates": [[[-51.4758222433968, 7.62841514471107], [-51.3954948215206, 7.68571354695271], [-51.3221523929681, 7.77580067037383], [-51.3178885789979, 7.79956255367892], [-51.2598271608766, 7.77575872473373], [-51.255458585378, 7.60691711426087], [-51.4162379383238, 7.47599076216155], [-51.4537840272451, 7.5030640501924], [-51.4758222433968, 7.62841514471107]]]}, "properties": {"OBJECTID": 24, "id": 24, "name": "Claw Isle", "continent": "Westeros", "S2": null, "Shape__Area": 507417809.49658203, "Shape__Length": 95317.9057934751}}, {"type": "Feature", "id": 25, "geometry": {"type": "Polygon", "coordinates": [[[-52.3628894532476, 5.79258825468985], [-52.2441445694379, 5.78451123575167], [-52.2266820865776, 5.70376678167025], [-52.2336670790031, 5.62306908901493], [-52.3349494808507, 5.60693515961194], [-52.3768594398952, 5.55048112974017], [-52.4013069151811, 5.48196058523335], [-52.4851268341683, 5.46181390597424], [-52.6213342008384, 5.49404999311962], [-52.7121391122512, 5.47390156288662], [-52.7959590303402, 5.49404999311962], [-52.8169140094132, 5.54241813678845], [-52.8273914998481, 5.62306908901493], [-52.7680190579433, 5.6714820941754], [-52.600379220867, 5.65534255596963], [-52.4676643504097, 5.6714820941754], [-52.4082919085049, 5.72798520725736], [-52.3628894532476, 5.79258825468985]]]}, "properties": {"OBJECTID": 25, "id": 25, "name": "Dragonstone", "continent": "Westeros", "S2": null, "Shape__Area": 1375358571.4248047, "Shape__Length": 179220.76113593866}}, {"type": "Feature", "id": 26, "geometry": {"type": "Polygon", "coordinates": [[[-53.0912693454138, 5.38759378003721], [-53.0318969026106, 5.34334051939867], [-52.9620469711693, 5.26291605088379], [-52.9410919920962, 5.19860991201314], [-53.0179269168614, 5.11425319091321], [-53.1087318282742, 5.102206407232], [-53.1576267806425, 5.16245076587125], [-53.2135067254362, 5.13834989002561], [-53.2658941749156, 5.07410130538786], [-53.304311636849, 5.0179081477322], [-53.3811465616142, 5.02192119159978], [-53.419564024446, 5.07008675434669], [-53.5138614320715, 5.04600188570417], [-53.6046663434843, 5.08213075396583], [-53.6675312825002, 5.09016066796919], [-53.6780087720367, 5.0179081477322], [-53.7478587034781, 4.94970414884015], [-53.8002461529575, 5.00586971379925], [-53.7862761663099, 5.09417579810778], [-53.7478587034781, 5.23477845847966], [-53.7094412415447, 5.33529598295376], [-53.5976813501605, 5.32323004762471], [-53.4789364663508, 5.27095640777869], [-53.2868491539887, 5.29105933139361], [-53.1576267806425, 5.3634538960048], [-53.0912693454138, 5.38759378003721]]]}, "properties": {"OBJECTID": 26, "id": 26, "name": "Driftmark", "continent": "Westeros", "S2": null, "Shape__Area": 2446406735.142578, "Shape__Length": 265882.6847590386}}, {"type": "Feature", "id": 27, "geometry": {"type": "MultiPolygon", "coordinates": [[[[-50.7089289330552, -2.07201258950703], [-50.7343113668039, -2.01335301356897], [-50.7343113668039, -1.90070865491488], [-50.6608047684383, -1.82968992855068], [-50.5995492690518, -1.88601536164097], [-50.5947174278695, -1.90291756169896], [-50.5975180138027, -1.90244696126066], [-50.5848479495583, -1.98396826132114], [-50.5627959694198, -2.04028857073678], [-50.5039906905477, -2.08436396166142], [-50.4280338716677, -2.11129831673747], [-50.4157827717904, -2.20189223434303], [-50.5039906905477, -2.24351463313268], [-50.5872981691745, -2.19454698388734], [-50.6534541086916, -2.11619542247556], [-50.6779563075479, -2.09660690798051], [-50.7089289330552, -2.07201258950703]]], [[[-51.0375313596323, -0.967895032328914], [-50.9012870928654, -1.06154826564851], [-50.886711803413, -1.09277551009642], [-50.9009263249557, -1.13896394083911], [-51.0038355632065, -1.24185095493748], [-51.008736003337, -1.33983486957325], [-50.9566899513949, -1.36213411965604], [-50.934844290921, -1.36395407639228], [-50.9268050716107, -1.36462382127436], [-50.9009263249557, -1.36677977081933], [-50.8564689917004, -1.38862536293992], [-50.7695457176983, -1.43133742430827], [-50.7563633469424, -1.43781486429282], [-50.7318611471878, -1.54313866110906], [-50.7809258380256, -1.61824037312895], [-50.8102681856839, -1.6631524232797], [-50.8911254446945, -1.75866839000853], [-50.9082769847024, -1.8688730288017], [-50.9131774239347, -2.07212092012959], [-50.8764241252011, -2.18230481936578], [-50.8617228048093, -2.29982540158684], [-50.9768831438357, -2.37816710999134], [-51.0405888628384, -2.43692047932625], [-51.0619981451035, -2.50750535045834], [-51.0650910616947, -2.51770216373541], [-51.0329042507915, -2.62564904522404], [-51.0307879825772, -2.63274618114111], [-51.001385342692, -2.6816978871101], [-50.9572813833134, -2.80162121700817], [-50.9618274730986, -2.84702688733618], [-51.0828605411085, -2.87685302551591], [-51.1165456817184, -2.86524904998922], [-51.273918615022, -2.79157035811438], [-51.2847988588263, -2.79222610986536], [-51.4032214172306, -2.71596291888367], [-51.4889791154734, -2.60582191978636], [-51.5203312225944, -2.57919990576054], [-51.5368850972741, -2.54322829589537], [-51.5508550839217, -2.38369720888643], [-51.6207050153631, -2.28484220798881], [-51.6317723890208, -2.27717062606461], [-51.6408927532335, -2.26065292535989], [-51.6776460528654, -2.19944382094292], [-51.7413517718681, -2.13333517007869], [-51.7639482963588, -2.11550806937386], [-51.7879059508629, -2.09660690798051], [-51.8467112306333, -2.0476345536607], [-51.8834645302653, -1.98886575664092], [-51.9128671692522, -1.91785067288968], [-51.8712134303879, -1.79540401232306], [-51.8295596906254, -1.73662666762026], [-51.7070486927506, -1.72927936983076], [-51.6444834847141, -1.72341654354507], [-51.6286416533561, -1.72193204359604], [-51.569836374484, -1.69988989453], [-51.5404337345988, -1.66070323344526], [-51.530632855236, -1.57008113407317], [-51.5428839551133, -1.47700570070911], [-51.5489732589285, -1.44910548842983], [-51.5477843952439, -1.33738531773901], [-51.6016892339854, -1.16836062029843], [-51.6212909936094, -1.0409728876834], [-51.6114901142466, -0.967477584574578], [-51.5673861548679, -0.913580009436339], [-51.4228231768546, -0.896430609934031], [-51.3430755159846, -0.919465929831525], [-51.3125632779588, -0.928279430788888], [-51.1729007400761, -0.940528901497914], [-51.1271914634369, -0.940528901497914], [-51.0375313596323, -0.967895032328914]]]]}, "properties": {"OBJECTID": 27, "id": 27, "name": "Tarth", "continent": "Westeros", "S2": null, "Shape__Area": 17225697746.056763, "Shape__Length": 755653.5195617157}}, {"type": "Feature", "id": 30, "geometry": {"type": "Polygon", "coordinates": [[[-54.9592839843432, -7.4707682962153], [-54.9712049794047, -7.39984374971267], [-55.0054766426401, -7.34493950594217], [-55.0139561325594, -7.33135405576488], [-55.0178612860676, -7.28874651508013], [-55.0244172547914, -7.27313906101402], [-55.0373870536084, -7.24226093903892], [-55.0256715930839, -7.18802171183855], [-54.9319479097859, -7.16864898694239], [-54.8265087659634, -7.18802171183855], [-54.7751614083779, -7.22368097892069], [-54.7679314642391, -7.21514213841694], [-54.7132593151246, -7.21514213841694], [-54.6429665528757, -7.26550432809974], [-54.6234407853348, -7.34684669785101], [-54.7132593151246, -7.40493928624119], [-54.788193833245, -7.42543799955172], [-54.8226036124553, -7.47851223542728], [-54.8725027959713, -7.49787148206206], [-54.9294628121806, -7.49787148206206], [-54.9592839843432, -7.4707682962153]]]}, "properties": {"OBJECTID": 30, "id": 30, "name": " ", "continent": "Westeros", "S2": null, "Shape__Area": 1124130358.1279297, "Shape__Length": 134219.13581646085}}, {"type": "Feature", "id": 31, "geometry": {"type": "Polygon", "coordinates": [[[-57.2079458369639, -6.7962902630322], [-57.2048037106615, -6.76662172775404], [-57.1727593114769, -6.73466653622889], [-57.1715577869366, -6.73475176727605], [-57.1144813993721, -6.73176846563858], [-57.0309452653696, -6.72917595271247], [-57.0250395951647, -6.74194075566057], [-57.043509911417, -6.8214187860081], [-57.1017290916686, -6.83031209698645], [-57.1761291957382, -6.81975882843382], [-57.2079458369639, -6.7962902630322]]]}, "properties": {"OBJECTID": 31, "id": 31, "name": " ", "continent": "Westeros", "S2": null, "Shape__Area": 187209642.61035156, "Shape__Length": 54254.1096329467}}, {"type": "Feature", "id": 33, "geometry": {"type": "Polygon", "coordinates": [[[-47.5587083481332, -10.0125209701171], [-47.5667742501024, -10.0953030978339], [-47.5709789881646, -10.1046482697423], [-47.5707375524573, -10.1061219536593], [-47.597320760653, -10.1813540475605], [-47.6239039688487, -10.2173283523305], [-47.6687631329036, -10.2353139790722], [-47.7290812879019, -10.2560196753628], [-47.7402055051542, -10.2598381904991], [-47.7572378629784, -10.2933564390719], [-47.7584814610133, -10.295803595245], [-47.7601575628233, -10.2972278264426], [-47.7642824155038, -10.300732802844], [-47.7950333727316, -10.326861327769], [-47.8110197771548, -10.3389591279774], [-47.8382310864988, -10.3595503645579], [-47.8481094150122, -10.3684577611542], [-47.8781058987924, -10.3955043658519], [-47.9063505581741, -10.411845727065], [-47.9545326228043, -10.4379901225465], [-48.0027146883328, -10.462498497829], [-48.050896752963, -10.4951733193249], [-48.0570809332453, -10.4997338265348], [-48.0974173682038, -10.5294781675882], [-48.1688597404544, -10.5507125893916], [-48.190506019851, -10.5431123844624], [-48.2153803547969, -10.5343785489868], [-48.2552551679888, -10.4755688399628], [-48.2286719588948, -10.449427605081], [-48.1755055425033, -10.418382031666], [-48.1323078287361, -10.3481095890145], [-48.107386070828, -10.300707651496], [-48.1032099809386, -10.2961423034557], [-48.0650617539773, -10.2544351845417], [-48.0625269067732, -10.2516636636519], [-48.0176677427183, -10.1977065082674], [-47.9819606911348, -10.1695908868821], [-47.9678242269022, -10.15845919484], [-47.9670404001044, -10.1577919173916], [-47.9185137974268, -10.1164781284441], [-47.9129963602231, -10.0995791984041], [-47.9279494146086, -10.0505042972669], [-47.950663705538, -10.0407549887699], [-47.951209722229, -10.0390524134861], [-47.9927459848102, -10.0194196705821], [-48.0641883570608, -9.99324083145939], [-48.1588910369318, -10.0014219451382], [-48.200251829792, -10.0201362238105], [-48.2203647065582, -10.0292361911939], [-48.3615880007717, -10.0259640503963], [-48.3898326601535, -9.98833206408413], [-48.3715567042943, -9.95396862228047], [-48.3349325554508, -9.94564401390571], [-48.3283589905271, -9.94414983061028], [-48.3017757823314, -9.91469168751686], [-48.2906668678799, -9.89181006152451], [-48.2834998264722, -9.88686767740512], [-48.2502708162276, -9.84430875480275], [-48.2137189045093, -9.8213901377707], [-48.1804898942646, -9.80174434588967], [-48.1539066860689, -9.76408666008347], [-48.1503893720998, -9.76296847670371], [-48.1024017199651, -9.74771242419276], [-47.9993917868592, -9.73952500380629], [-47.9395795684188, -9.72314956250386], [-47.9333055745744, -9.71005405143076], [-47.9113349090371, -9.66419134021968], [-47.8648142946946, -9.59375548286652], [-47.8016791747805, -9.55771286497629], [-47.7568200107257, -9.55115925119375], [-47.6944667440108, -9.55115925119375], [-47.6928983528983, -9.55074218944055], [-47.4938260472124, -9.5543411727298], [-47.472871067241, -9.62270200050455], [-47.5195343457288, -9.68218393931998], [-47.5408314427879, -9.69858489634874], [-47.5624302992224, -9.76408666008347], [-47.5624302992224, -9.86722578112907], [-47.5441543433632, -9.94414983061028], [-47.5430777358514, -9.98126289330929], [-47.5587083481332, -10.0125209701171]]]}, "properties": {"OBJECTID": 33, "id": 33, "name": "Red Water", "continent": " ", "S2": null, "Shape__Area": 5470757897.1796875, "Shape__Length": 408626.13008227805}}, {"type": "Feature", "id": 37, "geometry": {"type": "Polygon", "coordinates": [[[-29.6987135320221, -13.7766184505897], [-29.6926045362375, -13.8263041280036], [-29.6857484367839, -13.8820535167195], [-29.705689063391, -14.0009375609812], [-29.7635880966517, -14.0009375609812], [-29.794467581237, -13.955990005181], [-29.8338184286832, -13.9106358030827], [-29.8678063563412, -13.8248430037396], [-29.8991838965645, -13.779135687535], [-29.9075323106057, -13.7669731375339], [-29.91412558277, -13.7573671526888], [-29.9154783692311, -13.7553961792557], [-29.9450050673554, -13.712372435], [-29.9565848741872, -13.6823711638671], [-29.9604448100972, -13.6186057722245], [-29.9064057118483, -13.5735845496694], [-29.825347064924, -13.5698323956599], [-29.7635880966517, -13.6073512695575], [-29.7514568706608, -13.6255725774006], [-29.7211288052345, -13.6711197005655], [-29.6979691915709, -13.7498686331734], [-29.6987135320221, -13.7766184505897]]]}, "properties": {"OBJECTID": 37, "id": 37, "name": " ", "continent": "Essos", "S2": null, "Shape__Area": 949189216.371582, "Shape__Length": 128668.02745703526}}, {"type": "Feature", "id": 39, "geometry": {"type": "MultiPolygon", "coordinates": [[[[-44.8176001924495, 17.3082855008064], [-44.8455401648464, 17.2558513517858], [-44.9118976000751, 17.2209049979515], [-44.9852400286275, 17.2776967820536], [-44.9503150629068, 17.3345091533419], [-44.8874501247892, 17.3432513457071], [-44.8176001924495, 17.3082855008064]]], [[[-45.0830299333641, 17.3563655478551], [-45.1528798648055, 17.2864358060588], [-45.1284323886213, 17.2165372518151], [-45.1633573552403, 17.2078021253655], [-45.2087598104976, 17.3039153179943], [-45.1738348447769, 17.3563655478551], [-45.0830299333641, 17.3563655478551]]], [[[-45.1249398924086, 17.081197544787], [-45.0515974638561, 17.0724699706603], [-45.0096875048116, 17.0288394067867], [-44.9957175190623, 16.9634163960192], [-45.0620749533927, 16.9895823119995], [-45.0830299333641, 17.0375645451562], [-45.1249398924086, 17.081197544787]]]]}, "properties": {"OBJECTID": 39, "id": 39, "name": " ", "continent": "Essos", "S2": null, "Shape__Area": 360910488.3027344, "Shape__Length": 146699.46836145944}}, {"type": "Feature", "id": 40, "geometry": {"type": "Polygon", "coordinates": [[[-41.204534151329, 14.3605494484763], [-41.1259529780083, 14.3412571605226], [-41.0700730323162, 14.2469746551038], [-41.0822967704083, 14.1720191144357], [-41.1731016818211, 14.1934311941743], [-41.2342203722815, 14.2962513709773], [-41.204534151329, 14.3605494484763]]]}, "properties": {"OBJECTID": 40, "id": 40, "name": " ", "continent": "Essos", "S2": null, "Shape__Area": 251136375.1743164, "Shape__Length": 62353.080015758926}}, {"type": "Feature", "id": 42, "geometry": {"type": "Polygon", "coordinates": [[[-9.18645687572434, -31.989228447261], [-9.16846657424408, -31.9753141016287], [-9.1345234707222, -31.9490563809129], [-9.12035981538416, -31.9189174770347], [-9.05898397229226, -31.8646461482805], [-9.02593544257132, -31.8083358127748], [-8.97400203667085, -31.7379063839424], [-8.88429888290291, -31.7258281316931], [-8.76626841666226, -31.6580563540937], [-8.76626841666226, -31.5928776876958], [-8.67184404384942, -31.5465077947387], [-8.67892587196759, -31.4759064940532], [-8.76862902573557, -31.4597625372044], [-8.88429888290291, -31.4940655458098], [-8.94331411602321, -31.4375606352581], [-9.02829605164462, -31.3527475034048], [-8.95511716228795, -31.3183993308082], [-8.90318375728581, -31.2638237653902], [-8.99052630198049, -31.1768498303079], [-9.00941117726169, -31.1282755927788], [-8.88665949197618, -31.1080298402533], [-8.77762180671995, -31.1460354919801], [-8.56807201149751, -31.2059099985034], [-8.47260543395327, -31.1633603836225], [-8.47119225106067, -31.1039802321685], [-8.4098164088671, -31.039165715921], [-8.37676787824783, -31.067526880722], [-8.31809385940842, -31.0912991496975], [-8.31257904618364, -31.1573923343579], [-8.1479687441654, -31.1573923343579], [-8.10722376170384, -31.1573923343579], [-7.99313749244857, -31.147628907848], [-8.00454611901478, -31.2354635250515], [-8.0273633730455, -31.3037229408307], [-7.98172886498406, -31.4011506561313], [-7.94750298438716, -31.4498266405235], [-7.95891161095334, -31.5471027527132], [-7.99313749244857, -31.644277576989], [-7.91327710379023, -31.702533781472], [-7.99313749244857, -31.7704531373726], [-8.10722376170384, -31.8480142449189], [-8.18708414946389, -31.8867703660345], [-8.27835316558674, -31.8286300739604], [-8.30667803284521, -31.7729615188793], [-8.35821355334675, -31.7510526892614], [-8.47229982260203, -31.7704531373726], [-8.60920334588799, -31.867394342222], [-8.84878451186305, -31.9835893230457], [-8.99709666171523, -32.0803062207975], [-9.08836567693978, -32.1382873016352], [-9.16822606559812, -32.2155380993242], [-9.27090370738886, -32.2444902470741], [-9.33935546948102, -32.225189839804], [-9.33935546948102, -32.1479472342513], [-9.28231233485337, -32.0803062207975], [-9.2312783123339, -32.0514741036609], [-9.18645687572434, -31.989228447261]]]}, "properties": {"OBJECTID": 42, "id": 42, "name": "Ax Isle", "continent": "Sothoryos", "S2": null, "Shape__Area": 10755346655.082764, "Shape__Length": 637891.9099360333}}, {"type": "Feature", "id": 43, "geometry": {"type": "Polygon", "coordinates": [[[-14.1002873640062, -33.6474314771167], [-14.0858165881473, -33.7834676160247], [-14.0035824435715, -33.7798702514722], [-13.9275249307346, -33.7735482705873], [-13.8514674178978, -33.8177923346911], [-13.8590731695408, -33.8620135234734], [-13.871256964942, -33.8721301270212], [-13.8802604745059, -33.8909330591175], [-13.930614887377, -33.896419164654], [-13.9962945563002, -33.9201890291467], [-14.0510276129875, -33.9549200697054], [-14.1079499924814, -34.0060820418719], [-14.1791029661751, -33.9960343063728], [-14.1817053774683, -33.9912686082761], [-14.2035540616715, -33.9512495308037], [-14.224918942907, -33.9400046489774], [-14.2618049542491, -33.9262328727698], [-14.3009984105694, -33.9115971486588], [-14.3152629098829, -33.9062698372946], [-14.3154182465618, -33.9062118231788], [-14.3248058820294, -33.9032900408387], [-14.376264257011, -33.8872724986032], [-14.376264257011, -33.8304292948026], [-14.3306297489495, -33.7861917650217], [-14.246966485368, -33.6849915747302], [-14.239360733725, -33.60267858041], [-14.2089377289496, -33.5836721011498], [-14.1404859668574, -33.6090131422798], [-14.1369407521139, -33.6341063851089], [-14.1002873640062, -33.6474314771167]]]}, "properties": {"OBJECTID": 43, "id": 43, "name": "Isle of Toads", "continent": "Sothoryos", "S2": null, "Shape__Area": 1609559865.2304688, "Shape__Length": 186589.1931012245}}, {"type": "Feature", "id": 44, "geometry": {"type": "Polygon", "coordinates": [[[-15.7379822447576, -35.3439303656319], [-15.8407398976941, -35.3862450518271], [-15.8800862607505, -35.3845567297975], [-16.0647410418092, -35.3766328632391], [-16.2936453865777, -35.3431263590435], [-16.3613653415135, -35.3332109986708], [-16.4961515365732, -35.3119258267863], [-16.5971436316671, -35.2959736805812], [-16.6275666364425, -35.1965903869599], [-16.4830573624118, -35.1157518141218], [-16.4529528661001, -35.0629663910392], [-16.4298171036057, -35.0223767797837], [-16.4222113519627, -34.9600674360154], [-16.5439033728609, -34.9351304210804], [-16.6085923168067, -34.9174511645507], [-16.6351723880855, -34.9101858224973], [-16.6732011445039, -34.835306547649], [-16.5819321292794, -34.6915974646348], [-16.4298171036057, -34.5852170359307], [-16.3675492055888, -34.5681272487755], [-16.3583003391715, -34.5374221654135], [-16.3309294656767, -34.5147034657928], [-16.2929135803197, -34.3971543559172], [-16.270096326289, -34.3155289238505], [-16.0495295394215, -34.2715438538795], [-15.9430490209109, -34.2715438538795], [-15.7985397468802, -34.2526860622397], [-15.5779729600127, -34.2463991917332], [-15.4486751874714, -34.3406529073807], [-15.3421946698592, -34.3971543559172], [-15.2509256546346, -34.4410735739222], [-15.1292336337364, -34.4285275794573], [-15.0683876232872, -34.4159797024058], [-15.0531761208995, -34.7103563116953], [-15.0988106289609, -34.8165760762793], [-15.1991278673926, -34.8604890863527], [-15.230313783491, -34.8687879601975], [-15.2649676116079, -34.8780086968145], [-15.4562809391144, -34.9288949819388], [-15.6160017164311, -34.9600674360154], [-15.7148764824004, -35.0286051052966], [-15.7452994880741, -35.0846386730782], [-15.6768477259819, -35.1592902584487], [-15.6572901374187, -35.1680112759047], [-15.5931844624004, -35.1965903869599], [-15.5627614567267, -35.258719221129], [-15.6464247212065, -35.2835574318015], [-15.6799142815112, -35.2881135769544], [-15.7379822447576, -35.3439303656319]]]}, "properties": {"OBJECTID": 44, "id": 44, "name": "Isle of Tears", "continent": "Sothoryos", "S2": null, "Shape__Area": 18216400504.36621, "Shape__Length": 616173.3911442145}}, {"type": "Feature", "id": 45, "geometry": {"type": "Polygon", "coordinates": [[[-23.2205545118806, -36.1147421838409], [-23.1581314990687, -36.1179330744025], [-23.143925442351, -36.143175620034], [-23.0979418624449, -36.1478172128552], [-23.0329812796353, -36.1503150557321], [-22.9772349646299, -36.2034948981727], [-23.0002267541338, -36.2266822550054], [-23.0979418624449, -36.231318900992], [-23.1240688962579, -36.2292113685167], [-23.1899090222571, -36.2823038664194], [-23.2416405497638, -36.2962030814574], [-23.3393556580748, -36.2962030814574], [-23.3643701562562, -36.2599050702722], [-23.3836638961457, -36.2441451283655], [-23.3644745566619, -36.2049486554509], [-23.33824162585, -36.1706432094823], [-23.3374798670655, -36.1521750802756], [-23.2844697485503, -36.1179250616206], [-23.2205545118806, -36.1147421838409]]]}, "properties": {"OBJECTID": 45, "id": 45, "name": " ", "continent": "Sothyrios", "S2": null, "Shape__Area": 715593055.6679688, "Shape__Length": 115419.24645828773}}, {"type": "Feature", "id": 46, "geometry": {"type": "Polygon", "coordinates": [[[-23.5692735585037, -37.079768564331], [-23.6037612432087, -37.0476619077712], [-23.6037612432087, -37.0109519492426], [-23.5944109650806, -36.9860599117363], [-23.5692735585037, -36.91909945641], [-23.5679734905734, -36.9071455991378], [-23.5429265578204, -36.8777745507989], [-23.5478535503541, -36.8117498472913], [-23.5381292236231, -36.7959484133695], [-23.5381292236231, -36.7374627773075], [-23.5809200364992, -36.702669278346], [-23.5861025718836, -36.6984545543929], [-23.6196839157557, -36.6594320773504], [-23.6196839157557, -36.6008716081248], [-23.6148865806602, -36.561813441737], [-23.6064360245779, -36.5557920502099], [-23.5765079016925, -36.5344642185586], [-23.557318563107, -36.500593563018], [-23.557318563107, -36.461265552807], [-23.5391422061583, -36.4286482071633], [-23.504547879751, -36.4132619093218], [-23.4325878569112, -36.4054376754817], [-23.3646664969937, -36.4137459538093], [-23.3106159200721, -36.4119335464233], [-23.2588843925654, -36.4535543794653], [-23.2703802877665, -36.5043939714848], [-23.3623474475787, -36.5367290688018], [-23.4025830807826, -36.5828986187113], [-23.3910871855815, -36.6336532494003], [-23.3393556580748, -36.6889838335819], [-23.3278597628737, -36.7442746347936], [-23.3680953951793, -36.8317369856264], [-23.4458704580933, -36.920615447351], [-23.4543146082893, -36.9925903168891], [-23.4580217533459, -37.009367162198], [-23.5263243600666, -37.0757373112936], [-23.5692735585037, -37.079768564331]]]}, "properties": {"OBJECTID": 46, "id": 46, "name": " ", "continent": "Sothyrios", "S2": null, "Shape__Area": 2019352093.0351562, "Shape__Length": 242048.32165944023}}, {"type": "Feature", "id": 47, "geometry": {"type": "Polygon", "coordinates": [[[-23.9247235773461, -37.16690125903], [-23.9247235773461, -37.100859996388], [-23.9822915957977, -37.0853149298277], [-24.020670273867, -37.0736546431264], [-24.0158729396698, -36.9919969084641], [-24.0093668400206, -36.9904896069586], [-23.9487102519255, -36.9764359598415], [-23.8869994585052, -36.9952015363293], [-23.8843262375097, -37.0161523131073], [-23.7712088623738, -37.0619930807454], [-23.7951955369532, -37.1552498895094], [-23.8287768808253, -37.2096120616327], [-23.8527635554047, -37.2678265218886], [-23.9151289080534, -37.2872242863169], [-23.9343182475372, -37.2212574952043], [-23.9247235773461, -37.16690125903]]]}, "properties": {"OBJECTID": 47, "id": 47, "name": " ", "continent": "Sothyrios", "S2": null, "Shape__Area": 629878960.1494141, "Shape__Length": 119066.79118421813}}, {"type": "Feature", "id": 50, "geometry": {"type": "MultiPolygon", "coordinates": [[[[-26.1402015124545, -34.5397059519991], [-26.1388811452937, -34.5336750645736], [-26.1452305589945, -34.5301595783738], [-26.2255647451848, -34.4879748039958], [-26.2300305067191, -34.4858545746673], [-26.2923958602661, -34.4579494367707], [-26.3019905295589, -34.4140838269561], [-26.2624797909752, -34.3910863565222], [-26.2540171812985, -34.3861600006855], [-26.2268629769587, -34.3748681953601], [-26.1806675967664, -34.3998394567175], [-26.1052998014216, -34.4061063332784], [-26.0333397785818, -34.4659230740237], [-26.014150439098, -34.513752451741], [-26.0252716389092, -34.5783991724621], [-26.0178992004068, -34.6249235748592], [-26.0638827812112, -34.6863898033121], [-26.1730937838251, -34.6958420996578], [-26.2018335209295, -34.643841115584], [-26.1252092699631, -34.5681599451164], [-26.1402015124545, -34.5397059519991]]], [[[-26.9614044675576, -35.0016034371265], [-26.8201026920292, -34.9154734978054], [-26.8196530097711, -34.915015530491], [-26.8168639052055, -34.8280608406466], [-26.8283598004066, -34.7336404882106], [-26.8685954336105, -34.6201935155939], [-26.9145790135167, -34.5160640344205], [-27.0582777008355, -34.4876424626859], [-27.1732366519483, -34.4449919399887], [-27.1962284414522, -34.2694221451607], [-27.1674887043477, -34.0220547008601], [-27.138748966345, -33.9362589149368], [-27.0899115106464, -33.9092423359563], [-26.968535553896, -33.8420608130533], [-26.8341077480072, -33.8074030152315], [-26.5811980571761, -33.7691861505888], [-26.3857678414523, -33.7309522334263], [-26.2248253113317, -33.7978503988185], [-25.9891594633023, -33.7882967154361], [-25.8799484606884, -33.8551501018138], [-25.7534936152729, -33.9219512010612], [-25.6385346641601, -33.969634231134], [-25.592551084254, -34.0172905402236], [-25.5465675043479, -34.1077638467933], [-25.4948359768412, -34.18863172664], [-25.4546003436374, -34.3026662540124], [-25.4359655988571, -34.4795064199952], [-25.4086167637313, -34.4971173968566], [-25.4086167637313, -34.5397412745726], [-25.4316085541335, -34.587075553624], [-25.5178277663452, -34.643841115584], [-25.5695592947501, -34.6627543413618], [-25.6155428746562, -34.7147434537892], [-25.6615264545624, -34.7714215966067], [-25.7879812999779, -34.7572557069794], [-25.8282169322834, -34.7100185201181], [-25.8249799834128, -34.6993741714531], [-25.8170982235005, -34.6734501484935], [-25.799477195179, -34.6154631874679], [-25.7305018248707, -34.5918074997341], [-25.7534936152729, -34.5397412745726], [-25.7266596881797, -34.5136142734908], [-25.6902661925651, -34.4781664520184], [-25.6730223497635, -34.4070620740016], [-25.698787576316, -34.3810767215995], [-25.7247538772701, -34.3548804168389], [-25.7597897597756, -34.3259512688002], [-25.8971923025918, -34.2124016589022], [-26.0471824200547, -34.1835512200356], [-26.1052998014216, -34.1465140199802], [-26.206043833038, -34.1465140199802], [-26.2971931944633, -34.1545108603595], [-26.3111932836561, -34.1482279823083], [-26.328288366345, -34.1505858979389], [-26.4030116842539, -34.1125229236286], [-26.4675775536159, -34.0947022063649], [-26.4719870545622, -34.0934850107288], [-26.5467103724711, -34.1077638467933], [-26.6271816370823, -34.1648550928877], [-26.655921375085, -34.2599214138701], [-26.655921375085, -34.3548804168389], [-26.6041898475783, -34.4118042484361], [-26.5294665296695, -34.4497319631458], [-26.44899526416, -34.4829045919057], [-26.4478833618407, -34.4841266312822], [-26.3972637366534, -34.5397412745726], [-26.3964709258044, -34.5411780052321], [-26.3685239995489, -34.5918074997341], [-26.3339068191025, -34.6691217564786], [-26.328288366345, -34.6816632503779], [-26.3347500227439, -34.6852055677038], [-26.3972637366534, -34.7194681167861], [-26.414507579455, -34.7808641728665], [-26.3915157890528, -34.8657987121854], [-26.3397842615461, -34.9412225158978], [-26.2995486292406, -34.9647782449371], [-26.2713915457176, -35.0134773458837], [-26.2923958602661, -35.0503687526053], [-26.3979372260798, -35.1930145874844], [-26.4145321636494, -35.1927292225388], [-26.4892308973639, -35.2703858920779], [-26.7076529025917, -35.3079198487037], [-26.8743433803128, -35.3923075968956], [-26.9433187506211, -35.4485170954746], [-27.0352859113316, -35.4719261429497], [-27.1274130790623, -35.4862159887176], [-27.1559928091466, -35.4906484749548], [-27.2192202318544, -35.5514659304354], [-27.2380148605855, -35.6164271389975], [-27.2422120222566, -35.6309268848553], [-27.2881956021627, -35.7056415857599], [-27.4203983951788, -35.742972705048], [-27.5526011872966, -35.7756230819789], [-27.669065094988, -35.7756230819789], [-27.6962998755138, -35.7756230819789], [-27.8457465113315, -35.8548610487423], [-27.8867533284439, -35.87411867938], [-27.8917300912377, -35.8781512796391], [-27.9147218816399, -35.9526340083191], [-27.9147218816399, -36.0363432122456], [-27.9262177759426, -36.1013889278568], [-27.9836972519482, -36.1385337525634], [-28.0411767270554, -36.1199635371981], [-28.0871603069615, -36.0920999760025], [-28.1216479916665, -36.0270465777368], [-28.1561356772698, -35.9665917111794], [-28.1618836248704, -35.8967785361586], [-28.1273959392671, -35.8222432280008], [-28.0871603069615, -35.7616317040044], [-28.0641685165593, -35.6776317676715], [-28.0814123593609, -35.6122372862888], [-28.0584205689587, -35.523402062319], [-27.9492095663448, -35.4578815318975], [-27.8629903532349, -35.3688754004994], [-27.7882670362243, -35.284463164659], [-27.6962998755138, -35.1999628350456], [-27.6100806633021, -35.1999628350456], [-27.584539498141, -35.2090933152586], [-27.5181135025916, -35.2328345363417], [-27.4146504475783, -35.2797710120967], [-27.3341791820688, -35.2985379909019], [-27.236464074656, -35.2703858920779], [-27.1789845995488, -35.1811730294853], [-27.0065461733289, -35.0495227958614], [-26.9614044675576, -35.0016034371265]]]]}, "properties": {"OBJECTID": 50, "id": 50, "name": "Naath", "continent": null, "S2": null, "Shape__Area": 29245805624.532227, "Shape__Length": 1481706.363821967}}, {"type": "Feature", "id": 52, "geometry": {"type": "MultiPolygon", "coordinates": [[[[-10.230268822509, -24.8247348132632], [-10.1820130052956, -24.7874208092098], [-10.1478314664395, -24.7760206361732], [-10.1191026780017, -24.7798849301837], [-10.062648645961, -24.7848450896582], [-10.0494617225432, -24.8018571272411], [-10.0609557034344, -24.8262294555642], [-10.0480798639046, -24.8583615734985], [-10.0419039669875, -24.9003821686227], [-10.0696955035635, -24.9563873790984], [-10.1191026780017, -24.9871793938882], [-10.171597802246, -25.0011732152589], [-10.1899359511672, -25.0015597230389], [-10.2200989322954, -25.0021954562989], [-10.2982036885967, -24.9871793938882], [-10.3074675335232, -24.9255876619242], [-10.2704121520208, -24.8695684626956], [-10.2504343971447, -24.8472585511539], [-10.230268822509, -24.8247348132632]]], [[[-9.24212531937099, -24.757453907065], [-9.26374095902988, -24.6789134461906], [-9.26704650595056, -24.6714041570789], [-9.28226864888278, -24.6368178293786], [-9.31314813346816, -24.5525840466651], [-9.33941796707195, -24.536902285629], [-9.41196248414128, -24.493586707019], [-9.39961069030713, -24.4345616774858], [-9.37365416571821, -24.4022194025594], [-9.37835907674744, -24.3836993511455], [-9.3440276180535, -24.3501922711728], [-9.29153249470757, -24.3192427178258], [-9.19971527180109, -24.339057705342], [-9.15195546296514, -24.4261946822521], [-9.12787122685437, -24.493586707019], [-9.10926526229918, -24.5300494155989], [-9.08772789734254, -24.572243665218], [-9.06920020659135, -24.6761075139049], [-9.04140867001536, -24.7686699251069], [-9.06920020659135, -24.8471536686362], [-9.13713507267912, -24.8527577480044], [-9.20506993786856, -24.8303399077071], [-9.24212531937099, -24.757453907065]]], [[[-10.0943990912317, -23.041046545989], [-9.98255951209532, -23.0597575255862], [-9.98014499871509, -23.0609363217769], [-9.96532283964624, -23.0626410237527], [-9.95702497560271, -23.0635953543121], [-9.90603423571026, -23.0694596115678], [-9.82574757578834, -23.0666185752366], [-9.77016450353471, -23.0325214565506], [-9.74854886477412, -23.001258184273], [-9.73798380836198, -22.9875279402296], [-9.68370194759404, -22.9529279729198], [-9.61351850043376, -22.9237385696578], [-9.56468670142655, -22.9298714212332], [-9.4891611951555, -22.9842024367079], [-9.35946736079534, -23.0097852496036], [-9.15716772539887, -22.9218268192552], [-9.13713507267912, -22.9131136537792], [-9.11423382616935, -22.9072540121279], [-9.08155200042549, -22.8988914176468], [-8.90043825963916, -22.8962431270847], [-8.89172611145118, -22.8961157341936], [-8.88701124798692, -22.8960467919332], [-8.79746074313858, -22.9102693255634], [-8.76040536163615, -22.9472409297106], [-8.72334998013372, -23.0154696607209], [-8.67703075370487, -23.1461449061634], [-8.69864639246543, -23.2454864872224], [-8.72643792904142, -23.3220709199862], [-8.71408613520727, -23.3844404433578], [-8.65850306295364, -23.4977643574286], [-8.56466889316393, -23.6076750813641], [-8.54424897043702, -23.6109909057326], [-8.47631410434925, -23.6788799509715], [-8.42381898100331, -23.7806473872121], [-8.45161051668096, -23.8795116494816], [-8.50101769201753, -23.9162134530915], [-8.57204050611467, -23.9641923903139], [-8.61218383652479, -23.9867645386412], [-8.63997537220244, -24.0234358413549], [-8.64923921802719, -24.0600966848015], [-8.62453563035894, -24.1305688679806], [-8.55660076427116, -24.1728335556093], [-8.47940205325694, -24.2516901972919], [-8.42690692901267, -24.3108006181626], [-8.38676359950088, -24.4092567714821], [-8.37132385765737, -24.5188746744095], [-8.46705025942279, -24.5694353367047], [-8.58439229994881, -24.5638184917009], [-8.65541511494428, -24.5020165945027], [-8.66601138152431, -24.4853610623513], [-8.72334998013372, -24.3951962987787], [-8.80318586814103, -24.3261048262093], [-8.84686791847512, -24.288285606557], [-8.95361100825505, -24.1648272052726], [-8.97347380482592, -24.1418408182385], [-8.99779139899303, -24.0629163149482], [-8.99817739249421, -24.0600966848015], [-8.99817739249421, -23.9811218723279], [-9.03214482508892, -23.9133906077081], [-9.11551943302023, -23.8653927977577], [-9.23903737136163, -23.8540966082975], [-9.29798911335428, -23.8810517940519], [-9.30079633963402, -23.8823352345434], [-9.35329146387825, -23.9275042194561], [-9.47680940132136, -23.9105676998333], [-9.48519530026274, -23.8722309440843], [-9.48607324714611, -23.8682166916061], [-9.51077683391606, -23.817377193032], [-9.55458464659334, -23.8138409376168], [-9.55709606124327, -23.811727129616], [-9.62111281742152, -23.7955695832356], [-9.62194297842335, -23.7947754642286], [-9.6261778783195, -23.7942910982151], [-9.6797598868024, -23.7881625126509], [-9.74546091676476, -23.7806473872121], [-9.78869219428591, -23.7862988024538], [-9.85353911236432, -23.8060768203139], [-9.91927636958543, -23.8245813865186], [-9.93382577138791, -23.8286765820287], [-9.99558474055859, -23.8343259075211], [-10.0696955035635, -23.8371504775855], [-10.0822484301897, -23.843413309512], [-10.1376303687529, -23.871040523051], [-10.149982162587, -23.9162134530915], [-10.1646272125094, -24.039320725774], [-10.1634044455076, -24.0594199650689], [-10.1623339564212, -24.0770135435409], [-10.1562516343123, -24.1069970330294], [-10.1468942145777, -24.1531117746771], [-10.1839495960801, -24.2066352348046], [-10.2395326674354, -24.2066352348046], [-10.250542283912, -24.2084072643368], [-10.2920277916797, -24.2150842550071], [-10.3273186304358, -24.2291647090786], [-10.3414349670162, -24.2347964549335], [-10.3554710957199, -24.2368443010391], [-10.3838246389989, -24.2409809308873], [-10.4186336780304, -24.2460591990836], [-10.4520864523242, -24.210859815753], [-10.4587770075422, -24.2038187707985], [-10.4587770075422, -24.1587468801053], [-10.4561766300348, -24.1468832109233], [-10.4371613687816, -24.0600966848015], [-10.440249316791, -23.9416162887622], [-10.4589941294481, -23.8216366476344], [-10.4433372656987, -23.7552129790269], [-10.4433372656987, -23.6279664682135], [-10.5174480278053, -23.5289113793017], [-10.52671187363, -23.4297816697818], [-10.4433372656987, -23.3532593459222], [-10.3846662445374, -23.2965476705017], [-10.3445229150256, -23.2142728017575], [-10.3136434304402, -23.1234279040122], [-10.230268822509, -23.0609363217769], [-10.0943990912317, -23.041046545989]]]]}, "properties": {"OBJECTID": 52, "id": 52, "name": "Ghaen", "continent": "Essos", "S2": null, "Shape__Area": 28108964602.013916, "Shape__Length": 1157319.2900411522}}, {"type": "Feature", "id": 53, "geometry": {"type": "Polygon", "coordinates": [[[-28.0726121196813, -20.2872934210336], [-28.0726121196813, -20.1694006901653], [-28.0637013512891, -20.0345189032276], [-28.0191475084296, -19.9754586585361], [-27.9806490463053, -19.9253130441624], [-28.0122265362394, -19.8105636754166], [-27.9869446724801, -19.7206097106284], [-28.0013259716451, -19.6204631894912], [-28.0191475084296, -19.510362797302], [-28.0013259716451, -19.4086387446435], [-28.1528090361097, -19.3577432229556], [-28.2240951850442, -19.2389000506628], [-28.2240951850442, -19.1624365055718], [-28.0547905828968, -19.0093580455892], [-28.0415991688009, -18.8770027799512], [-28.1379564133729, -18.7189612015925], [-28.1329298749293, -18.7109401351669], [-28.1795413421847, -18.6599237747057], [-28.1973628789691, -18.5574510945606], [-28.1171659625408, -18.4805372270267], [-27.9567721287856, -18.3779061512337], [-27.7963782950305, -18.3950176256021], [-27.7963782950305, -18.4890857271515], [-27.8052890643211, -18.6769937692022], [-27.84093213789, -18.8219875048693], [-27.8648160443025, -18.9760989301041], [-27.7340029153866, -19.0944265695132], [-27.7161813786021, -19.3322870812136], [-27.6894490734254, -19.4934149875118], [-27.6627167673504, -19.5865972867664], [-27.6092521560987, -19.6373924296857], [-27.6181629244909, -19.7980969418052], [-27.696829136828, -19.8726912492048], [-27.7234184670424, -19.93935972418], [-27.8460771497466, -20.2633228316828], [-27.8493147885233, -20.2823045664049], [-27.8503036261403, -20.2881014963826], [-27.8767418210964, -20.4430113055156], [-27.8920741558729, -20.5579019154091], [-28.0377313420894, -20.5794343046816], [-28.0760621803783, -20.4430113055156], [-28.0532519862074, -20.3147162465116], [-28.0726121196813, -20.2872934210336]]]}, "properties": {"OBJECTID": 53, "id": 53, "name": " ", "continent": "Essos", "S2": null, "Shape__Area": 8896647647.575195, "Shape__Length": 612730.8119417013}}, {"type": "Feature", "id": 54, "geometry": {"type": "Polygon", "coordinates": [[[-28.1479882055779, -22.9027130559343], [-28.0598941132485, -22.7995707961365], [-28.0569550520143, -22.7345292153483], [-28.0032918789488, -22.7345292153483], [-27.8423023579558, -22.7981493255508], [-27.765640681378, -22.8899926261563], [-27.7670357713025, -22.920834671606], [-27.7470036225376, -22.9356379860344], [-27.7024497796781, -23.0343554228919], [-27.5955205571747, -23.1494171807045], [-27.4975021030635, -23.2151143329034], [-27.4921653341315, -23.2261758823875], [-27.451327806331, -23.3693870669851], [-27.4232019069248, -23.421014285927], [-27.3976646332655, -23.467872438017], [-27.4206631358796, -23.608438370083], [-27.4329623162858, -23.645998934514], [-27.4436616393919, -23.6786649177559], [-27.3746661297532, -23.7207827434725], [-27.2407138937724, -23.7502119437846], [-27.2034467425266, -23.8128470505339], [-27.1938563572995, -23.8392107740672], [-27.1906781061461, -24.022228078409], [-27.1140164295683, -24.106226782206], [-26.9223622381238, -24.1691896818463], [-26.8815501218661, -24.2250292721949], [-26.9183021494836, -24.3424316840691], [-26.9102921945903, -24.4519784872022], [-26.8610328963226, -24.5672315038034], [-26.891697566774, -24.6299654098185], [-27.0220224173156, -24.6926678402677], [-27.0603532556045, -24.7901422531087], [-27.1906781061461, -24.8388507743136], [-27.3286691245252, -24.7831823302466], [-27.405330801103, -24.6787366904366], [-27.3714398555631, -24.5863161324928], [-27.3516676271392, -24.5323657550243], [-27.3286691245252, -24.2670702589407], [-27.3865760701469, -24.190794793147], [-27.4666601420059, -24.0502337558844], [-27.6736466691253, -23.8190047499789], [-27.8499685257932, -23.7488537393906], [-27.9342963693102, -23.6646226232502], [-27.9493872324468, -23.5839701427081], [-27.9875943727211, -23.5430297806257], [-28.0054159095056, -23.3545944102977], [-27.9023138514723, -23.360175107091], [-27.9114763915875, -23.2336405741521], [-27.9036953121573, -23.2240831388642], [-27.9430405298616, -23.1412023577182], [-28.0588805207572, -23.0836819125777], [-28.2014528168296, -23.0343554228919], [-28.2549174280813, -22.9109451852329], [-28.1479882055779, -22.9027130559343]]]}, "properties": {"OBJECTID": 54, "id": 54, "name": " ", "continent": "Essos", "S2": null, "Shape__Area": 12120153627.850098, "Shape__Length": 697488.5501914235}}, {"type": "Feature", "id": 55, "geometry": {"type": "Polygon", "coordinates": [[[-26.5882345392371, -19.5461470597046], [-26.5693451373451, -19.5171123402023], [-26.5658271496396, -19.3545542201661], [-26.3818391260325, -19.1519070897272], [-26.2909954244674, -19.0886623684315], [-26.2697214060263, -19.0738480568785], [-26.2632718211882, -19.0693565815038], [-26.236181939816, -19.0070064227544], [-26.1671864310757, -19.0070064227544], [-26.0675262518838, -19.0287495966163], [-25.9908645744077, -19.3256199726842], [-25.7608795446743, -19.4846947327717], [-25.7685457125118, -19.6002874752993], [-25.7916889912102, -19.6656809458436], [-25.7992103829632, -19.6869275976561], [-25.8407184357496, -19.891975220042], [-25.8605397247644, -19.9897979477313], [-25.9177615819128, -20.0087760181726], [-25.9908645744077, -20.033017860505], [-26.01386307792, -20.1985839117627], [-26.01386307792, -20.2481663515866], [-26.01386307792, -20.457377340023], [-26.0782699499683, -20.5018355549904], [-26.12637388183, -20.670213214184], [-26.1530754637257, -20.6948546518391], [-26.1441879284616, -20.7945906880458], [-26.1978511015271, -20.8734047307467], [-26.2054354561984, -20.958419750588], [-26.2055172693646, -20.959336557945], [-26.1211894249493, -21.0380640603773], [-26.01386307792, -21.0881417364625], [-25.875872059541, -20.9235376166988], [-25.8682058926019, -20.8089235812448], [-25.8686006940844, -20.8022805578864], [-25.875872059541, -20.6798785804846], [-25.8031771303572, -20.6586236373749], [-25.8022768495592, -20.6583603894718], [-25.7762118803492, -20.6583603894718], [-25.6688855324216, -20.644013236452], [-25.5768915210672, -20.586611093097], [-25.4465666705256, -20.6224899678129], [-25.2395801434062, -20.6727061889127], [-25.1564432207159, -20.6833127175814], [-25.0709244545757, -20.6942223460092], [-25.1219775600068, -20.7698221187678], [-25.1180640665395, -20.7796419283586], [-25.2259062962735, -21.0026165306322], [-25.2395801434062, -21.016597042569], [-25.3239079878215, -21.1453527029395], [-25.4465666705256, -21.3025688322124], [-25.2855771495326, -21.4382112081248], [-25.2735586989408, -21.473365867225], [-25.2319139755688, -21.5951133772372], [-25.5319060233407, -21.6463372580338], [-25.5385606827783, -21.7019947818678], [-25.5845576889047, -21.8230311686614], [-25.8068765508007, -21.8230311686614], [-25.9218690656674, -21.8514954678508], [-25.9678660717937, -21.9084070523974], [-26.1135232571119, -21.9652959106546], [-26.4661669704478, -21.9866233646258], [-26.596491820091, -22.0292686547142], [-26.5984202209351, -22.0342738807891], [-26.6348226583799, -22.1287243668601], [-26.6097353032357, -22.1884701906617], [-26.5811594853145, -22.2564928814813], [-26.5121639765741, -22.3699671117044], [-26.5351624791881, -22.5612451220085], [-26.6194903236034, -22.6249456717916], [-26.7344828384701, -22.6249456717916], [-26.7881460124339, -22.7098338326878], [-26.8370540577474, -22.832237502088], [-26.8418091854993, -22.8441324478607], [-26.8801400237882, -23.006527146253], [-26.8571415211742, -23.1475812941057], [-26.8059605522406, -23.3043582047498], [-26.7881460124339, -23.3588842312746], [-26.772813676759, -23.5698511471374], [-26.9031385273006, -23.6120040032577], [-27.0411295447813, -23.4855048520743], [-27.1177912213591, -23.3448077966599], [-27.2251175692867, -23.175774349443], [-27.2051188710881, -22.9119996520791], [-27.3171115815394, -22.8088035267647], [-27.3324439163159, -22.6320216899626], [-27.4781011025324, -22.4762652766926], [-27.5394304434354, -22.3628776758336], [-27.6007597843383, -22.1642272758661], [-27.6774214618144, -22.0292686547142], [-27.6237582878506, -21.8586106572131], [-27.6237582878506, -21.7376043117123], [-27.6544229583021, -21.5024189305463], [-27.5624289460494, -21.3739752204671], [-27.493433437309, -21.1382025387888], [-27.3707747546048, -21.0595279858996], [-27.3017792458645, -20.8089235812448], [-27.2251175692867, -20.7013937206097], [-27.1148589370154, -20.6742492315178], [-27.0794603830702, -20.6655334585429], [-26.9184708620772, -20.6153148685598], [-26.8954723594631, -20.5148280328325], [-26.8844827305016, -20.4067167745452], [-26.8801400237882, -20.3639741357431], [-26.828365705033, -20.3441162102497], [-26.7114843358561, -20.2992772383591], [-26.7038181680186, -20.1913890359834], [-26.7779339553008, -20.0986134706397], [-26.7779339553008, -20.0733943664175], [-26.7779339553008, -20.0186776816935], [-26.7305091012849, -19.8388942973519], [-26.5882345392371, -19.5461470597046]]]}, "properties": {"OBJECTID": 55, "id": 55, "name": " ", "continent": "Essos", "S2": null, "Shape__Area": 64727748315.90137, "Shape__Length": 1640339.7599445088}}, {"type": "Feature", "id": 56, "geometry": {"type": "Polygon", "coordinates": [[[-25.3248650304673, -19.7202288983376], [-25.2483076051748, -19.6520560078391], [-25.2855771495326, -19.4413261442029], [-25.1629184668284, -19.2315483085551], [-25.1015891259255, -19.2243097906081], [-25.076691693497, -19.3829192099004], [-25.0524502971273, -19.3814763732437], [-25.0314953171558, -19.4945045919204], [-25.1502402009655, -19.6339747711061], [-25.1362702152162, -19.7732762670179], [-25.1851651675845, -19.9124094315324], [-25.2689850856735, -19.9190306276063], [-25.3318500237911, -19.8262992070399], [-25.3248650304673, -19.7202288983376]]]}, "properties": {"OBJECTID": 56, "id": 56, "name": " ", "continent": "Essos", "S2": null, "Shape__Area": 1462429282.8579102, "Shape__Length": 197236.85348681992}}, {"type": "Feature", "id": 57, "geometry": {"type": "Polygon", "coordinates": [[[-24.0583362052338, -19.997939692685], [-23.9742309516678, -19.9633584695014], [-23.9742309516678, -19.9219527255626], [-23.9742309516678, -19.9150507136653], [-23.9742309516678, -19.8460140343305], [-23.9742309516678, -19.7907630607717], [-23.9301839014607, -19.7700389990057], [-23.907908826518, -19.7719446357849], [-23.8494309754822, -19.7769473193965], [-23.7613368741696, -19.7700389990057], [-23.7026074732947, -19.7631303792111], [-23.6365368970857, -19.7631303792111], [-23.5411016213375, -19.8114844255429], [-23.4823722204625, -19.8483157414358], [-23.4823722204625, -19.9219527255626], [-23.4823722204625, -19.9721645466976], [-23.588334219713, -20.0080099527955], [-23.8012798254742, -20.0850929522477], [-23.8037617142973, -20.1156244738648], [-23.837928598038, -20.1299906793542], [-23.9301839014607, -20.1357652269929], [-23.9301839014607, -20.1692631089974], [-23.9301839014607, -20.2528933724341], [-24.0085849607703, -20.2574904186012], [-24.0476427032107, -20.2597805184549], [-24.1210544538554, -20.2597805184549], [-24.1651015049608, -20.2735538937304], [-24.2091485551678, -20.2735538937304], [-24.2283472946228, -20.2721685517471], [-24.304583830916, -20.2666673589157], [-24.2752191304785, -20.2184530636253], [-24.2074084106647, -20.2184530636253], [-24.1879363390216, -20.1684838075426], [-24.0552214685643, -20.0362899986138], [-24.0583362052338, -19.997939692685]]]}, "properties": {"OBJECTID": 57, "id": 57, "name": " ", "continent": "Essos", "S2": null, "Shape__Area": 2561846447.779785, "Shape__Length": 261993.64243274205}}, {"type": "Feature", "id": 58, "geometry": {"type": "Polygon", "coordinates": [[[-26.2039975040585, -22.4100462276136], [-26.1687810628758, -22.3928472395196], [-26.1367527983321, -22.3282217792157], [-26.0633410476875, -22.307848031418], [-25.982588121709, -22.3282217792157], [-25.8871528450625, -22.3621714139423], [-25.7770352186464, -22.4029000526896], [-25.7719613398856, -22.4985011517075], [-25.7417724172086, -22.6991719096376], [-25.8337664294613, -22.7981493255508], [-25.8685881643828, -23.0043583152456], [-25.8297452252965, -23.0695239842284], [-25.8030129201198, -23.1927511155326], [-25.822654771555, -23.2681309188646], [-25.810767925949, -23.2919543379735], [-25.8874296025268, -23.5100579853638], [-26.0372467691448, -23.6528564567159], [-26.0372467691448, -23.7573943505306], [-26.0447906996282, -23.7621102220584], [-26.0346929019111, -23.8477136828526], [-26.0614252070878, -23.9537890892668], [-26.082425671457, -23.9778119083586], [-26.0790837948696, -24.0012198146946], [-26.1174146331585, -24.1761836441969], [-26.2017424775738, -24.2181393715087], [-26.2477394828018, -24.0502337558844], [-26.2369205696769, -23.9994137818975], [-26.2485513460196, -23.9864077386655], [-26.2396405776274, -23.8803628299911], [-26.2333168063365, -23.7470741733001], [-26.2574621144119, -23.7415390457804], [-26.3465698001308, -23.5943638671062], [-26.4089451797747, -23.4879519003861], [-26.382212874598, -23.3568462759707], [-26.3643913369153, -23.1927511155326], [-26.3179440772022, -23.0803505144975], [-26.2931051888791, -23.0201956805676], [-26.2931051888791, -22.8939999306594], [-26.2657955858766, -22.830241894257], [-26.3397334950545, -22.6142771509245], [-26.3244011593796, -22.5010026079877], [-26.2707700319153, -22.4624596422148], [-26.2745878718728, -22.4487405773699], [-26.2039975040585, -22.4100462276136]]]}, "properties": {"OBJECTID": 58, "id": 58, "name": " ", "continent": "Essos", "S2": null, "Shape__Area": 10019380425.482422, "Shape__Length": 535584.5278421916}}, {"type": "Feature", "id": 59, "geometry": {"type": "Polygon", "coordinates": [[[-22.35438792674, -22.6106854203525], [-22.2468859985986, -22.4363163951765], [-22.1609607025714, -22.4407286096398], [-22.1609478907989, -22.4407321624519], [-22.1227079458471, -22.486832607589], [-22.1494402510238, -22.6354398250989], [-22.1645312614841, -22.69689863814], [-22.1194499036353, -22.8723889794417], [-22.1807792445382, -23.1687266418404], [-22.2114439149896, -23.3096101817022], [-22.2421085863394, -23.492535774181], [-22.3264364298563, -23.5417417234271], [-22.4337627777839, -23.5979545558363], [-22.7404094840951, -23.5417417234271], [-22.9473960112145, -23.4714418840424], [-23.0583386405061, -23.4750762303454], [-23.0583386405061, -23.6184984534503], [-23.1160517000451, -23.7594321545306], [-23.0930531965327, -23.9277171758876], [-22.9790712037156, -24.0145097420582], [-22.9090651729256, -24.0677874271741], [-22.9263764863917, -24.0835927834441], [-23.0087253530158, -24.1587512045067], [-23.0317238556298, -24.2356700024614], [-22.8630681667993, -24.3544530904284], [-22.6944124779688, -24.480102024334], [-22.646814183526, -24.5044008359961], [-22.6637478075173, -24.5916847630135], [-22.7327433162577, -24.6613735376763], [-22.6637478075173, -24.7519107844761], [-22.6074902558939, -24.8370301329725], [-22.594752298777, -24.8562949248566], [-22.418430442109, -24.8910700907767], [-22.4874259508494, -25.1203401703671], [-22.5870861309395, -25.224412081584], [-22.7710741545466, -25.3768898627401], [-22.955062179052, -25.4184413842243], [-23.0163915199549, -25.5153392334476], [-23.2003795444603, -25.5568429711551], [-23.2065826208046, -25.551848450557], [-23.3230382271644, -25.6190716253015], [-23.3843675680674, -25.7572414677169], [-23.5146924186089, -25.826266209407], [-23.6373511013131, -25.7296203261911], [-23.8213391249202, -25.695084873876], [-23.8037276591649, -25.5640859570761], [-24.0666564903285, -25.5706743569887], [-24.4039678679895, -25.5914184415092], [-24.6492852333978, -25.5360928972976], [-24.794942418716, -25.4115171241798], [-24.9405996049324, -25.3491809040203], [-25.0325936162868, -25.2729485405346], [-24.955931939709, -25.1133988857503], [-24.9789304432213, -24.981439677851], [-24.976986894985, -24.958535209166], [-24.955931939709, -24.7101325423427], [-24.8562717605172, -24.528931677719], [-24.8179409222283, -24.1867270445048], [-24.6799499038492, -23.9347243066974], [-24.6684190318442, -23.6392873059946], [-24.595622059434, -23.5909292684858], [-24.5112942150188, -23.5065964933222], [-24.5266265506936, -23.4292439873467], [-24.6025253941019, -23.3912524671601], [-24.6109543951089, -23.3870326186801], [-24.6492852333978, -23.2532746194145], [-24.7796100839394, -22.9218237645618], [-24.7872762508785, -22.8088035267647], [-24.7388747080615, -22.7322962758592], [-24.6262867298855, -22.5541654655617], [-24.5802897237591, -22.3345163241407], [-24.6109543951089, -22.0719011056406], [-24.7875761740974, -22.0337044821948], [-24.8645824327401, -21.7346589116867], [-24.7357304392771, -21.4939003262124], [-24.5999015957183, -21.3577140049375], [-24.6177231325028, -21.2992939659219], [-24.6967131353975, -21.1437879982282], [-24.6796299967086, -21.1405827969609], [-24.6711877437545, -20.9900046260724], [-24.6468652331078, -20.9696926604135], [-24.6722837360118, -20.8232551127847], [-24.5419588854702, -20.7945906880458], [-24.4652972088924, -20.8734047307467], [-24.3119738557368, -20.8519140844608], [-24.2659768496105, -20.9450180091813], [-24.2966415209602, -21.0666819390974], [-24.2046475087075, -21.2454187204365], [-24.2165957038576, -21.4846510334105], [-24.1989170117797, -21.5077997573897], [-24.1098093269591, -21.4661290716399], [-24.0563447157074, -21.3577140049375], [-23.8692185767755, -21.3326805076136], [-23.8333880921805, -21.2949210542908], [-23.7753421187939, -21.159651995835], [-23.6373511013131, -20.9808118123626], [-23.5524928834693, -20.9279810475923], [-23.5364008335755, -20.9179604060796], [-23.47636158032, -20.8805675969425], [-23.3526505518033, -20.80146139517], [-23.2840031375406, -20.7575473400998], [-23.1850472087854, -20.6942223460092], [-22.978060681666, -20.4645598526424], [-22.9203302469128, -20.4217350200046], [-22.8349919720761, -20.3584086725275], [-22.7940726580589, -20.3280347566151], [-22.7327433162577, -20.3064671190033], [-22.5180906221992, -20.428643928209], [-22.5027582865243, -20.687050632322], [-22.4976247425606, -20.7902703392352], [-22.4957215628165, -20.8285194946722], [-22.6484432881752, -21.1154932098311], [-22.7553725106786, -21.2324915672791], [-22.7910155851459, -21.2992939659219], [-22.7732402801575, -21.415801241549], [-22.6407493049033, -21.5166834671943], [-22.617750801391, -21.7518456545227], [-22.7020786458062, -21.7732050197401], [-22.7721309865457, -21.7786261481669], [-22.7999263535381, -21.8240004107985], [-22.9692309556854, -21.9734741576682], [-22.9692309556854, -22.1476128026095], [-22.9959632608621, -22.4041891702778], [-22.9409396782321, -22.5470310935857], [-22.7864064902215, -22.6603221218873], [-22.5410891248132, -22.7169054739884], [-22.4035660604252, -22.7169054739884], [-22.35438792674, -22.6106854203525]]]}, "properties": {"OBJECTID": 59, "id": 59, "name": " ", "continent": "Essos", "S2": null, "Shape__Area": 132778244859.60254, "Shape__Length": 2236609.585105961}}, {"type": "Feature", "id": 60, "geometry": {"type": "Polygon", "coordinates": [[[-22.6490495665504, -24.0504970138387], [-22.642353451659, -24.048455372193], [-22.642353451659, -24.008671627237], [-22.583624050784, -23.9684290655966], [-22.524894649909, -23.9684290655966], [-22.4514828992644, -23.9952588373606], [-22.4349996896582, -24.0354091473047], [-22.4294593741608, -24.048901602491], [-22.4000946737233, -24.1360232988102], [-22.3380587755101, -24.1577955025059], [-22.2689904933503, -24.2335088760972], [-22.3178854457185, -24.3100273001919], [-22.4994952685441, -24.2526433600625], [-22.5187842536509, -24.1695859987382], [-22.6490495665504, -24.0504970138387]]]}, "properties": {"OBJECTID": 60, "id": 60, "name": " ", "continent": "Essos", "S2": null, "Shape__Area": 821381431.2021484, "Shape__Length": 129760.37411101608}}, {"type": "Feature", "id": 62, "geometry": {"type": "Polygon", "coordinates": [[[-21.807422678641, -22.6056938956079], [-21.7598039223726, -22.5397376526619], [-21.685059409613, -22.5397376526619], [-21.6586359883501, -22.5049300920461], [-21.6586359883501, -22.4300458513338], [-21.6586359883501, -22.4029000526896], [-21.5812203171267, -22.4029000526896], [-21.559534923286, -22.374306322418], [-21.5411771874984, -22.3282217792157], [-21.5118124870609, -22.2670916194077], [-21.4751066112894, -22.2670916194077], [-21.4530830861859, -22.2670916194077], [-21.4462478132738, -22.2797421457814], [-21.4310595610823, -22.307848031418], [-21.4206712571855, -22.3302714757601], [-21.4894796001398, -22.4231584470203], [-21.5201274711971, -22.4530804575786], [-21.5778830623715, -22.4571863421065], [-21.6130074262375, -22.5437211961625], [-21.6221944705971, -22.552683522396], [-21.7068655747571, -22.6415681466496], [-21.7482480574398, -22.6475985165479], [-21.807422678641, -22.6056938956079]]]}, "properties": {"OBJECTID": 62, "id": 62, "name": " ", "continent": "Essos", "S2": null, "Shape__Area": 549910889.034668, "Shape__Length": 141854.5731170543}}, {"type": "Feature", "id": 63, "geometry": {"type": "Polygon", "coordinates": [[[-22.328910578795, -21.2340983525859], [-22.3266234294541, -21.1976501533965], [-22.3609924763545, -21.0988160888688], [-22.330327805903, -20.9843362953588], [-22.2383337936503, -20.9127418142282], [-22.1770044518491, -20.9485433359087], [-22.2076691231988, -21.041587191803], [-22.2000029553614, -21.1417232962931], [-22.167643252902, -21.236549377453], [-22.1233412787836, -21.2489369234744], [-22.0850104404947, -21.3346517122265], [-22.1003427752713, -21.3989049637836], [-22.131007446621, -21.5273267266399], [-22.131007446621, -21.641384185785], [-22.1386736135602, -21.7980661374727], [-22.2230014579754, -21.9616869623176], [-22.2941873010253, -22.0804735213841], [-22.330327805903, -22.2812693083666], [-22.4836511590586, -22.394723397985], [-22.6369745122142, -22.2883628911709], [-22.6135250580225, -22.2259687572322], [-22.6446406800517, -22.1251195846845], [-22.6599730148282, -22.025661332859], [-22.6382013863135, -22.0189336244285], [-22.6093117635073, -22.0100058718152], [-22.5449804999615, -21.990123577499], [-22.4941750142402, -22.0424575899732], [-22.4759849912212, -22.0611901741266], [-22.4376541529323, -22.1251195846845], [-22.4241162433599, -21.9703622045238], [-22.4027093326472, -21.9397914541286], [-22.4146556503183, -21.812301477743], [-22.3060259520163, -21.6639123345444], [-22.3149405921474, -21.5348341282869], [-22.3009706063981, -21.4041764830507], [-22.328910578795, -21.2340983525859]]]}, "properties": {"OBJECTID": 63, "id": 63, "name": " ", "continent": "Essos", "S2": null, "Shape__Area": 4102650577.7006836, "Shape__Length": 443732.90679795534}}, {"type": "Feature", "id": 64, "geometry": {"type": "Polygon", "coordinates": [[[-21.7699053627582, -21.5265248310262], [-21.7626897781892, -21.4633037685888], [-21.7636301624764, -21.3144489807313], [-21.7648093396273, -21.2254418622532], [-21.767167693031, -21.1605756819006], [-21.7483008604122, -21.1121823873994], [-21.725662308241, -21.0853751023354], [-21.7176422571822, -21.07587705399], [-21.6901575204285, -21.0746558040544], [-21.6681168204351, -21.0736764454668], [-21.6209497379899, -21.0846791614924], [-21.6091579673786, -21.1275819673351], [-21.619770560839, -21.2177473641926], [-21.6263933363722, -21.2418233321872], [-21.6315623314503, -21.2606115995215], [-21.6362790400541, -21.3122519223898], [-21.622230422073, -21.357234621484], [-21.6221289151409, -21.3616777765348], [-21.6138746759825, -21.4066957072849], [-21.6103371445296, -21.4813290216495], [-21.61485602165, -21.5118119501667], [-21.619770560839, -21.5449566348762], [-21.6245319013394, -21.5536028163683], [-21.6445332792125, -21.589917955378], [-21.6681168204351, -21.60197837522], [-21.6783393249749, -21.6028694213282], [-21.6992055639726, -21.6046882110449], [-21.7058504865709, -21.6052674064327], [-21.7530175690161, -21.5657941029156], [-21.7571446881461, -21.5561982720494], [-21.7699053627582, -21.5265248310262]]]}, "properties": {"OBJECTID": 64, "id": 64, "name": " ", "continent": "Essos", "S2": null, "Shape__Area": 964677275.5561523, "Shape__Length": 147564.88712757116}}, {"type": "Feature", "id": 65, "geometry": {"type": "Polygon", "coordinates": [[[-20.9441021054408, -21.7645698313787], [-20.9441021054408, -21.7477201355578], [-20.9417437520372, -21.7082857867187], [-20.9240560956711, -21.6655530464577], [-20.8686347740675, -21.6567857902524], [-20.842692878543, -21.6710323115062], [-20.8143926296149, -21.7115723956957], [-20.813213452464, -21.7641479199448], [-20.812034275313, -21.8462586172736], [-20.8497679414488, -21.8758069332228], [-20.8945766695921, -21.8845608152515], [-20.9393853977353, -21.8637694682863], [-20.9488188140447, -21.7959029711339], [-20.9441021054408, -21.7645698313787]]]}, "properties": {"OBJECTID": 65, "id": 65, "name": " ", "continent": "Essos", "S2": null, "Shape__Area": 348699657.83154297, "Shape__Length": 71955.6306765949}}, {"type": "Feature", "id": 66, "geometry": {"type": "Polygon", "coordinates": [[[-21.1504806653523, -21.3299521733846], [-21.1139036026027, -21.300167514902], [-21.0124943757049, -21.2441268297727], [-20.9446931699483, -21.2545430182435], [-20.9071301666485, -21.284124216424], [-20.9134435022108, -21.3605796051447], [-20.9877316573314, -21.4121847514791], [-21.0325403854747, -21.4451146823632], [-21.0761699364669, -21.4670638409982], [-21.1221578417611, -21.4703559299618], [-21.1547658628196, -21.4632168643862], [-21.1646082156025, -21.4582845742879], [-21.1814267663042, -21.4371858522562], [-21.1917292882779, -21.4242599219725], [-21.1938642683996, -21.4070342913021], [-21.1952668197308, -21.3957170012917], [-21.1822958719685, -21.3682666311453], [-21.1762559081203, -21.3608519832108], [-21.156353976444, -21.3364177541173], [-21.1504806653523, -21.3299521733846]]]}, "properties": {"OBJECTID": 66, "id": 66, "name": " ", "continent": "Essos", "S2": null, "Shape__Area": 563867921.4462891, "Shape__Length": 90999.50153741811}}, {"type": "Feature", "id": 67, "geometry": {"type": "Polygon", "coordinates": [[[-20.7326986474093, -21.1707437919318], [-20.7235959952792, -21.1176824206626], [-20.6705330279775, -21.0516685710349], [-20.5879906336985, -21.0472666060587], [-20.5361068435478, -21.0780776299408], [-20.5384651969514, -21.1275819673351], [-20.5703029782307, -21.1561769450812], [-20.5997824043098, -21.164974288843], [-20.611574174921, -21.1948185216542], [-20.611574174921, -21.2573147929843], [-20.6351577161436, -21.3397127866948], [-20.696474923502, -21.3539904039417], [-20.7660345445964, -21.3646103882375], [-20.7743006091772, -21.3616777765348], [-20.8084967438601, -21.3517939385332], [-20.8221737737239, -21.3178212759869], [-20.8226468687734, -21.3166460062019], [-20.8226468687734, -21.2825884214286], [-20.8026008590036, -21.2419287218445], [-20.760150484264, -21.1924626168405], [-20.7326986474093, -21.1707437919318]]]}, "properties": {"OBJECTID": 67, "id": 67, "name": " ", "continent": "Essos", "S2": null, "Shape__Area": 694427955.0415039, "Shape__Length": 113361.71647565521}}, {"type": "Feature", "id": 71, "geometry": {"type": "Polygon", "coordinates": [[[-24.3261485154371, -20.3576282770886], [-24.2842385563926, -20.3774135744594], [-24.270268569745, -20.4499305610674], [-24.3261485154371, -20.4894660158947], [-24.3610734811577, -20.4037886782294], [-24.3261485154371, -20.3576282770886]]]}, "properties": {"OBJECTID": 71, "id": 71, "name": " ", "continent": "Essos", "S2": null, "Shape__Area": 97417131.68652344, "Shape__Length": 39387.887316593}}, {"type": "Feature", "id": 72, "geometry": {"type": "Polygon", "coordinates": [[[-19.454302742201, -20.6402800824853], [-19.4008381309493, -20.6251582926386], [-19.4008381309493, -20.5226129150236], [-19.2760873716614, -20.3964051824499], [-19.1602473807658, -20.4721466899758], [-19.195890455233, -20.58986626224], [-19.2336580588219, -20.6254811027936], [-19.227680060762, -20.652250673143], [-19.3464249445716, -20.777282466144], [-19.3953198969399, -20.9218838368348], [-19.500094794102, -20.9875507182173], [-19.6222732132007, -20.9492681458447], [-19.7840011781034, -21.0176699739816], [-19.8998411689991, -20.9925497533245], [-19.8285550200646, -20.8417112343277], [-19.6325181127406, -20.7494331006288], [-19.5255888902372, -20.6486802042461], [-19.454302742201, -20.6402800824853]]]}, "properties": {"OBJECTID": 72, "id": 72, "name": " ", "continent": "Essos", "S2": null, "Shape__Area": 2316744944.8984375, "Shape__Length": 246678.49999064105}}, {"type": "Feature", "id": 73, "geometry": {"type": "Polygon", "coordinates": [[[-19.4032472553361, -21.6956936153246], [-19.4340738075917, -21.6500901159597], [-19.3671351938152, -21.5122800217202], [-19.3671351938152, -21.4290125478442], [-19.3614289594849, -21.3862598783925], [-19.358224425423, -21.3622435107799], [-19.3287008552326, -21.2958526802608], [-19.3003340393453, -21.2847238969766], [-19.2510653590727, -21.3055896738864], [-19.2212055530646, -21.3403593837668], [-19.2167265818041, -21.3848525832976], [-19.2107546213212, -21.4432293784794], [-19.1883597659168, -21.4793556958396], [-19.1898527569359, -21.5196398617354], [-19.2122476114419, -21.5404721191989], [-19.2585303105747, -21.5599128626076], [-19.2764461947185, -21.5946219925751], [-19.2839111462205, -21.6279349295681], [-19.2913760977225, -21.665402806138], [-19.3257148749911, -21.7014737862727], [-19.3555746809991, -21.6986994164415], [-19.4032472553361, -21.6956936153246]]]}, "properties": {"OBJECTID": 73, "id": 73, "name": " ", "continent": "Essos", "S2": null, "Shape__Area": 761476542.309082, "Shape__Length": 124937.42223395892}}, {"type": "Feature", "id": 74, "geometry": {"type": "Polygon", "coordinates": [[[-18.4817159676077, -21.2527453626801], [-18.4866543211348, -21.2555068359453], [-18.5150211370221, -21.2513324963815], [-18.5448809430302, -21.2346339571946], [-18.5642898172947, -21.1928793358958], [-18.5448809430302, -21.1594671413153], [-18.5015842241389, -21.1580748029474], [-18.4956122627576, -21.145543166751], [-18.4956122627576, -21.085655169517], [-18.4732174082516, -21.0159876054553], [-18.4418646112245, -21.0132002245621], [-18.4060328438352, -21.0591853361307], [-18.4060328438352, -21.1803506482613], [-18.4224557378582, -21.2346339571946], [-18.4806823597536, -21.2527239557668], [-18.4817159676077, -21.2527453626801]]]}, "properties": {"OBJECTID": 74, "id": 74, "name": " ", "continent": "Essos", "S2": null, "Shape__Area": 313740950.3413086, "Shape__Length": 78395.63108990627}}, {"type": "Feature", "id": 75, "geometry": {"type": "Polygon", "coordinates": [[[-19.3212359037305, -22.0201683733631], [-19.2749532045978, -21.9938684218419], [-19.2316564848081, -22.0174001867292], [-19.2301634946874, -22.0686028702445], [-19.2346424659479, -22.1031887817288], [-19.2510653590727, -22.1225531903792], [-19.2520745902432, -22.1231343632661], [-19.2520075103461, -22.1240085155938], [-19.2642064306818, -22.1323176267574], [-19.2657064186786, -22.1320384188997], [-19.2764461947185, -22.1598913220202], [-19.3212359037305, -22.1626567152234], [-19.3600536522597, -22.1336173727588], [-19.3615466423804, -22.076904261346], [-19.3496027196178, -22.0423119146121], [-19.3212359037305, -22.0201683733631]]]}, "properties": {"OBJECTID": 75, "id": 75, "name": " ", "continent": "Essos", "S2": null, "Shape__Area": 221764502.72216797, "Shape__Length": 56431.96223679838}}, {"type": "Feature", "id": 76, "geometry": {"type": "Polygon", "coordinates": [[[-20.0444951220962, -21.3997859636685], [-20.006115755019, -21.3997859636685], [-19.9078188231697, -21.3489326485773], [-19.6931661282129, -21.2203542323175], [-19.6088382837976, -21.2060608093679], [-19.5321766072198, -21.3346517122265], [-19.5321766072198, -21.4631299910647], [-19.630544185278, -21.5832346435211], [-19.654835289924, -21.6128782443932], [-19.7238307986643, -21.7482313090804], [-19.7238307986643, -21.8905705326827], [-19.6705747241193, -22.0058282831576], [-19.654835289924, -22.0398739397971], [-19.6541492240836, -22.0513202146891], [-19.6471691220865, -22.1677230917474], [-19.7391631343392, -22.2954561148442], [-19.7698278047907, -22.4018112105574], [-19.7681157290469, -22.490423753896], [-19.8573689831643, -22.6117931117346], [-19.8484582147721, -22.7520711602386], [-19.8039043719126, -22.9004100413723], [-19.8395474454816, -23.0567775579134], [-19.9197443628083, -23.2211398639187], [-19.952054925625, -23.3520784640569], [-19.9691481640726, -23.3834608933142], [-19.9768143319101, -23.6646226232502], [-19.9411795848255, -23.7489108714642], [-19.8848203196574, -23.8821082608596], [-20.0074790023615, -24.022228078409], [-20.0445713136053, -24.0948068277309], [-20.045678153918, -24.0969719567491], [-20.0611421763253, -24.1272178603286], [-20.0611421763253, -24.2181393715087], [-20.0688083441628, -24.3089960322197], [-20.1684685233546, -24.3858239568775], [-20.3984535539863, -24.329953724591], [-20.508239877234, -24.2772922755412], [-20.6593381501433, -24.4381137425635], [-20.7037328896878, -24.4785764094652], [-20.8653596225428, -24.4652030523746], [-20.8967544517421, -24.4626052093408], [-20.9274191230918, -24.2111477090084], [-20.8354251108392, -24.022228078409], [-20.8277589430017, -23.9101443974076], [-20.9274191230918, -23.8119913526699], [-21.07307630841, -23.7839339763679], [-21.1190733145364, -23.5803372069815], [-21.1114071466989, -23.3482735273724], [-21.0654101405726, -23.2003848248469], [-20.9910744879296, -23.1361859666746], [-20.9890365860457, -23.1061115375639], [-20.8286427522906, -22.8097817996632], [-20.7428144222119, -22.7452573045365], [-20.7280987629116, -22.6638054748378], [-20.8584236134532, -22.6142771509245], [-20.935085290031, -22.5576515072023], [-20.8890882839046, -22.394723397985], [-20.6667694220086, -22.0398739397971], [-20.5364445714671, -21.7838293817386], [-20.5364445714671, -21.5558495092811], [-20.4597828948893, -21.4845320501837], [-20.2527963677698, -21.4631299910647], [-20.1408885813505, -21.4505599425376], [-20.0444951220962, -21.3997859636685]]]}, "properties": {"OBJECTID": 76, "id": 76, "name": " ", "continent": "Essos", "S2": null, "Shape__Area": 40737832077.845215, "Shape__Length": 1037086.8013563715}}, {"type": "Feature", "id": 77, "geometry": {"type": "Polygon", "coordinates": [[[-18.3321153946862, -20.1291346020952], [-18.3424677309374, -20.2368987799979], [-18.4761292586175, -20.2537546305639], [-18.4939507963003, -20.2031795845124], [-18.4638531783887, -20.1604556430688], [-18.4301465177378, -20.112589569452], [-18.4226646482641, -20.1019620029129], [-18.4137538789735, -19.9922079420656], [-18.4493969534408, -19.9330657407331], [-18.4411504532686, -19.8978654373065], [-18.4577513242106, -19.8735229528617], [-18.4129286605024, -19.8309824142706], [-18.4137538789735, -19.8231486531452], [-18.4048431105813, -19.7469900122108], [-18.3424677309374, -19.6538380252745], [-18.2266277400417, -19.6877202888802], [-18.199895434865, -19.7723818848316], [-18.235538508434, -19.8485235535382], [-18.2088062032573, -19.8823479609114], [-18.235538508434, -20.0175451970181], [-18.3047475116831, -20.0354319645034], [-18.3250364537533, -20.1251132124669], [-18.3321153946862, -20.1291346020952]]]}, "properties": {"OBJECTID": 77, "id": 77, "name": " ", "continent": "Essos", "S2": null, "Shape__Area": 1281666949.2460938, "Shape__Length": 182287.22024478661}}, {"type": "Feature", "id": 78, "geometry": {"type": "Polygon", "coordinates": [[[-16.2075518181315, -15.4443787687183], [-16.1978981690505, -15.4521006735414], [-16.0622268756195, -15.7320033216171], [-15.9611367437854, -15.920772776659], [-15.7489387366649, -16.1263636627646], [-15.652177651762, -16.1793048791116], [-15.3808074003825, -16.4503777708418], [-15.3641928948111, -16.5990416584792], [-15.4029600735796, -16.88542532544], [-15.630024978565, -17.1872483943832], [-15.7902156996411, -17.3147354560486], [-15.8127845362581, -17.4568846602646], [-15.8460135465027, -17.5519555453412], [-15.967853251332, -17.6364211405678], [-16.1450746405013, -17.710296084157], [-16.2281471665621, -17.6153084452908], [-16.1893799877936, -17.3670499117323], [-16.1595305708019, -17.1903354076508], [-16.133998304352, -17.0390453151281], [-16.0675402829643, -16.843025334836], [-16.0287731041958, -16.6786358220434], [-16.0583314679339, -16.6335365197147], [-16.0509257773929, -16.5725029364002], [-16.1063074617328, -16.4610004102472], [-16.156150977549, -16.3388050023926], [-16.2669143453306, -16.2537543832736], [-16.3604968386187, -16.1983120599759], [-16.527208261459, -16.0995063982358], [-16.5936662819483, -15.9557883596062], [-16.6063677036843, -15.8629550359563], [-16.7887247676211, -15.6373422015307], [-16.8446320247928, -15.6153430786889], [-16.9481090602868, -15.5186825236659], [-17.2079202765788, -15.4226968338316], [-17.2803991645301, -15.395912016697], [-17.3302426803462, -15.1287702549523], [-17.2859373330539, -14.9950725977994], [-17.0588724280685, -14.9629726924775], [-16.8816510388992, -14.957622240508], [-16.6878151450568, -14.968323010918], [-16.5327464290845, -15.1180775352295], [-16.2890670194259, -15.3264878944986], [-16.2075518181315, -15.4443787687183]]]}, "properties": {"OBJECTID": 78, "id": 78, "name": "Isle of Cedars", "continent": "Essos", "S2": null, "Shape__Area": 23015650137.33716, "Shape__Length": 870088.6417012566}}, {"type": "Feature", "id": 79, "geometry": {"type": "Polygon", "coordinates": [[[-11.2216639017853, -12.7573478775913], [-11.2436086715879, -12.8337757444344], [-11.2841040706225, -12.8712319108113], [-11.2934922675371, -12.8799147130984], [-11.3112076288449, -12.8751175465693], [-11.3305117523608, -12.8698900536771], [-11.3338957240023, -12.8689736735171], [-11.3585867244769, -12.8427132334591], [-11.3451189059545, -12.7726719909832], [-11.3449482925259, -12.767513790469], [-11.3428742693844, -12.7048010209556], [-11.3603096051569, -12.6473910261764], [-11.3608313610469, -12.6456728205098], [-11.4214365448465, -12.5668139295906], [-11.4416382730791, -12.4265606763237], [-11.4438829096492, -12.3257068514174], [-11.396745544372, -12.2621051293677], [-11.2283978114956, -12.2642985482502], [-11.1208541314564, -12.2710784175765], [-11.1206552624188, -12.2708786944878], [-11.0488268957687, -12.2445571224337], [-10.9859770753991, -12.28842494881], [-10.9994448939214, -12.341056683304], [-11.0142021838469, -12.358904812188], [-11.1228998980906, -12.43094474063], [-11.1745265365081, -12.5690047810714], [-11.1774290839209, -12.593367310376], [-11.1857497184603, -12.6631937177626], [-11.2023303835967, -12.6973436105581], [-11.2216639017853, -12.7573478775913]]]}, "properties": {"OBJECTID": 79, "id": 79, "name": "Yaros", "continent": "Essos", "S2": null, "Shape__Area": 1929307366.0235596, "Shape__Length": 206600.49523717054}}, {"type": "Feature", "id": 80, "geometry": {"type": "Polygon", "coordinates": [[[-18.0910870113474, -19.4935556380954], [-18.0386995618681, -19.5400491488151], [-18.0247295761188, -19.613072690893], [-18.1260119770681, -19.5964804742595], [-18.1364894666047, -19.5666084922156], [-18.0910870113474, -19.4935556380954]]]}, "properties": {"OBJECTID": 80, "id": 80, "name": " ", "continent": "Essos", "S2": null, "Shape__Area": 107189686.45996094, "Shape__Length": 41937.82873440165}}, {"type": "Feature", "id": 82, "geometry": {"type": "Polygon", "coordinates": [[[-60.6227426204484, 6.94631559255618], [-60.4620877775942, 6.9260869491669], [-60.3363579004608, 6.82498631415087], [-60.3258804100259, 6.7320363912498], [-60.3747753623942, 6.63914648944789], [-60.3887453490418, 6.52614410224128], [-60.3992228385783, 6.44548252111508], [-60.5144752261753, 6.37695581077791], [-60.6262351166611, 6.31651824999741], [-60.6995775452136, 6.35680712549617], [-60.7240250213977, 6.55438636598836], [-60.7414875042581, 6.7320363912498], [-60.6751300690295, 6.82902897757682], [-60.6227426204484, 6.94631559255618]]]}, "properties": {"OBJECTID": 82, "id": 82, "name": "Isle of Faces", "continent": "Westeros", "S2": null, "Shape__Area": 2332762054, "Shape__Length": 188421.5421617809}}, {"type": "Feature", "id": 83, "geometry": {"type": "Polygon", "coordinates": [[[-50.9860331255033, 4.97882375003644], [-51.0516864118049, 4.96371930014272], [-51.0943610482602, 4.97127131869703], [-51.1394976830417, 5.03642462036626], [-51.2322329500326, 5.06570639764206], [-51.2519289366417, 5.10727828469522], [-51.192840978611, 5.11861824086229], [-51.1345736863895, 5.06287240665963], [-51.0615344051094, 5.03170233379847], [-50.9860331255033, 4.97882375003644]]]}, "properties": {"OBJECTID": 83, "id": 83, "name": " ", "continent": "Essos", "S2": null, "Shape__Area": 155165306.5053711, "Shape__Length": 71950.54259733038}}, {"type": "Feature", "id": 84, "geometry": {"type": "Polygon", "coordinates": [[[-45.2218638697203, 16.8521939545485], [-45.1076906417489, 16.8079911356983], [-45.0624150510677, 16.7073537231606], [-45.1214701693866, 16.643568565002], [-45.170682767836, 16.6411158123847], [-45.2336748939231, 16.7048999642221], [-45.2218638697203, 16.8521939545485]]]}, "properties": {"OBJECTID": 84, "id": 84, "name": " ", "continent": "Essos", "S2": null, "Shape__Area": 315475654.04003906, "Shape__Length": 69222.04712472756}}, {"type": "Feature", "id": 85, "geometry": {"type": "Polygon", "coordinates": [[[-20.1679351423664, -12.9666898486275], [-20.1326148523437, -12.9577106486696], [-20.022803578389, -12.9351175638194], [-19.960673385817, -12.9507438067632], [-19.8668140784707, -13.0443252539409], [-19.8597508275126, -13.1327792609022], [-19.8734052773234, -13.1871714096763], [-19.9796265734841, -13.3242770600129], [-19.993185241326, -13.3452448517666], [-20.0878905981766, -13.3881592898806], [-20.1433909867965, -13.3862309936944], [-20.2279319672927, -13.3464321596095], [-20.2661117646463, -13.200447119166], [-20.2497489939669, -13.0650011478308], [-20.174184607712, -12.9742008684085], [-20.171783885268, -12.9713155483084], [-20.1679351423664, -12.9666898486275]]]}, "properties": {"OBJECTID": 85, "id": 85, "name": " ", "continent": "Essos", "S2": null, "Shape__Area": 1761518321.0354004, "Shape__Length": 153210.05130796277}}, {"type": "Feature", "id": 86, "geometry": {"type": "Polygon", "coordinates": [[[-11.6248927234421, -19.4184707426853], [-11.4858878430772, -19.4846715505689], [-11.3965380047953, -19.4650358625606], [-11.3468758785979, -19.5784930588969], [-11.227686774287, -19.6068396989179], [-11.2028557111883, -19.6894771018851], [-11.1382949460538, -19.71071702452], [-11.0389706927608, -19.7767714424886], [-10.9992409916232, -19.8804938249303], [-10.9893085665634, -19.9276091156141], [-10.8800518882106, -19.9841217142327], [-10.8403221870731, -20.0406062435862], [-10.8303897611149, -20.1346848135542], [-10.8303897611149, -20.2662641452815], [-10.9197815893481, -20.2662641452815], [-10.9893085665634, -20.1910946084707], [-11.0687679688385, -20.1628932100731], [-11.1382949460538, -20.0594281859563], [-11.1486138416202, -20.0137961011967], [-11.1957588650352, -19.9797459490279], [-11.5579635895868, -19.5459359289348], [-11.6800108339928, -19.4859700858613], [-11.6248927234421, -19.4184707426853]]]}, "properties": {"OBJECTID": 86, "id": 86, "name": " ", "continent": "Essos", "S2": null, "Shape__Area": 2729781358.8830566, "Shape__Length": 302986.23880724545}}, {"type": "Feature", "id": 87, "geometry": {"type": "Polygon", "coordinates": [[[55.4190117609914, -33.7008219190883], [55.4256375845084, -33.6928498766962], [55.5391605777412, -33.6134720880703], [55.6666894920295, -33.4133252852784], [55.7642116026917, -33.3318835130114], [55.7697352229995, -33.3244992090046], [55.7928636453598, -33.2935729653339], [55.839228611308, -33.2315428810698], [55.8842388162981, -33.124804671977], [55.9015337211371, -33.066848861547], [55.9142456199243, -33.0242265079629], [55.9020519161054, -32.9730932318953], [55.8992422176621, -32.961306799024], [55.8110331796039, -32.9395362497703], [55.7717133033737, -32.9298301279793], [55.5991741840952, -32.8920433344673], [55.4566418684429, -32.8416358628217], [55.4341367654987, -32.7848932234217], [55.4416384661807, -32.709180037351], [55.4507843650052, -32.6899390121312], [55.5142429745413, -32.5563214399831], [55.5316588761609, -32.5196158945539], [55.5916724834132, -32.431015422881], [55.6666894920295, -32.4056849925245], [55.6854257904543, -32.4071230335879], [55.729963994543, -32.3868017535769], [55.8669114247851, -32.3798972841357], [56.109289842147, -32.3676760144317], [56.1482347049837, -32.374528672311], [56.2572921513796, -32.3937154302226], [56.2893306621074, -32.3993512730642], [56.5443884906842, -32.3993512730642], [56.7094259092807, -32.4056849925245], [56.8362786023659, -32.5029947517897], [56.8744633278772, -32.5322659837769], [57.0770092507818, -32.5575608187979], [57.088138536329, -32.5584541794183], [57.2345449686964, -32.5702055631082], [57.4971044979551, -32.7281143660311], [57.6171317115615, -32.9172363217615], [57.5721215065714, -33.0493818267746], [57.4070840879749, -33.156211756889], [57.2420466693783, -33.2691841345429], [57.1970364643883, -33.3820105509435], [57.1895347637063, -33.488434586993], [57.1895347637063, -33.5255051284284], [57.2668125722796, -33.5902799564984], [57.2644772930023, -33.5928894610441], [57.3545721823028, -33.6571924393334], [57.4070840879749, -33.7258509861731], [57.3320670793586, -33.8505440678331], [57.2570500716406, -34.0123733123074], [57.2195415673325, -34.0993846641752], [57.1895347637063, -34.1490653187385], [57.122019455772, -34.1987167701446], [57.0244973451098, -34.2483389997806], [56.8894667301394, -34.3536891177737], [56.8144497215231, -34.390839949544], [56.6194054993004, -34.341301845692], [56.454368080704, -34.24213781931], [56.2818289614255, -34.2359361827064], [56.0567779355766, -34.2917344628376], [55.7942184063179, -34.3846492886587], [55.6291809877214, -34.3722665928878], [55.5991741840952, -34.2607399884548], [55.5991741840952, -34.1821684458328], [55.5991741840952, -34.1490653187385], [55.5916724834132, -34.0558901527614], [55.5898168775483, -34.0528153888684], [55.5541639791051, -33.9937164053622], [55.4791469704888, -33.9377211035884], [55.4116316625545, -33.9065966780635], [55.3591197568824, -33.844313727719], [55.3741231591447, -33.7819853436219], [55.4280238862971, -33.7259669245669], [55.4190117609914, -33.7008219190883]]]}, "properties": {"OBJECTID": 87, "id": null, "name": "Ulos", "continent": null, "S2": null, "Shape__Area": 48141910782.86133, "Shape__Length": 979653.609473212}}, {"type": "Feature", "id": 88, "geometry": {"type": "Polygon", "coordinates": [[[51.5391808641535, -35.9731385736338], [51.4449186597073, -36.0036469525864], [51.428228513294, -36.0090475623806], [51.3307064026318, -36.0090475623806], [51.3006995990056, -35.972629312996], [51.3006995990056, -35.8875880419429], [51.3307064026318, -35.8085392807312], [51.4012435847914, -35.7445796626666], [51.4228545235664, -35.7120571914947], [51.4386626681012, -35.7025399648447], [51.4831448469606, -35.6757565261058], [51.488242119648, -35.6136223209122], [51.488242119648, -35.5098789561408], [51.5032455219103, -35.4426793691392], [51.5409871444245, -35.4262787917221], [51.5963629079685, -35.4022092729128], [51.6157710348347, -35.393771674446], [51.7132931454969, -35.3325953205811], [51.765805051169, -35.2346167821523], [51.8108152561591, -35.1733200172812], [51.9308424697655, -35.1487883595598], [52.0208628797457, -35.1855830709912], [52.1633951962963, -35.2101036281652], [52.2576993547612, -35.2101036281652], [52.3959479228272, -35.2101036281652], [52.5964908092608, -35.0545053803709], [52.6262542116657, -35.0471294717619], [52.6402266848501, -35.0471294717619], [52.6585074520859, -35.0321620029486], [52.7710329650103, -34.976859753679], [53.041094194951, -34.976859753679], [53.2061316135475, -34.9891523731478], [53.2801098768445, -35.0093523719669], [53.3411622294161, -35.0260191549416], [53.3940303970484, -35.0322036765123], [53.4986979473307, -35.0444463139227], [53.5737149550486, -35.0935650868332], [53.5287047500585, -35.1242493050392], [53.5061996480126, -35.1426542893598], [53.4386843400783, -35.1733200172812], [53.3261588271539, -35.2284891880109], [53.2061316135475, -35.3142333762771], [53.1710267188686, -35.3299868031944], [53.0560975972132, -35.3815401120863], [52.9726303801627, -35.4424057819161], [52.9135652806626, -35.4854492416417], [52.8010397686365, -35.5770223512567], [52.6660091527678, -35.686772036802], [52.4934700334894, -35.7598547382346], [52.1859002983422, -35.747678943683], [52.040388711067, -35.6990359721492], [51.8809227920846, -35.7184306319777], [51.8410769998663, -35.7927430215705], [51.6456753442802, -35.8614169358748], [51.5703680334018, -35.953980609036], [51.5391808641535, -35.9731385736338]]]}, "properties": {"OBJECTID": 88, "id": null, "name": null, "continent": null, "S2": null, "Shape__Area": 15771702377.332031, "Shape__Length": 652004.4154541426}}, {"type": "Feature", "id": 89, "geometry": {"type": "Polygon", "coordinates": [[[17.9723801595119, -31.0601238300462], [17.9825411968284, -31.0702782029763], [18.0395801560866, -31.1272596173998], [18.1377903421204, -31.2832610417319], [18.2079404752584, -31.4150610306274], [18.1798804223625, -31.6661653426596], [18.1157403050379, -31.7268022187518], [18.0536101825345, -31.7855010774786], [18.014011243763, -31.8662500766371], [17.9834600493965, -31.9285008847494], [17.9834600493965, -31.9880186324183], [18.0395801560866, -32.059388987117], [18.0395801560866, -32.1307037054424], [17.9981449961956, -32.1973481088933], [17.9364599431014, -32.2964721129001], [17.9364599431014, -32.4126814627156], [17.9694300220503, -32.4627681165525], [17.9553999956023, -32.5928886244557], [17.8731601646908, -32.6621504705974], [17.8553210838088, -32.7186638545256], [17.707912831372, -32.8692682127836], [17.6148128825117, -32.9477599368367], [17.5848576403862, -32.9982393553816], [17.5682629085307, -33.0261938657171], [17.5372295919446, -33.1306826966551], [17.4286129847913, -33.1894126682319], [17.250538748566, -33.1714426851145], [17.2091627418381, -33.1575882889531], [17.1320745334853, -33.1317701339759], [17.0823464826243, -33.0797008871441], [17.0995683706004, -33.029179888162], [16.8594125092189, -32.8836441656739], [16.8470278909443, -32.8761325260452], [16.7488177049105, -32.8407762913049], [16.5836649938355, -32.9055064673889], [16.5383673054966, -32.9232522436422], [16.4989631978354, -32.9374264437078], [16.4090244878337, -32.926642586424], [16.3138868787364, -32.8289877488862], [16.1434223413514, -32.7732658155733], [16.1006961442937, -32.7592938817498], [16.0613463990803, -32.7464241458696], [15.9731035897574, -32.7252163007614], [15.8649260261143, -32.699210551102], [15.7085914437696, -32.7700215659742], [15.6264155738045, -32.7700215659742], [15.5001453339765, -32.699210551102], [15.3738750941485, -32.6047084123362], [15.255369978773, -32.5547796726624], [15.244667003117, -32.5268913364594], [15.2896949345626, -32.4509296375637], [15.2756649072163, -32.3680167498371], [15.0957754659577, -32.253990371652], [15.0511844813545, -32.225703332835], [14.9250258625904, -32.225703332835], [14.8407340819405, -32.225703332835], [14.7004338156646, -32.2613026302799], [14.6162536551804, -32.1663401789584], [14.5040134426986, -32.106938318463], [14.5040134426986, -32.0118149281474], [14.4899834153523, -31.8927717289128], [14.4461628771408, -31.8342876743229], [14.3917732293185, -31.7616462265118], [14.3617077010256, -31.7360796240351], [14.3388673638853, -31.7166523366499], [14.3216230961805, -31.7019821959106], [14.2430687276896, -31.6618734296107], [14.1813228299045, -31.6303346748194], [14.1111726967666, -31.6422797652695], [14.038420684138, -31.6776654287972], [13.9762026273481, -31.66658251156], [13.9007222973526, -31.6183880495302], [13.8446021906626, -31.4868740217826], [13.8586322171105, -31.3911111371223], [13.8866922700064, -31.23528801282], [13.8866922700064, -31.0792074557242], [13.7884820839726, -30.9710012680792], [13.7604220301784, -30.8506281730902], [13.8726622435585, -30.6818518218305], [13.9428123766964, -30.4765119367573], [13.9514111601905, -30.4720653847422], [13.9871898766724, -30.4535615260647], [14.0039634469312, -30.4208319179351], [13.9849024569386, -30.3797311264756], [13.7744520575246, -30.3797311264756], [13.7378401590066, -30.3534069042405], [13.6902718970404, -30.3191943950389], [13.6622118441445, -30.2707380596753], [13.4938515240744, -30.1737536199838], [13.3816113115926, -30.1737536199838], [13.2834011246605, -30.1009525811188], [13.1571308848324, -29.9308749366286], [13.0848306897575, -29.805481355582], [13.0848306897575, -29.7683640240913], [13.1431008583845, -29.6874020368219], [13.1711609112804, -29.6142447349043], [13.0635873227321, -29.52067990163], [13.0644469637466, -29.5079624081593], [13.1290708319366, -29.4066774368407], [13.2553410717646, -29.3210850040933], [13.3816113115926, -29.1864374401342], [13.516161259614, -29.1683639789384], [13.5387331594861, -29.1653316897017], [13.537508497039, -29.1439415350035], [13.4377314173843, -29.0761395918902], [13.4255188291816, -29.0713957074902], [13.3114611784546, -29.0270803705453], [13.2553410717646, -28.9411706300622], [13.1851909386266, -28.8183187989423], [13.1392714112952, -28.7821032440195], [13.0448906714524, -28.7076280837438], [12.9676651825578, -28.6850479465626], [12.8765303522805, -28.6583945610816], [12.8204102455905, -28.5228831734741], [12.8887969903173, -28.3424700654641], [12.9045904051764, -28.3007613102344], [12.884052118631, -28.1831545609531], [12.8367903537549, -28.1400508578417], [12.791150114442, -28.1400508578417], [12.7396698960259, -28.1556137687965], [12.7241123949301, -28.1784722789405], [12.6365892035234, -28.3069782832124], [12.5557780981554, -28.4282785565251], [12.5339670237182, -28.4138918602244], [12.5195923298655, -28.4217934530715], [12.4915384933114, -28.3859001860335], [12.4797205853186, -28.3707762149126], [12.4797205853186, -28.2441823977186], [12.4797205853186, -28.1603970191584], [12.4036630724817, -28.042987245955], [12.3276055596449, -27.9926294761713], [12.2895768032265, -27.8582270958589], [12.2895768032265, -27.7068250153917], [12.282070314524, -27.6536458157575], [12.2228652503162, -27.5532759379394], [12.0994330211344, -27.5046284242627], [12.0043611300883, -27.3358468611797], [12.0914431094517, -27.1500335018731], [12.0875359041914, -27.1210573418739], [11.9473179954607, -26.9805690071628], [11.8712604826239, -26.9805690071628], [11.8332317262055, -26.8618925329599], [11.7191454569502, -26.8279620603961], [11.6096711742962, -26.702289675947], [11.598983056775, -26.6481699882156], [11.6430879441133, -26.5561530743368], [11.795202969787, -26.5221314342963], [11.799743465763, -26.5038479981952], [11.8253427097022, -26.4007118478773], [11.8332317262055, -26.3689093835154], [11.8142173479962, -26.266648301489], [11.7571742133686, -26.1130877213337], [11.6958747450421, -26.0249866482322], [11.6621023223226, -25.9764198174907], [11.5406693072803, -25.9081718058834], [11.5099872966489, -25.8909215890764], [11.2437860017199, -25.7711199912105], [11.1487141106739, -25.6683365370401], [11.1669194589517, -25.6191000360725], [11.1867428670923, -25.5654643937568], [11.3768866491844, -25.3938144289515], [11.338857892766, -25.3422717157558], [11.2437860017199, -25.2735139298346], [11.1373875128695, -25.2350222193934], [11.0536422196278, -25.2047171648842], [10.9395559503726, -25.0842292651261], [11.0076811604859, -24.886630277381], [10.9999077930923, -24.8584208571453], [10.8825128157449, -24.8256416684798], [10.6923690336528, -24.7393253710787], [10.5212396297699, -24.6875068021532], [10.2625230735338, -24.5552100659805], [10.2170095784226, -24.4744593487579], [10.2170095784226, -24.463735012092], [10.2316164733016, -24.3668302872788], [10.4071533605147, -24.2548504556396], [10.4832108733515, -24.0640125540609], [10.4421458400189, -23.9889984738166], [10.3651555839646, -23.9437718948508], [10.3230655037225, -23.8154816552189], [10.4324443295978, -23.7454170728096], [10.4697077007329, -23.6857130174181], [10.4740041648704, -23.658168321289], [10.2930670912594, -23.5421056767417], [10.3120814694686, -23.4200268870228], [10.4641964951423, -23.3152981501221], [10.616311520816, -23.3152981501221], [10.7684265464897, -23.2104868449876], [10.8634984375357, -23.0356186286232], [10.9395559503726, -22.8430011920272], [11.0156134632094, -22.7378218871669], [11.1487141106739, -22.6852018492006], [11.2818147581383, -22.527220632691], [11.5290016748581, -22.4920890965372], [11.7761885915778, -22.4393750679666], [11.8808308309286, -22.463552745491], [11.9395928774794, -22.4466989582728], [11.9853467518791, -22.3338869389342], [12.061404264716, -22.2811129126994], [12.2895768032265, -22.1931119432709], [12.3085911814357, -22.0698179327665], [12.4416918289002, -21.9993158427644], [12.5557780981554, -21.9464162580097], [12.5938068545739, -21.8052545532455], [12.5938068545739, -21.6639535700933], [12.7078931238291, -21.4694386312171], [12.783950636666, -21.3455208719565], [13.0121231751765, -21.2392221988611], [13.1832525790594, -21.1505813646757], [13.4304394957791, -21.1328468216804], [13.8107270599633, -21.079630466379], [13.9818564638462, -21.1328468216804], [14.2480577587751, -21.1683137842094], [14.4597300996392, -21.1683137842094], [14.5821843949549, -21.2147572786948], [14.7994747268423, -21.3632298383235], [14.8945466178883, -21.4694386312171], [15.1037047781896, -21.5932510748413], [15.207269875531, -21.7002080175195], [15.3142333831355, -21.760794727008], [15.503006720583, -21.7169577146689], [15.864279906558, -21.5755700493187], [16.0924524450685, -21.5578868659511], [16.1685099579054, -21.6109299410988], [16.2065387143238, -21.7346214263879], [16.3396393617883, -21.8052545532455], [16.5107687656711, -21.8582065529107], [16.6884650474188, -21.940643402279], [16.6956583268193, -21.9626602227561], [16.6585860093788, -22.0772202593908], [16.6776778097891, -22.1435494949565], [16.7579556823909, -22.1931119432709], [16.9290102871533, -22.3039356634636], [16.934031001819, -22.3488309175015], [16.9100707080646, -22.4042212486765], [16.8149988170185, -22.6150103698751], [16.8530275734369, -22.7378218871669], [16.9290850862738, -22.8254769438501], [17.1382432465751, -22.9831137930765], [17.2333151376212, -23.1055932575332], [17.2143007594119, -23.2279611176312], [17.0621857337383, -23.3327586812127], [17.0812001119475, -23.4374736290372], [17.1952863812027, -23.5769645547702], [17.309372650458, -23.7511199409973], [17.3283870286672, -24.0292841619199], [17.3664157850856, -24.2548504556396], [17.3474014068764, -24.4454023899928], [17.2903582722488, -24.5319219171289], [17.2531892763208, -24.5769988234212], [17.1415790945686, -24.7122571627253], [17.1332748704528, -24.7967180547363], [17.1572576247843, -24.8946514319069], [17.1382432465751, -25.1358814980514], [17.0812001119475, -25.3250859277683], [17.0051425991106, -25.4453351408597], [17.0051425991106, -25.616911535608], [17.1648297965037, -25.8327020508651], [17.1843286532136, -25.8590246324182], [17.1796324836904, -25.9055008444648], [17.1725498120542, -25.9198346682785], [17.1192288683659, -26.0276889481079], [17.0621857337383, -26.1813618567908], [17.06153954591, -26.1871606210783], [17.0535631664487, -26.258715242218], [17.0431713555291, -26.3518721408362], [16.9671138426922, -26.5391435154956], [16.8951617079589, -26.7706427552241], [16.9168171366967, -26.8745171823185], [17.172109141695, -27.0430727449014], [17.3380788238085, -27.1707495837388], [17.3801689040506, -27.3453579153081], [17.3801689040506, -27.4823574916307], [17.3100187700143, -27.6316174585334], [17.3380788238085, -27.6937491594058], [17.4082289569465, -27.7310112179153], [17.5485292232224, -27.7434290746247], [17.6888294894984, -27.768260542115], [17.7870396764305, -27.8551260415358], [17.9054049169298, -28.0526186813748], [17.9069566389038, -28.0882176967718], [17.8333572733155, -28.3476273162172], [17.8378164349274, -28.3739738083431], [17.8852498624644, -28.4365578124591], [17.9184499164142, -28.5143806173276], [17.9273399427065, -28.535209605349], [17.9234583331436, -28.5573728339199], [17.8992798889123, -28.6953218733565], [17.8992798889123, -28.7937310090668], [17.9133099162586, -28.9043303395597], [17.9974900758444, -29.0148119196247], [18.0816702354304, -29.0761395918902], [18.2079404752584, -29.1619370359587], [18.3440141142237, -29.1916391777929], [18.3845725893642, -29.2347827125702], [18.3903308217765, -29.2599035385021], [18.4183908746723, -29.4921978637457], [18.3938763527269, -29.8436615073784], [18.3903308217765, -29.8943918118641], [18.3910294325898, -29.8986313235967], [18.4043608482244, -29.9794983043077], [18.4043608482244, -30.0280978797502], [18.4604809549144, -30.137359813341], [18.4464509284665, -30.2949692205339], [18.4464509284665, -30.4523257377803], [18.3763007953285, -30.7180430908466], [18.336990340629, -30.7492333011056], [18.1939104488105, -30.8626722942006], [17.9694300220503, -30.9589707745901], [17.9565908490554, -31.0360100298953], [17.9723801595119, -31.0601238300462]]]}, "properties": {"OBJECTID": 89, "id": null, "name": null, "continent": null, "S2": null, "Shape__Area": 818386712116.2827, "Shape__Length": 4596116.261102064}}, {"type": "Feature", "id": 90, "geometry": {"type": "Polygon", "coordinates": [[[25.6422607699575, -32.2921727525595], [25.6508930866628, -32.2812262953313], [25.6771463724007, -32.2111981127952], [25.6697478198729, -32.1861553321086], [25.654454922934, -32.1430027329962], [25.5881857031645, -32.0911926458006], [25.5810969301709, -32.0771784240794], [25.5575999092866, -32.030710393946], [25.5626975421985, -31.9399120857039], [25.6087843457173, -31.8877514071605], [25.655131796314, -31.8706721465858], [25.7003336137509, -31.8706721465858], [25.9480158444503, -31.8413793432158], [26.0211229045168, -31.8284085500896], [26.2814636947367, -31.7493770164678], [26.536345308889, -31.7493770164678], [26.7270100833032, -31.81060711024], [26.766771525513, -31.8331304165953], [26.769022900346, -31.8344055677414], [26.7922171350807, -31.8475414785256], [26.7973714094662, -31.8562977127504], [26.7999485466589, -31.8803730693549], [26.7999485466589, -31.8935024308859], [26.7870628606952, -31.9110053342671], [26.7753804168506, -31.9172031742127], [26.7516276806392, -31.9298033306813], [26.5794201807361, -31.9807724243554], [26.5567358378416, -31.9874843119357], [26.4302292755168, -32.052606563276], [26.4119295385571, -32.0750073656876], [26.4049415089276, -32.122365750489], [26.4199754844523, -32.1350973528915], [26.4936598082086, -32.1580823116488], [26.4984478071134, -32.1654518996237], [26.501000631403, -32.1666044270112], [26.5293491405231, -32.1818740386847], [26.5293491405231, -32.1927793365948], [26.5016271173804, -32.2375556771273], [26.5001233079504, -32.2387528345663], [26.4679570334329, -32.2455544002707], [26.2712684298113, -32.349948615098], [26.2049992100419, -32.4403389991544], [26.1948039451165, -32.5650149272001], [26.1693157841504, -32.7195442915304], [26.1693157841504, -32.7308807422656], [26.1762813442197, -32.7710515567835], [26.1865384824069, -32.8033879818041], [26.1865898929906, -32.8035500284322], [26.1964399712849, -32.8126568099668], [26.212361264918, -32.8273746929981], [26.2355554996526, -32.8382019739128], [26.2550377159702, -32.8471301026495], [26.3586377550812, -32.8445701679885], [26.3885139724112, -32.8438319192548], [26.5006618829976, -32.8352659350583], [26.5023981288124, -32.8361240790393], [26.5035777685957, -32.8360366233514], [26.5319262777158, -32.8360366233514], [26.5680061984142, -32.8533579489387], [26.5742154812188, -32.8716127041127], [26.5783147471851, -32.8836621328028], [26.5783147471851, -32.9159006687201], [26.5783147471851, -32.9161194057458], [26.5680061984142, -32.9658641139995], [26.5551205124505, -33.0220635518926], [26.5551205124505, -33.0587899804061], [26.560274786836, -33.1019779339561], [26.5808918843778, -33.1429868417116], [26.6272803538471, -33.1731916742129], [26.6881412880081, -33.1947413428701], [26.7560234158022, -33.2187708256442], [26.7612914887678, -33.2206353862986], [26.7643128078343, -33.2220214429535], [26.8411827417427, -33.2572788248816], [26.8850344443081, -33.2884423533045], [26.9217551961807, -33.3432385990659], [26.9390582595191, -33.3690470134447], [26.9837204634564, -33.4560354457308], [27.0183705141574, -33.4916599644813], [27.1327682859155, -33.5136734428309], [27.7648746897319, -33.5391707146854], [28.1166113175315, -33.5051726815465], [28.3714929316838, -33.3988427477753], [28.4020787255617, -33.2753368388277], [28.4581526804057, -33.2156506563678], [28.6110816497954, -33.1815259724585], [28.7232295594834, -33.100426575345], [28.8251822051443, -33.0491673057504], [28.8710608959613, -32.9978781810273], [28.8506703670088, -32.8352659350583], [28.7793035152258, -32.7409855778446], [28.6620579726259, -32.5693110135916], [28.4632503133176, -32.4360367468122], [28.3460047707177, -32.3714783411266], [28.3198517001346, -32.3272900660086], [28.3091598941308, -32.2399129763052], [28.3052237119144, -32.2077239649363], [28.2950284478873, -32.1430027329962], [28.3562000347448, -32.1214187704104], [28.5550076940531, -32.1775264471938], [28.7079366625445, -32.1861553321086], [28.9118419547646, -32.2163499868859], [29.0188922324391, -32.3413352900654], [29.0698685552695, -32.4016113427385], [29.1514306719779, -32.4704490119114], [29.1514306719779, -32.5478285266505], [29.1820164658559, -32.6637728210335], [29.3400430663608, -32.7624217053601], [29.5031672997776, -32.8780875908597], [29.498069667764, -32.9465592256632], [29.4165075510556, -33.0534400519596], [29.3553359632998, -33.1516559676907], [29.3604335953133, -33.2710748921249], [29.3655312282252, -33.326463971231], [29.2635785825643, -33.3860743975438], [29.2024069948084, -33.4541505840748], [29.1820164658559, -33.5264230184659], [29.1820164658559, -33.5986351027762], [29.1004543491475, -33.6623014792352], [29.0035993355001, -33.7471167388517], [28.8608656319342, -33.8318481990025], [28.641667442775, -33.9038039762713], [28.4938361071955, -33.9249558942363], [28.3612976676567, -33.9587880416192], [28.2491497570704, -34.0010593124348], [28.2389544921449, -34.0433095572513], [28.2287592281178, -34.0559805288301], [28.0503420977621, -34.0559805288301], [27.9381941871757, -34.0559805288301], [27.8413391744267, -34.0813167902443], [27.7852652186844, -34.1150866833293], [27.617043353254, -34.1277469189217], [27.5201883396067, -34.1066454737607], [27.3978451649933, -34.0939820794075], [27.2449161965019, -34.0939820794075], [27.183744608746, -34.1235270512559], [27.0614014341326, -34.1657162501488], [26.8931795687022, -34.1572800956361], [26.7861292910277, -34.1404052588116], [26.7096648063329, -34.1024245523688], [26.6332003225364, -34.0179619340337], [26.5460937032831, -33.9191053049729], [26.4496855601671, -33.861484393395], [26.3324400175672, -33.802201726633], [26.2049992100419, -33.7937294184564], [25.9908986537946, -33.7216809550835], [25.9195318020117, -33.6538153479683], [25.8889460081337, -33.5646604674632], [25.8277744203779, -33.4243738203206], [25.7666028335203, -33.2923825458456], [25.7360170396424, -33.2071207320477], [25.6697478198729, -33.121775788099], [25.5626975421985, -33.0406211906265], [25.4811354254901, -32.9037706596821], [25.4250614706461, -32.8349364577371], [25.4046709407953, -32.8138473572714], [25.3740851469173, -32.7324096820344], [25.3740851469173, -32.646605361013], [25.4658425285511, -32.5005489588998], [25.5372093803341, -32.4231287595095], [25.623869129056, -32.3154903941828], [25.6422607699575, -32.2921727525595]]]}, "properties": {"OBJECTID": 90, "id": null, "name": "Marahai", "continent": null, "S2": null, "Shape__Area": 58982259515.03711, "Shape__Length": 1820557.4109420658}}, {"type": "Feature", "id": 91, "geometry": {"type": "Polygon", "coordinates": [[[18.7873747714481, -36.8757377750345], [18.7873747714481, -36.9481974797289], [18.6854221257872, -36.9391437811963], [18.6136340683406, -36.9319711498912], [18.594797552066, -37.0205883256494], [18.4815168344654, -37.0205883256494], [18.3908922607442, -36.9663016482548], [18.1983150404638, -36.9300890068541], [18.1076904667426, -36.8666754735043], [18.1190185386823, -36.7669192208231], [17.9830816772022, -36.6579460222392], [17.8358167446807, -36.6034014855338], [17.7338640990198, -36.5761147422031], [17.6658956682798, -36.4577607604006], [17.5752710945586, -36.4213077453308], [17.5073026638185, -36.366596124078], [17.529958807698, -36.2753245498168], [17.6205833814192, -36.266191515471], [17.6675506309344, -36.2346279447073], [17.6885518121592, -36.2205103198594], [17.7154671400919, -36.1625851355248], [17.7225360270801, -36.1473648931578], [17.7905044578201, -36.0833066364533], [17.860899318991, -36.0785656252008], [17.9264413184019, -36.0741511916767], [17.9511698118615, -36.0021652885503], [17.9588524323433, -36.0000702475273], [18.0919894570852, -35.9356906196423], [18.0919894570852, -35.8991097721551], [18.232299256283, -35.9275191864071], [18.3115957580644, -35.9642027453606], [18.3002676861247, -36.055837105165], [18.3682361168648, -36.1930887891396], [18.5834694801263, -36.1473648931578], [18.6740940538475, -36.0833066364533], [18.7987028433878, -36.0191961430276], [18.9459677759093, -36.0100332397665], [19.0932327093292, -35.9183456358068], [19.1158888523103, -35.8173663781097], [19.1095044492293, -35.7837085764811], [19.1026811948774, -35.7477214433825], [19.0932327093292, -35.6978614692209], [19.0932327093292, -35.578177195759], [19.1498730681295, -35.4952139142726], [19.1420391677605, -35.2716712759821], [19.1752407066255, -35.1700327230352], [19.2771701461077, -35.0579605964801], [19.452372634558, -34.97904885412], [19.6116476247115, -35.0645339034748], [19.6196113747582, -35.2221702288856], [19.5774913132435, -35.2977944958489], [19.6029959376338, -35.35675124098], [19.6256520815132, -35.4306276213062], [19.5803397937543, -35.5044362927606], [19.5407284339773, -35.5735060775554], [19.5564967337377, -35.6231390873889], [19.6278132241692, -35.6713470341714], [19.6593753439289, -35.692675104665], [19.7138404906592, -35.7373526180332], [19.7138404906592, -35.751103517171], [19.8295573728351, -35.8173663781097], [19.8635415877559, -35.9642027453606], [19.7729170140347, -36.0375187550797], [19.6936205113549, -36.0833066364533], [19.6596362964341, -36.1473648931578], [19.5350275068937, -36.1839461447853], [19.5010432919728, -36.2570574121922], [19.5010432919728, -36.357473777691], [19.5010432919728, -36.4486491118397], [19.4444029331725, -36.5852113952335], [19.3990906463119, -36.6306785793212], [19.229169569911, -36.7124519408391], [19.1385449961898, -36.7850663907667], [19.0252642785891, -36.8032092635048], [18.9233116329282, -36.8032092635048], [18.8282492568377, -36.7893686978943], [18.7873747714481, -36.8122790888008], [18.7873747714481, -36.8757377750345]]]}, "properties": {"OBJECTID": 91, "id": null, "name": "Isle of Elephants", "continent": null, "S2": null, "Shape__Area": 29951083869.339844, "Shape__Length": 973091.1995587833}}, {"type": "Feature", "id": 92, "geometry": {"type": "Polygon", "coordinates": [[[8.34607613257372, -28.6724415661393], [8.41667582759562, -28.6001431456739], [8.46797454769673, -28.5933187818823], [8.61801387936254, -28.6097863935993], [8.83589907383437, -28.6671605779974], [8.8577756318625, -28.7011153834059], [8.86580602612346, -28.8278420166359], [8.90147825092167, -28.9371834030193], [8.91056906145978, -28.9468791163887], [9.13059658876392, -29.0518702648257], [9.18071529089094, -29.0926877367026], [9.23498777773891, -29.1780423466928], [9.29420769738658, -29.3248893203021], [9.32860872071785, -29.4100962573337], [9.4266305012905, -29.5452062132861], [9.76130069098068, -29.7328714509287], [9.80747594801225, -29.7510953183479], [9.88590948052107, -29.7820428823398], [9.93122176738164, -29.86066695466], [9.94995826523246, -30.0230246994437], [9.94100342908564, -30.0599951516912], [9.82926912172074, -30.0863660546532], [9.64801997338006, -30.2234966460122], [9.55739539965885, -30.3506612419599], [9.45544275399795, -30.5752401901745], [9.39633288965067, -30.6769694282386], [9.35349010833704, -30.7506358046158], [9.34216203639732, -30.8576651079771], [9.38637560102041, -30.9382852827067], [9.43278661011849, -31.0228392453189], [9.44411468205822, -31.197417896373], [9.22888131879666, -31.5262994985716], [9.20649524801751, -31.5692238862819], [9.19150300822098, -31.5979598586693], [9.19029525386419, -31.6185315796415], [9.19029525386419, -31.6731999430073], [9.20511455359547, -31.757242302471], [9.22487362080217, -31.8412084241747], [9.21499408674967, -31.9502502269154], [9.18041572070999, -32.0424154086051], [9.07668062079434, -32.15121837081], [9.01246365349546, -32.2222886522015], [8.98268478749114, -32.25534779238], [8.9334273873636, -32.3100046937974], [8.91969756171395, -32.328859257436], [8.8939092538485, -32.3642625901233], [8.84945135375632, -32.3976358917315], [8.71113788780099, -32.405977290531], [8.62716185419374, -32.3559173390269], [8.60563492406746, -32.3215620198153], [8.59255445460407, -32.3006802316319], [8.57185315707228, -32.1518262663727], [8.46990051141134, -31.8636486393641], [8.42458822455077, -31.535955050665], [8.42458822455077, -31.42891186594], [8.40897428050903, -31.3800474557442], [8.31385931075354, -31.2690710055508], [8.0167776419071, -31.0713655071016], [7.71611290690437, -30.8909259897005], [7.67693548910519, -30.8265879695683], [7.67693548910519, -30.7798374344787], [7.67693548910519, -30.6532330949584], [7.75623199178497, -30.448367875035], [7.8128723505853, -30.2332843883961], [7.88424799687489, -30.0039679805191], [7.8832312405172, -29.9660992083106], [7.87636224035784, -29.9565775371334], [7.83552849356642, -29.8999557870444], [7.73357584790552, -29.880313305402], [7.63171718129466, -29.8866215620808], [7.57415355560489, -29.8866215620808], [7.5354734217908, -29.8866215620808], [7.44655762160644, -29.8951868797333], [7.31318392222823, -29.8523529362728], [7.27860555529021, -29.7709178030734], [7.26378625555893, -29.6808334620596], [7.28354532186733, -29.6164380269264], [7.32406813119615, -29.5887545868875], [7.32576526526184, -29.5852125715179], [7.39721446740354, -29.5326241063788], [7.47303019778335, -29.4767918456952], [7.4962908413737, -29.4362844143867], [7.52967055658368, -29.3781268026414], [7.68826356104491, -29.2200636715394], [7.76192396446186, -29.2136347490562], [7.80154427864557, -29.2101766062394], [7.93748113922735, -29.1508341880272], [8.02131033062499, -29.085308359398], [8.15271450248888, -28.982511211704], [8.30270518768711, -28.8599789215905], [8.32263557888984, -28.8436862426873], [8.34607613257372, -28.6724415661393]]]}, "properties": {"OBJECTID": 92, "id": null, "name": "Lesser Moraq", "continent": null, "S2": null, "Shape__Area": 72188262630.07788, "Shape__Length": 1309087.382234028}}, {"type": "Feature", "id": 93, "geometry": {"type": "Polygon", "coordinates": [[[7.97146535504653, -34.0871332481828], [8.0470603558863, -34.1262534154323], [8.09686173712236, -34.131630516627], [8.19802678934949, -34.1246519414575], [8.31130750695011, -34.0871332481828], [8.37927593769017, -34.0308240240759], [8.4812285833511, -34.0120459706993], [8.73044616153351, -33.9932637633949], [8.76443037735269, -33.9862193649458], [8.82970446950152, -33.9726874253565], [8.87329509110263, -33.9392815227121], [8.90130042851287, -33.8346640870038], [8.93142878857004, -33.8202539319468], [9.0589602423957, -33.7958000749475], [9.17671497884472, -33.7732146757546], [9.22239903258731, -33.7406588224228], [9.24020939073638, -33.7110329404877], [9.30945932661973, -33.5957449607053], [9.31500326232769, -33.5782755223459], [9.33401764053688, -33.5592636672227], [9.35873633247837, -33.548171485603], [9.39296221307527, -33.5354929619608], [9.4271880936722, -33.5354929619608], [9.47092116382288, -33.5418324562677], [9.49754129367509, -33.5671857818479], [9.50134416859829, -33.587779879485], [9.49967698616079, -33.6155519854612], [9.49944273068752, -33.6194535092259], [9.49512809722507, -33.6386137208657], [9.4937384178536, -33.6447840339364], [9.49265755502228, -33.6482117958973], [9.46677082503937, -33.7487175687155], [9.38151632888267, -33.9522769563446], [9.37047152539644, -33.9707975032795], [9.21755324685693, -34.1246519414575], [9.19811990967057, -34.1357112276764], [9.03630409941458, -34.2277425124583], [9.01789822560578, -34.242959267007], [8.95554812275731, -34.2944857493888], [8.85505495107386, -34.3774673986319], [8.71911809049208, -34.508257506818], [8.69688808492554, -34.5753983178326], [8.68513387467291, -34.6108774131121], [8.66974603209661, -34.6463308136801], [8.66247773169179, -34.7319921379009], [8.66247773169179, -34.9736896252109], [8.58318122901201, -35.1313382441543], [8.42458822455077, -35.2609378152065], [8.35507697324286, -35.2924639664689], [8.32263557888984, -35.3520200267158], [8.32263557888984, -35.3718584767304], [8.33396365082956, -35.4457210210086], [8.31130750695011, -35.5932428863567], [8.24333907621009, -35.7129046103054], [8.23361458778236, -35.8233693856633], [8.24249193704938, -35.8511281586898], [8.26346066214295, -35.8702463788784], [8.31358932928141, -35.8762641596946], [8.4812285833511, -35.8691146007664], [8.63968769391923, -35.8388950656777], [8.68963107814045, -35.8333738603772], [8.79764876232417, -35.8401099140437], [8.83223478111177, -35.8596684089737], [8.87771109495332, -35.9333470641167], [8.90027415899632, -35.9820502316211], [8.92657615138896, -35.9963438928524], [8.97225067580304, -35.9989567005611], [9.12692033766822, -35.9791965351479], [9.12692867313576, -35.979195470175], [9.14002881031396, -35.9758030679751], [9.41013046713734, -35.9058252491056], [9.4213400971052, -35.9012853191615], [9.58390395605787, -35.8354172621664], [9.64371783278824, -35.8252079246644], [9.72868963990481, -35.8309490237801], [9.75941646389248, -35.8572664569586], [9.79010677405876, -35.9380652198323], [9.78245515892893, -35.975227345818], [9.6253638303989, -36.2628609035534], [9.45544275399795, -36.3632697998868], [9.20622517491721, -36.4453262986726], [8.86638302301359, -36.5818944406344], [8.75310230541296, -36.7363801070705], [8.64900959786081, -36.9529641374387], [8.62552912753728, -36.982042677059], [8.55856381672891, -37.0288350926937], [8.54043610624787, -37.0367765964284], [8.37696165832934, -37.0628707752232], [8.28891594387131, -37.0909688683925], [8.11873028756803, -37.1889496384671], [7.95395665925469, -37.2035333777568], [7.90004192377369, -37.1981653507747], [7.86102292746813, -37.1748513377655], [7.73353748804626, -37.1344816237777], [7.6225201791102, -36.9674741176452], [7.56376028941445, -36.9304184394018], [7.34177848529455, -36.8721618808197], [7.25690308986586, -36.813873255357], [7.14591218780591, -36.8297733354946], [7.14367465331645, -36.8305805906951], [7.08780754365144, -36.860385901588], [7.03025015586299, -36.8546292293601], [6.94061082559932, -36.8089719171825], [6.86471628781628, -36.6934332725692], [6.77376622123001, -36.6918932303622], [6.65869462677052, -36.6891050000462], [6.59742206208851, -36.6787580468208], [6.54460835751524, -36.7013019731155], [6.51014409907623, -36.7000584331942], [6.49136809870911, -36.658604102451], [6.47615988415535, -36.5636992811572], [6.47615988415535, -36.4726592032608], [6.34022302267527, -36.4453262986726], [6.27169827516123, -36.3901837626011], [6.2622493683031, -36.3719264337543], [6.28358266387494, -36.2171777608638], [6.28358266387494, -36.1257314173307], [6.28358266387494, -36.0712631247342], [6.32018527471122, -36.0510179105067], [6.51014409907623, -36.0433385140412], [6.72537746233779, -36.0066917369555], [6.8273301079987, -35.951689620305], [7.08787575812083, -35.8691146007664], [7.17850033184204, -35.8415704486513], [7.23514069064233, -35.7864534427928], [7.24759805718363, -35.6600350904641], [7.23673172379151, -35.6144066438142], [7.23292884886832, -35.5803922075861], [7.22722453513606, -35.5417218961329], [7.240534599613, -35.5045808478555], [7.24303525514077, -35.4997459003534], [7.25574610200071, -35.4751653302952], [7.25961941562198, -35.4711697850201], [7.28426766976369, -35.4457390458876], [7.29377485841913, -35.413202738176], [7.29947917215139, -35.3729014816274], [7.31278923662836, -35.3217208916446], [7.3158593449945, -35.3066897506219], [7.31659211244985, -35.3031017304002], [7.31659211244985, -35.2736126267875], [7.31209360103527, -35.2564720080247], [7.31443719332212, -35.2516875620626], [7.28045297840127, -35.1591269846378], [7.22301234375198, -35.0651509256372], [7.18445844030329, -35.0020138485064], [7.18181039189867, -34.9814047970128], [7.21248454766121, -34.8808130895515], [7.3937336951036, -34.5549186132278], [7.43971163448801, -34.4374492429395], [7.43971163448801, -34.2982403996817], [7.47249895478558, -34.2134013618503], [7.48435826972307, -34.1152738285383], [7.52967055658368, -33.8710782423191], [7.59763898732373, -33.6450450361632], [7.65427934612407, -33.5223618153393], [7.74490391984524, -33.4278715061439], [7.79746772747948, -33.4059343838705], [7.82640473911189, -33.4042684126152], [7.8441555892633, -33.4140536843218], [7.8695127084873, -33.4845780577372], [7.85818463744587, -33.6639038905996], [7.8128723505853, -33.8052134710377], [7.8128723505853, -33.9071048125627], [7.82538026442927, -33.9400947213813], [7.97146535504653, -34.0871332481828]]]}, "properties": {"OBJECTID": 93, "id": null, "name": null, "continent": null, "S2": null, "Shape__Area": 86762753137.39355, "Shape__Length": 1920839.840398229}}, {"type": "Feature", "id": 94, "geometry": {"type": "Polygon", "coordinates": [[[-45.6273129773147, -39.4284274327729], [-45.6958414537355, -39.4917182962762], [-45.7030654177895, -39.4974354731024], [-45.825401141776, -39.4265988715679], [-45.8694456183098, -39.4010779521194], [-45.9740246980113, -39.33492892404], [-46.1546612914479, -39.2392697385136], [-46.2021972365218, -39.1287314573436], [-46.2782547493587, -39.0475596089165], [-46.3723329581734, -39.0183282313572], [-46.4208625863769, -39.0032446897241], [-46.4836683803145, -38.9860165818715], [-46.582484800706, -38.9589019945837], [-46.6680495030966, -38.8479237976444], [-46.7441070159335, -38.6774205036588], [-46.8106573392165, -38.4693018089786], [-46.8677004738442, -38.2904348598033], [-46.8581932851887, -37.9838485126799], [-46.8581932851887, -37.8336544606663], [-46.8581932851887, -37.7812474919296], [-46.957697994751, -37.7164533923425], [-47.0198154995179, -37.6759758189139], [-47.0768586341455, -37.5253282847973], [-47.0483370672808, -37.3592639357823], [-46.943757986681, -37.1928313203358], [-46.9348234003573, -37.1447739852461], [-46.9057292302626, -36.9880706577528], [-47.0103083108624, -36.858863666984], [-47.1114625877977, -36.7716530935314], [-47.2574952275821, -36.6455752950257], [-47.2670024162376, -36.4393434175361], [-47.1434089583269, -36.3168725441704], [-47.0103083108624, -36.2555648210213], [-46.8962220416072, -36.1942089499536], [-46.9342507980256, -36.0252323088568], [-46.8867148520534, -35.9483046422349], [-46.7726285827981, -35.8635976178392], [-46.6395279353337, -35.8096459559354], [-46.582484800706, -35.771086596692], [-46.5539632338414, -35.6630209087699], [-46.5349488556322, -35.547073722219], [-46.3923410186139, -35.4696823058681], [-46.2307188042848, -35.3379458368761], [-46.0310678326389, -35.2215291254794], [-45.8979671851745, -35.1593718166482], [-45.8028952941284, -35.0893880297124], [-45.5937371338271, -35.0738279128233], [-45.4606364863626, -35.0738279128233], [-45.3022172286537, -35.0533539349502], [-45.2895070824797, -34.949240193707], [-45.1278848681506, -34.8712765560565], [-44.9662626529232, -34.8166579766323], [-44.7951332490403, -34.7776225196392], [-44.709568547548, -34.5978215793339], [-44.5099175759021, -34.5116918846752], [-44.2912522269454, -34.5038574923105], [-44.0630796884348, -34.4489961273583], [-43.9489934191796, -34.3940987051407], [-43.8729359063427, -34.3627125703484], [-43.6732849346969, -34.386253273875], [-43.5306770985769, -34.4176305851485], [-43.4356052075309, -34.4411558457987], [-43.3405333164848, -34.3548641985355], [-43.2549686140942, -34.299905024868], [-43.140882344839, -34.284195793022], [-42.87468104991, -34.284195793022], [-42.7415804024455, -34.2527685191773], [-42.5229150534888, -34.1977425368901], [-42.3422784600521, -34.182014226346], [-42.180656245723, -34.182014226346], [-42.0760771651232, -34.1426806207659], [-41.9905124636309, -34.0797087498519], [-41.8479046266127, -34.0245699228327], [-41.7433255469112, -34.0009280220291], [-41.5817033316837, -33.9930459251301], [-41.4866314406377, -33.9930459251301], [-41.4767063530171, -34.0008414092591], [-41.363037982727, -33.9772795383627], [-41.3059948480993, -33.8905121552126], [-41.2014157674995, -33.6375959680075], [-41.0397935531704, -33.4077470932192], [-40.9257072839151, -33.3839347847546], [-40.6595059889862, -33.3680562879809], [-40.5549269083864, -33.4077470932192], [-40.4788693955495, -33.6059290054543], [-40.4028118827127, -33.9693952486573], [-40.3077399916667, -34.134811700485], [-40.2126681006206, -34.2763400753401], [-40.0510458862915, -34.3391652509071], [-40.0320315080823, -34.4254730746161], [-40.0795674531561, -34.5351906439554], [-40.0795674531561, -34.6134719412791], [-39.9464668056917, -34.7307555826485], [-39.7753374018088, -34.8712765560565], [-39.6992798889719, -34.9959828262681], [-39.6897727003165, -35.0582648283491], [-39.7658302131533, -35.1593718166482], [-39.8704092928548, -35.1826863792671], [-39.9139468887013, -35.1862447120026], [-39.8323805364364, -35.2215291254794], [-39.6327295656888, -35.2681158918859], [-39.5091361068798, -35.3379458368761], [-39.4806145400152, -35.5006478226175], [-39.4235714053875, -35.6012033173515], [-39.3189923247877, -35.6630209087699], [-39.0813125976217, -35.7247906763326], [-38.9006760041851, -35.8096459559354], [-38.7770825462744, -35.9406077506324], [-38.7675753567206, -36.0790370313412], [-38.710532222093, -36.2018810654519], [-38.6154603310469, -36.3015501290242], [-38.4633453053732, -36.355165406275], [-38.3112302796996, -36.4163948201574], [-38.1876368217889, -36.4699309931702], [-38.1305936871612, -36.5310699454154], [-38.111579308952, -36.6303177316591], [-38.0640433629798, -36.7141969278716], [-38.016507417906, -36.7599106651255], [-37.8263636358139, -36.7903713634], [-37.6932629883494, -36.7599106651255], [-37.6307784885513, -36.737972660772], [-37.5031192062573, -36.7218177740937], [-37.3467886771111, -36.6819372011449], [-37.293961045956, -36.6684559742691], [-37.0848028856547, -36.6455752950257], [-36.9421950486364, -36.6455752950257], [-36.7429762223378, -36.6626993009898], [-36.626301539338, -36.5991640500559], [-36.5904290522152, -36.5463471391415], [-36.5048643498246, -36.4622852298422], [-36.4288068369878, -36.355165406275], [-36.3147205677325, -36.270896266944], [-36.2481702444494, -36.2785608609176], [-36.2006342984772, -36.4393434175361], [-36.2386630548957, -36.5997935412355], [-36.2386630548957, -36.6837059820432], [-36.2196486766864, -36.7827573232314], [-36.2386630548957, -36.9044911344713], [-36.3622565137047, -37.0563856755927], [-36.6284578086336, -37.2306892221229], [-36.8851519140088, -37.3668203093042], [-37.0848028856547, -37.3970381920348], [-37.2117682714939, -37.3775129764046], [-37.4460760716297, -37.404590759605], [-37.6647414205864, -37.4725296102699], [-37.7978420680509, -37.5253282847973], [-37.9784786614876, -37.5479448586132], [-38.0250372296508, -37.5469150004294], [-38.1496080653704, -37.4951621847084], [-38.472852494927, -37.4725296102699], [-38.7295466003022, -37.404590759605], [-38.8721544373204, -37.3517068020909], [-39.0432838412033, -37.3517068020909], [-39.2809635683693, -37.3517068020909], [-39.3950498376246, -37.3441489068568], [-39.4806145400152, -37.245827063487], [-39.5091361068798, -37.109477097138], [-39.528150485089, -37.0032570812677], [-39.794351780018, -36.9880706577528], [-39.9940027516638, -36.9348942971598], [-40.2982328030112, -36.7903713634], [-40.4598550173403, -36.6608298365172], [-40.640491610777, -36.6226878172842], [-40.6595059889862, -36.5310699454154], [-40.6595059889862, -36.4240451065712], [-40.6880275558508, -36.3704772797829], [-40.8306353928691, -36.3398505202426], [-40.9162000943614, -36.3092117126124], [-41.0112719854074, -36.2555648210213], [-41.0493007418258, -36.1942089499536], [-41.2109229570533, -36.1558370945346], [-41.2774732803364, -36.2325620095971], [-41.4010667391454, -36.3321919480484], [-41.4200811173546, -36.3704772797829], [-41.4676170624285, -36.4393434175361], [-41.5761574708861, -36.4587452695329], [-41.6959297929206, -36.4544637702759], [-41.8003889071074, -36.4507294790522], [-41.9049477612403, -36.4469914419632], [-42.085584354677, -36.4546387132342], [-42.2091778125877, -36.4928637570773], [-42.6370013227441, -36.4699309931702], [-42.7320732137901, -36.4775760017116], [-42.9697529409561, -36.6074257220118], [-43.1598967230482, -36.7370571989895], [-43.3595476946941, -36.8284302118205], [-43.4736339639493, -36.9044911344713], [-43.5401842872324, -36.9728812017342], [-43.6067346114138, -37.0184404718174], [-43.7968783935059, -37.0184404718174], [-43.9204718514166, -37.0336208289418], [-43.9965293642534, -37.1246392440964], [-44.028833698152, -37.2168789980949], [-44.0968436580076, -37.2168789980949], [-44.1934268109073, -37.3233199345115], [-44.1581515794809, -37.540406762602], [-44.1391372012717, -37.6985466315246], [-44.1961803358993, -37.7812474919296], [-44.2999027012975, -37.8495305407832], [-44.3673097397822, -37.8938724267991], [-44.3827863916041, -37.9213474387], [-44.4053384962006, -37.9613648181346], [-44.4338600630653, -38.0287952383793], [-44.4909031976929, -38.141041457358], [-44.5574535218743, -38.2904348598033], [-44.6715397911296, -38.4022785333935], [-44.6715397911296, -38.4767449987816], [-44.6715397911296, -38.5585693570732], [-44.6715397911296, -38.7293559354786], [-44.7000613579942, -38.8108925249509], [-44.7951332490403, -38.8775349440045], [-44.8331620054587, -38.9515088459462], [-44.9092195182955, -39.0770874528019], [-44.9713869828669, -39.0874282335258], [-45.04232016576, -39.099225230482], [-45.2014197832105, -39.1109833017486], [-45.2419711374059, -39.1139798882769], [-45.3275358388981, -39.2392697385136], [-45.5176796209903, -39.3863835833049], [-45.6093918559928, -39.4041020719989], [-45.6273129773147, -39.4284274327729]]]}, "properties": {"OBJECTID": 94, "id": null, "name": "Jhala", "continent": null, "S2": null, "Shape__Area": 392752343878.40625, "Shape__Length": 3887660.9629030526}}, {"type": "Feature", "id": 95, "geometry": {"type": "Polygon", "coordinates": [[[-42.4304965324671, -30.5013374127536], [-42.4150084567697, -30.4822715536783], [-42.4302199600558, -30.4035854169788], [-42.4910659696066, -30.3379651557868], [-42.5062774728926, -30.2985718689433], [-42.536700477668, -30.2657320354548], [-42.5823349857294, -30.2328812143575], [-42.5768866163947, -30.1386898840183], [-42.5625811619891, -30.1221729708032], [-42.5571801284799, -30.1159364671283], [-42.4471351622956, -30.1209523174122], [-42.3544657175605, -30.1410134194791], [-42.3475526577314, -30.1404692714836], [-42.2803636628241, -30.1539944571165], [-42.1944416699022, -30.2263097327175], [-42.0955669030347, -30.3839039631881], [-42.0423266442285, -30.4691616087604], [-42.0347208925855, -30.6198193011252], [-42.072749649004, -30.6983304237623], [-42.0271151418408, -30.7702428903247], [-42.0271151418408, -30.8421016551983], [-42.0525339151377, -30.866650668439], [-42.08796115229, -30.9008551971951], [-42.08796115229, -30.9726161376871], [-42.0116291331669, -30.9807967988214], [-41.9662691313917, -30.9856577919825], [-41.8978173701979, -31.0117357536418], [-41.9054231209426, -31.115976232104], [-41.9054231209426, -31.1461143679842], [-41.9054231209426, -31.2201023613206], [-41.8871290236063, -31.2631157439568], [-41.8750001161672, -31.2916226299116], [-41.806548354075, -31.3500988856788], [-41.7639459412702, -31.3682884464031], [-41.7457023445242, -31.3760766715209], [-41.7228850904935, -31.4345004310791], [-41.7380965928812, -31.4799159754144], [-41.7609138469119, -31.5317924760307], [-41.7533080952689, -31.5836401736571], [-41.6620390800443, -31.5901191088539], [-41.6460267125128, -31.6023939500821], [-41.5859815672075, -31.6484092510241], [-41.5859815672075, -31.7066628635487], [-41.5859815672075, -31.7648799099046], [-41.5403470591461, -31.8295225859243], [-41.5327413084014, -31.9070340766618], [-41.5783758155645, -31.9457653645127], [-41.6172227261026, -31.9806612850065], [-41.7076735881058, -32.0618612727431], [-41.7913368516873, -32.2099918501308], [-41.806548354075, -32.3000403949205], [-41.7791676494178, -32.3128971794857], [-41.5935873188505, -32.3128971794857], [-41.4262607898908, -32.2936113189681], [-41.3882320334724, -32.3514565856535], [-41.5403470591461, -32.4028435664927], [-41.6164045719829, -32.5247704332999], [-41.6544333284013, -32.6593394602187], [-41.7609138469119, -32.7297472946794], [-41.8673943645242, -32.8000995651174], [-41.9054231209426, -32.8895583574404], [-41.9662691313917, -32.9661655093888], [-42.080355400647, -32.9980655709023], [-42.2096531722899, -32.9980655709023], [-42.3389509439329, -33.0172000736912], [-42.3921912036373, -33.1064395094469], [-42.4378257108004, -33.1637599155977], [-42.5747292340864, -33.227405332683], [-42.6583924985663, -33.1764926989992], [-42.6812097516987, -33.1764926989992], [-42.7344500114031, -33.2083165646202], [-42.8409305290154, -33.2146799502697], [-42.9398052958829, -33.2146799502697], [-43.1831893367812, -33.2146799502697], [-43.251641097975, -33.1764926989992], [-43.4569963833531, -33.1701265388653], [-43.4950251397715, -33.2337673301086], [-43.5482653985777, -33.3037187413653], [-43.6243229114145, -33.341850431529], [-43.707986174996, -33.341850431529], [-43.8372839475373, -33.3100751818728], [-43.9285529627619, -33.297361838287], [-44.0426392320171, -33.2528505444698], [-44.0536798385744, -33.226994865853], [-44.0426392320171, -33.1955884061627], [-44.0730622367925, -33.1319198666106], [-44.0868908753268, -33.1377098258214], [-44.2099657600785, -33.1892236334446], [-44.3012347753031, -33.2464899356711], [-44.3696865373952, -33.3037187413653], [-44.4153210445583, -33.4117151775458], [-44.4609555526197, -33.4624906348491], [-44.5902533242627, -33.4688354779336], [-44.7423683499364, -33.4561453280888], [-44.8488488675487, -33.4751798565488], [-44.9173006296408, -33.5322583527627], [-44.9705408884469, -33.608304431049], [-45.0542041529268, -33.6463023422241], [-45.1150501624776, -33.5892991916228], [-45.1454731681513, -33.5449373501048], [-45.3432227009881, -33.5576144874757], [-45.4953377266618, -33.608304431049], [-45.746327519203, -33.7981262460804], [-45.8680195401013, -33.8991928713543], [-45.9440770529381, -33.9307516619405], [-46.0277403165197, -33.892879710609], [-46.0429518198057, -33.8297224090996], [-46.0505575705504, -33.7222478605439], [-46.1190093326425, -33.696940143567], [-46.2026725962241, -33.703267771588], [-46.2863358607039, -33.6716249693799], [-46.2635186066732, -33.5766267056999], [-46.1950668454794, -33.4688354779336], [-46.0961920786118, -33.3926667222537], [-45.9592885553258, -33.3609100187718], [-45.8409768687906, -33.314395634618], [-45.7995677780092, -33.3164311590142], [-45.6626642556215, -33.3037187413653], [-45.5866067427847, -33.2528505444698], [-45.5866067427847, -33.1764926989992], [-45.6550585039785, -33.1446572727051], [-45.753933270846, -33.1446572727051], [-45.7902795168733, -33.149339063656], [-45.8528080377136, -33.157392830745], [-45.8984425448767, -33.1000682648404], [-45.9516828036828, -33.0618311014579], [-46.0657690729381, -33.0682051159423], [-46.2330956018978, -33.0490816861902], [-46.3776048759285, -32.9406371627483], [-46.5145083992145, -32.8512299169545], [-46.6590176732451, -32.8448402325488], [-46.7654981917557, -32.8320594843827], [-46.8035269481741, -32.81927689638], [-46.8187384505618, -32.7617324912259], [-46.9024017141434, -32.7233488779965], [-46.9556419738478, -32.6849487340213], [-46.9784592269802, -32.6273175472677], [-46.9176132174294, -32.5568290022629], [-46.9024017141434, -32.4670361782949], [-46.9860649786232, -32.4670361782949], [-47.1686030090723, -32.3771537284778], [-47.2902950299706, -32.3000403949205], [-47.4424100556443, -32.2099918501308], [-47.5260733201241, -32.1649341023165], [-47.5869193296749, -32.1005272209287], [-47.5793135789302, -32.0038316960241], [-47.5641020765425, -31.9005772758337], [-47.5641020765425, -31.8618269621305], [-47.6629768425118, -31.8036709417779], [-47.7466401069916, -31.7454782934974], [-47.7618516093793, -31.6160303463067], [-47.7390343553486, -31.5123421621306], [-47.6629768425118, -31.4669423530937], [-47.5564963248995, -31.5382750134623], [-47.4880445637057, -31.6354590410881], [-47.4348043040012, -31.7131332310115], [-47.2826892783276, -31.8230603537416], [-47.1838145123583, -31.8489065694019], [-47.1111373329862, -31.8489065694019], [-47.0164879833986, -31.8941200220523], [-46.9404304705618, -32.0425221662704], [-46.871978709368, -32.1069699546652], [-46.7502866884697, -32.1327363459284], [-46.6818349272758, -32.126295429916], [-46.6818349272758, -32.0489689894666], [-46.5373256532452, -32.0296271585329], [-46.3699991242855, -32.0296271585329], [-46.2330956018978, -32.0167303349849], [-46.1266150833872, -32.0554153577998], [-46.0353460681627, -32.0747517392163], [-45.9668943069689, -32.0554153577998], [-45.9212597989074, -31.9909312412869], [-45.883231042489, -31.9328567479119], [-45.7995677780092, -31.9005772758337], [-45.7235102651723, -31.9651248898879], [-45.7311160168153, -32.0231789733296], [-45.7235102651723, -32.0747517392163], [-45.6322412499478, -32.1134122346154], [-45.4420974678557, -32.1391768064357], [-45.3584342042741, -32.1778100201299], [-45.3204054478557, -32.2743213539772], [-45.2747709397943, -32.3193248880012], [-45.1758961729267, -32.3707301279273], [-44.9933581424776, -32.3707301279273], [-44.8184258627732, -32.3386052756196], [-44.7880028579978, -32.2936113189681], [-44.7575798523241, -32.216426849869], [-44.696733841875, -32.1842472960478], [-44.6130705782934, -32.2228613949844], [-44.5446188162013, -32.287181786288], [-44.430532546946, -32.3450311584352], [-44.3240520293338, -32.3450311584352], [-44.1795427553031, -32.3128971794857], [-44.0274277296294, -32.2743213539772], [-43.9285529627619, -32.2550272865862], [-43.707986174996, -32.2550272865862], [-43.6395344138022, -32.2421622967838], [-43.6361924922991, -32.2357291181107], [-43.5710826526084, -32.2357291181107], [-43.4189676269347, -32.0940840319334], [-43.3048813576794, -32.0747517392163], [-43.1375548287197, -32.0747517392163], [-43.0386800627505, -32.0489689894666], [-42.9474110466276, -31.9393112832206], [-42.9093822902092, -31.8618269621305], [-42.8561420314031, -31.8230603537416], [-42.7876902702093, -31.7648799099046], [-42.7724787678215, -31.7325416227557], [-42.6355752445356, -31.7325416227557], [-42.5671234824434, -31.6872490535221], [-42.529094726025, -31.6419343715175], [-42.4834602188619, -31.5188260503132], [-42.4834602188619, -31.4604548672321], [-42.5316787631774, -31.4296019527039], [-42.5312530452761, -31.4289462229585], [-42.5671234824434, -31.408538805878], [-42.5671234824434, -31.311118749577], [-42.5519119800557, -31.2331100761646], [-42.5823349857294, -31.1680536041355], [-42.6812097516987, -31.1224874678381], [-42.7496615137908, -31.0638702733107], [-42.7876902702093, -30.9856577919825], [-42.7572672645355, -30.8747469582652], [-42.7331877149356, -30.8540774652639], [-42.7378844557873, -30.8484207332026], [-42.6812097516987, -30.8159774133194], [-42.6507867469233, -30.7571718879852], [-42.6355752445356, -30.711409408459], [-42.536700477668, -30.7048701381265], [-42.4530372131882, -30.6459967604519], [-42.4150084567697, -30.5346936748856], [-42.4304965324671, -30.5013374127536]]]}, "properties": {"OBJECTID": 95, "id": null, "name": "Omboru", "continent": null, "S2": null, "Shape__Area": 112171047332.45996, "Shape__Length": 2631622.466008284}}, {"type": "Feature", "id": 96, "geometry": {"type": "Polygon", "coordinates": [[[-47.4767875314369, -27.6913834252003], [-47.5473645547777, -27.6625365175656], [-47.6179415781185, -27.5807622764776], [-47.6722315964875, -27.6096307461158], [-47.6722315964875, -27.7346394965587], [-47.7916696365401, -27.7538589093922], [-47.9002496723799, -27.744249626466], [-47.992542703248, -27.7298341137503], [-48.0148619321835, -27.7202227125459], [-48.0794067315605, -27.7202227125459], [-48.1375746090261, -27.7087794625854], [-48.1499837557996, -27.7106104632595], [-48.3671438274791, -27.7009973676774], [-48.4920108691889, -27.648110207398], [-48.7851769667648, -27.648110207398], [-49.0131950426572, -27.638491610507], [-49.1054880735253, -27.5855742158675], [-49.1489200876815, -27.4892953423645], [-49.2249261135778, -27.3929322142675], [-49.3335061494176, -27.359185250946], [-49.4203701786284, -27.335073977433], [-49.485518200312, -27.257882664501], [-49.4736817798378, -27.1917245049876], [-49.447515187813, -27.045330405827], [-49.447515187813, -26.9001770383488], [-49.4817306829869, -26.8827395516249], [-49.4793267661337, -26.8612957091583], [-49.5289502144682, -26.8469072956874], [-49.6863912670198, -26.7693792720142], [-49.8166873103869, -26.6723947829415], [-50.001273372123, -26.5461915853493], [-50.0739443980355, -26.4527021906187], [-50.0881374004355, -26.4344343873868], [-50.1424168653966, -26.3736630797077], [-50.1967174371736, -26.3128361460359], [-50.2658763656338, -26.1595754464774], [-50.287146585998, -26.1123986676391], [-50.2890104671433, -26.1082637205228], [-50.2835814654861, -25.9814438209073], [-50.2769654129444, -25.9542525291302], [-50.2580795737709, -25.8765991348656], [-50.1912029230878, -25.8653126196043], [-50.127492679271, -25.8183819141743], [-50.0579905952706, -25.8288126672986], [-50.0078061265833, -25.8288126672986], [-50.0067581277183, -25.8256042223601], [-49.9826966710865, -25.8183819141743], [-49.9421537889026, -25.8600990724578], [-49.8958190665351, -25.8653126196043], [-49.820525142351, -25.8392424447523], [-49.7741904199835, -25.8600990724578], [-49.7278556967177, -25.8913766979275], [-49.7215611305549, -25.8945236474763], [-49.709220774071, -25.9518668229723], [-49.7081072745471, -25.9570396647707], [-49.6809622653626, -26.0204799367058], [-49.5343792161255, -26.0399931275287], [-49.3998713371072, -26.0339502874119], [-49.3172191444459, -26.0302369378193], [-49.1434910860243, -25.9863240453059], [-48.9426180193164, -25.9130994302648], [-48.8720409959757, -25.7958454541332], [-48.7957796634857, -25.6775354621845], [-48.7953694046921, -25.6774711302286], [-48.7814242537671, -25.6804295830056], [-48.7743189634504, -25.668689317894], [-48.7091709417668, -25.6246420751613], [-48.5191558783735, -25.6050603069766], [-48.3780018316919, -25.6197469339341], [-48.2585637916393, -25.6735824519659], [-48.1391257515868, -25.7616244929448], [-48.068548728246, -25.8789123684025], [-48.0034007065624, -25.9277479961689], [-47.8676756615381, -26.0399931275287], [-47.6668025948303, -26.0838859359371], [-47.4496425222524, -26.0887618990939], [-47.3302044821998, -26.1180134112553], [-47.2754748013813, -26.170782765171], [-47.183621433861, -26.2592924237733], [-47.0967574046502, -26.2738977082797], [-47.057380179074, -26.2315190640824], [-47.0465986969503, -26.2347433353579], [-47.0207513796522, -26.2008529247411], [-46.9664613612832, -26.1277622886493], [-46.8850263346279, -26.1082637205228], [-46.7655882945753, -26.1570040394641], [-46.6407212528655, -26.2203360209236], [-46.4669931953422, -26.2398158539655], [-46.3312681503179, -26.2592924237733], [-46.3421261536324, -26.3468965485802], [-46.4072741753159, -26.3955368748524], [-46.4018451736586, -26.4392956538509], [-46.3584131586041, -26.5073318405121], [-46.247322672905, -26.599060406127], [-46.2389751194498, -26.5947477554809], [-46.190114102738, -26.5559044652205], [-46.168398096109, -26.5073318405121], [-46.0652470610282, -26.5219057861689], [-46.0543890577137, -26.6141644583811], [-45.9512380235312, -26.735444102028], [-45.9512380235312, -26.7984584926719], [-45.9729540310584, -26.8904934979121], [-45.9892410360302, -26.9679385649143], [-45.9729540310584, -27.0888398866137], [-45.9512380235312, -27.2144389829923], [-45.8806610001904, -27.2337493795491], [-45.8155129785069, -27.2723601231981], [-45.8209419801641, -27.335073977433], [-45.8915190035049, -27.3543634162352], [-45.8969480051621, -27.4073920473882], [-45.83714897938, -27.5046752168622], [-45.8263709818213, -27.5037425498401], [-45.7177909459816, -27.4941112893927], [-45.636355918428, -27.4603952416353], [-45.5169178783754, -27.4796628180105], [-45.4300538500629, -27.5181878608976], [-45.4083378425356, -27.5807622764776], [-45.3594768267221, -27.7009973676774], [-45.4463408550346, -27.7682712425814], [-45.4843438675336, -27.8355035533425], [-45.5094764807001, -27.883646086331], [-45.5169178783754, -27.8978962795585], [-45.4952018717464, -27.9602530556838], [-45.4733152462989, -27.9737845139558], [-45.4409118533774, -27.9938148720392], [-45.3811928333511, -28.0369504274032], [-45.3377608191949, -28.089648182435], [-45.2617547941968, -28.1710393001147], [-45.1640327616715, -28.1949660944497], [-44.9685886966209, -28.2236711782889], [-44.9197276799091, -28.2619326184938], [-44.9088696765946, -28.3718577333971], [-44.8437216549111, -28.5389166754467], [-44.7297126165158, -28.6056662528394], [-44.6319905839905, -28.6247297795283], [-44.6157035790187, -28.658082621352], [-44.6419642003993, -28.7156758448019], [-44.6482775898605, -28.7295172673689], [-44.6862806023595, -28.7723546417295], [-44.7514286240431, -28.829443791956], [-44.7459996223858, -28.9245228172773], [-44.6926156528972, -28.952960052525], [-44.621132580676, -28.9910263168357], [-44.5402568657779, -29.0161758381653], [-44.4862402011565, -29.0161758381653], [-44.4109462769724, -29.0364463646407], [-44.3249799261402, -29.0458472612782], [-44.2030994413903, -29.090701401966], [-44.0728033980232, -29.090701401966], [-43.9642233621834, -29.090701401966], [-43.8176403129463, -29.090701401966], [-43.8015836773359, -29.100723135407], [-43.7796373004473, -29.1144193659619], [-43.6873442695792, -29.1618388925613], [-43.5950512387112, -29.1997587541717], [-43.5353322186849, -29.2660847691369], [-43.5950512387112, -29.2755564050943], [-43.6764862662648, -29.2850271633434], [-43.8013533079746, -29.29449704449], [-43.9045043421571, -29.29449704449], [-43.9231180618682, -29.3147866884096], [-43.9696523638407, -29.3229014172752], [-43.9739343929499, -29.3252347580572], [-43.9709420867722, -29.3930423743684], [-43.934882578492, -29.3949220479868], [-43.9316493513417, -29.4080670724587], [-43.7524922912628, -29.4364397872535], [-43.6467225611275, -29.4236452298618], [-43.5027582078431, -29.4364397872535], [-43.3453171561899, -29.4364397872535], [-43.1878761036383, -29.4458955974068], [-43.1010120744275, -29.4553505266756], [-43.0792960669002, -29.5592965632944], [-43.1227280819547, -29.5923479074068], [-43.2258791161373, -29.6159493840734], [-43.3453171561899, -29.6348265875832], [-43.4213231811879, -29.6395453355877], [-43.5190452137132, -29.630107618486], [-43.6710572646075, -29.6253884275368], [-43.8013533079746, -29.6112295308218], [-43.8502143237881, -29.6395453355877], [-43.7470632896055, -29.6725703799851], [-43.6493412570802, -29.6961530600953], [-43.4756131995569, -29.7197302058655], [-43.3941781720034, -29.7197302058655], [-43.2150211128228, -29.7621551124988], [-43.1172990802975, -29.7951398492935], [-42.9815740343749, -29.7810048643788], [-42.8621359952206, -29.7904284094515], [-42.8838520018496, -29.875200372305], [-43.0792960669002, -29.9646037870923], [-43.2964561394781, -30.0022232992951], [-44.0185133796542, -30.0586258322385], [-44.6917096040168, -30.0633245941054], [-44.8708666640956, -29.9410843580421], [-45.0934557374324, -29.7857167478061], [-45.1097427433025, -29.6395453355877], [-45.0907594333274, -29.5652706030167], [-45.1002358825321, -29.5643185024126], [-45.0934557374324, -29.4600776617057], [-45.1423167541442, -29.4222544199662], [-45.2834708008258, -29.3891475277985], [-45.4463408550346, -29.2897622140553], [-45.4843438675336, -29.2187134283721], [-45.5466498550168, -29.1667936845507], [-45.5403551406321, -29.1579922001107], [-45.5403551406321, -29.1325340369724], [-45.5712078967445, -29.1001892433914], [-45.7177909459816, -29.02900912911], [-45.9023770068194, -29.0432490834667], [-46.038102052742, -28.9767791635287], [-46.0543890577137, -28.9007612200784], [-46.1629690935535, -28.8246875575664], [-46.2226881135798, -28.777113265029], [-46.2348830507855, -28.7307846321646], [-46.2389751194498, -28.7152342382971], [-46.228117115237, -28.6533185790424], [-46.2226881135798, -28.5627606716146], [-46.168398096109, -28.5389166754467], [-46.152111090239, -28.5007550562393], [-46.228117115237, -28.4005151494773], [-46.4778511986567, -28.3431925742417], [-46.499567206184, -28.281058190727], [-46.4018451736586, -28.2475861871318], [-46.3692711628169, -28.1662532990366], [-46.4561351911294, -28.0848585454528], [-46.7004402728918, -27.9650482400672], [-46.7726459966399, -27.8374238643887], [-46.8144493103888, -27.8162985668054], [-46.8904553362851, -27.7922875570441], [-46.9031059340373, -27.7887534135187], [-46.9936063704677, -27.7634673435519], [-46.9664613612832, -27.8018925973655], [-46.9664613612832, -27.8053227638603], [-46.9664613612832, -27.8835011465952], [-47.0967574046502, -27.8930981148589], [-47.1186108553143, -27.8780746365255], [-47.145618421362, -27.8595050061787], [-47.2270534480173, -27.7922875570441], [-47.2976304713581, -27.8643046600515], [-47.301023598629, -27.8655902456755], [-47.3736364972544, -27.8930981148589], [-47.4442135205952, -27.8355035533425], [-47.4442135205952, -27.7554603737126], [-47.4767875314369, -27.6913834252003]]]}, "properties": {"OBJECTID": 96, "id": null, "name": "Walano", "continent": null, "S2": null, "Shape__Area": 140154399981.16504, "Shape__Length": 2837142.5020901714}}, {"type": "Feature", "id": 97, "geometry": {"type": "Polygon", "coordinates": [[[13.4865294621948, 18.6470436840904], [13.3231620188979, 18.7736440858709], [13.2492504626972, 18.7838490867153], [13.2126289369343, 18.7796885070522], [13.1764871771101, 18.775582333178], [13.1397849601768, 18.7965753118303], [13.055846366554, 18.8796287219808], [13.0642288806434, 18.9351402861328], [13.1298496461351, 19.0409904400644], [13.138906008977, 19.0513854298195], [13.2851193430842, 19.1420574255584], [13.3612949035325, 19.1582117505056], [13.4976997800891, 19.1543071521009], [13.6116451018797, 19.1801380367818], [13.6443743541789, 19.2044717621415], [13.648087535016, 19.2039347081257], [13.7099358191838, 19.2597924546016], [13.7932139633249, 19.3633915381072], [13.8169551840327, 19.3929138831169], [13.8564193413756, 19.4208303195646], [13.8824976847036, 19.4331271205255], [13.9530386029564, 19.4663848302425], [13.972600369584, 19.4702970534594], [14.0289537373123, 19.4815668237204], [14.0565592408778, 19.4815668237204], [14.0844986599125, 19.4863558177939], [14.1071693295501, 19.4902416107036], [14.1278734576733, 19.5097581799573], [14.1287523307198, 19.5139001880155], [14.1324743743354, 19.5314404948138], [14.1278734576733, 19.572628872787], [14.1255729988932, 19.6116397339476], [14.1036648525064, 19.6360273476905], [14.1002679541078, 19.6398083614018], [14.0866128682898, 19.6555262122425], [14.0795638268829, 19.6636394935373], [14.045024625593, 19.6730819639198], [14.0082496100874, 19.6831350598264], [13.9714422722995, 19.7004624593252], [13.9559296294757, 19.710685390138], [13.9484376862944, 19.7156223955866], [13.9371280549708, 19.7369142652766], [13.9165866997804, 19.9542801068088], [13.9420999875233, 20.0741424947891], [13.9836086071466, 20.2689556860142], [14.0338750372221, 20.3527619387812], [14.0769605496137, 20.3752023319239], [14.0882311662062, 20.3840992927445], [14.1679188519545, 20.446989641207], [14.3761631112015, 20.5786417990785], [14.411480078356, 20.6268516551074], [14.5086135463853, 20.8128798151817], [14.5574768852421, 20.90420170513], [14.5650181908483, 20.9290100383632], [14.57754239564, 21.1949001718777], [14.5895497475464, 21.242658319035], [14.6426573611177, 21.3236346973626], [14.9498411018653, 21.5939304311967], [15.1006403929901, 21.6510439909399], [15.2626100020093, 21.7548289172654], [15.348292072885, 21.9746742192628], [15.3835243468745, 22.0026765644959], [15.7373485111724, 22.0605565953982], [15.8843338960624, 22.056664422348], [16.0389470934221, 22.0916107128889], [16.2009167024412, 22.2209292640449], [16.3014495625922, 22.30879786668], [16.446663695219, 22.3914472549799], [16.5040136772797, 22.3914472549799], [16.5081004431889, 22.3768042712902], [16.5081004431889, 21.95699364085], [16.5471965562683, 21.8689057380921], [16.5081004431889, 21.6925669391343], [16.4690400300571, 21.6327759009309], [16.4329329838305, 21.6032773660736], [16.4145293153857, 21.5562147135576], [16.415502477401, 21.5507840302393], [16.4214306908279, 21.5176975438492], [16.4206494484832, 21.5053415388723], [16.423210422289, 21.4910447120457], [16.4164109741905, 21.4783907304007], [16.2009167024412, 21.3028219973211], [16.0557025698145, 21.1310049356699], [16.005436139739, 20.9798495583355], [16.011021298237, 20.8702966108127], [16.0303860212036, 20.8392748004532], [16.0625591480701, 20.8183561815885], [16.138474282426, 20.805454033571], [16.1984375301235, 20.8033779766059], [16.2005866641008, 20.8033035680741], [16.2184730089431, 20.8045897359776], [16.2304926264464, 20.805454033571], [16.2557976712317, 20.7753447295016], [16.2649995054541, 20.6720672922168], [16.2696419144008, 20.6083490807443], [16.2713947934215, 20.5842834507106], [16.2719008817947, 20.5773345543864], [16.2511356412826, 20.4970161925949], [16.2189903334439, 20.3725975907277], [16.1200706130829, 20.2064531831058], [16.0901646516356, 20.1567911470333], [16.039554562065, 20.087669854513], [16.0142495172797, 20.0617414994214], [15.8532174143455, 19.9731206458304], [15.8359514595132, 19.95910539943], [15.817763994896, 19.9443407922072], [15.8026073247749, 19.9320355326942], [15.7788270318439, 19.9010783204861], [15.742795400982, 19.8541607642862], [15.7236577218135, 19.8397600000182], [15.7082885219743, 19.828194004259], [15.6898848535295, 19.8130447671996], [15.6805772184279, 19.8085480423397], [15.6047678849512, 19.771918138084], [15.5678876668444, 19.7640811049935], [15.5334536681557, 19.7567635450546], [15.4989467882497, 19.7481031314641], [15.464439909242, 19.7394422479018], [15.4414353232369, 19.7286154826022], [15.441326004555, 19.7283753782667], [15.4301647695265, 19.7038592423688], [15.4276325714542, 19.6982966367468], [15.4253321135723, 19.6593068241133], [15.4301647695265, 19.6497495242813], [15.4402888591353, 19.6297257796067], [15.4483366995774, 19.6138067268689], [15.5599636627575, 19.4549726647233], [15.5656600883832, 19.4468630336032], [15.5932655919487, 19.381773428371], [15.6047678849512, 19.323170531031], [15.6047678849512, 19.2884329633012], [15.5886646743883, 19.258031543964], [15.5679605471634, 19.2363127927583], [15.5575570725181, 19.2319471237771], [15.5124934716675, 19.2130354886767], [15.3575577036623, 19.1754096227601], [15.1844177767487, 19.0857054884569], [15.1341513466732, 19.0540335885266], [15.0628980338573, 18.9468522302587], [15.0628980338573, 18.9206110632675], [15.0390621028708, 18.8690712785721], [14.9721817376541, 18.826875160214], [14.8930428749336, 18.8150476738067], [14.8660637181067, 18.7792913548524], [14.754360539163, 18.699955157117], [14.5644651358571, 18.7211151194163], [14.4908551458939, 18.8024302072511], [14.4236777760846, 18.8096564717957], [14.2461110763168, 18.7634270975293], [14.0716738060632, 18.6236128247902], [14.0084466133241, 18.5842346212568], [14.003648692527, 18.5812460808933], [13.9139308063884, 18.5463538390302], [13.8203174972928, 18.5407365530389], [13.790636783013, 18.5389555178491], [13.4865294621948, 18.6470436840904]]]}, "properties": {"OBJECTID": 97, "id": null, "name": "Far Ib", "continent": null, "S2": null, "Shape__Area": 76692146619.67114, "Shape__Length": 1469494.8116156473}}, {"type": "Feature", "id": 98, "geometry": {"type": "Polygon", "coordinates": [[[2.01322608200019, 24.2001149175189], [1.96280826962966, 24.2614162422832], [1.96391309502119, 24.3027066791942], [2.04311180081093, 24.3668508199541], [2.05932131980117, 24.3711375386601], [2.24609064341058, 24.3711375386601], [2.32047742995611, 24.3711375386601], [2.33850690786426, 24.380153711899], [2.41193225181571, 24.4565623204623], [2.50574546840142, 24.7550922109917], [2.50204209087911, 24.7793038812844], [2.52181407496127, 24.8119387819738], [2.65819194546551, 24.925359876263], [2.90445163821694, 25.0422827528266], [3.03344481091001, 25.1272476420272], [3.10380472312471, 25.2333706929005], [3.22388964091168, 25.4208528694951], [3.26358252280069, 25.4409270756813], [3.33833776413981, 25.4559275019524], [3.45668800367213, 25.5239103180794], [3.4667811984217, 25.5394467524371], [3.45649911761231, 25.7155876828396], [3.46325198087679, 25.7354974633062], [3.52596419731124, 25.7731526128057], [3.76049723832633, 25.7731526128057], [3.88048144239355, 25.8091633081931], [3.9056288966269, 25.8292851319641], [3.94812367059944, 25.9630821799162], [3.97821290004284, 26.0171747626342], [3.99607624621724, 26.0241720677772], [4.17093005987822, 25.9947073930101], [4.31113081797352, 25.9947073930101], [4.34340131682686, 26.004030328705], [4.42133978598598, 26.0915579500533], [4.4551639795137, 26.1000632713796], [4.48602283428857, 26.1000632713796], [4.51827873641687, 26.0817670986719], [4.56210325326684, 25.9715023418879], [4.59283142472739, 25.9445166957149], [4.70814605209882, 25.9046280200241], [4.74620383847394, 25.9046280200241], [4.82762257507984, 25.9209020049937], [4.89767273920144, 25.9658955572953], [4.92567094398829, 25.971936663089], [5.10906222393866, 25.9525385527426], [5.26150870010441, 25.8892569648428], [5.47258843764682, 25.8787067316612], [5.56243843631933, 25.8787067316612], [5.5986786658717, 25.8588578969247], [5.63193169886367, 25.7840256261801], [5.65366610209136, 25.7644534848663], [5.69378484740875, 25.7438056976212], [5.74778860593443, 25.7380146486656], [5.84784130309133, 25.7625920279285], [6.00028778015541, 25.8892569648428], [6.14100760458478, 25.9314484646048], [6.25827412464318, 25.9630821799162], [6.4224472534436, 25.9630821799162], [6.45847660887289, 25.9792776347526], [6.45799672974643, 25.9943752558346], [6.37273684818963, 26.0709849900023], [6.32244439302202, 26.0913849203246], [6.25827412464318, 26.1105936481588], [6.21050376778918, 26.1620565640565], [6.21050376778918, 26.1848971952317], [6.28172742901419, 26.2579192130559], [6.44590055781461, 26.2894647194686], [6.50264921391233, 26.374232068082], [6.54620523330701, 26.3983862322965], [6.59834703398037, 26.4050581360588], [6.71561355493706, 26.3525299924408], [6.85607399981132, 26.3435393734894], [6.91791489803088, 26.3562577180086], [7.02050650816689, 26.394554418583], [7.16381574257242, 26.4544447847088], [7.20615241395331, 26.4811464605292], [7.26676620091833, 26.5624990341817], [7.3488527657677, 26.6987731315021], [7.34758423319543, 26.7042469715866], [7.37771746661301, 26.7270224479323], [7.44266598235342, 26.7406708943183], [7.6537457189975, 26.7511429244067], [7.88827876001263, 26.7720840910602], [8.02899858444204, 26.8558101276599], [8.21662501761344, 27.0335222413239], [8.32216488593549, 27.0335222413239], [8.42894534203795, 26.9989301154167], [8.46566860110847, 27.0020763188347], [8.50020976072571, 27.0266942866022], [8.50838865728294, 27.049763361494], [8.49806466647226, 27.1692303306991], [8.47461136210124, 27.2735090722829], [8.42770475425755, 27.3360294116265], [8.26353162545713, 27.5025778551228], [8.25511839167997, 27.5324236240448], [8.26273925388436, 27.5459383827602], [8.38079814641386, 27.5649686933219], [8.45115805862853, 27.6273240869075], [8.5801512313216, 27.7623055892232], [8.69741775138, 27.9074832964189], [8.79232255218993, 27.9410252139851], [8.83451814674871, 27.9463503493877], [9.21339044125391, 27.8971199051144], [9.51325980161591, 27.9059535870573], [9.58904869841985, 27.8943049713096], [9.65900321981145, 27.8556564169314], [9.71743046245918, 27.8261340375099], [9.78583858349652, 27.8163758626029], [9.92807406882947, 27.8233645181906], [9.96371251607469, 27.8092347006272], [10.0106767391658, 27.7469066468066], [10.0422321098827, 27.7244630713676], [10.1749759096854, 27.6792598006837], [10.3039690823784, 27.6584884751887], [10.3497373612637, 27.6584884751887], [10.3668397733071, 27.6492827628993], [10.3734799123765, 27.6453614489203], [10.3823334302373, 27.6404596081631], [10.3911869489965, 27.6365379771059], [10.3978270871676, 27.6277137937656], [10.4044672262369, 27.6120246012189], [10.4091321083371, 27.6067098660854], [10.4094743790368, 27.4932406739438], [10.4192242215151, 27.4709987936779], [10.4210675725629, 27.4667931340234], [10.4297853756456, 27.4592852644517], [10.4586950245945, 27.4343842926084], [10.4734146831944, 27.4289055902973], [10.6674952960866, 27.4193350276717], [10.6743118076839, 27.4159734519112], [10.6888864961633, 27.413755527181], [10.7231938791093, 27.401965931353], [10.7497544335902, 27.3862445136029], [10.7609581652199, 27.3732347172367], [10.7641414002264, 27.3695380586397], [10.7729949180873, 27.349880176965], [10.7730351644087, 27.3498086827573], [10.7730351644087, 27.179662596324], [10.7730351644087, 27.0830711040987], [10.7796350571567, 27.0664206425752], [10.7955550329612, 27.0498127565865], [10.8199417722523, 27.0335222413239], [10.9723882493164, 26.918564036035], [11.0075682054237, 26.7930213968746], [11.0263216769419, 26.6506413277187], [11.0163321540643, 26.6034395709792], [10.937208293209, 26.541519374273], [10.8463680303949, 26.5045740294003], [11.0544748132674, 26.4890534401366], [11.2021293082968, 26.4735048989788], [11.2652236446969, 26.4476559937134], [11.3241878112882, 26.3420214989823], [11.3828210708683, 26.1527056692986], [11.4660042558973, 26.0406513226902], [11.4674051121076, 26.0035153941324], [11.4297276796103, 25.9103546009743], [11.3593677673956, 25.8153855527348], [11.2890078542826, 25.5723411092739], [11.3007345069172, 25.4453388527953], [11.3281935491588, 25.4095179588865], [11.3499241884454, 25.4029749465259], [11.3828210708683, 25.4029749465259], [11.5365403744517, 25.3434502862001], [11.5573008736556, 25.3367492176177], [11.574809009797, 25.3096193246686], [11.5923171450401, 25.2802217505261], [11.5879676856907, 25.246787395852], [11.5873148206849, 25.2417680181828], [11.5862044733494, 25.2136435893733], [11.5235408952977, 25.0529065881399], [11.5118142435613, 24.9891497740345], [11.476634287454, 24.8934525403522], [11.4684326123161, 24.7892532023801], [11.4722613569228, 24.7498528598952], [11.4547532207814, 24.7157769490241], [11.4147346250418, 24.6930544910586], [11.3872218401901, 24.6726007362766], [11.3597090553383, 24.6589630350767], [11.3396997570193, 24.6498704067953], [11.3286770817335, 24.6477236271471], [11.3046834847365, 24.6430505001827], [11.2471567528555, 24.6407771154877], [11.2260369634705, 24.6378975905625], [11.1971335075072, 24.633956713153], [11.1671195604778, 24.6225885485997], [11.1521125874124, 24.583929056369], [11.1521125874124, 24.5589077290436], [11.1571149117675, 24.5429824653483], [11.1610356932667, 24.536919203137], [11.1834679859605, 24.5205929264392], [11.2498575539269, 24.3392563450503], [11.2360737179691, 24.3149214412306], [11.1978282187338, 24.2858739720173], [11.1693312585214, 24.280823155205], [11.0544748132674, 24.3284034867877], [10.9388856454739, 24.3284034867877], [10.9018509934949, 24.3163507910715], [10.808215120516, 24.2215053337665], [10.726128556565, 24.1466231781899], [10.6457941889149, 24.089595282622], [10.5979683673803, 24.0768603113186], [10.5267754716572, 24.0931090421631], [10.3452233350459, 24.0931090421631], [10.3181541239084, 24.0705448113773], [10.2922424306421, 24.0074399297332], [10.3274223867494, 23.9431506227568], [10.4095089507005, 23.8895517165406], [10.5893883631673, 23.76372043572], [10.6001696350851, 23.726219744554], [10.5619554277645, 23.6212246805684], [10.4681422111788, 23.5352434948923], [10.3508756902221, 23.4061663269148], [10.1984292140564, 23.1799784287619], [10.0459827369923, 23.018180994115], [9.83490300034821, 22.8021489477575], [9.82517067591623, 22.7527955100225], [9.80481488032419, 22.750506253598], [9.67392805002905, 22.7677485242072], [9.67072987154779, 22.7697144967486], [9.63554991544044, 22.8021489477575], [9.60036995933308, 22.8453828762688], [9.54173669885472, 22.9642052751791], [9.41274352616168, 23.0721351181104], [9.23684374562492, 23.1584167041304], [9.14303052903921, 23.2985057516321], [9.13267637280129, 23.4410768226819], [9.10678839416013, 23.4692236728696], [9.06354098199814, 23.4855572578506], [8.93195079239512, 23.5352434948923], [8.81688272472144, 23.550313501304], [8.64168656849559, 23.573254926053], [8.6034282422164, 23.5608782315762], [8.58341894389742, 23.5333634914333], [8.54705278581361, 23.4911241458357], [8.5097913182086, 23.395404201892], [8.47655221539172, 23.1918723925381], [8.45994713763913, 23.1766082801292], [8.43944925282363, 23.1718972902384], [8.41865571448184, 23.175437260507], [8.38079814641386, 23.2015366795693], [8.29871158156448, 23.2985057516321], [8.07590519318403, 23.3631125792793], [7.75928558731956, 23.4169275777943], [7.61346721818829, 23.4478028260972], [7.61423796282057, 23.4135656197815], [7.61856576289015, 23.3631125792793], [7.64201906726116, 23.223091453235], [7.66547237073384, 23.082923348827], [7.71237897947587, 22.9318094951442], [7.71237897947587, 22.8453828762688], [7.73155827669312, 22.73044824528], [7.77030613719145, 22.6968716648491], [7.87655210827629, 22.6723649258106], [8.00554528007103, 22.5749462104569], [8.06417854054936, 22.412428661282], [8.06417854054936, 22.2714261151063], [8.09935849665671, 22.1411436394522], [8.14626510539873, 22.0868236330144], [8.24007832108612, 22.0216120336454], [8.24007832108612, 21.94549388044], [8.27525827719347, 21.825797317063], [8.35245433997425, 21.6209010664473], [8.34567014706589, 21.5753442661035], [8.31043823419915, 21.4770208221263], [8.24007832108612, 21.3569349592825], [8.24007832108612, 21.2148883492547], [8.18144506150608, 20.9084780411801], [8.11086342801128, 20.7859793671762], [8.09873917384533, 20.7827913318172], [8.08073533385542, 20.7834147514733], [8.04072523617838, 20.8208166925716], [7.98209197659831, 20.9851397198919], [7.98209197659831, 21.1274069939066], [7.95863867222733, 21.2258198794294], [7.78273889169057, 21.2586096070016], [7.71010341391051, 21.2661308456801], [7.67354297987516, 21.2797585671859], [7.6537457189975, 21.3350905703046], [7.66287336764878, 21.3563443248026], [7.67719902336851, 21.3896954362537], [7.7710122390559, 21.4988439982953], [7.78273889169057, 21.6079107206826], [7.78273889169057, 21.7386822910991], [7.73583228294855, 21.8802172976728], [7.73184663230608, 21.8828590903965], [7.6537457189975, 21.9346165282733], [7.55050575968667, 21.9346165282733], [7.51296717708788, 21.9419044979863], [7.41921267798241, 21.9998681567757], [7.33712611313303, 22.162865779454], [7.19640628870362, 22.3582137931364], [7.14949968085993, 22.488293936785], [7.08155673981608, 22.5331269573772], [7.05309379521022, 22.5212959366195], [7.0184963354792, 22.4701521418961], [6.97903248176682, 22.4557853299925], [6.903423599261, 22.4557853299925], [6.85633337936647, 22.4557853299925], [6.75864853170405, 22.5099414521209], [6.73906685930807, 22.5387176922225], [6.73906685930807, 22.6507222902878], [6.77424681541543, 22.6976103525258], [6.79770011888811, 22.7697144967486], [6.77424681541543, 22.9534075430568], [6.6871920918361, 23.093618073364], [6.65565245870463, 23.1044972113586], [6.56316707787301, 23.1044972113586], [6.45762720955096, 23.0397652368726], [6.43758643156946, 23.0320807704006], [6.31690738512155, 22.9857981517008], [6.22309416853583, 22.8561892121699], [6.14100760458478, 22.7372723363476], [5.98856640063147, 22.765388347984], [5.95433201209049, 22.7572938959548], [5.87129460746234, 22.6615440347128], [5.86108935776253, 22.5720498607498], [5.86478664021564, 22.5624280788817], [5.90647456356969, 22.5316268699716], [5.91682410695864, 22.4455642015668], [5.90034981402994, 22.4143068092756], [5.85956795482767, 22.369058457246], [5.73057478213463, 22.2605738643521], [5.29668865711006, 21.9889949669242], [5.14424218004601, 21.7822464207511], [5.13251552830964, 21.7277891940045], [5.13251552830964, 21.6297142154578], [5.13251552830964, 21.4988439982953], [5.10906222393866, 21.4442799262236], [5.0504289634603, 21.3896954362537], [4.97287907135711, 21.35358680017], [4.94530478873932, 21.3523340465799], [4.91751815247324, 21.3678608247083], [4.89798248729455, 21.4060606988281], [4.89798248729455, 21.5097543585451], [4.87744833210114, 21.5861504842894], [4.87452918292353, 21.5970077409588], [4.74553601023047, 21.6842085534977], [4.68660473455492, 21.6998536961262], [4.66344944627942, 21.7060005231802], [4.56963622969374, 21.771356627642], [4.42891640526433, 21.836682970876], [4.33510318867861, 21.804023523875], [4.14747675550721, 21.7060005231802], [4.06078713870036, 21.6443958100811], [4.05260323942533, 21.6196714001028], [4.05366353892149, 21.6188128786815], [4.05366353892149, 21.5315726233755], [4.01848358281414, 21.4333646598197], [3.98330362670679, 21.3678559324738], [3.90121706275574, 21.3023178879042], [3.86603710664839, 21.2695378943621], [3.80740384617003, 21.171154137952], [3.7487705856917, 21.0617620759769], [3.701863977848, 20.9960881806886], [3.63182737289729, 20.9306873576697], [3.61977741299863, 20.9194321124511], [3.5854199534671, 20.8472060851649], [3.59057904821238, 20.8070228655986], [3.59185485354519, 20.7970842058077], [3.63877353474631, 20.7614424185095], [3.6768949640644, 20.7340199383339], [3.68779934290542, 20.72495464823], [3.6943061935462, 20.6969574185945], [3.67396254587174, 20.6626982462928], [3.66516529309038, 20.6297692387609], [3.62997628196495, 20.5885979592424], [3.58012518346951, 20.5172080856783], [3.54786858963844, 20.4760064637799], [3.50832571921537, 20.45902679432], [3.47749056738762, 20.445784907897], [3.45279922734989, 20.4276775137977], [3.41004496243113, 20.3963186338232], [3.36312628123001, 20.3605831102919], [3.34305880441995, 20.3431122659627], [3.30315780803245, 20.2607833631093], [3.20498824201914, 20.0764834697449], [3.17059350150501, 20.0580225255741], [3.13560773600924, 20.0520471875855], [3.06862476701736, 20.0406063043486], [2.99954851141107, 20.0684154216425], [2.98653820306632, 20.0945997395659], [2.98653820306632, 20.2057682275061], [2.98653820306632, 20.3267757913378], [2.91617828995328, 20.4367005906049], [2.83409172600223, 20.5136012452197], [2.75333223333895, 20.6081200896286], [2.74027850941655, 20.651956313229], [2.74027850941655, 20.7988933744594], [2.74027850941655, 20.9176114761856], [2.75934415268237, 20.9988435317813], [2.8569368529596, 21.1809547263413], [2.89866552658988, 21.3321080579973], [2.85754503037325, 21.4661080068757], [2.84581837773861, 21.6188128786815], [2.88099833384593, 21.7060005231802], [2.95731936926801, 21.7201817055435], [2.97988873050113, 21.7243750423323], [2.99473963925232, 21.7507106870329], [2.98653820306632, 21.804023523875], [2.91113397025692, 21.8422055915826], [2.90953205222144, 21.8464360663685], [2.90445163821694, 21.8475677968402], [2.7754584655239, 21.9346165282733], [2.68164524893819, 22.162865779454], [2.63473864109449, 22.5966007777573], [2.55774931389826, 22.8704891201503], [2.5266310741784, 22.9084047268451], [2.28293908002097, 23.0937107130719], [2.10518554864033, 23.1706341565553], [2.08649539756999, 23.1946875640143], [2.10703929858591, 23.2985057516321], [2.1766896207779, 23.4081247376587], [2.18628329383901, 23.4472482735127], [2.17127629921396, 23.5504665146747], [2.14169590159864, 23.5999744553784], [2.02495273463486, 23.6534530952168], [1.87594189042607, 23.7164343479289], [1.87216198003478, 23.7204076688471], [1.86077960583444, 23.8037472700567], [1.88423291020545, 23.9002732760629], [2.09531264684957, 24.050281631224], [2.10531456108818, 24.1233298587518], [2.09821269874254, 24.1419632200154], [2.01322608200019, 24.2001149175189]]]}, "properties": {"OBJECTID": 98, "id": null, "name": "Ib", "continent": null, "S2": null, "Shape__Area": 503396583192.76514, "Shape__Length": 4669918.167316305}}, {"type": "Feature", "id": 99, "geometry": {"type": "Polygon", "coordinates": [[[36.2794556345925, -24.4385359601151], [36.5462208505344, -24.4636573753337], [36.6399387477836, -24.5174246783332], [36.7006920799432, -24.5726880262676], [36.8375939251762, -24.7449583551416], [37.1008667032958, -24.8978874370592], [37.4167940377578, -25.0220030276123], [37.4793062559724, -25.0624571851057], [37.4861451589765, -25.0934282514895], [37.4694485932021, -25.1841187897656], [37.3325467488674, -25.2889025036774], [37.3220158374192, -25.4506629453773], [37.3641394823136, -25.5267104605213], [37.5228408415644, -25.5794603017685], [37.5727198066983, -25.61925270325], [37.6168813498833, -25.7545635663956], [37.6484740833295, -25.8967503669041], [37.6811652290944, -25.9629006700395], [37.672667848328, -26.0003991896345], [37.6168813498833, -26.0576885231652], [37.406263127208, -26.2750768437898], [37.269361281975, -26.5203306279697], [37.290423103973, -26.7180387487982], [37.3852013043117, -26.9341828291872], [37.5536958829909, -27.1030507551215], [37.6800668167757, -27.2061226838422], [37.7139049386819, -27.2653296449307], [37.7190596496486, -27.3098580693548], [37.7011286387738, -27.4213287006847], [37.6168813498833, -27.4867432067893], [37.6063504384351, -27.664100937387], [37.753783194218, -27.7852854857338], [38.0907723515765, -27.9156410412704], [38.185542530858, -27.9460885782712], [38.2075669641583, -27.9705628841544], [38.217143284463, -28.1480281475691], [38.2066123739132, -28.2964919905892], [38.0907723515765, -28.379912060113], [38.0065250617877, -28.5280524390738], [37.9433395948953, -28.6297783843474], [37.8485613945567, -28.7314058317534], [37.7853759276642, -28.7960264575794], [37.6800668167757, -28.8882721724662], [37.5536958829909, -28.9435803136893], [37.4167940377578, -28.962009805316], [37.3536085708655, -29.0264871834674], [37.3325467488674, -29.2196776608869], [37.2482994599769, -29.4308499118294], [37.1851139930845, -29.5591751265301], [37.0587430592997, -29.6507363489836], [36.9850266809591, -29.7330703040676], [36.9687786745488, -29.7460496351616], [36.9429030360647, -30.0526150076584], [36.8895577947445, -30.1833543426961], [36.856610610259, -30.2141081934381], [36.7533466362857, -30.2438489151334], [36.6619632978648, -30.2924070099005], [36.6059138796045, -30.316602307438], [36.3110483680388, -30.4165500674677], [36.0477755890209, -30.4891751331998], [35.9986678140837, -30.5737731062419], [35.9635283001304, -30.6342627062854], [35.9177354181861, -30.7195958293829], [35.8591321641332, -30.7496253248615], [35.7423791660069, -30.7429358486063], [35.6882413833324, -30.7150139422584], [35.6265391436702, -30.5889461482947], [35.4475136535428, -30.552677639797], [35.338350509574, -30.5728199425532], [35.1697012580708, -30.6039301375246], [35.0052153861942, -30.6342627062854], [34.9791921724752, -30.647696581979], [34.9622171038099, -30.6564585589308], [34.7945971626205, -30.7429358486063], [34.6999868035096, -30.7700369389639], [34.6902812102456, -30.7728166701254], [34.6310517972019, -30.7711481283399], [34.5102293931094, -30.7451914441362], [34.4576080061604, -30.7338844268305], [34.2891134283795, -30.6433234719516], [34.0153097379134, -30.5436083936512], [33.9693834336915, -30.5337194675513], [33.8046915152381, -30.4982494600678], [33.6151351145608, -30.4256311603024], [33.3518623364413, -30.2802323538478], [33.2676150475508, -30.1801454788939], [33.2676150475508, -30.0526150076584], [33.3729241584393, -29.9066645603274], [33.646727848007, -29.6781884958418], [33.6512271337694, -29.6742793508861], [33.7662751528426, -29.574269787511], [33.9626551824692, -29.4033305138065], [34.1322493475652, -29.341101831423], [34.1627424945946, -29.3299090382836], [34.2331515159093, -29.2685070228075], [34.2455190572103, -29.2236826948719], [34.233417202536, -29.199916485701], [34.2153970500389, -29.164517424266], [34.1838043165926, -29.0817214832921], [34.1732734051445, -29.0172785921847], [34.2237897393455, -28.9362590053361], [34.2766866351005, -28.9173971095669], [34.4892007396066, -28.9251475439794], [34.857782629513, -28.8606070468606], [35.1210554085308, -28.7683368027609], [35.3106118092081, -28.7036990363198], [35.3843281875487, -28.6297783843474], [35.4769314965159, -28.5484658519767], [35.5152157176315, -28.5339336426222], [35.7002555211125, -28.509546247268], [35.8371573663455, -28.3891769120964], [35.921404655236, -28.2964919905892], [36.0477755890209, -28.2408422481774], [36.1004301444651, -28.2037262802939], [35.8582191883436, -28.2501192236487], [35.7318482545587, -28.2779453064291], [35.5212300318834, -28.2501192236487], [35.3316736312062, -28.1387423070543], [35.1421172305289, -27.9156410412704], [35.056283583322, -27.8920143411813], [35.0262772081922, -27.8411713389682], [34.994684474746, -27.6920785555984], [35.0052153861942, -27.5801251218948], [34.9841535632978, -27.5241054927226], [34.8683135409611, -27.5241054927226], [34.6823730398638, -27.4452143535952], [34.6261025848396, -27.4213287006847], [34.3944225392679, -27.2061226838422], [34.3417679838237, -27.1499134218419], [34.3944225392679, -27.0374100583445], [34.5629171179472, -26.8966221932215], [34.5763538799135, -26.8426847955713], [34.6050407628416, -26.7274448849024], [34.6155716733914, -26.6521740441675], [34.6155716733914, -26.6295602819187], [34.5810377344325, -26.6016736806773], [34.3312370723755, -26.5768535392385], [34.0047788273636, -26.5109074355541], [33.993027913928, -26.5103539972372], [33.8046915152381, -26.5014834692048], [33.6572587594552, -26.5014834692048], [33.593882346666, -26.4589378507712], [33.5743518018844, -26.4305215514042], [33.5811995209547, -26.3569145562118], [33.614553656637, -26.3097757170381], [33.78362969324, -26.1900601215102], [33.8108946553628, -26.1329592673096], [33.8680361627005, -26.1092798616899], [33.8700123143918, -26.0966041850816], [33.8280569742558, -26.0547320897884], [33.78362969324, -26.0103766429568], [33.7308962764937, -25.9313629385017], [33.7325108203504, -25.8994148378606], [33.762567871242, -25.8588505892772], [34.0942915715289, -25.7140306534544], [34.1100879382521, -25.7071300578681], [34.2000982062527, -25.6634521048724], [34.2285750442027, -25.649630236457], [34.2346722325312, -25.6184801426985], [34.1943352280408, -25.545714816361], [34.089026116254, -25.5077030939683], [34.0258406493616, -25.3555359675793], [34.0214262076812, -25.2996744308461], [34.0456811740016, -25.2119285178181], [34.1838043165926, -25.1650575080958], [34.3733607172699, -25.0697064347198], [34.5207934730528, -25.0697064347198], [34.5945098513934, -25.0029164705722], [34.668226229734, -24.8310041966783], [34.6892880517321, -24.6779925988747], [34.7735353406225, -24.6301378822521], [35.0789317636364, -24.6301378822521], [35.2579572537639, -24.6301378822521], [35.436982742993, -24.6014162511412], [35.6054773207739, -24.5056298909711], [35.7634409880049, -24.4672948802501], [35.8945068184002, -24.4712713454256], [35.9529973886822, -24.4481229964166], [36.2794556345925, -24.4385359601151]]]}, "properties": {"OBJECTID": 99, "id": null, "name": null, "continent": null, "S2": null, "Shape__Area": 260914242969.7412, "Shape__Length": 2863434.675456637}}, {"type": "Feature", "id": 100, "geometry": {"type": "Polygon", "coordinates": [[[-45.2850886163468, -27.1639554333955], [-45.2850886163468, -27.0917892673758], [-45.2850886163468, -27.0298951469411], [-45.2838234434737, -27.0174974556844], [-45.23049638136, -26.9865101213398], [-45.2000123791802, -26.9687926167676], [-45.1055614342012, -26.981356057501], [-44.9913744709891, -27.0353628673682], [-44.9645898748798, -27.095618868291], [-45.0012424805549, -27.1483162888003], [-45.0153396363074, -27.2047502428849], [-45.0211734592558, -27.2255022173976], [-44.9758675998411, -27.2636618822057], [-44.9504927191273, -27.3050067326894], [-44.9800967460278, -27.3475883546382], [-45.049172810293, -27.3588572224597], [-45.1083808649924, -27.3187849294173], [-45.208470672452, -27.2899740226056], [-45.2845953145934, -27.2699272424817], [-45.2888244616785, -27.2197944760689], [-45.2850886163468, -27.1639554333955]]]}, "properties": {"OBJECTID": 100, "id": null, "name": "Isle of Women", "continent": null, "S2": null, "Shape__Area": 1341529265.147461, "Shape__Length": 149311.92384583846}}, {"type": "Feature", "id": 101, "geometry": {"type": "Polygon", "coordinates": [[[-47.776999739217, -29.0068991662548], [-47.7470586671168, -29.0265445771112], [-47.6857940965425, -29.0296956723255], [-47.5488905732565, -29.0828837826333], [-47.5488905732565, -29.1891776269449], [-47.6097365837056, -29.3285212551752], [-47.6249480860934, -29.4478073406674], [-47.5032560660934, -29.4941585724505], [-47.3511410404197, -29.5007784471782], [-47.2522662735522, -29.5272536167516], [-47.2066317654907, -29.6396957594226], [-47.1305742526539, -29.659525479825], [-47.054516739817, -29.6793512928653], [-47.0849397454908, -29.745409095405], [-47.1229685019092, -29.7652179580427], [-47.199026014746, -29.8114234058053], [-47.2294490195214, -29.8773941651257], [-47.3055065323583, -29.9235477521728], [-47.353619556069, -29.9304973702416], [-47.3546045920157, -29.9344848183603], [-47.3893556340159, -29.9545793366338], [-47.4163445600215, -29.9545793366338], [-47.4119870508688, -29.9696799503913], [-47.3815640451951, -30.0618801012627], [-47.5412848225118, -30.1408405222434], [-47.5864591712639, -30.1464212918028], [-47.601461735398, -30.1482746161922], [-47.6477653401241, -30.1539944571165], [-47.7086113505732, -30.1737220706778], [-47.7466401069916, -30.1474177093058], [-47.7583095459258, -30.1446146176224], [-47.8835436302776, -30.1145273919463], [-47.9086500315024, -30.144593400125], [-47.9824183971451, -30.2328812143575], [-48.0888989147574, -30.3707807915332], [-48.1394898369748, -30.3901781606808], [-48.1538785571224, -30.4357415880242], [-48.2233806411228, -30.4507437995989], [-48.3392174474908, -30.5107320486463], [-48.3855521698583, -30.5007362946204], [-48.3508011278581, -30.4207373152798], [-48.3508011278581, -30.3206561166041], [-48.3276337671235, -30.2305045504913], [-48.1886295991226, -30.0600149140091], [-48.1654622374897, -29.8691520785519], [-48.1365030356731, -29.8088102069628], [-48.1317248499645, -29.8095018023433], [-48.1345334228188, -29.7388052710104], [-48.043264406696, -29.7123856269583], [-48.0264580694888, -29.7017692734272], [-47.9596011431144, -29.659525479825], [-47.9900241478898, -29.5735684927299], [-48.0888989147574, -29.5007784471782], [-48.1117161687881, -29.3815545601305], [-48.2486196920741, -29.3417821693102], [-48.3843402356405, -29.243143478625], [-48.3677674523224, -29.1537553547975], [-48.280889847771, -29.1537553547975], [-48.2229714441379, -29.1537553547975], [-48.1303019985045, -29.1233874236685], [-48.1071346377699, -29.0980743990368], [-48.083967276137, -29.0221002958978], [-47.968130469769, -28.9967639106149], [-47.8928365455849, -28.9866277193588], [-47.776999739217, -29.0068991662548]]]}, "properties": {"OBJECTID": 101, "id": null, "name": "Koj", "continent": null, "S2": null, "Shape__Area": 13495017192.111328, "Shape__Length": 657703.3130219803}}, {"type": "Feature", "id": 102, "geometry": {"type": "Polygon", "coordinates": [[[-46.0679081907, -30.4521570196952], [-46.1701104736868, -30.4070702613324], [-46.2580519727921, -30.3578609489675], [-46.2770663510013, -30.3004187832072], [-46.2440502720217, -30.2790370923993], [-46.2240235643525, -30.2660652355974], [-46.2200232163737, -30.2634738935337], [-46.1772408656275, -30.2388362406233], [-46.1534728930906, -30.1957054866125], [-46.0845457712962, -30.1813243676974], [-45.9942274754762, -30.2141924112402], [-45.9300539489078, -30.290157709329], [-45.892619186403, -30.3169370028453], [-45.8468660441302, -30.3496569879803], [-45.735156572488, -30.351708042912], [-45.6590990596511, -30.2881053654131], [-45.6500306180619, -30.2831595978849], [-45.613939911292, -30.2634738935337], [-45.4855928581552, -30.2573150595876], [-45.3762601832277, -30.2819480768124], [-45.3287242381538, -30.3332470033133], [-45.3192170486, -30.3845190689547], [-45.2788114954669, -30.4091201110348], [-45.1718556172541, -30.431665622088], [-45.1457108480025, -30.4644497909704], [-45.1575948342709, -30.5095100113551], [-45.2407827390485, -30.5340795165191], [-45.2788114954669, -30.5504557354174], [-45.2811882921816, -30.5831998857647], [-45.2811882921816, -30.589819676918], [-45.2770210776472, -30.5911671518078], [-45.2711193025374, -30.6051611676278], [-45.17429357307, -30.602996532157], [-45.12001695487, -30.6017831035857], [-45.1124356859118, -30.6016136125938], [-45.0197405915804, -30.5954760924054], [-44.9151615118789, -30.6302502314691], [-44.8248432151606, -30.6834100423632], [-44.7487857023238, -30.7263254607205], [-44.6608442032184, -30.7753482677963], [-44.6584674056054, -30.8243461081836], [-44.7107569459053, -30.8569974533151], [-44.7189677003158, -30.8781406904063], [-44.7186404395662, -30.8834771725957], [-44.7183270982119, -30.8885863972841], [-44.7178873378461, -30.8957564908089], [-44.7060033515776, -30.9120713942857], [-44.6655977975462, -30.9304223365183], [-44.6538171516714, -30.9354748751728], [-44.6085546629185, -30.9548847811138], [-44.5087291775448, -30.9650756182105], [-44.4255412727672, -30.9426543410954], [-44.382758922021, -30.9324611122508], [-44.3499159052775, -30.9183741351624], [-44.3447301656026, -30.9181887661984], [-44.285310233362, -30.8835184883444], [-44.1973687342566, -30.8835184883444], [-44.1070504375383, -30.9487697567931], [-44.0928305323922, -30.9926630398706], [-44.1024853798258, -31.0377130988414], [-44.1284416133606, -31.0587802692108], [-44.1633888941312, -31.0690213862812], [-44.1807311536604, -31.0811742483807], [-44.2140063157512, -31.1157727494625], [-44.2377742882881, -31.138153296884], [-44.2758030447065, -31.1727310301243], [-44.3471069632156, -31.1950981332783], [-44.4493092453041, -31.1950981332783], [-44.5232668096204, -31.1773034789299], [-44.5253667581409, -31.1767981690049], [-44.5657723121724, -31.1727310301243], [-44.5781894503586, -31.1794201276603], [-44.6299458387408, -31.2072961437359], [-44.6988729596369, -31.2011973351088], [-44.8200896208329, -31.1788316733256], [-44.8739138294894, -31.1740678017107], [-44.889016741729, -31.1727310301243], [-44.9650742545658, -31.2194925804371], [-45.0816467793548, -31.2349364689095], [-45.1647252262117, -31.2194925804371], [-45.1678819097133, -31.2167929841281], [-45.1837396044209, -31.2174599506211], [-45.2312755494948, -31.1930649783744], [-45.236193061209, -31.1583543975944], [-45.2407827390485, -31.1259463802177], [-45.226521955167, -31.079138649746], [-45.226521955167, -31.0465631488684], [-45.2716811035262, -31.0058280904215], [-45.3223314951137, -30.9926144594918], [-45.3263474405408, -30.9915667048554], [-45.4071585477054, -31.0078652565499], [-45.4594480880053, -31.0282345285743], [-45.5046072363644, -31.0445268101695], [-45.5735343572605, -31.0404540005428], [-45.6091863160659, -31.0200873421255], [-45.6115631136789, -30.960999414013], [-45.6084716352905, -30.9199001202923], [-45.6068095193512, -30.8977960061015], [-45.6353310862159, -30.8692388431254], [-45.6679553766624, -30.8699218344148], [-45.7327797748749, -30.8712789222802], [-45.8587500303987, -30.8569974533151], [-45.9086627730856, -30.8427138571763], [-45.9514451238317, -30.8018918652154], [-45.9823434892077, -30.7794323748769], [-45.9937660019316, -30.7336148266702], [-45.9966042721909, -30.720195855423], [-46.0156186504001, -30.685454066825], [-46.03575216057, -30.6577469681107], [-46.0512706101038, -30.6363855477639], [-46.0607777987593, -30.6057050764559], [-46.0567832889314, -30.5999748405602], [-46.0465170148778, -30.5852460284387], [-46.0013578674169, -30.5729685261786], [-45.9870970835354, -30.566829192123], [-45.9704595020409, -30.5443149768815], [-45.9538219214447, -30.5115577068965], [-45.9561987190578, -30.4910788064123], [-45.9847202859224, -30.4787893964329], [-46.021349010784, -30.4696695397563], [-46.0679081907, -30.4521570196952]]]}, "properties": {"OBJECTID": 102, "id": null, "name": "Isle of Birds", "continent": null, "S2": null, "Shape__Area": 14193036091.919922, "Shape__Length": 726558.9910316572}}, {"type": "Feature", "id": 104, "geometry": {"type": "Polygon", "coordinates": [[[-49.0087142100874, -24.2732999165731], [-49.0087142100874, -24.3983420824936], [-49.0087142100874, -24.4608111806498], [-49.1229283383537, -24.4816265211005], [-49.2028782279604, -24.4712193317771], [-49.2714067052795, -24.4295809597346], [-49.2714067052795, -24.3462580379752], [-49.2828281184655, -24.2732999165731], [-49.3170923562267, -24.23158834969], [-49.3741994203598, -24.2002945422959], [-49.2942495307531, -24.1168018925851], [-49.23714246662, -24.1168018925851], [-49.1914568156728, -24.1585559473112], [-49.111506926066, -24.2107267766655], [-49.0087142100874, -24.2732999165731]]]}, "properties": {"OBJECTID": 104, "id": null, "name": "Stone Head", "continent": null, "S2": null, "Shape__Area": 1115272206.1289062, "Shape__Length": 138792.13441730983}}, {"type": "Feature", "id": 106, "geometry": {"type": "Polygon", "coordinates": [[[-52.1315260359658, -32.4401102267419], [-52.1243171672019, -32.4348742519903], [-52.1460427768212, -32.4139158741151], [-52.1277290611774, -32.3881448650542], [-52.0727879124494, -32.3262644427914], [-52.0300559086817, -32.2746650930751], [-51.9384873286661, -32.2023766773541], [-51.8347096045885, -32.2023766773541], [-51.7919776008208, -32.2488544052976], [-51.761454741115, -32.295308358123], [-51.6671938760569, -32.3019480510529], [-51.6518266974271, -32.2948354430034], [-51.6248587578632, -32.2948354430034], [-51.5416901488979, -32.243691387385], [-51.4867490010682, -32.243691387385], [-51.4257032807584, -32.2643416985741], [-51.4257032807584, -32.3262644427914], [-51.4806444285881, -32.3829897810054], [-51.5722130086037, -32.3932996556643], [-51.6027358692078, -32.4190691926061], [-51.7187227373473, -32.4911847390761], [-51.785873029239, -32.4911847390761], [-51.8469187486505, -32.4760392042019], [-51.8957553248984, -32.4808860528945], [-51.975114760852, -32.4808860528945], [-52.0241016378233, -32.4745283062768], [-52.0544741968056, -32.470586188135], [-52.0910841630475, -32.4829399909034], [-52.1315260359658, -32.4401102267419]]]}, "properties": {"OBJECTID": 106, "id": null, "name": "The Signing Stones", "continent": null, "S2": null, "Shape__Area": 1930761550.0351562, "Shape__Length": 206146.61882258358}}, {"type": "Feature", "id": 107, "geometry": {"type": "Polygon", "coordinates": [[[-51.1284103461234, -32.1390279208357], [-51.0141962178572, -32.148733095465], [-50.8885606764049, -32.1390279208357], [-50.8086107867982, -32.1584374012846], [-50.7971893736122, -32.1875451044375], [-50.8200321999841, -32.2360405715694], [-50.8771392641173, -32.255432682635], [-50.9913533923836, -32.255432682635], [-51.0484604565167, -32.2748213239487], [-51.162674584783, -32.3717125287233], [-51.2426244743897, -32.3523412163487], [-51.2083602357302, -32.2748213239487], [-51.1284103461234, -32.2360405715694], [-51.1284103461234, -32.1390279208357]]]}, "properties": {"OBJECTID": 107, "id": null, "name": "The Signing Stones", "continent": null, "S2": null, "Shape__Area": 725275516.5546875, "Shape__Length": 134593.00827564462}}, {"type": "Feature", "id": 108, "geometry": {"type": "Polygon", "coordinates": [[[-50.5344968793184, -32.1390279208357], [-50.3879260417793, -32.1145206104518], [-50.3512986095934, -32.1662109081599], [-50.4184489014851, -32.2178718936254], [-50.5039129090205, -32.2230363795194], [-50.5459182916061, -32.1875451044375], [-50.5344968793184, -32.1390279208357]]]}, "properties": {"OBJECTID": 108, "id": null, "name": "The Signing Stones", "continent": null, "S2": null, "Shape__Area": 216260074.16015625, "Shape__Length": 57310.09667350922}}, {"type": "Feature", "id": 109, "geometry": {"type": "Polygon", "coordinates": [[[-52.6649313963108, -32.9175383474659], [-52.5444342317584, -32.8765213737352], [-52.3806897565537, -32.8499785410863], [-52.3108662203103, -32.8611508504415], [-52.3230753643723, -32.9124136947786], [-52.3780165131003, -32.9790110342134], [-52.3841210846821, -33.0199690677217], [-52.3291799368524, -33.0609080823333], [-52.2712849630785, -33.0747702088478], [-52.2437159284187, -33.0609080823333], [-52.1094153446353, -33.0711398627518], [-52.1033107730535, -33.1478402818268], [-52.176565636527, -33.250003274493], [-52.2620296449608, -33.2653174393731], [-52.2729431686514, -33.2645570000216], [-52.3262352764191, -33.2608435852139], [-52.3352845084342, -33.2602130157675], [-52.3963302287441, -33.2704215639254], [-52.445166804992, -33.2959377128487], [-52.5184216684655, -33.3112438217018], [-52.5306308125274, -33.3469476255383], [-52.5550491006514, -33.4437841568092], [-52.6038856768992, -33.5048884474722], [-52.6424104875091, -33.5209486968907], [-52.6762896750002, -33.5350698119854], [-52.6771405403727, -33.5354244293779], [-52.6787262977162, -33.5348143660666], [-52.7219936955967, -33.5181671246397], [-52.7219936955967, -33.4663965514715], [-52.7219936955967, -33.4104690587884], [-52.731511540068, -33.3625081553935], [-52.732340960858, -33.3609406089947], [-52.7198725450388, -33.3010400478545], [-52.739930970424, -33.2406659643112], [-52.731511540068, -33.2265031788549], [-52.7137679725586, -33.2115785455964], [-52.7137679725586, -33.1836108871463], [-52.7381862606826, -33.132505555624], [-52.7992319809924, -33.0762553072228], [-52.7931274085123, -32.9892523252098], [-52.6649313963108, -32.9175383474659]]]}, "properties": {"OBJECTID": 109, "id": null, "name": "The Threen Exiles", "continent": null, "S2": null, "Shape__Area": 3627252060.828125, "Shape__Length": 298161.6638322146}}, {"type": "Feature", "id": 110, "geometry": {"type": "Polygon", "coordinates": [[[-52.6283039650232, -34.9281278267849], [-52.6283039650232, -34.8704882060828], [-52.6283039650232, -34.8532390795095], [-52.5611536722332, -34.7981158551069], [-52.5117003989495, -34.7766139345284], [-52.4660137634488, -34.7567447399525], [-52.4573759490539, -34.7529876018682], [-52.3352845084342, -34.7028161593349], [-52.2225847187514, -34.6590521147882], [-52.1601233011645, -34.6347868807665], [-52.0972062005734, -34.662657086641], [-52.1033107730535, -34.7630182355403], [-52.1826702090071, -34.8882982803476], [-52.2376113568368, -34.998386964916], [-52.295808622687, -35.0231733510505], [-52.3005172590297, -35.0367964776], [-52.3766600112072, -35.0761280654231], [-52.4337670753403, -35.139028678068], [-52.5384633591353, -35.1783228744632], [-52.576534735224, -35.1468886667201], [-52.5678347789711, -35.1109634305244], [-52.5855719603571, -35.0383825535998], [-52.5980824164334, -34.9495603265066], [-52.6283039650232, -34.9281278267849]]]}, "properties": {"OBJECTID": 110, "id": null, "name": "The Threen Exiles", "continent": null, "S2": null, "Shape__Area": 2446359111.6777344, "Shape__Length": 207839.7172531233}}, {"type": "Feature", "id": 111, "geometry": {"type": "Polygon", "coordinates": [[[-51.8347096045885, -33.9820518072863], [-51.8347096045885, -33.9180008291971], [-51.8084439670154, -33.8910718598762], [-51.7289212335128, -33.8955025111828], [-51.7070106769461, -33.9101506841901], [-51.7004090208052, -33.9111468243543], [-51.6894684093155, -33.9218766500124], [-51.6817040349562, -33.9294906137938], [-51.6332587289135, -33.9769820646796], [-51.6332587289135, -34.0579401154848], [-51.636556169437, -34.0838885865143], [-51.643668033625, -34.1398267371845], [-51.6454678729755, -34.1539774554437], [-51.6759907326812, -34.2297193604446], [-51.6820953051614, -34.3003504002187], [-51.7492455970531, -34.34572473403], [-51.77176101625, -34.3420066880347], [-51.833617518206, -34.3317912702098], [-51.8713370367744, -34.3255613921144], [-51.8591278927125, -34.2549515407575], [-51.8591278927125, -34.1897240773337], [-51.8591278927125, -34.1590290314497], [-51.8560529972242, -34.0877551792435], [-51.8591278927125, -34.0731111519527], [-51.8347096045885, -33.9871060421683], [-51.8347096045885, -33.9820518072863]]]}, "properties": {"OBJECTID": 111, "id": null, "name": "The Threen Exiles", "continent": null, "S2": null, "Shape__Area": 1264751427.8378906, "Shape__Length": 151880.02760508994}}, {"type": "Feature", "id": 112, "geometry": {"type": "Polygon", "coordinates": [[[-49.2570489617378, -33.6712464417651], [-49.2570489617378, -33.6698175949041], [-49.2284954292221, -33.6060272848439], [-49.2094597411777, -33.5661391617622], [-49.1428348334715, -33.5262362718903], [-49.1237991454272, -33.5182539209352], [-49.0571742368227, -33.5661391617622], [-48.9524779530278, -33.5741179679613], [-48.9715136410721, -33.7016986009515], [-48.9905493291165, -33.7574676876858], [-48.9963075246978, -33.7585385265281], [-49.0266064856072, -33.8452606911344], [-49.0762099248671, -33.8893898691208], [-49.1007173420369, -33.911184213426], [-49.0876522059171, -33.9415386466641], [-49.1617791520717, -33.9487731969331], [-49.1692353988987, -33.9495008679001], [-49.1914299299946, -33.9516668441237], [-49.2341619337624, -33.921278636606], [-49.2402665053442, -33.8249778038301], [-49.2524756494062, -33.7793237121232], [-49.2559984556749, -33.7178114580888], [-49.2570489617378, -33.6994598786953], [-49.2585802218863, -33.6727028458959], [-49.2570489617378, -33.6712464417651]]]}, "properties": {"OBJECTID": 112, "id": null, "name": "Isle of Love", "continent": null, "S2": null, "Shape__Area": 1384803772.6855469, "Shape__Length": 153787.90230497802}}, {"type": "Feature", "id": 113, "geometry": {"type": "Polygon", "coordinates": [[[-48.9996498711041, -34.7996145374349], [-48.9381141692141, -34.8129108933236], [-48.927700346875, -34.8433051528403], [-48.9351427955791, -34.8631542428854], [-48.9394432671011, -34.9336963851917], [-48.9007390216065, -35.0112227325787], [-48.8964385500845, -35.0816375262295], [-48.9437437386231, -35.1168221545909], [-49.0168517571921, -35.1555077030326], [-49.0684574172527, -35.2082310908016], [-49.1372649642997, -35.2995372370421], [-49.1624207342376, -35.3232230232926], [-49.1678828055754, -35.3389752592846], [-49.2103729828686, -35.4082677565104], [-49.2302828152277, -35.4546183986432], [-49.2404762853192, -35.4783387514103], [-49.2748800583935, -35.5658416758208], [-49.3006828884239, -35.635775296064], [-49.3176094256059, -35.6522817813275], [-49.3436876054405, -35.6777061252527], [-49.3608894924268, -35.8208035777643], [-49.4038942085451, -35.9183807240487], [-49.4011323660519, -35.9742781601254], [-49.3995937370231, -36.0054015859671], [-49.3909927939791, -36.0853760486598], [-49.3795847899454, -36.1296160726952], [-49.3135843038882, -36.1166482838233], [-49.2533776998852, -36.1270695954533], [-49.2146734543906, -36.1617973101708], [-49.2189739268109, -36.206920349905], [-49.2361758128989, -36.2485493090853], [-49.2318753413769, -36.3074857246188], [-49.150166379764, -36.3144164945123], [-49.0383541157004, -36.3317407243403], [-49.0168517571921, -36.3767656947133], [-49.0555560026867, -36.4425245609871], [-49.1888706243603, -36.490942833605], [-49.2748800583935, -36.5531504511837], [-49.3479880769625, -36.5738752066457], [-49.4081946800671, -36.6912104199389], [-49.4339975109958, -36.7394729688084], [-49.4899036425784, -36.8049236323524], [-49.4627927037976, -36.8700174862187], [-49.4598003410261, -36.8771988087477], [-49.4532090388671, -36.8824711644771], [-49.4081946800671, -36.9184682330759], [-49.3522885484845, -36.9562789300628], [-49.3522885484845, -37.042142539459], [-49.3608894924268, -37.1484786878164], [-49.3823918500368, -37.2307009142154], [-49.3909927939791, -37.2786225226184], [-49.3995937370231, -37.3812089935225], [-49.4856031710564, -37.3948766040991], [-49.5630116611473, -37.3504477616509], [-49.5974154342216, -37.3128335764139], [-49.6480876593621, -37.2906644665126], [-49.6533215667026, -37.261511161736], [-49.6576220382246, -37.2067286797321], [-49.6834248682549, -37.1920480423326], [-49.6877253397769, -37.1896009916228], [-49.6897950069875, -37.1813566462325], [-49.7006267552412, -37.1381946161007], [-49.7135281698072, -37.0901837946954], [-49.7339938006124, -37.0782110556611], [-49.7780352453322, -37.0524396552119], [-49.7952371323185, -37.0043744972869], [-49.8167394899285, -36.915029966938], [-49.8167394899285, -36.9118012680345], [-49.8167394899285, -36.822138202914], [-49.7737347738102, -36.7670379529605], [-49.7479319437798, -36.6946587501642], [-49.7393309998375, -36.6325651469521], [-49.7393309998375, -36.5566049637942], [-49.7309818985851, -36.5364826258188], [-49.7135281698072, -36.4944001243005], [-49.6748239252109, -36.4944001243005], [-49.628763274345, -36.4927901578825], [-49.5759130757133, -36.490942833605], [-49.5630116611473, -36.4598202727221], [-49.5830232384922, -36.4407968269154], [-49.610316849686, -36.414843401528], [-49.6064846393788, -36.4009644626952], [-49.601715906642, -36.3836903020316], [-49.61891779273, -36.3386693376079], [-49.6548010785008, -36.3242154916983], [-49.6705234527906, -36.3178816484168], [-49.6987328272462, -36.2866222954157], [-49.7049272267632, -36.2797564833244], [-49.7651338298678, -36.2450810756884], [-49.8022387265087, -36.216813534723], [-49.8167394899285, -36.1860975618718], [-49.8038380753625, -36.0958015102652], [-49.7565328868238, -35.9810454112296], [-49.7307300567935, -35.9183807240487], [-49.7335225704655, -35.7553832653742], [-49.7307300567935, -35.7440515657888], [-49.7178286413292, -35.6532491504382], [-49.7201386123699, -35.6372931569485], [-49.7252782783523, -35.601779771535], [-49.7350305283155, -35.5903253941713], [-49.7565328868238, -35.5273521426556], [-49.7823357168541, -35.4257912235384], [-49.7786968563355, -35.4079981342227], [-49.7651338298678, -35.3416438347075], [-49.7393309998375, -35.2679429031026], [-49.7092276982852, -35.2152582910945], [-49.6963262828209, -35.1414423575798], [-49.6318192081943, -35.0358748145132], [-49.62680199067, -35.0280691259056], [-49.5974154342216, -35.0112227325787], [-49.4727017555921, -35.0077003991847], [-49.3909927939791, -34.9795162775306], [-49.387458159593, -34.9702481450913], [-49.3608894924268, -34.9583718179386], [-49.2877814729595, -34.8913783692907], [-49.2361758128989, -34.8419797892151], [-49.1888706243603, -34.8207998869007], [-49.072757889673, -34.7996145374349], [-48.9996498711041, -34.7996145374349]]]}, "properties": {"OBJECTID": 113, "id": null, "name": "Moluu", "continent": null, "S2": null, "Shape__Area": 17546638373.29492, "Shape__Length": 914217.4339332324}}, {"type": "Feature", "id": 114, "geometry": {"type": "Polygon", "coordinates": [[[-48.1784726742935, -35.6377477839699], [-48.1599360300339, -35.5674133190718], [-48.1570891009135, -35.5654834765404], [-48.1400118264268, -35.5539063650585], [-48.1266541189005, -35.5448496753069], [-48.0849294239086, -35.5493761801564], [-48.0621470442738, -35.5518476193574], [-48.0249535593729, -35.5888238200354], [-48.0234427987792, -35.5903253941713], [-48.0249535593729, -35.6019957591869], [-48.029058941968, -35.6337005342121], [-48.0320437418232, -35.6567434625608], [-48.0357907020098, -35.7023978218806], [-48.0363442142435, -35.7091397970458], [-48.0400198562814, -35.7509130518059], [-48.0406446857655, -35.758011988652], [-48.0664475157958, -35.8033664462667], [-48.0793489303618, -35.8417230805038], [-48.1352550628428, -35.8626370675338], [-48.1653822937176, -35.8570024454242], [-48.1911611944254, -35.8521807632018], [-48.1997621374694, -35.8417230805038], [-48.1997621374694, -35.7440515657888], [-48.186282146775, -35.6908926682128], [-48.1729763430074, -35.6383859190951], [-48.1784726742935, -35.6377477839699]]]}, "properties": {"OBJECTID": 114, "id": null, "name": null, "continent": null, "S2": null, "Shape__Area": 654798367.7226562, "Shape__Length": 107870.64276425984}}, {"type": "Feature", "id": 118, "geometry": {"type": "Polygon", "coordinates": [[[-43.2281743691804, -38.2716162995677], [-43.247530849206, -38.274202485053], [-43.235954235885, -38.3128174102052], [-43.264475803648, -38.3426500667253], [-43.3785620729033, -38.4097286361093], [-43.4260980179771, -38.5436991194254], [-43.5116627203677, -38.6477261811823], [-43.5877202332046, -38.5585693570732], [-43.5591986654416, -38.3426500667253], [-43.502155530814, -38.2531152659598], [-43.4820801470328, -38.2180737922942], [-43.4165908293217, -38.1036451999053], [-43.4165908293217, -38.0791468377372], [-43.4165908293217, -37.9688601483703], [-43.3120117487219, -37.8488430883781], [-43.1425618413824, -37.7210113638308], [-43.1179777314435, -37.7024469358928], [-43.1028535884205, -37.6910237903065], [-43.0227307946812, -37.6852596835525], [-42.9289377317989, -37.6785115551828], [-42.8741105720939, -37.7116510047473], [-42.8969533975675, -37.7760574451081], [-42.9197962230411, -37.8312322965596], [-42.9083748098551, -37.913941574821], [-42.9238949598997, -37.9513878974854], [-42.9222169958822, -37.9538687235228], [-42.9317241845377, -38.0138160580837], [-43.0648248320021, -38.0811982521437], [-43.2192295609271, -38.1783637877785], [-43.2281743691804, -38.2716162995677]]]}, "properties": {"OBJECTID": 118, "id": null, "name": "Xon", "continent": null, "S2": null, "Shape__Area": 4347064062.472656, "Shape__Length": 345497.1261023883}}, {"type": "Feature", "id": 119, "geometry": {"type": "Polygon", "coordinates": [[[-42.9602457523006, -39.4818416489996], [-42.9193207663208, -39.4666782492906], [-42.8841882394638, -39.3716861197814], [-42.8651738612546, -39.2613565318429], [-42.87468104991, -39.1213560585735], [-42.779609158864, -39.0106324390703], [-42.6845372678179, -38.9219285378559], [-42.5609438099072, -38.870133313198], [-42.4563647293074, -38.9219285378559], [-42.3898144060243, -39.0106324390703], [-42.3708000278151, -39.1213560585735], [-42.3708000278151, -39.2539950401138], [-42.4278431624427, -39.3422819098697], [-42.6757116354601, -39.512469404925], [-42.7494867258911, -39.6551122528935], [-42.7605947806548, -39.774737774379], [-42.9412313740914, -39.774737774379], [-43.1123607779743, -39.7893500214542], [-43.1979254794666, -39.8404684474991], [-43.3025045600664, -39.8842539774668], [-43.4070836397679, -39.8988429446697], [-43.4356052075309, -39.8112625734245], [-43.3276431371481, -39.7602086196157], [-43.3120117487219, -39.752813585852], [-43.2315303457245, -39.6950394351694], [-43.1694039126019, -39.6504084299314], [-43.1123607779743, -39.5405200477738], [-42.9602457523006, -39.4818416489996]]]}, "properties": {"OBJECTID": 119, "id": null, "name": "Doquu", "continent": null, "S2": null, "Shape__Area": 6415595028.638672, "Shape__Length": 424325.07069274806}}, {"type": "Feature", "id": 120, "geometry": {"type": "Polygon", "coordinates": [[[-41.1633870110811, -37.6835001865594], [-40.9705073478075, -37.7192710852689], [-40.9696950920259, -37.7321201471327], [-41.0493007418258, -37.7887611702106], [-41.0514880874404, -37.789971183548], [-41.1348654442165, -37.8638559256949], [-41.2261321238213, -37.8828407332505], [-41.294660600242, -37.8460952952327], [-41.2679660916809, -37.7887611702106], [-41.2296140073372, -37.7321941003103], [-41.1633870110811, -37.6835001865594]]]}, "properties": {"OBJECTID": 120, "id": null, "name": "The Bones", "continent": null, "S2": null, "Shape__Area": 570991768.5351562, "Shape__Length": 97470.8563485599}}, {"type": "Feature", "id": 121, "geometry": {"type": "Polygon", "coordinates": [[[-40.7274823365788, -37.7115446641689], [-40.5675825564671, -37.7483386246815], [-40.5675825564671, -37.8310788411519], [-40.5904253819406, -37.8862034974246], [-40.6246896206002, -37.9229375175772], [-40.6703752724457, -37.8678317635839], [-40.7274823365788, -37.8310788411519], [-40.7617465743401, -37.7759258003327], [-40.7274823365788, -37.7115446641689]]]}, "properties": {"OBJECTID": 121, "id": null, "name": "The Bones", "continent": null, "S2": null, "Shape__Area": 397653396.5097656, "Shape__Length": 80785.59878473001}}, {"type": "Feature", "id": 122, "geometry": {"type": "Polygon", "coordinates": [[[-41.0186963986356, -38.0414887244743], [-41.0186963986356, -38.0139653879576], [-40.9273250967412, -37.9405353188778], [-40.8930608580817, -37.9129860916019], [-40.8359537939485, -37.9497168244323], [-40.8702180326081, -38.0047893748308], [-40.878171337943, -38.011179597849], [-40.878171337943, -38.0437713565398], [-40.973243228989, -38.1186060014541], [-41.0302863636166, -38.1186060014541], [-41.0041609566526, -38.0414887244743], [-41.0186963986356, -38.0414887244743]]]}, "properties": {"OBJECTID": 122, "id": null, "name": "The Bones", "continent": null, "S2": null, "Shape__Area": 327001825.625, "Shape__Length": 80819.71663430583}}, {"type": "Feature", "id": 123, "geometry": {"type": "Polygon", "coordinates": [[[-36.1954297184358, -35.4831370508599], [-36.1269012411168, -35.4455350381239], [-36.04695135151, -35.4455350381239], [-36.0126871128505, -35.4643376964241], [-36.04695135151, -35.5676932990825], [-36.1154798288291, -35.6334131151682], [-36.1269012411168, -35.7459818796844], [-36.0812155901696, -35.8115923859873], [-36.0926370024572, -35.8865266435465], [-36.1497440665903, -36.008183147147], [-36.2296939570954, -36.0455881510251], [-36.241115369383, -35.9894757493757], [-36.241115369383, -35.9239741273913], [-36.2296939570954, -35.8584324393833], [-36.2639581948566, -35.7741055896537], [-36.3439080853617, -35.7178507817853], [-36.3324866721757, -35.6709491886078], [-36.2296939570954, -35.6052524201789], [-36.1954297184358, -35.4831370508599]]]}, "properties": {"OBJECTID": 123, "id": null, "name": null, "continent": null, "S2": null, "Shape__Area": 1387189645.0029297, "Shape__Length": 201647.28588985713}}, {"type": "Feature", "id": 124, "geometry": {"type": "Polygon", "coordinates": [[[-35.855725459725, -35.3715039677885], [-35.8498679589823, -35.3232371374863], [-35.7699180693755, -35.2949946749941], [-35.6899681788705, -35.2384873638392], [-35.6671253533969, -35.2667447523784], [-35.6785467665828, -35.3420613030132], [-35.735653830716, -35.3796996979383], [-35.7522425411641, -35.4070252440042], [-35.855725459725, -35.3715039677885]]]}, "properties": {"OBJECTID": 124, "id": null, "name": null, "continent": null, "S2": null, "Shape__Area": 258951185.0986328, "Shape__Length": 67892.82780649951}}, {"type": "Feature", "id": 125, "geometry": {"type": "Polygon", "coordinates": [[[-47.3412259429634, -37.4930515788665], [-47.2923626130898, -37.5041277554462], [-47.2364564806088, -37.5586934765912], [-47.2149541221005, -37.6234384060539], [-47.2235550660428, -37.671109146388], [-47.2235550660428, -37.752759208213], [-47.2258572540799, -37.7648932027346], [-47.2364564806088, -37.8207321771313], [-47.2557284103016, -37.8876853382667], [-47.2579588391171, -37.8954302084575], [-47.2880621406694, -37.9598812082025], [-47.2977110089166, -37.961909864984], [-47.3068513202201, -37.9638315476977], [-47.3389183416784, -37.9705730025198], [-47.3482687446724, -37.9429258965076], [-47.3482687446724, -37.9123964750109], [-47.3623206046733, -37.9000774097701], [-47.386972990167, -37.8784600312752], [-47.391273461689, -37.8479038562331], [-47.3945364724826, -37.8311539788863], [-47.399874404733, -37.8037447970606], [-47.4269508212574, -37.7609454415868], [-47.4299777062853, -37.7561593412861], [-47.4299777062853, -37.7017384621589], [-47.4055059333677, -37.6468586307679], [-47.404174876255, -37.6438724696056], [-47.399874404733, -37.6132192676181], [-47.4035687335255, -37.5810212616541], [-47.404174876255, -37.5757370766487], [-47.404174876255, -37.5280051702045], [-47.3555116443143, -37.5009854211297], [-47.3412259429634, -37.4930515788665]]]}, "properties": {"OBJECTID": 125, "id": null, "name": null, "continent": null, "S2": null, "Shape__Area": 1138127569.5136719, "Shape__Length": 153308.60800762006}}, {"type": "Feature", "id": 126, "geometry": {"type": "Polygon", "coordinates": [[[-40.8254064388391, -31.7648799099046], [-40.792448183516, -31.7735015458231], [-40.7426124030928, -31.8317381044416], [-40.772166180033, -31.9070340766618], [-40.7797719307777, -31.9522189932628], [-40.9008571891089, -31.9766775442063], [-40.9478117346494, -32.001370182245], [-41.0051322340024, -32.0214596353052], [-41.0622392981356, -32.1185769487614], [-41.1193463622687, -32.1671029692819], [-41.1769687952702, -32.1710566388664], [-41.213929612021, -32.1622646138904], [-41.2228002077538, -32.1509595328585], [-41.219843342809, -32.1195503374699], [-41.1858393919013, -32.0893889375977], [-41.1421891877423, -32.0581787014537], [-41.1421891877423, -32.0214596353052], [-41.1409398449811, -32.0198654551381], [-41.099213485411, -31.9844803341744], [-41.0856778692376, -31.8581047277334], [-41.084001982125, -31.8424456945681], [-41.0459732257066, -31.7842774600428], [-40.9242812057066, -31.7842774600428], [-40.8254064388391, -31.7648799099046]]]}, "properties": {"OBJECTID": 126, "id": null, "name": null, "continent": null, "S2": null, "Shape__Area": 1284913961.3320312, "Shape__Length": 172212.3746611184}}, {"type": "Feature", "id": 127, "geometry": {"type": "Polygon", "coordinates": [[[-16.5745919636518, -16.3453120512987], [-16.4951325604784, -16.4229653934804], [-16.4057407331435, -16.5296541661331], [-16.346146180988, -16.6265590914954], [-16.346146180988, -16.7330612863817], [-16.3958083071854, -16.926451892977], [-16.4951325604784, -16.9167900065309], [-16.5715136087513, -16.88542532544], [-16.6324334607168, -16.8324238524645], [-16.6933533135806, -16.7581968715494], [-16.6988914821044, -16.551269323599], [-16.6739162169448, -16.4132615602532], [-16.5745919636518, -16.3453120512987]]]}, "properties": {"OBJECTID": 127, "id": null, "name": null, "continent": null, "S2": null, "Shape__Area": 1923445440.5681152, "Shape__Length": 171516.44214865696}}, {"type": "Feature", "id": 128, "geometry": {"type": "Polygon", "coordinates": [[[10.0672276733745, -35.2423093744882], [10.0671586279634, -35.2424362525473], [9.86325333664162, -35.3164171625959], [9.59137961457973, -35.3903304587208], [9.43278661011849, -35.4457210210086], [9.22342257032709, -35.5187856526225], [9.21854376881509, -35.5219817423324], [9.16083041462872, -35.5522808435285], [9.09380845426188, -35.5613683421967], [8.98769035206956, -35.5522808435285], [8.95045593004279, -35.5234969695885], [8.94300904545779, -35.4931869979112], [8.9560410930324, -35.4689307840262], [8.98024346748453, -35.4310158003691], [9.06498944173192, -35.3577871983496], [9.07146780140515, -35.3247588598899], [9.08822329127228, -35.2958935543808], [9.09291645952411, -35.2934310748337], [9.11428738642153, -35.2822169200432], [9.17572418290042, -35.2502957886824], [9.18503278908084, -35.2290080492323], [9.18201709706134, -35.2150477142246], [9.17944762519293, -35.2031511400641], [9.1645538569212, -35.1818510317335], [9.12731943489447, -35.1559791076094], [9.11527147734053, -35.1403330737472], [9.09567017585731, -35.114871490004], [9.08434909909868, -35.1009793376182], [9.06960608070806, -35.0828845517609], [9.02120133180381, -35.0524091359131], [9.00892197452092, -35.0454159926205], [8.99032597048561, -35.0348243526153], [8.97838174588914, -35.0280206120527], [8.9634879776174, -34.9944745070959], [8.96534969831449, -34.9807471355951], [9.00072239964417, -34.957863068248], [9.04912714854845, -34.9441295598832], [9.06960608070806, -34.9334463517996], [9.0975318965544, -34.9074956244599], [9.11987255030943, -34.8800094416312], [9.14593664545868, -34.8357068081475], [9.17944762519293, -34.7806772528113], [9.20737344193757, -34.7653847449158], [9.25391646924643, -34.7500894040747], [9.40586712208774, -34.7255251651623], [9.47445365932026, -34.709739886499], [9.5126957027366, -34.6842871601078], [9.54248324107667, -34.6551950752303], [9.57599422081092, -34.627624729053], [9.59418579342382, -34.6253793241823], [9.61322864283765, -34.6230287806383], [9.64487790187481, -34.6230287806383], [9.65702072781091, -34.6220771151984], [9.68397404459867, -34.6199646733616], [9.71341531473602, -34.607136907228], [9.71562330363579, -34.6061747910544], [9.75658116795507, -34.5801209862422], [9.75851319889112, -34.5785302655472], [9.7956773106789, -34.5479255965067], [9.81145799191883, -34.5394766031677], [9.83291173270566, -34.5279888719731], [9.85571826175021, -34.514172178355], [9.89621025077998, -34.4896356006994], [9.94275327808884, -34.472754570409], [9.97626425782309, -34.4758241027795], [9.99674318998269, -34.4988419949949], [10.0079135168602, -34.526455079626], [10.0172221221423, -34.5831865638654], [10.0395627758974, -34.6429427196799], [10.0390024158063, -34.6461697544901], [10.0288272875163, -34.70474505874], [10.0105182691631, -34.7599165311993], [9.97653405424225, -34.8715196548595], [9.95707734019725, -34.9831846301371], [9.96695565254096, -35.0051497599866], [9.98557286310518, -35.0264960879327], [10.0060517952648, -35.0463126872697], [10.0488713811795, -35.0752667647741], [10.0842440816108, -35.0905016281747], [10.1121698983555, -35.1072566909688], [10.1419574357972, -35.1346666376535], [10.1400957151001, -35.166633249517], [10.130787109818, -35.1970659644554], [10.1096324424438, -35.2229924053718], [10.0733734461868, -35.2414550091708], [10.0672276733745, -35.2423093744882]]]}, "properties": {"OBJECTID": 128, "id": null, "name": null, "continent": null, "S2": null, "Shape__Area": 11123231676.526611, "Shape__Length": 487621.9424642891}}, {"type": "Feature", "id": 129, "geometry": {"type": "Polygon", "coordinates": [[[10.2248624027013, -34.6411762212081], [10.2108411168611, -34.6306885534819], [10.1969164609994, -34.6147459378729], [10.1735531570401, -34.5787539292129], [10.1735531570401, -34.5299941828218], [10.2665148542797, -34.4425122158496], [10.2876494505956, -34.4388640854107], [10.3411487053762, -34.4422827055008], [10.3467467573935, -34.4451236987169], [10.3584844458314, -34.453834974414], [10.365363968856, -34.4589402779272], [10.3783960164306, -34.4712197615122], [10.3802577371278, -34.4881011023352], [10.3783960164306, -34.5080473734916], [10.3635022472606, -34.5341237573934], [10.350470199686, -34.5463921714316], [10.3319215916634, -34.5616686516291], [10.3281295468293, -34.564791402888], [10.3102801775424, -34.5758146900059], [10.3057888930742, -34.5785881553985], [10.2815865186221, -34.593915194673], [10.2611075864625, -34.6123039106007], [10.2536607027758, -34.632220423636], [10.2369542052276, -34.6425295744663], [10.2252029657037, -34.6414309402773], [10.2248624027013, -34.6411762212081]]]}, "properties": {"OBJECTID": 129, "id": null, "name": null, "continent": null, "S2": null, "Shape__Area": 392387327.7211914, "Shape__Length": 77678.51650711132}}, {"type": "Feature", "id": 130, "geometry": {"type": "Polygon", "coordinates": [[[13.57886086999, -35.2516875620626], [13.4047993380703, -35.1627995754222], [13.3971150628917, -35.1562846050249], [13.388836783918, -35.1492654360404], [13.3737329095828, -35.1194147152394], [13.3825435023461, -35.0957322244832], [13.4026820017591, -35.0648316794141], [13.4225709051688, -35.0472483389312], [13.423074885196, -35.0465950567933], [13.4242213888235, -35.045452374497], [13.4573517496769, -35.0158575034062], [13.4844584088836, -34.9825504670068], [13.4965058130753, -34.9578698497133], [13.5010235897595, -34.9183653981227], [13.4919880363912, -34.8837833979055], [13.4728438974375, -34.8658337793593], [13.4709050797294, -34.8640157179152], [13.4559878618355, -34.8581222977926], [13.3804069331047, -34.8539541161955], [13.3584059682912, -34.8461539865234], [13.3383836345191, -34.8430073510592], [13.3007354960832, -34.8306469824888], [13.296562629349, -34.8242243467117], [13.2886880918915, -34.8121029503739], [13.281158464384, -34.778713173618], [13.2992295711207, -34.7613946333925], [13.3263362303274, -34.7576830447827], [13.3715139953725, -34.7465472786195], [13.3910910270717, -34.7453098782546], [13.4142817547835, -34.7444629550577], [13.4480297379375, -34.743230466918], [13.4782013716385, -34.7458759181704], [13.5079005867215, -34.7502582724231], [13.5160828447745, -34.751496693237], [13.5793317165563, -34.7589202597713], [13.5823143335054, -34.7589923301766], [13.6138984907356, -34.7597555092059], [13.6305331841465, -34.7601574562207], [13.7073353850824, -34.7601574562207], [13.7555250018492, -34.7663431588921], [13.7811467701458, -34.7799354621448], [13.8403348373302, -34.8289200461941], [13.8947999840605, -34.8839871705113], [14.1452644579932, -35.0293650606085], [14.4059171342967, -35.2336532009097], [14.4158171211916, -35.2553824090998], [14.4211440796224, -35.267071995855], [14.4166263029383, -35.3064077948567], [14.4075993024297, -35.335869194201], [14.403072973784, -35.3506377188425], [14.3946170538612, -35.3584537971182], [14.3804840903632, -35.3715156584953], [14.3533774311564, -35.3911605514796], [14.3066937402505, -35.4034361801006], [14.2569981985212, -35.4144826475491], [14.154595263341, -35.4267547254962], [14.0205678922698, -35.4267547254962], [13.998586605951, -35.4253024196953], [13.9431443733642, -35.4216392296266], [13.9091294046196, -35.4193917032043], [13.8074652286576, -35.397690139773], [13.782631661056, -35.392388198001], [13.7536760686702, -35.3827982036119], [13.7208669372775, -35.3675702198461], [13.57886086999, -35.2516875620626]]]}, "properties": {"OBJECTID": 130, "id": null, "name": null, "continent": null, "S2": null, "Shape__Area": 6776537870.068848, "Shape__Length": 367042.6371499014}}, {"type": "Feature", "id": 131, "geometry": {"type": "Polygon", "coordinates": [[[12.6857168689576, -33.2658046545196], [12.6675618200475, -33.1335343672343], [12.6433550878679, -33.0112922503686], [12.5162697463955, -32.9450189310092], [12.4073394529348, -32.8429790792966], [12.4436495507551, -32.7766005065292], [12.5223214287666, -32.705069404066], [12.5949416244071, -32.7408409856242], [12.5828382587664, -32.7868152980469], [12.6373034054968, -32.8327696945274], [12.7038719178677, -32.8429790792966], [12.7764921135081, -32.8531874823184], [12.8370089426096, -32.8991131417401], [12.9943526995311, -32.8991131417401], [13.073024578441, -32.9042147660546], [13.1032829929917, -32.970513567873], [13.1819548719016, -33.026580217616], [13.1880065542728, -33.0673373653514], [13.1799497971532, -33.1215755464156], [13.2115643677456, -33.1502549434879], [13.1435959370056, -33.2829346976016], [12.9963310044841, -33.3208062270721], [12.9623467886649, -33.4815766041557], [12.8717222149437, -33.5760083367951], [12.8037537842037, -33.557130241241], [12.7471134263017, -33.4343220834115], [12.735070432838, -33.3136372008235], [12.6857168689576, -33.2658046545196]]]}, "properties": {"OBJECTID": 131, "id": null, "name": null, "continent": null, "S2": null, "Shape__Area": 4486264772.916504, "Shape__Length": 330058.6490265973}}, {"type": "Feature", "id": 132, "geometry": {"type": "Polygon", "coordinates": [[[15.1279695612995, -33.1976039885101], [14.9948325356593, -33.2789668337157], [14.8677471941868, -33.2332079160855], [14.7830236329058, -33.1365408519968], [14.7467135350856, -33.0805353946547], [14.8435404620073, -33.0499744863894], [14.9343157065578, -33.090720406371], [14.9827291700186, -33.1009044393115], [15.0432460000184, -33.1110874939736], [15.1037628291199, -33.1416307902536], [15.1279695612995, -33.1976039885101]]]}, "properties": {"OBJECTID": 132, "id": null, "name": null, "continent": null, "S2": null, "Shape__Area": 715956770.2924805, "Shape__Length": 109365.147332254}}, {"type": "Feature", "id": 133, "geometry": {"type": "Polygon", "coordinates": [[[13.521473741694, -32.2372333122846], [13.5819905707955, -32.2885617145236], [13.5819905707955, -32.329606584327], [13.5819905707955, -32.3655078399488], [13.4912153271433, -32.3655078399488], [13.4185951315029, -32.268033329907], [13.4185951315029, -32.1910165311544], [13.521473741694, -32.2372333122846]]]}, "properties": {"OBJECTID": 133, "id": null, "name": null, "continent": null, "S2": null, "Shape__Area": 267445097.7788086, "Shape__Length": 68057.67961691348}}, {"type": "Feature", "id": 134, "geometry": {"type": "Polygon", "coordinates": [[[14.1122127886604, -32.7452598651804], [14.1666779353907, -32.7810172824987], [14.1606262521212, -32.8167626455003], [14.1122127886604, -32.8167626455003], [14.0516959586606, -32.8167626455003], [14.0032824951998, -32.7963381990281], [13.9911791295591, -32.7248216389014], [14.1122127886604, -32.7452598651804]]]}, "properties": {"OBJECTID": 134, "id": null, "name": null, "continent": null, "S2": null, "Shape__Area": 169923725.52685547, "Shape__Length": 53934.36080691795}}, {"type": "Feature", "id": 135, "geometry": {"type": "Polygon", "coordinates": [[[13.7567140829262, -32.4748206759401], [13.817230912926, -32.5106699992653], [13.8051275463871, -32.5516258172823], [13.7446107172856, -32.5516258172823], [13.6840938872858, -32.5209104372743], [13.7022489361959, -32.4748206759401], [13.7567140829262, -32.4748206759401]]]}, "properties": {"OBJECTID": 135, "id": null, "name": null, "continent": null, "S2": null, "Shape__Area": 110879586.24951172, "Shape__Length": 40878.44890196862}}, {"type": "Feature", "id": 136, "geometry": {"type": "Polygon", "coordinates": [[[10.4646563499228, -28.0359152163375], [10.490284624717, -28.0013130188784], [10.6220594684166, -27.9296899442085], [10.7259588648078, -27.9274509568904], [10.8095852076311, -27.9364066262672], [10.9084163397321, -27.9834117073798], [10.9514965772163, -28.0303963084032], [11.0047133414845, -28.1243039756518], [10.9945768147006, -28.2583151599815], [11.0021792093394, -28.3319496216952], [10.9489624459695, -28.4077621006771], [10.8687688137818, -28.4624501698128], [10.8112298782876, -28.5206082015776], [10.7661350798455, -28.5514226320218], [10.756114013525, -28.6130250402684], [10.8262614777683, -28.7273360603144], [10.9064300092303, -28.7976210121944], [10.9364932081918, -28.885412714843], [10.923621129908, -28.950231805528], [10.9438941825775, -29.0455389993531], [10.8551995763622, -29.1783787424827], [10.7690391013937, -29.324304065363], [10.65246904787, -29.3419778307148], [10.6043205469938, -29.3044174193935], [10.5891157577162, -29.2469453463624], [10.5657137516395, -29.2254496508631], [10.54096725684, -29.2027140790582], [10.5181600729236, -29.1606766897217], [10.4801480988314, -29.0477543995203], [10.4421361247391, -28.9879218958802], [10.4066582818936, -28.9302726729006], [10.3841302413669, -28.8908316836214], [10.3585097819157, -28.8459584254739], [10.3179636756783, -28.7882303146343], [10.2926223596168, -28.7304702250958], [10.2419397274937, -28.6926867426369], [10.1633816480623, -28.6370980191876], [10.0848235677326, -28.588155567779], [10.0569481204243, -28.5057918721424], [10.1177672793312, -28.4122199709172], [10.2951564917619, -28.3207961604438], [10.3331684658542, -28.2136634357525], [10.4142606765324, -28.0661803381708], [10.4646563499228, -28.0359152163375]]]}, "properties": {"OBJECTID": 136, "id": null, "name": null, "continent": null, "S2": null, "Shape__Area": 10763083499.375244, "Shape__Length": 472170.16166545637}}, {"type": "Feature", "id": 137, "geometry": {"type": "Polygon", "coordinates": [[[10.3583546204082, -29.9156548842527], [10.4335126187101, -29.9634446251022], [10.4184810192294, -29.9764744858277], [10.3733862207873, -30.0112130198621], [10.2731755566843, -30.0502803877329], [10.1629438262608, -30.0936718434016], [10.152922759042, -30.0459402742897], [10.1779754257416, -29.9938451635676], [10.2581439563053, -29.9677880888952], [10.3583546204082, -29.9156548842527]]]}, "properties": {"OBJECTID": 137, "id": null, "name": null, "continent": null, "S2": null, "Shape__Area": 320649035.75, "Shape__Length": 81216.55643031103}}, {"type": "Feature", "id": 138, "geometry": {"type": "Polygon", "coordinates": [[[11.1877703583176, -27.9525798336791], [11.338086354023, -27.9525798336791], [11.3481074212417, -27.9658569677668], [11.3280652877025, -27.9924063377247], [11.2679388897797, -28.0322181537176], [11.2078124909586, -28.0543294859529], [11.1226334263363, -28.0808571076672], [11.0875596942147, -28.0189491796593], [11.1877703583176, -27.9525798336791]]]}, "properties": {"OBJECTID": 138, "id": null, "name": null, "continent": null, "S2": null, "Shape__Area": 272219129.2441406, "Shape__Length": 71113.95763959737}}, {"type": "Feature", "id": 139, "geometry": {"type": "Polygon", "coordinates": [[[18.6622953581237, -21.0452199364011], [18.5704836921956, -21.1665611181088], [18.432059949056, -21.16118248129], [18.3686157332257, -21.1289065563143], [18.3660749149199, -21.0909816611349], [18.3628480765878, -21.0428030866027], [18.3686157332257, -20.9674216855225], [18.3658610314407, -20.9642062810756], [18.2994038607576, -20.8866137062731], [18.3282421412521, -20.789586706336], [18.3602103058084, -20.7711937559001], [18.4032216685614, -20.7464435435979], [18.4724335401313, -20.7032880725072], [18.481158027578, -20.6461496705871], [18.4875066507612, -20.6221981961627], [18.4782011967691, -20.5089366896054], [18.5012718206258, -20.3738250629983], [18.534370899446, -20.3499551874201], [18.5762513479351, -20.3197472157491], [18.6281602522862, -20.271060987045], [18.6132373732094, -20.2530617218884], [18.5877866603126, -20.2223594730794], [18.5128071321049, -20.1844699705065], [18.4839688525087, -20.0653287624667], [18.5589483807164, -20.0111437044992], [18.6067539057155, -19.9784717183172], [18.6223925965466, -19.9677822142863], [18.644063723344, -19.8600841700949], [18.6810028197295, -19.8483919889214], [18.9575022124294, -19.85530168801], [19.0666467100679, -19.8622109645382], [19.0702379149607, -19.8673255466584], [19.1068756984336, -19.8593263569693], [19.1990193071305, -19.8737696635596], [19.2224168557668, -19.8774369676606], [19.2452994424715, -19.8810234752882], [19.3491172493771, -19.9786237053631], [19.3491172493771, -20.1357413601792], [19.2510670982111, -20.271060987045], [19.1818552266413, -20.4116682840018], [19.1299463222902, -20.4765207343368], [19.0491991383429, -20.5521472919723], [18.8934724270863, -20.557547758657], [18.8875451919247, -20.5569927786163], [18.8184928997769, -20.6763096618436], [18.7608163396863, -20.7788020705743], [18.7608163396863, -20.9566498077789], [18.6622953581237, -21.0452199364011]]]}, "properties": {"OBJECTID": 139, "id": null, "name": null, "continent": null, "S2": null, "Shape__Area": 9437724108.163086, "Shape__Length": 472968.6580085082}}, {"type": "Feature", "id": 140, "geometry": {"type": "Polygon", "coordinates": [[[19.1653962688528, -20.9620358436317], [19.2104148784807, -20.9443927709906], [19.2914406901847, -20.9674216855225], [19.2920588002705, -20.9689608286656], [19.3087436583017, -21.0105014356577], [19.2683700663281, -21.0643336299798], [19.2340684065488, -21.080337536979], [19.2198899721277, -21.1236235008114], [19.2073320086476, -21.1884692764587], [19.2049258504979, -21.2310895028312], [19.1876228823808, -21.2848416005787], [19.0722697630978, -21.4030270335688], [18.985754923411, -21.3976570367142], [18.9800998202883, -21.3133879862241], [18.9781020973522, -21.3123794565587], [18.9799872667731, -21.3009634025842], [18.9934278905968, -21.2654789065158], [19.0145932030072, -21.2095831738176], [19.0030578906297, -21.1289065563143], [18.968451955294, -21.0589512863422], [19.0203608587467, -20.9620358436317], [19.1653962688528, -20.9620358436317]]]}, "properties": {"OBJECTID": 140, "id": null, "name": null, "continent": null, "S2": null, "Shape__Area": 1274652514.7890625, "Shape__Length": 157537.60924310557}}, {"type": "Feature", "id": 141, "geometry": {"type": "Polygon", "coordinates": [[[23.2974691854835, -24.2208486290308], [23.3177293293624, -24.1654065912529], [23.31133138867, -24.1449745043797], [23.3662813696339, -24.0832456549513], [23.4014357111792, -24.0437389188529], [23.4210237526306, -24.0298249038251], [23.4638156255187, -23.9994232218983], [23.5608510496212, -24.02474834792], [23.6370931680456, -24.1133469782321], [23.640099708029, -24.1169143712431], [23.7064041848767, -24.1955622684036], [23.7150504308588, -24.2004155229717], [23.7965085064876, -24.2461299704335], [23.8169033132175, -24.2726925912821], [23.8450262185388, -24.3093113399071], [23.9697860481161, -24.3535195861762], [24.0942826713152, -24.3397711150551], [24.1627619532961, -24.3571012253195], [24.1985124033892, -24.3661476794878], [24.260892318627, -24.4355796502337], [24.3371344370514, -24.5491131478945], [24.3509966402379, -24.6310457340482], [24.1985124033892, -24.6625439806034], [24.0390970649472, -24.6310457340482], [23.8727506249119, -24.58063202531], [23.8153214967831, -24.5283964284028], [23.7351242363, -24.4979927875075], [23.7202663880632, -24.4923592101491], [23.672937720258, -24.4688643597697], [23.6440242696388, -24.4545090141136], [23.5054022359767, -24.3787745123673], [23.352917999128, -24.2840425637264], [23.2974691854835, -24.2208486290308]]]}, "properties": {"OBJECTID": 141, "id": null, "name": null, "continent": null, "S2": null, "Shape__Area": 3890071604.3930664, "Shape__Length": 305224.76065672067}}, {"type": "Feature", "id": 142, "geometry": {"type": "Polygon", "coordinates": [[[16.1076945880923, -21.1342863652816], [15.9519678768356, -21.1504246213163], [15.7847058532015, -21.0750977338564], [15.6950076967615, -20.9824029835831], [15.6445087979618, -20.979765453895], [15.5943732057109, -20.9297167196658], [15.5618654060954, -20.923361556123], [15.3463639981295, -20.8812249592187], [15.0035381674682, -20.8812249592187], [14.9756085328836, -20.8731659145072], [14.953109651671, -20.8486378828179], [14.9483957359294, -20.843498316583], [14.9187524355829, -20.8054014357435], [14.9175144681882, -20.8038102185077], [14.8844836981604, -20.7799221671543], [14.700386528348, -20.7356558294132], [14.5273568489744, -20.751837113054], [14.4209655753923, -20.751837113054], [14.4011520837541, -20.7444895970943], [14.3427918572232, -20.6601203132018], [14.3427918572232, -20.6321816955829], [14.3095816352427, -20.6157265946339], [14.2895686152035, -20.6058096244403], [14.279347641393, -20.6007446181988], [14.2389740503177, -20.557547758657], [14.1582268663704, -20.4711174092062], [14.1546885542815, -20.4329917561731], [14.1537067873042, -20.4224114429922], [14.1580402862859, -20.4092719670501], [14.2076295663002, -20.3624053990006], [14.2128983929524, -20.3616766066991], [14.3904810773425, -20.3683912500319], [14.5942174719161, -20.3339961859363], [14.6544745486616, -20.3282984156925], [14.7753660565557, -20.2494177551674], [14.7870936497265, -20.2444164158279], [14.8225031586266, -20.2293147331153], [14.8431771716283, -20.2229448602979], [15.0810518233294, -20.2548288458251], [15.1848696311333, -20.2818814705497], [15.2713844708201, -20.3467885049408], [15.3405963423899, -20.4062626779708], [15.3535127615161, -20.4086838264086], [15.4271111820768, -20.4224789250072], [15.5221588257967, -20.3823906594471], [15.5424643013598, -20.3738250629983], [15.6500325341523, -20.3784085800595], [15.6785356334514, -20.392348394231], [15.7904735089411, -20.5521472919723], [15.8757753274487, -20.5850324763414], [15.8923197482583, -20.6034496263076], [15.8935830077199, -20.6079429044067], [15.911594284862, -20.7680166645059], [15.9563217343366, -20.8080900231342], [16.0500180280016, -20.892002260774], [16.0942892159569, -20.9492597757971], [16.1249975562093, -20.9674216855225], [16.1592238347599, -21.0450185478623], [16.158043127778, -21.0685250045699], [16.1076945880923, -21.1342863652816]]]}, "properties": {"OBJECTID": 142, "id": null, "name": null, "continent": null, "S2": null, "Shape__Area": 11937046045.144531, "Shape__Length": 552902.0263439964}}, {"type": "Feature", "id": 143, "geometry": {"type": "Polygon", "coordinates": [[[34.2606921152971, -35.2590793784994], [34.1175340242348, -35.325948777493], [33.98869174156, -35.3102185684572], [34.0030075508459, -35.2275969273014], [33.8932530135862, -35.1685422906239], [33.8693933320419, -35.1015741733456], [33.9791478693016, -35.0582194553828], [34.1509375789358, -34.9675117068989], [34.2082008151811, -34.8885726511543], [34.3179553524407, -34.9083128936457], [34.3895343979719, -34.9438361247602], [34.5374644260618, -34.9359430959294], [34.6281312170081, -34.8688287535918], [34.6478182950245, -34.8701864645454], [34.6898298391546, -34.8449057901999], [34.7849017302007, -34.8214947637893], [34.8324376761729, -34.9150989143871], [34.7849017302007, -35.0319541570658], [34.7183514069176, -35.1330937553717], [34.5662363812439, -35.2030399850731], [34.4163359785284, -35.2174487962527], [34.2606921152971, -35.2590793784994]]]}, "properties": {"OBJECTID": 143, "id": null, "name": "Manticore Isles", "continent": null, "S2": null, "Shape__Area": 3942531116.841797, "Shape__Length": 288703.77862314123}}, {"type": "Feature", "id": 144, "geometry": {"type": "Polygon", "coordinates": [[[35.085576803914, -34.6482000758174], [35.1666997226019, -34.5571274245648], [35.2382787681331, -34.5650498671939], [35.2764542589633, -34.5927737926601], [35.352805241522, -34.6125721932427], [35.3766649230663, -34.6323669280137], [35.3337174961069, -34.6996416147988], [35.3289455599777, -34.7115092245716], [35.2907700682492, -34.75105841078], [35.2096471495613, -34.75105841078], [35.0664890584989, -34.8064027041402], [35.0569451853422, -34.75105841078], [35.085576803914, -34.6482000758174]]]}, "properties": {"OBJECTID": 144, "id": null, "name": "Manticore Isles", "continent": null, "S2": null, "Shape__Area": 718431960.0888672, "Shape__Length": 108983.21856353912}}, {"type": "Feature", "id": 145, "geometry": {"type": "Polygon", "coordinates": [[[35.5100957238555, -34.4421859417177], [35.5721308971283, -34.3707806978598], [35.6293941342719, -34.358875181814], [35.6866573705172, -34.3707806978598], [35.7439206067625, -34.4064892865033], [35.7773241614635, -34.4183894970132], [35.8250435254504, -34.4778706719186], [35.7868680346202, -34.505617223659], [35.6532538158162, -34.5016538711132], [35.5864467064142, -34.5175063970032], [35.5100957238555, -34.4421859417177]]]}, "properties": {"OBJECTID": 145, "id": null, "name": "Manticore Isles", "continent": null, "S2": null, "Shape__Area": 485814591.97558594, "Shape__Length": 88212.42881157389}}, {"type": "Feature", "id": 146, "geometry": {"type": "Polygon", "coordinates": [[[36.0540964722282, -33.973377044323], [36.1733948817462, -33.8538130719043], [36.2067984364473, -33.8418493059625], [36.2258861818623, -33.8458373772863], [36.2306581179915, -33.9096262564309], [36.2067984364473, -33.9335372624446], [36.1829387540046, -33.9932913618128], [36.1590790724604, -34.0450512146293], [36.1018158362151, -34.0689319181963], [36.0254648536564, -34.1007645531182], [35.949113871996, -34.1524723590884], [35.8966225709816, -34.1524723590884], [35.8059557800353, -34.0928072837027], [35.8345873986071, -34.0291277775528], [35.915710317295, -33.973377044323], [36.0540964722282, -33.973377044323]]]}, "properties": {"OBJECTID": 146, "id": null, "name": "Manticore Isles", "continent": null, "S2": null, "Shape__Area": 852746947.2412109, "Shape__Length": 138323.9167270737}}, {"type": "Feature", "id": 147, "geometry": {"type": "Polygon", "coordinates": [[[36.5247023331307, -33.6082969869181], [36.6296849333629, -33.6122993122997], [36.6296849333629, -33.6563152541975], [36.5962813786619, -33.6803165059351], [36.5533339508042, -33.7163085390231], [36.4674390959871, -33.6923151622979], [36.4626671598579, -33.6283071533555], [36.5247023331307, -33.6082969869181]]]}, "properties": {"OBJECTID": 147, "id": null, "name": "Manticore Isles", "continent": null, "S2": null, "Shape__Area": 201508495.10058594, "Shape__Length": 55351.5493449832}}, {"type": "Feature", "id": 148, "geometry": {"type": "Polygon", "coordinates": [[[36.9268289165439, -33.0376411233216], [36.9936360259459, -33.0215649366983], [37.0174957083885, -33.0938887303605], [37.0031798991026, -33.1340474675119], [36.9745482805308, -33.2103075054589], [36.9936360259459, -33.2624540828622], [36.9840921536875, -33.3265995735827], [36.9554605351157, -33.3786894506991], [36.9029692349996, -33.4547751766452], [36.8361621255977, -33.4707863261505], [36.8409340617268, -33.3826953133266], [36.8934253618429, -33.3025495261799], [36.8791095534554, -33.2022826958067], [36.9077411711288, -33.14609214539], [36.9268289165439, -33.0376411233216]]]}, "properties": {"OBJECTID": 148, "id": null, "name": "Manticore Isles", "continent": null, "S2": null, "Shape__Area": 611162117.2851562, "Shape__Length": 136925.45129612225}}, {"type": "Feature", "id": 149, "geometry": {"type": "Polygon", "coordinates": [[[27.2958925193323, -32.4446410454156], [27.2853084940947, -32.4461722269664], [27.2197635194635, -32.4461722269664], [27.1359224038287, -32.4492483989026], [27.1121068187851, -32.4501221853891], [27.1033964807025, -32.4182652716761], [27.0980646408263, -32.3987592205396], [27.0980646408263, -32.3513213030108], [27.0820394372678, -32.3269499499243], [27.0746610105956, -32.315726529029], [27.0606188317385, -32.2603290699297], [27.1109908461992, -32.2319271835293], [27.1167875453703, -32.2286581879279], [27.1776369846888, -32.2009371097217], [27.2197635194635, -32.1652833091179], [27.3086973155979, -32.1058292935713], [27.3742274806033, -32.0701382887046], [27.3764015554062, -32.0695964320304], [27.4537998244658, -32.0503039310223], [27.5006070858256, -32.0503039310223], [27.5240107160564, -32.0860026783505], [27.5096395822271, -32.0973662082322], [27.5183681641948, -32.1007789384652], [27.5213066091847, -32.1082662708877], [27.5149507626483, -32.1169038176539], [27.5150907075931, -32.1171013654228], [27.5110000160462, -32.1655937947306], [27.458480551051, -32.2128186063862], [27.3929503851472, -32.2801177617233], [27.3695467549165, -32.3434125628744], [27.3531209719115, -32.4023724259759], [27.2958925193323, -32.4446410454156]]]}, "properties": {"OBJECTID": 149, "id": null, "name": "Marahai", "continent": null, "S2": null, "Shape__Area": 1525531181.290039, "Shape__Length": 166693.96953424564}}, {"type": "Feature", "id": 150, "geometry": {"type": "Polygon", "coordinates": [[[27.4947001786406, -33.0833434707602], [27.4903959243129, -33.0472717025337], [27.4959263601388, -33.0406489869649], [27.5122941748585, -33.0254022491705], [27.5380528949135, -33.0014024736983], [27.5661372517293, -32.9660656777159], [27.611155709542, -32.9633677673002], [27.6316674167347, -32.9621384943838], [27.7112397605972, -32.9464280140419], [27.7206012128692, -32.9346433209266], [27.7383228947233, -32.9123300284488], [27.7393241174131, -32.9110692253617], [27.7603497983906, -32.9123300284488], [27.8048542824185, -32.9149986771554], [27.8610229960503, -32.9464280140419], [27.8995622749261, -32.9389643058171], [27.937820879683, -32.9626935229092], [27.9073110410573, -33.022645354932], [27.8329386392344, -33.0955647410677], [27.7720891999158, -33.0955647410677], [27.7159204871824, -33.1190895698345], [27.7018783083253, -33.150446209585], [27.6912582390852, -33.1608190375225], [27.6737939515094, -33.1778740779891], [27.6363481433199, -33.1739563367436], [27.617355363305, -33.1620326208823], [27.598902334232, -33.150446209585], [27.5567757994574, -33.1230097627411], [27.5099835363696, -33.1099459612099], [27.4947001786406, -33.0833434707602]]]}, "properties": {"OBJECTID": 150, "id": null, "name": "Marahai", "continent": null, "S2": null, "Shape__Area": 1022116629.4453125, "Shape__Length": 134290.9152835302}}, {"type": "Feature", "id": 151, "geometry": {"type": "Polygon", "coordinates": [[[21.5043508862749, -26.9281850667608], [21.5617666375908, -26.964016222625], [21.6076992381045, -27.0202986071261], [21.6651149885221, -27.0714392778637], [21.6823397142762, -27.112334595337], [21.6421486887144, -27.1429960466681], [21.5675082125427, -27.132776518043], [21.4871261605208, -27.1021122001252], [21.4297104101032, -27.0509858804431], [21.3033957575675, -27.0407577463814], [21.2344968563478, -27.004951739166], [21.2861710327117, -26.964016222625], [21.3321036332255, -26.8718552263236], [21.4067441093971, -26.8667328923194], [21.5043508862749, -26.9281850667608]]]}, "properties": {"OBJECTID": 151, "id": null, "name": "Isle of Whips", "continent": null, "S2": null, "Shape__Area": 837315300.8134766, "Shape__Length": 128990.64799942737}}, {"type": "Feature", "id": 152, "geometry": {"type": "Polygon", "coordinates": [[[-20.6001371741683, -37.3651046270367], [-20.5425691557168, -37.4464685209399], [-20.4897984732591, -37.4851914222373], [-20.4850011381636, -37.5316403531323], [-20.4993931425519, -37.5664637826012], [-20.5521638259079, -37.5471188363677], [-20.58574516978, -37.5122890901755], [-20.6529078575243, -37.5122890901755], [-20.7104758750775, -37.5045476016177], [-20.7488545540451, -37.4658317289362], [-20.7824358979173, -37.4154800730367], [-20.8304092461777, -37.3806072996958], [-20.8735852593426, -37.3340925162097], [-20.8687879251454, -37.2953146844502], [-20.8256119110822, -37.2953146844502], [-20.7776385628217, -37.3340925162097], [-20.7200705452685, -37.3612286066206], [-20.6529078575243, -37.3612286066206], [-20.6001371741683, -37.3651046270367]]]}, "properties": {"OBJECTID": 152, "id": null, "name": null, "continent": null, "S2": null, "Shape__Area": 679011653.7285156, "Shape__Length": 128301.66468729949}}, {"type": "Feature", "id": 153, "geometry": {"type": "Polygon", "coordinates": [[[47.7759479970723, 14.6697646114648], [47.7274549518604, 14.664826424602], [47.7146953031243, 14.6634548663488], [47.6846726011143, 14.6602276381561], [47.6989333849957, 14.6004346335899], [47.6989333849957, 14.5719122402832], [47.6989333849957, 14.5544289488615], [47.6846726011143, 14.5314225074461], [47.6323830608143, 14.5452266593657], [47.6157454802182, 14.5636308537734], [47.5991078987236, 14.5820335124382], [47.5753399261867, 14.6372322562774], [47.5284827005308, 14.6734984424431], [47.5040360076776, 14.6924171147525], [47.4279784948407, 14.7154066969846], [47.4042105223038, 14.7291992827594], [47.3756889554392, 14.7659752441835], [47.3994569279761, 14.8165320312722], [47.4707608464852, 14.8349133943075], [47.542064764096, 14.8762657480095], [47.5563255479775, 14.926796747735], [47.5325575754405, 15.0186408372689], [47.4755144408129, 15.10585615478], [47.4650372746699, 15.1361993996324], [47.4612536569314, 15.1471561821687], [47.4279784948407, 15.1792728566406], [47.3947033336484, 15.1792728566406], [47.3566745772299, 15.160921068732], [47.3804425497669, 15.0415956987632], [47.3804425497669, 14.995683508084], [47.3756889554392, 14.9681314598327], [47.3233994151392, 14.9589466567834], [47.2425883079747, 15.0048667353148], [47.2045595515563, 15.0048667353148], [47.1427628217026, 15.0048667353148], [47.1200900212611, 15.0048667353148], [47.0952268766287, 15.0048667353148], [47.0524445258826, 15.0278230787016], [47.0478260633264, 15.0367439138855], [47.0286765524473, 15.0737283531463], [46.9706166183429, 15.0737283531463], [46.9621262291642, 15.0737283531463], [46.8860687163274, 15.0737283531463], [46.824271987372, 15.0829082210016], [46.7529680688629, 15.1333904003534], [46.7387072849814, 15.1655091648919], [46.7387072849814, 15.2251453457366], [46.7767360413999, 15.2710078421422], [46.8147647978183, 15.2939353338258], [46.8527935542367, 15.3397827889021], [46.8432863655813, 15.3810368960533], [46.8290255816998, 15.4177003559063], [46.819518392146, 15.4635205818322], [46.819518392146, 15.4955887119867], [46.8765615267736, 15.5413916937686], [46.9193438784181, 15.5642893681881], [46.9526190396105, 15.5826056731207], [46.966879823492, 15.5917632129688], [46.9145902831921, 15.6192333829132], [46.8718079324459, 15.674162671548], [46.8432863655813, 15.715349945821], [46.8290255816998, 15.7565288908935], [46.8147647978183, 15.7839768845135], [46.7719824470721, 15.7976994880479], [46.6769105560261, 15.8205684267468], [46.5913458536355, 15.8205684267468], [46.4249700449786, 15.8205684267468], [46.3964484772156, 15.834288549163], [46.367926910351, 15.9394451440079], [46.3869412885602, 15.9897179743462], [46.3869412885602, 16.0445466483099], [46.4107092610972, 16.0993602373696], [46.4677523957248, 16.0856582566156], [46.4915203682617, 16.0536832957241], [46.5152883407986, 16.0308408920143], [46.5580706924431, 16.0034265547444], [46.5770850706523, 15.9988571327137], [46.605606637517, 15.9988571327137], [46.6140574729753, 16.0034265547444], [46.6388817996077, 16.0034265547444], [46.7339536906537, 16.0582514617985], [46.848039959909, 16.0582514617985], [46.9288510670735, 15.9897179743462], [47.0429373363288, 15.9622979953518], [47.3281530094669, 15.9577276330104], [47.4021686795108, 15.9489880700873], [47.4755144408129, 15.8845876861443], [47.5135431972313, 15.8434347792723], [47.5800935205144, 15.7976994880479], [47.5800935205144, 15.7519538646718], [47.5373111697683, 15.7245015434814], [47.5087896029036, 15.6924691539185], [47.5135431972313, 15.6375447843226], [47.6751654115605, 15.6375447843226], [47.7607301139511, 15.6238113865134], [47.8510484106694, 15.5780267501098], [47.9175987339525, 15.5551306035351], [47.9834250007435, 15.5663212244095], [48.0174242193263, 15.5963418306174], [48.0887281378354, 15.6054987577677], [48.1647856506722, 15.5459714321995], [48.1684374936433, 15.5055076652877], [48.174292840226, 15.4406117340106], [48.2028144070906, 15.3764535096374], [48.2620531015278, 15.3693136103447], [48.2788719199275, 15.3672864334704], [48.3786974053013, 15.3214450129052], [48.3834510005273, 15.2664220432472], [48.3549294327643, 15.2251453457366], [48.3264078658996, 15.2113846476129], [48.3022555267105, 15.1934560792056], [48.3000363995995, 15.1264648099636], [48.3549294327643, 15.10585615478], [48.3786974053013, 15.0645480900154], [48.3977117835104, 15.0048667353148], [48.3834510005273, 14.9451687137723], [48.3501758384366, 14.9038295820149], [48.30000667794, 14.8715062144566], [48.300751459464, 14.867144145486], [48.2598575417182, 14.8486983919839], [48.2218287852999, 14.8073407650738], [48.2170751909721, 14.7659752441835], [48.269364731272, 14.738393855968], [48.3239014719339, 14.7315143105988], [48.3786974053013, 14.7246018511089], [48.4547549181381, 14.7889570626785], [48.5450732148564, 14.8073407650738], [48.5926091608286, 14.8027449849236], [48.6829274566486, 14.7935531341327], [48.74947778083, 14.7981491082235], [48.7645265938282, 14.8036051650763], [48.7875065372484, 14.7911631891605], [48.7875065372484, 14.7521849875303], [48.7447241865023, 14.7016132382842], [48.7542313751577, 14.6602276381561], [48.7779993476947, 14.5866339375891], [48.7970137259039, 14.5452266593657], [48.7875065372484, 14.4992094665296], [48.7827529429207, 14.4347693415436], [48.7257098082931, 14.4117504852251], [48.7167702120651, 14.4055659097828], [48.6971882405301, 14.3012269509524], [48.7066954300839, 14.2044742405822], [48.8207816993391, 14.135339815771], [48.8635640500853, 14.0754063128484], [48.8730712387407, 14.0292929155066], [48.8397960775483, 13.9601054380909], [48.7684921590392, 13.8632080871381], [48.7447228318428, 13.7631865271362], [48.7399705912762, 13.7431839126514], [48.7468410017906, 13.7258316179317], [48.7637385647115, 13.6831487229223], [48.7827529429207, 13.6138583181565], [48.8207816993391, 13.5353046581514], [48.8778248339668, 13.4937069171736], [48.9443751572498, 13.4613481075722], [48.9491287515776, 13.415113648389], [48.9348679685944, 13.3734950251911], [48.8778248339668, 13.3503704604836], [48.8445496718761, 13.3226180584877], [48.8445496718761, 13.2485961066206], [48.8445496718761, 13.1976929426432], [48.8350424823223, 13.1606657952215], [48.789115615755, 13.1552992627755], [48.7925166850314, 13.1489687499482], [48.7589849694855, 13.1652944956323], [48.7637385647115, 13.2532231394431], [48.7447241865023, 13.2856099051588], [48.7019418348578, 13.3179923487608], [48.6544058897839, 13.3318692134845], [48.5498268091841, 13.3688702898048], [48.4880300802288, 13.4058656881347], [48.4690157020196, 13.4521019287711], [48.4785228915733, 13.5953774445931], [48.4927836745565, 13.6692922703579], [48.507044458438, 13.7154772705092], [48.5165516479917, 13.7616531872579], [48.5165516479917, 13.793970908649], [48.4737692963473, 13.840131316556], [48.3977117835104, 13.8585929165719], [48.2551039473905, 13.8539776542896], [48.1410176781353, 13.8539776542896], [48.1290394136777, 13.8544690544791], [48.1172497055983, 13.8678231668324], [48.1077425160446, 13.9508788688352], [48.1146200573857, 14.0276248083329], [48.1172497055983, 14.116900416195], [48.0982353273891, 14.1906490411352], [48.0411921927615, 14.2044742405822], [47.9366131121617, 14.1998659348365], [47.8462948154434, 14.213690570595], [47.813019654251, 14.2735875566062], [47.8367876267879, 14.351890344001], [47.8544438349325, 14.390044814499], [47.8653091936526, 14.4347693415436], [47.8462948154434, 14.5360239872464], [47.8367876267879, 14.6050346740859], [47.8035124646972, 14.6464306986745], [47.7759479970723, 14.6697646114648]]]}, "properties": {"OBJECTID": 153, "id": null, "name": null, "continent": null, "S2": null, "Shape__Area": 30641733598.86914, "Shape__Length": 1352937.8379112382}}, {"type": "Feature", "id": 154, "geometry": {"type": "Polygon", "coordinates": [[[39.0868649945614, 15.2273435831941], [39.0151007191135, 15.1754036409945], [38.9313757313905, 15.1754036409945], [38.8775525243555, 15.2042607439213], [38.9014739498042, 15.2677324587626], [38.9612775120785, 15.2850395989957], [39.0210810752511, 15.3484868812664], [39.0210810752511, 15.4119148847253], [38.9552971559409, 15.4810869983296], [38.919415018217, 15.5502359899271], [38.9612775120785, 15.6078424193023], [39.0151007191135, 15.6539159202637], [39.0868649945614, 15.699979040763], [39.176570338422, 15.75178761107], [39.230393545457, 15.8381058514344], [39.31411853318, 15.9128851714024], [39.4157845902142, 15.9071339021725], [39.4815685095244, 15.8956308701703], [39.5473524279363, 15.8956308701703], [39.5625164552595, 15.8854216790971], [39.6071559911089, 15.8553650798325], [39.744704185867, 15.8438590915305], [39.8583309551763, 15.8035829701212], [40.0192383027788, 15.8207850394918], [40.0830901507287, 15.7955141364969], [40.1122781777026, 15.777057816003], [40.0975452060702, 15.7345195532425], [40.0975452060702, 15.6827065890008], [40.1334273437941, 15.5790412235939], [40.2038147741009, 15.5667133159536], [40.2649951824145, 15.5559973591325], [40.3307791017248, 15.5559973591325], [40.4743076526204, 15.5617585670692], [40.6477379842041, 15.6481572999312], [40.7314629728254, 15.7057361995355], [40.8151879605484, 15.7575433039464], [41.0245004307543, 15.7460317542378], [41.1613390911852, 15.7548118086391], [41.1740093377876, 15.8035829701212], [41.1919504062003, 15.8611178287957], [41.2098914755115, 15.8956308701703], [41.2498948124677, 15.9110197599926], [41.2995968193721, 15.9301379922324], [41.306206687013, 15.9322566572198], [41.3534200264071, 15.9186362760472], [41.4012628764062, 15.8726228326237], [41.5148896457155, 15.8726228326237], [41.5746932088882, 15.8726228326237], [41.6045949904745, 15.9071339021725], [41.6267766756619, 15.9533485377832], [41.6763592659223, 15.9473893294955], [41.7481235404718, 15.9301379922324], [41.7959663913692, 15.8553650798325], [41.8438092413683, 15.8208451480052], [41.9275342290914, 15.8035829701212], [42.0052788615751, 15.8035829701212], [42.1009645615733, 15.8035829701212], [42.1215623282687, 15.8056691903644], [42.1339557194903, 15.7978285838991], [42.1428270554349, 15.7978285838991], [42.2385127563314, 15.7632988336779], [42.2385127563314, 15.7057361995355], [42.1488074115724, 15.6654326743315], [42.1069449177109, 15.6481572999312], [42.0566964602293, 15.605142951554], [42.0531217115742, 15.6020825034502], [42.0531217115742, 15.6001250034304], [42.0531217115742, 15.5675196136832], [42.0124577373884, 15.5430355260347], [42.0052788615751, 15.5387127679245], [41.8737110229547, 15.5271889006261], [41.8258681729555, 15.4580321913562], [41.7959663913692, 15.3888523911019], [41.7780253220581, 15.3484868812664], [41.730182472059, 15.3196495930407], [41.7122414036462, 15.2504238905153], [41.7515668314649, 15.1982490999415], [41.7475063673289, 15.1880067190155], [41.7475063673289, 15.1161619611001], [41.6943003343351, 15.1003567393876], [41.6643985527488, 15.0310591237284], [41.7182217597838, 14.9848482001171], [41.7586701697425, 14.9681020037711], [41.8019467475068, 14.9501834574552], [41.8617503106795, 14.9039550902798], [41.8677306668171, 14.823031571038], [41.849789597506, 14.7941229733764], [41.8172229205102, 14.7508239248089], [41.8019467475068, 14.7305105078532], [41.7242021159214, 14.7131584263476], [41.6225360588873, 14.6726648730355], [41.5627324957147, 14.6379501470001], [41.5627324957147, 14.5742922206421], [41.5627324957147, 14.529686669219], [41.5334242984102, 14.4963066742603], [41.4670467957164, 14.4932464484177], [41.3952825202686, 14.4932464484177], [41.3474396702695, 14.4874563286636], [41.3436453670708, 14.4874563286636], [41.2756753948217, 14.4874563286636], [41.1979307623379, 14.3890012028809], [41.1441075562012, 14.3252717889963], [41.0902843500645, 14.2962978833232], [41.0185200746167, 14.2557281438695], [40.9766575798569, 14.1919609542187], [40.9228343737202, 14.1687684309628], [40.8391093859971, 14.1629699296459], [40.7613647544117, 14.1803649891042], [40.7195022596519, 14.2557281438695], [40.683620121928, 14.3194773071022], [40.6238165596537, 14.3484482204483], [40.5699933526186, 14.4179631126704], [40.5699933526186, 14.4758756347641], [40.6477379842041, 14.4874563286636], [40.6955808351015, 14.5164054152779], [40.7434236851006, 14.5569277729882], [40.821168316686, 14.6090170108156], [40.8690111666851, 14.5627160741335], [40.8690111666851, 14.5164054152779], [40.9228343737202, 14.4932464484177], [40.9886182930304, 14.4758756347641], [41.078323636891, 14.4700850615989], [41.132146843926, 14.5106158999749], [41.1859700500627, 14.5742922206421], [41.2098914755115, 14.6148039427976], [41.2457736132354, 14.661093909211], [41.2637146816482, 14.742077794186], [41.2995968193721, 14.7709933216998], [41.3833218079934, 14.7709933216998], [41.3837465063069, 14.7710506233631], [41.4072432325438, 14.8808371810133], [41.4311646579925, 15.0195073300273], [41.4177711400257, 15.0755558058659], [41.4132235886814, 15.0945828004237], [41.4057996982727, 15.0963747291046], [41.4072432325438, 15.1061305213529], [41.3773414509575, 15.1349970751641], [41.2995968193721, 15.1523151203356], [41.2852439653605, 15.1869469544456], [41.2756753948217, 15.2100316906223], [41.2756753948217, 15.2850395989957], [41.2718310895976, 15.3184118015645], [41.2696950377858, 15.3369524439317], [41.1859700500627, 15.3542538609671], [41.1082254184773, 15.3484868812664], [40.9886182930304, 15.2792707109135], [40.9228343737202, 15.2215731107464], [40.8869522359963, 15.1754036409945], [40.8271486728236, 15.1580874868675], [40.8032272482732, 15.140769913996], [40.7195022596519, 15.1061305213529], [40.65371834124, 15.1061305213529], [40.5879344219298, 15.0426102920466], [40.5759737087562, 15.0079549105114], [40.4563665833093, 14.9964018673519], [40.342739814, 14.9964018673519], [40.3150444187189, 14.9964018673519], [40.2205881386455, 14.9964018673519], [40.1992112631043, 14.9964018673519], [40.1334273437941, 15.0426102920466], [40.0736237815198, 15.0830344517173], [39.9540166551745, 15.0714854748013], [39.9408132719258, 15.0654857596243], [39.9300952306241, 15.0137311987943], [39.8012108861328, 15.0167673897703], [39.7815361806128, 15.0172308727333], [39.6849006226943, 15.0195073300273], [39.6011756349713, 15.0195073300273], [39.5413720717987, 15.0657107516597], [39.5351869006746, 15.1075146831853], [39.5294113595235, 15.1465425954489], [39.4935292217996, 15.2331138974491], [39.3739220963526, 15.2850395989957], [39.3021578209048, 15.2792707109135], [39.2124524761459, 15.2735016641511], [39.1347078445605, 15.2504238905153], [39.1153267471028, 15.2338821709924], [39.0868649945614, 15.2273435831941]]]}, "properties": {"OBJECTID": 154, "id": null, "name": null, "continent": null, "S2": null, "Shape__Area": 29697761459.59424, "Shape__Length": 1374468.4482975688}}, {"type": "Feature", "id": 155, "geometry": {"type": "Polygon", "coordinates": [[[32.803647845294, 16.4189489399254], [32.7209888811322, 16.3983916599399], [32.7032358175319, 16.3939761908492], [32.673484105802, 16.4367846549929], [32.6288565373089, 16.4688848136267], [32.584228969714, 16.5152423224812], [32.6176996456347, 16.5794112814848], [32.6995168533411, 16.6043601047794], [32.7964988115145, 16.6304971079405], [32.8101619866617, 16.6479157659976], [32.8073668094849, 16.6934365722283], [32.8519943770797, 16.7717895317294], [32.9449684773585, 16.8002735207073], [32.9755175849386, 16.8059338007576], [33.0357170185889, 16.8170873351203], [33.0602563609856, 16.8216337079204], [33.0774009812709, 16.7942800575014], [33.0825701452322, 16.7860320601614], [33.0763377541652, 16.7459648465799], [33.0590734252835, 16.7165859500301], [32.9992346050326, 16.5894261094826], [32.9114978014378, 16.5401994550568], [32.8519943770797, 16.4795836854119], [32.816950293854, 16.4229783667033], [32.803647845294, 16.4189489399254]]]}, "properties": {"OBJECTID": 155, "id": null, "name": null, "continent": null, "S2": null, "Shape__Area": 1261650577.8286133, "Shape__Length": 162139.58223824276}}, {"type": "Feature", "id": 156, "geometry": {"type": "Polygon", "coordinates": [[[30.7589718035873, 13.4350515108094], [30.709008084203, 13.4392168805876], [30.6949952577978, 13.4403850877003], [30.6578056176863, 13.4548530912046], [30.6568514038353, 13.4715569375144], [30.6535280585939, 13.5297241626515], [30.7089413869881, 13.6328683068839], [30.7367886191117, 13.6611793433848], [30.7916883213691, 13.772926511081], [30.9330089534336, 13.8307118728153], [31.0294940273722, 13.8334274395338], [31.1089835681251, 13.8356646446958], [31.1858985058326, 13.816266875221], [31.2454019292924, 13.769314450794], [31.2900294977856, 13.7295781102148], [31.2937484619764, 13.6753813411436], [31.2639967493482, 13.5994849136594], [31.2193691817534, 13.5235641580824], [31.1673036857769, 13.4910192747435], [31.0929244055538, 13.4729368666369], [30.9739175577359, 13.4693202207074], [30.8363158898623, 13.4403850877003], [30.7842903680176, 13.4476136441888], [30.7589718035873, 13.4350515108094]]]}, "properties": {"OBJECTID": 156, "id": null, "name": null, "continent": null, "S2": null, "Shape__Area": 2426821165.86084, "Shape__Length": 191884.50505494841}}, {"type": "Feature", "id": 157, "geometry": {"type": "Polygon", "coordinates": [[[32.9524064057402, 14.6273807680058], [32.9424636024439, 14.626098024654], [32.8966219455729, 14.6201837953479], [32.8430589984419, 14.6181106417377], [32.803647845294, 14.6165852205772], [32.7850530252383, 14.6345775038618], [32.7777417611084, 14.6460725566532], [32.7553013135084, 14.6813505318039], [32.7073772845537, 14.6813505318039], [32.673484105802, 14.6813505318039], [32.6256280397885, 14.6834547754227], [32.581603041425, 14.6489702682219], [32.5321634737376, 14.6489702682219], [32.4503462651329, 14.6561662965143], [32.4268735589484, 14.6624742449895], [32.3834049132915, 14.6741553320884], [32.3610911299432, 14.7353069806516], [32.3945618058639, 14.7748665545692], [32.4540652293237, 14.7820584313839], [32.5284445095467, 14.7964414694289], [32.5767910413324, 14.8287998171552], [32.6139806814439, 14.8575587319175], [32.6586082490388, 14.9150650687332], [32.7515823493176, 14.9509987267929], [32.8110857736757, 14.9366259846872], [32.8557133412705, 14.9114713722432], [32.9003409097637, 14.9222522807191], [32.9275115658496, 14.9178765103593], [32.9449684773585, 14.9150650687332], [33.0098984312102, 14.8955924194732], [33.0199849362059, 14.8702618549313], [33.0069816841277, 14.7397646439075], [32.9946052261491, 14.7009821421219], [33.0041836098841, 14.6490929931803], [32.9777828656922, 14.6273807680058], [32.9524064057402, 14.6273807680058]]]}, "properties": {"OBJECTID": 157, "id": null, "name": null, "continent": null, "S2": null, "Shape__Area": 1814653755.6982422, "Shape__Length": 194685.3815955817}}, {"type": "Feature", "id": 158, "geometry": {"type": "Polygon", "coordinates": [[[34.0514050027351, 12.5220930639566], [34.0447556110183, 12.5696909412487], [34.0334639343223, 12.6504991534587], [33.9317978772882, 12.6504991534587], [33.9182338797416, 12.6475580879294], [33.8241514641164, 12.6271573752732], [33.7404264763934, 12.714678027434], [33.7655215354895, 12.774510193153], [33.7419113367608, 12.844318701025], [33.754914588839, 12.9886988260961], [33.7852471000276, 13.019924744856], [33.8540532457028, 13.0295013114648], [33.863810094142, 13.1007834009618], [33.866013957978, 13.1168816547775], [33.919837165013, 13.1867635892657], [34.0215032211488, 13.1460015475937], [34.0573853588727, 13.0644571616222], [34.0813067843214, 13.052805760174], [34.087287140459, 13.0003676652267], [34.0693460720462, 12.9420901182608], [34.1291496343205, 12.9187752819564], [34.176992485218, 12.9187752819564], [34.2367960474923, 12.9071170465669], [34.2487567606658, 12.8663089467979], [34.2989920784897, 12.8303920930446], [34.3384621045264, 12.8021685248169], [34.3623835299751, 12.8429870507217], [34.3803245983879, 12.9071170465669], [34.3578365921802, 12.9673892537989], [34.3660674185473, 13.0689728389494], [34.4310836771416, 13.1010950140125], [34.4960999357359, 12.972649409293], [34.522106438994, 12.8122539713889], [34.5091031869158, 12.716102844141], [34.5046973484008, 12.7120350682139], [34.4999317238348, 12.6329930203543], [34.4461085176981, 12.5571192742462], [34.3512201973804, 12.5680153445251], [34.2786585413538, 12.4870620973618], [34.2188549790795, 12.4753840531073], [34.1946999467411, 12.4710958894784], [34.1530710597693, 12.4637054830962], [34.143410483779, 12.4637054830962], [34.0514050027351, 12.5220930639566]]]}, "properties": {"OBJECTID": 158, "id": null, "name": null, "continent": null, "S2": null, "Shape__Area": 4218925560.39209, "Shape__Length": 348597.30676945345}}, {"type": "Feature", "id": 159, "geometry": {"type": "Polygon", "coordinates": [[[33.4185154772985, 11.6214944660669], [33.3636640298432, 11.6214944660669], [33.3158211798441, 11.6214944660669], [33.2500372605338, 11.6683525800545], [33.267978329845, 11.7034909740534], [33.3350705977558, 11.7008630634268], [33.3564010294985, 11.718235313799], [33.3935658114295, 11.7152027804887], [33.4533693746021, 11.7444801246117], [33.4960721669534, 11.7710844480281], [33.5191532939123, 11.7854631797358], [33.6148389939106, 11.7620450382662], [33.6387604193593, 11.7327695592151], [33.7165050509447, 11.6976348839463], [33.7404264763934, 11.6449245102699], [33.7224854070823, 11.6097787051709], [33.7183701196629, 11.5916382000828], [33.7105246948071, 11.5570516960913], [33.7284657632199, 11.533614281249], [33.746406832531, 11.5277546218957], [33.7731562649869, 11.5212020846724], [33.7942496825301, 11.5160349356848], [33.8361121763916, 11.4750121927629], [33.8361121763916, 11.4732060725286], [33.8361121763916, 11.4512423182211], [33.8062103948053, 11.4398450945479], [33.7643479009438, 11.4398450945479], [33.7105246948071, 11.4457065811447], [33.5885568138615, 11.442190609042], [33.5371378991754, 11.5425202944152], [33.4185154772985, 11.6214944660669]]]}, "properties": {"OBJECTID": 159, "id": null, "name": null, "continent": null, "S2": null, "Shape__Area": 1204386659.9970703, "Shape__Length": 174501.54356299058}}, {"type": "Feature", "id": 161, "geometry": {"type": "Polygon", "coordinates": [[[35.2501139758817, 14.2349225016781], [35.3137187691622, 14.2802495381648], [35.3192405353472, 14.2789117475947], [35.3431619598976, 14.2383388772577], [35.3790440976215, 14.1919609542187], [35.426886948519, 14.1861630458176], [35.4986512239668, 14.1571712793681], [35.5464940739659, 14.1571712793681], [35.6242387055513, 14.1571712793681], [35.6960029809991, 14.1687684309628], [35.767767256447, 14.145573536507], [35.8156101064461, 14.0875759539779], [35.8694333134811, 14.0585716338643], [36.0608047143759, 14.0643727922855], [36.1636546036308, 14.0344407980292], [36.1804118398228, 14.0295636356849], [36.2701171845817, 14.0121570742748], [36.3717832416159, 13.9773399945097], [36.3897243100287, 13.930909030694], [36.3897243100287, 13.8438258351621], [36.4047058095677, 13.8209662241959], [36.4315868038902, 13.7799440760837], [36.4679695978748, 13.7799440760837], [36.4731411190154, 13.7683772187839], [36.5093314354756, 13.762518742141], [36.5990367802345, 13.762518742141], [36.6229582047849, 13.6986147587568], [36.587076067061, 13.6114449710243], [36.5212921486491, 13.5823812270495], [36.4796350276279, 13.577319659528], [36.4650215409113, 13.541025446148], [36.4266522457451, 13.5280422828194], [36.3957046661663, 13.489353343443], [36.3478618161672, 13.4370092145125], [36.300018966168, 13.3381058260627], [36.2777015185917, 13.3501696629495], [36.246195759133, 13.3671992740932], [36.2043332652715, 13.3904715057904], [36.1505100591348, 13.466090699492], [36.1505100591348, 13.5649412708333], [36.0907064959622, 13.5998199017105], [36.0069815082392, 13.5940071530338], [35.9292788109095, 13.5451324174459], [35.8928784665392, 13.541025446148], [35.7888524526087, 13.5733032672306], [35.7888524526087, 13.6323706876428], [35.8574726012059, 13.6637507108835], [35.8395315318948, 13.7334736364005], [35.7797279687222, 13.7857522317081], [35.6359420100734, 13.7810184885635], [35.426886948519, 13.7741357760557], [35.3672202957822, 13.7832857151192], [35.3132601792096, 13.7915602428728], [35.2713976853481, 13.8322122723166], [35.2640698221483, 13.8353746305802], [35.2175744783131, 13.8554388170545], [35.2115941221755, 13.9367134121576], [35.1517905590029, 13.9715366356285], [35.0441441458311, 14.006354594071], [35.0620852151422, 14.0875759539779], [35.1388857919242, 14.1071779504027], [35.1757119844516, 14.1165765908029], [35.2414959037618, 14.1513724819269], [35.2501139758817, 14.2349225016781]]]}, "properties": {"OBJECTID": 161, "id": null, "name": null, "continent": null, "S2": null, "Shape__Area": 7774227639.891113, "Shape__Length": 494749.4774260648}}, {"type": "Feature", "id": 163, "geometry": {"type": "Polygon", "coordinates": [[[35.0200088782257, 10.6913822925073], [35.0291486774895, 10.6777339962909], [35.0568729778614, 10.6628731328951], [35.0770361054863, 10.6504885253301], [35.0796699757807, 10.6506061840282], [35.080026283555, 10.6474546406516], [35.129278322537, 10.6444293724766], [35.1400458798754, 10.6306721064759], [35.157688616884, 10.6182861911234], [35.1753313538927, 10.6058997737808], [35.1854172615086, 10.6034213629579], [35.1954944815175, 10.6009450662351], [35.2030556542646, 10.5736927426785], [35.1935471064581, 10.5656808469459], [35.1928212587254, 10.5650692395572], [35.1854129181542, 10.558826819226], [35.1476070535207, 10.558826819226], [35.1381694016548, 10.5590996965879], [35.0619137599922, 10.5613045227972], [35.0165467217133, 10.5613045227972], [35.008232888319, 10.5422336167978], [34.9170179004705, 10.4457020893148], [34.9178272421173, 10.4421175406185], [34.8854863908042, 10.4324375341461], [34.8754048274409, 10.4150859637445], [34.8773808587579, 10.3781577758782], [34.8774441064422, 10.3769757290624], [34.8779252180572, 10.3679839805105], [34.9031291278128, 10.3630254640707], [34.9624049765701, 10.3727434673512], [34.9787408570798, 10.3754216075118], [35.00646515835, 10.3580668691572], [34.9913428119577, 10.3258340932289], [34.9849990917792, 10.3245858943611], [34.9787408570798, 10.3233545113996], [34.9535369473242, 10.293598013167], [34.9522528406598, 10.2803316184278], [34.9185566642466, 10.2416481506728], [34.8467923887988, 10.2004499952334], [34.7989495387996, 10.1945641089185], [34.7454410870671, 10.1945641089185], [34.739145975627, 10.2534180699275], [34.7152245501783, 10.3122610981708], [34.712062325868, 10.3145944476136], [34.7115794131308, 10.3183952908731], [34.6863755033752, 10.3655047316602], [34.6510900302562, 10.3878172599317], [34.6091333237827, 10.3985829082669], [34.5931210370995, 10.4026913935447], [34.5931210370995, 10.437394948187], [34.6183249477535, 10.4745730311926], [34.6482142508422, 10.4823074661088], [34.6662123757503, 10.4869647352671], [34.7418241050173, 10.4919212782071], [34.7645076241567, 10.5142247378296], [34.7650915713122, 10.5146663854308], [34.7972727066594, 10.5390044693788], [34.8460123861291, 10.548587813971], [34.8728844359264, 10.5538713512878], [34.9207718648215, 10.6083770970286], [34.9462243357213, 10.6643633968308], [34.9723798703833, 10.7003465572314], [35.0082620081072, 10.7062228680322], [35.0200088782257, 10.6913822925073]]]}, "properties": {"OBJECTID": 163, "id": null, "name": null, "continent": null, "S2": null, "Shape__Area": 1435180720.6279297, "Shape__Length": 227707.99313813893}}, {"type": "Feature", "id": 164, "geometry": {"type": "Polygon", "coordinates": [[[35.9001249450692, 9.57552384872394], [35.9131226455589, 9.57430321785319], [35.9605106156476, 9.54348129703291], [35.9768156857397, 9.50902368100403], [36.0070603776262, 9.47422127544795], [36.0287078454939, 9.46536781364663], [36.0297438958673, 9.46179098933901], [36.0473866328759, 9.44438783366448], [36.0801517153786, 9.42449743660127], [36.0890478070957, 9.42230342602839], [36.1093139903483, 9.41730519929912], [36.1204779715266, 9.41455180764973], [36.1278458870117, 9.41414799265927], [36.1658450089072, 9.412065356115], [36.2036508735406, 9.40709239850333], [36.2137324378023, 9.38222653939463], [36.2073908089018, 9.33946913879461], [36.2086916556715, 9.31507982533833], [36.2162646619257, 9.26463247986019], [36.2187732199331, 9.24792020133474], [36.2137324378023, 9.17577151290626], [36.2112120462877, 9.11853969714437], [36.1633246182909, 9.09863082470648], [36.1280391442737, 9.10858539912221], [36.1234336111694, 9.12117813857801], [36.1116566034715, 9.15337755063799], [36.110396407265, 9.17825964422229], [36.110396407265, 9.23548182440744], [36.0877128890239, 9.28274531633564], [36.0322642873818, 9.34243745797298], [35.9798623130426, 9.3640815335256], [35.9364894295916, 9.40211936938063], [35.8860816100803, 9.39963282845716], [35.8807452265255, 9.38985532941366], [35.8785204373333, 9.3896864843954], [35.8751963608632, 9.3861336323597], [35.8482757454468, 9.35735889706578], [35.8255922263074, 9.35487203528575], [35.8003883165517, 9.36979294084797], [35.7946833587274, 9.3932456616475], [35.7852659710577, 9.43195646983664], [35.7575416706858, 9.46427708218041], [35.7478793196246, 9.46536631793535], [35.7323377600318, 9.494108796774], [35.6970522869129, 9.55127898348828], [35.6959536545069, 9.56536291973299], [35.6945318953983, 9.58358832511082], [35.7020930690436, 9.58358832511082], [35.752500888555, 9.58358832511082], [35.7903067531885, 9.58358832511082], [35.8054290986825, 9.57613259598117], [35.8482757454468, 9.57613259598117], [35.8936427828274, 9.57613259598117], [35.9001249450692, 9.57552384872394]]]}, "properties": {"OBJECTID": 164, "id": null, "name": null, "continent": null, "S2": null, "Shape__Area": 1163438337.616211, "Shape__Length": 195449.14502861563}}, {"type": "Feature", "id": 165, "geometry": {"type": "Polygon", "coordinates": [[[36.4369299589456, 11.9748947458508], [36.5778290574613, 11.8743171116962], [36.6109974925097, 11.8674109234607], [36.6827617679576, 11.8088793243092], [36.7485456872678, 11.7269140905079], [36.9366201246444, 11.7224226187428], [36.9763013311297, 11.7436347356198], [37.0116813636104, 11.7737543588189], [37.071484926783, 11.7737543588189], [37.1432492022308, 11.7444801246117], [37.2508956154026, 11.7444801246117], [37.2688366838154, 11.656638791759], [37.2269741899539, 11.5804871497136], [37.1851116960923, 11.5218948403148], [37.2090331206427, 11.4398450945479], [37.2209938338163, 11.3812235633896], [37.1910920522299, 11.2874040193365], [37.1193277767821, 11.1759534927843], [37.0535438574719, 11.146617268605], [37.005089866517, 11.1410242803671], [36.9518778004378, 11.1348819500979], [36.8083492504404, 11.1172780845191], [36.7545260434054, 11.0409824071409], [36.7664099380457, 10.988490041725], [36.7664867556806, 10.988150699592], [36.7365849749926, 10.8883316960628], [36.6887421240952, 10.8589667841087], [36.6330278385212, 10.8589667841087], [36.6289385618209, 10.8589667841087], [36.6209046955713, 10.8368739381309], [36.5990367802345, 10.7767296947983], [36.5985090200051, 10.7766185977375], [36.5330001702248, 10.7628282434929], [36.5272725047867, 10.7649797010989], [36.4913903670628, 10.8061026723736], [36.4794296547876, 10.9000768503921], [36.4076653793398, 10.9529243023953], [36.3239403907184, 10.9764090331608], [36.2103136214091, 10.9822799251862], [36.1445297020989, 11.0175028193602], [36.1325689898237, 11.0996731569176], [36.1206082775485, 11.158352113527], [36.1026672082374, 11.2287512130469], [36.0368832889271, 11.2756744150546], [36.0078226529419, 11.2954042992681], [35.9591386573417, 11.3284538579666], [35.9770797266528, 11.4339834866052], [36.046127705989, 11.4446692278798], [36.0907064959622, 11.4515679472172], [36.0907064959622, 11.4925941001719], [36.0658343663803, 11.5152256842999], [36.0069815082392, 11.5687696681797], [36.0488440021007, 11.656638791759], [36.1073443694092, 11.656638791759], [36.16247077141, 11.656638791759], [36.1804118398228, 11.7327695592151], [36.1357089404065, 11.7327695592151], [36.0728389115362, 11.7839987509719], [35.9298031422695, 11.8316987271037], [35.8127738771591, 11.9748947458508], [35.5657120948601, 12.0704388624955], [35.5397055916021, 12.2138752412397], [35.6307283534544, 12.2936244684687], [35.6798056871816, 12.3312725589273], [35.905315451205, 12.3352065837076], [36.0069815082392, 12.3527328877813], [36.013285126725, 12.3978853375568], [36.0249225766519, 12.4812231406541], [36.0557812149328, 12.4812231406541], [36.1385493459613, 12.4812231406541], [36.1923725529963, 12.4403467641421], [36.3239403907184, 12.4345067561981], [36.4016850223039, 12.4695448339021], [36.402988332254, 12.4678480741813], [36.4555082293389, 12.3994639533331], [36.4674689416141, 12.2943073185455], [36.4674689416141, 12.1540330775982], [36.4495278732013, 12.0838681562172], [36.4151461825133, 12.0580916834811], [36.4109234556876, 11.9908143144862], [36.4369299589456, 11.9748947458508]]]}, "properties": {"OBJECTID": 165, "id": null, "name": null, "continent": null, "S2": null, "Shape__Area": 17094107204.990234, "Shape__Length": 722631.3995867507}}, {"type": "Feature", "id": 166, "geometry": {"type": "Polygon", "coordinates": [[[37.1943016932142, 10.6860065665499], [37.2064222337448, 10.6892548255192], [37.2569857025487, 10.6821567327517], [37.2727522604758, 10.7079778536101], [37.2765744554658, 10.7142371885145], [37.2804922060492, 10.7206528721876], [37.2943409991852, 10.7359604420245], [37.3118342107165, 10.7552952118483], [37.3392584656986, 10.7437482067126], [37.3470939668654, 10.7052550030272], [37.343176216282, 10.6012989762615], [37.3526398734771, 10.5501330265977], [37.3666827197825, 10.543530347918], [37.3823537221161, 10.5088639626635], [37.3510117174488, 10.4510780119376], [37.3196697118833, 10.4356666070487], [37.2832383989919, 10.4293438307759], [37.2530679519654, 10.4241075522628], [37.2178081967147, 10.3817206842835], [37.2203089420739, 10.3152988957174], [37.2146643088159, 10.3050672913337], [37.2217259472981, 10.2738009633677], [37.2060549449644, 10.2121159799012], [37.1433709347316, 10.1966928616533], [37.1253492820479, 10.1966928616533], [37.0728514242303, 10.1966928616533], [37.0138239821069, 10.1937880902532], [36.9984141631455, 10.2044045141937], [36.9514011552463, 10.2236828278556], [36.8864721131847, 10.2287946360363], [36.8534573906611, 10.23139382589], [36.8064443827619, 10.2583808430915], [36.8260331356789, 10.3277654537174], [36.900470397662, 10.3277654537174], [36.9532228757604, 10.3277654537174], [36.9709899081634, 10.3277654537174], [36.9709899081634, 10.345649804905], [37.0040113105593, 10.3788865442513], [37.022545647047, 10.4293059942276], [37.0493449207298, 10.4510780119376], [37.1198644312312, 10.4741936853132], [37.1316176829814, 10.5165679405403], [37.127699932398, 10.5627877649388], [37.1120289300643, 10.597448072845], [37.0846046759805, 10.6282539428373], [37.1081111794809, 10.6667569097757], [37.1385540289393, 10.6867007932313], [37.1590419379635, 10.6860065665499], [37.1943016932142, 10.6860065665499]]]}, "properties": {"OBJECTID": 166, "id": null, "name": null, "continent": null, "S2": null, "Shape__Area": 1727767781.069336, "Shape__Length": 224271.86359145367}}, {"type": "Feature", "id": 167, "geometry": {"type": "Polygon", "coordinates": [[[35.8301338290079, 15.4481507751766], [35.8401780565913, 15.477192785668], [35.8455118880324, 15.4926134381813], [35.8873743818939, 15.5156643901928], [35.9505952918158, 15.5156643901928], [36.0069815082392, 15.5848017859179], [36.0981842475587, 15.5973513406364], [36.2799846560566, 15.5285143801801], [36.2940386091321, 15.5041392361897], [36.3355454222434, 15.5074722448635], [36.3525797303101, 15.5088400883658], [36.36580288458, 15.5099018936106], [36.4136457354774, 15.5387127679245], [36.4674689416141, 15.5905621867044], [36.4978500732192, 15.5905621867044], [36.5093314354756, 15.5905621867044], [36.5222807356361, 15.548981799525], [36.5272725047867, 15.5329509143695], [36.587960090149, 15.5134596370972], [36.5990367802345, 15.5099018936106], [36.7066831934063, 15.4983764171182], [36.7186439056815, 15.463796133549], [36.7066831934063, 15.4234451717823], [36.6289385618209, 15.4234451717823], [36.5810957109234, 15.3888523911019], [36.557174286373, 15.3657873430314], [36.4935294390106, 15.3657873430314], [36.4674689416141, 15.3657873430314], [36.4192567151499, 15.348568549398], [36.3859595829623, 15.3555631540489], [36.342143644125, 15.3739775733776], [36.3119796784432, 15.3715538444207], [36.246195759133, 15.3657873430314], [36.1983529091339, 15.3081135643065], [36.1325689898237, 15.2792707109135], [36.0427818597463, 15.2654121079832], [36.0348717867328, 15.2572529866993], [35.9508477399703, 15.1779029080954], [35.9156410329321, 15.17432618197], [35.8658790518044, 15.2244477901881], [35.8873743818939, 15.2908083283435], [35.905315451205, 15.3254173688465], [35.8993350950674, 15.3600206812847], [35.8918360183644, 15.3659370446715], [35.8335511757572, 15.4119148847253], [35.8301338290079, 15.4481507751766]]]}, "properties": {"OBJECTID": 167, "id": null, "name": null, "continent": null, "S2": null, "Shape__Area": 2383930613.1762695, "Shape__Length": 264957.7396120828}}, {"type": "Feature", "id": 168, "geometry": {"type": "Polygon", "coordinates": [[[37.4309372995423, 16.2400853588795], [37.3944241662982, 16.2346920238593], [37.3465813154008, 16.2519169313277], [37.3465813154008, 16.309322378279], [37.3884438092623, 16.3208014511783], [37.3966317347864, 16.3221111098857], [37.4602080847101, 16.3322798498385], [37.463670396631, 16.365502994639], [37.4781491540212, 16.3724489370893], [37.4974705593266, 16.3863518781627], [37.5259920040204, 16.4068730002195], [37.669520554916, 16.4183463359999], [37.7551115950124, 16.4226673899707], [37.7831473242253, 16.4240827496283], [37.793658155632, 16.4583583178974], [37.8247825209637, 16.4871721156768], [37.8967740935347, 16.4871721156768], [37.9565776567073, 16.4757028487702], [37.9864794382936, 16.4642329028125], [38.0462830005679, 16.4642329028125], [38.0747658958579, 16.4642329028125], [38.1479490576021, 16.4642329028125], [38.2496151146362, 16.4584976753205], [38.2735365400849, 16.4126097522717], [38.2735365400849, 16.3609728985638], [38.2555954707738, 16.3322798498385], [38.2256936891875, 16.3035825898758], [38.0941258514653, 16.3035825898758], [38.0893416416544, 16.3109293728736], [37.9674379192847, 16.3109293728736], [37.9505973005697, 16.2806217549275], [37.9206955189834, 16.2289500531467], [37.8967740935347, 16.2002376872657], [37.8848133812595, 16.1772647846739], [37.848434547947, 16.1726062773096], [37.7951080365005, 16.1657773301518], [37.723343761951, 16.1944947123407], [37.6934419803647, 16.2404338270185], [37.6276580610545, 16.2519169313277], [37.6056100002656, 16.2444460722989], [37.5200116478828, 16.2519169313277], [37.4586443307012, 16.2283494754144], [37.4309372995423, 16.2400853588795]]]}, "properties": {"OBJECTID": 168, "id": null, "name": null, "continent": null, "S2": null, "Shape__Area": 2119911767.4091797, "Shape__Length": 250284.14853857967}}, {"type": "Feature", "id": 169, "geometry": {"type": "Polygon", "coordinates": [[[37.8668723119484, 14.0121570742748], [37.8369705312604, 14.0353655289876], [37.7831473242253, 14.0353655289876], [37.7113830487775, 14.0527703283553], [37.6814812671912, 14.1049767789662], [37.6994223365023, 14.1571712793681], [37.737880198369, 14.1534422655971], [37.7592258987766, 14.1513724819269], [37.8070687496741, 14.1687684309628], [37.8070687496741, 14.2151511044592], [37.7891276803629, 14.2789117475947], [37.7728406610182, 14.2907493292244], [37.7412848303638, 14.3136826756195], [37.7293241180886, 14.3600355367672], [37.7711866119501, 14.4063787994339], [37.8073219326504, 14.4087120586401], [37.8608919558108, 14.4121710317243], [37.9864794382936, 14.3890012028809], [38.0821651382918, 14.3774153871552], [38.1207374706786, 14.367036176631], [38.1220160769584, 14.3633087260715], [38.2012350172999, 14.3138745093033], [38.2017722646371, 14.3078878946036], [38.2137329769123, 14.2499318705703], [38.3153990339464, 14.2325421573554], [38.3991240216694, 14.2383388772577], [38.4260508246815, 14.2383388772577], [38.4768686532548, 14.2383388772577], [38.5007900787036, 14.2035563267325], [38.5007900787036, 14.1766901013894], [38.5007900787036, 14.1281758129314], [38.5306918602899, 14.1049767789662], [38.5953745223169, 14.1242782799717], [38.6084364918753, 14.1281758129314], [38.6742204111855, 14.1513724819269], [38.7101025480111, 14.1223762752818], [38.7101025480111, 14.0469688749428], [38.7280436173222, 13.9773399945097], [38.7220632611846, 13.9192998302438], [38.6443186295992, 13.9192998302438], [38.5605936409779, 13.930909030694], [38.4768686532548, 13.930909030694], [38.3094186778088, 13.8844687318636], [38.1788682010106, 13.8844687318636], [38.0789449465945, 13.8844687318636], [38.0283419321551, 13.9483217381541], [37.9685383689825, 14.0005519672814], [37.9118363740756, 14.0078875266792], [37.8788330251219, 14.0121570742748], [37.8668723119484, 14.0121570742748]]]}, "properties": {"OBJECTID": 169, "id": null, "name": null, "continent": null, "S2": null, "Shape__Area": 4268399187.0078125, "Shape__Length": 328896.8705793215}}, {"type": "Feature", "id": 170, "geometry": {"type": "Polygon", "coordinates": [[[42.9860572914976, 15.3773201862649], [43.0339001414967, 15.3773201862649], [43.1415465555668, 15.3600206812847], [43.2133108310146, 15.3600206812847], [43.2531798734291, 15.3696316947267], [43.320957243288, 15.3657873430314], [43.3628197380479, 15.3023453114863], [43.3755573376353, 15.2808436925038], [43.410662588047, 15.2215731107464], [43.4704661512196, 15.2042607439213], [43.4994781012113, 15.1966252114729], [43.5362500696315, 15.1869469561794], [43.5840929205289, 15.1292240790074], [43.5900732766665, 15.0830344517173], [43.5362500696315, 15.0772600412162], [43.4908528299928, 15.0772600412162], [43.4900616477895, 15.0663074992145], [43.4525250819085, 15.0714854748013], [43.3448786687367, 15.0772600412162], [43.2910554626, 15.1234509255803], [43.2910554626, 15.1580874868675], [43.2192911871522, 15.181175377033], [43.192379584533, 15.1638596958574], [43.0901733327893, 15.1638596958574], [43.0877233485318, 15.1638596958574], [43.0518412108078, 15.1754036409945], [43.0436304366345, 15.2011565528754], [43.0279197853591, 15.2504238905153], [42.9920376476352, 15.2965768997694], [42.9664095327412, 15.3089366307762], [42.9322340853609, 15.3254173688465], [42.9083126599122, 15.3773201862649], [42.9664095327412, 15.3773201862649], [42.9860572914976, 15.3773201862649]]]}, "properties": {"OBJECTID": 170, "id": null, "name": null, "continent": null, "S2": null, "Shape__Area": 1372417500.0683594, "Shape__Length": 192273.96286619428}}, {"type": "Feature", "id": 171, "geometry": {"type": "Polygon", "coordinates": [[[44.7659655455513, 14.2275143623701], [44.6946616279405, 14.2459447689277], [44.6233577094314, 14.2321221047961], [44.527351944189, 14.2178048627311], [44.527351944189, 14.2216546447678], [44.5092714401761, 14.2229065259878], [44.4759962780854, 14.2505521352495], [44.4807498724132, 14.2920141971054], [44.4997642506224, 14.351890344001], [44.5235322240576, 14.402542277366], [44.4950106562946, 14.4485795134071], [44.4807498724132, 14.5314225074461], [44.4997642506224, 14.5682316631367], [44.5425466022668, 14.5912342657484], [44.6328648980868, 14.6004346335899], [44.6734827401896, 14.6122261720504], [44.7279367891329, 14.6280334290447], [44.7184296004774, 14.669425114456], [44.6708936545052, 14.7154066969846], [44.6186041151037, 14.7154066969846], [44.5422261345774, 14.7254800199072], [44.5473001965945, 14.7843608930199], [44.5377930070408, 14.8257229083357], [44.4617354942039, 14.8532931955701], [44.3677325174976, 14.8570790754486], [44.3476492249487, 14.8578879014356], [44.319127658084, 14.8946420288551], [44.3476492249487, 14.9543541077175], [44.4189531434578, 14.9864998857021], [44.4947710648286, 15.0092280572726], [44.55680738525, 15.0278230787016], [44.6090969255499, 15.0599578090973], [44.674029145851, 15.0756327536475], [44.8372694640604, 15.1150346335474], [44.8854482579247, 15.0960844494434], [44.9204301409017, 15.0823239520424], [44.9304348327312, 15.0257362420258], [44.9536505722354, 14.9712759210241], [45.0559348139155, 14.935982927617], [45.0701955968987, 14.8532931955701], [45.041674030034, 14.7429909966022], [45.013152462271, 14.7062111544106], [45.0749491921247, 14.5820335124382], [45.0939635703339, 14.4761972835179], [45.0987171646616, 14.4117504852251], [45.0505756023727, 14.3819074332649], [45.0516183119572, 14.3784262506997], [45.0083988679433, 14.3564955390753], [44.9798773010786, 14.3242571839162], [44.978320736287, 14.3031417804283], [44.9751237058526, 14.2597665864486], [44.9323413551065, 14.2367297541085], [44.9289924015913, 14.2355493502734], [44.8800518148066, 14.2182985956771], [44.8182550858512, 14.213690570595], [44.7881603865661, 14.2118672257653], [44.7659655455513, 14.2275143623701]]]}, "properties": {"OBJECTID": 171, "id": null, "name": null, "continent": null, "S2": null, "Shape__Area": 5683879072.031738, "Shape__Length": 379625.2887854141}}, {"type": "Feature", "id": 172, "geometry": {"type": "Polygon", "coordinates": [[[47.188390081258, 13.6692922703579], [47.188390081258, 13.6786649787705], [47.1665307951378, 13.6877673589001], [47.1570236055841, 13.7154772705092], [47.180791578121, 13.7524187316552], [47.188390081258, 13.7555818546115], [47.2140667402117, 13.7662702779499], [47.2520954966301, 13.793970908649], [47.2520954966301, 13.8539776542896], [47.2425883079747, 13.9001261482628], [47.1998059563302, 13.9416519313399], [47.0952268766287, 13.9601054380909], [46.966879823492, 13.9324246240859], [46.9268740134738, 13.9324246240859], [46.9003295002089, 13.9324246240859], [46.8575471485644, 13.9416519313399], [46.8290255816998, 13.9785574674981], [46.8527935542367, 14.0339046737082], [46.8575471485644, 14.0754063128484], [46.8432863655813, 14.1122903332333], [46.7909968252813, 14.135339815771], [46.7719824470721, 14.2182985956771], [46.8147647978183, 14.2643736703995], [46.8338954907888, 14.2602534375583], [46.8333720469643, 14.2622121461617], [46.8813151219997, 14.2597665864486], [46.9478654452828, 14.2367297541085], [47.0144157694641, 14.209082452511], [47.090473282301, 14.1860404541063], [47.2283275240932, 14.1860404541063], [47.3444291017046, 14.1316941211581], [47.3444291017046, 14.0691386417888], [47.3444291017046, 13.9881600922875], [47.3704356049627, 13.8263391154045], [47.3468924510969, 13.748296794298], [47.3519209820039, 13.697004358807], [47.3186458208115, 13.6277180263217], [47.2806170643931, 13.6230982132865], [47.2669015956183, 13.6397596257405], [47.2425883079747, 13.6692922703579], [47.188390081258, 13.6692922703579]]]}, "properties": {"OBJECTID": 172, "id": null, "name": null, "continent": null, "S2": null, "Shape__Area": 2266648256.5478516, "Shape__Length": 262470.7934023492}}, {"type": "Feature", "id": 173, "geometry": {"type": "Polygon", "coordinates": [[[45.4457295667552, 12.6566898500782], [45.4457295667552, 12.6648955602989], [45.3981936216813, 12.7019963391177], [45.3221361088444, 12.7019963391177], [45.2508321903353, 12.655619520932], [45.2032962443631, 12.6231507303083], [45.1319923267523, 12.6463431452137], [45.0939635703339, 12.6973590368894], [45.0083988679433, 12.7530010661014], [44.9323413551065, 12.7622735506451], [44.9010824311283, 12.7724355710741], [44.8752982204788, 12.7808174989853], [44.8325158697327, 12.8086308679256], [44.8039943019697, 12.8549796602956], [44.7849799237605, 12.8874187266238], [44.799240707642, 12.9337529583003], [44.8467766536142, 12.9939745935112], [44.8752982204788, 13.04028899545], [44.9323413551065, 13.0958548312699], [45.013152462271, 13.1051145862959], [45.1153062398257, 13.1309077818498], [45.1367459210801, 13.142150122124], [45.1319923267523, 13.1930648559611], [45.0274132461525, 13.2532231394431], [44.946602138988, 13.2532231394431], [44.9282327197117, 13.2613503561695], [44.894312598688, 13.2763569846301], [44.894312598688, 13.341120013643], [44.9370949494342, 13.410489712749], [44.9988916792879, 13.456725062364], [45.1034707589894, 13.5121956978416], [45.179839264086, 13.5708105666177], [45.1937890557077, 13.5815158429668], [45.2175570282446, 13.6323377481778], [45.2365714064538, 13.7200952720529], [45.2746001628723, 13.7570360054411], [45.3079467787573, 13.7570360054411], [45.3126289192907, 13.7570360054411], [45.3601648652629, 13.7385663666175], [45.3646375905372, 13.6777318657318], [45.3649184595906, 13.6739111781866], [45.3678677984499, 13.6710454154159], [45.4077008103367, 13.6323377481778], [45.4457295667552, 13.6323377481778], [45.5122798909365, 13.6230982132865], [45.5170334852642, 13.5815158429668], [45.5265406739197, 13.4937069171736], [45.5883374037734, 13.4428553939241], [45.645380538401, 13.4428553939241], [45.735698834221, 13.456725062364], [45.8260171309393, 13.456725062364], [45.9667354048766, 13.4438945641074], [45.9810638345939, 13.4535886768308], [46.0732040476591, 13.4474787059483], [46.1825367225866, 13.4752167047427], [46.2538406410957, 13.5676534311303], [46.3774340990065, 13.5953774445931], [46.5057811521432, 13.5953774445931], [46.5580706924431, 13.549168956633], [46.5631314369362, 13.5457628477067], [46.6198674213984, 13.50757363722], [46.6959249342353, 13.4983292472943], [46.8005040139368, 13.5214395511343], [46.848039959909, 13.5214395511343], [46.9098366888643, 13.4474787059483], [46.9193438784181, 13.3919930798559], [46.8670543381182, 13.3503704604836], [46.8025389217358, 13.3503704604836], [46.7672288527444, 13.3503704604836], [46.7054321228907, 13.3364946578235], [46.6341282052799, 13.3179923487608], [46.5865922593078, 13.2763569846301], [46.5821070761971, 13.2326999528402], [46.5770850706523, 13.1838084197168], [46.5580706924431, 13.1236330518725], [46.5010275578155, 13.0680734764861], [46.3612442549175, 13.0642911366183], [46.3298981539326, 13.0634429467873], [46.2538406410957, 13.0680734764861], [46.1967975064681, 13.0356579451642], [46.1921090292187, 13.0230965769299], [46.1967975064681, 13.007869822752], [46.1682759387051, 12.9615493702277], [46.1350007766144, 12.9291199219857], [46.096972020196, 12.9152202962512], [46.0348900464936, 12.9065756592761], [45.9971465348222, 12.901319897247], [45.9258426163131, 12.901319897247], [45.7974955640747, 12.8966862595004], [45.6976700778026, 12.868882631266], [45.6358733488472, 12.8271714094037], [45.6086090308166, 12.7651346419069], [45.5930909981011, 12.7298183705927], [45.5360478634735, 12.6463431452137], [45.5078914959078, 12.644229805616], [45.4742511345181, 12.6417048300897], [45.4457295667552, 12.6566898500782]]]}, "properties": {"OBJECTID": 173, "id": null, "name": null, "continent": null, "S2": null, "Shape__Area": 15133620655.6875, "Shape__Length": 689534.3485292005}}, {"type": "Feature", "id": 174, "geometry": {"type": "Polygon", "coordinates": [[[42.5473381440062, 13.7560145922023], [42.6744005425063, 13.9505688773586], [42.734341632359, 13.9419504839037], [42.745629131889, 13.9314099273954], [42.8106453904833, 13.882859194996], [42.8756616481792, 13.8990409575803], [42.8783258671573, 13.8998700181565], [42.9023323037746, 13.8902742786384], [42.9681162230848, 13.9076900459304], [42.9769884447682, 13.9163020121783], [43.0159590730839, 13.9541256817034], [43.063801923083, 13.9367134121576], [43.0757626362566, 13.8728572012613], [43.063801923083, 13.8380191257853], [43.0039983608087, 13.7799440760837], [42.9681162230848, 13.7160448441796], [42.8784108783259, 13.6811833799036], [42.8622906384001, 13.6839473972167], [42.7767448221901, 13.6986147587568], [42.6870394774311, 13.7102349594165], [42.6297361484764, 13.6809328312174], [42.5532356512201, 13.7101833136219], [42.5473381440062, 13.7560145922023]]]}, "properties": {"OBJECTID": 174, "id": null, "name": null, "continent": null, "S2": null, "Shape__Area": 1242774427.6396484, "Shape__Length": 158902.1848142986}}, {"type": "Feature", "id": 175, "geometry": {"type": "Polygon", "coordinates": [[[40.2274686004096, 13.157648537047], [40.2171523324154, 13.157648537047], [40.169309481518, 13.1867635892657], [40.1872505508291, 13.2333404598531], [40.2530344701393, 13.2682672724721], [40.3307791017248, 13.2915490264886], [40.3666612394487, 13.3264674659696], [40.4025433771726, 13.3671992740932], [40.4503862271717, 13.4370092145125], [40.4982290771708, 13.50098381567], [40.6118558464802, 13.4951686503795], [40.6537670901155, 13.4951686503795], [40.7075415473767, 13.4951686503795], [40.7793058228245, 13.4602746851722], [40.8450897421347, 13.4486422326675], [40.8959261254102, 13.4404016926055], [40.9168540175826, 13.4370092145125], [40.9240812263514, 13.4229500605131], [40.929283604622, 13.4128293177228], [40.940775442133, 13.3904715057904], [40.904893304409, 13.3381058260627], [40.7494040412382, 13.3264674659696], [40.7235438735399, 13.3249872367493], [40.659924881488, 13.2724507731411], [40.642557609268, 13.179358497202], [40.599895134205, 13.1343540051567], [40.564012996481, 13.0877583129262], [40.4922487210332, 13.0877583129262], [40.4563665833093, 13.0994080636205], [40.4324451587589, 13.1343540051567], [40.4085237333102, 13.1692949739363], [40.342739814, 13.175117984262], [40.2673873232526, 13.157648537047], [40.2274686004096, 13.157648537047]]]}, "properties": {"OBJECTID": 175, "id": null, "name": null, "continent": null, "S2": null, "Shape__Area": 1963534512.9414062, "Shape__Length": 218134.15070092207}}, {"type": "Feature", "id": 176, "geometry": {"type": "Polygon", "coordinates": [[[38.6337788472876, 12.5102170379307], [38.6203972041505, 12.5220930639566], [38.6024561357377, 12.6154856874543], [38.6144168480129, 12.6680040869686], [38.6802007673231, 12.7321785450706], [38.7340239734598, 12.7963367671119], [38.7818668234589, 12.8546482695459], [38.8596114559427, 12.8954582684217], [38.9669172153823, 12.905419916324], [39.00314000594, 12.860478675897], [39.0390221436639, 12.8429870507217], [39.0734224240884, 12.8329249442999], [39.0988257068365, 12.8254942071635], [39.1347078445605, 12.7496778558769], [39.1284339737852, 12.7109200894076], [39.1466685568357, 12.6855078175796], [39.1586292700092, 12.6388285313457], [39.1586292700092, 12.4695448339021], [39.1466685568357, 12.3936230278201], [39.0737524327845, 12.3283327111647], [39.0733102712218, 12.3247979882841], [38.9952907614477, 12.2130206309706], [38.96762771989, 12.0772969194513], [39.0151007191135, 11.9844363771859], [39.0210810752511, 11.9317811715302], [39.0091203629759, 11.8849679568141], [38.9612775120785, 11.8439997883677], [38.9302745028534, 11.8170269395975], [38.9074543059418, 11.7971715014287], [38.8836032670889, 11.7504730434581], [38.8775525243555, 11.7386249045223], [38.8412363709919, 11.73566183592], [38.8057882489076, 11.7327695592151], [38.7519650427709, 11.7269140905079], [38.6921614795983, 11.7327695592151], [38.6893762620431, 11.7343278552382], [38.6502989857368, 11.7561901915422], [38.6443186295992, 11.8088793243092], [38.6861811234607, 11.8615583279772], [38.7135406117076, 11.8730332081102], [38.7280436173222, 11.8791157383771], [38.7579453989085, 11.9493340458217], [38.7400043295974, 12.0370813137466], [38.7415681249289, 12.0401401201529], [38.7758864673213, 12.1072585130581], [38.8533668145502, 12.1309315023521], [38.8652582442591, 12.2768826627435], [38.8674415303869, 12.3064029526369], [38.8562906682049, 12.3180236395987], [38.8596114559427, 12.3585747280324], [38.7818668234589, 12.4403467641421], [38.7340239734598, 12.452026386913], [38.6684016853237, 12.4794872093688], [38.6337788472876, 12.5102170379307]]]}, "properties": {"OBJECTID": 176, "id": null, "name": null, "continent": null, "S2": null, "Shape__Area": 4653226909.892578, "Shape__Length": 366126.76879849477}}, {"type": "Feature", "id": 177, "geometry": {"type": "Polygon", "coordinates": [[[41.646457484336, 12.4111454115771], [41.592634277301, 12.4228263466043], [41.5228827275529, 12.4374227439383], [41.508909289578, 12.4403467641421], [41.4550860825429, 12.452026386913], [41.4550860825429, 12.5045781739809], [41.5148896457155, 12.5279310961604], [41.5746932088882, 12.5629565125227], [41.6045949904745, 12.5863041398249], [41.6344967711625, 12.6621692420291], [41.6165557027497, 12.7263451733049], [41.6165557027497, 12.8021685248169], [41.6584181966112, 12.8546482695459], [41.730182472059, 12.8779690820201], [41.7780253220581, 12.9304329723815], [41.7720449659205, 12.9537467200127], [41.7182217597838, 12.9887132489306], [41.7062610466103, 13.0644571616222], [41.730182472059, 13.1052327318728], [41.8198878159196, 13.175117984262], [41.869666087995, 13.203626914542], [41.9257383746675, 13.2590790451042], [41.947416744581, 13.2545574704814], [41.9933181484016, 13.244983288308], [42.0052788615751, 13.1925861838301], [41.9813574361264, 13.1809408560574], [41.9590438324412, 13.1750155805233], [41.8868934790506, 13.1113021312853], [41.9519097376449, 12.9827936506223], [41.9909194929811, 12.902534312622], [42.0271052603727, 12.8653337451286], [42.1009645615733, 12.8371562374873], [42.1129252738485, 12.784672847298], [42.1083184974759, 12.7262627219829], [42.0863503139838, 12.7113554970594], [42.0591020677118, 12.6928640993013], [42.0591020677118, 12.6621692420291], [42.0689390027553, 12.6559992206307], [42.1428270554349, 12.6096496439551], [42.160768124746, 12.580467431985], [42.2803752501929, 12.580467431985], [42.3760609510894, 12.6096496439551], [42.3999823756398, 12.6563342644655], [42.46576629495, 12.6621692420291], [42.4837073642612, 12.6213215979128], [42.585373420397, 12.6213215979128], [42.6451769835696, 12.6913421270657], [42.6924635464392, 12.7169693059742], [42.6990001897063, 12.7205116674069], [42.7707644651541, 12.784672847298], [42.7707644651541, 12.9246041934575], [42.7874795829358, 12.9734743375768], [42.7946858906029, 12.9945405254609], [42.831415023757, 12.9915581276779], [42.8664501660507, 12.9887132489306], [42.9860572914976, 13.0120215342362], [43.0120072368254, 13.0176400542881], [43.0937037046694, 13.035327629445], [43.1415465555668, 13.035327629445], [43.153507267842, 12.9712305984472], [43.1475269117044, 12.9012877254197], [43.0757626362566, 12.8488177278017], [42.9621358669472, 12.7963367671119], [42.9236252200744, 12.7766647652396], [42.8365483844644, 12.7321785450706], [42.8125899762737, 12.6854356566977], [42.7528233967413, 12.5687936182763], [42.7289019712926, 12.452026386913], [42.6990001897063, 12.4111454115771], [42.6312766513908, 12.4028776715142], [42.6033144897081, 12.3994639533331], [42.5076287888116, 12.3819407843013], [42.4179234449509, 12.3819407843013], [42.3641002379159, 12.3585747280324], [42.3341984572279, 12.3118363559054], [42.328218100192, 12.2475575104734], [42.3162573879168, 12.2183346725919], [42.3157572886116, 12.2007383196695], [42.2205716870203, 12.1891086068592], [42.1129252738485, 12.2300241951413], [42.041160999299, 12.2417132016486], [41.9992985045392, 12.2475575104734], [41.9335145861273, 12.2358687634779], [41.8946439681505, 12.2358687634779], [41.8677306668171, 12.2358687634779], [41.8378288852307, 12.2592457398535], [41.8255146005513, 12.3113856601517], [41.8198878159196, 12.3352065837076], [41.785733240895, 12.3548329653362], [41.7802867804803, 12.3579625516339], [41.7182217597838, 12.3936230278201], [41.6643985527488, 12.3936230278201], [41.646457484336, 12.4111454115771]]]}, "properties": {"OBJECTID": 177, "id": null, "name": null, "continent": null, "S2": null, "Shape__Area": 8174817515.35498, "Shape__Length": 642873.2690363886}}, {"type": "Feature", "id": 178, "geometry": {"type": "Polygon", "coordinates": [[[39.2405636404865, 9.03721505834616], [39.2286901384557, 9.0534508459985], [39.1444308956837, 9.06038490707331], [39.1197989603375, 9.0497427370687], [39.0747405418677, 9.02749328043429], [38.9207909461781, 9.03861818011034], [38.8729386665635, 9.06022122693535], [38.7856156916672, 9.0756986969182], [38.7120733412517, 9.07066547769737], [38.6504404362581, 9.08311434045308], [38.6337897348689, 9.08456509393349], [38.5227749178594, 9.09423751801799], [38.4589421582109, 9.10165277861353], [38.4589421582109, 9.16467626835095], [38.5302846539716, 9.18691718725879], [38.5565687312625, 9.2425133694679], [38.6083937347627, 9.29025216096342], [38.616646622855, 9.34997438696429], [38.6354209631354, 9.38702223719815], [38.6954988547278, 9.37961298292095], [38.7405572740959, 9.35738427271676], [38.7856156916672, 9.35738427271676], [38.8456935823614, 9.36849880611371], [38.8904473803216, 9.40586029347423], [38.8945068688871, 9.40924904742483], [38.8998222561188, 9.41074729344093], [38.97335910076, 9.43147442887277], [38.985485956447, 9.45539945516895], [38.9948958009633, 9.46030397932259], [39.0109077831176, 9.4870316098027], [39.0409467284646, 9.49814196714146], [39.0674964726194, 9.49814196714146], [39.0860051469343, 9.49814196714146], [39.1566533941007, 9.4881875761769], [39.1648573788072, 9.4870316098027], [39.187386588042, 9.47962450486332], [39.2249352703996, 9.43147442887277], [39.3000326342164, 9.33144898163364], [39.3901494702575, 9.21286316096844], [39.4526304845923, 9.16779007548217], [39.5666282760803, 9.0756986969182], [39.5921077386595, 9.06563436392835], [39.6417256398971, 9.04603458902803], [39.7468619490609, 9.0497427370687], [39.8257141809338, 9.0497427370687], [39.8745274674596, 9.00524245101568], [39.8745274674596, 8.94219100782634], [39.8670177313474, 8.88654831137696], [39.8182044448216, 8.86057882464468], [39.7881654994745, 8.83831780368773], [39.7851535731927, 8.83355591303179], [39.7956752355867, 8.75297145914529], [39.9120761498171, 8.71956972427705], [40.0622708774506, 8.70472354892045], [40.1936912639054, 8.70472354892045], [40.2575240235539, 8.69730024075012], [40.291317836957, 8.63419619061484], [40.2988275739676, 8.57479450064993], [40.2988275739676, 8.52281040084313], [40.3063373100797, 8.49310202456352], [40.291317836957, 8.42996409575728], [40.287562968901, 8.40767765481936], [40.2225533111274, 8.39437170563304], [40.1110841639765, 8.39653395319101], [40.0097027228687, 8.39281931516253], [39.9458699632203, 8.39281931516253], [39.8482433901686, 8.43367837762418], [39.8144495767655, 8.43739262379093], [39.7693911582958, 8.46339134696102], [39.724332739826, 8.49681569745256], [39.6567451121215, 8.51167002926088], [39.5966672214273, 8.51167002926088], [39.5403441987894, 8.4893883148417], [39.4765114391409, 8.48567457007929], [39.4285850835496, 8.4845972575257], [39.371380241391, 8.50891433995206], [39.3526121641647, 8.54086078477951], [39.3338264476195, 8.62677148963955], [39.3000326342164, 8.70101191323396], [39.269993687971, 8.73070396801151], [39.2600896505725, 8.74440870410694], [39.213670665333, 8.80863435113687], [39.2361998745679, 8.87541875587965], [39.3037875022725, 8.87912864583541], [39.332396257822, 8.88148413033167], [39.3488459207422, 8.88283849737707], [39.3601105249104, 8.94590021909546], [39.3338264476195, 8.96444570903181], [39.3000326342164, 8.97557254896549], [39.2986652546235, 8.97595844398668], [39.2737485569254, 8.9829902520842], [39.2474644796345, 9.00524245101568], [39.2425303957999, 9.03610514696159], [39.2405636404865, 9.03721505834616]]]}, "properties": {"OBJECTID": 178, "id": null, "name": null, "continent": null, "S2": null, "Shape__Area": 9399158644.140137, "Shape__Length": 609924.5766794776}}, {"type": "Feature", "id": 179, "geometry": {"type": "Polygon", "coordinates": [[[39.9383602271081, 6.7588779474118], [39.9764464819929, 6.8142563432633], [39.9759089085673, 6.82226291483743], [39.9721540405112, 6.87445600522456], [39.9721540405112, 6.93409823146264], [39.9533797002307, 7.01236718536785], [39.9496248312763, 7.09807523339432], [39.9796637775217, 7.1278829960638], [40.0104056967994, 7.12110420459663], [40.0151305522245, 7.12006233453351], [40.047251404328, 7.1129793561713], [40.1089385253439, 7.1129793561713], [40.1298585051552, 7.1614144107607], [40.1849007987943, 7.18711387559064], [40.1936912639054, 7.19121804429927], [40.2274850782069, 7.17631647152678], [40.2387496823752, 7.1278829960638], [40.2425045504312, 7.08317062694285], [40.2425045504312, 7.0142099326627], [40.2425045504312, 7.01236718536785], [40.2437029236815, 7.00998836088123], [40.2537691554978, 6.99000596245401], [40.2550207781832, 6.98627898799317], [40.2500142874417, 6.94900761110386], [40.2575240235539, 6.91546084370967], [40.2741625680424, 6.90838186293048], [40.3100921781358, 6.8930950081268], [40.3138470461919, 6.85581627216528], [40.2800532327888, 6.82599118175756], [40.2237302101508, 6.73650479382746], [40.2237302101508, 6.70294312909295], [40.1936912639054, 6.67683801453929], [40.1789578610816, 6.67317963185491], [40.148632846334, 6.66564968211987], [40.1148390320326, 6.62835339724484], [40.1261036370992, 6.58359413284826], [40.1333004899979, 6.57950874791146], [40.1324502255983, 6.57776417389465], [40.1324502255983, 6.53948597415122], [40.148632846334, 6.52763938047786], [40.174916923625, 6.49779428563235], [40.204955868972, 6.47167837468064], [40.2500142874417, 6.44929223302553], [40.2687886277222, 6.38959103028407], [40.2665045892471, 6.36235209903976], [40.2650337596661, 6.34481055370248], [40.2988275739676, 6.28509720060925], [40.3270640281374, 6.28509720060925], [40.3288665193146, 6.28509720060925], [40.3851895419526, 6.28509720060925], [40.4377576965345, 6.28509720060925], [40.4490223016011, 6.24404029011549], [40.4377576965345, 6.20298016129173], [40.418983356254, 6.16938312947565], [40.3100921781358, 6.15445043185808], [40.2588020647935, 6.15569419809762], [40.1621676836681, 6.13957469046075], [40.148632846334, 6.09471545203852], [40.0885549547416, 6.07604690389335], [40.0304574234475, 6.08086114563491], [39.9984381178021, 6.0835144014979], [39.934605359052, 6.0835144014979], [39.8707725994035, 6.07978066610024], [39.851611263102, 6.08359136446399], [39.8144495767655, 6.09098179448271], [39.7881654994745, 6.14698392471738], [39.8129926998175, 6.19635054014707], [39.8144495767655, 6.19924726347811], [39.8182044448216, 6.25150542355752], [39.806939839755, 6.27763254850227], [39.7843520432956, 6.29334895874938], [39.7693911582958, 6.30375836289333], [39.7693911582958, 6.38212788909112], [39.7844106314184, 6.4194425069858], [39.8444885221125, 6.43063635939669], [39.8670791563499, 6.44186048480709], [39.8745274674596, 6.44556111334605], [39.908321281761, 6.48660191755385], [39.908321281761, 6.52390884084539], [39.8907147342819, 6.5355703962635], [39.8857920725262, 6.53883083344717], [39.8444885221125, 6.58359413284826], [39.8444885221125, 6.63581288096782], [39.8895469405822, 6.6954846675856], [39.9120761498171, 6.72904684587617], [39.9383602271081, 6.7588779474118]]]}, "properties": {"OBJECTID": 179, "id": null, "name": null, "continent": null, "S2": null, "Shape__Area": 4864567865.083252, "Shape__Length": 395787.38856536587}}, {"type": "Feature", "id": 180, "geometry": {"type": "Polygon", "coordinates": [[[41.3126419859431, 8.85686874817131], [41.3175874217879, 8.86094078121192], [41.3622062451818, 8.85464268431726], [41.3727198775355, 8.85315863337481], [41.3839844817038, 8.8234763753594], [41.3687519668233, 8.81116069491408], [41.3426809312901, 8.79008098222732], [41.3314163271219, 8.7715266842637], [41.3314163271219, 8.71956972427705], [41.338926063234, 8.68881628084876], [41.338926063234, 8.64533296900242], [41.3519173596341, 8.58967289602503], [41.3464358002446, 8.56365564737371], [41.3239065910097, 8.52652378562881], [41.2653859190808, 8.51433962023343], [41.252564095249, 8.51167002926088], [41.242050464692, 8.51167002926088], [41.2300348860141, 8.51909697999113], [41.1887313356005, 8.51909697999113], [41.1692060208105, 8.51167002926088], [41.1618486560385, 8.50887143157163], [41.1399180490747, 8.50052933438209], [41.1000649849941, 8.49845484093702], [41.073612657742, 8.5115792006404], [41.0648206852579, 8.53766372343565], [41.0911047625489, 8.56365564737371], [41.0912573997904, 8.56441032320943], [41.1023693676155, 8.57108158611335], [41.1286534449064, 8.60820909795328], [41.1286534449064, 8.65275730451545], [41.1098791037277, 8.71585823593192], [41.1098791037277, 8.83089716462586], [41.1397916228766, 8.89910144368017], [41.1755287347844, 8.93812279669566], [41.1774667314322, 8.93848175877277], [41.2129735952513, 8.94217391478747], [41.2375446221263, 8.87541875587965], [41.2713384355295, 8.85315863337481], [41.3126419859431, 8.85686874817131]]]}, "properties": {"OBJECTID": 180, "id": null, "name": null, "continent": null, "S2": null, "Shape__Area": 1105265413.482666, "Shape__Length": 151384.37801496123}}, {"type": "Feature", "id": 181, "geometry": {"type": "Polygon", "coordinates": [[[40.8393077196388, 6.96128556770094], [40.8967260383398, 6.95314334798048], [40.8996064845017, 6.8930950081268], [40.9258905617927, 6.86327225299045], [40.9666258370593, 6.84927241883432], [40.9709489802624, 6.8371758091093], [41.0084976626199, 6.82226291483743], [41.0422914760231, 6.80362114429333], [41.0463876958023, 6.80023165479689], [41.0535560810897, 6.72904684587617], [41.0798401583806, 6.6954846675856], [41.1003265187093, 6.66750723672645], [41.1098791037277, 6.65446109347729], [41.1248985768503, 6.59478432881183], [41.1023693676155, 6.53883083344717], [41.0869326872304, 6.53883083344717], [41.0817396792865, 6.53075545709066], [41.0498012130335, 6.52017827343554], [41.038536607967, 6.47540930177621], [41.0272720037987, 6.43063635939669], [41.0160073987321, 6.40078553881367], [40.9578069420661, 6.40078553881367], [40.955929508038, 6.40451698685607], [40.9559206147167, 6.40455233634639], [40.9371551668593, 6.47914020129737], [40.9334002988032, 6.53510037634812], [40.9225090425518, 6.54437499460819], [40.9264813002117, 6.60950351552617], [40.9150881273633, 6.61922188740689], [40.8507931979759, 6.63954258002289], [40.8020392775139, 6.69442337504421], [40.8019799114501, 6.6954846675856], [40.8019799114501, 6.76260670562623], [40.8132445165167, 6.84836017379145], [40.8056474578706, 6.92629662415845], [40.8094896484606, 6.94155297988098], [40.8393077196388, 6.96128556770094]]]}, "properties": {"OBJECTID": 181, "id": null, "name": null, "continent": null, "S2": null, "Shape__Area": 1189767374.3686523, "Shape__Length": 165858.35998645582}}, {"type": "Feature", "id": 182, "geometry": {"type": "Polygon", "coordinates": [[[41.515660068751, 7.34900051945421], [41.515660068751, 7.41192293615076], [41.54919868246, 7.44074591789843], [41.5604632875266, 7.48542263423803], [41.5604632875266, 7.5449844645557], [41.5304243412812, 7.61570348318995], [41.5104316842529, 7.64740840107418], [41.492875659822, 7.67524729497693], [41.5041053599499, 7.76705236055696], [41.5078951320464, 7.79803000166533], [41.5090407059175, 7.79973246803195], [41.5454438144039, 7.85382844745572], [41.6008059945224, 7.87576501876305], [41.6017668370419, 7.87614573034123], [41.6028534670574, 7.87746130317325], [41.6355606513433, 7.91705762362743], [41.6540336311005, 7.97804278121847], [41.6731256318351, 8.04106196123914], [41.7245967889449, 8.04977781385741], [41.7627218510499, 7.9671925979917], [41.7669810377981, 7.9579654539205], [41.8082845882117, 7.88730392061921], [41.8082845882117, 7.80547022536072], [41.7820005109208, 7.73478276775204], [41.7711937493067, 7.66784973459579], [41.7669810377981, 7.64175492250234], [41.776594811562, 7.62636262667225], [41.8157943243239, 7.56359585820982], [41.81954919238, 7.50403658268621], [41.7707359058542, 7.3997882632427], [41.706903147104, 7.36255073193599], [41.6543349916238, 7.33648259804131], [41.6483934301301, 7.33526337137677], [41.5976087125598, 7.32484205633522], [41.515660068751, 7.34900051945421]]]}, "properties": {"OBJECTID": 182, "id": null, "name": null, "continent": null, "S2": null, "Shape__Area": 1999287800.7497559, "Shape__Length": 204302.08020059098}}, {"type": "Feature", "id": 184, "geometry": {"type": "Polygon", "coordinates": [[[42.7966079646123, 8.81676982424751], [42.797297364999, 8.8258074340039], [42.7770405817176, 8.83831780368773], [42.7282272951918, 8.85686874817131], [42.7019432179008, 8.89025808781997], [42.7019432179008, 8.9570276269322], [42.7016494104124, 8.9585513045503], [42.6869237456765, 9.03490991837646], [42.6833355178005, 9.0475095497443], [42.6815695018171, 9.06016153259039], [42.6815695018171, 9.19549739982068], [42.7073967175141, 9.20059642421569], [42.754511373381, 9.18691718725879], [42.8408733413661, 9.14614110581461], [42.8881846806695, 9.14614110581461], [42.8971963640041, 9.14614110581461], [42.9610291236526, 9.14614110581461], [42.9948229370557, 9.12019025588432], [43.0135972782345, 9.07199081764868], [43.0323716194132, 8.99411652209092], [43.0661654328164, 8.94590021909546], [43.0962043790617, 8.89396782669087], [43.1382857681035, 8.82612799682348], [43.190076083159, 8.79750244102888], [43.2276247655165, 8.7492603032078], [43.2388893696848, 8.69730024075012], [43.2313796335726, 8.67874132601575], [43.1788114789907, 8.65275730451545], [43.163792005868, 8.63048385838129], [43.1450176655876, 8.56365564737371], [43.163792005868, 8.50795650030147], [43.190076083159, 8.48567457007929], [43.2426442386392, 8.45967735112258], [43.2726831839863, 8.40396312347904], [43.2238698974604, 8.35938597490327], [43.1600371378119, 8.35938597490327], [43.1215931558147, 8.36493278528279], [43.0077136652631, 8.38136318653298], [42.9497645194843, 8.41139215056646], [42.8446282094222, 8.42996409575728], [42.7944769478577, 8.43657862765952], [42.7766670110185, 8.43892758274937], [42.7319821641462, 8.48465008232219], [42.7319821641462, 8.5339504469403], [42.7782665808578, 8.61567731665706], [42.7845503187281, 8.62677148963955], [42.8220990001873, 8.70101191323396], [42.8185039136742, 8.73654733875738], [42.8258538682434, 8.7492603032078], [42.8258538682434, 8.79750244102888], [42.7966079646123, 8.81676982424751]]]}, "properties": {"OBJECTID": 184, "id": null, "name": null, "continent": null, "S2": null, "Shape__Area": 3734564423.4663086, "Shape__Length": 293917.6686901371}}, {"type": "Feature", "id": 186, "geometry": {"type": "Polygon", "coordinates": [[[44.5906226198794, 10.694908408541], [44.5834275151022, 10.7108157624389], [44.5580750114221, 10.7855389417519], [44.4122981112193, 10.7855389417519], [44.3837765443546, 10.8415691530987], [44.4004357105688, 10.8742909975872], [44.4086681934294, 10.8904598701446], [44.4122981112193, 10.897588872959], [44.4938388597021, 10.9126016749412], [44.5720962918725, 10.9329447926019], [44.6558126081581, 11.0232824907324], [44.6970053819241, 11.0113902653955], [44.7355425407759, 11.0002642724049], [44.7355425407759, 10.9296065564748], [44.7541418155772, 10.9013929583457], [44.7671153450975, 10.8463362141684], [44.8496288100312, 10.8415691530987], [44.8876575664496, 10.7948780362536], [44.7545569189851, 10.7201571702117], [44.6615377169908, 10.6548674450473], [44.6099389910259, 10.6521985337267], [44.5906226198794, 10.694908408541]]]}, "properties": {"OBJECTID": 186, "id": null, "name": null, "continent": null, "S2": null, "Shape__Area": 1125880216.3354492, "Shape__Length": 157713.11967856385}}, {"type": "Feature", "id": 187, "geometry": {"type": "Polygon", "coordinates": [[[45.2858487680453, 11.7383326073711], [45.2924130830165, 11.8068791135882], [45.2983681354092, 11.8101174611123], [45.3636717470966, 11.8314237038936], [45.3981936216813, 11.8426862917489], [45.4281539662376, 11.86101232213], [45.4571722161144, 11.8743267280891], [45.4790047288459, 11.9775728452501], [45.5027727013828, 12.03801741578], [45.5455550521289, 12.0938003389344], [45.5622160598894, 12.0924427329031], [45.6025981867565, 12.0891522059015], [45.6501341327287, 12.0659103280759], [45.6976700778026, 12.0519642347625], [45.7443742035846, 12.041089084933], [45.7797436485214, 12.0170118655969], [45.7879892467851, 11.9860946297264], [45.7927419688486, 11.9682724775027], [45.7689739963117, 11.9078123000895], [45.7166844560118, 11.8892064582553], [45.6548877270564, 11.8612953104001], [45.640626943175, 11.8519909600618], [45.616858970638, 11.8101174611123], [45.5883374037734, 11.7542761773439], [45.5303940494332, 11.70159486896], [45.521787079592, 11.6937686723474], [45.3578705213148, 11.6902792063524], [45.307875324963, 11.7263512843412], [45.2858487680453, 11.7383326073711]]]}, "properties": {"OBJECTID": 187, "id": null, "name": null, "continent": null, "S2": null, "Shape__Area": 1317567796.3286133, "Shape__Length": 162467.38709798182}}, {"type": "Feature", "id": 188, "geometry": {"type": "Polygon", "coordinates": [[[47.2213887104632, 10.3406584000875], [47.1748105392638, 10.4157081543955], [47.1097380344546, 10.4175905089421], [47.0783529411964, 10.3720728438462], [46.9940286837541, 10.1685289794216], [46.919135312067, 10.1685289794216], [46.8105678229968, 10.2620938035215], [46.5228940924417, 10.2620938035215], [46.3517646885588, 10.2714487684697], [46.2091568524389, 10.3649831593079], [46.1616209064667, 10.430440635457], [46.1235921500483, 10.5239274196522], [46.1806352846759, 10.5986964619896], [46.3210491545976, 10.6830293587847], [46.3217419865487, 10.6839371225386], [46.5038797142324, 10.7481796644099], [46.6330656357411, 10.8629896982213], [46.7035306858783, 10.9255947820207], [46.8038843482998, 10.9650060292454], [46.8461385219982, 10.9815986679586], [46.9507176025981, 11.0002642724049], [47.0416664780183, 11.041924302205], [47.0933254387179, 11.0655845680937], [47.1788901411086, 11.0469231087876], [47.2282883189193, 10.9603338356551], [47.2454404643916, 10.953598049755], [47.3024835990193, 10.9069244688667], [47.3785411118561, 10.8789168019111], [47.4684504927622, 10.8473817245969], [47.5116417593206, 10.8322315112816], [47.5116417593206, 10.7761995563716], [47.5075557219451, 10.7199986026029], [47.5724765057944, 10.6708600178914], [47.6634992676467, 10.7023481552947], [47.754522029499, 10.7968547085153], [47.8845545466876, 10.8598942048446], [48.1056098257285, 10.8598942048446], [48.274652097355, 10.9071922741865], [48.2761833871479, 10.9079885014714], [48.3767959682888, 10.897588872959], [48.5669397503809, 10.897588872959], [48.6151632372272, 10.897588872959], [48.7190547760546, 10.897588872959], [48.7856050993377, 10.860243561321], [48.8141266671007, 10.7481796644099], [48.7856050993377, 10.6547612718156], [48.7000403978454, 10.5519679413324], [48.633490073664, 10.4865360919454], [48.5669397503809, 10.449140247046], [48.4053175351535, 10.3556309730774], [48.3387672118704, 10.2995120033958], [48.2341881312706, 10.2059582121648], [48.1010874838061, 10.1404541751947], [47.9584796476862, 10.0374922257616], [47.8539005670864, 9.99068048982311], [47.5776588794819, 9.94121259805851], [47.5401633270836, 9.93449751524508], [47.5021345706651, 9.99068048982311], [47.4641058142467, 10.0094059943218], [47.4450914360375, 10.0842971921722], [47.4165698682745, 10.149812717294], [47.3824579317849, 10.149812717294], [47.3774277309098, 10.1680043048876], [47.2675841876735, 10.1945089381275], [47.188397329764, 10.1685289794216], [47.1598757628993, 10.2527385611436], [47.2224598310653, 10.3348408753393], [47.2213887104632, 10.3406584000875]]]}, "properties": {"OBJECTID": 188, "id": null, "name": null, "continent": null, "S2": null, "Shape__Area": 21081150715.42578, "Shape__Length": 780602.461307698}}, {"type": "Feature", "id": 189, "geometry": {"type": "Polygon", "coordinates": [[[46.0011730767764, 9.35423081825727], [46.04539905971, 9.41477829148267], [46.1996496628851, 9.40028533574134], [46.5850750829463, 9.40028533574134], [46.6217050672459, 9.38931059898227], [46.645606614774, 9.32490852656516], [46.6179659834877, 9.28771285918409], [46.5767117038708, 9.27026380282811], [46.5514156602046, 9.25956406960373], [46.5514156602046, 9.14694643145385], [46.4468365796048, 9.11878643505818], [46.4302714526279, 9.12009489449689], [46.2594642097587, 9.13358647474794], [46.1535880068044, 9.21801954825981], [46.0781316366742, 9.24813218960152], [46.009505880793, 9.31585938648772], [46.0011730767764, 9.35423081825727]]]}, "properties": {"OBJECTID": 189, "id": null, "name": null, "continent": null, "S2": null, "Shape__Area": 1689896392.633789, "Shape__Length": 178971.3530940377}}, {"type": "Feature", "id": 191, "geometry": {"type": "Polygon", "coordinates": [[[-21.048316486205, -19.9691697494264], [-20.9770303381688, -19.9015508151962], [-20.9057441901326, -19.9015508151962], [-20.8701011156654, -19.9691697494264], [-20.8879226524499, -20.0620800764419], [-20.8968334217404, -20.1127264025569], [-20.9057441901326, -20.2055193416777], [-20.9770303381688, -20.3150859803005], [-21.0215841810283, -20.3824590448545], [-21.07504879228, -20.4918549918964], [-21.1374241719239, -20.3992960605232], [-21.1106918658489, -20.264529910298], [-21.1106918658489, -20.2139513021273], [-21.0572272545972, -20.1211652598241], [-21.048316486205, -19.9691697494264]]]}, "properties": {"OBJECTID": 191, "id": null, "name": null, "continent": null, "S2": null, "Shape__Area": 1101416925.8051758, "Shape__Length": 161228.29737494848}}, {"type": "Feature", "id": 192, "geometry": {"type": "Polygon", "coordinates": [[[-22.8981333334847, -25.9852346229135], [-22.9045209776873, -25.9532396967101], [-22.8833634905014, -25.8453575988134], [-22.7942558056807, -25.7169310766758], [-22.6516835087101, -25.6205142586134], [-22.5234222204285, -25.5183774115898], [-22.3873561327015, -25.513038490144], [-22.3571040054594, -25.4208583663208], [-22.3159084002036, -25.2952193873391], [-22.3077908253426, -25.27044689833], [-22.2994167320607, -25.2448862876208], [-22.2952527676309, -25.2360979899578], [-22.2334621804572, -25.1056106323873], [-22.224515808237, -25.0326782571811], [-22.2243741627813, -25.0315231865374], [-22.2114773305216, -24.9263086673158], [-22.2114773305216, -24.8623585471182], [-22.2114773305216, -24.8265835331866], [-22.0795682282129, -24.7966503101693], [-22.0355985274433, -24.9163397768628], [-21.9916288266738, -25.2647698086202], [-21.9985198759818, -25.2884486693853], [-21.9299112581596, -25.3549384150043], [-21.9470707590375, -25.4557468901792], [-22.0286858152622, -25.4918033642779], [-22.0440295415749, -25.5155438173148], [-22.069434434104, -25.5548410060488], [-22.0461495090516, -25.6073470579645], [-21.9743543225748, -25.701799839124], [-21.9336057028347, -25.7909364893575], [-21.9355461141541, -25.8887348914813], [-21.9568906287855, -26.0300500136822], [-22.0054008902098, -26.0928021999803], [-22.069434434104, -26.0718885390582], [-22.069434434104, -26.0143567168258], [-22.069434434104, -25.9972157970418], [-22.0724835551302, -25.9976726785508], [-22.0813943235224, -25.8774411859001], [-22.1437697031664, -25.7731358375414], [-22.2863419992387, -25.7169310766758], [-22.4289142962094, -25.7008673811445], [-22.51802198103, -25.7410222921647], [-22.6873265831773, -25.797214943407], [-22.7964090260943, -26.0010763626176], [-22.8188895520306, -26.0089824709802], [-22.8981333334847, -25.9852346229135]]]}, "properties": {"OBJECTID": 192, "id": null, "name": null, "continent": null, "S2": null, "Shape__Area": 5821570936.48584, "Shape__Length": 520947.93326420547}}, {"type": "Feature", "id": 193, "geometry": {"type": "Polygon", "coordinates": [[[-50.6105503156005, -8.45714368506945], [-50.5878893441747, -8.38242126532404], [-50.5576747153076, -8.32637001801763], [-50.5501210587645, -8.27404827856252], [-50.5350137438818, -8.18807606874198], [-50.4972454584716, -8.10582440556952], [-50.4594771730614, -8.0833892074497], [-50.3763869456979, -8.06469225632519], [-50.3575028025436, -8.02729576151486], [-50.3537259742721, -7.93378949705395], [-50.3461723168307, -7.85148638026605], [-50.3008503739791, -7.83277884686672], [-50.2781894034516, -7.90760392080897], [-50.2781894034516, -7.98241542459355], [-50.2738954995127, -8.02281025930092], [-50.2706357460103, -8.05347367019012], [-50.2668589177387, -8.11330252737925], [-50.2300388858576, -8.12732208917579], [-50.2177601466156, -8.13199722156778], [-50.19132234602, -8.09460696268884], [-50.2026528317329, -7.98989582415339], [-50.1875455177485, -7.85148638026605], [-50.1535540606098, -7.72051606486891], [-50.1006784612152, -7.68683139539419], [-50.0402492043791, -7.67934554937589], [-49.9873736049845, -7.65314405191349], [-49.9042833767227, -7.593248876847], [-49.8753154477732, -7.60507208964196], [-49.8421128668625, -7.61862326811186], [-49.8400772916152, -7.61945404675123], [-49.8361902625162, -7.63101201645713], [-49.8249699776308, -7.66437346271421], [-49.8165637561027, -7.67206366059394], [-49.7758712065077, -7.70928813913242], [-49.7645407207948, -7.7579403270516], [-49.7645407207948, -7.76724439128406], [-49.7645407207948, -7.81862361473829], [-49.7645407207948, -7.84026196081749], [-49.8589614338711, -7.98615564105553], [-49.9257609426275, -8.05230193401691], [-49.9280475287247, -8.06263184987113], [-49.9332852233625, -8.16086069082509], [-49.9312123554545, -8.17093321049814], [-49.9382748338614, -8.22545758276661], [-49.9080602049942, -8.29273541364768], [-49.8937659678516, -8.31945241943541], [-49.8740687487539, -8.35626501904538], [-49.8816224052969, -8.39736690205783], [-49.9118370341641, -8.43099247973688], [-49.93072117642, -8.46461513268688], [-49.929693022238, -8.46969987316277], [-49.920746143368, -8.51394383833944], [-49.9156138624356, -8.53932161035041], [-49.9042833767227, -8.58040394760083], [-49.9571589761174, -8.6476199957439], [-50.0251418903947, -8.66255526988459], [-50.1195626043694, -8.71109081019424], [-50.1762150320356, -8.76708552801858], [-50.19132234602, -8.84919583463772], [-50.2064296609027, -8.87904959618481], [-50.3197345171334, -8.89397556581354], [-50.3744212342269, -8.90117938438908], [-50.3763869456979, -8.90143832296402], [-50.4292625450925, -8.93874982092539], [-50.4557003447898, -8.99844026303061], [-50.4868036392383, -9.0335476923858], [-50.5010222876414, -9.05812085932999], [-50.5727820301903, -9.08795744513272], [-50.6256576295849, -9.13270766266771], [-50.6974173721338, -9.13270766266771], [-50.7578466289698, -9.08049853179726], [-50.7578466289698, -8.97232690254829], [-50.7540697998, -8.86039127935354], [-50.7578466289698, -8.80067831085876], [-50.7351856575441, -8.69989085864701], [-50.7087478578467, -8.62895006984828], [-50.6785332289796, -8.57293476217414], [-50.6181039721436, -8.51317600029086], [-50.6105503156005, -8.47582203177321], [-50.6049740360507, -8.46972604179875], [-50.6105503156005, -8.45714368506945]]]}, "properties": {"OBJECTID": 193, "id": null, "name": "The Veiled Isle", "continent": null, "S2": null, "Shape__Area": 9549051935.066895, "Shape__Length": 534227.2444939412}}, {"type": "Feature", "id": 194, "geometry": {"type": "Polygon", "coordinates": [[[-49.493561564449, -10.7555723964604], [-49.4040297876777, -10.6837495396319], [-49.4090282322091, -10.6275834195831], [-49.4037905375714, -10.5633470819687], [-49.3409381983257, -10.5097911742614], [-49.2937989438914, -10.4026094098439], [-49.2219994553828, -10.3832669555225], [-49.2204712153703, -10.3704366810692], [-49.1628565707623, -10.3167967850468], [-49.0528649779806, -10.3275266331169], [-49.0581026726183, -10.375799386003], [-49.1419057913131, -10.4133317857151], [-49.1314304020377, -10.4776464416269], [-49.1680942662983, -10.574055467975], [-49.1811896334223, -10.5838715157185], [-49.2466596894571, -10.6329349346293], [-49.2618631492281, -10.6515737296139], [-49.2728481644423, -10.6650391333148], [-49.3409381983257, -10.7880276509712], [-49.4414589195423, -10.7918266089737], [-49.4795915778014, -10.8339720544764], [-49.5354715234935, -10.8339720544764], [-49.5284865301697, -10.7840871485018], [-49.493561564449, -10.7555723964604]]]}, "properties": {"OBJECTID": 194, "id": 34, "name": "Dustspear", "continent": " ", "S2": null, "Shape__Area": 1063206228.2548828, "Shape__Length": 180775.91208282445}}, {"type": "Feature", "id": 195, "geometry": {"type": "Polygon", "coordinates": [[[-46.9402218700747, -10.4686532067005], [-46.9375532322838, -10.4693358727846], [-46.8893281895554, -10.3994094619773], [-46.8369512404835, -10.4262188734878], [-46.8369512404835, -10.4691017795406], [-46.8551848479635, -10.4989499811029], [-46.852909455773, -10.5008121366357], [-46.8913269177064, -10.5758169418372], [-46.9437143662875, -10.5936684854023], [-46.9751468357954, -10.5508204254431], [-46.9716543395826, -10.4900934277939], [-46.9402218700747, -10.4686532067005]]]}, "properties": {"OBJECTID": 195, "id": 34, "name": "Larazor's Rock", "continent": " ", "S2": null, "Shape__Area": 205206373.34033203, "Shape__Length": 58377.66003825472}}, {"type": "Feature", "id": 196, "geometry": {"type": "Polygon", "coordinates": [[[-47.0519121617873, -9.74140586869603], [-46.9733467386285, -9.76836821198018], [-46.9157320940205, -9.79532465136679], [-46.9419205690056, -9.8599960262708], [-47.0069024347009, -9.85213166079432], [-47.0329727102593, -9.87737091020883], [-47.0923451521642, -9.85222347945303], [-47.0923451521642, -9.77315522534474], [-47.0519121617873, -9.74140586869603]]]}, "properties": {"OBJECTID": 196, "id": 34, "name": "Golden Haven", "continent": " ", "S2": null, "Shape__Area": 203984988.37158203, "Shape__Length": 57465.862080694074}}, {"type": "Feature", "id": 197, "geometry": {"type": "Polygon", "coordinates": [[[-46.8173032212155, -9.32641319085112], [-46.8167741656155, -9.32523855053761], [-46.790547481688, -9.31025502221872], [-46.7152871239528, -9.30350323586708], [-46.6139368885215, -9.33493575437274], [-46.5531267469033, -9.42350302714639], [-46.5514561382913, -9.43009521795637], [-46.5444395835583, -9.43778594860689], [-46.5154823733067, -9.55488350654296], [-46.5148191668954, -9.57352216953801], [-46.564709630465, -9.63768432205817], [-46.6486855401047, -9.66052235804719], [-46.7230685070137, -9.63464083503358], [-46.7380029420183, -9.62944416479614], [-46.7471400553194, -9.62626472366643], [-46.8286056211011, -9.59555331918827], [-46.8400486064303, -9.59123924623451], [-46.8455945705341, -9.58914836591112], [-46.9035089910373, -9.58629309293772], [-46.990380621792, -9.54060546351598], [-47.0772522525468, -9.50919166392496], [-47.1293752317183, -9.46349371596378], [-47.1373509455279, -9.42022156533537], [-47.1181167881962, -9.39510697992626], [-47.0713649735507, -9.38246400433638], [-46.94912759263, -9.36803682757507], [-46.9429901373189, -9.36350831180609], [-46.8340116860742, -9.36350831180609], [-46.8173032212155, -9.32641319085112]]]}, "properties": {"OBJECTID": 197, "id": 34, "name": "Guardian", "continent": " ", "S2": null, "Shape__Area": 1762999531.5078125, "Shape__Length": 176310.65764195364}}, {"type": "Feature", "id": 198, "geometry": {"type": "Polygon", "coordinates": [[[-49.0292945647376, -9.12294952612847], [-48.9726498464132, -9.08515821397527], [-48.9508425062726, -9.05914976910909], [-48.8670393875778, -9.04828381074642], [-48.8460886081286, -9.09717301257124], [-48.8879901670269, -9.15689990823218], [-48.898048893419, -9.16732440780608], [-48.9126687599707, -9.19131090403127], [-48.9019530569838, -9.27177337790427], [-48.9487457539578, -9.33774053467308], [-48.9780262346425, -9.36952081879379], [-48.9865140393681, -9.37873272140324], [-49.0422081676453, -9.39030087566816], [-49.0733810959014, -9.41226818212514], [-49.1678018098761, -9.41226818212514], [-49.18335608602, -9.40750594814995], [-49.2017932670148, -9.41599414350496], [-49.2659993521223, -9.41226818212514], [-49.2962139800911, -9.34519401838473], [-49.2659993521223, -9.31165208513578], [-49.2501657250778, -9.31165208513578], [-49.2093469235578, -9.31165208513578], [-49.1375871810089, -9.28183432877487], [-49.0771579250712, -9.16626664038973], [-49.0292945647376, -9.12294952612847]]]}, "properties": {"OBJECTID": 198, "id": 34, "name": "Grey Gallows", "continent": " ", "S2": null, "Shape__Area": 965643539.3793945, "Shape__Length": 146830.0685496234}}, {"type": "Feature", "id": 199, "geometry": {"type": "Polygon", "coordinates": [[[-47.4980350738318, -8.37415830943789], [-47.4913403603122, -8.35925552103664], [-47.4884446391973, -8.33633519302284], [-47.4884446391973, -8.32200930636764], [-47.4884446391973, -8.27935738850548], [-47.4862576852482, -8.27783988091988], [-47.4879595013331, -8.23531933933376], [-47.4355825522611, -8.17531454590625], [-47.3517794335663, -8.15894459924158], [-47.3292573452766, -8.15894459924158], [-47.3255909594794, -8.15348747343975], [-47.25226323006, -8.1698581355166], [-47.2313124506108, -8.21895725446011], [-47.2575009246977, -8.25713212035056], [-47.2994024844943, -8.33344686167079], [-47.2784517050451, -8.44238705341033], [-47.304640179132, -8.51314720578991], [-47.36225482374, -8.54035196329597], [-47.4565333317102, -8.60018154617231], [-47.4800416480109, -8.6356764399365], [-47.4870467725803, -8.69564331728576], [-47.5412285718053, -8.70937614178785], [-47.5608376652754, -8.71434610486309], [-47.5732303315566, -8.71293268624982], [-47.6361264115702, -8.70575912769125], [-47.6717068078851, -8.71513780033019], [-47.6795622273967, -8.71720838676198], [-47.7316852056699, -8.75155405658221], [-47.7664338581514, -8.75441605292314], [-47.7990176004427, -8.76157245853656], [-47.8185568364246, -8.76586381718122], [-47.8562012100212, -8.79448168519403], [-47.8967413047327, -8.83168160703455], [-47.9575514463509, -8.85743320163323], [-47.9840771345207, -8.88200365225268], [-48.0067787035091, -8.88890492327954], [-48.0473187982206, -8.88604396916633], [-48.0849631718172, -8.85171078053906], [-48.0762760084722, -8.81165134558598], [-48.0444230771056, -8.72007064673674], [-47.9923000988324, -8.66854662026454], [-47.9372813985459, -8.62846749043614], [-47.8677840944811, -8.59983693476047], [-47.8301397208846, -8.56547741217864], [-47.792495347288, -8.47097275773168], [-47.7027279954183, -8.4108213260882], [-47.6592921795918, -8.46238027003136], [-47.58131178516, -8.46446489735662], [-47.5579419441604, -8.40795673866332], [-47.4966212270842, -8.38629126041245], [-47.4980350738318, -8.37415830943789]]]}, "properties": {"OBJECTID": 199, "id": 34, "name": "Scarwood", "continent": " ", "S2": null, "Shape__Area": 2850951242.2436523, "Shape__Length": 294136.3599498826}}, {"type": "Feature", "id": 200, "geometry": {"type": "Polygon", "coordinates": [[[-46.9116323456588, -7.73311803135252], [-46.8906773656874, -7.7185166060855], [-46.7928874609508, -7.75501698384995], [-46.7859024685253, -7.84986829172794], [-46.8417824133191, -7.95922302023251], [-46.904647352335, -7.92278204373196], [-46.9116323456588, -7.73311803135252]]]}, "properties": {"OBJECTID": 200, "id": 34, "name": "Tor", "continent": " ", "S2": null, "Shape__Area": 282978401.62890625, "Shape__Length": 68379.43800381878}}, {"type": "Feature", "id": 201, "geometry": {"type": "Polygon", "coordinates": [[[-46.7404937124847, -7.38954359140274], [-46.7629487604029, -7.50855406646075], [-46.8100880148372, -7.56886269442105], [-46.8677026594453, -7.56338128787905], [-46.8502029423147, -7.49109103561097], [-46.8836860724785, -7.42613969729524], [-46.8801935762658, -7.39320368119432], [-46.8208211343609, -7.35659798421003], [-46.7719261819926, -7.35293682829241], [-46.7404937124847, -7.38954359140274]]]}, "properties": {"OBJECTID": 201, "id": 34, "name": "Felstrong", "continent": " ", "S2": null, "Shape__Area": 268938751.1503906, "Shape__Length": 67495.80575903402}}, {"type": "Feature", "id": 202, "geometry": {"type": "Polygon", "coordinates": [[[-48.3950160094114, -7.35598430777346], [-48.3671141579219, -7.26742442354169], [-48.2047105296698, -7.22246432858924], [-48.1480581020037, -7.1887413223988], [-48.0687447020134, -7.16251058476502], [-48.0271995883317, -7.29739532200276], [-48.0838520159978, -7.40227760661438], [-48.1367276162908, -7.44721954360648], [-48.2047105296698, -7.46594399180602], [-48.2100929824257, -7.46847195298622], [-48.2401383668967, -7.5051859847217], [-48.2500324725214, -7.69805991553633], [-48.2878007579316, -7.77665121084526], [-48.3531492683152, -7.78548032259584], [-48.3708909861934, -7.78787734053767], [-48.4124360998752, -7.71677345637512], [-48.4124360998752, -7.63068434350839], [-48.4502043852854, -7.60073623102075], [-48.476205966674, -7.63353713836859], [-48.4917494998654, -7.65314405191349], [-48.4917494998654, -7.7691669571729], [-48.5823933846703, -7.74297102107013], [-48.6201616700805, -7.67934554937589], [-48.616384841809, -7.61571054933663], [-48.5937238703832, -7.53334535383561], [-48.5672860706859, -7.47717827630774], [-48.5030799855783, -7.39104140563284], [-48.4388738995725, -7.37605936004857], [-48.3950160094114, -7.35598430777346]]]}, "properties": {"OBJECTID": 202, "id": 34, "name": "The Island of Serpents", "continent": " ", "S2": null, "Shape__Area": 2302513173.5759277, "Shape__Length": 249464.73306578933}}, {"type": "Feature", "id": 203, "geometry": {"type": "Polygon", "coordinates": [[[-49.2582568876728, -8.15921438575977], [-49.2657470396135, -8.16030374892371], [-49.3117097193162, -8.28654115234592], [-49.4007505335471, -8.38467049469935], [-49.5107421263288, -8.38467049469935], [-49.5474059914877, -8.33016374257011], [-49.4793159576043, -8.28108725396862], [-49.4478897879814, -8.23744746619341], [-49.4478897879814, -8.20846333544813], [-49.4478897879814, -8.14466212584648], [-49.4558834079096, -8.06130539837079], [-49.4398667104984, -8.03902654391583], [-49.4398667104984, -8.00258309980706], [-49.4922541590794, -7.99164798978552], [-49.4817766695429, -7.96977489298276], [-49.4119267381015, -7.92601719199608], [-49.4050596100312, -7.78610145516774], [-49.3901831001927, -7.73554547554826], [-49.3850374487357, -7.7180538494058], [-49.3274228041276, -7.61939842180804], [-49.2802835505917, -7.58101138126753], [-49.169320922107, -7.56498336977347], [-49.1283903971151, -7.55907063634089], [-49.1147810975288, -7.53185622527781], [-49.0207671200535, -7.48393474518866], [-48.9858421534345, -7.39972541936857], [-48.8974258569722, -7.35026482175953], [-48.8403171767699, -7.30647507357003], [-48.7827025330602, -7.30647507357003], [-48.7565140580751, -7.38340597400239], [-48.7827025330602, -7.41636189117933], [-48.8246040919585, -7.46577949826195], [-48.8088910071471, -7.5426125499699], [-48.8403171767699, -7.6632548946273], [-48.8769810410305, -7.7180538494058], [-48.9293579910008, -7.77830494752688], [-48.9660218552614, -7.87683498912909], [-48.9660218552614, -7.94247850067631], [-48.9660218552614, -8.00808749160901], [-49.0131611096957, -8.08458771922855], [-49.1022019230282, -8.11189785638613], [-49.2218522035414, -8.11651855989464], [-49.2582568876728, -8.15921438575977]]]}, "properties": {"OBJECTID": 203, "id": 34, "name": "Bloodstone", "continent": " ", "S2": null, "Shape__Area": 4482186534.816895, "Shape__Length": 349032.65247518005}}, {"type": "Feature", "id": 204, "geometry": {"type": "Polygon", "coordinates": [[[-47.4786521545907, -7.64877139458161], [-47.4795594485361, -7.64940084864491], [-47.5211045631162, -7.64191434537036], [-47.5097740774033, -7.55955416805325], [-47.5097740774033, -7.49215687312006], [-47.5437655336436, -7.43223940883943], [-47.5966411339366, -7.38355044674402], [-47.6684008764855, -7.28241012320254], [-47.6684008764855, -7.1587632135903], [-47.6627145335505, -7.08353015599364], [-47.6577758197989, -7.0181786333574], [-47.6194607119089, -6.98222519032951], [-47.5600882700041, -7.00425292045047], [-47.5077008214231, -7.02627680260558], [-47.4029259233627, -6.96753789826532], [-47.336568488134, -7.02627680260558], [-47.2283010938609, -7.01526534214196], [-47.2326928764366, -7.02486585228046], [-47.2192690744649, -7.017308052786], [-47.1197528709586, -7.03382130498415], [-47.1202432648655, -7.04257950881781], [-47.1132070792485, -7.04257950881781], [-47.049000994141, -7.09880109451279], [-47.0527778224125, -7.20747663557184], [-47.1245375649614, -7.29364906953632], [-47.1396448789459, -7.35358534061746], [-47.1358680506743, -7.46594399180602], [-47.1320912224028, -7.51087939351805], [-47.169859507813, -7.58950515083854], [-47.2453960786335, -7.64940084864491], [-47.3786995360447, -7.6429560587718], [-47.3868753118546, -7.64877139458161], [-47.4786521545907, -7.64877139458161]]]}, "properties": {"OBJECTID": 204, "id": 34, "name": "Highwatch", "continent": " ", "S2": null, "Shape__Area": 3869637061.411377, "Shape__Length": 257246.54870064862}}, {"type": "Feature", "id": 205, "geometry": {"type": "Polygon", "coordinates": [[[-48.3419624330977, -6.19244442219598], [-48.4096577436521, -6.1951364282038], [-48.5098468032725, -6.19782842048222], [-48.5856655510933, -6.16821575127009], [-48.6181593001594, -6.12783217444985], [-48.6479452368033, -6.03359197807743], [-48.6668999237585, -5.95280161497245], [-48.6560686740698, -5.86391849998587], [-48.6154514877372, -5.8100430387581], [-48.5369249274942, -5.82081854493243], [-48.4908921163173, -5.83698141672495], [-48.4800608666286, -5.82081854493243], [-48.4692296169399, -5.76693895573205], [-48.4635974082805, -5.74888229059977], [-48.4759967472477, -5.72019341954445], [-48.4445642777398, -5.6460516488701], [-48.353759366327, -5.67200617209267], [-48.3293118901428, -5.71278118212953], [-48.2676677292587, -5.73360712679637], [-48.2692495546762, -5.73746152974244], [-48.252604623166, -5.74269146817825], [-48.2444811858995, -5.79387939297056], [-48.2444811858995, -5.8342876370928], [-48.2359191102629, -5.88879841661938], [-48.2309421237886, -5.92048213435969], [-48.190324937456, -5.94472192262585], [-48.1280452517461, -5.95549481936189], [-48.0904402063926, -5.95989504663134], [-48.0820124405691, -5.96088118851643], [-48.0495186915031, -5.99589129716694], [-48.0495186915031, -6.04436312033561], [-48.0874280654135, -6.07667525917321], [-48.1442921262791, -6.10898545820283], [-48.1713702505008, -6.15475489978499], [-48.2390655610552, -6.18167626098778], [-48.3067608716095, -6.20321236382724], [-48.3415646752596, -6.19214023938881], [-48.3419624330977, -6.19244442219598]]]}, "properties": {"OBJECTID": 205, "id": 34, "name": "Pryr", "continent": " ", "S2": null, "Shape__Area": 2614669446.496338, "Shape__Length": 221391.03025026282}}, {"type": "Feature", "id": 206, "geometry": {"type": "Polygon", "coordinates": [[[-46.7822624779261, -5.52172291483179], [-46.6988138685783, -5.4992734656509], [-46.6600776493478, -5.50845385516131], [-46.6194320394213, -5.53373951044638], [-46.6177862162263, -5.54286628972551], [-46.62520935744, -5.62413342022425], [-46.6333327947066, -5.69688784612515], [-46.6631187313505, -5.78849140815635], [-46.68748904315, -5.88008012603269], [-46.7145671673718, -5.94202866547053], [-46.7638566723893, -5.95242774179347], [-46.7733233083978, -5.96134614481896], [-46.8898295006879, -5.96767733657178], [-46.9907640344334, -6.08206042732805], [-47.0232577834995, -6.15475489978499], [-47.0611671574099, -6.21128817572725], [-47.1126155934312, -6.23551486750129], [-47.1613562170303, -6.26512374820274], [-47.1911421536742, -6.31357101710308], [-47.2588374642285, -6.31626239947486], [-47.296746838139, -6.27589019786114], [-47.301744902683, -6.26926600788081], [-47.3211171499385, -6.24359018292225], [-47.375273398382, -6.23551486750129], [-47.470046833158, -6.25166537382721], [-47.4771520965253, -6.2541220666981], [-47.532326518868, -6.2731986062902], [-47.6214408817644, -6.25502787755675], [-47.632978345607, -6.23074048808928], [-47.627099953644, -6.20590431488213], [-47.5783593300449, -6.11437030206871], [-47.4890015201132, -6.07936784998901], [-47.448528631063, -6.07015499748172], [-47.3563187114268, -5.9878122402705], [-47.2940390257168, -5.92856218216053], [-47.2019734033629, -5.8342876370928], [-47.0882452816316, -5.78579739648486], [-46.9559822844235, -5.74551355279337], [-46.9555624729452, -5.7453856845036], [-46.9073696276333, -5.69908652909564], [-46.8770359127021, -5.66994283071286], [-46.8445421636361, -5.59179519233211], [-46.7822624779261, -5.52172291483179]]]}, "properties": {"OBJECTID": 206, "id": 34, "name": "Tyrosh", "continent": " ", "S2": null, "Shape__Area": 4008752252.494385, "Shape__Length": 324014.0414789159}}, {"type": "Feature", "id": 208, "geometry": {"type": "Polygon", "coordinates": [[[5.96402955914454, 20.7001931598256], [6.05512485276954, 20.7894391194143], [6.07422319740666, 20.799775797532], [6.09376382218404, 20.8073868986346], [6.12958830154144, 20.8378274625008], [6.15238569651616, 20.8743480143343], [6.16215600890486, 20.9017326046594], [6.16215600890486, 20.9103881840882], [6.16215600890486, 20.9412792992213], [6.1594771375062, 20.9525375343521], [6.15564246761183, 20.968651663881], [6.13610184283446, 20.9929784481508], [6.07584944182, 21.0313902602019], [6.07240155504597, 21.0369576475457], [6.05468257352762, 21.0507386729971], [6.0270000214602, 21.0887266062501], [6.02868022677439, 21.1075374879663], [6.03025679255588, 21.1251858869763], [6.04093828949345, 21.1301676278173], [6.06608127101498, 21.141893395807], [6.08319254583689, 21.156078953729], [6.08863654486778, 21.2424205777638], [6.0950257359693, 21.2846642302819], [6.11642216693594, 21.3695891469097], [6.11736946286093, 21.3898776129043], [6.07132945348361, 21.4440499924855], [6.04740297590973, 21.4561968509846], [5.96658311196778, 21.4687862087592], [5.94880903138316, 21.48265853009], [5.92586482294491, 21.5312779743917], [5.92777767035807, 21.5441777934835], [5.96085272014282, 21.5806943134418], [6.00803590938105, 21.5982060620566], [6.0225063402869, 21.5999999753618], [6.0906354454953, 21.5883647408724], [6.24476435030552, 21.5986013042479], [6.34151801063264, 21.6255868308567], [6.37564713728359, 21.6255868308567], [6.48696691526398, 21.5832461886049], [6.51574986223191, 21.5832461886049], [6.60166761420727, 21.5832461886049], [6.60182006459922, 21.5831951541652], [6.61957499400029, 21.5737605433171], [6.62461746047224, 21.5710809665736], [6.63927292905528, 21.5604802206464], [6.64904324144398, 21.539276405659], [6.64904324144398, 21.5180694921401], [6.64415808524961, 21.4923140799348], [6.62950261666661, 21.4544301916216], [6.62608219947562, 21.4496549946051], [6.61647553318223, 21.4362424267487], [6.60833360679054, 21.4044083839688], [6.61321876298488, 21.3695345708537], [6.6300114862239, 21.3591087205353], [6.64904324144398, 21.3528528540107], [6.65555678273701, 21.3346524510811], [6.65718516783566, 21.3027963125778], [6.66369871002702, 21.2861070060753], [6.67998256370872, 21.272450710198], [6.68694559591876, 21.2642691903755], [6.71265566950609, 21.2552840402923], [6.86303461824823, 21.2552840402923], [6.88030979698192, 21.2403332583311], [6.88718446910399, 21.2275173645828], [6.88821587159409, 21.2054030008973], [6.79522472578278, 21.070483129313], [6.75669249958022, 20.962576309304], [6.71672612380634, 20.9103175450919], [6.55489663759844, 20.8821899914155], [6.52691433658537, 20.8667402972171], [6.51877241019366, 20.8408711799282], [6.52202918039104, 20.8058647093137], [6.52202918039104, 20.787597235761], [6.52202918039104, 20.780037128195], [6.52202918039104, 20.761714529812], [6.5213022268322, 20.7555966787217], [6.51877241019366, 20.7343044808639], [6.52691433658537, 20.7053662638791], [6.52854272258236, 20.6779460144928], [6.52425490922101, 20.6552119576614], [6.52365756638802, 20.652044564187], [6.51316467164266, 20.6380173221942], [6.51225886800233, 20.6368063546687], [6.47480600444457, 20.6291866770173], [6.2647442889861, 20.6291866770173], [6.18821017497526, 20.6215666178721], [6.14261538412749, 20.6108978950524], [6.10974386384005, 20.5955133682457], [6.07422319740666, 20.5788872439229], [6.03839871894759, 20.5621170796788], [6.00745939668283, 20.5468698767246], [5.97394819955628, 20.5354587620776], [5.95372267854504, 20.5285712262534], [5.92766851247464, 20.5224711899436], [5.92253430465598, 20.526430968344], [5.91192713073176, 20.5346114682485], [5.89998596040725, 20.5438202542606], [5.89347241911426, 20.5636417159488], [5.89489961662358, 20.5983805339776], [5.89510080421292, 20.6032769207944], [5.89702988148834, 20.6133884604801], [5.96402955914454, 20.7001931598256]]]}, "properties": {"OBJECTID": 208, "id": null, "name": null, "continent": null, "S2": null, "Shape__Area": 8115684245.904907, "Shape__Length": 467029.137396497}}, {"type": "Feature", "id": 209, "geometry": {"type": "Polygon", "coordinates": [[[4.38543501071689, 20.2609706385133], [4.38971288511795, 20.272207140187], [4.39521748898949, 20.3548032377343], [4.40744409091067, 20.3920539205551], [4.4172359044757, 20.4218800641297], [4.44475892293516, 20.4218800641297], [4.46697957883621, 20.4135502145704], [4.49980496075237, 20.4012441500534], [4.54934639469804, 20.3702850955925], [4.57365133609436, 20.3702850955925], [4.58361582921318, 20.3458358124893], [4.61540163936006, 20.3444811367843], [4.68145688402204, 20.32383486732], [4.70897990337983, 20.256715469234], [4.72549371409618, 20.1844005761473], [4.74751212958239, 20.1378946992145], [4.82457658198749, 20.0913749752237], [4.83008118585906, 20.0189835015804], [4.78053975191338, 19.9724285135602], [4.74279389743581, 19.8304619413515], [4.74751212958239, 19.6928107390685], [4.70347529950826, 19.6202371418929], [4.69699266115935, 19.6088965637684], [4.66494307330569, 19.5528180146949], [4.6319154509747, 19.4542316884055], [4.54934639469804, 19.449041271238], [4.52455090308797, 19.4626793878284], [4.48329114913772, 19.4853707016135], [4.52732797921182, 19.5476307602307], [4.53675635687075, 19.5950102520431], [4.54384179082647, 19.6306068076134], [4.53283258308336, 19.7394478351555], [4.47778654526615, 19.8378591738938], [4.3317615851791, 19.8836390242648], [4.24933325358494, 19.9625175105819], [4.28127920999077, 20.0960184071755], [4.40267384361422, 20.2045737165664], [4.38543501071689, 20.2609706385133]]]}, "properties": {"OBJECTID": 209, "id": null, "name": null, "continent": null, "S2": null, "Shape__Area": 3881006704.67041, "Shape__Length": 302351.4600800166}}, {"type": "Feature", "id": 210, "geometry": {"type": "Polygon", "coordinates": [[[6.05210321929274, 18.1515563879584], [6.00399409247374, 18.1553659310214], [6.00197228390817, 18.157461721624], [5.99302361110254, 18.1696085300288], [5.97768302979167, 18.186612642443], [5.95936085561116, 18.1990456917946], [5.95083701137472, 18.204829494599], [5.93166128406239, 18.2254729584216], [5.92399099295778, 18.2485421659091], [5.92399099295778, 18.255037628806], [5.92399099295778, 18.2825333111563], [5.93166128406239, 18.3019538325235], [5.95339377477683, 18.3359345057409], [5.95339377477683, 18.3602023275333], [5.97638976929455, 18.4111207075743], [5.98604797373242, 18.4233387357026], [6.00169248474833, 18.4418910949485], [6.00580742990963, 18.4536015619295], [6.01475610271527, 18.4863399289896], [6.02191503952249, 18.4977968792843], [6.02370477552094, 18.5033129178356], [6.03904535683181, 18.531193461227], [6.05055079303955, 18.5421020012023], [6.05993246728688, 18.5446433169302], [6.06844813865083, 18.5469500172446], [6.07324206913145, 18.5481619997526], [6.0755920376602, 18.5487561064015], [6.08762386596319, 18.5517978965145], [6.1144698843801, 18.5748234403291], [6.1231099831907, 18.588277945799], [6.1323672299914, 18.5966342464256], [6.14387266619915, 18.6135962754289], [6.1451510487985, 18.6232881041344], [6.15154295730373, 18.6426701039963], [6.1617519430968, 18.663950087506], [6.16008638481336, 18.671642514316], [6.14003752109599, 18.68263849225], [6.10168606647133, 18.6886934861799], [6.08123195745795, 18.6971701148965], [6.078083068638, 18.701345856314], [6.064462589518, 18.7194067894995], [5.95852495527297, 18.7155477574665], [5.91448812519887, 18.7259745116521], [5.8764360754651, 18.7710157031158], [5.87413410122705, 18.7819130334795], [5.87669086552749, 18.7976463184025], [5.8779692472285, 18.8206384733486], [5.89203144683836, 18.8448373455939], [5.92015584695632, 18.8666133489689], [5.94700186537326, 18.8895960614041], [5.95534944128634, 18.900126410495], [5.96234244758246, 18.9089474785639], [5.96800345263655, 18.9120977480198], [5.97996348578542, 18.9187531412061], [5.9840749382969, 18.921040978257], [6.03904535683181, 18.921040978257], [6.06205623014559, 18.9198316678217], [6.06513455360502, 18.9187531412061], [6.09657253876882, 18.9077380806616], [6.11958341208261, 18.8944341258819], [6.15409972160414, 18.8690327301088], [6.17711059401962, 18.8557257001627], [6.20395661243657, 18.8484668761747], [6.20895543066718, 18.8476784130851], [6.21929719464577, 18.8460471975574], [6.23591615765769, 18.8315283977745], [6.25125673986686, 18.8097478442801], [6.25304624589658, 18.8067363748003], [6.27426761318068, 18.7710198988091], [6.30857459817302, 18.7594186887567], [6.31006230350493, 18.7589155895303], [6.36886786804129, 18.7347043675204], [6.39315712215783, 18.7177544465172], [6.40466255926387, 18.7056463192223], [6.40977608606809, 18.6923263795004], [6.41488961377057, 18.6681056223908], [6.41233284947016, 18.6402474751386], [6.40725212554689, 18.632303841404], [6.36036102891321, 18.543413716352], [6.25577355804863, 18.4494491438214], [6.21504081692949, 18.3669990727159], [6.21504081692949, 18.2788440548784], [6.21112617272033, 18.2566327793141], [6.20907013924075, 18.2509703261372], [6.20523499413762, 18.2376150280385], [6.18478088512421, 18.2181873095601], [6.16432677611083, 18.2011862768274], [6.14770781220061, 18.1878271592154], [6.12725370318722, 18.1671792361103], [6.10052368152798, 18.1548428469089], [6.05210321929274, 18.1515563879584]]]}, "properties": {"OBJECTID": 210, "id": null, "name": null, "continent": null, "S2": null, "Shape__Area": 2794804487.293213, "Shape__Length": 277523.78764500655}}, {"type": "Feature", "id": 211, "geometry": {"type": "Polygon", "coordinates": [[[8.58037595746635, 20.2089590728455], [8.60073475702472, 20.256715469234], [8.57321173766694, 20.3083483558727], [8.53163693825833, 20.3473338866853], [8.49614728526184, 20.3806054705235], [8.45761505905928, 20.4218800641297], [8.46862426680238, 20.4889276658122], [8.54018411533594, 20.5404828061282], [8.61149677894434, 20.5488299442703], [8.62825777548414, 20.5507917505677], [8.67229460555828, 20.5971733909433], [8.73256816638923, 20.6484562905552], [8.73284524724706, 20.6486920013348], [8.76158554669686, 20.6464508154604], [8.79890049190904, 20.6435409249199], [8.80359741871203, 20.6381687404802], [8.84844192585471, 20.5868675777147], [8.8563192031738, 20.4393116983228], [8.85945113359782, 20.4373551846546], [8.90348796367192, 20.4012441500534], [8.97749870196484, 20.3866395897902], [9.00293017743985, 20.3842557182389], [9.0051100185285, 20.3811906868562], [9.00807543453651, 20.3770209743481], [9.02100128417655, 20.3588444465028], [9.02100128417655, 20.3249562447234], [9.00293017743985, 20.2783478448172], [8.99504051504791, 20.2665063354995], [8.9803412949173, 20.2444420232839], [8.9622701890789, 20.214768357615], [8.93290464153011, 20.1490422523668], [8.92612797650383, 20.0960171653607], [8.92135111581025, 20.0758287014903], [8.9125746464513, 20.038729899454], [8.89902131729711, 19.9877903389163], [8.8786913222183, 19.9432047044604], [8.86513799306411, 19.9283400273621], [8.82673689214693, 19.9071023477391], [8.80435480898933, 19.9030937902996], [8.79534946237071, 19.8981128559506], [8.77704135041766, 19.8879859991153], [8.77252357373349, 19.8646184392615], [8.77252357373349, 19.8583526657483], [8.77252357373349, 19.8412474356543], [8.77252357373349, 19.8072471076306], [8.75219357955301, 19.7732395112213], [8.73186358447424, 19.7711137952978], [8.70927470195166, 19.7519810774392], [8.69798026113957, 19.7222145116252], [8.68357276530418, 19.6892739879551], [8.68330381330139, 19.6876279999858], [8.68330381330139, 19.6065014008967], [8.68330381330139, 19.495749042947], [8.67765026606077, 19.4561966547738], [8.64457037525496, 19.4302819193907], [8.42374659745265, 19.2306808887405], [8.42374579795204, 19.2306996193061], [8.41357822898514, 19.2204990703898], [8.3089907581206, 19.147714201241], [8.23743090958704, 19.1269126201137], [8.1822701919423, 19.1429474042169], [8.17652348761012, 19.1646616991327], [8.27045853191803, 19.3140322561871], [8.3640367950395, 19.3971279743044], [8.3970644182688, 19.4801812814752], [8.40807362511361, 19.640975804812], [8.44110124834293, 19.7446288947137], [8.49064268139027, 19.8119673516989], [8.53129017777888, 19.879438143875], [8.52390681396591, 19.9517440508073], [8.51952808750455, 19.966560656], [8.5127514224783, 19.9877903389163], [8.50371586910995, 20.0281188512455], [8.50371586910995, 20.0705587417171], [8.50371586910995, 20.1066236203373], [8.52404586329043, 20.1532834824001], [8.54040218406611, 20.1737553286035], [8.54326486963651, 20.1773380385833], [8.5443758583692, 20.1787284414836], [8.58037595746635, 20.2089590728455]]]}, "properties": {"OBJECTID": 211, "id": null, "name": null, "continent": null, "S2": null, "Shape__Area": 6166606856.214966, "Shape__Length": 463369.9070630837}}, {"type": "Feature", "id": 212, "geometry": {"type": "Polygon", "coordinates": [[[8.76036826570648, 22.4645074279943], [8.76036826570648, 22.4768413782904], [8.76202346641473, 22.4818120410518], [8.76804716895974, 22.4957261078515], [8.77708272142976, 22.508247572187], [8.80720123235815, 22.5152034510892], [8.84786122071906, 22.5179857044794], [8.88701528411751, 22.5179857044794], [8.95327600672264, 22.5193768105858], [8.98188859179023, 22.5263321293935], [9.00012279664991, 22.5368586032295], [9.00598340017361, 22.5402417164158], [9.05718486776371, 22.5444143194549], [9.11139818617719, 22.5374599112641], [9.13134306720544, 22.5270973310522], [9.14868731919798, 22.5180853044473], [9.15958780294395, 22.5124211416936], [9.15958780294395, 22.5026826174301], [9.15657595212061, 22.4706797804912], [9.14868731919798, 22.4548845524398], [9.14754039875226, 22.4525879491248], [9.14868731919798, 22.4458745844587], [9.15205817543644, 22.4261417956274], [9.15205817543644, 22.4010828964442], [9.15958780294395, 22.3788045259038], [9.17916483464316, 22.3579153139883], [9.18399204770505, 22.3549390612184], [9.20627149384988, 22.3412016879371], [9.23681875269708, 22.3179908854801], [9.25027799949496, 22.2980678294517], [9.24576156848707, 22.2311925895454], [9.228497606118, 22.2079460936627], [9.20624116942086, 22.1961710773879], [9.17239702341234, 22.1603537651722], [9.16818661518409, 22.1438886995131], [9.17274492654883, 22.0340715931857], [9.14805930608455, 22.0206570165681], [9.12929049223971, 22.0190752256776], [9.11014357479687, 22.0190752256776], [9.06991538862669, 22.0414498021359], [9.06923227195541, 22.0428066297031], [9.06170264444789, 22.0637428004178], [9.06170264444789, 22.0902574976223], [9.05567894190288, 22.1321126711221], [9.05718486776371, 22.1627985642263], [9.0496552402562, 22.2004493766774], [9.04821264472457, 22.213805263681], [9.04796091073081, 22.2161357444163], [9.04664338943286, 22.2283323596335], [9.02254858104948, 22.2492409595788], [9.01200710182029, 22.2645719483566], [8.9984537726661, 22.2966222258291], [8.99243007012109, 22.3342370858559], [8.93520490088427, 22.367664002738], [8.87082274867599, 22.3792403744004], [8.82677826405735, 22.3871593324215], [8.82249960452877, 22.3882506889118], [8.81021308318149, 22.3969059737173], [8.79063605148228, 22.408044155126], [8.77105901978308, 22.4414533407365], [8.76036826570648, 22.4645074279943]]]}, "properties": {"OBJECTID": 212, "id": null, "name": null, "continent": null, "S2": null, "Shape__Area": 1550948685.8547363, "Shape__Length": 197999.34158993326}}, {"type": "Feature", "id": 214, "geometry": {"type": "Polygon", "coordinates": [[[25.6323348972094, 13.8038200431919], [25.6010047359308, 13.8011511421705], [25.5099606040562, 13.7870042109417], [25.5000885278171, 13.7891956624908], [25.4462421361629, 13.8011483845758], [25.3824988190723, 13.8152972162796], [25.338797635521, 13.8365147156278], [25.3133052785242, 13.8789439073495], [25.3286135393495, 13.9040924880995], [25.4043328185156, 13.9309699751284], [25.4096462842509, 13.9392232953963], [25.4930768823772, 14.0559556303291], [25.5354529610529, 14.0733113857949], [25.5791541446043, 14.1051013058419], [25.6811235725913, 14.1545434797941], [25.7721677044659, 14.2251564868641], [25.8450030106843, 14.2604547266212], [25.9090980721076, 14.2526895885597], [25.9921303356773, 14.239982418699], [26.0198077439914, 14.2357465384698], [26.0525836323287, 14.2145659390291], [26.0780759893254, 14.1474809700341], [26.0780759893254, 14.0839085176315], [26.0416583362162, 14.0273848089555], [25.965181265226, 13.9319694784723], [25.8304359498, 13.8612660194382], [25.6774818069211, 13.8082242860885], [25.6378127375736, 13.8096510463492], [25.6323348972094, 13.8038200431919]]]}, "properties": {"OBJECTID": 214, "id": null, "name": null, "continent": null, "S2": null, "Shape__Area": 2691824715.149414, "Shape__Length": 216594.89410830845}}, {"type": "Feature", "id": 215, "geometry": {"type": "Polygon", "coordinates": [[[25.2695779279469, 11.6825066888895], [25.2774108572371, 11.6872835220507], [25.276887625415, 11.6913825669323], [25.2914546862994, 11.7270423750551], [25.306021748082, 11.7520015004933], [25.3424394011912, 11.7876534688524], [25.3788570534021, 11.8375584458633], [25.4262000026237, 11.8874543139536], [25.4990353079437, 11.9622809586286], [25.5864376750464, 12.0157158954655], [25.6257332329836, 12.0157158954655], [25.6264466668974, 12.0162286014508], [25.7548416110186, 12.0350632396654], [25.8122271232454, 12.0192778484298], [25.8302628336649, 12.0098695106976], [25.8668536020108, 11.9907809083809], [25.8959877246778, 11.9266517971881], [25.8996294894498, 11.8411227393282], [25.8267941841297, 11.7947833083535], [25.6956906334757, 11.7876534688524], [25.6661508801354, 11.780885623225], [25.5973629711589, 11.7163449155219], [25.5763996889576, 11.7129238091018], [25.5536617876075, 11.7092130459782], [25.5208859001686, 11.6949487541319], [25.4881100118313, 11.6664179676429], [25.4516923596204, 11.6378842465106], [25.3824988190723, 11.6343173259761], [25.2878129215274, 11.6343173259761], [25.2695779279469, 11.6424355475224], [25.2695779279469, 11.6825066888895]]]}, "properties": {"OBJECTID": 215, "id": null, "name": null, "continent": null, "S2": null, "Shape__Area": 1795276532.774414, "Shape__Length": 185298.177730801}}, {"type": "Feature", "id": 216, "geometry": {"type": "Polygon", "coordinates": [[[28.6318496319657, 7.59741446393134], [28.5925387056507, 7.51947574698841], [28.5286584502765, 7.43665052741858], [28.4598643294498, 7.38792249700065], [28.3321038187014, 7.25145553380516], [28.2195316203316, 7.2080255144622], [28.2141710397563, 7.20270726661824], [28.1601185161855, 7.13445089401335], [28.0716689326504, 7.05155447921723], [27.9684777509612, 7.05155447921723], [27.8898558983311, 7.07106085958795], [27.8112340457011, 7.10519504045015], [27.7884631016199, 7.14715726950531], [27.7768369848386, 7.16858035824656], [27.7768369848386, 7.2953244629793], [27.7841213929348, 7.32061278386455], [27.7964924484453, 7.36355646436942], [27.871925333919, 7.45260793916677], [27.8972958299559, 7.49446883377939], [28.0323580063354, 7.57306012690622], [28.0913243953588, 7.60228516632295], [28.2092571743038, 7.68020885638346], [28.312448355993, 7.71916535191256], [28.3144368720958, 7.71961319161855], [28.3614617656046, 7.73020367736029], [28.4205534031348, 7.74351133985015], [28.4647781958006, 7.75811825753146], [28.5434000484307, 7.81167260853598], [28.5622341733899, 7.81300541681801], [28.5679693765915, 7.8165408457786], [28.5840511174191, 7.81454930112145], [28.5883319077516, 7.81401917149323], [28.6465912292216, 7.80680431365542], [28.6666283519581, 7.78364369083125], [28.6571209423171, 7.63289973942895], [28.6318496319657, 7.59741446393134]]]}, "properties": {"OBJECTID": 216, "id": null, "name": null, "continent": null, "S2": null, "Shape__Area": 4592404692.188477, "Shape__Length": 286181.05829394585}}, {"type": "Feature", "id": 217, "geometry": {"type": "Polygon", "coordinates": [[[27.8752695263631, 8.34900871523464], [27.9663849485387, 8.32198603255459], [28.0195356120733, 8.3129796351134], [27.9967567565295, 8.25895347598284], [27.9132342850041, 8.24995115269472], [27.829711814377, 8.1869511821103], [27.7917470548377, 8.09700066625499], [27.7310034406529, 8.08800881339311], [27.6778527771183, 8.1419686539868], [27.6550739215744, 8.21394767847891], [27.6854457286668, 8.25895347598284], [27.7841541032892, 8.30397382014833], [27.8752695263631, 8.34900871523464]]]}, "properties": {"OBJECTID": 217, "id": null, "name": null, "continent": null, "S2": null, "Shape__Area": 563062705.7297363, "Shape__Length": 108501.60721086654}}, {"type": "Feature", "id": 218, "geometry": {"type": "Polygon", "coordinates": [[[-10.4055057011633, -31.6935449977782], [-10.3336065903879, -31.7628937234638], [-10.3685315561086, -31.8700105997718], [-10.4383814884483, -31.8343168891618], [-10.4953614760031, -31.7263863413339], [-10.4055057011633, -31.6935449977782]]]}, "properties": {"OBJECTID": 218, "id": 51, "name": "Basilisk Isles", "continent": "Sothyrios", "S2": null, "Shape__Area": 238335438.36376953, "Shape__Length": 62115.511017135446}}, {"type": "Feature", "id": 219, "geometry": {"type": "Polygon", "coordinates": [[[-11.5375210921968, -31.7692794036669], [-11.4392427563722, -31.7430089692289], [-11.3686417902342, -31.7766184966103], [-11.3558052510997, -31.8289658318579], [-11.435575174019, -31.8890946428952], [-11.4531340263464, -31.8960872386185], [-11.4683285353039, -31.906037740512], [-11.5162619911792, -31.9819546914497], [-11.5461417613461, -31.9957401498122], [-11.5703588349312, -32.0069117428723], [-11.5850291652423, -32.0458955083706], [-11.5753112857201, -32.0879842242124], [-11.5657743565406, -32.1292731728647], [-11.5703588349312, -32.1907908046122], [-11.5706901641508, -32.1909507687744], [-11.5545305304048, -32.2300153261486], [-11.5925592868232, -32.2686099892996], [-11.6838283020478, -32.2750408385959], [-11.7446743124969, -32.2428820363313], [-11.7446743124969, -32.1978405801596], [-11.7598858148847, -32.1270160860735], [-11.7827030689154, -32.0625824373574], [-11.7598858148847, -31.9529410209791], [-11.6838283020478, -31.9335789277728], [-11.615376540854, -31.8690091665692], [-11.6001650384663, -31.8237833948002], [-11.5621362820478, -31.7720696579289], [-11.5375210921968, -31.7692794036669]]]}, "properties": {"OBJECTID": 219, "id": 51, "name": "Basilisk Isles", "continent": "Sothyrios", "S2": null, "Shape__Area": 1507662229.416504, "Shape__Length": 192719.36664096988}}, {"type": "Feature", "id": 220, "geometry": {"type": "Polygon", "coordinates": [[[-12.0995605989727, -30.3191680336281], [-12.0358936746139, -30.296659757867], [-12.0215672499363, -30.2037544182524], [-11.906814951763, -30.1495969295474], [-11.7607665716982, -30.1225079523464], [-11.70860643641, -30.1947300643235], [-11.7190384631083, -30.2578846443867], [-11.8538587141986, -30.2578846443867], [-11.9723635933172, -30.3362065186793], [-12.0907151470848, -30.4143701693087], [-12.0632953585262, -30.5011340499557], [-12.1467515748078, -30.5461199246366], [-12.2797032932763, -30.5592613036787], [-12.3762561711542, -30.5551148423352], [-12.4597123883342, -30.4831344307427], [-12.4075522530459, -30.4291174917241], [-12.282367927276, -30.3119876354717], [-12.0995605989727, -30.3191680336281]]]}, "properties": {"OBJECTID": 220, "id": 51, "name": "Skull Island", "continent": "Sothoryos", "S2": null, "Shape__Area": 1709361775.3867188, "Shape__Length": 229694.63518288938}}, {"type": "Feature", "id": 221, "geometry": {"type": "Polygon", "coordinates": [[[-14.4706409984525, -31.8331638332027], [-14.4523217698478, -31.7397338824906], [-14.3610527546233, -31.6879731561549], [-14.2621779877557, -31.7073868146817], [-14.2773894901434, -31.7720696579289], [-14.3078124949188, -31.8173207601136], [-14.3950486422529, -31.8686255097766], [-14.4066872617864, -31.8754681810081], [-14.4111057818182, -31.891413640307], [-14.4371102674601, -31.9852021082043], [-14.4675332722355, -32.069027847279], [-14.5207735310416, -32.1141329925086], [-14.6016634932202, -32.1331624131116], [-14.6163625435692, -32.1506405688534], [-14.6299263758257, -32.1522863799892], [-14.695705810746, -32.1978405801596], [-14.7565518211952, -32.1849674948829], [-14.7565518211952, -32.13345695121], [-14.7109173131337, -32.0496902557057], [-14.6120425462662, -31.9658468161464], [-14.4706409984525, -31.8331638332027]]]}, "properties": {"OBJECTID": 221, "id": 51, "name": "Basilisk Isles", "continent": "Sothyrios", "S2": null, "Shape__Area": 1236647446.3173828, "Shape__Length": 187500.72851643243}}, {"type": "Feature", "id": 222, "geometry": {"type": "Polygon", "coordinates": [[[-13.2940291080582, -32.5366851851037], [-13.2879496937959, -32.5309694400976], [-13.3038533256522, -32.4934181693132], [-13.2734303208768, -32.4485012994272], [-13.1669498023662, -32.4164041058868], [-13.1061037928154, -32.4420827752476], [-13.0984980411724, -32.5190748894022], [-13.1289210459478, -32.5379751553618], [-13.1289210459478, -32.6152223467552], [-13.1441325492338, -32.666458830841], [-13.2277958128153, -32.666458830841], [-13.3038533256522, -32.6408442569031], [-13.3114590772952, -32.5895931019078], [-13.2817665672375, -32.560401347681], [-13.2940291080582, -32.5366851851037]]]}, "properties": {"OBJECTID": 222, "id": 51, "name": "Basilisk Isles", "continent": "Sothyrios", "S2": null, "Shape__Area": 593671269.4980469, "Shape__Length": 98605.16111027294}}, {"type": "Feature", "id": 223, "geometry": {"type": "Polygon", "coordinates": [[[-16.9736283200297, -35.2497345953083], [-16.9756220607343, -35.2323655168514], [-16.972299160159, -35.2133638274777], [-16.9665596504339, -35.1974683781863], [-16.9649887772763, -35.1758903256506], [-16.9550200746521, -35.1585054437845], [-16.9417284705542, -35.1470945958467], [-16.9104932001157, -35.146007764649], [-16.8659663264777, -35.1481814117956], [-16.8154582307262, -35.146007764649], [-16.7928625030412, -35.1519851547839], [-16.7828938004169, -35.1791495773131], [-16.7822292195832, -35.1921852763751], [-16.7902041824012, -35.2095629558788], [-16.8021666266283, -35.2220508660859], [-16.8320727353994, -35.230736974918], [-16.8559976229552, -35.2296512618894], [-16.8752704491666, -35.2383365570851], [-16.8859037326245, -35.2611310320313], [-16.932424346967, -35.2725258655614], [-16.9736283200297, -35.2497345953083]]]}, "properties": {"OBJECTID": 223, "id": 51, "name": "Basilisk Isles", "continent": "Sothyrios", "S2": null, "Shape__Area": 267998435.18164062, "Shape__Length": 64926.2788856203}}, {"type": "Feature", "id": 224, "geometry": {"type": "Polygon", "coordinates": [[[-16.1169866589833, -33.805042410573], [-16.1255870522583, -33.8872724986032], [-16.1712215594214, -33.9440778497334], [-16.2287465494691, -33.9746094303304], [-16.3125664675581, -33.9687666026341], [-16.3081250827074, -33.8809584554909], [-16.1938215837484, -33.7991906473626], [-16.1169866589833, -33.805042410573]]]}, "properties": {"OBJECTID": 224, "id": 51, "name": "Basilisk Isles", "continent": "Sothyrios", "S2": null, "Shape__Area": 357294733.93847656, "Shape__Length": 74359.79832172759}}, {"type": "Feature", "id": 225, "geometry": {"type": "Polygon", "coordinates": [[[-17.1644336017341, -34.2668114441584], [-17.083582290469, -34.263072383707], [-17.0687002110758, -34.2589724622983], [-17.062120662474, -34.2620798379586], [-17.0511852881624, -34.2672441197164], [-17.0154599522697, -34.2841133668949], [-17.0382772063004, -34.3280918559968], [-17.1015829486262, -34.3847086105645], [-17.0839117134635, -34.4097050581026], [-17.1523634755557, -34.4724303169533], [-17.2740554955556, -34.497507231334], [-17.3805360140662, -34.5225766054119], [-17.4413820245153, -34.5852170359307], [-17.4870165316784, -34.5789551158675], [-17.4827436123845, -34.5226466744589], [-17.4964998979109, -34.5081754224748], [-17.4899025545816, -34.4478855177557], [-17.4870769245167, -34.4342484747652], [-17.3054671016911, -34.3616572334763], [-17.1644336017341, -34.2668114441584]]]}, "properties": {"OBJECTID": 225, "id": 51, "name": "Basilisk Isles", "continent": "Sothyrios", "S2": null, "Shape__Area": 1055884103.8505859, "Shape__Length": 154863.76065538227}}, {"type": "Feature", "id": 226, "geometry": {"type": "Polygon", "coordinates": [[[-17.5992671906687, -35.4172193790773], [-17.60350514843, -35.4058017477974], [-17.6771603137705, -35.3642289982554], [-17.6467373089951, -35.2773485929429], [-17.6391315573521, -35.2028054112232], [-17.5706797961583, -35.1592902584487], [-17.5580025849175, -35.1903772393395], [-17.5429800269801, -35.186152295086], [-17.5231752849328, -35.2231223642389], [-17.5075399618857, -35.2549235440647], [-17.4971164125887, -35.2815604627149], [-17.4974150655897, -35.2839549046377], [-17.4814810895415, -35.2978830230068], [-17.4502104434472, -35.3288031166764], [-17.4262362815013, -35.3537044422513], [-17.43561747515, -35.3803166620162], [-17.4543798633456, -35.4189354735097], [-17.467720230692, -35.4305889509341], [-17.4718050292907, -35.4572114999798], [-17.5098337857092, -35.5315202232207], [-17.6011028009337, -35.5315202232207], [-17.5846547082686, -35.4377677959016], [-17.5992671906687, -35.4172193790773]]]}, "properties": {"OBJECTID": 226, "id": 51, "name": "Basilisk Isles", "continent": "Sothyrios", "S2": null, "Shape__Area": 789603189.8530273, "Shape__Length": 129361.86023328622}}, {"type": "Feature", "id": 227, "geometry": {"type": "Polygon", "coordinates": [[[-20.2614090437098, -36.2054023455308], [-20.2090215942304, -36.1283368766063], [-20.1039379910209, -36.0590309402614], [-19.9354070754885, -36.0419988169391], [-19.8752224352942, -36.0559017192073], [-19.8980396884266, -36.117365866549], [-20.0653662173863, -36.1419380662753], [-20.177577518489, -36.1917616805057], [-20.1990342335977, -36.2118876465946], [-20.2379974193713, -36.2197464942563], [-20.2614090437098, -36.2054023455308]]]}, "properties": {"OBJECTID": 227, "id": 51, "name": "Basilisk Isles", "continent": "Sothyrios", "S2": null, "Shape__Area": 461159027.4609375, "Shape__Length": 106529.17548027495}}, {"type": "Feature", "id": 228, "geometry": {"type": "Polygon", "coordinates": [[[-19.3007508549422, -35.0210653132377], [-19.2819738349872, -35.0021027885447], [-19.2819738349872, -34.9288949819388], [-19.1955725001315, -34.8225702905784], [-19.1962823704286, -34.8161597941359], [-19.1861413691362, -34.7828504943481], [-19.1374645600582, -34.722859847783], [-19.1450703117012, -34.6665790527273], [-19.0538012964767, -34.6540670130155], [-19.0157725400583, -34.70410383547], [-19.0566414594863, -34.7578439209983], [-19.0410939243003, -34.7707214221877], [-19.0966818914739, -34.8619953147107], [-19.105171045469, -34.8680157128385], [-19.1959759568818, -35.0210653132377], [-19.2623333921104, -35.0556874893357], [-19.3007508549422, -35.0210653132377]]]}, "properties": {"OBJECTID": 228, "id": 51, "name": "Basilisk Isles", "continent": "Sothyrios", "S2": null, "Shape__Area": 689186240.840332, "Shape__Length": 136211.90158144644}}, {"type": "Feature", "id": 230, "geometry": {"type": "Polygon", "coordinates": [[[-20.6505231484486, -34.4275665971671], [-20.607000647892, -34.3806072505192], [-20.5098394039542, -34.3705078569255], [-20.4601351719228, -34.3653409973695], [-20.3767467820385, -34.3046434995293], [-20.3142054898498, -34.2612670147222], [-20.2558336166612, -34.2421757784302], [-20.2037158737695, -34.2473828171968], [-20.1953770348709, -34.2959696115636], [-20.2600030365597, -34.3393320073833], [-20.2766807143569, -34.4069422137353], [-20.3225443287484, -34.4467948489866], [-20.4418508356804, -34.4686815582935], [-20.4650806679549, -34.4871285978193], [-20.5785777717411, -34.4796851145332], [-20.6505231484486, -34.4275665971671]]]}, "properties": {"OBJECTID": 230, "id": 51, "name": "Basilisk Isles", "continent": "Sothoryos", "S2": null, "Shape__Area": 778275017.7626953, "Shape__Length": 131882.55904377135}}, {"type": "Feature", "id": 231, "geometry": {"type": "Polygon", "coordinates": [[[-18.8761972447593, -34.0509485339905], [-18.8712632651293, -34.0427167699473], [-18.8712632651293, -33.9945396939358], [-18.8560517627416, -33.9251469401029], [-18.8408402603539, -33.8493812332768], [-18.8378613570402, -33.8431960255676], [-18.8464233949476, -33.8022924954604], [-18.7901839003596, -33.7497244247963], [-18.8076103508956, -33.6726426009735], [-18.8993546836016, -33.6528207679114], [-18.9423613562506, -33.6278884741688], [-18.987475567286, -33.5875796660487], [-19.0538012964767, -33.5583236158912], [-19.0994358036398, -33.4885769192062], [-19.1754933164767, -33.4695453336147], [-19.1754933164767, -33.3806760152619], [-19.1222530576705, -33.3298527200301], [-18.9777437836398, -33.3425613255624], [-18.8180230063232, -33.4441633842274], [-18.757176995874, -33.5076043233502], [-18.7039367370679, -33.5202869355878], [-18.5974562194557, -33.4822335216395], [-18.5290044573635, -33.4568552876937], [-18.3540721785574, -33.4505095677571], [-18.3296537134654, -33.4505095677571], [-18.2932261681083, -33.3679729739076], [-18.2971758232573, -33.3514785300722], [-18.308437670496, -33.3044299472695], [-18.3124031539603, -33.2895147184422], [-18.3236491728837, -33.2472016071684], [-18.2551974116899, -33.2217547518541], [-18.042236375567, -33.2217547518541], [-17.8825155982503, -33.2281171595384], [-17.7760350806381, -33.2026647509998], [-17.6695545630258, -33.2535621641711], [-17.6163143033214, -33.2662818884705], [-17.5402567904846, -33.3107863351853], [-17.4870165316784, -33.3933772011829], [-17.5022280340661, -33.4568552876937], [-17.585891298546, -33.4949198521674], [-17.6619488113828, -33.5393073680332], [-17.7220416922641, -33.5393073680332], [-17.7285386102328, -33.5411225306068], [-17.7532178266074, -33.6849915747302], [-17.7836408322811, -33.8241110485629], [-17.8749098475056, -33.8620135234734], [-17.9966018675056, -33.8683289682568], [-18.0954766343732, -33.8746439458585], [-18.1289659269798, -33.8796992114575], [-18.2277889562769, -33.9101144524642], [-18.3071858897071, -33.9432685747624], [-18.560445162626, -33.9589323424394], [-18.5486848950334, -34.0178277852536], [-18.5718423338757, -34.0288691747561], [-18.6512392673059, -34.05646766172], [-18.743869022675, -34.0840590294962], [-18.8431151890137, -34.1006104341713], [-18.8761972447593, -34.0509485339905]]]}, "properties": {"OBJECTID": 231, "id": 51, "name": "Basilisk Isles", "continent": "Sothyrios", "S2": null, "Shape__Area": 11654254326.953613, "Shape__Length": 573697.7442451954}}, {"type": "Feature", "id": 232, "geometry": {"type": "Polygon", "coordinates": [[[-20.4079028749678, -33.4992254481557], [-20.4608652839582, -33.5139458614845], [-20.5280164966231, -33.5440876822566], [-20.5597400508258, -33.5583236158912], [-20.6434033144073, -33.5900080598019], [-20.7803068376933, -33.6090131422798], [-20.8703480616387, -33.6222455517796], [-20.9096046093363, -33.6280140366254], [-20.9460250166801, -33.6280140366254], [-21.0008736245608, -33.6280140366254], [-21.0583298153359, -33.5861430548264], [-21.06171963501, -33.5836721011498], [-21.0845368890407, -33.5393073680332], [-21.0845368890407, -33.5010895731347], [-21.0604170248474, -33.4682177826694], [-21.0414770549915, -33.4492418856983], [-21.0084793762038, -33.3298527200301], [-20.9096046093363, -33.2980730952763], [-20.7346723296319, -33.2980730952763], [-20.5901630556012, -33.3044299472695], [-20.4850979954159, -33.2971121659496], [-20.4076250251521, -33.2917157800009], [-20.3676759410491, -33.2844561499836], [-20.2326927454477, -33.2599222574526], [-20.1490294809679, -33.2281171595384], [-20.0301705497447, -33.2336405941291], [-20.0121259576819, -33.2344791051829], [-19.9856288323449, -33.2292640991526], [-19.8828281860389, -33.2090285475401], [-19.8219821755898, -33.2599222574526], [-19.8371936788758, -33.3743247261167], [-19.9893087045495, -33.3870268397986], [-20.1101784812985, -33.4038457020695], [-20.1870582373863, -33.4378167356495], [-20.3315675123153, -33.4758896602606], [-20.4079028749678, -33.4923958244805], [-20.4079028749678, -33.4992254481557]]]}, "properties": {"OBJECTID": 232, "id": 51, "name": "Basilisk Isles", "continent": "Sothoryos", "S2": null, "Shape__Area": 4232967636.6132812, "Shape__Length": 334286.7903064388}}, {"type": "Feature", "id": 233, "geometry": {"type": "Polygon", "coordinates": [[[-19.0288659219055, -31.7261740630918], [-19.1374645600582, -31.7138571316333], [-19.1678875657319, -31.6750284608724], [-19.161158865352, -31.6463920792767], [-19.160653327646, -31.6442402270955], [-19.1602818140889, -31.6426588274493], [-19.1558851527629, -31.6421241065519], [-19.0803166495291, -31.6085802906576], [-18.9645294553177, -31.5690312955144], [-18.8818243159536, -31.546425336402], [-18.7494960938693, -31.5633802513875], [-18.6975616629911, -31.5937937533237], [-18.5898504678126, -31.597322403254], [-18.3921009349758, -31.6038003877276], [-18.3464664269144, -31.6556080338099], [-18.2503843201442, -31.6728247163763], [-18.2108955354878, -31.6798996751279], [-18.2019571528837, -31.6815010345138], [-18.1106881367609, -31.6879731561549], [-18.0802651319855, -31.7656034069943], [-18.0802651319855, -31.8948425068137], [-18.0641417021421, -31.9191754711698], [-18.021690872855, -31.9272657701341], [-17.9621431732314, -31.9610530781657], [-17.9257529115519, -31.980757441654], [-17.9092118836791, -32.0314092376978], [-17.8364313621166, -32.0764130450315], [-17.7994815569146, -32.0927449089457], [-17.715189070189, -32.1270160860735], [-17.6467373089951, -32.1978405801596], [-17.6467373089951, -32.2557469241784], [-17.7532178266074, -32.287901168897], [-17.8064580854135, -32.294330650564], [-17.8825155982503, -32.3521754578879], [-17.9737846143732, -32.4099832967637], [-18.04984212721, -32.4099832967637], [-18.0954766343732, -32.4420827752476], [-18.1006797196179, -32.4581818949427], [-18.1182938884039, -32.5126613955598], [-18.0897902761668, -32.527955933048], [-18.0968025881567, -32.5348046820595], [-17.9966018675056, -32.5703663581412], [-17.9966018675056, -32.6216285115893], [-18.0042076191486, -32.6600558751731], [-18.0270248731793, -32.7048669272035], [-18.0270248731793, -32.7688436944214], [-18.0802651319855, -32.8072077020958], [-18.1943514012407, -32.8072077020958], [-18.2704089140776, -32.7816335352213], [-18.300831918853, -32.7048669272035], [-18.3002270014255, -32.696722287134], [-18.3061965499319, -32.6961107304511], [-18.311690807008, -32.646567594256], [-18.3161211668352, -32.6066012909791], [-18.3223696323559, -32.5762064896889], [-18.300831918853, -32.5126613955598], [-18.2551974116899, -32.3971403065154], [-18.1943514012407, -32.3328979611409], [-18.1335053907916, -32.300759675498], [-18.0650536295977, -32.2686099892996], [-18.0878708836285, -32.2107118444704], [-18.1335053907916, -32.1785302691248], [-18.1385294660547, -32.1742778287857], [-18.179139898853, -32.1398973608356], [-18.2399859093022, -32.0948049423885], [-18.3236491728837, -32.0561365739906], [-18.3997066857205, -32.0239004435134], [-18.4833699502004, -31.9335789277728], [-18.4833699502004, -31.8999579479723], [-18.5309285085649, -31.8682281350766], [-18.5367240704688, -31.8681157793524], [-18.5476955552581, -31.8512055013861], [-18.5845147085869, -31.8228255147741], [-18.77238849916, -31.8173207601136], [-18.7969223600368, -31.8075097737509], [-18.8342988488292, -31.8156283332036], [-18.8851325218874, -31.8004687571077], [-18.9579130443482, -31.7779114078169], [-19.0174607439717, -31.7553493255266], [-19.0288659219055, -31.7261740630918]]]}, "properties": {"OBJECTID": 233, "id": 51, "name": "Basilisk Isles", "continent": "Sothyrios", "S2": null, "Shape__Area": 8124645255.854492, "Shape__Length": 609404.3397606788}}, {"type": "Feature", "id": 234, "geometry": {"type": "Polygon", "coordinates": [[[-18.6680181286418, -32.3566407151686], [-18.6413146504025, -32.3038102955241], [-18.6876295280871, -32.298198776788], [-18.6952737312176, -32.2940035659058], [-18.7081016303556, -32.2869631242351], [-18.743869022675, -32.2673301671373], [-18.7968003113291, -32.2364526569358], [-18.7802592834563, -32.2083744650568], [-18.6942459399549, -32.1887153494696], [-18.6387287573307, -32.2030597314885], [-18.6181572115602, -32.2083744650568], [-18.5867594502599, -32.2172581468402], [-18.528835662125, -32.2336451686936], [-18.5308489663397, -32.3019674032103], [-18.515602840186, -32.320643087926], [-18.5122946342521, -32.365517605978], [-18.528835662125, -32.4047673930646], [-18.5718423338757, -32.4608135812878], [-18.6214654174941, -32.5336298195849], [-18.6346982394331, -32.4916264917673], [-18.690937734021, -32.4019643137645], [-18.6680181286418, -32.3566407151686]]]}, "properties": {"OBJECTID": 234, "id": 51, "name": "Basilisk Isles", "continent": "Sothyrios", "S2": null, "Shape__Area": 678788548.8505859, "Shape__Length": 129695.7857894766}}, {"type": "Feature", "id": 236, "geometry": {"type": "Polygon", "coordinates": [[[-16.5468402466974, -32.0953791033855], [-16.540852782191, -32.0547911392019], [-16.5495504800793, -31.9678658724986], [-16.5419745839447, -31.9569564517336], [-16.5509792298774, -31.9356093098916], [-16.5286918704732, -31.8173207601136], [-16.5210861188302, -31.7203269963296], [-16.5841018544396, -31.6029968994501], [-16.5721101152528, -31.5497442892945], [-16.5070842635496, -31.5374003934752], [-16.4754516107688, -31.5065833389601], [-16.4293197091278, -31.5037739289923], [-16.408589577472, -31.5025114469951], [-16.3689710931565, -31.5000986013735], [-16.3765768447996, -31.5908439682117], [-16.406999849575, -31.6426588274493], [-16.4374228543504, -31.7203269963296], [-16.4325977469395, -31.7470014682748], [-16.4274620101882, -31.7753847391713], [-16.4222113519627, -31.8043941346433], [-16.4226968257967, -31.806044443314], [-16.3993940979319, -31.8431685837689], [-16.406999849575, -32.0754728021835], [-16.4602401083811, -32.1527768171611], [-16.537774465918, -32.1308931665001], [-16.5468402466974, -32.0953791033855]]]}, "properties": {"OBJECTID": 236, "id": 51, "name": "Basilisk Isles", "continent": "Sothyrios", "S2": null, "Shape__Area": 1254049425.699707, "Shape__Length": 201663.56040652806}}, {"type": "Feature", "id": 237, "geometry": {"type": "Polygon", "coordinates": [[[-16.140798554646, -33.2408405879916], [-16.1531693550349, -33.2411362047566], [-16.2092503158399, -33.2980730952763], [-16.3005193319627, -33.3870268397986], [-16.3309423367381, -33.5012623197306], [-16.3385480883811, -33.5836721011498], [-16.3613653415135, -33.6090131422798], [-16.4298171036057, -33.60267858041], [-16.4754516107688, -33.5329676885313], [-16.4802446007133, -33.4870097251165], [-16.5310821230526, -33.4484272065317], [-16.5476231509254, -33.3956803488911], [-16.5575477678288, -33.3262369427843], [-16.5600401202283, -33.3023723815532], [-16.5591148752486, -33.2853580022388], [-16.5630881138688, -33.2731786156266], [-16.5819321292794, -33.215391880672], [-16.7188356525653, -33.1835705866399], [-16.7948931654022, -33.1644722599871], [-16.8937679313714, -33.1326324695782], [-16.9622196934636, -33.094409472196], [-17.0458829570451, -33.0497949616219], [-17.1067289674942, -32.9860207203922], [-17.1523634755557, -32.8455551569903], [-17.1295462215249, -32.7688436944214], [-17.0534887086881, -32.7688436944214], [-16.9013736830144, -32.8008148497399], [-16.8253161701776, -32.8327745117591], [-16.6960183985346, -32.8263834995512], [-16.6199608856978, -32.8263834995512], [-16.5819321292794, -32.8327745117591], [-16.5159742718756, -32.8549403536975], [-16.5156042540134, -32.8327745117591], [-16.5134803671872, -32.8327745117591], [-16.5154478869669, -32.8234057635735], [-16.5187795946253, -32.8075389025711], [-16.5362976212179, -32.7240647794781], [-16.5971436316671, -32.6600558751731], [-16.6427781397285, -32.6152223467552], [-16.6960183985346, -32.5767757305807], [-16.7416529056977, -32.5190748894022], [-16.7462744368989, -32.5047849998389], [-16.7644701597284, -32.4485012994272], [-16.72644140331, -32.3907181270034], [-16.6123551340548, -32.384295490033], [-16.5286918704732, -32.384295490033], [-16.4830573624118, -32.454919367232], [-16.4298171036057, -32.5062474448637], [-16.3962303267227, -32.5274885587691], [-16.3689710931565, -32.5447242861896], [-16.3081250827074, -32.4741708266119], [-16.2853078286767, -32.365024840163], [-16.2472790722583, -32.249314708451], [-16.2472790722583, -32.1398973608356], [-16.256017594983, -32.1324977018548], [-16.2472790722583, -31.9658468161464], [-16.2399011450494, -31.8625125114938], [-16.2320675698705, -31.7526695479538], [-16.2320675698705, -31.6750284608724], [-16.148404306289, -31.6879731561549], [-16.0419237877785, -31.8302455771324], [-16.00389503136, -31.9335789277728], [-16.00389503136, -32.0754728021835], [-16.0647410418092, -32.2300153261486], [-16.1241728398964, -32.3242305071349], [-16.1241728398964, -32.3576747882017], [-16.133192803003, -32.3662756191661], [-16.133192803003, -32.4741708266119], [-16.133192803003, -32.5447242861896], [-16.1103755498706, -32.58318464569], [-16.097395560565, -32.5802017572162], [-16.0267122853907, -32.5639565269048], [-15.9671967319797, -32.5000948627654], [-15.9430490209109, -32.4741708266119], [-15.8974145137478, -32.4420827752476], [-15.8441742549417, -32.4677541304933], [-15.8365685032987, -32.5703663581412], [-15.8669915080741, -32.6600558751731], [-15.9202317677785, -32.7560520156256], [-15.9506547725539, -32.8647226746703], [-15.9506547725539, -32.9349681279961], [-15.9886835289723, -32.9987792585143], [-16.0495295394215, -33.094409472196], [-16.0495295394215, -33.1647269322071], [-16.0781233128687, -33.2058869845782], [-16.140798554646, -33.2408405879916]]]}, "properties": {"OBJECTID": 237, "id": 51, "name": "Basilisk Isles", "continent": "Sothyrios", "S2": null, "Shape__Area": 13470833705.634766, "Shape__Length": 814011.1260001771}}, {"type": "Feature", "id": 238, "geometry": {"type": "Polygon", "coordinates": [[[-75.1661611355987, -11.5908262268903], [-75.1319352550018, -11.5945515274662], [-75.1129208767926, -11.6318017957618], [-75.1053151251496, -11.6578740181243], [-75.1053151251496, -11.6802196900234], [-75.0939064985834, -11.713734818615], [-75.0786949952974, -11.7658613815337], [-75.0786949952974, -11.7993661016864], [-75.0863007469404, -11.8440326938175], [-75.1395410057465, -11.8551982027021], [-75.1699640114202, -11.8365887685661], [-75.1889783896294, -11.7770300753214], [-75.2194013944049, -11.7435226330192], [-75.2612330266448, -11.7211820737989], [-75.2536272750018, -11.6727713333155], [-75.2155985185833, -11.6355265488652], [-75.1661611355987, -11.5908262268903]]]}, "properties": {"OBJECTID": 238, "id": null, "name": "Mermaid's Palace", "continent": null, "S2": null, "Shape__Area": 376882474.22265625, "Shape__Length": 79926.21970875065}}, {"type": "Feature", "id": 239, "geometry": {"type": "Polygon", "coordinates": [[[-73.4852901015452, -12.8915400377709], [-73.4472613451268, -12.861882115412], [-73.3902182104992, -12.8396363721808], [-73.3674009564684, -12.843344133005], [-73.3521894540807, -12.8544670863253], [-73.3255693251268, -12.8692969245169], [-73.3179635734838, -12.8915400377709], [-73.3179635734838, -12.9249010008659], [-73.3407808275145, -12.9508453361603], [-73.3826124597545, -12.9767869692441], [-73.4016268379637, -12.9879039845572], [-73.4548670967698, -12.9879039845572], [-73.4852901015452, -12.9582575068186], [-73.4852901015452, -12.8915400377709]]]}, "properties": {"OBJECTID": 239, "id": null, "name": "Isle of Pigs", "continent": null, "S2": null, "Shape__Area": 241219119.640625, "Shape__Length": 57079.81034052609}}, {"type": "Feature", "id": 240, "geometry": {"type": "Polygon", "coordinates": [[[-43.6533451516078, -12.6947079586469], [-43.6613473540402, -12.7068512490075], [-43.6776325372286, -12.7315621163236], [-43.6857283324355, -12.7710427716677], [-43.7289059077706, -12.8210427476672], [-43.7801792774144, -12.86840198939], [-43.8368498447611, -12.9104915871153], [-43.8881232144049, -12.9394240763098], [-43.9474923801539, -12.9657234277645], [-43.9960671513953, -12.9815017044963], [-44.0311489315236, -13.0025378485701], [-44.0662307107536, -13.0340887201527], [-44.1064305218388, -13.0520382841013], [-44.1309970724089, -13.0630068207715], [-44.2146536237786, -13.1024351347958], [-44.2395242226312, -13.135205415884], [-44.2605297975161, -13.1628796141823], [-44.3580739258859, -13.2025700801266], [-44.4413358913687, -13.2364440676178], [-44.4629246794855, -13.2522049933629], [-44.562772821269, -13.3126124080839], [-44.6039437453124, -13.3456045246143], [-44.6086489941082, -13.3493747658119], [-44.6356349781312, -13.3598772692888], [-44.7116109005841, -13.372196930997], [-44.7327845215125, -13.3756301680438], [-44.7361827575025, -13.3787709004877], [-44.7867564904569, -13.4255075454972], [-44.8299340648937, -13.4779988535995], [-44.9135906162635, -13.4360067268105], [-44.9210228214784, -13.4070898395999], [-44.9297822066773, -13.3730047565472], [-44.9513709938957, -13.3099863116149], [-44.9621653875049, -13.2233091837213], [-44.9594667891026, -13.1681349521234], [-44.9432751986888, -13.0262013789174], [-44.9621653875049, -12.9420541362762], [-44.9810555772194, -12.8894476726811], [-44.9972471676332, -12.8105172607698], [-44.986452774024, -12.7131357059842], [-44.9405766002865, -12.6315169843495], [-44.9243850098727, -12.6078163377728], [-44.8904521965524, -12.586163575778], [-44.8542214505145, -12.5630424694504], [-44.8299340648937, -12.5630424694504], [-44.7516747103286, -12.5841134981633], [-44.7165929310987, -12.6262503637178], [-44.6912261073746, -12.647194665784], [-44.6815111518687, -12.6552154349176], [-44.6610586149071, -12.6664402487393], [-44.6383335765335, -12.6789116838739], [-44.5816630100852, -12.6947079586469], [-44.5492798283592, -12.728929853915], [-44.5424403558232, -12.7402196343525], [-44.5007050571177, -12.7657790402384], [-44.3738709313111, -12.8026228570319], [-44.2902143799414, -12.7973597838737], [-44.2173522221809, -12.7868333081479], [-44.1633802541348, -12.7684109196512], [-44.0905180963743, -12.739458739593], [-44.0230531354184, -12.6947079586469], [-43.9782729808877, -12.6831438879963], [-43.939396584947, -12.636783496493], [-43.8881232144049, -12.5946483640435], [-43.8341512463588, -12.5577744423204], [-43.8179596550467, -12.4919150122862], [-43.8395484431634, -12.4128615593583], [-43.844945639968, -12.344329137519], [-43.8368498447611, -12.2625939586562], [-43.8557400335772, -12.1148791600647], [-43.8098638598398, -12.0462694306929], [-43.7612890885983, -11.9776421634282], [-43.7019199228493, -11.9063569249495], [-43.6263591675848, -11.8641049878394], [-43.5642914034335, -11.8878725094183], [-43.5373054194104, -12.0172369519157], [-43.5407105912927, -12.0422148961911], [-43.5103194353874, -12.133348001806], [-43.4887306472707, -12.2098481213035], [-43.4995250408799, -12.3153292432621], [-43.5130180337897, -12.4049548910021], [-43.5346068210081, -12.4892802856277], [-43.5588942066289, -12.5472380644148], [-43.6172773455894, -12.6422018144223], [-43.6422332754109, -12.6827834104335], [-43.6533451516078, -12.6947079586469]]]}, "properties": {"OBJECTID": 240, "id": 35, "name": " ", "continent": "Essos", "S2": null, "Shape__Area": 10620798913.363281, "Shape__Length": 607224.5669462696}}, {"type": "Feature", "id": 241, "geometry": {"type": "Polygon", "coordinates": [[[-44.0094016123188, -13.1694615945693], [-43.953521667525, -13.2183605536387], [-44.0652815580109, -13.3998139605321], [-44.0792515446585, -13.4765015567027], [-44.1700564560713, -13.5461757362611], [-44.2538763741603, -13.6227713783651], [-44.3097563189541, -13.6088484773208], [-44.2189514075413, -13.5531409655411], [-44.1630714627475, -13.4486207357115], [-44.1351314894523, -13.3719156064893], [-44.0722665513347, -13.3160997549141], [-44.0094016123188, -13.1694615945693]]]}, "properties": {"OBJECTID": 241, "id": 35, "name": " ", "continent": "Essos", "S2": null, "Shape__Area": 389375307.3408203, "Shape__Length": 135979.59839928756}}, {"type": "Feature", "id": 242, "geometry": {"type": "Polygon", "coordinates": [[[-44.5046363030916, -12.2909850228654], [-44.4542649974017, -12.28704765389], [-44.3624320961986, -12.2795701019625], [-44.3037610750372, -12.3044944488888], [-44.2731501076701, -12.3543360441825], [-44.3063119895085, -12.4066594996077], [-44.3598811817273, -12.4365539015225], [-44.4108994603731, -12.4365539015225], [-44.4721213951074, -12.4465179385272], [-44.5027323624745, -12.47889841476], [-44.5120857128409, -12.47889841476], [-44.5205887592819, -12.5087844915766], [-44.5767088659719, -12.5187457493937], [-44.6379308007062, -12.4963323794521], [-44.7042545625864, -12.4365539015225], [-44.7068054770577, -12.3842364463897], [-44.6710926816463, -12.3493523111455], [-44.6098707478104, -12.3294164311256], [-44.5384451569876, -12.2995097683594], [-44.5354443455608, -12.2987531392528], [-44.5046363030916, -12.2909850228654]]]}, "properties": {"OBJECTID": 242, "id": 35, "name": " ", "continent": "Essos", "S2": null, "Shape__Area": 826270646.9038086, "Shape__Length": 120689.9977714436}}, {"type": "Feature", "id": 243, "geometry": {"type": "Polygon", "coordinates": [[[-44.2061387528135, -13.4387239282217], [-44.2585262013946, -13.4667393797314], [-44.2934511671153, -13.5157502927105], [-44.3877485756391, -13.5052496821301], [-44.3039286575501, -13.4352215250005], [-44.2061387528135, -13.4387239282217]]]}, "properties": {"OBJECTID": 243, "id": 35, "name": " ", "continent": "Essos", "S2": null, "Shape__Area": 87495221.6640625, "Shape__Length": 47241.55159850189}}, {"type": "Feature", "id": 244, "geometry": {"type": "Polygon", "coordinates": [[[-50.8892106272759, 34.0433224055999], [-50.8308081233328, 34.0288032141995], [-50.7957666218652, 33.9658580119317], [-50.754884869105, 33.873777332628], [-50.7665653698937, 33.791305053557], [-50.8600093753043, 33.8252738628079], [-50.9184118783491, 33.8931710072969], [-50.9417728799264, 33.9803879672116], [-50.8892106272759, 34.0433224055999]]]}, "properties": {"OBJECTID": 244, "id": null, "name": null, "continent": null, "S2": null, "Shape__Area": 431972642.7949219, "Shape__Length": 85195.60216057951}}, {"type": "Feature", "id": 245, "geometry": {"type": "Polygon", "coordinates": [[[-37.0810690372779, 14.22320419999], [-37.0130923680884, 14.1927143829216], [-36.9685402787403, 14.096360339761], [-36.9021828435117, 14.0266841764606], [-36.9027931157966, 14.0257336932704], [-36.8959876337144, 14.022065557774], [-36.8787689644019, 13.9496632408307], [-36.8931178550464, 13.7378957530588], [-37.0193880948745, 13.7155932496819], [-37.0453752035055, 13.7179021664194], [-37.0698226796897, 13.8091630662105], [-37.034897713969, 13.9222330363765], [-37.0193880948745, 14.0081438061563], [-37.0853929934564, 14.0833112200823], [-37.1571374475775, 14.1556712831813], [-37.1370490004954, 14.2001891067873], [-37.0810690372779, 14.22320419999]]]}, "properties": {"OBJECTID": 245, "id": 41, "name": " ", "continent": "Essos", "S2": null, "Shape__Area": 932808049.1845703, "Shape__Length": 151938.24073447598}}, {"type": "Feature", "id": 246, "geometry": {"type": "Polygon", "coordinates": [[[-38.4297580128573, 13.6461983235577], [-38.3297087993671, 13.5483418390531], [-38.1816482568462, 13.5315170415024], [-38.0869455769752, 13.5259367419539], [-37.9520660020418, 13.5064046646898], [-37.7806491139118, 13.416830550994], [-37.7798793116122, 13.4170948311289], [-37.6335206247021, 13.4170948311289], [-37.561776170581, 13.4617539129123], [-37.5589063919132, 13.5203563116615], [-37.6736975197645, 13.6263620799555], [-37.7770095338426, 13.7100172934962], [-37.7712699774051, 13.7852815221291], [-37.699525523284, 13.8270845124009], [-37.6968825584456, 13.8266567826205], [-37.6966800503328, 13.8278736588561], [-37.573255283456, 13.8298711113872], [-37.4441152649601, 13.7964297189911], [-37.4095915281678, 13.7716179033031], [-37.3400990768022, 13.6895795358468], [-37.335428140057, 13.6605815090598], [-37.2834076874055, 13.5984704181627], [-37.2116632332844, 13.4533809691586], [-37.1906181918159, 13.3919704435204], [-37.1485281133704, 13.3137889367733], [-37.0853929934564, 13.2188203102427], [-37.0538254334994, 13.1266095022189], [-37.0251276513119, 12.9029249020006], [-37.088262771226, 12.8609616502651], [-37.2059236768469, 12.8357803293413], [-37.2696054817984, 12.8598141919439], [-37.3191440968307, 12.8546284545396], [-37.40736925875, 12.9169110890203], [-37.5072503848741, 12.9169110890203], [-37.5703855047881, 12.9448811134211], [-37.6622184068895, 12.9812374534206], [-37.7712699774051, 13.0092002516039], [-37.8860611043582, 13.0679118571728], [-37.9606753371472, 13.1210198533741], [-38.1012944676197, 13.1769106125963], [-38.4313189578343, 13.3221667379358], [-38.6637709904084, 13.3975538697676], [-38.7037713898736, 13.4424479279801], [-38.733859590746, 13.4451591912763], [-38.760466029375, 13.5258247249172], [-38.5624728833146, 13.6635492403746], [-38.4297580128573, 13.6461983235577]]]}, "properties": {"OBJECTID": 246, "id": 41, "name": " ", "continent": "Essos", "S2": null, "Shape__Area": 10182184291.859863, "Shape__Length": 567943.7130739068}}, {"type": "Feature", "id": 247, "geometry": {"type": "Polygon", "coordinates": [[[-38.3218958899313, 13.8642645243979], [-38.2132158168032, 13.8521627051707], [-38.1357318053463, 13.8242978791854], [-38.0639873512252, 13.7546212381015], [-38.0840757983073, 13.6765587727706], [-38.2218251510103, 13.7128052881405], [-38.2763509367172, 13.7434710474405], [-38.3114184003948, 13.8207653467982], [-38.3218958899313, 13.8642645243979]]]}, "properties": {"OBJECTID": 247, "id": 41, "name": " ", "continent": "Essos", "S2": null, "Shape__Area": 367913209.16259766, "Shape__Length": 79593.84706477635}}, {"type": "Feature", "id": 248, "geometry": {"type": "Polygon", "coordinates": [[[-16.8481334242083, -34.6352954112948], [-16.7644701597284, -34.6165195603696], [-16.6960183985346, -34.6415530843005], [-16.6884126468916, -34.6915974646348], [-16.7036241492793, -34.7291109060912], [-16.7644701597284, -34.7478612460393], [-16.8329219218206, -34.8040867280438], [-16.8785564289837, -34.878994413087], [-16.9470081910758, -34.8727547098479], [-16.9470081910758, -34.7915954878324], [-16.9089794346574, -34.722859847783], [-16.8481334242083, -34.6352954112948]]]}, "properties": {"OBJECTID": 248, "id": null, "name": null, "continent": null, "S2": null, "Shape__Area": 551972431.503418, "Shape__Length": 102098.64160603596}}, {"type": "Feature", "id": 249, "geometry": {"type": "Polygon", "coordinates": [[[18.8562351133826, -27.6745749675996], [18.9011697979051, -27.6764699103374], [18.9332660011355, -27.684049353371], [18.9503839755928, -27.7219386780034], [18.9439647349467, -27.7768548158016], [18.9118685317164, -27.8260664162234], [18.879772328486, -27.8601229238844], [18.8605146065478, -27.9092967707147], [18.8070209347967, -27.952778086644], [18.7299900470438, -27.9395464948354], [18.6978938438135, -27.8941687347548], [18.7064528310421, -27.810926759062], [18.7299900470438, -27.7617083024048], [18.7941824535045, -27.6935229180416], [18.8562351133826, -27.6745749675996]]]}, "properties": {"OBJECTID": 249, "id": null, "name": null, "continent": null, "S2": null, "Shape__Area": 666405751.0429688, "Shape__Length": 99351.6066628372}}, {"type": "Feature", "id": 250, "geometry": {"type": "Polygon", "coordinates": [[[18.3790715571942, -28.1095432434157], [18.3761269515581, -28.0872042689298], [18.3812113046751, -28.069901356331], [18.3876305453212, -28.0264672640369], [18.4368447230089, -27.9811260381582], [18.4912008025856, -27.9500614667365], [18.507456371014, -27.9489977977098], [18.5374128267634, -27.9546681822743], [18.5609500427651, -27.967897921147], [18.5780680181207, -28.0302448374453], [18.5780680181207, -28.0485405842145], [18.5630897893477, -28.0906679802801], [18.5780680181207, -28.1736942900731], [18.6050757988658, -28.2276452629569], [18.6101642213511, -28.2378068884022], [18.6046620141847, -28.2862698417533], [18.5994654866415, -28.3320201576284], [18.5652295368286, -28.3677993289185], [18.5374128267634, -28.3998020479823], [18.5081371996762, -28.4218731593048], [18.507456371014, -28.4223863860895], [18.4710806737201, -28.4242681974005], [18.4175870010706, -28.4148588087293], [18.4062195954979, -28.3921338272444], [18.3940497859673, -28.3677993289185], [18.3983292791325, -28.3320201576284], [18.3977653150004, -28.3307791300122], [18.409028013842, -28.2641950055365], [18.3876305453212, -28.2057553991549], [18.3835520573874, -28.1964523803923], [18.3790715571942, -28.1095432434157]]]}, "properties": {"OBJECTID": 250, "id": null, "name": null, "continent": null, "S2": null, "Shape__Area": 1179036430.6328125, "Shape__Length": 146747.85763867642}}, {"type": "Feature", "id": 251, "geometry": {"type": "Polygon", "coordinates": [[[18.3034873361379, -28.5361635991332], [18.3581945671592, -28.5033895289977], [18.3769318106117, -28.501393621604], [18.4154472544881, -28.5032740259276], [18.4539626983645, -28.5258362666515], [18.4753601677836, -28.5596705741991], [18.4839191550122, -28.5934940101172], [18.4831022720086, -28.6035350879387], [18.4368447230089, -28.6629857854637], [18.4351380973439, -28.665731146944], [18.4111677604246, -28.7042833960314], [18.368372823383, -28.7211731779862], [18.3512548480274, -28.7024065855184], [18.3282834314158, -28.6592216231673], [18.3093446132001, -28.6236043325177], [18.3034873361379, -28.5361635991332]]]}, "properties": {"OBJECTID": 251, "id": null, "name": null, "continent": null, "S2": null, "Shape__Area": 390132320.3276367, "Shape__Length": 75002.506236018}}, {"type": "Feature", "id": 252, "geometry": {"type": "Polygon", "coordinates": [[[41.7284537981437, -26.6239854595132], [41.8140940201036, -26.6859453922046], [41.8732265543354, -26.7442298749706], [41.9119685596147, -26.7788221605256], [41.9649839359692, -26.8352395805185], [41.9935306763231, -26.8952659659832], [41.9894525710716, -26.9679824732133], [41.9690620412207, -27.040652053611], [41.9405153008669, -27.0860466723532], [41.9078904543632, -27.1404959438276], [41.8528360253829, -27.205800070462], [41.7896253850013, -27.2583783654017], [41.734570956021, -27.2819398820779], [41.679516527939, -27.2982487750269], [41.5673686173527, -27.3109318131781], [41.518431347148, -27.3018726484454], [41.4776502892429, -27.2728783509932], [41.4817283953928, -27.2039865824796], [41.4919236594199, -27.1495682460876], [41.5102751357466, -27.1005690685912], [41.5388218769988, -27.0279382686549], [41.5408609296246, -26.9770687391964], [41.5367828234747, -26.9316300801297], [41.5225094532978, -26.8679851945654], [41.4817283953928, -26.7988444573995], [41.4389082839636, -26.7442298749706], [41.3736585909563, -26.6731916847636], [41.3858929076091, -26.6203397102135], [41.463376919066, -26.5747580405599], [41.6101887287818, -26.5875227379331], [41.7284537981437, -26.6239854595132]]]}, "properties": {"OBJECTID": 252, "id": null, "name": null, "continent": null, "S2": null, "Shape__Area": 4037455020.254883, "Shape__Length": 263912.47877781803}}, {"type": "Feature", "id": 253, "geometry": {"type": "Polygon", "coordinates": [[[-27.6881031141605, -13.0269494725292], [-27.6830828297879, -12.9988241491362], [-27.6814811372295, -12.9707308781699], [-27.6363803470245, -12.9144135293425], [-27.6020241837619, -12.9010183202437], [-27.5325453436695, -12.8633904924712], [-27.4669264385887, -12.8370476541844], [-27.4167472762498, -12.8257570208236], [-27.4137482183345, -12.8299344588993], [-27.4071962659782, -12.8266417100816], [-27.3403890011676, -12.8571633990196], [-27.3395485652356, -12.8633904924712], [-27.342175984728, -12.8706479162236], [-27.3627081788992, -12.9273544331674], [-27.4051674703163, -12.9649726319375], [-27.4823661813306, -13.0213892639089], [-27.6582806906447, -13.0449124075215], [-27.6878005292335, -13.0276569863956], [-27.6881031141605, -13.0269494725292]]]}, "properties": {"OBJECTID": 253, "id": 38, "name": " ", "continent": "Essos", "S2": null, "Shape__Area": 587295611.3664551, "Shape__Length": 100130.40717670518}}, {"type": "Feature", "id": 254, "geometry": {"type": "Polygon", "coordinates": [[[-26.5289620977897, -13.8810579497307], [-26.5803253609456, -13.8896549009845], [-26.6409002292993, -13.8997932394124], [-26.6653230278642, -13.9133400625301], [-26.6679706621455, -13.9131934774252], [-26.70265919847, -13.9260200975591], [-26.8107373940696, -13.9372592690171], [-26.9844344938515, -13.9709734991754], [-27.1272521099465, -14.0308977150951], [-27.2586203500973, -14.0396871250743], [-27.2612499399195, -14.0425067792977], [-27.3575347533302, -14.0625662914624], [-27.4064512005866, -14.0192985409226], [-27.4009498037006, -13.9590360077027], [-27.3276073751482, -13.8441680768327], [-27.1774300218305, -13.7640430553712], [-27.0586851380209, -13.6873512864421], [-27.0202676751891, -13.5896721687944], [-27.0268291164497, -13.5557858451955], [-27.0500533989323, -13.5210489948864], [-27.0806094244383, -13.505051230151], [-27.1014107394955, -13.4795010479595], [-27.1118123672047, -13.3445951321214], [-27.0770729476076, -13.2769828081579], [-26.9574149451762, -13.1717706831094], [-26.8300370718231, -13.1717706831094], [-26.7798579094842, -13.2844962200118], [-26.6138806806239, -13.4910234729173], [-26.5366819696097, -13.5698323956599], [-26.4170239671784, -13.6261084776589], [-26.3795232081446, -13.7293474170147], [-26.3776779814145, -13.7732596626123], [-26.3964560245505, -13.8261441314508], [-26.4832571842679, -13.8739013650311], [-26.5289620977897, -13.8810579497307]]]}, "properties": {"OBJECTID": 254, "id": 38, "name": " ", "continent": "Essos", "S2": null, "Shape__Area": 5792654389.753906, "Shape__Length": 356237.2325238515}}, {"type": "Feature", "id": 255, "geometry": {"type": "Polygon", "coordinates": [[[9.67697526752512, 28.8900629598526], [9.76883512716993, 28.8814453433708], [9.82460718519639, 28.864207966272], [9.86725640651576, 28.846967729396], [9.90662491753544, 28.7952298780622], [9.93615130124935, 28.7319598388994], [9.94927413795648, 28.6657729111198], [9.92630917304526, 28.5822602205407], [9.89350208082831, 28.5505656245316], [9.78195796477535, 28.5303913663831], [9.71306307004176, 28.5505656245316], [9.63104533770275, 28.5995441576388], [9.5490276053637, 28.6197051587621], [9.41779923380092, 28.6312239937146], [9.30625511774796, 28.6542578702199], [9.26360589732691, 28.6801649341813], [9.26360589732691, 28.7348365809306], [9.28657086223813, 28.7837290872059], [9.32922008265917, 28.8067293994045], [9.40467639709379, 28.8354726511409], [9.47685200122875, 28.8527147926199], [9.57527327967625, 28.8785726456436], [9.67697526752512, 28.8900629598526]]]}, "properties": {"OBJECTID": 255, "id": null, "name": null, "continent": null, "S2": null, "Shape__Area": 2403836919.1625977, "Shape__Length": 197593.6670910859}}, {"type": "Feature", "id": 256, "geometry": {"type": "Polygon", "coordinates": [[[7.59582514233968, 20.9552412127279], [7.58753684984549, 20.9714945509436], [7.58704569147234, 20.9921311643663], [7.5870155682659, 20.9933967621606], [7.58910069548258, 21.0089697136469], [7.5906746525565, 21.0112496854848], [7.6042178711722, 21.0308664257474], [7.6198563284414, 21.0410837910868], [7.64331401389606, 21.0498409742688], [7.66208016243944, 21.0498409742688], [7.67354836527526, 21.0430298760198], [7.67931610186322, 21.03495501851], [7.6818888750403, 21.0313529825231], [7.69179323134076, 21.0191885790638], [7.71629348175121, 21.0036166949601], [7.77478698413428, 20.9886352431682], [7.77519833707593, 20.988529881437], [7.79292192246014, 20.9831761297915], [7.81012422536643, 20.9676004884301], [7.82680524579481, 20.9529968510386], [7.82993293796729, 20.9437471433347], [7.83097550112649, 20.9267067128039], [7.83253934676358, 20.9067425998172], [7.82889037390978, 20.8931070434425], [7.82565721413305, 20.8719615579626], [7.82565721413305, 20.8370844750334], [7.82565721413305, 20.7717625695062], [7.82211370888354, 20.7625327162885], [7.81977195993963, 20.7569367876065], [7.81742217197226, 20.7513214409271], [7.80751781567184, 20.7479091492527], [7.79292192246014, 20.7469341942734], [7.78406012931888, 20.7537587454624], [7.77687590313978, 20.765701485607], [7.77467705549634, 20.7693565633119], [7.76477269919591, 20.7859274806275], [7.75799603416963, 20.8054203474845], [7.75017680508588, 20.8229617738216], [7.74079373126334, 20.8434241906368], [7.71994245460498, 20.8716772389503], [7.69022938570367, 20.8896979613846], [7.66677170024901, 20.8999249761058], [7.6344522216531, 20.903820798663], [7.63311506947124, 20.9041559342045], [7.61307966341515, 20.9091773893768], [7.60682428086679, 20.9140468515853], [7.60213274305719, 20.9257329150984], [7.60213274305719, 20.9287319894132], [7.59582514233968, 20.9552412127279]]]}, "properties": {"OBJECTID": 256, "id": null, "name": null, "continent": null, "S2": null, "Shape__Area": 504202644.1624756, "Shape__Length": 102307.56890564659}}, {"type": "Feature", "id": 257, "geometry": {"type": "Polygon", "coordinates": [[[6.433744632645, 19.0165523709073], [6.34801088708087, 19.0213202311297], [6.25723397974876, 19.0451574783279], [6.23024331190983, 19.0560913663418], [6.21345861421954, 19.068294675055], [6.21162690354115, 19.0830092639366], [6.19372955792988, 19.1192491811784], [6.19728224575822, 19.1326755092499], [6.20012146733341, 19.143404713563], [6.20907013924075, 19.1772165197789], [6.22952424915246, 19.2025708218491], [6.25509188497002, 19.2110213878501], [6.29600010389511, 19.2291282808651], [6.30543247366717, 19.2293566425963], [6.33306902031391, 19.2300257349069], [6.40852882560175, 19.1881089544016], [6.46904676322426, 19.1357077710104], [6.50162588368338, 19.0972295987984], [6.51588177803478, 19.0830092639366], [6.51843854143685, 19.0648863301811], [6.5171601597358, 19.0491781846617], [6.50565472262976, 19.0274259904961], [6.48691237405151, 19.0252111861435], [6.48520061361638, 19.0250089043499], [6.47497355910969, 19.0213832083565], [6.46645726521322, 19.0165523709073], [6.433744632645, 19.0165523709073]]]}, "properties": {"OBJECTID": 257, "id": null, "name": null, "continent": null, "S2": null, "Shape__Area": 640167454.3395996, "Shape__Length": 97229.87905984862}}, {"type": "Feature", "id": 258, "geometry": {"type": "Polygon", "coordinates": [[[8.94523907272642, 19.3880325070975], [8.98558436507365, 19.3737603598639], [8.98054120330568, 19.3261775103189], [8.98054120330568, 19.2833410916341], [8.95532539626239, 19.221446484391], [8.89985061950951, 19.2023972949416], [8.84941900362631, 19.2166843937342], [8.83933268098867, 19.269059794017], [8.85446216539431, 19.3356951898328], [8.88472113510387, 19.3690026993007], [8.94523907272642, 19.3880325070975]]]}, "properties": {"OBJECTID": 258, "id": null, "name": null, "continent": null, "S2": null, "Shape__Area": 270575504.3491211, "Shape__Length": 62334.77940828627}}, {"type": "Feature", "id": 259, "geometry": {"type": "Polygon", "coordinates": [[[9.1845093587311, 21.9107782328692], [9.2029584567764, 21.9250412246564], [9.20587886179878, 21.9265463174366], [9.23774244179471, 21.9265463174366], [9.24547252117138, 21.9265463174366], [9.25788442667106, 21.917246188624], [9.268001410606, 21.8984734144246], [9.268001410606, 21.8376298265948], [9.262958248838, 21.781443523776], [9.23497540793744, 21.7522073786731], [9.21199914221997, 21.7436710268295], [9.18952271978782, 21.7529494985891], [9.17298275731694, 21.7688594253809], [9.15705185710025, 21.8095394312345], [9.16209501886822, 21.8657147050213], [9.1845093587311, 21.9107782328692]]]}, "properties": {"OBJECTID": 259, "id": null, "name": null, "continent": null, "S2": null, "Shape__Area": 218699346.98632812, "Shape__Length": 56541.632673047745}}, {"type": "Feature", "id": 260, "geometry": {"type": "Polygon", "coordinates": [[[10.5537544057019, 22.4558441596225], [10.5427389070568, 22.4708923924862], [10.5388781150523, 22.5101310503141], [10.554007599458, 22.5567125198426], [10.5792234073996, 22.5846538549291], [10.5792234073996, 22.6451739685869], [10.5792234073996, 22.7242754237836], [10.6064260354247, 22.7702678714006], [10.6214480040673, 22.7728883475599], [10.6750434764997, 22.7614838293358], [10.7002592844413, 22.742880892692], [10.7355614150205, 22.71497174065], [10.7859930300054, 22.6917097650055], [10.7960793535414, 22.6451739685869], [10.7859930300054, 22.6079339729919], [10.7406045767885, 22.5846538549291], [10.6800866382677, 22.5427397290538], [10.6397413459204, 22.4914940649898], [10.5997958119594, 22.4545820144194], [10.5794790293019, 22.4479192552267], [10.5537544057019, 22.4558441596225]]]}, "properties": {"OBJECTID": 260, "id": null, "name": null, "continent": null, "S2": null, "Shape__Area": 635821199.9138184, "Shape__Length": 107118.12827383625}}, {"type": "Feature", "id": 261, "geometry": {"type": "Polygon", "coordinates": [[[10.6972079841022, 23.2060999853965], [10.705302445311, 23.2581667978319], [10.731719439128, 23.2864790402611], [10.7439692175835, 23.2867347652118], [10.7557340611941, 23.2813314279922], [10.7809498682374, 23.2766988240226], [10.7960793535414, 23.2488998188126], [10.7826764742309, 23.1873128702203], [10.77404344606, 23.1793769606899], [10.7254750914846, 23.1793769606899], [10.7029738980085, 23.1897189766271], [10.6972079841022, 23.2060999853965]]]}, "properties": {"OBJECTID": 261, "id": null, "name": null, "continent": null, "S2": null, "Shape__Area": 113616844.98828125, "Shape__Length": 39606.154311490915}}, {"type": "Feature", "id": 262, "geometry": {"type": "Polygon", "coordinates": [[[16.0165914360052, 19.4237971110981], [16.0273609669423, 19.4644183450444], [16.0667102180822, 19.5284881532946], [16.0830676258194, 19.5362937642024], [16.130318120432, 19.5441518577379], [16.139725325698, 19.539378217968], [16.1597399743828, 19.5047941071432], [16.1675269746091, 19.4460624000007], [16.1714204751714, 19.3836366639751], [16.1602219178378, 19.3343315002395], [16.1545671111591, 19.3273279920964], [16.1401763401577, 19.3137476745729], [16.1295581160572, 19.3107785672988], [16.1185096124103, 19.3124847783932], [16.0896569705494, 19.3248611608633], [16.0390414677309, 19.3689447745359], [16.0178277522964, 19.4156352508522], [16.0165914360052, 19.4237971110981]]]}, "properties": {"OBJECTID": 262, "id": null, "name": null, "continent": null, "S2": null, "Shape__Area": 348992670.609375, "Shape__Length": 71176.69847866094}}, {"type": "Feature", "id": 263, "geometry": {"type": "Polygon", "coordinates": [[[12.1572217529563, 18.7138272776945], [12.2585198591517, 18.7493579010272], [12.2709910866978, 18.7506998758662], [12.3635772638942, 18.7506998758662], [12.4920627707724, 18.7212024407961], [12.523210772576, 18.7175148990269], [12.5688217366922, 18.7042224687953], [12.5743485981215, 18.6973216870162], [12.5774415713066, 18.665091456294], [12.5758000339738, 18.6606331521565], [12.5504652747156, 18.6400579738534], [12.5115302717874, 18.6105412718788], [12.4761917405745, 18.5669978352005], [12.461223571136, 18.5639132194779], [12.4102992661504, 18.5699474465998], [12.336322762653, 18.5810194485401], [12.2623462582572, 18.5810194485401], [12.131216605256, 18.5881218376975], [12.1225394886691, 18.5917502423117], [12.0982280713179, 18.6147913919313], [12.0941608671224, 18.6296578391151], [12.1148784358389, 18.6829364279909], [12.1235258163932, 18.6946774764802], [12.1572217529563, 18.7138272776945]]]}, "properties": {"OBJECTID": 263, "id": null, "name": null, "continent": null, "S2": null, "Shape__Area": 876902484.3015137, "Shape__Length": 126372.0810817776}}, {"type": "Feature", "id": 264, "geometry": {"type": "Polygon", "coordinates": [[[12.7647342363325, 18.6437472014775], [12.7550338775516, 18.6471334464758], [12.7399516687845, 18.6757119975053], [12.7385525391362, 18.6846112829476], [12.7505169363007, 18.7242750397276], [12.7614896329174, 18.7335120850796], [12.7986358457731, 18.7389240445681], [12.8076636511721, 18.7368514840656], [12.8275031050203, 18.7234309226863], [12.8328679202539, 18.7127042280574], [12.8413479877899, 18.6778961674331], [12.8395562449551, 18.6707978888564], [12.8157736505403, 18.6507691504682], [12.8034220031316, 18.6437472014775], [12.7647342363325, 18.6437472014775]]]}, "properties": {"OBJECTID": 264, "id": null, "name": null, "continent": null, "S2": null, "Shape__Area": 100179551.75097656, "Shape__Length": 36279.770490869014}}, {"type": "Feature", "id": 265, "geometry": {"type": "Polygon", "coordinates": [[[15.5601409407872, 19.0711502011419], [15.5099813823827, 19.0846943566656], [15.5050528168989, 19.087145745175], [15.495319543846, 19.1086067258758], [15.4949355140621, 19.1144125399908], [15.5044601533902, 19.1414088728453], [15.5089568061905, 19.1461040114269], [15.5622594476032, 19.1681325133961], [15.5726081789151, 19.1690013991807], [15.629566578157, 19.1510669925655], [15.6391756860713, 19.144006711603], [15.653135216329, 19.0912481642589], [15.6523364424632, 19.0842387839818], [15.6468939400255, 19.0610919714], [15.6424125424154, 19.0548304035746], [15.6340719814464, 19.0508885793267], [15.6266482581244, 19.0493771933705], [15.5893541187925, 19.0525818740661], [15.5855737367857, 19.0539801123512], [15.5601409407872, 19.0711502011419]]]}, "properties": {"OBJECTID": 265, "id": null, "name": null, "continent": null, "S2": null, "Shape__Area": 178351690.5830078, "Shape__Length": 50538.01711456621}}, {"type": "Feature", "id": 266, "geometry": {"type": "Polygon", "coordinates": [[[14.4511750730826, 14.9130124253639], [14.4318727479939, 14.8974683833206], [14.4190045324658, 14.8803686413569], [14.4047606458948, 14.8569648241109], [14.4029192621575, 14.853939100085], [14.4029192621575, 14.8337260926093], [14.4029192621575, 14.822841382651], [14.3820084101278, 14.8135111955547], [14.3787913562458, 14.8135111955547], [14.3627060859374, 14.8135111955547], [14.3534395721162, 14.8144070464347], [14.341795234806, 14.8212863795277], [14.3337525992026, 14.8415005495636], [14.3353611261437, 14.8710409372974], [14.3358860234423, 14.8857525983244], [14.3369696530847, 14.9161210988722], [14.3409692348006, 14.95090157181], [14.349837869511, 14.9751773528554], [14.3508466227778, 14.9897942548033], [14.353054923393, 15.0217892160289], [14.3803998831867, 15.0419845327907], [14.4157874776855, 15.0419845327907], [14.4415239105382, 15.0342173293022], [14.4546699381527, 15.0236370223736], [14.4645321616697, 15.0225786727029], [14.4656518164499, 15.0202356510975], [14.475302978096, 15.0140212783495], [14.4865626675813, 14.9984845548266], [14.5010394109487, 14.981392855263], [14.5010394109487, 14.9627458078942], [14.4994308840077, 14.945651256916], [14.4868987776348, 14.9274882545246], [14.4511750730826, 14.9130124253639]]]}, "properties": {"OBJECTID": 266, "id": null, "name": null, "continent": null, "S2": null, "Shape__Area": 317756844.94628906, "Shape__Length": 74147.73152232108}}, {"type": "Feature", "id": 267, "geometry": {"type": "Polygon", "coordinates": [[[14.7549781695484, 14.7558293494341], [14.7438525239748, 14.7426794027544], [14.7435886654197, 14.7423491800122], [14.7435110599623, 14.7423491800122], [14.7339630617418, 14.7331153068364], [14.7166565021603, 14.7390929161089], [14.715420319718, 14.7570247593323], [14.7159130690076, 14.7651250425307], [14.7166565021603, 14.7773457281368], [14.721601233726, 14.8024454768558], [14.7351992441841, 14.8347123122021], [14.7448657212074, 14.8592396510471], [14.7450887073154, 14.8598054136333], [14.7562143519907, 14.8860902971078], [14.7784656431379, 14.9087882994732], [14.8130787614026, 14.9267060840101], [14.8427471490001, 14.9410392364974], [14.8761240848226, 14.9470111009718], [14.8813590494801, 14.9471742569611], [14.8953733077999, 14.9476110328801], [14.9393099694316, 14.9348756746191], [14.9463255099666, 14.9223349883126], [14.941489673078, 14.8849497265215], [14.9107598343443, 14.8552490262824], [14.8817942580825, 14.830360972692], [14.8649984401473, 14.82873733513], [14.864257042577, 14.8281926384899], [14.8353300525499, 14.8275423193967], [14.8130787614026, 14.8227621930918], [14.7957722027194, 14.8132016230258], [14.7954552321714, 14.8125376787705], [14.7846465571458, 14.8084211793265], [14.77228472913, 14.7833221219416], [14.7611590835564, 14.7630017120069], [14.7582504177181, 14.7579388919317], [14.7549781695484, 14.7558293494341]]]}, "properties": {"OBJECTID": 267, "id": null, "name": null, "continent": null, "S2": null, "Shape__Area": 296868879.29907227, "Shape__Length": 79409.17853245727}}, {"type": "Feature", "id": 268, "geometry": {"type": "Polygon", "coordinates": [[[14.632005336108, 15.2835957146575], [14.6747930354233, 15.2629574871871], [14.6888710588569, 15.2468603244496], [14.7061566975738, 15.2093332459084], [14.7034773940854, 15.2011458052434], [14.6764832353933, 15.1750945301884], [14.6663028941797, 15.1717064498903], [14.6403372543856, 15.1817304636804], [14.5946808858217, 15.2013130939195], [14.5834440324092, 15.2191725178382], [14.5801002316305, 15.248209279803], [14.5830072436703, 15.2616712747181], [14.6087101846343, 15.2793823085195], [14.632005336108, 15.2835957146575]]]}, "properties": {"OBJECTID": 268, "id": null, "name": null, "continent": null, "S2": null, "Shape__Area": 123370669.79077148, "Shape__Length": 41129.41969206625}}, {"type": "Feature", "id": 269, "geometry": {"type": "Polygon", "coordinates": [[[19.5755493370589, 12.4365951114531], [19.6124251435394, 12.3945794530607], [19.5878412725524, 12.3465532665463], [19.5755493370589, 12.2624862536656], [19.4956517572495, 12.2384621735851], [19.4772138540092, 12.3105278421355], [19.4895057895027, 12.3765706679511], [19.5755493370589, 12.4365951114531]]]}, "properties": {"OBJECTID": 269, "id": null, "name": null, "continent": null, "S2": null, "Shape__Area": 210637399.12646484, "Shape__Length": 59291.00865478372}}, {"type": "Feature", "id": 270, "geometry": {"type": "Polygon", "coordinates": [[[19.7783662718033, 12.9342570156799], [19.8090961105371, 12.9162862805035], [19.8152420782838, 12.8923232896776], [19.8090961105371, 12.8264132475074], [19.7537824008163, 12.8084347812219], [19.7107606274874, 12.8383981782871], [19.7414904662211, 12.904305072111], [19.7783662718033, 12.9342570156799]]]}, "properties": {"OBJECTID": 270, "id": null, "name": null, "continent": null, "S2": null, "Shape__Area": 111169738.84985352, "Shape__Length": 40353.39157796215}}, {"type": "Feature", "id": 271, "geometry": {"type": "Polygon", "coordinates": [[[31.9792690411328, 14.7855052295247], [32.0240642226815, 14.8288128274753], [32.0360249349567, 14.9444054556324], [32.0360249349567, 14.9585747697084], [32.0672929732418, 14.9941111744041], [32.1082015775442, 14.9833338764551], [32.1312316316859, 14.9645086159301], [32.1197499226798, 14.8923964452854], [32.1197499226798, 14.7629426274676], [32.111920541735, 14.7496931122567], [32.0449791898936, 14.7353069806516], [31.9929136939171, 14.7496931122567], [31.9792690411328, 14.7855052295247]]]}, "properties": {"OBJECTID": 271, "id": null, "name": null, "continent": null, "S2": null, "Shape__Area": 317285893.6933594, "Shape__Length": 78643.32408168443}}, {"type": "Feature", "id": 272, "geometry": {"type": "Polygon", "coordinates": [[[31.754899997383, 13.7115139096397], [31.7958086016853, 13.7079009025347], [31.8144034217411, 13.6934483193862], [31.8144034217411, 13.6573129766018], [31.7958086016853, 13.6211720953837], [31.7586189615738, 13.5741806924478], [31.740024141518, 13.5380271242084], [31.6805207180583, 13.5018680622357], [31.6433310779467, 13.5127163573864], [31.6396121137559, 13.5814107460037], [31.6805207180583, 13.6175577029944], [31.754899997383, 13.7115139096397]]]}, "properties": {"OBJECTID": 272, "id": null, "name": null, "continent": null, "S2": null, "Shape__Area": 251429646.1069336, "Shape__Length": 67155.26535059995}}, {"type": "Feature", "id": 273, "geometry": {"type": "Polygon", "coordinates": [[[31.5243242292306, 13.7151268611576], [31.5392000859938, 13.6753813411436], [31.520605265938, 13.6500852426507], [31.4722587332541, 13.6464712935055], [31.4276311656592, 13.6500852426507], [31.4239122014684, 13.6789948479247], [31.43135012985, 13.7079009025347], [31.5243242292306, 13.7151268611576]]]}, "properties": {"OBJECTID": 273, "id": null, "name": null, "continent": null, "S2": null, "Shape__Area": 83981272.95019531, "Shape__Length": 35924.40970778984}}, {"type": "Feature", "id": 274, "geometry": {"type": "Polygon", "coordinates": [[[31.4945725175007, 13.5669504186002], [31.5168863017472, 13.5271799821908], [31.5131673375564, 13.5091003138271], [31.4834156258265, 13.4910192747435], [31.4425070215242, 13.4801699935296], [31.3941604897385, 13.4910192747435], [31.3718467054919, 13.5199482790909], [31.3867225613569, 13.5561045958924], [31.43135012985, 13.5669504186002], [31.4945725175007, 13.5669504186002]]]}, "properties": {"OBJECTID": 274, "id": null, "name": null, "continent": null, "S2": null, "Shape__Area": 123486748.47558594, "Shape__Length": 42204.96081744253}}, {"type": "Feature", "id": 275, "geometry": {"type": "Polygon", "coordinates": [[[30.4904522380827, 13.208778875386], [30.5313608414868, 13.2160199178009], [30.5425177340592, 13.2051582744984], [30.5387987698684, 13.1689493082075], [30.5387987698684, 13.1327349870887], [30.5016091297569, 13.1218696489561], [30.471857418027, 13.1327349870887], [30.456981562162, 13.1617068715825], [30.4904522380827, 13.208778875386]]]}, "properties": {"OBJECTID": 275, "id": null, "name": null, "continent": null, "S2": null, "Shape__Area": 74212021.81884766, "Shape__Length": 32793.56979868993}}, {"type": "Feature", "id": 276, "geometry": {"type": "Polygon", "coordinates": [[[30.5908642658449, 12.5344378007961], [30.6280539059564, 12.5235465953231], [30.6354918334397, 12.4763460610463], [30.6280539059564, 12.4618210863007], [30.5834263374633, 12.425505093648], [30.5387987698684, 12.4073451938831], [30.4644194896454, 12.4182412854645], [30.4123539936689, 12.4218732149111], [30.397478137804, 12.4618210863007], [30.4607005254545, 12.4981319935989], [30.5425177340592, 12.5162855355765], [30.5908642658449, 12.5344378007961]]]}, "properties": {"OBJECTID": 276, "id": null, "name": null, "continent": null, "S2": null, "Shape__Area": 248944485.29101562, "Shape__Length": 65767.99335634167}}, {"type": "Feature", "id": 277, "geometry": {"type": "Polygon", "coordinates": [[[30.0107058817221, 12.4472952986349], [29.984673134183, 12.4327686980601], [29.9512024582623, 12.4327686980601], [29.9102938539599, 12.4436637244475], [29.9028559255783, 12.4690836754536], [29.895417998095, 12.5017628042273], [29.9140128181507, 12.5308074498006], [29.9549214215548, 12.5162855355765], [30.0107058817221, 12.4472952986349]]]}, "properties": {"OBJECTID": 277, "id": null, "name": null, "continent": null, "S2": null, "Shape__Area": 89122982.71484375, "Shape__Length": 37387.63458395701}}, {"type": "Feature", "id": 278, "geometry": {"type": "Polygon", "coordinates": [[[30.3602884976924, 12.6687247126758], [30.3714453902648, 12.6179217267471], [30.3454126418275, 12.5888869185885], [30.3045040375251, 12.5852573361413], [30.2747523257952, 12.6070340594612], [30.2896281816602, 12.6723531106356], [30.3602884976924, 12.6687247126758]]]}, "properties": {"OBJECTID": 278, "id": null, "name": null, "continent": null, "S2": null, "Shape__Area": 83981272.70166016, "Shape__Length": 34551.33850110551}}, {"type": "Feature", "id": 281, "geometry": {"type": "Polygon", "coordinates": [[[32.4367088060574, 13.9773399945097], [32.49651236923, 13.9715366356285], [32.5383748630915, 13.9251045033708], [32.4845516560565, 13.9076900459304], [32.4187677376446, 13.9076900459304], [32.3350427490232, 13.8844687318636], [32.2871998990241, 13.9134950113691], [32.3051409674369, 13.9541256817034], [32.3410231051608, 13.9773399945097], [32.4367088060574, 13.9773399945097]]]}, "properties": {"OBJECTID": 281, "id": null, "name": null, "continent": null, "S2": null, "Shape__Area": 202097704.88427734, "Shape__Length": 63902.066052927956}}, {"type": "Feature", "id": 282, "geometry": {"type": "Polygon", "coordinates": [[[32.8314123210204, 13.8844687318636], [32.8571453133256, 13.9288753446115], [32.9138212966151, 13.9449751077541], [32.921117664881, 13.9367134121576], [32.9569998026049, 13.9076900459304], [32.9510194464673, 13.8728572012613], [32.8971962403306, 13.8264052739396], [32.8553337455708, 13.7799440760837], [32.7895498271589, 13.7915602428728], [32.7895498271589, 13.8612450903303], [32.8314123210204, 13.8844687318636]]]}, "properties": {"OBJECTID": 282, "id": null, "name": null, "continent": null, "S2": null, "Shape__Area": 211380897.69580078, "Shape__Length": 58806.25847354474}}, {"type": "Feature", "id": 283, "geometry": {"type": "Polygon", "coordinates": [[[33.3098408237065, 14.1049767789662], [33.351703317568, 14.1107767586791], [33.3576836737056, 14.0817753844651], [33.3218015359817, 14.0469688749428], [33.2739586859826, 14.0701738035632], [33.3098408237065, 14.1049767789662]]]}, "properties": {"OBJECTID": 283, "id": null, "name": null, "continent": null, "S2": null, "Shape__Area": 39887704.923828125, "Shape__Length": 25354.283343406853}}, {"type": "Feature", "id": 284, "geometry": {"type": "Polygon", "coordinates": [[[34.8348316765236, 14.2847072754453], [34.8348316765236, 14.2325421573554], [34.8168906072124, 14.2093537898632], [34.7989495387996, 14.1861630458176], [34.7212049063159, 14.1571712793681], [34.6673817001792, 14.1687684309628], [34.6733620563168, 14.2267452878255], [34.7331656194894, 14.2789117475947], [34.8348316765236, 14.2847072754453]]]}, "properties": {"OBJECTID": 284, "id": null, "name": null, "continent": null, "S2": null, "Shape__Area": 195892951.32763672, "Shape__Length": 55043.119451634484}}, {"type": "Feature", "id": 285, "geometry": {"type": "Polygon", "coordinates": [[[35.0082620081072, 14.3020929641098], [35.0262030774183, 14.2731160705433], [34.996301295832, 14.2441354483479], [34.9663995142457, 14.2209482704652], [34.9424780896953, 14.2325421573554], [34.9604191581081, 14.2731160705433], [35.0082620081072, 14.3020929641098]]]}, "properties": {"OBJECTID": 285, "id": null, "name": null, "continent": null, "S2": null, "Shape__Area": 42768483.76855469, "Shape__Length": 27179.790295082796}}, {"type": "Feature", "id": 286, "geometry": {"type": "Polygon", "coordinates": [[[34.4461085176981, 14.2151511044592], [34.4580692299733, 14.1803649891042], [34.434147805423, 14.1629699296459], [34.4102263799742, 14.1281758129314], [34.3863049545255, 14.1571712793681], [34.3803245983879, 14.1977587151228], [34.4461085176981, 14.2151511044592]]]}, "properties": {"OBJECTID": 286, "id": null, "name": null, "continent": null, "S2": null, "Shape__Area": 49638032.938964844, "Shape__Length": 28900.416614408896}}, {"type": "Feature", "id": 287, "geometry": {"type": "Polygon", "coordinates": [[[34.2188549790795, 14.2731160705433], [34.2367960474923, 14.2383388772577], [34.2188549790795, 14.2035563267325], [34.1949335536308, 14.1861630458176], [34.1650317720445, 14.1977587151228], [34.171012128182, 14.2441354483479], [34.176992485218, 14.2731160705433], [34.2188549790795, 14.2731160705433]]]}, "properties": {"OBJECTID": 287, "id": null, "name": null, "continent": null, "S2": null, "Shape__Area": 57837172.47363281, "Shape__Length": 29267.397644917568}}, {"type": "Feature", "id": 288, "geometry": {"type": "Polygon", "coordinates": [[[34.0693460720462, 14.1919609542187], [34.0813067843214, 14.1397744431641], [34.0633657159086, 14.1107767586791], [34.0215032211488, 14.0991766517198], [33.9796407272873, 14.1107767586791], [33.9437585895634, 14.1339752019536], [33.9018960957019, 14.145573536507], [33.919837165013, 14.1803649891042], [33.9856210834249, 14.1919609542187], [34.0693460720462, 14.1919609542187]]]}, "properties": {"OBJECTID": 288, "id": null, "name": null, "continent": null, "S2": null, "Shape__Area": 152681269.92822266, "Shape__Length": 50589.15362209309}}, {"type": "Feature", "id": 289, "geometry": {"type": "Polygon", "coordinates": [[[34.8886548826603, 14.0411672754254], [34.9006155949355, 14.006354594071], [34.8766941703851, 13.9889462741681], [34.8348316765236, 13.9947491939618], [34.8168906072124, 14.0353655289876], [34.8467923887988, 14.0527703283553], [34.8886548826603, 14.0411672754254]]]}, "properties": {"OBJECTID": 289, "id": null, "name": null, "continent": null, "S2": null, "Shape__Area": 47200450.59375, "Shape__Length": 26045.002389595495}}, {"type": "Feature", "id": 290, "geometry": {"type": "Polygon", "coordinates": [[[32.1735731297148, 12.3410488151223], [32.2154356235763, 12.3293642220207], [32.239357049025, 12.3001504606506], [32.2333766928874, 12.2592457398535], [32.2154356235763, 12.2417132016486], [32.1735731297148, 12.2417132016486], [32.1556320604037, 12.2943073185455], [32.1735731297148, 12.3410488151223]]]}, "properties": {"OBJECTID": 290, "id": null, "name": null, "continent": null, "S2": null, "Shape__Area": 78224221.26855469, "Shape__Length": 33305.004314888014}}, {"type": "Feature", "id": 291, "geometry": {"type": "Polygon", "coordinates": [[[32.4008266683335, 11.7854631797358], [32.4187677376446, 11.7327695592151], [32.4068070244711, 11.6917786707905], [32.3828855999207, 11.6976348839463], [32.3529838183344, 11.7269140905079], [32.323082036748, 11.7386249045223], [32.3111213244728, 11.7737543588189], [32.3171016806104, 11.8264401193666], [32.3470034621968, 11.8264401193666], [32.4008266683335, 11.7854631797358]]]}, "properties": {"OBJECTID": 291, "id": null, "name": null, "continent": null, "S2": null, "Shape__Area": 115231147.44824219, "Shape__Length": 43357.6614218035}}, {"type": "Feature", "id": 292, "geometry": {"type": "Polygon", "coordinates": [[[32.5024927253676, 12.1540330775982], [32.4845516560565, 12.1131057821655], [32.4606302315061, 12.07217221133], [32.4247480937822, 12.07217221133], [32.3649445306095, 12.0897159370215], [32.3828855999207, 12.1131057821655], [32.4367088060574, 12.1481867061967], [32.5024927253676, 12.1540330775982]]]}, "properties": {"OBJECTID": 292, "id": null, "name": null, "continent": null, "S2": null, "Shape__Area": 85536966.8725586, "Shape__Length": 39265.00265815422}}, {"type": "Feature", "id": 293, "geometry": {"type": "Polygon", "coordinates": [[[33.0586658596391, 11.7561901915422], [33.0467051473639, 11.7034909740534], [33.0227837219152, 11.6859223337648], [32.9869015841913, 11.7034909740534], [32.9569998026049, 11.7034909740534], [32.9390587341921, 11.7444801246117], [32.9450390903297, 11.7796088316511], [32.9928819403289, 11.7796088316511], [33.0586658596391, 11.7561901915422]]]}, "properties": {"OBJECTID": 293, "id": null, "name": null, "continent": null, "S2": null, "Shape__Area": 102156844.12402344, "Shape__Length": 39498.42878683368}}, {"type": "Feature", "id": 294, "geometry": {"type": "Polygon", "coordinates": [[[33.094547997363, 12.1949540777103], [33.0407247912263, 12.1657254357935], [33.0048426535024, 12.1657254357935], [32.9629801587425, 12.171571421593], [32.9390587341921, 12.1949540777103], [32.9689605157785, 12.2417132016486], [33.0048426535024, 12.2709334520327], [33.0168033657776, 12.3059934728306], [33.0646462157767, 12.3059934728306], [33.1065087096382, 12.2884640465733], [33.1124890666741, 12.2592457398535], [33.094547997363, 12.1949540777103]]]}, "properties": {"OBJECTID": 294, "id": null, "name": null, "continent": null, "S2": null, "Shape__Area": 212069630.2836914, "Shape__Length": 56393.26436439783}}, {"type": "Feature", "id": 295, "geometry": {"type": "Polygon", "coordinates": [[[33.3337622491552, 13.3555623160413], [33.3457229614304, 13.3206480758858], [33.3277818921193, 13.3090088759275], [33.2978801114313, 13.2857287975599], [33.2380765482586, 13.2857287975599], [33.2141551228099, 13.2508044933087], [33.1722926289484, 13.2566255590409], [33.1663122728108, 13.3031890652919], [33.1842533412236, 13.3497436265534], [33.2201354789475, 13.3555623160413], [33.3337622491552, 13.3555623160413]]]}, "properties": {"OBJECTID": 295, "id": null, "name": null, "continent": null, "S2": null, "Shape__Area": 160658811.64501953, "Shape__Length": 54792.54292589738}}, {"type": "Feature", "id": 296, "geometry": {"type": "Polygon", "coordinates": [[[33.4653300868773, 13.2333404598531], [33.4952318684636, 13.175117984262], [33.4713104430149, 13.1460015475937], [33.435428305291, 13.1460015475937], [33.4174872368782, 13.1692949739363], [33.4174872368782, 13.1984086396938], [33.4653300868773, 13.2333404598531]]]}, "properties": {"OBJECTID": 296, "id": null, "name": null, "continent": null, "S2": null, "Shape__Area": 57615573.25878906, "Shape__Length": 29014.82888330343}}, {"type": "Feature", "id": 297, "geometry": {"type": "Polygon", "coordinates": [[[35.6361994178265, 15.2677324587626], [35.6302190616889, 15.2504238905153], [35.594336923965, 15.2215731107464], [35.5524744301035, 15.2215731107464], [35.4986512239668, 15.1984896392444], [35.4807101546557, 15.1638596958574], [35.4149262353454, 15.1349970751641], [35.3969851669326, 15.1580874868675], [35.3969851669326, 15.2042607439213], [35.426886948519, 15.2561935723239], [35.4747297985181, 15.2735016641511], [35.5046315801044, 15.3081135643065], [35.564435143277, 15.3254173688465], [35.6062976371385, 15.3254173688465], [35.6361994178265, 15.2677324587626]]]}, "properties": {"OBJECTID": 297, "id": null, "name": null, "continent": null, "S2": null, "Shape__Area": 300265777.2841797, "Shape__Length": 76481.19419398352}}, {"type": "Feature", "id": 298, "geometry": {"type": "Polygon", "coordinates": [[[34.3564031738375, 13.373017542544], [34.4221870922494, 13.3322867160474], [34.434147805423, 13.3090088759275], [34.4162067361118, 13.2915490264886], [34.3803245983879, 13.2216970758792], [34.3265013922512, 13.2216970758792], [34.2726781852162, 13.2508044933087], [34.1829728413556, 13.2799084290222], [34.1171889220453, 13.2915490264886], [34.0813067843214, 13.343924796833], [34.1231692781829, 13.3846536588861], [34.176992485218, 13.4021067776561], [34.2666978290786, 13.4021067776561], [34.3564031738375, 13.373017542544]]]}, "properties": {"OBJECTID": 298, "id": null, "name": null, "continent": null, "S2": null, "Shape__Area": 522750531.69433594, "Shape__Length": 94847.4611794282}}, {"type": "Feature", "id": 299, "geometry": {"type": "Polygon", "coordinates": [[[33.6148389939106, 12.6621692420291], [33.608858637773, 12.6096496439551], [33.5789568561867, 12.5921407149117], [33.5370943623251, 12.580467431985], [33.5012122246012, 12.5921407149117], [33.4832711561884, 12.6154856874543], [33.5071925807388, 12.6329930203543], [33.5251336500499, 12.679673374363], [33.5729765000491, 12.6855078175796], [33.6148389939106, 12.6621692420291]]]}, "properties": {"OBJECTID": 299, "id": null, "name": null, "continent": null, "S2": null, "Shape__Area": 119219918.10839844, "Shape__Length": 42047.20180180864}}, {"type": "Feature", "id": 300, "geometry": {"type": "Polygon", "coordinates": [[[33.7284657632199, 12.5863041398249], [33.7344461202558, 12.5512819026276], [33.7344461202558, 12.5279310961604], [33.692583625496, 12.5279310961604], [33.6746425570832, 12.5279310961604], [33.692583625496, 12.5687936182763], [33.7284657632199, 12.5863041398249]]]}, "properties": {"OBJECTID": 300, "id": null, "name": null, "continent": null, "S2": null, "Shape__Area": 30358975.458984375, "Shape__Length": 22905.606110834484}}, {"type": "Feature", "id": 301, "geometry": {"type": "Polygon", "coordinates": [[[34.6434602747305, 12.4228263466043], [34.6494406317664, 12.3760994655336], [34.6374799185929, 12.3585747280324], [34.6195388501801, 12.3235217301195], [34.5896370685938, 12.3176791080618], [34.5716959992827, 12.3352065837076], [34.5716959992827, 12.3702580169664], [34.5836567124562, 12.4111454115771], [34.6434602747305, 12.4228263466043]]]}, "properties": {"OBJECTID": 301, "id": null, "name": null, "continent": null, "S2": null, "Shape__Area": 76673032.92089844, "Shape__Length": 34082.605733948476}}, {"type": "Feature", "id": 302, "geometry": {"type": "Polygon", "coordinates": [[[34.7152245501783, 12.8779690820201], [34.7271852633518, 12.8488177278017], [34.7092441940407, 12.8138316364127], [34.6913031256279, 12.8138316364127], [34.6793424124544, 12.8721390821914], [34.7152245501783, 12.8779690820201]]]}, "properties": {"OBJECTID": 302, "id": null, "name": null, "continent": null, "S2": null, "Shape__Area": 27034999.748535156, "Shape__Length": 20886.733054351946}}, {"type": "Feature", "id": 303, "geometry": {"type": "Polygon", "coordinates": [[[35.1757119844516, 12.3293642220207], [35.1996334099003, 12.276777113259], [35.1936530528644, 12.2300241951413], [35.1757119844516, 12.2124897176172], [35.1398298467277, 12.2007994205574], [35.0919869967285, 12.2183346725919], [35.0860066396926, 12.2475575104734], [35.1099280651413, 12.2826206447918], [35.1398298467277, 12.2943073185455], [35.1757119844516, 12.3293642220207]]]}, "properties": {"OBJECTID": 303, "id": null, "name": null, "continent": null, "S2": null, "Shape__Area": 115231147.44824219, "Shape__Length": 42076.06932746289}}, {"type": "Feature", "id": 304, "geometry": {"type": "Polygon", "coordinates": [[[37.0057010074728, 15.6539159202637], [37.0475635013343, 15.6136021742673], [37.0296224329215, 15.5848017859179], [37.0116813636104, 15.5617585670692], [36.9817795820241, 15.5271889006261], [36.9578581574737, 15.4926134381813], [36.9159956627138, 15.5271889006261], [36.9279563758874, 15.5790412235939], [36.9458974443002, 15.6193617665613], [36.9757992258865, 15.6193617665613], [37.0057010074728, 15.6539159202637]]]}, "properties": {"OBJECTID": 304, "id": null, "name": null, "continent": null, "S2": null, "Shape__Area": 136282992.35791016, "Shape__Length": 49674.73227790818}}, {"type": "Feature", "id": 305, "geometry": {"type": "Polygon", "coordinates": [[[37.1133474206445, 16.0163798245272], [37.1073670645069, 15.9761382603344], [37.0774652829206, 15.9703888044672], [37.0296224329215, 15.9703888044672], [36.9997206513352, 15.9646391834829], [36.9638385136113, 15.9933856367023], [36.9937402951976, 16.0393713636793], [37.0296224329215, 16.0451188339983], [37.0655045706454, 16.0393713636793], [37.1133474206445, 16.0163798245272]]]}, "properties": {"OBJECTID": 305, "id": null, "name": null, "continent": null, "S2": null, "Shape__Area": 113679958.80322266, "Shape__Length": 42355.84315959113}}, {"type": "Feature", "id": 306, "geometry": {"type": "Polygon", "coordinates": [[[37.2449152583667, 15.7575433039464], [37.2628563276778, 15.7230067005237], [37.2449152583667, 15.6942217193807], [37.2030527645051, 15.6942217193807], [37.1910920522299, 15.7287632083218], [37.2449152583667, 15.7575433039464]]]}, "properties": {"OBJECTID": 306, "id": null, "name": null, "continent": null, "S2": null, "Shape__Area": 38558114.79394531, "Shape__Length": 24072.366110190138}}, {"type": "Feature", "id": 307, "geometry": {"type": "Polygon", "coordinates": [[[39.6609791972456, 16.447026710711], [39.7267631165559, 16.447026710711], [39.7686256104174, 16.4126097522717], [39.8164684613148, 16.4068730002195], [39.8164684613148, 16.349496185188], [39.8104881051772, 16.309322378279], [39.7626452542798, 16.309322378279], [39.7088220481431, 16.309322378279], [39.6789202665567, 16.3322798498385], [39.6430381288328, 16.3380187965207], [39.571273853385, 16.3437575747008], [39.5294113595235, 16.3724489370893], [39.487548865662, 16.3839243012057], [39.3739220963526, 16.3839243012057], [39.3260792454552, 16.4126097522717], [39.3380399586287, 16.4642329028125], [39.3799024524902, 16.4814375671311], [39.4456863718005, 16.4929064952162], [39.5114702902124, 16.4929064952162], [39.571273853385, 16.5101086115205], [39.6250970595217, 16.4871721156768], [39.6609791972456, 16.447026710711]]]}, "properties": {"OBJECTID": 307, "id": null, "name": null, "continent": null, "S2": null, "Shape__Area": 737700941.5219727, "Shape__Length": 132960.39379292805}}, {"type": "Feature", "id": 308, "geometry": {"type": "Polygon", "coordinates": [[[40.1633291253804, 16.2232079149333], [40.1812701946915, 16.1772647846739], [40.1573487692428, 16.1542892088141], [40.1274469876565, 16.1600333529163], [40.0736237815198, 16.1715211404676], [40.001859506072, 16.1887515702318], [39.9898987928984, 16.2289500531467], [40.0078398622096, 16.2576582315097], [40.0556827122087, 16.2633993639272], [40.1095059192437, 16.2461754634338], [40.1633291253804, 16.2232079149333]]]}, "properties": {"OBJECTID": 308, "id": null, "name": null, "continent": null, "S2": null, "Shape__Area": 177500287.5131836, "Shape__Length": 54188.941191931495}}, {"type": "Feature", "id": 309, "geometry": {"type": "Polygon", "coordinates": [[[39.0390221436639, 16.4929064952162], [39.0808846384238, 16.4814375671311], [39.0928453506989, 16.4642329028125], [39.0808846384238, 16.4011360790343], [39.0450025006998, 16.3724489370893], [39.00314000594, 16.3609728985638], [38.9552971559409, 16.3781867031517], [38.9552971559409, 16.4068730002195], [38.9792185813896, 16.4355550689609], [39.0210810752511, 16.44129097456], [39.0390221436639, 16.4929064952162]]]}, "properties": {"OBJECTID": 309, "id": null, "name": null, "continent": null, "S2": null, "Shape__Area": 139163771.0366211, "Shape__Length": 49038.61286520008}}, {"type": "Feature", "id": 310, "geometry": {"type": "Polygon", "coordinates": [[[38.5605936409779, 16.4584976753205], [38.5725543541514, 16.4068730002195], [38.5306918602899, 16.3896617294749], [38.48882936553, 16.3953989887686], [38.4768686532548, 16.4355550689609], [38.5127507909788, 16.4699679606465], [38.5605936409779, 16.4584976753205]]]}, "properties": {"OBJECTID": 310, "id": null, "name": null, "continent": null, "S2": null, "Shape__Area": 71797868.93017578, "Shape__Length": 31900.452502875833}}, {"type": "Feature", "id": 311, "geometry": {"type": "Polygon", "coordinates": [[[36.3897243100287, 13.2566255590409], [36.4016850223039, 13.2100531359662], [36.419626091615, 13.175117984262], [36.4614885854765, 13.1401778454697], [36.4614885854765, 13.1052327318728], [36.4315868038902, 13.0702826557639], [36.3837439538911, 13.0935832575777], [36.3478618161672, 13.1227059093163], [36.3179600345808, 13.1401778454697], [36.3059993223056, 13.1925861838301], [36.3059993223056, 13.2275188373869], [36.3239403907184, 13.2508044933087], [36.335901103892, 13.2799084290222], [36.3897243100287, 13.2566255590409]]]}, "properties": {"OBJECTID": 311, "id": null, "name": null, "continent": null, "S2": null, "Shape__Area": 234229466.67529297, "Shape__Length": 63925.57883735988}}, {"type": "Feature", "id": 312, "geometry": {"type": "Polygon", "coordinates": [[[36.7724671127165, 13.6288815049248], [36.814329606578, 13.6114449710243], [36.8083492504404, 13.5940071530338], [36.7963885372669, 13.5533139207738], [36.7784474688541, 13.5416860027466], [36.760506399543, 13.5475000328371], [36.7485456872678, 13.5823812270495], [36.7724671127165, 13.6288815049248]]]}, "properties": {"OBJECTID": 312, "id": null, "name": null, "continent": null, "S2": null, "Shape__Area": 46314057.662109375, "Shape__Length": 26692.33118581968}}, {"type": "Feature", "id": 313, "geometry": {"type": "Polygon", "coordinates": [[[37.3764830969871, 13.7799440760837], [37.4303063040221, 13.7741357760557], [37.4183455908486, 13.7276641822915], [37.4004045224358, 13.6928044420998], [37.3824634531247, 13.6753726336042], [37.3705027408495, 13.6346933967905], [37.328640246988, 13.6346933967905], [37.2807973960906, 13.6579395337019], [37.3047188215393, 13.7160448441796], [37.3465813154008, 13.7334736364005], [37.3764830969871, 13.7799440760837]]]}, "properties": {"OBJECTID": 313, "id": null, "name": null, "continent": null, "S2": null, "Shape__Area": 151794877.62841797, "Shape__Length": 52790.34697463864}}, {"type": "Feature", "id": 314, "geometry": {"type": "Polygon", "coordinates": [[[36.9458974443002, 13.7741357760557], [37.0057010074728, 13.7567100092389], [36.9757992258865, 13.7276641822915], [36.9279563758874, 13.7160448441796], [36.8860938820258, 13.7160448441796], [36.8561921004395, 13.7276641822915], [36.8561921004395, 13.7567100092389], [36.8920742381634, 13.7567100092389], [36.9458974443002, 13.7741357760557]]]}, "properties": {"OBJECTID": 314, "id": null, "name": null, "continent": null, "S2": null, "Shape__Area": 74457049.32617188, "Shape__Length": 39031.485234005224}}, {"type": "Feature", "id": 315, "geometry": {"type": "Polygon", "coordinates": [[[33.5311140061875, 11.2756744150546], [33.5849372123243, 11.2639443311076], [33.5968979254978, 11.2170192195674], [33.5968979254978, 11.1876871516739], [33.5729765000491, 11.170086485272], [33.5550354316363, 11.158352113527], [33.5191532939123, 11.158352113527], [33.4772907991525, 11.158352113527], [33.4234675930158, 11.1876871516739], [33.4593497307397, 11.2170192195674], [33.5311140061875, 11.2756744150546]]]}, "properties": {"OBJECTID": 315, "id": null, "name": null, "continent": null, "S2": null, "Shape__Area": 170409139.89404297, "Shape__Length": 51792.270496529425}}, {"type": "Feature", "id": 316, "geometry": {"type": "Polygon", "coordinates": [[[34.0573853588727, 10.8942043311511], [34.0813067843214, 10.8354727751785], [34.0514050027351, 10.8061026723736], [34.0155228650112, 10.8354727751785], [34.0095425088736, 10.8707130954258], [34.0573853588727, 10.8942043311511]]]}, "properties": {"OBJECTID": 316, "id": null, "name": null, "continent": null, "S2": null, "Shape__Area": 48086844.092285156, "Shape__Length": 27081.02740208414}}, {"type": "Feature", "id": 317, "geometry": {"type": "Polygon", "coordinates": [[[34.0394442904599, 10.6474546406516], [34.0753264281838, 10.6121882599328], [34.0394442904599, 10.5769178116169], [34.0095425088736, 10.5827965014472], [34.0095425088736, 10.623944173353], [34.0394442904599, 10.6474546406516]]]}, "properties": {"OBJECTID": 317, "id": null, "name": null, "continent": null, "S2": null, "Shape__Area": 37006926.47949219, "Shape__Length": 23615.252651446277}}, {"type": "Feature", "id": 318, "geometry": {"type": "Polygon", "coordinates": [[[34.4461085176981, 10.7943538252641], [34.4700299431468, 10.7003465572314], [34.481990655422, 10.6474546406516], [34.4520888738357, 10.6004318954403], [34.3863049545255, 10.5945535438601], [34.3504228168016, 10.6180662727257], [34.2965996106649, 10.6533319742583], [34.2666978290786, 10.7003465572314], [34.2128746229419, 10.7473538507744], [34.2128746229419, 10.7943538252641], [34.2846388983897, 10.823725079399], [34.398265667699, 10.7943538252641], [34.4461085176981, 10.7943538252641]]]}, "properties": {"OBJECTID": 318, "id": null, "name": null, "continent": null, "S2": null, "Shape__Area": 514551392.6279297, "Shape__Length": 89435.21165010148}}, {"type": "Feature", "id": 319, "geometry": {"type": "Polygon", "coordinates": [[[34.7092441940407, 11.7210584975796], [34.7271852633518, 11.6624957481351], [34.7092441940407, 11.6507817127443], [34.6853227694903, 11.6097787051709], [34.6733620563168, 11.5570516960913], [34.7032638379031, 11.533614281249], [34.739145975627, 11.5101749098249], [34.7570870440398, 11.4339834866052], [34.7630674010757, 11.3343176400666], [34.7331656194894, 11.293268641786], [34.6913031256279, 11.293268641786], [34.6673817001792, 11.3519082652969], [34.6374799185929, 11.4163979352909], [34.6135584940425, 11.4867335864591], [34.5836567124562, 11.5394738183159], [34.5178727931459, 11.5746284702953], [34.4939513676972, 11.6507817127443], [34.5358138615588, 11.7093469392938], [34.6075781370066, 11.7034909740534], [34.7092441940407, 11.7210584975796]]]}, "properties": {"OBJECTID": 319, "id": null, "name": null, "continent": null, "S2": null, "Shape__Area": 729058606.3867188, "Shape__Length": 136045.7245991218}}, {"type": "Feature", "id": 320, "geometry": {"type": "Polygon", "coordinates": [[[34.9065959519714, 11.5453332330377], [34.9065959519714, 11.4925941001719], [34.8766941703851, 11.4691513137776], [34.8467923887988, 11.5043147619136], [34.82287096335, 11.5453332330377], [34.858753101074, 11.5687696681797], [34.9065959519714, 11.5453332330377]]]}, "properties": {"OBJECTID": 320, "id": null, "name": null, "continent": null, "S2": null, "Shape__Area": 65149918.408691406, "Shape__Length": 31576.254072290893}}, {"type": "Feature", "id": 321, "geometry": {"type": "Polygon", "coordinates": [[[34.6673817001792, 11.164219359127], [34.7212049063159, 11.170086485272], [34.7271852633518, 11.1231461575976], [34.6972834817655, 11.0938046117924], [34.6793424124544, 11.0409824071409], [34.6494406317664, 11.0468520109077], [34.6374799185929, 11.0996731569176], [34.6673817001792, 11.164219359127]]]}, "properties": {"OBJECTID": 321, "id": null, "name": null, "continent": null, "S2": null, "Shape__Area": 90633729.81103516, "Shape__Length": 39995.17653976092}}, {"type": "Feature", "id": 323, "geometry": {"type": "Polygon", "coordinates": [[[37.7620138561935, 15.636800555293], [37.7615339177782, 15.6104548438925], [37.7456959500743, 15.60629468528], [37.7212190899972, 15.6123037761873], [37.7183394595056, 15.6340274821709], [37.7389768122605, 15.6446573917826], [37.7620138561935, 15.636800555293]]]}, "properties": {"OBJECTID": 323, "id": null, "name": null, "continent": null, "S2": null, "Shape__Area": 16880868.610839844, "Shape__Length": 15542.43728052502}}, {"type": "Feature", "id": 324, "geometry": {"type": "Polygon", "coordinates": [[[42.6690984090183, 16.0508661385099], [42.7289019712926, 16.0336237276059], [42.7289019712926, 16.0221279575451], [42.7289019712926, 15.9818875510315], [42.7289019712926, 15.9416390485746], [42.7289019712926, 15.9071339021725], [42.6810591212935, 15.8898791066405], [42.6152752019833, 15.8898791066405], [42.5315502142603, 15.8783750882459], [42.501648432674, 15.8323524474459], [42.4717466510876, 15.75178761107], [42.4239038010885, 15.75178761107], [42.3880216633646, 15.7863193209522], [42.3162573879168, 15.8438590915305], [42.3162573879168, 15.9128851714024], [42.3461591695031, 15.9358886028025], [42.4358645133637, 15.958889396571], [42.5494912826731, 15.958889396571], [42.5973341335705, 16.0048830619182], [42.6690984090183, 16.0508661385099]]]}, "properties": {"OBJECTID": 324, "id": null, "name": null, "continent": null, "S2": null, "Shape__Area": 744570490.0595703, "Shape__Length": 133941.91632290458}}, {"type": "Feature", "id": 325, "geometry": {"type": "Polygon", "coordinates": [[[43.0398804985326, 16.073853698285], [43.063801923083, 16.0451188339983], [43.1116447739805, 16.0163798245272], [43.153507267842, 16.0163798245272], [43.2073304739787, 16.0106315259672], [43.2432126117026, 16.0048830619182], [43.2432126117026, 15.9703888044672], [43.2133108310146, 15.9243872160536], [43.1953697617035, 15.9243872160536], [43.1236054862557, 15.8611178287957], [43.1236054862557, 15.8208451480052], [43.0578215669454, 15.7978285838991], [43.033900142395, 15.849612167681], [43.0398804985326, 15.9128851714024], [43.0279197853591, 15.9646391834829], [42.9920376476352, 15.9991344324334], [42.9561555108096, 16.0163798245272], [42.8903715914994, 16.0451188339983], [42.9322340853609, 16.1025844107587], [42.9980180046711, 16.1025844107587], [43.0398804985326, 16.073853698285]]]}, "properties": {"OBJECTID": 325, "id": null, "name": null, "continent": null, "S2": null, "Shape__Area": 565519015.894043, "Shape__Length": 120225.50469314265}}, {"type": "Feature", "id": 326, "geometry": {"type": "Polygon", "coordinates": [[[42.9142930160498, 15.9416390485746], [42.9262537292233, 15.9186362760472], [42.9142930160498, 15.9013824684107], [42.8843912353618, 15.9013824684107], [42.8903715914994, 15.9358886028025], [42.9142930160498, 15.9416390485746]]]}, "properties": {"OBJECTID": 326, "id": null, "name": null, "continent": null, "S2": null, "Shape__Area": 15955081.770019531, "Shape__Length": 15500.56627235583}}, {"type": "Feature", "id": 327, "geometry": {"type": "Polygon", "coordinates": [[[42.1547877686084, 15.0310591237284], [42.2026306186075, 15.0195073300273], [42.1787091931587, 14.9848482001171], [42.1547877686084, 14.9559613036954], [42.124885987022, 14.9270705163468], [42.0531217115742, 14.8981758448941], [42.0172395738503, 14.9097341796517], [42.0052788615751, 14.9617389942985], [42.0471413554366, 14.9848482001171], [42.1069449177109, 14.9964018673519], [42.1547877686084, 15.0310591237284]]]}, "properties": {"OBJECTID": 327, "id": null, "name": null, "continent": null, "S2": null, "Shape__Area": 167749958.86572266, "Shape__Length": 57076.980811857546}}, {"type": "Feature", "id": 328, "geometry": {"type": "Polygon", "coordinates": [[[42.3162573879168, 15.1003567393876], [42.3521395256407, 15.0945828004237], [42.3581198817783, 15.0599358718458], [42.328218100192, 15.0541608354139], [42.2923359624681, 15.0657107516597], [42.3162573879168, 15.1003567393876]]]}, "properties": {"OBJECTID": 328, "id": null, "name": null, "continent": null, "S2": null, "Shape__Area": 26813401.599121094, "Shape__Length": 20504.62546292534}}, {"type": "Feature", "id": 329, "geometry": {"type": "Polygon", "coordinates": [[[41.0005790053056, 14.6842352250431], [41.0304807868919, 14.6784501255439], [41.0245004307543, 14.6437363164097], [40.994598649168, 14.6437363164097], [40.9706772237193, 14.6495223331398], [40.9587165114441, 14.6726648730355], [41.0005790053056, 14.6842352250431]]]}, "properties": {"OBJECTID": 329, "id": null, "name": null, "continent": null, "S2": null, "Shape__Area": 28142991.895996094, "Shape__Length": 21341.40248487399}}, {"type": "Feature", "id": 330, "geometry": {"type": "Polygon", "coordinates": [[[40.1214666315189, 14.7305105078532], [40.1812701946915, 14.7305105078532], [40.1872505508291, 14.7015896058051], [40.1633291253804, 14.6784501255439], [40.1334273437941, 14.6437363164097], [40.1274469876565, 14.5685042233699], [40.0736237815198, 14.551139319989], [40.0198005744848, 14.5395619577796], [39.9779380806232, 14.5453507143214], [39.9181345174506, 14.5569277729882], [39.8882327367626, 14.5974426898583], [39.8702916674515, 14.6495223331398], [39.8463702429011, 14.7015896058051], [39.8523505990387, 14.7594275714508], [39.9061738051754, 14.7594275714508], [39.9300952306241, 14.7305105078532], [39.9898987928984, 14.695804965663], [40.0497023560711, 14.7015896058051], [40.1214666315189, 14.7305105078532]]]}, "properties": {"OBJECTID": 330, "id": null, "name": null, "continent": null, "S2": null, "Shape__Area": 604520327.4555664, "Shape__Length": 110300.05142131976}}, {"type": "Feature", "id": 331, "geometry": {"type": "Polygon", "coordinates": [[[40.3068576762761, 14.4469212592238], [40.3307791017248, 14.4179631126704], [40.3068576762761, 14.394793885392], [40.2649951824145, 14.394793885392], [40.2530344701393, 14.429546822919], [40.3068576762761, 14.4469212592238]]]}, "properties": {"OBJECTID": 331, "id": null, "name": null, "continent": null, "S2": null, "Shape__Area": 35234139.48339844, "Shape__Length": 23214.922589229485}}, {"type": "Feature", "id": 332, "geometry": {"type": "Polygon", "coordinates": [[[39.3918631647654, 14.3310661212463], [39.4696077963509, 14.3136826756195], [39.4935292217996, 14.29050265404], [39.4755881524885, 14.2615242681899], [39.4277453024894, 14.2499318705703], [39.3380399586287, 14.2499318705703], [39.2662756831809, 14.2325421573554], [39.2064721200083, 14.2035563267325], [39.1466685568357, 14.2383388772577], [39.1526489138716, 14.2731160705433], [39.1885310515955, 14.3252717889963], [39.2483346138698, 14.3542419535683], [39.31411853318, 14.3368603046671], [39.3918631647654, 14.3310661212463]]]}, "properties": {"OBJECTID": 332, "id": null, "name": null, "continent": null, "S2": null, "Shape__Area": 388683523.8330078, "Shape__Length": 90410.92820267595}}, {"type": "Feature", "id": 333, "geometry": {"type": "Polygon", "coordinates": [[[38.9552971559409, 14.2731160705433], [38.9672578691144, 14.2325421573554], [38.9493167998033, 14.2151511044592], [38.9014739498042, 14.1919609542187], [38.8655918120803, 14.1629699296459], [38.8297096743564, 14.1803649891042], [38.8237293182188, 14.2093537898632], [38.8536310989068, 14.2789117475947], [38.9552971559409, 14.2731160705433]]]}, "properties": {"OBJECTID": 333, "id": null, "name": null, "continent": null, "S2": null, "Shape__Area": 139828565.8857422, "Shape__Length": 46676.9298171769}}, {"type": "Feature", "id": 334, "geometry": {"type": "Polygon", "coordinates": [[[39.0210810752511, 13.9076900459304], [39.0091203629759, 13.8902742786384], [38.9552971559409, 13.8728572012613], [38.9014739498042, 13.8786630396766], [38.8536310989068, 13.8844687318636], [38.919415018217, 13.9134950113691], [39.0210810752511, 13.9076900459304]]]}, "properties": {"OBJECTID": 334, "id": null, "name": null, "continent": null, "S2": null, "Shape__Area": 53626803.59814453, "Shape__Length": 39492.75387445007}}, {"type": "Feature", "id": 335, "geometry": {"type": "Polygon", "coordinates": [[[39.230393545457, 13.9947491939618], [39.2423542577322, 13.9657331304964], [39.2124524761459, 13.9541256817034], [39.1885310515955, 13.9599294791694], [39.1885310515955, 13.9947491939618], [39.230393545457, 13.9947491939618]]]}, "properties": {"OBJECTID": 335, "id": null, "name": null, "continent": null, "S2": null, "Shape__Area": 22603032.590820312, "Shape__Length": 18569.502606634476}}, {"type": "Feature", "id": 336, "geometry": {"type": "Polygon", "coordinates": [[[40.7015611912391, 14.0295636356849], [40.7494040412382, 14.0179594087086], [40.7553843973758, 13.9889462741681], [40.7075415473767, 13.9715366356285], [40.6776397657904, 13.9425176477057], [40.6417576280665, 13.8670512184179], [40.5939147780674, 13.9018849357278], [40.599895134205, 13.9541256817034], [40.6357772719289, 14.006354594071], [40.7015611912391, 14.0295636356849]]]}, "properties": {"OBJECTID": 336, "id": null, "name": null, "continent": null, "S2": null, "Shape__Area": 157999631.2836914, "Shape__Length": 56490.44581199933}}, {"type": "Feature", "id": 337, "geometry": {"type": "Polygon", "coordinates": [[[41.2457736132354, 13.9018849357278], [41.2696950377858, 13.8612450903303], [41.251753969373, 13.8438258351621], [41.2696950377858, 13.7741357760557], [41.2577343255106, 13.7392829456823], [41.2158718316491, 13.7102349594165], [41.1979307623379, 13.6695617439121], [41.1381272000636, 13.6230694692434], [41.0723432807534, 13.6230694692434], [41.0245004307543, 13.6346933967905], [40.9826379368928, 13.6637507108835], [41.0125397175808, 13.7044249309235], [41.078323636891, 13.7450921109534], [41.132146843926, 13.7450921109534], [41.1500879123388, 13.7915602428728], [41.1859700500627, 13.8496323986464], [41.2457736132354, 13.9018849357278]]]}, "properties": {"OBJECTID": 337, "id": null, "name": null, "continent": null, "S2": null, "Shape__Area": 452503852.0107422, "Shape__Length": 101305.44219175032}}, {"type": "Feature", "id": 338, "geometry": {"type": "Polygon", "coordinates": [[[40.4384255148965, 13.7509011321577], [40.4384255148965, 13.7160448441796], [40.3905826639991, 13.6869939827543], [40.342739814, 13.6869939827543], [40.2889166078633, 13.6753726336042], [40.2530344701393, 13.7044249309235], [40.2948969640009, 13.7392829456823], [40.342739814, 13.7799440760837], [40.4384255148965, 13.7509011321577]]]}, "properties": {"OBJECTID": 338, "id": null, "name": null, "continent": null, "S2": null, "Shape__Area": 152459672.37841797, "Shape__Length": 51312.16843378925}}, {"type": "Feature", "id": 339, "geometry": {"type": "Polygon", "coordinates": [[[39.8643113113139, 13.6695617439121], [39.912154161313, 13.6346933967905], [39.8882327367626, 13.5940071530338], [39.882252380625, 13.5649412708333], [39.8523505990387, 13.5184284611008], [39.8045077481413, 13.4835378940433], [39.7865666797285, 13.4311924942218], [39.7506845420046, 13.4311924942218], [39.7207827604183, 13.466090699492], [39.7148024042807, 13.4951686503795], [39.7626452542798, 13.5300575163297], [39.7626452542798, 13.5591276673735], [39.7865666797285, 13.6114449710243], [39.8463702429011, 13.6288815049248], [39.8643113113139, 13.6695617439121]]]}, "properties": {"OBJECTID": 339, "id": null, "name": null, "continent": null, "S2": null, "Shape__Area": 257054099.04492188, "Shape__Length": 75824.20711928721}}, {"type": "Feature", "id": 340, "geometry": {"type": "Polygon", "coordinates": [[[39.5174506472483, 13.6637507108835], [39.5533327849722, 13.6405051456573], [39.5174506472483, 13.6114449710243], [39.4815685095244, 13.6114449710243], [39.4456863718005, 13.5707547319702], [39.4157845902142, 13.5707547319702], [39.4157845902142, 13.6114449710243], [39.4576470840757, 13.646316751469], [39.5174506472483, 13.6637507108835]]]}, "properties": {"OBJECTID": 340, "id": null, "name": null, "continent": null, "S2": null, "Shape__Area": 79332213.515625, "Shape__Length": 41209.198195225064}}, {"type": "Feature", "id": 341, "geometry": {"type": "Polygon", "coordinates": [[[40.1872505508291, 13.5416860027466], [40.1992112631043, 13.489353343443], [40.1752898385539, 13.4486422326675], [40.1513684131052, 13.4486422326675], [40.1214666315189, 13.4602746851722], [40.1154862753813, 13.506798839258], [40.1872505508291, 13.5416860027466]]]}, "properties": {"OBJECTID": 341, "id": null, "name": null, "continent": null, "S2": null, "Shape__Area": 68252294.57177734, "Shape__Length": 32052.00233737754}}, {"type": "Feature", "id": 342, "geometry": {"type": "Polygon", "coordinates": [[[41.162048624614, 13.4486422326675], [41.2397932570978, 13.4486422326675], [41.2936164632345, 13.4486422326675], [41.2936164632345, 13.4137414874282], [41.2876361070969, 13.3904715057904], [41.2577343255106, 13.3671992740932], [41.2577343255106, 13.3381058260627], [41.2098914755115, 13.3264674659696], [41.1441075562012, 13.3264674659696], [41.0902843500645, 13.3322867160474], [41.0484218553047, 13.3671992740932], [41.078323636891, 13.4079242025044], [41.162048624614, 13.4486422326675]]]}, "properties": {"OBJECTID": 342, "id": null, "name": null, "continent": null, "S2": null, "Shape__Area": 292953033.8100586, "Shape__Length": 70102.83776440144}}, {"type": "Feature", "id": 343, "geometry": {"type": "Polygon", "coordinates": [[[39.0868649945614, 13.157648537047], [39.0928453506989, 13.1110572622774], [39.0808846384238, 13.0877583129262], [39.0450025006998, 13.0819332314729], [39.0091203629759, 13.0702826557639], [38.9851989375272, 13.1227059093163], [39.00314000594, 13.1634718251373], [39.0509828568374, 13.1984086396938], [39.0868649945614, 13.157648537047]]]}, "properties": {"OBJECTID": 343, "id": null, "name": null, "continent": null, "S2": null, "Shape__Area": 116339139.66259766, "Shape__Length": 41026.2150226963}}, {"type": "Feature", "id": 344, "geometry": {"type": "Polygon", "coordinates": [[[39.4277453024894, 13.1692949739363], [39.4516667279381, 13.1401778454697], [39.4516667279381, 13.1168816547775], [39.4397060147646, 13.0761080123998], [39.397843520903, 13.0469798538565], [39.3619613831791, 13.0411538102612], [39.3440203147663, 13.0819332314729], [39.3739220963526, 13.1285300267115], [39.4277453024894, 13.1692949739363]]]}, "properties": {"OBJECTID": 344, "id": null, "name": null, "continent": null, "S2": null, "Shape__Area": 107475205.07958984, "Shape__Length": 40489.5989219487}}, {"type": "Feature", "id": 345, "geometry": {"type": "Polygon", "coordinates": [[[39.6011756349713, 13.244983288308], [39.6430381288328, 13.244983288308], [39.6609791972456, 13.2158751753867], [39.6609791972456, 13.1809408560574], [39.6071559911089, 13.1692949739363], [39.5772542095226, 13.1867635892657], [39.6011756349713, 13.244983288308]]]}, "properties": {"OBJECTID": 345, "id": null, "name": null, "continent": null, "S2": null, "Shape__Area": 61161147.217285156, "Shape__Length": 29726.03769788085}}, {"type": "Feature", "id": 346, "geometry": {"type": "Polygon", "coordinates": [[[40.0377416437959, 13.175117984262], [40.0736237815198, 13.1518251114717], [40.0616630683463, 13.1168816547775], [40.0437219999335, 13.1052327318728], [40.0257809306224, 13.0877583129262], [39.9958791499344, 13.0877583129262], [39.9839184367608, 13.1227059093163], [39.9779380806232, 13.1692949739363], [40.0377416437959, 13.175117984262]]]}, "properties": {"OBJECTID": 346, "id": null, "name": null, "continent": null, "S2": null, "Shape__Area": 77337828.26953125, "Shape__Length": 33832.76820596702}}, {"type": "Feature", "id": 347, "geometry": {"type": "Polygon", "coordinates": [[[40.3846023078615, 12.9945405254609], [40.3726415955863, 12.9537467200127], [40.3367594578624, 12.9304329723815], [40.3008773201385, 12.9304329723815], [40.2709755385521, 12.947918486853], [40.2709755385521, 12.9887132489306], [40.3128380324137, 13.0003676652267], [40.3846023078615, 12.9945405254609]]]}, "properties": {"OBJECTID": 347, "id": null, "name": null, "continent": null, "S2": null, "Shape__Area": 79997008.36523438, "Shape__Length": 35046.614223117125}}, {"type": "Feature", "id": 348, "geometry": {"type": "Polygon", "coordinates": [[[42.382041307227, 13.7276641822915], [42.4059627317774, 13.7044249309235], [42.3880216633646, 13.6811833799036], [42.3461591695031, 13.6811833799036], [42.298316319504, 13.6811833799036], [42.2803752501929, 13.7044249309235], [42.3102770317792, 13.7334736364005], [42.382041307227, 13.7276641822915]]]}, "properties": {"OBJECTID": 348, "id": null, "name": null, "continent": null, "S2": null, "Shape__Area": 64928319.626953125, "Shape__Length": 33133.07103578866}}, {"type": "Feature", "id": 349, "geometry": {"type": "Polygon", "coordinates": [[[42.4896877203988, 13.3962892120659], [42.4538055826748, 13.3788356714098], [42.3700805940535, 13.3671992740932], [42.328218100192, 13.343924796833], [42.2684145379177, 13.343924796833], [42.2026306186075, 13.3381058260627], [42.1667484808836, 13.343924796833], [42.1368466992972, 13.3671992740932], [42.1368466992972, 13.4079242025044], [42.1846895492964, 13.4079242025044], [42.2743948940553, 13.4079242025044], [42.3641002379159, 13.4079242025044], [42.4896877203988, 13.3962892120659]]]}, "properties": {"OBJECTID": 349, "id": null, "name": null, "continent": null, "S2": null, "Shape__Area": 220490366.8696289, "Shape__Length": 85572.20852100263}}, {"type": "Feature", "id": 350, "geometry": {"type": "Polygon", "coordinates": [[[42.8724305221883, 13.4079242025044], [42.8843912353618, 13.3846536588861], [42.8843912353618, 13.3555623160413], [42.8544894537755, 13.3322867160474], [42.812626959914, 13.3090088759275], [42.8066466028781, 13.2740879209321], [42.7588037528789, 13.2740879209321], [42.6990001897063, 13.3090088759275], [42.6870394774311, 13.3555623160413], [42.7049805467422, 13.3904715057904], [42.7588037528789, 13.3846536588861], [42.8724305221883, 13.4079242025044]]]}, "properties": {"OBJECTID": 350, "id": null, "name": null, "continent": null, "S2": null, "Shape__Area": 220933565.59716797, "Shape__Length": 61985.12340114631}}, {"type": "Feature", "id": 351, "geometry": {"type": "Polygon", "coordinates": [[[43.2432126117026, 13.0411538102612], [43.3269376003239, 13.0702826557639], [43.3508590248743, 13.052805760174], [43.3329179564615, 13.0061946681708], [43.3089965310128, 12.9712305984472], [43.2671340371513, 12.959574815932], [43.2252715432898, 12.9129462318063], [43.2133108310146, 12.959574815932], [43.2432126117026, 13.0411538102612]]]}, "properties": {"OBJECTID": 351, "id": null, "name": null, "continent": null, "S2": null, "Shape__Area": 136947786.70751953, "Shape__Length": 51024.03418579418}}, {"type": "Feature", "id": 352, "geometry": {"type": "Polygon", "coordinates": [[[42.5076287888116, 12.0487787891902], [42.6092948458457, 12.0487787891902], [42.6750787651559, 12.0487787891902], [42.7169412590174, 12.0312323850252], [42.722921615155, 12.0019858328703], [42.6810591212935, 11.9844363771859], [42.6332162712944, 11.9610353293258], [42.5435109265355, 11.9610353293258], [42.4777270072252, 11.9610353293258], [42.4239038010885, 11.9902863232007], [42.3999823756398, 12.0195341449953], [42.3581198817783, 12.0487787891902], [42.3521395256407, 12.0897159370215], [42.3880216633646, 12.1131057821655], [42.4239038010885, 12.1189529232035], [42.4538055826748, 12.078020247634], [42.5076287888116, 12.0487787891902]]]}, "properties": {"OBJECTID": 352, "id": null, "name": null, "continent": null, "S2": null, "Shape__Area": 394001884.32177734, "Shape__Length": 98420.75996825755}}, {"type": "Feature", "id": 353, "geometry": {"type": "Polygon", "coordinates": [[[42.9142930160498, 12.0604757557921], [42.9382144414985, 12.0429301151544], [42.9382144414985, 12.0136848346819], [42.9083126599122, 12.0078353972875], [42.8843912353618, 12.0195341449953], [42.9142930160498, 12.0604757557921]]]}, "properties": {"OBJECTID": 353, "id": null, "name": null, "continent": null, "S2": null, "Shape__Area": 22603032.857421875, "Shape__Length": 18755.937465633302}}, {"type": "Feature", "id": 354, "geometry": {"type": "Polygon", "coordinates": [[[41.1201861307525, 12.5571192742462], [41.1500879123388, 12.5162548987561], [41.2338129000619, 12.4812231406541], [41.2158718316491, 12.4578660007473], [41.162048624614, 12.4637054830962], [41.1142057746149, 12.4637054830962], [41.0484218553047, 12.4870620973618], [41.0005790053056, 12.5220930639566], [41.0245004307543, 12.580467431985], [41.1201861307525, 12.5571192742462]]]}, "properties": {"OBJECTID": 354, "id": null, "name": null, "continent": null, "S2": null, "Shape__Area": 185256228.45117188, "Shape__Length": 63148.97704617455}}, {"type": "Feature", "id": 355, "geometry": {"type": "Polygon", "coordinates": [[[40.8092076044108, 12.5512819026276], [40.8391093859971, 12.5454443994783], [40.8271486728236, 12.5162548987561], [40.8032272482732, 12.5220930639566], [40.8092076044108, 12.5512819026276]]]}, "properties": {"OBJECTID": 355, "id": null, "name": null, "continent": null, "S2": null, "Shape__Area": 10636721.1796875, "Shape__Length": 13119.085590321596}}, {"type": "Feature", "id": 356, "geometry": {"type": "Polygon", "coordinates": [[[39.5772542095226, 12.4637054830962], [39.6191167033841, 12.41698594507], [39.6131363472465, 12.387781971457], [39.5772542095226, 12.3585747280324], [39.5473524279363, 12.3235217301195], [39.5054899340748, 12.2826206447918], [39.4636274402133, 12.2300241951413], [39.4277453024894, 12.2592457398535], [39.4277453024894, 12.3293642220207], [39.433725658627, 12.4228263466043], [39.4456863718005, 12.4929009214188], [39.5114702902124, 12.4929009214188], [39.5772542095226, 12.4637054830962]]]}, "properties": {"OBJECTID": 356, "id": null, "name": null, "continent": null, "S2": null, "Shape__Area": 404195409.5673828, "Shape__Length": 82378.09219194677}}, {"type": "Feature", "id": 357, "geometry": {"type": "Polygon", "coordinates": [[[38.3692222400831, 12.5629565125227], [38.3991240216694, 12.5279310961604], [38.3931436655318, 12.4461866407739], [38.3572615278079, 12.4286666169995], [38.3094186778088, 12.4111454115771], [38.267556183049, 12.405304747938], [38.2316740453251, 12.4345067561981], [38.2436347584986, 12.4695448339021], [38.3094186778088, 12.5162548987561], [38.3692222400831, 12.5629565125227]]]}, "properties": {"OBJECTID": 357, "id": null, "name": null, "continent": null, "S2": null, "Shape__Area": 197444139.54248047, "Shape__Length": 56395.150509032756}}, {"type": "Feature", "id": 358, "geometry": {"type": "Polygon", "coordinates": [[[38.4110847339446, 12.2124897176172], [38.4529472278061, 12.1774172787425], [38.4469668716686, 12.1131057821655], [38.4110847339446, 12.1247999361139], [38.3931436655318, 12.1481867061967], [38.3453008155327, 12.171571421593], [38.3034383207729, 12.2066446335863], [38.3512811716703, 12.2241794984526], [38.4110847339446, 12.2124897176172]]]}, "properties": {"OBJECTID": 358, "id": null, "name": null, "continent": null, "S2": null, "Shape__Area": 106145614.21679688, "Shape__Length": 45599.40419060548}}, {"type": "Feature", "id": 359, "geometry": {"type": "Polygon", "coordinates": [[[38.494809722566, 12.276777113259], [38.5247115032539, 12.2826206447918], [38.5366722164275, 12.2592457398535], [38.5366722164275, 12.2300241951413], [38.5007900787036, 12.2300241951413], [38.494809722566, 12.276777113259]]]}, "properties": {"OBJECTID": 359, "id": null, "name": null, "continent": null, "S2": null, "Shape__Area": 23267827.97314453, "Shape__Length": 19062.128440180375}}, {"type": "Feature", "id": 360, "geometry": {"type": "Polygon", "coordinates": [[[36.6109974925097, 12.7438448868521], [36.6408992740961, 12.7205116674069], [36.6289385618209, 12.6855078175796], [36.6109974925097, 12.6563342644655], [36.5930564240969, 12.6388285313457], [36.5631546425106, 12.6388285313457], [36.4973707232004, 12.6096496439551], [36.4555082293389, 12.5979771580646], [36.4435475170637, 12.6504991534587], [36.4555082293389, 12.6680040869686], [36.5153117925115, 12.6913421270657], [36.5511939293371, 12.714678027434], [36.6109974925097, 12.7438448868521]]]}, "properties": {"OBJECTID": 360, "id": null, "name": null, "continent": null, "S2": null, "Shape__Area": 181489057.17285156, "Shape__Length": 59350.71141307241}}, {"type": "Feature", "id": 361, "geometry": {"type": "Polygon", "coordinates": [[[37.0834456390582, 12.387781971457], [37.1372688460932, 12.3936230278201], [37.1851116960923, 12.3760994655336], [37.1791313399547, 12.3585747280324], [37.155209914506, 12.3410488151223], [37.1372688460932, 12.3176791080618], [37.1253081329197, 12.276777113259], [37.0834456390582, 12.2183346725919], [37.0475635013343, 12.2183346725919], [36.9578581574737, 12.1949540777103], [36.8920742381634, 12.1423402063773], [36.844231387266, 12.1306468217169], [36.7365849749926, 12.1247999361139], [36.7007028372687, 12.1481867061967], [36.7246242618191, 12.2066446335863], [36.7545260434054, 12.2241794984526], [36.7784474688541, 12.265089660293], [36.7963885372669, 12.3059934728306], [36.8860938820258, 12.3352065837076], [36.9877599381617, 12.3410488151223], [37.0834456390582, 12.387781971457]]]}, "properties": {"OBJECTID": 361, "id": null, "name": null, "continent": null, "S2": null, "Shape__Area": 837863400.4311523, "Shape__Length": 134796.30732605737}}, {"type": "Feature", "id": 362, "geometry": {"type": "Polygon", "coordinates": [[[37.3406009592632, 12.5162548987561], [37.3824634531247, 12.5104166023707], [37.3525616715384, 12.4812231406541], [37.3226598908504, 12.4812231406541], [37.2867777531265, 12.4403467641421], [37.2568759715402, 12.4403467641421], [37.2389349022291, 12.4695448339021], [37.274817039953, 12.4929009214188], [37.3406009592632, 12.5162548987561]]]}, "properties": {"OBJECTID": 362, "id": null, "name": null, "continent": null, "S2": null, "Shape__Area": 61825943.13183594, "Shape__Length": 38684.540625027585}}, {"type": "Feature", "id": 363, "geometry": {"type": "Polygon", "coordinates": [[[37.3047188215393, 12.3819407843013], [37.3226598908504, 12.3527328877813], [37.2927581092641, 12.3352065837076], [37.2867777531265, 12.3059934728306], [37.2389349022291, 12.3118363559054], [37.2389349022291, 12.3468909170845], [37.2449152583667, 12.3760994655336], [37.3047188215393, 12.3819407843013]]]}, "properties": {"OBJECTID": 363, "id": null, "name": null, "continent": null, "S2": null, "Shape__Area": 56285984.15917969, "Shape__Length": 30605.000366184748}}, {"type": "Feature", "id": 364, "geometry": {"type": "Polygon", "coordinates": [[[36.5930564240969, 12.2241794984526], [36.6169778486473, 12.1949540777103], [36.5930564240969, 12.171571421593], [36.5691349986482, 12.171571421593], [36.5691349986482, 12.2066446335863], [36.5930564240969, 12.2241794984526]]]}, "properties": {"OBJECTID": 364, "id": null, "name": null, "continent": null, "S2": null, "Shape__Area": 21273442.4609375, "Shape__Length": 18014.64524817894}}, {"type": "Feature", "id": 365, "geometry": {"type": "Polygon", "coordinates": [[[36.0549478056229, 8.94180992214161], [36.0977944523872, 8.94180992214161], [36.1255187536574, 8.92687105668534], [36.1330799264045, 8.89699149034204], [36.1255187536574, 8.87458021403847], [36.0977944523872, 8.83722504722782], [36.0826721068932, 8.81231949792003], [36.0499070234921, 8.78990306886472], [36.0247031137365, 8.79239384994239], [35.9994992039808, 8.80484750579729], [35.9994992039808, 8.83224407257337], [36.0297438958673, 8.84469638474467], [36.0473866328759, 8.85963860308407], [36.027223505251, 8.87956061617331], [36.0549478056229, 8.94180992214161]]]}, "properties": {"OBJECTID": 365, "id": null, "name": null, "continent": null, "S2": null, "Shape__Area": 151061304.90356445, "Shape__Length": 53458.69318204347}}, {"type": "Feature", "id": 366, "geometry": {"type": "Polygon", "coordinates": [[[35.1450866620062, 9.92389014241037], [35.1879333087705, 9.84195148938831], [35.2383411282818, 9.82456794318266], [35.3441975494353, 9.81215056528525], [35.3971257604611, 9.81215056528525], [35.4198092787022, 9.77986320605092], [35.4021665416936, 9.75254068198416], [35.3593198958276, 9.72273173932257], [35.3189936396796, 9.69540453931253], [35.3215140302958, 9.65813658860527], [35.3114324669326, 9.60595452917189], [35.2988305120547, 9.57861785692223], [35.2433819104126, 9.57116201865657], [35.2307799555348, 9.60098438976767], [35.2307799555348, 9.64074346522623], [35.233300346151, 9.67552881347682], [35.2156576091424, 9.6904357179711], [35.1803721360235, 9.70285763283361], [35.1450866620062, 9.72024754011297], [35.0971992331111, 9.74012061237471], [35.0770361054863, 9.75502464092783], [35.0442710229835, 9.80221632746447], [35.0417506323673, 9.83946818200431], [35.0493118051143, 9.89409663129444], [35.0568729778614, 9.92637281328824], [35.0719953233555, 9.9338207111785], [35.1022400152419, 9.92885546445529], [35.1450866620062, 9.92389014241037]]]}, "properties": {"OBJECTID": 366, "id": null, "name": null, "continent": null, "S2": null, "Shape__Area": 755149083.5463867, "Shape__Length": 135896.39548529286}}, {"type": "Feature", "id": 367, "geometry": {"type": "Polygon", "coordinates": [[[35.6668075950264, 10.0579272896046], [35.6945318953983, 10.0579272896046], [35.7096542417907, 10.052963937664], [35.7272969787993, 10.0380734255241], [35.7222561966685, 10.0182183435836], [35.7020930690436, 10.0058082998421], [35.6743687677734, 9.99091562084742], [35.6416036852707, 9.98595124292108], [35.6113589933843, 9.96857532531249], [35.56851234662, 9.95616338791533], [35.5181045271087, 9.95616338791533], [35.4853394446059, 9.96857532531249], [35.4853394446059, 9.99587992300043], [35.5357472641173, 10.0231822274534], [35.576073519367, 10.0380734255241], [35.6290017303929, 10.0355916071676], [35.6668075950264, 10.0579272896046]]]}, "properties": {"OBJECTID": 367, "id": null, "name": null, "continent": null, "S2": null, "Shape__Area": 181997777.09765625, "Shape__Length": 63093.76053970365}}, {"type": "Feature", "id": 368, "geometry": {"type": "Polygon", "coordinates": [[[34.890527172935, 9.82705136338983], [34.9157310826907, 9.83450151035277], [34.9283330375685, 9.82208450522011], [34.9283330375685, 9.80718348359249], [34.9157310826907, 9.78483069668941], [34.9031291278128, 9.76992800210204], [34.8880067823188, 9.75999250238417], [34.8602824810485, 9.77241183135455], [34.8678436546939, 9.79973272194117], [34.890527172935, 9.82705136338983]]]}, "properties": {"OBJECTID": 368, "id": null, "name": null, "continent": null, "S2": null, "Shape__Area": 39398740.23144531, "Shape__Length": 24276.433721991652}}, {"type": "Feature", "id": 369, "geometry": {"type": "Polygon", "coordinates": [[[35.07451571487, 10.1919088429686], [35.0694749327392, 10.1671016709767], [35.0442710229835, 10.149735503967], [35.0367098502365, 10.134849468363], [35.0215875038441, 10.1075566069591], [34.9938632034722, 10.0926686149883], [34.9636185115857, 10.0976313558344], [34.9258126469523, 10.1100378725266], [34.9207718648215, 10.1249250598806], [34.9409349924464, 10.154697362323], [34.9510165567079, 10.1869475627164], [34.9938632034722, 10.1894282129365], [35.07451571487, 10.1919088429686]]]}, "properties": {"OBJECTID": 369, "id": null, "name": null, "continent": null, "S2": null, "Shape__Area": 125950019.36376953, "Shape__Length": 46446.14033819108}}, {"type": "Feature", "id": 370, "geometry": {"type": "Polygon", "coordinates": [[[35.4122481059552, 10.6480115437393], [35.4450131884579, 10.6504885253301], [35.4651763169811, 10.6430575192799], [35.4727374897281, 10.6257178004329], [35.4802986624751, 10.6108544002146], [35.4702170982136, 10.5910354105994], [35.4399724072254, 10.586080462581], [35.4298908429638, 10.566259870888], [35.4021665416936, 10.5712151390359], [35.3920849783303, 10.595990278496], [35.3870441961996, 10.6158089472665], [35.4122481059552, 10.6480115437393]]]}, "properties": {"OBJECTID": 370, "id": null, "name": null, "continent": null, "S2": null, "Shape__Area": 67304542.06884766, "Shape__Length": 31580.400724673105}}, {"type": "Feature", "id": 371, "geometry": {"type": "Polygon", "coordinates": [[[34.655599300793, 10.9169066669202], [34.6595170513764, 10.8861302698412], [34.6438460490427, 10.8668934064587], [34.6242572961257, 10.8668934064587], [34.6046685432087, 10.870740878399], [34.5968330420418, 10.9053658911734], [34.6203395455423, 10.9169066669202], [34.655599300793, 10.9169066669202]]]}, "properties": {"OBJECTID": 371, "id": null, "name": null, "continent": null, "S2": null, "Shape__Area": 32619711.408203125, "Shape__Length": 21584.615393938257}}, {"type": "Feature", "id": 372, "geometry": {"type": "Polygon", "coordinates": [[[35.8230889809367, 11.343596393079], [35.7956647268528, 11.3397551488314], [35.7760759739358, 11.343596393079], [35.7564872210187, 11.3666427730847], [35.7133919646013, 11.3820059914168], [35.6624612061186, 11.3896872896838], [35.6389547026182, 11.4165701991386], [35.6702967072855, 11.4319307185648], [35.7094742140179, 11.4396106660879], [35.7604049716022, 11.4396106660879], [35.7995824774362, 11.4165701991386], [35.8230889809367, 11.343596393079]]]}, "properties": {"OBJECTID": 372, "id": null, "name": null, "continent": null, "S2": null, "Shape__Area": 128767024.6118164, "Shape__Length": 51369.32836367613}}, {"type": "Feature", "id": 373, "geometry": {"type": "Polygon", "coordinates": [[[36.5948858503596, 12.378788196425], [36.6340633561936, 12.3711347450993], [36.6223101044434, 12.3481730461961], [36.6066391021098, 12.3290367579862], [36.5909680997762, 12.3290367579862], [36.5713793468591, 12.3443459004145], [36.5948858503596, 12.378788196425]]]}, "properties": {"OBJECTID": 373, "id": null, "name": null, "continent": null, "S2": null, "Shape__Area": 24155704.657714844, "Shape__Length": 19420.139889491926}}, {"type": "Feature", "id": 374, "geometry": {"type": "Polygon", "coordinates": [[[37.4685442349511, 12.6006401581297], [37.4724619855345, 12.5700512222616], [37.4489554820341, 12.5509312880009], [37.4254489785336, 12.5624034191546], [37.4254489785336, 12.5968167407013], [37.4685442349511, 12.6006401581297]]]}, "properties": {"OBJECTID": 374, "id": null, "name": null, "continent": null, "S2": null, "Shape__Area": 23299794.365234375, "Shape__Length": 18590.168135073072}}, {"type": "Feature", "id": 377, "geometry": {"type": "Polygon", "coordinates": [[[36.6889118652597, 10.2583808430915], [36.7045828675933, 10.219827258641], [36.6849941146763, 10.1889810224154], [36.6771586135095, 10.1658443849841], [36.6340633561936, 10.1658443849841], [36.6027213515264, 10.1658443849841], [36.5752970974425, 10.1851250328271], [36.5870503491928, 10.2121159799012], [36.61839235386, 10.2545256956187], [36.6889118652597, 10.2583808430915]]]}, "properties": {"OBJECTID": 377, "id": null, "name": null, "continent": null, "S2": null, "Shape__Area": 112409619.7890625, "Shape__Length": 40723.411666151915}}, {"type": "Feature", "id": 378, "geometry": {"type": "Polygon", "coordinates": [[[37.4724619855345, 10.350890261122], [37.4881329887664, 10.3162024123771], [37.4842152372847, 10.2930750558131], [37.4724619855345, 10.2699460037747], [37.4724619855345, 10.2391046366188], [37.4607087337843, 10.1889810224154], [37.4450377314506, 10.1774129137964], [37.4215312279502, 10.1774129137964], [37.3901892232829, 10.1851250328271], [37.3784359715327, 10.2044045141937], [37.3627649691991, 10.2236828278556], [37.3549294680323, 10.2545256956187], [37.3549294680323, 10.2892203314496], [37.3784359715327, 10.3046389462572], [37.3901892232829, 10.3316197063568], [37.4176134773668, 10.3547442299173], [37.4724619855345, 10.350890261122]]]}, "properties": {"OBJECTID": 378, "id": null, "name": null, "continent": null, "S2": null, "Shape__Area": 219778873.08691406, "Shape__Length": 57040.429706149305}}, {"type": "Feature", "id": 379, "geometry": {"type": "Polygon", "coordinates": [[[36.739842622844, 12.7229593142258], [36.7633491263444, 12.7153160879786], [36.7555136251776, 12.6885629851544], [36.7437603734274, 12.6656295151703], [36.7124183687601, 12.6656295151703], [36.7085006181767, 12.7038508172657], [36.739842622844, 12.7229593142258]]]}, "properties": {"OBJECTID": 379, "id": null, "name": null, "continent": null, "S2": null, "Shape__Area": 28720562.23095703, "Shape__Length": 20845.20369091251}}, {"type": "Feature", "id": 383, "geometry": {"type": "Polygon", "coordinates": [[[36.5176753013465, 7.47425388274789], [36.5402045105814, 7.45563866297927], [36.5477142466936, 7.42957602635858], [36.5289399064131, 7.41840585174019], [36.4951460921117, 7.40723539267902], [36.4613522787086, 7.41095891110664], [36.4200487282949, 7.42957602635858], [36.4425779375298, 7.45563866297927], [36.5176753013465, 7.47425388274789]]]}, "properties": {"OBJECTID": 383, "id": null, "name": null, "continent": null, "S2": null, "Shape__Area": 69886260.76293945, "Shape__Length": 34016.716312214405}}, {"type": "Feature", "id": 384, "geometry": {"type": "Polygon", "coordinates": [[[37.6741747057418, 7.30668857463275], [37.7004587830327, 7.29179081832276], [37.7079685191449, 7.27316792511463], [37.6967039149766, 7.24709457751245], [37.6816844418539, 7.24336969039673], [37.6666649687313, 7.24336969039673], [37.6216065511599, 7.24336969039673], [37.5652835276236, 7.25454425934647], [37.5277348461643, 7.27689256544477], [37.5427543183887, 7.31041293614465], [37.5878127368584, 7.31786156687229], [37.6253614192159, 7.31786156687229], [37.6741747057418, 7.30668857463275]]]}, "properties": {"OBJECTID": 384, "id": null, "name": null, "continent": null, "S2": null, "Shape__Area": 131124097.42504883, "Shape__Length": 47442.41451668343}}, {"type": "Feature", "id": 385, "geometry": {"type": "Polygon", "coordinates": [[[36.8894072532726, 7.59709434196593], [36.934465670844, 7.5933724170965], [36.960749748135, 7.57848439545732], [37.0058081666047, 7.5449844645557], [37.0508665850744, 7.5375396831254], [37.0996798716003, 7.50775927774482], [37.148493158126, 7.47425388274789], [37.2311002589533, 7.45563866297927], [37.2836684135352, 7.43702265259332], [37.3174622269384, 7.36999848870469], [37.2949330177035, 7.36255073193599], [37.2423648631216, 7.36255073193599], [37.1560028942382, 7.38116988903339], [37.1034347396563, 7.37744612025434], [36.9832789573698, 7.37744612025434], [36.9194461986197, 7.3997882632427], [36.791780680221, 7.3997882632427], [36.694154106271, 7.3997882632427], [36.6453408197452, 7.43702265259332], [36.6490956886996, 7.48169974913484], [36.6716248979345, 7.51520457043563], [36.7129284474498, 7.54126208984829], [36.7730063390422, 7.54870680723209], [36.8143098885575, 7.56731804049988], [36.8894072532726, 7.59709434196593]]]}, "properties": {"OBJECTID": 385, "id": null, "name": null, "continent": null, "S2": null, "Shape__Area": 1139495489.019287, "Shape__Length": 169648.80948699365}}, {"type": "Feature", "id": 386, "geometry": {"type": "Polygon", "coordinates": [[[39.3413361837317, 5.77352760125932], [39.4044799274724, 5.74894398584074], [39.3997987732892, 5.71517531421006], [39.3788848660892, 5.71748752688608], [39.3225618425529, 5.68759723886899], [39.2925228972059, 5.70627885117], [39.296277765262, 5.73990421839303], [39.3413361837317, 5.77352760125932]]]}, "properties": {"OBJECTID": 386, "id": null, "name": null, "continent": null, "S2": null, "Shape__Area": 74302905.3959961, "Shape__Length": 34808.39149538526}}, {"type": "Feature", "id": 387, "geometry": {"type": "Polygon", "coordinates": [[[39.5290795937228, 5.96402208777018], [39.5397513241766, 5.97640491080464], [39.5215698576106, 6.01256900982777], [39.4915309113652, 6.04990984947508], [39.4892552344088, 6.08385382989093], [39.4727565710848, 6.11338335071751], [39.5178149886562, 6.17311623818919], [39.5778928802486, 6.16938312947565], [39.6041769575395, 6.13205059797128], [39.6041769575395, 6.07231311667948], [39.5975867809696, 6.03080791830858], [39.5854026163608, 6.02003738315], [39.549841806014, 5.94425061387255], [39.5454572108589, 5.93843588984337], [39.5344014542144, 5.93755617491017], [39.5290795937228, 5.96402208777018]]]}, "properties": {"OBJECTID": 387, "id": null, "name": null, "continent": null, "S2": null, "Shape__Area": 236269706.9987793, "Shape__Length": 67093.32661720258}}, {"type": "Feature", "id": 388, "geometry": {"type": "Polygon", "coordinates": [[[39.7468619490609, 5.12687562214755], [39.7618814212853, 5.10817611881639], [39.7693911582958, 5.07077547833109], [39.7543716851731, 5.03711304904105], [39.7130681347594, 5.01841094502426], [39.6830291894124, 4.98474580803075], [39.6417256398971, 4.99596771293594], [39.6267061667744, 5.04459373974544], [39.6492353760093, 5.07451564004123], [39.6604999801775, 5.08947607081538], [39.6792743213563, 5.1231357654003], [39.7468619490609, 5.12687562214755]]]}, "properties": {"OBJECTID": 388, "id": null, "name": null, "continent": null, "S2": null, "Shape__Area": 164669502.2470703, "Shape__Length": 49699.54482414049}}, {"type": "Feature", "id": 389, "geometry": {"type": "Polygon", "coordinates": [[[39.9158310178732, 5.2091469050699], [39.9270956220415, 5.18671034342142], [39.9233407539854, 5.17549176285158], [39.9045664128066, 5.15679368723459], [39.8745274674596, 5.16053334719302], [39.8782823355156, 5.18671034342142], [39.9158310178732, 5.2091469050699]]]}, "properties": {"OBJECTID": 389, "id": null, "name": null, "continent": null, "S2": null, "Shape__Area": 21752099.07373047, "Shape__Length": 18281.536910855684}}, {"type": "Feature", "id": 390, "geometry": {"type": "Polygon", "coordinates": [[[42.626845854084, 5.54559730298898], [42.6456201952628, 5.519435665632], [42.6719042725538, 5.47458446393864], [42.6756591406099, 5.41477763013978], [42.6568847994311, 5.35870334820437], [42.6756591406099, 5.30636270577516], [42.6869237456765, 5.24280024420669], [42.653129931375, 5.19044982569198], [42.6193361179718, 5.17549176285158], [42.5930520406809, 5.15679368723459], [42.5630130953339, 5.13061545699318], [42.5705228314461, 5.08573599592134], [42.5292192810324, 4.96604220887769], [42.4954254676293, 4.90618713343058], [42.4541219172156, 4.90618713343058], [42.412818366802, 4.8912225239752], [42.3640050802762, 4.88374009285933], [42.3414758710413, 4.91366931241182], [42.3339661349291, 4.96230142442417], [42.3189466627048, 5.00344887556176], [42.3076820576382, 5.04833405277486], [42.3114369256943, 5.10069616497307], [42.3339661349291, 5.14557457793824], [42.3677599492306, 5.19044982569198], [42.382779421455, 5.26523479702887], [42.3865342895111, 5.31384021307917], [42.4090634987459, 5.40356318851737], [42.4090634987459, 5.46710893500334], [42.4090634987459, 5.50822318240916], [42.4503670491596, 5.51196070034906], [42.4879157306188, 5.53064793772201], [42.5179546768641, 5.54559730298898], [42.5667679633899, 5.54559730298898], [42.626845854084, 5.54559730298898]]]}, "properties": {"OBJECTID": 390, "id": null, "name": null, "continent": null, "S2": null, "Shape__Area": 1995078043.1054688, "Shape__Length": 195799.68058556833}}, {"type": "Feature", "id": 391, "geometry": {"type": "Polygon", "coordinates": [[[42.0711253611213, 5.33253358485968], [42.1086740434788, 5.27645176964354], [42.1387129888259, 5.26897381040756], [42.172506802229, 5.25027851791643], [42.1387129888259, 5.22784342732264], [42.0823899661879, 5.22784342732264], [42.0373315477182, 5.23158266574635], [42.003537734315, 5.23158266574635], [41.9697439200136, 5.23532188093153], [41.9509695788348, 5.25401762114481], [41.9734987880697, 5.27645176964354], [41.9922731292484, 5.30636270577516], [41.9997828653606, 5.30636270577516], [42.0185572065394, 5.30636270577516], [42.0260669426516, 5.30636270577516], [42.0448412838303, 5.33253358485968], [42.0711253611213, 5.33253358485968]]]}, "properties": {"OBJECTID": 391, "id": null, "name": null, "continent": null, "S2": null, "Shape__Area": 166329301.8310547, "Shape__Length": 59386.302177366044}}, {"type": "Feature", "id": 392, "geometry": {"type": "Polygon", "coordinates": [[[42.810834396019, 5.72122370306214], [42.8145892640751, 5.6838608437236], [42.810834396019, 5.64649556015212], [42.8220990001873, 5.61660159670454], [42.8183441321312, 5.58670610019862], [42.7958149228964, 5.56802063916856], [42.7732857136615, 5.57549489551722], [42.7470016363705, 5.59791709119549], [42.7470016363705, 5.63528550390739], [42.7582662414371, 5.65396880994257], [42.7770405817176, 5.68012442432698], [42.810834396019, 5.72122370306214]]]}, "properties": {"OBJECTID": 392, "id": null, "name": null, "continent": null, "S2": null, "Shape__Area": 89017625.42358398, "Shape__Length": 41258.252007776624}}, {"type": "Feature", "id": 393, "geometry": {"type": "Polygon", "coordinates": [[[41.5905022328736, 6.05737770913476], [41.6430703874555, 6.07231311667948], [41.6918836739814, 6.05737770913476], [41.6956385420374, 6.02377153132136], [41.6881288059252, 6.00510053307744], [41.6618447286343, 5.97896006103523], [41.5829924958631, 5.9752256059185], [41.5604632866283, 5.93414492072403], [41.519159737113, 5.91920572895186], [41.3839844817038, 5.93041016002788], [41.3314163271219, 5.94161436440111], [41.2675835674734, 5.95655294760303], [41.2112605448354, 5.95655294760303], [41.2150154128915, 6.00136625673765], [41.2750933044839, 6.02750565381197], [41.3614552724689, 6.02750565381197], [41.4478172413523, 6.02750565381197], [41.5266694732251, 6.02750565381197], [41.5905022328736, 6.05737770913476]]]}, "properties": {"OBJECTID": 393, "id": null, "name": null, "continent": null, "S2": null, "Shape__Area": 527379198.28515625, "Shape__Length": 123708.82129798007}}, {"type": "Feature", "id": 394, "geometry": {"type": "Polygon", "coordinates": [[[41.9059111612634, 6.01256900982777], [41.9321952385544, 5.98269449155292], [41.9246855015438, 5.96402208777018], [41.9209306334878, 5.94534904824418], [41.8871368200846, 5.93414492072403], [41.8646076108498, 5.94161436440111], [41.8420784016149, 5.96402208777018], [41.8420784016149, 6.00136625673765], [41.9059111612634, 6.01256900982777]]]}, "properties": {"OBJECTID": 394, "id": null, "name": null, "continent": null, "S2": null, "Shape__Area": 65431011.856933594, "Shape__Length": 30376.87107401449}}, {"type": "Feature", "id": 395, "geometry": {"type": "Polygon", "coordinates": [[[42.2025457484744, 6.02003738315], [42.2551139030563, 6.04617588139829], [42.2964174534699, 6.0312397514995], [42.3227015307609, 6.02377153132136], [42.3452307399957, 6.00883478470831], [42.3640050802762, 6.00883478470831], [42.3977988945776, 5.986428895669], [42.4015537626337, 5.97149112532494], [42.3790245533989, 5.94908370673597], [42.3414758710413, 5.92667537493673], [42.3076820576382, 5.93041016002788], [42.2663785072246, 5.93414492072403], [42.2400944299336, 5.94161436440111], [42.1875262753517, 5.95281833986083], [42.1199386476471, 5.95281833986083], [42.1086740434788, 6.00510053307744], [42.1387129888259, 6.02003738315], [42.2025457484744, 6.02003738315]]]}, "properties": {"OBJECTID": 395, "id": null, "name": null, "continent": null, "S2": null, "Shape__Area": 278671467.2558594, "Shape__Length": 76030.75487792659}}, {"type": "Feature", "id": 396, "geometry": {"type": "Polygon", "coordinates": [[[42.1011643073666, 5.80341337840023], [42.1086740434788, 5.76232002746704], [42.1049191754228, 5.73990421839303], [42.059860756953, 5.72869598217275], [42.0260669426516, 5.72869598217275], [41.9847633931363, 5.73616816352329], [41.9734987880697, 5.77352760125932], [41.9885182611923, 5.81088457523194], [42.0223120745955, 5.81835567381383], [42.1011643073666, 5.80341337840023]]]}, "properties": {"OBJECTID": 396, "id": null, "name": null, "continent": null, "S2": null, "Shape__Area": 124048113.91748047, "Shape__Length": 42476.35359093535}}, {"type": "Feature", "id": 397, "geometry": {"type": "Polygon", "coordinates": [[[41.0310268718548, 5.87812087285741], [41.068575553314, 5.85944493418545], [41.0610658172018, 5.82956213417715], [41.0460463440792, 5.82956213417715], [41.0084976626199, 5.82956213417715], [40.9934781894972, 5.86318017267781], [41.0310268718548, 5.87812087285741]]]}, "properties": {"OBJECTID": 397, "id": null, "name": null, "continent": null, "S2": null, "Shape__Area": 33021258.403320312, "Shape__Length": 22590.57909876988}}, {"type": "Feature", "id": 398, "geometry": {"type": "Polygon", "coordinates": [[[40.6592949199287, 6.13205059797128], [40.7043533383985, 6.11338335071751], [40.6968436022863, 6.0835144014979], [40.6780692611075, 6.06111159979293], [40.6592949199287, 6.05737770913476], [40.6142365023573, 6.04990984947508], [40.5879524250664, 6.07978066610024], [40.5391391385405, 6.09471545203852], [40.5504037427088, 6.13578396890002], [40.5992170292346, 6.14325063228875], [40.6592949199287, 6.13205059797128]]]}, "properties": {"OBJECTID": 398, "id": null, "name": null, "continent": null, "S2": null, "Shape__Area": 128590719.93334961, "Shape__Length": 46558.29562644943}}, {"type": "Feature", "id": 399, "geometry": {"type": "Polygon", "coordinates": [[[40.6480303157604, 6.85954427716772], [40.6480303157604, 6.81480629394018], [40.6179913704134, 6.80734955707071], [40.584197556112, 6.8371758091093], [40.6029718972907, 6.87818386506462], [40.6480303157604, 6.85954427716772]]]}, "properties": {"OBJECTID": 399, "id": null, "name": null, "continent": null, "S2": null, "Shape__Area": 38699517.333496094, "Shape__Length": 23980.443304856944}}, {"type": "Feature", "id": 400, "geometry": {"type": "Polygon", "coordinates": [[[41.4065136909386, 6.85581627216528], [41.4177782960052, 6.82971942052993], [41.3990039548265, 6.81480629394018], [41.3727198775355, 6.81480629394018], [41.3689650094794, 6.84090395977719], [41.4065136909386, 6.85581627216528]]]}, "properties": {"OBJECTID": 400, "id": null, "name": null, "continent": null, "S2": null, "Shape__Area": 17296849.665771484, "Shape__Length": 16243.215211522886}}, {"type": "Feature", "id": 401, "geometry": {"type": "Polygon", "coordinates": [[[40.0660257455067, 7.31413726749032], [40.0848000866855, 7.28806630175705], [40.0622708774506, 7.26944325388206], [40.0359868001597, 7.25081943383419], [39.9984381178021, 7.25826905403375], [39.9871735136339, 7.28806630175705], [40.0172124589809, 7.31413726749032], [40.0660257455067, 7.31413726749032]]]}, "properties": {"OBJECTID": 401, "id": null, "name": null, "continent": null, "S2": null, "Shape__Area": 53462990.260009766, "Shape__Length": 28167.130389850645}}, {"type": "Feature", "id": 402, "geometry": {"type": "Polygon", "coordinates": [[[40.0923098227977, 7.47797683137255], [40.1073292959204, 7.44819235369769], [40.1035744278643, 7.41095891110664], [40.0735354816189, 7.38489362735213], [40.0547611413385, 7.38489362735213], [40.020967327037, 7.40723539267902], [40.0134575909249, 7.43329935570512], [40.0172124589809, 7.46308484651026], [40.0547611413385, 7.49286830907713], [40.0923098227977, 7.47797683137255]]]}, "properties": {"OBJECTID": 402, "id": null, "name": null, "continent": null, "S2": null, "Shape__Area": 93472874.14111328, "Shape__Length": 35261.59288860138}}, {"type": "Feature", "id": 403, "geometry": {"type": "Polygon", "coordinates": [[[40.2087107370281, 7.77570853628514], [40.2462594193856, 7.77198817666035], [40.2650337596661, 7.74222411220885], [40.2425045504312, 7.70873702832667], [40.2124656050842, 7.69385302832604], [40.1861815277933, 7.72362050497559], [40.1861815277933, 7.74966532616339], [40.2087107370281, 7.77570853628514]]]}, "properties": {"OBJECTID": 403, "id": null, "name": null, "continent": null, "S2": null, "Shape__Area": 55210146.576416016, "Shape__Length": 27626.829767596566}}, {"type": "Feature", "id": 404, "geometry": {"type": "Polygon", "coordinates": [[[41.579237627807, 7.19121804429927], [41.5867473648175, 7.15023754620563], [41.5679730236388, 7.10552735519274], [41.5604632875266, 7.04963350350938], [41.5416889463478, 7.00118670832332], [41.4966305278781, 6.97137079233129], [41.4703464505871, 7.01609395143613], [41.492875659822, 7.05708640761139], [41.492875659822, 7.11670531131433], [41.4816110547554, 7.15396319813575], [41.5003853959342, 7.20611912719499], [41.579237627807, 7.19121804429927]]]}, "properties": {"OBJECTID": 404, "id": null, "name": null, "continent": null, "S2": null, "Shape__Area": 211668014.1369629, "Shape__Length": 65528.30354512166}}, {"type": "Feature", "id": 405, "geometry": {"type": "Polygon", "coordinates": [[[42.596806908737, 9.38702223719815], [42.6080715129053, 9.44258658234533], [42.626845854084, 9.53147087663394], [42.6418653272067, 9.5944165921825], [42.6641674701855, 9.60441198450841], [42.6944334817886, 9.54998553071248], [42.6982788604995, 9.50827003069145], [42.7111395984511, 9.43899839029354], [42.7357370322023, 9.42406612675332], [42.7732857136615, 9.39813582026239], [42.7695308456054, 9.37590829686624], [42.7545113724827, 9.34997438696429], [42.7551441322941, 9.34435516892189], [42.7582662414371, 9.31662794929401], [42.7743097688309, 9.31662794929401], [42.7958149228964, 9.28327832650076], [42.8145892640751, 9.26845525348909], [42.7920600548402, 9.24621946992302], [42.7244724271357, 9.26104348134355], [42.6777520193891, 9.2730723431523], [42.5764331926533, 9.31713505412043], [42.5764331926533, 9.3474635044918], [42.596806908737, 9.38702223719815]]]}, "properties": {"OBJECTID": 405, "id": null, "name": null, "continent": null, "S2": null, "Shape__Area": 508800358.21728516, "Shape__Length": 110670.18797401013}}, {"type": "Feature", "id": 406, "geometry": {"type": "Polygon", "coordinates": [[[41.5679730236388, 8.97145153664695], [41.5679730236388, 8.983664581367], [41.5679730236388, 8.98669904672442], [41.5731720709563, 8.98926665161162], [41.5980119689858, 9.00153384635833], [41.6242960462768, 9.00524245101568], [41.6227331061415, 9.03457109034805], [41.6393155193995, 9.04603458902803], [41.6693544647465, 9.11277537987158], [41.6806190689148, 9.10165277861353], [41.6843739369708, 9.08311434045308], [41.6918836739814, 9.06457494329405], [41.6993934100935, 9.0237849042563], [41.6993934100935, 8.99782520278686], [41.6806190689148, 8.97186363963], [41.6618447286343, 8.97186363963], [41.5942571009297, 8.9570276269322], [41.5679730236388, 8.97145153664695]]]}, "properties": {"OBJECTID": 406, "id": null, "name": null, "continent": null, "S2": null, "Shape__Area": 119592075.92529297, "Shape__Length": 52704.672729461294}}, {"type": "Feature", "id": 407, "geometry": {"type": "Polygon", "coordinates": [[[42.0561058888969, 8.21075881819246], [42.0748802291774, 8.19217649022566], [42.0898997023001, 8.18474331634336], [42.0898997023001, 8.15500923323455], [42.086144834244, 8.1252729396155], [42.0673704930652, 8.10668663627989], [42.0223120745955, 8.09553444244282], [42.0185572065394, 8.07322912798032], [42.0223120745955, 8.03976884819457], [41.9997828653606, 7.98399558554923], [41.9547244477892, 7.98399558554923], [41.9209306334878, 8.01374227701056], [41.9209306334878, 8.06207600907231], [41.9359501066104, 8.09553444244282], [41.9697439200136, 8.10668663627989], [41.9922731292484, 8.14014136280432], [41.9997828653606, 8.16987655170417], [42.0561058888969, 8.21075881819246]]]}, "properties": {"OBJECTID": 407, "id": null, "name": null, "continent": null, "S2": null, "Shape__Area": 237875361.6142578, "Shape__Length": 72053.41742924163}}, {"type": "Feature", "id": 408, "geometry": {"type": "Polygon", "coordinates": [[[41.9885182611923, 7.56731804049988], [42.0148023384833, 7.54870680723209], [41.9997828653606, 7.52637227012725], [41.9772536561257, 7.51892716892755], [41.9622341839014, 7.5449844645557], [41.9885182611923, 7.56731804049988]]]}, "properties": {"OBJECTID": 408, "id": null, "name": null, "continent": null, "S2": null, "Shape__Area": 18083070.067138672, "Shape__Length": 16477.076676767003}}, {"type": "Feature", "id": 409, "geometry": {"type": "Polygon", "coordinates": [[[40.2325162860934, 9.24671633924028], [40.2565181125566, 9.2570161610066], [40.2690989237876, 9.25407528788061], [40.2850616522131, 9.23306803042798], [40.2864444253367, 9.19621495812616], [40.2864444253367, 9.14161076370527], [40.2695147108135, 9.0934298878063], [40.269851151447, 9.08836360930458], [40.2648259020858, 9.06789410717655], [40.2365177614579, 9.03890323800999], [40.2242196491485, 9.03647415138369], [40.1758226015012, 9.03237729624641], [40.1343394176751, 9.04876443718721], [40.1199946449078, 9.06236377993558], [40.1167185258975, 9.06280494615894], [40.0945640363071, 9.0833359451763], [40.0870786526239, 9.10615250355625], [40.0959602652953, 9.12369142606005], [40.1371049630239, 9.12659313977657], [40.1799709199736, 9.12795840389769], [40.202095284561, 9.14161076370527], [40.2103919215059, 9.15116710335855], [40.2186211551601, 9.19991071922886], [40.2237302092525, 9.20915670996851], [40.2248323441897, 9.20955232020066], [40.2325162860934, 9.24671633924028]]]}, "properties": {"OBJECTID": 409, "id": null, "name": null, "continent": null, "S2": null, "Shape__Area": 285333710.3017578, "Shape__Length": 78380.20383149598}}, {"type": "Feature", "id": 410, "geometry": {"type": "Polygon", "coordinates": [[[41.0648206852579, 7.63803338561491], [41.1098791037277, 7.65291933940093], [41.1286534449064, 7.64547642695773], [41.1436729171308, 7.61570348318995], [41.124898575952, 7.58220644916046], [41.124898575952, 7.55242911786211], [41.1098791037277, 7.51892716892755], [41.1061242356716, 7.49659109878224], [41.0648206852579, 7.47425388274789], [41.0347817399109, 7.49659109878224], [41.0310268718548, 7.52637227012725], [41.0498012121353, 7.56359585820982], [41.0648206852579, 7.63803338561491]]]}, "properties": {"OBJECTID": 410, "id": null, "name": null, "continent": null, "S2": null, "Shape__Area": 153138269.87524414, "Shape__Length": 51569.28309758342}}, {"type": "Feature", "id": 411, "geometry": {"type": "Polygon", "coordinates": [[[41.2675835674734, 7.76454735762222], [41.2976225137187, 7.75710640771218], [41.2901127767082, 7.73106204629], [41.2750933044839, 7.70873702832667], [41.2450543582385, 7.71245794636907], [41.2375446221263, 7.74222411220885], [41.2675835674734, 7.76454735762222]]]}, "properties": {"OBJECTID": 411, "id": null, "name": null, "continent": null, "S2": null, "Shape__Area": 28478651.489257812, "Shape__Length": 20500.6935222347}}, {"type": "Feature", "id": 412, "geometry": {"type": "Polygon", "coordinates": [[[43.8772169625765, 7.07571814342949], [43.8997461718114, 7.04963350350938], [43.8809718315309, 7.0384539217121], [43.8621974903521, 7.0384539217121], [43.8471780172294, 7.06453919170042], [43.8772169625765, 7.07571814342949]]]}, "properties": {"OBJECTID": 412, "id": null, "name": null, "continent": null, "S2": null, "Shape__Area": 14938188.39868164, "Shape__Length": 15322.158769591777}}, {"type": "Feature", "id": 413, "geometry": {"type": "Polygon", "coordinates": [[[43.8659523584082, 7.19121804429927], [43.9035010407658, 7.19494336090435], [43.8959913037552, 7.15768881965925], [43.8809718315309, 7.15023754620563], [43.8471780172294, 7.15396319813575], [43.8659523584082, 7.19121804429927]]]}, "properties": {"OBJECTID": 413, "id": null, "name": null, "continent": null, "S2": null, "Shape__Area": 21402667.751464844, "Shape__Length": 18791.065492264937}}, {"type": "Feature", "id": 414, "geometry": {"type": "Polygon", "coordinates": [[[43.6782089484171, 7.48914548755726], [43.6969832895959, 7.47425388274789], [43.7157576307747, 7.4668078903013], [43.7082478946625, 7.44446915160505], [43.7082478946625, 7.42212927480602], [43.700738157652, 7.39234100809249], [43.6819638164732, 7.38116988903339], [43.6669443442489, 7.39606465137413], [43.644415135014, 7.41095891110664], [43.6218859257791, 7.43329935570512], [43.6406602669579, 7.45563866297927], [43.6782089484171, 7.48914548755726]]]}, "properties": {"OBJECTID": 414, "id": null, "name": null, "continent": null, "S2": null, "Shape__Area": 72244922.4477539, "Shape__Length": 33776.56915129615}}, {"type": "Feature", "id": 415, "geometry": {"type": "Polygon", "coordinates": [[[43.0661654328164, 9.65735062140048], [43.0962043781634, 9.5870118192673], [43.0849397739951, 9.54628268035653], [43.0736751689286, 9.52036160096313], [43.0849397739951, 9.48332807732768], [43.0661654328164, 9.45740223025809], [43.0248618824028, 9.45740223025809], [43.0023326740662, 9.48332807732768], [43.0173521462906, 9.50925196492094], [43.0398813555254, 9.54998553071248], [43.0473910916376, 9.57590435685576], [43.0361264874693, 9.60552344910187], [43.0436362235815, 9.64994722728085], [43.0661654328164, 9.65735062140048]]]}, "properties": {"OBJECTID": 415, "id": null, "name": null, "continent": null, "S2": null, "Shape__Area": 126057343.15039062, "Shape__Length": 55927.75264709826}}, {"type": "Feature", "id": 416, "geometry": {"type": "Polygon", "coordinates": [[[42.6080715129053, 8.46710530697726], [42.6306007221401, 8.45224925204], [42.6193361179718, 8.4188210352198], [42.5892971726248, 8.37796040787974], [42.5555033583234, 8.38910464160189], [42.540483886099, 8.41139215056646], [42.6080715129053, 8.46710530697726]]]}, "properties": {"OBJECTID": 416, "id": null, "name": null, "continent": null, "S2": null, "Shape__Area": 52589411.369140625, "Shape__Length": 29438.23855687234}}, {"type": "Feature", "id": 417, "geometry": {"type": "Polygon", "coordinates": [[[43.3402708107925, 8.87912864583541], [43.3665548889818, 8.85315863337481], [43.3552902839152, 8.82718678820581], [43.3440256797469, 8.79008098222732], [43.2952123932211, 8.79008098222732], [43.2989672612772, 8.83460750282902], [43.3402708107925, 8.87912864583541]]]}, "properties": {"OBJECTID": 417, "id": null, "name": null, "continent": null, "S2": null, "Shape__Area": 51016970.85888672, "Shape__Length": 28956.67206993507}}, {"type": "Feature", "id": 418, "geometry": {"type": "Polygon", "coordinates": [[[38.1869906851646, 7.83431894962024], [38.2060050633738, 7.79193376032001], [38.1964978747183, 7.76367458244111], [38.1632227126276, 7.75896453377849], [38.1489619287461, 7.79664343791891], [38.1869906851646, 7.83431894962024]]]}, "properties": {"OBJECTID": 418, "id": null, "name": null, "continent": null, "S2": null, "Shape__Area": 33182189.900878906, "Shape__Length": 22808.289464713205}}, {"type": "Feature", "id": 419, "geometry": {"type": "Polygon", "coordinates": [[[38.0158612812817, 7.88140854472512], [37.9778325248633, 7.88611720985593], [37.9635717418801, 7.92378460046888], [37.958818146654, 7.97086399087426], [37.958818146654, 8.02735210684017], [37.9112822015802, 8.04617973637492], [37.9017750120264, 8.08853870200436], [37.9350501741171, 8.12618738092515], [37.9920933087447, 8.11206953916365], [38.0016004982985, 8.07912598181382], [38.0016004982985, 8.03676603035679], [38.0063540926262, 7.98969423209664], [38.0158612812817, 7.88140854472512]]]}, "properties": {"OBJECTID": 419, "id": null, "name": null, "continent": null, "S2": null, "Shape__Area": 179771865.39453125, "Shape__Length": 69353.91377370288}}, {"type": "Feature", "id": 420, "geometry": {"type": "Polygon", "coordinates": [[[37.6498345009789, 8.21558880857748], [37.6688488791882, 8.13559899895087], [37.6593416905327, 8.02264506237468], [37.6450809066512, 8.03676603035679], [37.6308201227697, 8.07912598181382], [37.5785305824698, 8.13559899895087], [37.530994637396, 8.14030472599299], [37.4834586914238, 8.16383252780252], [37.4882122866498, 8.19676912164913], [37.4977194753053, 8.24852111135946], [37.4691979084406, 8.27204250665645], [37.4882122866498, 8.35670787572371], [37.5262410430682, 8.32848811894875], [37.5547626099329, 8.31437747662881], [37.6498345009789, 8.21558880857748]]]}, "properties": {"OBJECTID": 420, "id": null, "name": null, "continent": null, "S2": null, "Shape__Area": 386285495.1738281, "Shape__Length": 96834.99397418251}}, {"type": "Feature", "id": 421, "geometry": {"type": "Polygon", "coordinates": [[[37.9302965797894, 8.45075895098576], [37.9540645523263, 8.39433104178111], [37.9493109579986, 8.32378462739852], [37.9255429854617, 8.29556249728156], [37.8780070394895, 8.31437747662881], [37.8589926612803, 8.35200472466944], [37.863746255608, 8.39433104178111], [37.868499850834, 8.44605694001467], [37.9302965797894, 8.45075895098576]]]}, "properties": {"OBJECTID": 421, "id": null, "name": null, "continent": null, "S2": null, "Shape__Area": 145609610.3461914, "Shape__Length": 46935.74766723663}}, {"type": "Feature", "id": 422, "geometry": {"type": "Polygon", "coordinates": [[[37.7116312299343, 8.69048481937043], [37.7306456081435, 8.65759024820158], [37.7258920138158, 8.60589297310236], [37.7211384194881, 8.58239187553191], [37.6926168517251, 8.57299102927218], [37.6831096630696, 8.5964927092641], [37.6783560687419, 8.62939261280296], [37.6783560687419, 8.66698899140147], [37.7116312299343, 8.69048481937043]]]}, "properties": {"OBJECTID": 422, "id": null, "name": null, "continent": null, "S2": null, "Shape__Area": 57963825.12841797, "Shape__Length": 31532.97317728818}}, {"type": "Feature", "id": 423, "geometry": {"type": "Polygon", "coordinates": [[[37.868499850834, 8.71397917468283], [37.892267823371, 8.6857857716433], [37.863746255608, 8.65759024820158], [37.8399782830711, 8.66698899140147], [37.868499850834, 8.71397917468283]]]}, "properties": {"OBJECTID": 423, "id": null, "name": null, "continent": null, "S2": null, "Shape__Area": 17921182.795654297, "Shape__Length": 17643.827595277697}}, {"type": "Feature", "id": 424, "geometry": {"type": "Polygon", "coordinates": [[[37.9920933087447, 8.92536146857965], [38.0396292547169, 8.91127309343946], [38.0396292547169, 8.8643079219113], [38.0348756594909, 8.82673146018056], [38.0158612812817, 8.78915117121151], [37.9683253362078, 8.79854660183848], [37.9540645523263, 8.82673146018056], [37.9540645523263, 8.8690047095175], [37.9920933087447, 8.92536146857965]]]}, "properties": {"OBJECTID": 424, "id": null, "name": null, "continent": null, "S2": null, "Shape__Area": 113687503.359375, "Shape__Length": 41156.1702044305}}, {"type": "Feature", "id": 425, "geometry": {"type": "Polygon", "coordinates": [[[38.1109331723277, 8.95353658773031], [38.1394547400907, 8.93475341737594], [38.134701145763, 8.90657684675447], [38.1156867675538, 8.88779125974376], [38.0871651997908, 8.89718417421795], [38.1109331723277, 8.95353658773031]]]}, "properties": {"OBJECTID": 425, "id": null, "name": null, "continent": null, "S2": null, "Shape__Area": 25481682.263916016, "Shape__Length": 20254.04015128922}}, {"type": "Feature", "id": 426, "geometry": {"type": "Polygon", "coordinates": [[[37.4739515027683, 8.92536146857965], [37.507226664859, 8.93475341737594], [37.5262410430682, 8.90657684675447], [37.5262410430682, 8.87370143793347], [37.5119802591867, 8.85021719804613], [37.4882122866498, 8.85021719804613], [37.4691979084406, 8.88309471263357], [37.4739515027683, 8.92536146857965]]]}, "properties": {"OBJECTID": 426, "id": null, "name": null, "continent": null, "S2": null, "Shape__Area": 47323123.42578125, "Shape__Length": 26161.950362483127}}, {"type": "Feature", "id": 427, "geometry": {"type": "Polygon", "coordinates": [[[37.3646188278408, 9.05682663079518], [37.407401178587, 9.05682663079518], [37.4216619624684, 9.01457518115769], [37.3883868003777, 8.98640480056572], [37.3551116391854, 9.00049026464454], [37.3646188278408, 9.05682663079518]]]}, "properties": {"OBJECTID": 427, "id": null, "name": null, "continent": null, "S2": null, "Shape__Area": 42842827.03857422, "Shape__Length": 25128.94510397209}}, {"type": "Feature", "id": 428, "geometry": {"type": "Polygon", "coordinates": [[[37.5880377720236, 9.59157431156906], [37.5595162042606, 9.54938741401098], [37.5595162042606, 9.51188356119187], [37.6213129341143, 9.50719528935769], [37.6736024735159, 9.50719528935769], [37.6973704469512, 9.48375297064164], [37.7116312299343, 9.43686352997338], [37.6213129341143, 9.34775604310574], [37.5832841776959, 9.29146586053005], [37.5500090156052, 9.24455045986721], [37.5214874478422, 9.23047461964626], [37.5119802591867, 9.19762880662224], [37.478705097096, 9.19293629871373], [37.4406763406776, 9.19762880662224], [37.4311691520222, 9.26800894423967], [37.478705097096, 9.32899365763202], [37.507226664859, 9.3571368562736], [37.478705097096, 9.40872680105114], [37.4596907188868, 9.44155276141607], [37.4169083681407, 9.47437559463781], [37.407401178587, 9.51188356119187], [37.412154773813, 9.56813779288964], [37.4501835302314, 9.60094846533172], [37.4739515027683, 9.63844248546133], [37.5405018260514, 9.66656026765183], [37.5785305824698, 9.66656026765183], [37.6070521502328, 9.64312894601123], [37.5880377720236, 9.59157431156906]]]}, "properties": {"OBJECTID": 428, "id": null, "name": null, "continent": null, "S2": null, "Shape__Area": 936521809.107666, "Shape__Length": 157744.12744207887}}, {"type": "Feature", "id": 429, "geometry": {"type": "Polygon", "coordinates": [[[38.2678017932274, 9.1694728250458], [38.2582946036737, 9.12723466764266], [38.225019441583, 9.13192804352828], [38.1917442803906, 9.16477994441115], [38.2107586585998, 9.19293629871373], [38.2678017932274, 9.1694728250458]]]}, "properties": {"OBJECTID": 429, "id": null, "name": null, "continent": null, "S2": null, "Shape__Area": 38642550.693847656, "Shape__Length": 24554.022646946527}}, {"type": "Feature", "id": 430, "geometry": {"type": "Polygon", "coordinates": [[[38.3866416568104, 9.27270045281854], [38.4056560350196, 9.24924228246559], [38.3913952511381, 9.22109041301384], [38.372380872929, 9.20701363572365], [38.3533664947197, 9.21639821655336], [38.3533664947197, 9.253934041612], [38.3866416568104, 9.27270045281854]]]}, "properties": {"OBJECTID": 430, "id": null, "name": null, "continent": null, "S2": null, "Shape__Area": 28561885.318847656, "Shape__Length": 20450.06882008773}}, {"type": "Feature", "id": 431, "geometry": {"type": "Polygon", "coordinates": [[[38.1299475505369, 10.1488768758364], [38.0966723893446, 10.0693203412282], [38.0919187941185, 10.0271942236019], [38.1394547400907, 9.98038100350848], [38.1727299021814, 9.94760774174433], [38.1774834965091, 9.85395176874289], [38.1822370908368, 9.6571879340993], [38.1679763069554, 9.57282522585639], [38.1251939562092, 9.52125991022648], [38.0729044159093, 9.50719528935769], [38.0396292547169, 9.54938741401098], [38.0633972272539, 9.63375596069697], [38.0681508215816, 9.69467569877905], [38.0966723893446, 9.79306110741652], [38.0633972272539, 9.84926827006278], [38.0301220651632, 9.89610026256214], [38.0063540926262, 9.93356105082365], [38.0016004982985, 9.99442567721298], [38.0158612812817, 10.0880412963857], [38.0111076869539, 10.1348389195687], [38.0348756594909, 10.2097008937849], [38.0729044159093, 10.2143791834475], [38.1014259836723, 10.2143791834475], [38.1299475505369, 10.1488768758364]]]}, "properties": {"OBJECTID": 431, "id": null, "name": null, "continent": null, "S2": null, "Shape__Area": 965223704.2631836, "Shape__Length": 183751.00035758474}}, {"type": "Feature", "id": 432, "geometry": {"type": "Polygon", "coordinates": [[[37.7306456081435, 9.89610026256214], [37.7639207702342, 9.91483119183536], [37.7781815541157, 9.88673439761762], [37.7829351484434, 9.84926827006278], [37.7686743645619, 9.82584977847756], [37.7544135815788, 9.80711379186457], [37.7163848251603, 9.80711379186457], [37.7163848251603, 9.84458470402948], [37.7306456081435, 9.89610026256214]]]}, "properties": {"OBJECTID": 432, "id": null, "name": null, "continent": null, "S2": null, "Shape__Area": 65804343.07763672, "Shape__Length": 32313.85234926416}}, {"type": "Feature", "id": 433, "geometry": {"type": "Polygon", "coordinates": [[[38.3105841439736, 10.4762526842098], [38.3771344672567, 10.462229305364], [38.4199168189011, 10.4388555997795], [38.4199168189011, 10.4154801373303], [38.3771344672567, 10.3827515449962], [38.3343521165105, 10.3780757521628], [38.2678017932274, 10.3546957394613], [38.2107586585998, 10.293899555833], [38.1584691182999, 10.2985766028469], [38.1632227126276, 10.3500195268946], [38.2012514690461, 10.3967785047777], [38.2392802254645, 10.4295056257665], [38.3105841439736, 10.4762526842098]]]}, "properties": {"OBJECTID": 433, "id": null, "name": null, "continent": null, "S2": null, "Shape__Area": 283798730.796875, "Shape__Length": 77355.5044650207}}, {"type": "Feature", "id": 434, "geometry": {"type": "Polygon", "coordinates": [[[38.5720318445748, 9.81179788854989], [38.6005534114395, 9.78369231966331], [38.586292627558, 9.76495395276968], [38.5577710606933, 9.76026919638808], [38.5149887099472, 9.77432326862351], [38.5244958986026, 9.80242962986957], [38.5720318445748, 9.81179788854989]]]}, "properties": {"OBJECTID": 434, "id": null, "name": null, "continent": null, "S2": null, "Shape__Area": 37662485.626464844, "Shape__Length": 24118.12670473835}}, {"type": "Feature", "id": 435, "geometry": {"type": "Polygon", "coordinates": [[[38.8144651660685, 10.1909870465665], [38.8049579774131, 10.1067611633329], [38.8239723556223, 10.0459176201552], [38.8477403281592, 10.0131509658512], [38.8192187612945, 9.9663357230655], [38.7906971935316, 9.94760774174433], [38.7384076532317, 9.94760774174433], [38.6861181138301, 9.94292557879696], [38.6528429517394, 9.94292557879696], [38.6433357621856, 9.99442567721298], [38.681364518604, 10.0505982997957], [38.709886086367, 10.0833611597616], [38.7146396806947, 10.1114409604733], [38.7289004645762, 10.1395183063856], [38.7526684371131, 10.1769509397087], [38.7669292209946, 10.1956656112423], [38.8144651660685, 10.1909870465665]]]}, "properties": {"OBJECTID": 435, "id": null, "name": null, "continent": null, "S2": null, "Shape__Area": 386145485.23291016, "Shape__Length": 84841.37981576563}}, {"type": "Feature", "id": 436, "geometry": {"type": "Polygon", "coordinates": [[[38.9000298684591, 10.1629142155655], [38.9665801917422, 10.2003441072101], [38.9855945699514, 10.1535560575258], [38.9665801917422, 10.1488768758364], [38.9618265974145, 10.1254799401347], [38.9333050305498, 10.0880412963857], [38.8715083006961, 10.1208003484622], [38.9000298684591, 10.1629142155655]]]}, "properties": {"OBJECTID": 436, "id": null, "name": null, "continent": null, "S2": null, "Shape__Area": 81485377.75878906, "Shape__Length": 37940.504184923535}}, {"type": "Feature", "id": 437, "geometry": {"type": "Polygon", "coordinates": [[[38.8952762741314, 10.7425753732954], [38.947565813533, 10.7472456235567], [38.9808409756237, 10.7425753732954], [38.9855945699514, 10.7052107789509], [38.923797840996, 10.6444834942817], [38.857247517713, 10.6211236210873], [38.8192187612945, 10.6444834942817], [38.8334795442777, 10.6865267531915], [38.8952762741314, 10.7425753732954]]]}, "properties": {"OBJECTID": 437, "id": null, "name": null, "continent": null, "S2": null, "Shape__Area": 163250774.0258789, "Shape__Length": 50822.40681941596}}, {"type": "Feature", "id": 438, "geometry": {"type": "Polygon", "coordinates": [[[39.0283769215959, 10.63981166289], [39.0664056780143, 10.6257957385603], [39.071159272342, 10.5930894151795], [39.042637704579, 10.5650526445966], [39.0046089481606, 10.5650526445966], [38.9903481651774, 10.5977619617582], [39.0283769215959, 10.63981166289]]]}, "properties": {"OBJECTID": 438, "id": null, "name": null, "continent": null, "S2": null, "Shape__Area": 52923492.91845703, "Shape__Length": 27388.515274337842}}, {"type": "Feature", "id": 439, "geometry": {"type": "Polygon", "coordinates": [[[39.1567239738343, 10.3266374226542], [39.1947527302527, 10.3406668944498], [39.218520703688, 10.3079304869624], [39.1804919472695, 10.2798680015146], [39.1472167851788, 10.2892224403614], [39.1567239738343, 10.3266374226542]]]}, "properties": {"OBJECTID": 439, "id": null, "name": null, "continent": null, "S2": null, "Shape__Area": 33742227.07421875, "Shape__Length": 22580.989242008767}}, {"type": "Feature", "id": 440, "geometry": {"type": "Polygon", "coordinates": [[[39.1377095956251, 11.9310678103684], [39.1757383520435, 11.9078123000895], [39.1804919472695, 11.8892064582553], [39.1472167851788, 11.8659473674643], [39.1186952174158, 11.8659473674643], [39.0949272448789, 11.8845547991724], [39.1377095956251, 11.9310678103684]]]}, "properties": {"OBJECTID": 440, "id": null, "name": null, "continent": null, "S2": null, "Shape__Area": 42702818.287109375, "Shape__Length": 25408.60230141176}}, {"type": "Feature", "id": 441, "geometry": {"type": "Polygon", "coordinates": [[[39.308838999508, 11.8287286965575], [39.3944037018986, 11.8054644539935], [39.4419396469725, 11.8008113687734], [39.4847219986169, 11.7682375614856], [39.4847219986169, 11.7077331192825], [39.4894755929446, 11.6565267058108], [39.4514468365262, 11.6285919528409], [39.3991572962263, 11.6844586502175], [39.3944037018986, 11.7263512843412], [39.3611285398079, 11.7449681936999], [39.3278533777172, 11.7775447581134], [39.2993318108525, 11.7868516386444], [39.308838999508, 11.8287286965575]]]}, "properties": {"OBJECTID": 441, "id": null, "name": null, "continent": null, "S2": null, "Shape__Area": 232135321.2680664, "Shape__Length": 70389.14516854605}}, {"type": "Feature", "id": 442, "geometry": {"type": "Polygon", "coordinates": [[[39.1804919472695, 11.7728911996267], [39.189999135925, 11.7403140844049], [39.1709847577158, 11.7216968609448], [39.1614775690603, 11.7077331192825], [39.1234488126419, 11.7356598965404], [39.1377095956251, 11.7728911996267], [39.1804919472695, 11.7728911996267]]]}, "properties": {"OBJECTID": 442, "id": null, "name": null, "continent": null, "S2": null, "Shape__Area": 36402402.65917969, "Shape__Length": 23329.16312886413}}, {"type": "Feature", "id": 443, "geometry": {"type": "Polygon", "coordinates": [[[39.1424631908511, 11.6146235243618], [39.1614775690603, 11.6006543959066], [39.1614775690603, 11.5773709623923], [39.1282024069696, 11.5913412557069], [39.1424631908511, 11.6146235243618]]]}, "properties": {"OBJECTID": 443, "id": null, "name": null, "continent": null, "S2": null, "Shape__Area": 8960591.397949219, "Shape__Length": 12407.250141579505}}, {"type": "Feature", "id": 444, "geometry": {"type": "Polygon", "coordinates": [[[39.0521448941328, 11.4935345771771], [39.0806664609974, 11.4981928100986], [39.1091880287604, 11.4655835617422], [39.1186952174158, 11.4329705486503], [39.1091880287604, 11.3537519063058], [39.0854200562235, 11.3537519063058], [39.0854200562235, 11.3723935714606], [39.0759128666697, 11.4143328549048], [39.071159272342, 11.4469480147251], [39.042637704579, 11.4655835617422], [39.0521448941328, 11.4935345771771]]]}, "properties": {"OBJECTID": 444, "id": null, "name": null, "continent": null, "S2": null, "Shape__Area": 72944814.28125, "Shape__Length": 41553.38768354932}}, {"type": "Feature", "id": 445, "geometry": {"type": "Polygon", "coordinates": [[[39.308838999508, 11.5121670473972], [39.3468677559264, 11.4981928100986], [39.3896501075709, 11.4888762663668], [39.403910890554, 11.4329705486503], [39.3991572962263, 11.3956939370582], [39.3658821341356, 11.3537519063058], [39.337360567271, 11.3397698578368], [39.3230997833894, 11.3630728916856], [39.3230997833894, 11.4003537818363], [39.308838999508, 11.5121670473972]]]}, "properties": {"OBJECTID": 445, "id": null, "name": null, "continent": null, "S2": null, "Shape__Area": 139729222.29492188, "Shape__Length": 49912.58486043042}}, {"type": "Feature", "id": 446, "geometry": {"type": "Polygon", "coordinates": [[[39.2898246212987, 11.2092378496348], [39.3183461890617, 11.1812590125521], [39.3040854051803, 11.1439496955547], [39.2755638383156, 11.1439496955547], [39.2565494601064, 11.1719321324192], [39.2898246212987, 11.2092378496348]]]}, "properties": {"OBJECTID": 446, "id": null, "name": null, "continent": null, "S2": null, "Shape__Area": 31362069.521972656, "Shape__Length": 21627.36709063701}}, {"type": "Feature", "id": 447, "geometry": {"type": "Polygon", "coordinates": [[[39.218520703688, 11.0179955022794], [39.2375350818971, 10.9993310206347], [39.2755638383156, 10.9619985137052], [39.2708102430896, 10.9293287039711], [39.2660566487618, 10.8873193786837], [39.2280278923434, 10.8826513099217], [39.2137671084619, 10.9293287039711], [39.218520703688, 11.0179955022794]]]}, "properties": {"OBJECTID": 447, "id": null, "name": null, "continent": null, "S2": null, "Shape__Area": 72104759.10351562, "Shape__Length": 37372.93494005985}}, {"type": "Feature", "id": 448, "geometry": {"type": "Polygon", "coordinates": [[[39.3421141615987, 10.8733149521845], [39.3706357293616, 10.8546413611041], [39.3563749454801, 10.8126215172463], [39.3326069729432, 10.8032829743961], [39.3183461890617, 10.7846050167009], [39.2945782165248, 10.7565859055228], [39.2565494601064, 10.8032829743961], [39.308838999508, 10.8359666029648], [39.3421141615987, 10.8733149521845]]]}, "properties": {"OBJECTID": 448, "id": null, "name": null, "continent": null, "S2": null, "Shape__Area": 70004620.11035156, "Shape__Length": 37765.72107669377}}, {"type": "Feature", "id": 449, "geometry": {"type": "Polygon", "coordinates": [[[39.3896501075709, 12.9152202962512], [39.4134180801078, 12.8966862595004], [39.3991572962263, 12.8781508498853], [39.3801429180171, 12.9059534500365], [39.3896501075709, 12.9152202962512]]]}, "properties": {"OBJECTID": 449, "id": null, "name": null, "continent": null, "S2": null, "Shape__Area": 7280480.5634765625, "Shape__Length": 11346.760426237335}}, {"type": "Feature", "id": 450, "geometry": {"type": "Polygon", "coordinates": [[[40.0218781828025, 12.9939745935112], [40.0456461553394, 12.9986064236197], [40.0551533448932, 12.9939745935112], [40.0266317771302, 12.9708141509462], [40.0218781828025, 12.9939745935112]]]}, "properties": {"OBJECTID": 450, "id": null, "name": null, "continent": null, "S2": null, "Shape__Area": 5880388.2373046875, "Shape__Length": 10712.660230202262}}, {"type": "Feature", "id": 451, "geometry": {"type": "Polygon", "coordinates": [[[41.4004206025211, 13.9001261482628], [41.4241885759563, 13.9001261482628], [41.4241885759563, 13.8816678525531], [41.4004206025211, 13.8816678525531], [41.4004206025211, 13.9001261482628]]]}, "properties": {"OBJECTID": 451, "id": null, "name": null, "continent": null, "S2": null, "Shape__Area": 5600369.783203125, "Shape__Length": 9525.019199997187}}, {"type": "Feature", "id": 452, "geometry": {"type": "Polygon", "coordinates": [[[44.0481727688273, 14.8854540846923], [44.0862015252458, 14.8900481057439], [44.1099694977827, 14.8808599657277], [44.0862015252458, 14.8532931955701], [44.0909551195735, 14.8211275181339], [44.076694335692, 14.7843608930199], [44.0529263631551, 14.7797646269216], [44.0101440124089, 14.7659752441835], [43.9673616607645, 14.7613785891272], [43.9673616607645, 14.7981491082235], [44.0244047953921, 14.8441034907045], [44.0481727688273, 14.8854540846923]]]}, "properties": {"OBJECTID": 452, "id": null, "name": null, "continent": null, "S2": null, "Shape__Area": 125588289.88134766, "Shape__Length": 49969.3670442777}}, {"type": "Feature", "id": 453, "geometry": {"type": "Polygon", "coordinates": [[[44.2335629556934, 14.8257229083357], [44.2573309291287, 14.8119364469097], [44.2620845234564, 14.7843608930199], [44.2383165509195, 14.7659752441835], [44.1907806049473, 14.7613785891272], [44.195534199275, 14.8119364469097], [44.2335629556934, 14.8257229083357]]]}, "properties": {"OBJECTID": 453, "id": null, "name": null, "continent": null, "S2": null, "Shape__Area": 43682883.80517578, "Shape__Length": 25376.80943034217}}, {"type": "Feature", "id": 454, "geometry": {"type": "Polygon", "coordinates": [[[44.1194766864382, 14.5038116162798], [44.2525773339026, 14.5176174925451], [44.3048668742025, 14.5176174925451], [44.342895630621, 14.4900048793981], [44.342895630621, 14.4347693415436], [44.3381420362932, 14.4071464288163], [44.290606090321, 14.4117504852251], [44.2810989016656, 14.4485795134071], [44.2478237395749, 14.4485795134071], [44.2050413888288, 14.4531827131925], [44.1575054428566, 14.4715945597356], [44.1432446598734, 14.4807999109727], [44.1194766864382, 14.5038116162798]]]}, "properties": {"OBJECTID": 454, "id": null, "name": null, "continent": null, "S2": null, "Shape__Area": 178651791.44384766, "Shape__Length": 65109.558399509166}}, {"type": "Feature", "id": 455, "geometry": {"type": "Polygon", "coordinates": [[[45.3031217306352, 15.2297320461431], [45.3363968918276, 15.2297320461431], [45.3554112700368, 15.2067975476274], [45.3554112700368, 15.174685059307], [45.3411504870537, 15.1563328730178], [45.3316432974999, 15.1379790942969], [45.3031217306352, 15.1288016078864], [45.2413250007816, 15.1425676879554], [45.255585784663, 15.160921068732], [45.2650929742168, 15.1976230499371], [45.3031217306352, 15.2297320461431]]]}, "properties": {"OBJECTID": 455, "id": null, "name": null, "continent": null, "S2": null, "Shape__Area": 100666643.78613281, "Shape__Length": 38850.34956626245}}, {"type": "Feature", "id": 456, "geometry": {"type": "Polygon", "coordinates": [[[44.8705446261511, 14.043127909993], [44.8848054100326, 14.015457087101], [44.8848054100326, 14.0108449580493], [44.8895590043603, 13.9739445980917], [44.8895590043603, 13.9508788688352], [44.9133269768973, 13.9139689046873], [44.922834166451, 13.8724381538824], [44.9133269768973, 13.8308999672508], [44.894312598688, 13.7985873606788], [44.8800518148066, 13.7570360054411], [44.8562838422696, 13.7385663666175], [44.827762275405, 13.7385663666175], [44.7897335189865, 13.770887277489], [44.8182550858512, 13.8170522558871], [44.8325158697327, 13.8355156876911], [44.8610374365973, 13.8632080871381], [44.8610374365973, 13.9047404929921], [44.8467766536142, 13.9231969490414], [44.8372694640604, 13.9739445980917], [44.8705446261511, 14.043127909993]]]}, "properties": {"OBJECTID": 456, "id": null, "name": null, "continent": null, "S2": null, "Shape__Area": 229615154.06591797, "Shape__Length": 82606.44874160047}}, {"type": "Feature", "id": 457, "geometry": {"type": "Polygon", "coordinates": [[[44.1337374703196, 12.6277893821406], [44.1289838759919, 12.5906778194223], [44.1194766864382, 12.5396406556597], [44.0909551195735, 12.5257196721232], [44.0909551195735, 12.4932344564244], [44.105215903455, 12.4746696430195], [44.0957087139012, 12.4375360254559], [44.0576799574828, 12.4189672250063], [44.0196512010644, 12.3957543611715], [43.9863760389737, 12.3957543611715], [43.9531008777813, 12.4096823281149], [43.9531008777813, 12.4328939499116], [43.9911296341997, 12.4468199285502], [44.0291583906181, 12.4746696430195], [44.0196512010644, 12.4932344564244], [44.0196512010644, 12.5442808160823], [44.0576799574828, 12.5999562136573], [44.1337374703196, 12.6277893821406]]]}, "properties": {"OBJECTID": 457, "id": null, "name": null, "continent": null, "S2": null, "Shape__Area": 239275792.34277344, "Shape__Length": 79225.61134651575}}, {"type": "Feature", "id": 458, "geometry": {"type": "Polygon", "coordinates": [[[43.7962322568816, 12.9198535904946], [43.9055649318091, 12.9198535904946], [43.9768688503182, 12.9105869160889], [43.9958832285274, 12.8642483926187], [44.0053904171829, 12.8225364022407], [44.0053904171829, 12.7761816396751], [43.9673616607645, 12.7669096650382], [43.9150721213629, 12.7669096650382], [43.8913041479276, 12.7808174989853], [43.8817969592722, 12.8039955195584], [43.8770433649444, 12.8271714094037], [43.8770433649444, 12.8410759194161], [43.8532753915092, 12.8549796602956], [43.8200002303168, 12.8735167834058], [43.7962322568816, 12.9198535904946]]]}, "properties": {"OBJECTID": 458, "id": null, "name": null, "continent": null, "S2": null, "Shape__Area": 270077824.18652344, "Shape__Length": 69721.82550614754}}, {"type": "Feature", "id": 459, "geometry": {"type": "Polygon", "coordinates": [[[47.2283275240932, 13.5353046581514], [47.2473419023024, 13.4798393926341], [47.2188203345394, 13.4613481075722], [47.185545173347, 13.4613481075722], [47.1380092273749, 13.4659710626202], [47.1332556330471, 13.4890844984411], [47.1570236055841, 13.5445476135933], [47.2283275240932, 13.5353046581514]]]}, "properties": {"OBJECTID": 459, "id": null, "name": null, "continent": null, "S2": null, "Shape__Area": 93666181.75634766, "Shape__Length": 37116.80544791259}}, {"type": "Feature", "id": 460, "geometry": {"type": "Polygon", "coordinates": [[[48.8588104557575, 12.95691684967], [48.8920856169499, 12.9198535904946], [48.9063464008314, 12.8781508498853], [48.9158535903852, 12.8503451658015], [48.9538823468036, 12.8225364022407], [48.9776503193405, 12.8039955195584], [49.0014182918775, 12.7900889623212], [49.015679075759, 12.7622735506451], [48.987157507996, 12.7066335558743], [48.987157507996, 12.683446625549], [48.9776503193405, 12.6277893821406], [48.9301143733683, 12.6370664316219], [48.9158535903852, 12.6788089852272], [48.9206071847129, 12.7112706880066], [48.9158535903852, 12.7947245671655], [48.8540568605315, 12.8225364022407], [48.8207816993391, 12.8549796602956], [48.8350424823223, 12.901319897247], [48.8588104557575, 12.95691684967]]]}, "properties": {"OBJECTID": 460, "id": null, "name": null, "continent": null, "S2": null, "Shape__Area": 295279487.36083984, "Shape__Length": 94407.26103181831}}, {"type": "Feature", "id": 461, "geometry": {"type": "Polygon", "coordinates": [[[49.0964901829235, 12.7993600859621], [49.1155045611327, 12.7761816396751], [49.1202581554605, 12.7344550791713], [49.0869829942681, 12.7205446991593], [49.0632150208328, 12.7483646968846], [49.0964901829235, 12.7993600859621]]]}, "properties": {"OBJECTID": 461, "id": null, "name": null, "continent": null, "S2": null, "Shape__Area": 33742226.99609375, "Shape__Length": 23242.60062844094}}, {"type": "Feature", "id": 462, "geometry": {"type": "Polygon", "coordinates": [[[49.0489542378497, 12.3121709609436], [49.0679686160589, 12.2935932507325], [49.082229399042, 12.265724224131], [49.0869829942681, 12.2099773357953], [49.0442006426236, 12.182099486634], [49.0109254814312, 12.1913924284356], [49.0061718862052, 12.2332066352702], [49.0204326700867, 12.2564338938873], [49.0346934539682, 12.2796591062534], [49.0489542378497, 12.3121709609436]]]}, "properties": {"OBJECTID": 462, "id": null, "name": null, "continent": null, "S2": null, "Shape__Area": 86245692.33642578, "Shape__Length": 37484.37823131208}}, {"type": "Feature", "id": 463, "geometry": {"type": "Polygon", "coordinates": [[[49.1297653450142, 13.2485961066206], [49.1202581554605, 13.2115766774615], [49.1250117506865, 13.1930648559611], [49.1155045611327, 13.1606657952215], [49.082229399042, 13.1375209856916], [49.0442006426236, 13.142150122124], [49.0442006426236, 13.1699231077035], [49.0727222103866, 13.1930648559611], [49.0584614265051, 13.2162044133134], [49.0394470482959, 13.2578500851331], [49.082229399042, 13.2809834889834], [49.1297653450142, 13.2485961066206]]]}, "properties": {"OBJECTID": 463, "id": null, "name": null, "continent": null, "S2": null, "Shape__Area": 110467291.39550781, "Shape__Length": 46728.82023885773}}, {"type": "Feature", "id": 464, "geometry": {"type": "Polygon", "coordinates": [[[49.0869829942681, 13.410489712749], [49.1059973724773, 13.4058656881347], [49.1012437772512, 13.3734950251911], [49.0774758047143, 13.3688702898048], [49.0632150208328, 13.3966173712228], [49.0869829942681, 13.410489712749]]]}, "properties": {"OBJECTID": 464, "id": null, "name": null, "continent": null, "S2": null, "Shape__Area": 15541025.745605469, "Shape__Length": 15257.148452994807}}, {"type": "Feature", "id": 465, "geometry": {"type": "Polygon", "coordinates": [[[48.9510301894883, 13.9628733364214], [48.9681431297868, 13.9407292167748], [49.0194819515804, 13.9130460804324], [49.0594121459096, 13.9075090549752], [49.0651164587436, 13.8908971846695], [49.0594121459096, 13.8687461712362], [49.0251862644144, 13.8576698718007], [48.9795517572513, 13.8742841231742], [48.9510301894883, 13.8742841231742], [48.9168043088914, 13.8742841231742], [48.8882827420267, 13.8908971846695], [48.8939870548607, 13.9241197327805], [48.9510301894883, 13.9628733364214]]]}, "properties": {"OBJECTID": 465, "id": null, "name": null, "continent": null, "S2": null, "Shape__Area": 130645422.31982422, "Shape__Length": 50572.07920502877}}, {"type": "Feature", "id": 466, "geometry": {"type": "Polygon", "coordinates": [[[49.0080733241159, 14.5323428107225], [49.0422992056112, 14.504732034408], [49.0936380265065, 14.4992094665296], [49.082229399042, 14.4550239665929], [49.082229399042, 14.4053047794656], [49.0537078321774, 14.4053047794656], [49.0137776378482, 14.4439762183303], [48.9852560709835, 14.4660711666233], [48.9339172491899, 14.4715945597356], [48.9168043088914, 14.537864552513], [48.9282129363559, 14.5765128768057], [48.9795517572513, 14.5765128768057], [49.0080733241159, 14.5323428107225]]]}, "properties": {"OBJECTID": 466, "id": null, "name": null, "continent": null, "S2": null, "Shape__Area": 200202012.9189453, "Shape__Length": 65121.449385688364}}, {"type": "Feature", "id": 467, "geometry": {"type": "Polygon", "coordinates": [[[48.9110999951591, 15.0617939331671], [48.9510301894883, 15.0452682475803], [48.9567345032206, 15.0177225918402], [48.9510301894883, 14.9791527049277], [48.9168043088914, 14.9405758698157], [48.8711698017283, 14.9240408176298], [48.8312396073991, 14.9571096487841], [48.8483525476976, 14.9846631139311], [48.8825784282945, 14.995683508084], [48.9110999951591, 15.0617939331671]]]}, "properties": {"OBJECTID": 467, "id": null, "name": null, "continent": null, "S2": null, "Shape__Area": 117338943.47363281, "Shape__Length": 45672.12344017625}}, {"type": "Feature", "id": 468, "geometry": {"type": "Polygon", "coordinates": [[[49.0194819515804, 15.2434915448764], [49.0594121459096, 15.2544984966504], [49.0708207724758, 15.2379878537366], [49.0422992056112, 15.2049626798535], [49.0194819515804, 15.2049626798535], [49.0194819515804, 15.2434915448764]]]}, "properties": {"OBJECTID": 468, "id": null, "name": null, "continent": null, "S2": null, "Shape__Area": 22580690.423828125, "Shape__Length": 18856.941152661006}}, {"type": "Feature", "id": 469, "geometry": {"type": "Polygon", "coordinates": [[[49.1392725336697, 15.5074984651346], [49.1563854748664, 15.4855106924919], [49.1792027279988, 15.4470264665294], [49.1792027279988, 15.4085350964238], [49.1677941014326, 15.3755368197338], [49.1392725336697, 15.3755368197338], [49.1164552805373, 15.3975362525351], [49.1050466530727, 15.4470264665294], [49.1392725336697, 15.5074984651346]]]}, "properties": {"OBJECTID": 469, "id": null, "name": null, "continent": null, "S2": null, "Shape__Area": 85484041.98046875, "Shape__Length": 37333.741364854715}}, {"type": "Feature", "id": 470, "geometry": {"type": "Polygon", "coordinates": [[[49.2590631166572, 15.9686963264032], [49.3104019375525, 15.9741804469416], [49.3446278190478, 15.9632120547896], [49.3446278190478, 15.9138468609502], [49.3332191915833, 15.8699565040315], [49.3332191915833, 15.842520175248], [49.3332191915833, 15.8205684267468], [49.3389235053155, 15.7986142948281], [49.356036445614, 15.7601888380065], [49.356036445614, 15.7217561069522], [49.3275148787493, 15.6942997118986], [49.3161062512848, 15.6778240995623], [49.2875846844202, 15.6558545477753], [49.247654490091, 15.6448688858359], [49.2020199820296, 15.6668396185647], [49.1963156682973, 15.7107739931652], [49.2305415497925, 15.7492087996486], [49.247654490091, 15.7931253895707], [49.2590631166572, 15.8315445986778], [49.2590631166572, 15.8754433221784], [49.2590631166572, 15.9686963264032]]]}, "properties": {"OBJECTID": 470, "id": null, "name": null, "continent": null, "S2": null, "Shape__Area": 404234679.84765625, "Shape__Length": 96377.36324829997}}, {"type": "Feature", "id": 471, "geometry": {"type": "Polygon", "coordinates": [[[47.7188984817111, 15.9741804469416], [47.7417157357419, 15.9357884460259], [47.7303071091757, 15.908361089759], [47.6903769148465, 15.908361089759], [47.6504467205173, 15.8919028790116], [47.6219251527543, 15.8644695365044], [47.5876992721574, 15.8534951543589], [47.5648820181267, 15.8919028790116], [47.5819949584252, 15.9303032749755], [47.6333337802188, 15.9632120547896], [47.7188984817111, 15.9741804469416]]]}, "properties": {"OBJECTID": 471, "id": null, "name": null, "continent": null, "S2": null, "Shape__Area": 151814819.94140625, "Shape__Length": 52759.87393190118}}, {"type": "Feature", "id": 472, "geometry": {"type": "Polygon", "coordinates": [[[46.3840891312449, 16.187943516041], [46.3441589369158, 16.1988995134522], [46.3384546240818, 16.2043772843974], [46.2928201160204, 16.2153323688125], [46.2814114894542, 16.2372407107716], [46.2357769813927, 16.2536703663151], [46.2300726676605, 16.2810500734948], [46.2471856088573, 16.3084259590623], [46.2700028619897, 16.3029510875383], [46.2985244297526, 16.2810500734948], [46.3327503103495, 16.2810500734948], [46.378384818411, 16.2646227076559], [46.4126106990079, 16.2208096830534], [46.3840891312449, 16.187943516041]]]}, "properties": {"OBJECTID": 472, "id": null, "name": null, "continent": null, "S2": null, "Shape__Area": 143750288.09570312, "Shape__Length": 53192.23342120908}}, {"type": "Feature", "id": 473, "geometry": {"type": "Polygon", "coordinates": [[[46.0817605178083, 15.8699565040315], [46.0874648315406, 15.8370324615142], [46.0475346372114, 15.848007738969], [46.0190130703467, 15.848007738969], [45.996195816316, 15.8315445986778], [45.9334483679561, 15.8260565867851], [45.9049268010915, 15.8754433221784], [45.92203974139, 15.9028751688641], [45.9847871888515, 15.9248179531727], [46.0304216969129, 15.908361089759], [46.0817605178083, 15.8699565040315]]]}, "properties": {"OBJECTID": 473, "id": null, "name": null, "continent": null, "S2": null, "Shape__Area": 150000300.01171875, "Shape__Length": 52187.752894122415}}, {"type": "Feature", "id": 474, "geometry": {"type": "Polygon", "coordinates": [[[46.5552185351278, 15.2324840177131], [46.5723314754263, 15.1774377494918], [46.5723314754263, 15.1444030977491], [46.5438099085616, 15.1113632893364], [46.5438099085616, 15.0562855134618], [46.5209926545309, 15.0177225918402], [46.4981754005002, 15.0452682475803], [46.5038797142324, 15.072810345003], [46.5038797142324, 15.1003488764696], [46.4924710876662, 15.1333904003534], [46.4639495199033, 15.1664267718282], [46.4696538336355, 15.2049626798535], [46.5552185351278, 15.2324840177131]]]}, "properties": {"OBJECTID": 474, "id": null, "name": null, "continent": null, "S2": null, "Shape__Area": 164314844.37597656, "Shape__Length": 60853.58052478681}}, {"type": "Feature", "id": 475, "geometry": {"type": "Polygon", "coordinates": [[[46.3612718781125, 15.1223771313349], [46.378384818411, 15.0948414553196], [46.3612718781125, 15.0562855134618], [46.3270459966173, 15.0673022103632], [46.3156373700511, 15.1113632893364], [46.3612718781125, 15.1223771313349]]]}, "properties": {"OBJECTID": 475, "id": null, "name": null, "continent": null, "S2": null, "Shape__Area": 35483942.33544922, "Shape__Length": 23027.497471129285}}, {"type": "Feature", "id": 476, "geometry": {"type": "Polygon", "coordinates": [[[46.2985244297526, 14.9681314598327], [46.3042287434849, 14.9295526425027], [46.2642985491557, 14.9185288505624], [46.2186640410943, 14.9460872704249], [46.2015511007958, 14.9571096487841], [46.1502122799005, 14.9626206255714], [46.1102820855713, 14.995683508084], [46.1445079661682, 15.0342504122293], [46.2015511007958, 15.0452682475803], [46.2700028619897, 15.0397594006311], [46.2985244297526, 14.9681314598327]]]}, "properties": {"OBJECTID": 476, "id": null, "name": null, "continent": null, "S2": null, "Shape__Area": 196976200.06054688, "Shape__Length": 57818.90144706254}}, {"type": "Feature", "id": 477, "geometry": {"type": "Polygon", "coordinates": [[[47.7131941679789, 14.3776782164849], [47.7188984817111, 14.3334686160297], [47.7188984817111, 14.294778062721], [47.7074898551449, 14.2505521352495], [47.6846726011143, 14.2284359180244], [47.6618553470835, 14.2560808511492], [47.6618553470835, 14.2892502966545], [47.6390380930528, 14.3500482392773], [47.6276294664866, 14.4218790751633], [47.678968287382, 14.4274035667742], [47.7131941679789, 14.3776782164849]]]}, "properties": {"OBJECTID": 477, "id": null, "name": null, "continent": null, "S2": null, "Shape__Area": 151008366.79833984, "Shape__Length": 54672.423755235715}}, {"type": "Feature", "id": 478, "geometry": {"type": "Polygon", "coordinates": [[[53.4412987501688, 14.4813510576231], [53.4551609003548, 14.4634546862098], [53.5013680691385, 14.4589803684199], [53.5521959534531, 14.4455568736961], [53.6168859888519, 14.4142322358734], [53.6399895727946, 14.3918547989016], [53.6353688554671, 14.3515697620856], [53.603023838666, 14.3470931995024], [53.5568166698823, 14.3560462360535], [53.469023051439, 14.36499891369], [53.3950915822834, 14.36499891369], [53.3257808304554, 14.3560462360535], [53.2426079284413, 14.36499891369], [53.196400760556, 14.36499891369], [53.1409521589138, 14.3873790417373], [53.1178485749711, 14.4276576199728], [53.1317107251571, 14.4455568736961], [53.1825386094717, 14.4589803684199], [53.1825386094717, 14.4947723884748], [53.1825386094717, 14.5350315028782], [53.2379872111138, 14.5752832843281], [53.3211601140261, 14.5663390785704], [53.4089537324694, 14.5529220901204], [53.4412987501688, 14.4813510576231]]]}, "properties": {"OBJECTID": 478, "id": null, "name": null, "continent": null, "S2": null, "Shape__Area": 910031529.7998047, "Shape__Length": 144208.32389735384}}, {"type": "Feature", "id": 479, "geometry": {"type": "Polygon", "coordinates": [[[51.6946678015861, 12.5901582525805], [51.6623227838867, 12.5540788539108], [51.6207363324305, 12.5585890554118], [51.5883913147311, 12.5360372557983], [51.5375634304165, 12.4954390441613], [51.4959769789603, 12.4819048893863], [51.4312869435614, 12.4819048893863], [51.3758383419193, 12.4909277382097], [51.3250104576047, 12.4954390441613], [51.315769023848, 12.5315266592528], [51.3481140415474, 12.5585890554118], [51.422045510703, 12.5540788539108], [51.4913562625311, 12.5721191861535], [51.5375634304165, 12.5811388778098], [51.5745291645451, 12.6262325776843], [51.6946678015861, 12.5901582525805]]]}, "properties": {"OBJECTID": 479, "id": null, "name": null, "continent": null, "S2": null, "Shape__Area": 329802093.6074219, "Shape__Length": 96922.10332515699}}, {"type": "Feature", "id": 480, "geometry": {"type": "Polygon", "coordinates": [[[51.646557984861, 12.0545559509864], [51.6583301254867, 12.1006022148543], [51.6915078275556, 12.1110293234806], [51.7131506682013, 12.1071818169428], [51.7547371196574, 12.0710358701604], [51.736254252144, 12.0394041651045], [51.6992885180153, 12.0303658503951], [51.6655844669703, 12.0386066781749], [51.646557984861, 12.0545559509864]]]}, "properties": {"OBJECTID": 480, "id": null, "name": null, "continent": null, "S2": null, "Shape__Area": 77709534.99316406, "Shape__Length": 32970.967139468084}}, {"type": "Feature", "id": 481, "geometry": {"type": "Polygon", "coordinates": [[[51.939565791199, 12.1342880687729], [52.1197737463113, 12.125252957536], [52.2075673656528, 12.0981457880153], [52.2306709495955, 12.0394041651045], [52.2445330997815, 11.9761295894997], [52.2445330997815, 11.8992762518181], [52.1983259318961, 11.8540582477282], [52.1521187640107, 11.8540582477282], [52.1105323125545, 11.8811899514272], [52.0966701623686, 11.9399660282675], [52.0874287286119, 11.9670891522893], [52.0412215607265, 12.0032490848519], [51.9996351101686, 12.0258465795193], [51.9626693751417, 12.0529610665243], [51.939565791199, 12.0891094536197], [51.939565791199, 12.1342880687729]]]}, "properties": {"OBJECTID": 481, "id": null, "name": null, "continent": null, "S2": null, "Shape__Area": 652328168.7949219, "Shape__Length": 108730.40368716691}}, {"type": "Feature", "id": 482, "geometry": {"type": "Polygon", "coordinates": [[[52.2029466492236, 11.7771704617588], [52.2260502331663, 11.7545523059885], [52.2168087994096, 11.7228837669153], [52.2029466492236, 11.7183593935288], [52.1798430652809, 11.7183593935288], [52.1659809141967, 11.7500284521087], [52.2029466492236, 11.7771704617588]]]}, "properties": {"OBJECTID": 482, "id": null, "name": null, "continent": null, "S2": null, "Shape__Area": 29500949.50439453, "Shape__Length": 20641.505684351592}}, {"type": "Feature", "id": 483, "geometry": {"type": "Polygon", "coordinates": [[[52.0689458619967, 11.6912115952625], [52.0966701623686, 11.6731115846994], [52.1012908796961, 11.6595358011722], [52.1151530298821, 11.6233304673065], [52.1151530298821, 11.5961733783579], [52.1059115961253, 11.5327965735616], [52.0874287286119, 11.5146862844836], [52.0828080121826, 11.5373239640629], [52.045842278054, 11.5690136469397], [52.0181179767838, 11.5916469393008], [52.0366008442972, 11.6278563921529], [52.0689458619967, 11.6912115952625]]]}, "properties": {"OBJECTID": 483, "id": null, "name": null, "continent": null, "S2": null, "Shape__Area": 121707952.68603516, "Shape__Length": 47761.101506558116}}, {"type": "Feature", "id": 484, "geometry": {"type": "Polygon", "coordinates": [[[51.9349450747697, 11.3153965085095], [51.9719108088984, 11.3108655729875], [51.9857729590844, 11.2700839358888], [51.9811522426551, 11.2383608850693], [51.9534279422832, 11.1930361866887], [51.925703641013, 11.1431708249366], [51.8794964731276, 11.0978312572898], [51.8610136056142, 11.0978312572898], [51.8240478714855, 11.0978312572898], [51.8194271550563, 11.1295696955098], [51.8748757566984, 11.1839703954989], [51.9072207734995, 11.2383608850693], [51.9349450747697, 11.3153965085095]]]}, "properties": {"OBJECTID": 484, "id": null, "name": null, "continent": null, "S2": null, "Shape__Area": 195394180.81591797, "Shape__Length": 67340.0239233892}}, {"type": "Feature", "id": 485, "geometry": {"type": "Polygon", "coordinates": [[[43.2048850953836, 10.9442639208592], [43.2429138518021, 10.8695803272484], [43.1668563389652, 10.8228935791554], [43.1383347712022, 10.8228935791554], [43.0907988261284, 10.8415691530987], [43.1098132043376, 10.9069244688667], [43.2048850953836, 10.9442639208592]]]}, "properties": {"OBJECTID": 485, "id": null, "name": null, "continent": null, "S2": null, "Shape__Area": 147849757.53466797, "Shape__Length": 47428.09381664879}}, {"type": "Feature", "id": 486, "geometry": {"type": "Polygon", "coordinates": [[[43.1668563389652, 10.4771875531648], [43.2238994735928, 10.4584896304746], [43.1953779058299, 10.4117399003405], [43.147841960756, 10.4023891116192], [43.1003060147838, 10.3369257631052], [43.0432628801562, 10.2808034575149], [42.9767125568731, 10.2620938035215], [42.9101622326917, 10.290157868648], [42.9386838004547, 10.3275727398451], [42.9957269350823, 10.3556309730774], [43.0432628801562, 10.4023891116192], [43.1668563389652, 10.4771875531648]]]}, "properties": {"OBJECTID": 486, "id": null, "name": null, "continent": null, "S2": null, "Shape__Area": 301859921.60253906, "Shape__Length": 88139.89667443623}}, {"type": "Feature", "id": 487, "geometry": {"type": "Polygon", "coordinates": [[[43.2334066622483, 10.3182194392353], [43.2904497968759, 10.2808034575149], [43.2238994735928, 10.2433830433452], [43.1763635276207, 10.2808034575149], [43.2334066622483, 10.3182194392353]]]}, "properties": {"OBJECTID": 487, "id": null, "name": null, "continent": null, "S2": null, "Shape__Area": 53763548.38671875, "Shape__Length": 30572.757475380644}}, {"type": "Feature", "id": 488, "geometry": {"type": "Polygon", "coordinates": [[[42.9291766109009, 10.0187683421055], [42.9672053673193, 9.97195390718502], [42.9386838004547, 9.95322624834599], [42.9006550440363, 9.99068048982311], [42.9291766109009, 10.0187683421055]]]}, "properties": {"OBJECTID": 488, "id": null, "name": null, "continent": null, "S2": null, "Shape__Area": 26321737.178222656, "Shape__Length": 21069.522528792804}}, {"type": "Feature", "id": 489, "geometry": {"type": "Polygon", "coordinates": [[[45.1253372945139, 11.0469231087876], [45.1443516727231, 11.0002642724049], [45.1348444831693, 10.9815986679586], [45.1063229163047, 10.9442639208592], [45.0302654034678, 10.9442639208592], [44.9732222688402, 10.9815986679586], [45.0207582139141, 11.0562539864572], [45.1253372945139, 11.0469231087876]]]}, "properties": {"OBJECTID": 489, "id": null, "name": null, "continent": null, "S2": null, "Shape__Area": 179771865.28808594, "Shape__Length": 51129.960988690866}}, {"type": "Feature", "id": 491, "geometry": {"type": "Polygon", "coordinates": [[[44.0890536816627, 9.48937927373066], [43.9274314673336, 9.56907528430109], [43.9274314673336, 9.64406622977516], [44.0102282537213, 9.62876088411312], [44.0795464930073, 9.61594657217691], [44.1841255727088, 9.61594657217691], [44.2131753166212, 9.62896522352596], [44.2791974637548, 9.61594657217691], [44.3923458864636, 9.46185449303954], [44.5549059482375, 9.43780138101155], [44.6290620231636, 9.25893851617898], [44.6036060389527, 9.25056364134288], [44.5453987586838, 9.23141302613277], [44.5168771918191, 9.27833017996751], [44.4727366719067, 9.31853988948955], [44.4044240588521, 9.35401761967099], [44.2696902750994, 9.37214563137259], [44.203139950918, 9.38152578691849], [44.108068059872, 9.47531334341375], [44.0890536816627, 9.48937927373066]]]}, "properties": {"OBJECTID": 491, "id": null, "name": null, "continent": null, "S2": null, "Shape__Area": 1331684900.6064453, "Shape__Length": 201578.37494999246}}, {"type": "Feature", "id": 492, "geometry": {"type": "Polygon", "coordinates": [[[45.6006967497441, 10.3182194392353], [45.6387255061625, 10.2808034575149], [45.5911895601903, 10.215314832768], [45.5721751819811, 10.215314832768], [45.4866104804888, 10.224671178916], [45.4961176691443, 10.290157868648], [45.6006967497441, 10.3182194392353]]]}, "properties": {"OBJECTID": 492, "id": null, "name": null, "continent": null, "S2": null, "Shape__Area": 137769093.00683594, "Shape__Length": 46341.743656421626}}, {"type": "Feature", "id": 493, "geometry": {"type": "Polygon", "coordinates": [[[45.8193620987009, 10.2714487684697], [45.8288692882546, 10.224671178916], [45.8193620987009, 10.2059582121648], [45.7813333422825, 10.215314832768], [45.8193620987009, 10.2714487684697]]]}, "properties": {"OBJECTID": 493, "id": null, "name": null, "continent": null, "S2": null, "Shape__Area": 19601293.735351562, "Shape__Length": 19758.37740260167}}, {"type": "Feature", "id": 494, "geometry": {"type": "Polygon", "coordinates": [[[45.9334483679561, 10.449140247046], [45.9714771243746, 10.4023891116192], [45.9429555575099, 10.3836866948207], [45.8954196115377, 10.4023891116192], [45.9334483679561, 10.449140247046]]]}, "properties": {"OBJECTID": 494, "id": null, "name": null, "continent": null, "S2": null, "Shape__Area": 31362070.104003906, "Shape__Length": 23068.500376467797}}, {"type": "Feature", "id": 495, "geometry": {"type": "Polygon", "coordinates": [[[48.6049685067993, 10.0187683421055], [48.6905332082916, 10.0187683421055], [48.6715188300824, 9.95322624834599], [48.6144756954548, 9.94386201639947], [48.5669397503809, 9.89703683401687], [48.4813750479903, 9.91576770982199], [48.4623606697811, 9.97195390718502], [48.5289109939625, 9.99068048982311], [48.6049685067993, 10.0187683421055]]]}, "properties": {"OBJECTID": 495, "id": null, "name": null, "continent": null, "S2": null, "Shape__Area": 211133935.02294922, "Shape__Length": 64349.074741743636}}, {"type": "Feature", "id": 496, "geometry": {"type": "Polygon", "coordinates": [[[48.4813750479903, 9.83147036790851], [48.4908822375441, 9.77526018525421], [48.4908822375441, 9.71904050029214], [48.4433462915719, 9.74715152683688], [48.4148247247072, 9.8033664672086], [48.4813750479903, 9.83147036790851]]]}, "properties": {"OBJECTID": 496, "id": null, "name": null, "continent": null, "S2": null, "Shape__Area": 63844213.97363281, "Shape__Length": 34118.291678738555}}, {"type": "Feature", "id": 497, "geometry": {"type": "Polygon", "coordinates": [[[49.1072272011355, 8.68938981663386], [49.0611914731289, 8.70689222501276], [49.1088495288942, 8.78069508040923], [49.1849070417311, 8.84645958039833], [49.2609645545679, 8.89342703734053], [49.3180076891956, 8.87464077587205], [49.3515706831814, 8.85737897266969], [49.3090761652287, 8.83988365767585], [49.2524168070601, 8.80489053668402], [49.2134634982631, 8.75589460831316], [49.1851338187296, 8.71739327767213], [49.1497217199865, 8.70339180949678], [49.1072272011355, 8.68938981663386]]]}, "properties": {"OBJECTID": 497, "id": null, "name": null, "continent": null, "S2": null, "Shape__Area": 278018757.70410156, "Shape__Length": 81666.87158959136}}, {"type": "Feature", "id": 498, "geometry": {"type": "Polygon", "coordinates": [[[49.717309631589, 9.4659357359941], [49.745831199352, 9.40966472852939], [49.7363240097982, 9.35338456100743], [49.717309631589, 9.29709528624853], [49.6697736865151, 9.29709528624853], [49.6507593083059, 9.35338456100743], [49.6507593083059, 9.40028533574134], [49.717309631589, 9.4659357359941]]]}, "properties": {"OBJECTID": 498, "id": null, "name": null, "continent": null, "S2": null, "Shape__Area": 140569277.28808594, "Shape__Length": 47984.47633771191}}, {"type": "Feature", "id": 499, "geometry": {"type": "Polygon", "coordinates": [[[46.9412104130443, 9.25956406960373], [47.0267751154349, 9.24079695711668], [47.0552966822996, 9.20325973361365], [47.0552966822996, 9.16571852514541], [46.9792391694627, 9.13756001354578], [46.9221960348351, 9.15633260266012], [46.855645711552, 9.21264441413619], [46.9412104130443, 9.25956406960373]]]}, "properties": {"OBJECTID": 499, "id": null, "name": null, "continent": null, "S2": null, "Shape__Area": 197693046.92089844, "Shape__Length": 55671.913917209415}}, {"type": "Feature", "id": 500, "geometry": {"type": "Polygon", "coordinates": [[[47.5876992721574, 9.25956406960373], [47.6922783527572, 9.18448962651943], [47.8063646220125, 9.16571852514541], [47.8253790002217, 9.12817334740746], [47.7873502438033, 9.11878643505818], [47.673263974548, 9.11878643505818], [47.5876992721574, 9.16571852514541], [47.5116417593206, 9.16571852514541], [47.3880483014099, 9.12817334740746], [47.311990788573, 9.12817334740746], [47.2929764103638, 9.16571852514541], [47.3405123554377, 9.22202884446647], [47.4450914360375, 9.25956406960373], [47.5876992721574, 9.25956406960373]]]}, "properties": {"OBJECTID": 500, "id": null, "name": null, "continent": null, "S2": null, "Shape__Area": 548276185.2539062, "Shape__Length": 132552.72977272427}}, {"type": "Feature", "id": 501, "geometry": {"type": "Polygon", "coordinates": [[[47.815871810668, 9.44717975454872], [47.8443933784309, 9.40028533574134], [47.815871810668, 9.38152578691849], [47.7683358655941, 9.37214563137259], [47.7778430542495, 9.42842275140894], [47.815871810668, 9.44717975454872]]]}, "properties": {"OBJECTID": 501, "id": null, "name": null, "continent": null, "S2": null, "Shape__Area": 43682882.90527344, "Shape__Length": 26554.082155807784}}, {"type": "Feature", "id": 502, "geometry": {"type": "Polygon", "coordinates": [[[48.0440443491785, 9.43780138101155], [48.0725659169414, 9.38152578691849], [48.0440443491785, 9.35338456100743], [48.0060155927601, 9.37214563137259], [47.9870012145509, 9.40966472852939], [48.0440443491785, 9.43780138101155]]]}, "properties": {"OBJECTID": 502, "id": null, "name": null, "continent": null, "S2": null, "Shape__Area": 52083437.97607422, "Shape__Length": 28155.237248199293}}, {"type": "Feature", "id": 503, "geometry": {"type": "Polygon", "coordinates": [[[47.8327135711417, 8.20250145034708], [47.8005207532042, 8.20250145034708], [47.7651086544612, 8.20600641837724], [47.7367789749277, 8.21652113600934], [47.7721910736708, 8.23754973594509], [47.790648288893, 8.2482052167197], [47.7969795431502, 8.26909054054954], [47.8394740620013, 8.28661211970223], [47.8500976912649, 8.32866072305194], [47.8724132487858, 8.352580213633], [47.907040346633, 8.3432365185669], [47.9138394695414, 8.32866072305194], [47.9315455189129, 8.27259491802167], [47.9138394695414, 8.21652113600934], [47.8961334201698, 8.20600641837724], [47.8430152720552, 8.19549142246829], [47.8327135711417, 8.20250145034708]]]}, "properties": {"OBJECTID": 503, "id": null, "name": null, "continent": null, "S2": null, "Shape__Area": 199968798.02392578, "Shape__Length": 62743.480390751094}}, {"type": "Feature", "id": 504, "geometry": {"type": "Polygon", "coordinates": [[[47.1453969237624, 7.92551237995627], [47.1453969237624, 7.88692934125207], [47.1135260350733, 7.87640606929539], [47.0781139363302, 7.87991385574811], [47.0356194174792, 7.87991385574811], [46.9931248986282, 7.86237462295524], [46.9506303806755, 7.84483464870522], [46.9010534417166, 7.84483464870522], [46.8621001329195, 7.85535872267373], [46.8975122316626, 7.87289825224291], [46.9187594910881, 7.89043703938764], [46.9506303806755, 7.92551237995627], [47.0249957882157, 7.94304893015733], [47.0639490970127, 7.94304893015733], [47.1453969237624, 7.92551237995627]]]}, "properties": {"OBJECTID": 504, "id": null, "name": null, "continent": null, "S2": null, "Shape__Area": 196423223.25, "Shape__Length": 71945.26240316262}}, {"type": "Feature", "id": 505, "geometry": {"type": "Polygon", "coordinates": [[[47.0214545781617, 8.13590120368153], [47.0143721580537, 8.09733810086237], [46.9825012693646, 8.07279602036229], [46.9364655404596, 8.08331423808795], [46.9010534417166, 8.12187868493255], [46.8621001329195, 8.14992323093844], [46.8798061822911, 8.1919863617562], [46.9364655404596, 8.18848127017587], [47.0214545781617, 8.13590120368153]]]}, "properties": {"OBJECTID": 505, "id": null, "name": null, "continent": null, "S2": null, "Shape__Area": 144364853.21923828, "Shape__Length": 47984.47390912346}}, {"type": "Feature", "id": 507, "geometry": {"type": "Polygon", "coordinates": [[[45.2402260054562, 8.37070480840497], [45.1764842271797, 8.37070480840497], [45.1198248690111, 8.36019421197941], [45.0773303501601, 8.36019421197941], [45.087953980322, 8.40924123357179], [45.1269072882207, 8.44777382744563], [45.1552369677542, 8.46528737160837], [45.1764842271797, 8.51081885436195], [45.1835666463893, 8.55284311064792], [45.2048139058149, 8.59136127415201], [45.2366847954023, 8.56334845090222], [45.2437672146119, 8.52132535132255], [45.2579320548278, 8.48280011905967], [45.2650144740374, 8.40223489585235], [45.2402260054562, 8.37070480840497]]]}, "properties": {"OBJECTID": 507, "id": null, "name": null, "continent": null, "S2": null, "Shape__Area": 291526872.1176758, "Shape__Length": 76870.36373087183}}, {"type": "Feature", "id": 508, "geometry": {"type": "Polygon", "coordinates": [[[45.4137452891176, 8.50731662432564], [45.4349925485431, 8.46528737160837], [45.4137452891176, 8.43025948817162], [45.3995804498001, 8.40924123357179], [45.3818744004285, 8.40924123357179], [45.3712507711649, 8.43376241973625], [45.3712507711649, 8.47229256663929], [45.3783331903745, 8.49680974302415], [45.4137452891176, 8.50731662432564]]]}, "properties": {"OBJECTID": 508, "id": null, "name": null, "continent": null, "S2": null, "Shape__Area": 54622438.57128906, "Shape__Length": 29023.631287839}}, {"type": "Feature", "id": 509, "geometry": {"type": "Polygon", "coordinates": [[[45.3712507711649, 8.70339180949678], [45.3854156104825, 8.67188659109415], [45.3535447217934, 8.6438797348736], [45.3287562523139, 8.65088164386293], [45.32521504226, 8.67888797962245], [45.32521504226, 8.71039260866645], [45.3712507711649, 8.70339180949678]]]}, "properties": {"OBJECTID": 509, "id": null, "name": null, "continent": null, "S2": null, "Shape__Area": 36518558.27685547, "Shape__Length": 23410.206585788175}}, {"type": "Feature", "id": 510, "geometry": {"type": "Polygon", "coordinates": [[[45.4774870673941, 8.62987552497506], [45.4916519067117, 8.60186554924056], [45.4810282774481, 8.58785978415163], [45.4597810180226, 8.58785978415163], [45.449157388759, 8.58785978415163], [45.449157388759, 8.61236953302433], [45.449157388759, 8.62987552497506], [45.4774870673941, 8.62987552497506]]]}, "properties": {"OBJECTID": 510, "id": null, "name": null, "continent": null, "S2": null, "Shape__Area": 18958569.951660156, "Shape__Length": 16928.875705663977}}, {"type": "Feature", "id": 511, "geometry": {"type": "Polygon", "coordinates": [[[46.1237491495088, 8.20132736547508], [46.1485376180899, 8.15926521991612], [46.1202079394548, 8.12421004898775], [46.0989606800293, 8.11018712271997], [46.0600073712322, 8.11018712271997], [46.0175128523812, 8.13122132889889], [46.0068892231176, 8.15926521991612], [46.0139716432256, 8.20132736547508], [46.0706310013942, 8.22235677090653], [46.1237491495088, 8.20132736547508]]]}, "properties": {"OBJECTID": 511, "id": null, "name": null, "continent": null, "S2": null, "Shape__Area": 144364852.46972656, "Shape__Length": 44261.1117077656}}, {"type": "Feature", "id": 512, "geometry": {"type": "Polygon", "coordinates": [[[45.5801821544677, 9.29448716910563], [45.6262178824744, 9.28050801732385], [45.6085118331028, 9.24905288902141], [45.6120530431568, 9.21759494748336], [45.5943469937853, 9.18613420371544], [45.5589348950422, 9.16166280380327], [45.5412288456707, 9.13019709952619], [45.5199815862452, 9.07425121722894], [45.4774870673941, 9.07075430914457], [45.4385337585971, 9.09173524521267], [45.357085930949, 9.09872861780022], [45.3464623016855, 9.13718971811369], [45.403121659854, 9.18263839269124], [45.4633222280766, 9.18613420371544], [45.5022755368736, 9.20361274031095], [45.5199815862452, 9.23856722024055], [45.5801821544677, 9.29448716910563]]]}, "properties": {"OBJECTID": 512, "id": null, "name": null, "continent": null, "S2": null, "Shape__Area": 343196745.7890625, "Shape__Length": 89150.38357239251}}, {"type": "Feature", "id": 513, "geometry": {"type": "Polygon", "coordinates": [[[45.1623193878622, 9.02179402665331], [45.2048139058149, 9.00080901239661], [45.1764842271797, 8.92735189305018], [45.1375309183827, 8.92035520301698], [45.0950363995317, 8.89586573334414], [45.0950363995317, 8.88187101513172], [45.049000671525, 8.86087793600208], [44.9888001033024, 8.84688188382142], [44.9498467945054, 8.85387997692667], [44.9038110656004, 8.86437686602342], [44.9038110656004, 8.89586573334414], [44.9250583250259, 8.93434844798472], [44.960470423769, 8.9378466755347], [44.9923413133564, 8.9413448694937], [45.0277534120995, 8.9413448694937], [45.0667067208965, 8.95183924881041], [45.0950363995317, 8.97982278062778], [45.1092012388492, 9.01130167144189], [45.1623193878622, 9.02179402665331]]]}, "properties": {"OBJECTID": 513, "id": null, "name": null, "continent": null, "S2": null, "Shape__Area": 314836589.48535156, "Shape__Length": 86631.45849332002}}, {"type": "Feature", "id": 514, "geometry": {"type": "Polygon", "coordinates": [[[44.7819416831291, 8.87440028673694], [44.7890742184501, 8.82506692195194], [44.7676766133854, 8.81801875889435], [44.7177488679349, 8.80392203026013], [44.7106163335122, 8.83916284325235], [44.7177488679349, 8.87440028673694], [44.7819416831291, 8.87440028673694]]]}, "properties": {"OBJECTID": 514, "id": null, "name": null, "continent": null, "S2": null, "Shape__Area": 54846573.752441406, "Shape__Length": 29148.565625794716}}, {"type": "Feature", "id": 515, "geometry": {"type": "Polygon", "coordinates": [[[42.2427592166469, 4.81746875642012], [42.2498917519679, 4.78903881116922], [42.2213616115822, 4.78193113968698], [42.1999640074158, 4.78903881116922], [42.2070965418385, 4.80325393152089], [42.2427592166469, 4.81746875642012]]]}, "properties": {"OBJECTID": 515, "id": null, "name": null, "continent": null, "S2": null, "Shape__Area": 13554038.259033203, "Shape__Length": 15109.411831759626}}, {"type": "Feature", "id": 516, "geometry": {"type": "Polygon", "coordinates": [[[42.4328001263677, -1.08447378271675], [42.5155100995663, -1.17635585855666], [42.6625500517198, -1.2957979968757], [42.6809300459636, -1.34632954460902], [42.6901200430855, -1.40145367262646], [42.6717400488417, -1.45657650408389], [42.6395750598135, -1.52088476535211], [42.6211950655697, -1.57141134530745], [42.5798400785212, -1.61275036607451], [42.5063201024444, -1.61275036607451], [42.4511801197131, -1.59437757084894], [42.4511801197131, -1.52088476535211], [42.4741551125178, -1.47495048409925], [42.4741551125178, -1.42901525372442], [42.460370116835, -1.36011069568589], [42.405230135002, -1.31876700954027], [42.345495154608, -1.2682349079669], [42.2765701761939, -1.23607759928877], [42.2076451986781, -1.21770181883303], [42.1616952130686, -1.18554390363333], [42.1662902116296, -1.12122696100061], [42.2352151900437, -1.11663283863854], [42.2811651747548, -1.07528541872002], [42.2857601733158, -1.03393743784636], [42.3317101589252, -0.978805963586251], [42.3776601436363, -0.992588918442141], [42.405230135002, -1.0247489237605], [42.4328001263677, -1.08447378271675]]]}, "properties": {"OBJECTID": 516, "id": null, "name": null, "continent": null, "S2": null, "Shape__Area": 1725551692.7486572, "Shape__Length": 206323.05111041726}}, {"type": "Feature", "id": 517, "geometry": {"type": "Polygon", "coordinates": [[[57.0153896893634, -31.132177291388], [57.0153896893634, -31.1905088100658], [56.9813061342469, -31.2196610981064], [56.9131390222171, -31.2779387077019], [56.8676942805645, -31.2390909639277], [56.9131390222171, -31.1710689603078], [57.0153896893634, -31.132177291388]]]}, "properties": {"OBJECTID": 517, "id": null, "name": null, "continent": null, "S2": null, "Shape__Area": 157552733.40820312, "Shape__Length": 53492.51806221009}}, {"type": "Feature", "id": 518, "geometry": {"type": "Polygon", "coordinates": [[[54.9022092191361, -32.5221416556432], [54.8113197367292, -32.5508757598045], [54.7885973654538, -32.5891735942102], [54.6749855126697, -32.5891735942102], [54.5954572150022, -32.5796006685442], [54.5954572150022, -32.5221416556432], [54.7090690686846, -32.4646458782077], [54.7658749950766, -32.4262949519097], [54.8226809214686, -32.3783333538743], [54.9249315895132, -32.4071133706495], [54.9022092191361, -32.5221416556432]]]}, "properties": {"OBJECTID": 518, "id": null, "name": null, "continent": null, "S2": null, "Shape__Area": 607017891.7285156, "Shape__Length": 104814.6197096635}}, {"type": "Feature", "id": 519, "geometry": {"type": "Polygon", "coordinates": [[[53.8115354275584, -35.0337057436519], [53.8683413539504, -35.0895028969509], [53.8456189835733, -35.1080934717449], [53.8001742419207, -35.1731270906405], [53.7433683155286, -35.2009827321998], [53.6979235747743, -35.1824133649513], [53.7547295011664, -35.0802060196148], [53.8115354275584, -35.0337057436519]]]}, "properties": {"OBJECTID": 519, "id": null, "name": null, "continent": null, "S2": null, "Shape__Area": 208737376.51757812, "Shape__Length": 60906.62363839421}}, {"type": "Feature", "id": 520, "geometry": {"type": "Polygon", "coordinates": [[[50.5735976097384, -33.4560107940742], [50.6872094625225, -33.5318075668439], [50.6190423504927, -33.5507463900107], [50.5622364241007, -33.5507463900107], [50.4599857560561, -33.5318075668439], [50.4145410153018, -33.5033915530845], [50.3577350880114, -33.4654890191289], [50.3918186440263, -33.3991196904941], [50.4599857560561, -33.3991196904941], [50.5735976097384, -33.4560107940742]]]}, "properties": {"OBJECTID": 520, "id": null, "name": null, "continent": null, "S2": null, "Shape__Area": 415075475.05078125, "Shape__Length": 88569.89090567351}}, {"type": "Feature", "id": 521, "geometry": {"type": "Polygon", "coordinates": [[[45.8246221425245, -35.7653048608479], [45.8927892545543, -35.8021709880932], [45.9950399225989, -35.8205976398275], [46.0859294059041, -35.8298093614119], [46.1540965170356, -35.8390200145364], [46.1881800730504, -35.8758519314188], [46.176818888311, -35.921867758246], [46.1086517762813, -35.921867758246], [45.9950399225989, -35.9126667329271], [45.8814280698149, -35.9034646373991], [45.7450938457554, -35.8942614725028], [45.6882879193634, -35.8482295976304], [45.7678162161325, -35.8113848484404], [45.8246221425245, -35.7653048608479]]]}, "properties": {"OBJECTID": 521, "id": null, "name": null, "continent": null, "S2": null, "Shape__Area": 675797254.7773438, "Shape__Length": 127762.6910182827}}, {"type": "Feature", "id": 522, "geometry": {"type": "Polygon", "coordinates": [[[43.0817917834905, -30.6778123341337], [43.2085998877983, -30.6526410637439], [43.3256535215074, -30.6526410637439], [43.3646713994104, -30.7113638257031], [43.3744258691108, -30.7784318007817], [43.3549169297101, -30.8287021212053], [43.2866356436043, -30.8622010534262], [43.2378632960009, -30.9124275120186], [43.1988454180979, -30.9458971800304], [43.1890909483976, -30.8873175753328], [43.2085998877983, -30.8287021212053], [43.2085998877983, -30.7700508586364], [43.1695820089969, -30.7365197882065], [43.1110551925915, -30.7197498761298], [43.0817917834905, -30.6778123341337]]]}, "properties": {"OBJECTID": 522, "id": null, "name": null, "continent": null, "S2": null, "Shape__Area": 619615755.1503906, "Shape__Length": 117798.32040027202}}, {"type": "Feature", "id": 523, "geometry": {"type": "Polygon", "coordinates": [[[43.4427071561148, -31.0462358445779], [43.5304973816212, -31.1047179483114], [43.5695152595242, -31.1631640591645], [43.5402518504232, -31.2299154903676], [43.4914795028198, -31.2716112105977], [43.4622160946172, -31.3132885106457], [43.4134437470138, -31.3216217591625], [43.3549169297101, -31.279948144821], [43.3841803388111, -31.2299154903676], [43.4134437470138, -31.1882013639055], [43.4427071561148, -31.1381201354794], [43.3939348085114, -31.0880124472736], [43.4427071561148, -31.0462358445779]]]}, "properties": {"OBJECTID": 523, "id": null, "name": null, "continent": null, "S2": null, "Shape__Area": 458668942.90625, "Shape__Length": 95499.42248107861}}, {"type": "Feature", "id": 524, "geometry": {"type": "Polygon", "coordinates": [[[43.9792029788536, -30.9626276204365], [44.0182208567566, -30.9960797079419], [43.9987119173559, -31.0462358445779], [43.9694485091532, -31.0462358445779], [43.9499395706509, -30.9960797079419], [43.9792029788536, -30.9626276204365]]]}, "properties": {"OBJECTID": 524, "id": null, "name": null, "continent": null, "S2": null, "Shape__Area": 51880291.453125, "Shape__Length": 28564.662828361757}}, {"type": "Feature", "id": 525, "geometry": {"type": "Polygon", "coordinates": [[[44.135274491364, -32.489176254094], [44.1742923692671, -32.5138563457873], [44.1742923692671, -32.5549747768872], [44.1645378995667, -32.6042920372186], [44.1255200216637, -32.6535821602568], [44.0767476740603, -32.6535821602568], [44.0182208567566, -32.6289404918686], [44.0279753264569, -32.5878559643783], [44.0962566125627, -32.5714168778389], [44.135274491364, -32.489176254094]]]}, "properties": {"OBJECTID": 525, "id": null, "name": null, "continent": null, "S2": null, "Shape__Area": 203394326.48632812, "Shape__Length": 63144.5682512837}}, {"type": "Feature", "id": 526, "geometry": {"type": "Polygon", "coordinates": [[[43.3354079912077, -33.4710696058553], [43.4036892773134, -33.519876838273], [43.4036892773134, -33.5605285074238], [43.3744258691108, -33.5849103291866], [43.3354079912077, -33.6011610512398], [43.2963901133047, -33.5767838209307], [43.2963901133047, -33.519876838273], [43.3354079912077, -33.4710696058553]]]}, "properties": {"OBJECTID": 526, "id": null, "name": null, "continent": null, "S2": null, "Shape__Area": 144439448.10351562, "Shape__Length": 45764.13837658882}}, {"type": "Feature", "id": 527, "geometry": {"type": "Polygon", "coordinates": [[[43.1013007228912, -34.3050940856694], [43.1793364786973, -34.3373185469838], [43.2378632960009, -34.3775817197742], [43.2281088263006, -34.4258719866331], [43.1695820089969, -34.4258719866331], [43.1305641310939, -34.4178255448617], [43.0232649670851, -34.3775817197742], [42.8964568627773, -34.3775817197742], [42.8184211069713, -34.3775817197742], [42.7794032290683, -34.321207862585], [42.8184211069713, -34.288977215434], [42.915965802178, -34.2728572533026], [42.9940015579841, -34.2728572533026], [43.1013007228912, -34.3050940856694]]]}, "properties": {"OBJECTID": 527, "id": null, "name": null, "continent": null, "S2": null, "Shape__Area": 620794855.7792969, "Shape__Length": 119081.430933303}}, {"type": "Feature", "id": 528, "geometry": {"type": "Polygon", "coordinates": [[[36.1366094924957, -34.200279181326], [36.1463639621961, -34.2406080568281], [36.1268550227954, -34.2728572533026], [36.0488192669893, -34.3050940856694], [36.0098013890863, -34.2970360370813], [36.0195558587866, -34.2486715150377], [36.06832820639, -34.2083465009816], [36.1366094924957, -34.200279181326]]]}, "properties": {"OBJECTID": 528, "id": null, "name": "Manticore Isles", "continent": null, "S2": null, "Shape__Area": 140902155.83496094, "Shape__Length": 46543.79590095473}}, {"type": "Feature", "id": 529, "geometry": {"type": "Polygon", "coordinates": [[[37.30866590571, -30.2105296298302], [37.262483054321, -30.2131466705087], [37.2311136348679, -30.2032886576095], [37.2167603334953, -30.1885568773882], [37.208299511466, -30.1798719201369], [37.208299511466, -30.1441198524858], [37.2168548075171, -30.1219223943555], [37.2396689309191, -30.1120552554436], [37.2596312886712, -30.1108217940668], [37.3066854178509, -30.1169889485005], [37.3319439110398, -30.1166365501366], [37.379405435184, -30.1576825078344], [37.4179042683124, -30.1663123170334], [37.4319900801395, -30.1699206000945], [37.4564031014409, -30.1761740316629], [37.4792172239446, -30.1934296573166], [37.4521254525171, -30.2168431706471], [37.3751277871584, -30.2131466697325], [37.3394807196797, -30.2131466705087], [37.30866590571, -30.2105296298302]]]}, "properties": {"OBJECTID": 529, "id": null, "name": null, "continent": null, "S2": null, "Shape__Area": 272713673.60839844, "Shape__Length": 73610.88207567527}}, {"type": "Feature", "id": 530, "geometry": {"type": "Polygon", "coordinates": [[[33.9031033380189, -25.2827457836015], [33.8870036982593, -25.3409617008372], [33.8387047771837, -25.3700591624288], [33.7904058561081, -25.3627854533673], [33.7179574740455, -25.3482367220746], [33.7099076537165, -25.2900243029457], [33.8065054958677, -25.2172194682661], [33.9031033380189, -25.2827457836015]]]}, "properties": {"OBJECTID": 530, "id": null, "name": null, "continent": null, "S2": null, "Shape__Area": 268201526.9423828, "Shape__Length": 62227.44555128609}}, {"type": "Feature", "id": 531, "geometry": {"type": "Polygon", "coordinates": [[[33.6133098124637, -26.6505256909505], [33.6294094522233, -26.7008767739582], [33.5811105311477, -26.7871411464835], [33.5730607108187, -26.8374317822277], [33.5167119703125, -26.9020583646276], [33.4764628695659, -26.9235923470052], [33.4120643078323, -26.8805202743305], [33.4281639484903, -26.8374317822277], [33.4845126889965, -26.8086970081346], [33.5086621499835, -26.7583936287649], [33.5328116100721, -26.7152587134925], [33.5489112507301, -26.6577200639072], [33.6133098124637, -26.6505256909505]]]}, "properties": {"OBJECTID": 531, "id": null, "name": null, "continent": null, "S2": null, "Shape__Area": 351713378.88671875, "Shape__Length": 89627.707666852}}, {"type": "Feature", "id": 532, "geometry": {"type": "Polygon", "coordinates": [[[38.1373087484203, -25.943291168651], [38.2097571295845, -25.9722420863694], [38.2017073092555, -26.0301225440572], [38.1373087484203, -26.0373555954144], [38.0487607256997, -26.0373555954144], [37.9763123445355, -26.0011858805869], [38.0085116249531, -25.943291168651], [38.1373087484203, -25.943291168651]]]}, "properties": {"OBJECTID": 532, "id": null, "name": null, "continent": null, "S2": null, "Shape__Area": 250134059.89257812, "Shape__Length": 64710.45206718198}}, {"type": "Feature", "id": 533, "geometry": {"type": "Polygon", "coordinates": [[[33.9755517200815, -28.6610665348893], [33.9755517200815, -28.6273640217658], [33.9816555406717, -28.6083128542177], [34.057633082787, -28.5672576313748], [34.1021870585972, -28.5840262150373], [34.1070059811073, -28.5858397318278], [34.1090712339966, -28.5930934854167], [34.1123986629793, -28.6047793068606], [34.1141061761798, -28.6107755338651], [34.1123986629793, -28.6152724789127], [34.1070059811073, -28.629473501598], [34.1058131702253, -28.6430832845566], [34.1034558840202, -28.6699743379356], [34.1092112292472, -28.685122421959], [34.1105560790927, -28.6886617547645], [34.1212063712522, -28.7135731231396], [34.1272747326433, -28.7219361666197], [34.1460570526584, -28.7478165684066], [34.1407361533641, -28.7514448951241], [34.1283232561244, -28.7599087719861], [34.1141061761798, -28.7696020083216], [34.057304618295, -28.766490081192], [34.042289355576, -28.7599087719861], [34.0158008208281, -28.7599087719861], [33.9755517200815, -28.7104993277904], [33.9755517200815, -28.6610665348893]]]}, "properties": {"OBJECTID": 533, "id": null, "name": null, "continent": null, "S2": null, "Shape__Area": 341308414.9482422, "Shape__Length": 74275.01367571559}}, {"type": "Feature", "id": 534, "geometry": {"type": "Polygon", "coordinates": [[[31.1044875728916, -27.0001670699296], [31.0883879322336, -27.0575318758366], [31.040089011158, -27.0933699924848], [30.9917900900824, -27.079036121425], [30.9515409893358, -27.0360235076793], [30.9434911690069, -26.9786477162845], [31.0078897307404, -26.9786477162845], [31.1044875728916, -27.0001670699296]]]}, "properties": {"OBJECTID": 534, "id": null, "name": null, "continent": null, "S2": null, "Shape__Area": 181477680.17773438, "Shape__Length": 52532.03780348174}}, {"type": "Feature", "id": 535, "geometry": {"type": "Polygon", "coordinates": [[[37.7938881342262, -22.8996157338651], [37.8824361560484, -22.8847841271853], [37.9629343575416, -22.9515135810998], [37.9951336388575, -23.0256188344755], [37.9870838185285, -23.0774682942407], [37.9629343575416, -23.1292977692544], [37.9065856170353, -23.1589056273344], [37.8019379545551, -23.1959062470403], [37.7536390334795, -23.2107036289737], [37.7133899327329, -23.2181017059244], [37.6650910116573, -23.1589056273344], [37.7294895733909, -23.1218947839496], [37.7697386741375, -23.0996833753073], [37.8180375952131, -23.0700624511374], [37.8502368756308, -23.0182101393623], [37.8502368756308, -22.9811605612914], [37.8099877748841, -22.9663378834075], [37.7938881342262, -22.8996157338651]]]}, "properties": {"OBJECTID": 535, "id": null, "name": null, "continent": null, "S2": null, "Shape__Area": 707040251.4550781, "Shape__Length": 128723.56385253428}}, {"type": "Feature", "id": 536, "geometry": {"type": "Polygon", "coordinates": [[[37.6409415515687, -22.9070309291625], [37.6650910116573, -22.9589259349455], [37.6409415515687, -23.0033915281648], [37.5926426304931, -23.0033915281648], [37.5684931695061, -22.9737494255567], [37.5845928101641, -22.9070309291625], [37.6409415515687, -22.9070309291625]]]}, "properties": {"OBJECTID": 536, "id": null, "name": null, "continent": null, "S2": null, "Shape__Area": 97564327.48828125, "Shape__Length": 37227.22771232407}}, {"type": "Feature", "id": 537, "geometry": {"type": "Polygon", "coordinates": [[[37.4074967665197, -22.4390859693919], [37.4155465859504, -22.5134693511891], [37.3994469461907, -22.5655139222883], [37.3672476657731, -22.6175388556442], [37.3511480251151, -22.6546874793325], [37.3028491040395, -22.6918260527659], [37.2223509025463, -22.6398292348341], [37.2626000032929, -22.602676594655], [37.3108989243685, -22.5729472588822], [37.3189487446975, -22.498595871535], [37.3511480251151, -22.4093214380211], [37.4074967665197, -22.4390859693919]]]}, "properties": {"OBJECTID": 537, "id": null, "name": null, "continent": null, "S2": null, "Shape__Area": 322403931.2714844, "Shape__Length": 85880.27868898622}}, {"type": "Feature", "id": 538, "geometry": {"type": "Polygon", "coordinates": [[[36.9406071964217, -22.6621159977888], [36.9486570167507, -22.7215296665072], [36.9406071964217, -22.7586501170369], [36.9567068370797, -22.8180218536067], [36.9164577354347, -22.8476980222505], [36.8762086346881, -22.8402795866475], [36.8681588143591, -22.8180218536067], [36.8520591745995, -22.7215296665072], [36.8198598941818, -22.6546874793325], [36.8681588143591, -22.6175388556442], [36.9406071964217, -22.6621159977888]]]}, "properties": {"OBJECTID": 538, "id": null, "name": null, "continent": null, "S2": null, "Shape__Area": 259770042.02148438, "Shape__Length": 69627.66972426005}}, {"type": "Feature", "id": 539, "geometry": {"type": "Polygon", "coordinates": [[[36.1436749991235, -22.3721068071601], [36.1678244601105, -22.4018793092751], [36.1839240998701, -22.44652610498], [36.1758742804394, -22.498595871535], [36.1436749991235, -22.5729472588822], [36.1436749991235, -22.6769718299164], [36.1114757187058, -22.6918260527659], [36.0631767976303, -22.6695441149608], [36.0631767976303, -22.62496938312], [36.0470771569723, -22.5580801849239], [35.9987782358967, -22.5357765692438], [35.9987782358967, -22.4911585327299], [36.0712266179593, -22.4390859693919], [36.1436749991235, -22.3721068071601]]]}, "properties": {"OBJECTID": 539, "id": null, "name": null, "continent": null, "S2": null, "Shape__Area": 438035727.2871094, "Shape__Length": 95348.57142445771}}, {"type": "Feature", "id": 540, "geometry": {"type": "Polygon", "coordinates": [[[25.4223646949255, -31.9748941691955], [25.4223646949255, -32.0145912524442], [25.3849188858376, -32.0423689837808], [25.3568345299201, -32.0423689837808], [25.3006658162883, -32.0423689837808], [25.2585392815137, -32.054271146282], [25.2070512944671, -32.0225286068271], [25.2351356503846, -31.9907750643902], [25.2772621860576, -31.9907750643902], [25.3381116253762, -31.9709235163229], [25.4223646949255, -31.9748941691955]]]}, "properties": {"OBJECTID": 540, "id": null, "name": null, "continent": null, "S2": null, "Shape__Area": 179732604.51757812, "Shape__Length": 58709.77838965766}}, {"type": "Feature", "id": 541, "geometry": {"type": "Polygon", "coordinates": [[[27.1214682710571, -31.7443127257479], [27.1542333544581, -31.7841092728491], [27.1355104499142, -31.8079789839139], [27.1355104499142, -31.8556999046885], [27.1167875453703, -31.8994223983164], [27.0699802840105, -31.9153163414112], [27.013811571277, -31.9113431133826], [26.9997693924199, -31.8716013941141], [27.013811571277, -31.8318425282001], [27.0418959271946, -31.8119566693048], [27.1214682710571, -31.7443127257479]]]}, "properties": {"OBJECTID": 541, "id": null, "name": null, "continent": null, "S2": null, "Shape__Area": 227923750.1640625, "Shape__Length": 61832.04094811232}}, {"type": "Feature", "id": 542, "geometry": {"type": "Polygon", "coordinates": [[[28.1605894669563, -32.1018643144813], [28.1699509192283, -32.1375429240372], [28.1371858358273, -32.1494326944128], [28.0950593010526, -32.1494326944128], [28.0529327662779, -32.1415063533422], [28.0108062315033, -32.1296155494664], [28.0061255049181, -32.0860026783505], [28.0482520405911, -32.0741046445983], [28.1044207533246, -32.0741046445983], [28.1605894669563, -32.1018643144813]]]}, "properties": {"OBJECTID": 542, "id": null, "name": null, "continent": null, "S2": null, "Shape__Area": 142537187.29003906, "Shape__Length": 47398.557897336126}}, {"type": "Feature", "id": 543, "geometry": {"type": "Polygon", "coordinates": [[[29.7613977946815, -32.903209797765], [29.7520363424095, -32.9464280140419], [29.7099098076349, -32.9464280140419], [29.6771447251322, -32.9464280140419], [29.6350181903575, -32.9267859866514], [29.672463998547, -32.8992798219834], [29.7613977946815, -32.903209797765]]]}, "properties": {"OBJECTID": 543, "id": null, "name": null, "continent": null, "S2": null, "Shape__Area": 68689349.12109375, "Shape__Length": 34979.74984556716}}, {"type": "Feature", "id": 544, "geometry": {"type": "Polygon", "coordinates": [[[29.6350181903575, -32.7734285908343], [29.5928916546846, -32.7616208954217], [29.5928916546846, -32.7380008058352], [29.6396989160444, -32.7261884130053], [29.6396989160444, -32.6868024662915], [29.6116145592285, -32.6671029749926], [29.6022531069565, -32.6434578513906], [29.6069338335417, -32.6040354185974], [29.6396989160444, -32.6000922208645], [29.6958676296761, -32.6355747539429], [29.6958676296761, -32.6749832929866], [29.6958676296761, -32.7143744542025], [29.6350181903575, -32.7734285908343]]]}, "properties": {"OBJECTID": 544, "id": null, "name": null, "continent": null, "S2": null, "Shape__Area": 163849890.91601562, "Shape__Length": 63585.67896904646}}, {"type": "Feature", "id": 545, "geometry": {"type": "Polygon", "coordinates": [[[19.5125773134712, -34.7623264560295], [19.5201556314638, -34.8183393905628], [19.467107402821, -34.7996726394957], [19.4140591732799, -34.7934494500926], [19.3306976708703, -34.7872257902455], [19.3685892626297, -34.7311917248024], [19.4216374921708, -34.7187345466193], [19.5125773134712, -34.7623264560295]]]}, "properties": {"OBJECTID": 545, "id": null, "name": null, "continent": null, "S2": null, "Shape__Area": 158350025.74609375, "Shape__Length": 55894.332485298044}}, {"type": "Feature", "id": 546, "geometry": {"type": "Polygon", "coordinates": [[[16.8172526694051, -33.7665962384645], [16.8703008989462, -33.7791951554967], [16.8551442620628, -33.8106843412869], [16.8324093062885, -33.8421619404702], [16.7869393956383, -33.8295722912862], [16.7869393956383, -33.7854939188239], [16.8172526694051, -33.7665962384645]]]}, "properties": {"OBJECTID": 546, "id": null, "name": null, "continent": null, "S2": null, "Shape__Area": 64407539.10986328, "Shape__Length": 31062.54746035039}}, {"type": "Feature", "id": 547, "geometry": {"type": "Polygon", "coordinates": [[[9.03476882739003, -32.6421498250362], [9.01797993726233, -32.6156386801377], [9.00748688082022, -32.5891196839518], [8.97600771149391, -32.566130204583], [8.91724659649613, -32.5378273712306], [8.91724659649613, -32.5183639973127], [8.94452854216761, -32.4988964073798], [8.96341604412273, -32.4741133786128], [8.97705701740764, -32.4528653516799], [9.00171569919318, -32.4528653516799], [9.00538826899281, -32.4599485840523], [9.02217715912051, -32.4988964073798], [9.04945910569033, -32.5130550727336], [9.07883966318922, -32.521903106404], [9.07883966318922, -32.5519799034943], [9.07464244133104, -32.5749730096124], [9.07883966318922, -32.6032641257757], [9.06414938488892, -32.6297789346221], [9.05239716170971, -32.6509851278579], [9.04395025099086, -32.6509851278579], [9.03476882739003, -32.6421498250362]]]}, "properties": {"OBJECTID": 547, "id": null, "name": null, "continent": null, "S2": null, "Shape__Area": 236969519.52246094, "Shape__Length": 69997.8493197847}}, {"type": "Feature", "id": 548, "geometry": {"type": "Polygon", "coordinates": [[[-13.4619324407703, -33.7377514276661], [-13.4600017186796, -33.7363752175017], [-13.4349896073219, -33.737118075113], [-13.3863824356448, -33.7761368107231], [-13.3360157652617, -33.8075302449165], [-13.3360157652617, -33.8267094537169], [-13.3926782693304, -33.8319394005148], [-13.4115657703872, -33.8336826455128], [-13.4451435506426, -33.8354258542138], [-13.478721330898, -33.8336826455128], [-13.487115776411, -33.8267094537169], [-13.4892143873401, -33.8075302449165], [-13.4808199418271, -33.7918349667638], [-13.4682282744559, -33.777881192132], [-13.4640310516994, -33.7639251440706], [-13.4640310516994, -33.7517117371739], [-13.4619324407703, -33.7377514276661]]]}, "properties": {"OBJECTID": 548, "id": null, "name": null, "continent": null, "S2": null, "Shape__Area": 142343941.81640625, "Shape__Length": 50105.30335559125}}, {"type": "Feature", "id": 549, "geometry": {"type": "Polygon", "coordinates": [[[-36.8140999612588, -12.4473380823121], [-36.8303483925722, -12.371167713778], [-36.7797450331797, -12.3569136533659], [-36.7203725912749, -12.3639558713217], [-36.6540151560462, -12.3322626694558], [-36.5632102446335, -12.279422253251], [-36.5086294649631, -12.2917999559785], [-36.4566344867365, -12.3076754296758], [-36.4696332319669, -12.3584704881654], [-36.482631976299, -12.3997342121014], [-36.5541250710238, -12.4092556827559], [-36.6156278864895, -12.4192664835669], [-36.6516156553111, -12.4251240267371], [-36.6781393034068, -12.4343747240298], [-36.6788266753976, -12.4346144553358], [-36.7608288210681, -12.4632123694686], [-36.8140999612588, -12.4473380823121]]]}, "properties": {"OBJECTID": 549, "id": 36, "name": " ", "continent": "Essos", "S2": null, "Shape__Area": 461707082.30322266, "Shape__Length": 102709.31822071457}}, {"type": "Feature", "id": 552, "geometry": {"type": "Polygon", "coordinates": [[[-35.8846897280398, -13.1286858323303], [-35.9041878454362, -13.0748792487416], [-35.9037925166426, -13.0656371637355], [-35.903755104506, -13.064762512263], [-35.9009381584549, -12.9988970411229], [-35.8391941219791, -12.9925641385212], [-35.8025744197962, -12.995460339706], [-35.7726716258086, -13.0239898934048], [-35.7287047942581, -13.0337251160332], [-35.6994576186126, -13.0748792487416], [-35.6409632682198, -13.0970363254235], [-35.6019670352236, -13.1065316050457], [-35.5889682899932, -13.1255210649576], [-35.562970801329, -13.1666598589439], [-35.5555509174065, -13.1723636029225], [-35.4979770787702, -13.1951365159199], [-35.410235552732, -13.2425902352406], [-35.3939871223169, -13.2868720308335], [-35.3744890058188, -13.3343078443321], [-35.3452418301733, -13.3722497951054], [-35.3419921440902, -13.4165078562104], [-35.3452418301733, -13.4291515197982], [-35.3614902614867, -13.4797195075578], [-35.4167349257964, -13.4923598345119], [-35.4719795892077, -13.4639181588733], [-35.4759939068876, -13.4588986886873], [-35.5174751952684, -13.4070246716973], [-35.5532217430799, -13.3722497951054], [-35.6344638960538, -13.3279836054901], [-35.6461451999363, -13.3214882703591], [-35.6799595021144, -13.3026850005547], [-35.7319544803411, -13.2837093131732], [-35.752161919164, -13.2471825579374], [-35.7547022829222, -13.2425902352406], [-35.7774500855034, -13.1951365159199], [-35.7969482028998, -13.1729882913349], [-35.8424438089605, -13.1540025036708], [-35.8651916106433, -13.1476735809348], [-35.8846897280398, -13.1286858323303]]]}, "properties": {"OBJECTID": 552, "id": 36, "name": " ", "continent": "Essos", "S2": null, "Shape__Area": 1448699684.834961, "Shape__Length": 185038.14174520134}}, {"type": "Feature", "id": 555, "geometry": {"type": "Polygon", "coordinates": [[[-36.9473370924593, -12.590097195539], [-36.9440874063763, -12.6376659640424], [-36.9505867785423, -12.6598616943428], [-36.9505867785423, -12.6947367968865], [-36.9863333263539, -12.7137575651708], [-37.0220798741655, -12.7137575651708], [-37.0448276767466, -12.7010772111365], [-37.0675754793278, -12.6693735600537], [-37.0740748514938, -12.6313239725406], [-37.0545767349957, -12.5932687215279], [-37.0090811289351, -12.5583797806298], [-36.9830836402709, -12.561551698302], [-36.9473370924593, -12.590097195539]]]}, "properties": {"OBJECTID": 555, "id": null, "name": null, "continent": null, "S2": null, "Shape__Area": 197345213.4951172, "Shape__Length": 51648.813753889546}}, {"type": "Feature", "id": 556, "geometry": {"type": "Polygon", "coordinates": [[[-36.898591801214, -13.0400569670312], [-36.8790936838175, -13.0653827496947], [-36.8790936838175, -13.0970363254235], [-36.8888427420666, -13.1255210649576], [-36.9148402316291, -13.1634955814233], [-36.9310886620442, -13.2014642115621], [-36.9603358376897, -13.2172827342215], [-37.0123308150181, -13.2172827342215], [-37.0578264210787, -13.188808656428], [-37.0448276767466, -13.1603312630315], [-37.0123308150181, -13.1286858323303], [-37.0123308150181, -13.0907059355961], [-37.0188301880824, -13.0463886559696], [-36.9863333263539, -13.0115623615016], [-36.9473370924593, -13.0210609272757], [-36.898591801214, -13.0400569670312]]]}, "properties": {"OBJECTID": 556, "id": null, "name": null, "continent": null, "S2": null, "Shape__Area": 303477155.66015625, "Shape__Length": 69952.97750391613}}, {"type": "Feature", "id": 557, "geometry": {"type": "Polygon", "coordinates": [[[-51.9516472684894, -6.07176734324545], [-51.9279148261186, -6.04098475911458], [-51.8850681793543, -6.0033875326884], [-51.8674254423457, -5.97832127258603], [-51.8069360585727, -5.93069221796982], [-51.7615690211922, -5.89559449107966], [-51.7469979080076, -5.8732490588768], [-51.745978744165, -5.87321737093486], [-51.7187223744279, -5.83542180123379], [-51.6431106451609, -5.7627045235389], [-51.6122195157145, -5.74096470660424], [-51.5397746146237, -5.6899779300161], [-51.4893667951124, -5.70000973412472], [-51.4874266478977, -5.84285286047085], [-51.5090978618317, -5.87149885431963], [-51.5085106448086, -5.88639350144129], [-51.615386344789, -6.03095908631815], [-51.6229475175361, -6.08609798311166], [-51.6733553370474, -6.14123122268666], [-51.6960388552885, -6.1637840878475], [-51.7464466756981, -6.21139253837643], [-51.7565282390614, -6.24396426305345], [-51.7968544952095, -6.29657584298785], [-51.8371807504592, -6.32914224749119], [-51.8875885699705, -6.35168701831515], [-51.9405167809964, -6.36922115748575], [-51.9951615314947, -6.376009545395], [-52.0015398808291, -6.29539690435598], [-51.9526449284608, -6.19599796067755], [-51.9491524313497, -6.09283664814665], [-51.9516472684894, -6.07176734324545]]]}, "properties": {"OBJECTID": 557, "id": 28, "name": "Estermont", "continent": "Westeros", "S2": null, "Shape__Area": 1913114810.2524414, "Shape__Length": 207443.60188614996}}, {"type": "Feature", "id": 558, "geometry": {"type": "Polygon", "coordinates": [[[-51.1096560544435, -5.17734716292912], [-51.0328211296783, -5.21447111800652], [-51.0328211296783, -5.28868714201415], [-51.1166410477673, -5.34802936888001], [-51.151566013488, -5.48885826346522], [-51.235385931577, -5.51108040472936], [-51.2633259048722, -5.3851044580671], [-51.2004609658563, -5.3035252471848], [-51.1096560544435, -5.17734716292912]]]}, "properties": {"OBJECTID": 558, "id": 28, "name": "Estermont", "continent": "Westeros", "S2": null, "Shape__Area": 462934707.94091797, "Shape__Length": 98404.49345729445}}, {"type": "Feature", "id": 559, "geometry": {"type": "Polygon", "coordinates": [[[-45.86369124506, -1.39342839594024], [-45.86369124506, -1.50021089656516], [-45.8789507552131, -1.53682085832334], [-45.9125216777297, -1.54597325106148], [-45.9521964037684, -1.52766842636104], [-45.9857673253867, -1.47275302215383], [-46.0193382479032, -1.43004010283898], [-46.031545855846, -1.39647939368133], [-46.0284939536357, -1.35986716365916], [-46.0040787377501, -1.31715219590487], [-45.9796635218644, -1.29884555498245], [-45.9399887958256, -1.29884555498245], [-45.9064178733091, -1.33850977279113], [-45.8697950494806, -1.34461190409203], [-45.86369124506, -1.39342839594024]]]}, "properties": {"OBJECTID": 559, "id": null, "name": null, "continent": null, "S2": null, "Shape__Area": 373385868.1987915, "Shape__Length": 75016.91732825278}}, {"type": "Feature", "id": 560, "geometry": {"type": "Polygon", "coordinates": [[[-54.7979405675524, 35.368891922584], [-54.7784380924285, 35.337079375416], [-54.7751876805067, 35.2946431574612], [-54.8044413922942, 35.2628013840377], [-54.8466967544638, 35.273416699783], [-54.8694496424078, 35.3079068673732], [-54.8564479920257, 35.355638217408], [-54.7979405675524, 35.368891922584]]]}, "properties": {"OBJECTID": 560, "id": null, "name": null, "continent": null, "S2": null, "Shape__Area": 111219966.2109375, "Shape__Length": 39778.08734064356}}, {"type": "Feature", "id": 561, "geometry": {"type": "Polygon", "coordinates": [[[-73.9005244389519, 21.6597081501904], [-73.8944449636042, 21.5749300157504], [-73.8701270631116, 21.5127278310402], [-73.8518886370684, 21.4108850266142], [-73.9187628640968, 21.3542749799627], [-73.9673986659804, 21.3712602933923], [-74.0038755171685, 21.4448405339911], [-74.0099549925162, 21.4957589742211], [-74.0038755171685, 21.5749300157504], [-74.0221139432117, 21.6427565016976], [-74.0342728930088, 21.6936054721661], [-73.9613191906327, 21.7444364972092], [-73.9309218147923, 21.7218471478964], [-73.9005244389519, 21.6597081501904]]]}, "properties": {"OBJECTID": 561, "id": null, "name": null, "continent": null, "S2": null, "Shape__Area": 588771372.1855469, "Shape__Length": 108877.9836939653}}, {"type": "Feature", "id": 562, "geometry": {"type": "Polygon", "coordinates": [[[-75.4811879907352, 22.0546786210438], [-75.5055058912278, 21.9475804609492], [-75.5723801182563, 21.9250231827799], [-75.5845390689517, 21.8686143513689], [-75.5845390689517, 21.7952495414984], [-75.5845390689517, 21.7387894927273], [-75.6027774949949, 21.6992542507816], [-75.6210159201398, 21.6936054721661], [-75.693969622516, 21.7331422663171], [-75.693969622516, 21.7783138601905], [-75.7000490978637, 21.8404015712161], [-75.7122080485592, 21.9024623286568], [-75.693969622516, 21.9419414765264], [-75.6574927713279, 22.0039579964205], [-75.6210159201398, 22.0208668899806], [-75.6088569694444, 22.043408941241], [-75.5845390689517, 22.0772152855071], [-75.523744317271, 22.0772152855071], [-75.4811879907352, 22.0546786210438]]]}, "properties": {"OBJECTID": 562, "id": null, "name": null, "continent": null, "S2": null, "Shape__Area": 630221243.6132812, "Shape__Length": 118985.18246021983}}, {"type": "Feature", "id": 563, "geometry": {"type": "Polygon", "coordinates": [[[-54.8017496444443, 5.0887351262949], [-54.757814257522, 5.06247726091945], [-54.757814257522, 5.00120477378991], [-54.7753884126502, 4.95743519611316], [-54.8105367220084, 4.95743519611316], [-54.8632591864949, 5.01871178650887], [-54.8017496444443, 5.0887351262949]]]}, "properties": {"OBJECTID": 563, "id": null, "name": null, "continent": null, "S2": null, "Shape__Area": 113383451.97607422, "Shape__Length": 41147.63576659474}}, {"type": "Feature", "id": 564, "geometry": {"type": "Polygon", "coordinates": [[[-53.1234178620347, 3.22209131669685], [-53.0970566302407, 3.16067716986493], [-53.1322049395989, 3.11680769259827], [-53.1761403265212, 3.09925938774991], [-53.2376498685718, 3.09925938774991], [-53.27279817793, 3.13435570479123], [-53.2464369452376, 3.21331809225585], [-53.1234178620347, 3.22209131669685]]]}, "properties": {"OBJECTID": 564, "id": null, "name": null, "continent": null, "S2": null, "Shape__Area": 205716812.32299805, "Shape__Length": 54370.19793398441}}, {"type": "Feature", "id": 565, "geometry": {"type": "Polygon", "coordinates": [[[-51.0487545981784, -12.1710151844663], [-51.0222819195935, -12.1904227076014], [-51.0222819195935, -12.2421691540788], [-51.0818454457357, -12.2615714599712], [-51.114936293293, -12.229233491583], [-51.114936293293, -12.1774845167903], [-51.0487545981784, -12.1710151844663]]]}, "properties": {"OBJECTID": 565, "id": null, "name": null, "continent": null, "S2": null, "Shape__Area": 86300899.8256836, "Shape__Length": 35074.137270138075}}, {"type": "Feature", "id": 566, "geometry": {"type": "Polygon", "coordinates": [[[-50.7178461226051, -12.1904227076014], [-50.6649007663337, -12.1904227076014], [-50.6450462576196, -12.2421691540788], [-50.6516644274904, -12.280972338031], [-50.6582825964629, -12.3133039557877], [-50.7046097828635, -12.3197698012988], [-50.7310824614483, -12.293905462158], [-50.7443188002916, -12.2486367481861], [-50.7178461226051, -12.1904227076014]]]}, "properties": {"OBJECTID": 566, "id": null, "name": null, "continent": null, "S2": null, "Shape__Area": 125380551.56835938, "Shape__Length": 42422.95718569445}}, {"type": "Feature", "id": 567, "geometry": {"type": "Polygon", "coordinates": [[[-54.5850962270766, -6.78546506961107], [-54.5340278808284, -6.77651605072579], [-54.516003758676, -6.79143099071298], [-54.528019839512, -6.82424222957419], [-54.5370319010374, -6.84512093858984], [-54.5400359212464, -6.87494608135064], [-54.5790881866585, -6.88389325990226], [-54.6031203492289, -6.87792849352412], [-54.6151364309633, -6.84512093858984], [-54.5971123088109, -6.8212594825921], [-54.5850962270766, -6.78546506961107]]]}, "properties": {"OBJECTID": 567, "id": null, "name": null, "continent": null, "S2": null, "Shape__Area": 87281274.78125, "Shape__Length": 36913.395300532}}, {"type": "Feature", "id": 568, "geometry": {"type": "Polygon", "coordinates": [[[-56.6308341160767, -6.67209860738149], [-56.6128099939243, -6.68403316287436], [-56.5767617487212, -6.69596742704633], [-56.5587376265688, -6.70790139938677], [-56.5377094833091, -6.73475176727605], [-56.5407135044164, -6.75861751310681], [-56.5617416467778, -6.75861751310681], [-56.6007939121899, -6.75265118715445], [-56.6338381362857, -6.74071831372922], [-56.6788984421158, -6.75265118715445], [-56.7119426662116, -6.75265118715445], [-56.7389788498893, -6.73176846563858], [-56.7329708094713, -6.7168516861514], [-56.7059346257936, -6.69298388856566], [-56.6308341160767, -6.67209860738149]]]}, "properties": {"OBJECTID": 568, "id": null, "name": null, "continent": null, "S2": null, "Shape__Area": 141964867.2890625, "Shape__Length": 53407.039936961606}}, {"type": "Feature", "id": 569, "geometry": {"type": "Polygon", "coordinates": [[[48.2982339165072, -75.3954184121548], [48.7523757944456, -75.3954184121548], [49.0667817098032, -75.3954184121548], [49.4510556064512, -75.3954184121548], [49.5907915690319, -75.4657202823201], [49.6955935414167, -75.5094906940988], [49.6955935414167, -75.5966448671741], [49.4510556064512, -75.6659985864912], [49.1715836812896, -75.7264148141019], [49.1715836812896, -75.7780016295598], [48.9969137285128, -75.8550396463457], [48.8921117570264, -75.9401580349416], [48.6126398318648, -75.9740646899098], [48.3681018977976, -76.0584811341157], [48.2283659352168, -76.0668953396667], [48.0187619913457, -76.1423995174222], [47.9838280002513, -76.1841727989834], [47.8091580474745, -76.2756398475298], [47.6694220848937, -76.3004821616647], [47.2851481882458, -76.3500345394282], [47.2851481882458, -76.3747447501024], [46.796072319213, -76.448612351633], [46.6563363566323, -76.4813161283276], [46.2720624599843, -76.5627370701118], [46.4467324127611, -76.6517441749447], [45.9227225535324, -76.7481826809239], [45.8179205820459, -76.7721851951118], [45.7829865909515, -76.8677689580606], [45.5733826470804, -76.8836334834917], [45.5035146666883, -76.9469034991891], [45.2589767317228, -77.0255694070196], [45.1541747602364, -77.0803581132724], [45.119240769142, -77.1349193749142], [44.8397688439805, -77.1504666566086], [44.8397688439805, -77.2433631413413], [44.6301649010076, -77.2972474270694], [44.5602969197172, -77.3738368299569], [44.4205609571365, -77.4195722292232], [44.2109570132653, -77.4423787676506], [44.0013530693941, -77.5407378813886], [43.6170791727462, -77.5558026063615], [43.2328052760982, -77.5482724860551], [42.9183993598423, -77.5181071342691], [42.638927435579, -77.4954359348337], [42.4293234917079, -77.4119609974821], [42.4293234917079, -77.3202721055446], [42.4293234917079, -77.2741816275847], [42.5690594542886, -77.2047368042414], [42.7437294070655, -77.1271388002818], [42.8135973883559, -77.0959702146418], [42.9882673411326, -77.0177238296464], [43.0930693135174, -76.9784259508883], [43.3725412386789, -76.9153060662976], [43.3376072475846, -76.8757035759165], [43.3376072475846, -76.8439368179807], [43.2677392662942, -76.7881631439278], [43.2677392662942, -76.7481826809239], [43.3376072475846, -76.6920103512129], [43.5122772003614, -76.6598069687806], [43.6520131629422, -76.611358383727], [43.7218811442326, -76.5464914811306], [43.8965510979077, -76.4567955669059], [44.0712210506845, -76.3829717307551], [44.4205609571365, -76.3417880369438], [44.6650988912037, -76.3087531275246], [44.8747028350748, -76.2258225994482], [45.0144387976556, -76.1591236698345], [45.1891087504324, -76.1172761345017], [45.3987126943036, -76.0753045671673], [45.7480526007555, -76.0668953396667], [46.0624585161131, -76.0163353426813], [46.1672604884979, -75.9316688293982], [46.4816664038554, -75.880628032688], [46.796072319213, -75.8208511221765], [47.145412225665, -75.7951566243697], [47.3200821784418, -75.7608263444402], [47.3550161695361, -75.6919218537209], [47.6344880946977, -75.6140140304772], [47.7043560759881, -75.5618449370545], [48.2982339165072, -75.3954184121548]]]}, "properties": {"OBJECTID": 569, "id": null, "name": null, "continent": null, "S2": null, "Shape__Area": 269855351750.14453, "Shape__Length": 2911093.7960822}}, {"type": "Feature", "id": 570, "geometry": {"type": "Polygon", "coordinates": [[[37.7481687479468, -78.4135739998369], [37.608432785366, -78.4486033989082], [37.5036308138796, -78.4695708735962], [37.3638948512988, -78.5183490848005], [37.3638948512988, -78.5530659679664], [37.1193569163333, -78.6221893008855], [36.9446869635565, -78.6565963425723], [36.8049510009757, -78.7045937485394], [36.3857431132334, -78.7319307813685], [36.2460071506526, -78.7728139255402], [36.1761391693622, -78.7999879698616], [35.9665352263893, -78.7999879698616], [35.5822613288431, -78.8067713293666], [35.163053441999, -78.8270970807474], [34.6739775729663, -78.8338642301593], [34.219835695028, -78.8270970807474], [33.870495788576, -78.8067713293666], [33.6259578545088, -78.7999879698616], [33.3464859293473, -78.7387548293031], [32.8224760701185, -78.7387548293031], [32.2984662108897, -78.7523906895327], [32.0539282759242, -78.7592025065105], [31.4949844264994, -78.7592025065105], [30.9360405761763, -78.7523906895327], [30.7264366323052, -78.7387548293031], [30.516832688434, -78.7114341374608], [30.1674927828804, -78.6565963425723], [30.0626908104956, -78.6290789386448], [29.7482848951381, -78.601495662228], [29.6434829236516, -78.5183490848005], [29.3989449886861, -78.4275983150868], [29.2592090261053, -78.3925060899737], [29.0845390733285, -78.3573089153449], [28.7351991668766, -78.3149333488577], [28.5954632042958, -78.2936885678825], [28.5605292140998, -78.2083279347925], [28.5605292140998, -78.1223537411769], [28.805067148167, -78.0502368476218], [29.0845390733285, -78.0646946645692], [29.2592090261053, -78.0863490737093], [29.6784169138477, -78.1367255603973], [30.4120307169476, -78.158251156392], [30.7963046135956, -78.2297254501571], [31.1107105289532, -78.2225972018676], [31.9141923133435, -78.2011869113283], [32.4032681823762, -78.2011869113283], [33.2067499667665, -78.2011869113283], [33.4163539106377, -78.2368494450985], [33.6958258357992, -78.2368494450985], [34.1849017039336, -78.2510846839145], [34.6739775729663, -78.2225972018676], [34.7787795444528, -78.172580160202], [35.0582514696143, -78.1367255603973], [35.4774593573566, -78.1367255603973], [35.7219972914238, -78.1295417947041], [36.0364032076798, -78.1151613977395], [36.3508091230374, -78.0935586020097], [36.3857431132334, -78.0357617720094], [36.5254790758141, -77.9849628124942], [37.0145549448469, -77.9412517442714], [37.0844229261372, -77.9120240326835], [37.3289608602045, -77.846006288503], [37.4686968227852, -77.7203357852429], [37.6433667755621, -77.6756766985177], [37.8879047105276, -77.5633282444598], [38.0302394596994, -77.5502216487222], [38.1324426445948, -77.5558026063615], [38.3071125982699, -77.5558026063615], [38.6514281833203, -77.568679645654], [38.6215185136275, -77.6233723018029], [38.6913864949179, -77.6756766985177], [38.6913864949179, -77.7426055375931], [38.4817825510467, -77.809176442904], [38.3420465884659, -77.846006288503], [38.2372446169795, -77.926646601553], [38.2372446169795, -77.9849628124942], [38.2372446169795, -78.0502368476218], [38.0975086543987, -78.1007638306048], [37.957772691818, -78.1510802387984], [37.957772691818, -78.172580160202], [38.0625746633044, -78.2439691887532], [38.0625746633044, -78.2936885678825], [37.9228387007236, -78.3573089153449], [37.7481687479468, -78.3690529865627], [37.7481687479468, -78.4135739998369]]]}, "properties": {"OBJECTID": 570, "id": null, "name": null, "continent": null, "S2": null, "Shape__Area": 345997918134.0742, "Shape__Length": 3254070.515448298}}, {"type": "Feature", "id": 572, "geometry": {"type": "Polygon", "coordinates": [[[-83.2757903026641, 12.2889253627007], [-83.2733549223182, 12.3246166024821], [-83.2202038204057, 12.5322386339275], [-83.1404771666386, 12.5711492401338], [-83.0341749619153, 12.6100539536601], [-82.9012972062358, 12.6489527583408], [-82.7152683486437, 12.6748820036925], [-82.5956783684423, 12.7656135499609], [-82.4229372854301, 12.8692668871583], [-82.2369084278381, 12.8692668871583], [-82.157181774071, 12.7915308812014], [-82.1306062231148, 12.6878456371466], [-82.1173184476366, 12.6230208792666], [-82.2103328768818, 12.493322153851], [-82.3432106325614, 12.4154716368711], [-82.3830739589957, 12.259700858776], [-82.4628006127628, 12.1817808708538], [-82.5823905929642, 12.1558024500373], [-82.6886927967892, 12.1558024500373], [-82.7949950015125, 12.1428122877797], [-83.0208871864372, 12.1168300627499], [-83.2254442396336, 12.1268298675955], [-83.2757903026641, 12.2889253627007]]]}, "properties": {"OBJECTID": 572, "id": null, "name": "Lonely Light", "continent": null, "S2": null, "Shape__Area": 7107044618.974609, "Shape__Length": 350801.6627246}}, {"type": "Feature", "id": 573, "geometry": {"type": "Polygon", "coordinates": [[[-23.736188541384, -25.7931056427608], [-23.736188541384, -25.859185028472], [-23.7655532418215, -25.8657909370337], [-23.8096002920286, -25.8525787499252], [-23.853647343134, -25.8525787499252], [-23.9050355686751, -25.8459721022688], [-23.912376744009, -25.806324470412], [-23.8903532189055, -25.7732746384832], [-23.8316238180305, -25.7732746384832], [-23.736188541384, -25.7931056427608]]]}, "properties": {"OBJECTID": 573, "id": null, "name": null, "continent": null, "S2": null, "Shape__Area": 177311994.05078125, "Shape__Length": 54568.86046073129}}, {"type": "Feature", "id": 574, "geometry": {"type": "Polygon", "coordinates": [[[-26.1147292732286, -24.3368467084216], [-26.0633410476875, -24.3569115991977], [-26.0780233974571, -24.4104024203571], [-26.1000469225607, -24.4505056708492], [-26.1367527983321, -24.4505056708492], [-26.1807998494375, -24.4170871810733], [-26.1661174987696, -24.3702864267283], [-26.1147292732286, -24.3368467084216]]]}, "properties": {"OBJECTID": 574, "id": null, "name": null, "continent": null, "S2": null, "Shape__Area": 122215046.3305664, "Shape__Length": 41892.83361169999}}, {"type": "Feature", "id": 575, "geometry": {"type": "Polygon", "coordinates": [[[-26.6432938802053, -24.5440302791841], [-26.6286115295374, -24.5573852549849], [-26.6432938802053, -24.5907664721546], [-26.6799997559768, -24.5907664721546], [-26.7020232810803, -24.5907664721546], [-26.6946821057464, -24.5507079444201], [-26.6432938802053, -24.5440302791841]]]}, "properties": {"OBJECTID": 575, "id": null, "name": null, "continent": null, "S2": null, "Shape__Area": 37065219.28613281, "Shape__Length": 23999.52375003371}}, {"type": "Feature", "id": 576, "geometry": {"type": "Polygon", "coordinates": [[[-28.045458324075, -20.7577686785561], [-27.9940700985339, -20.7989508956326], [-27.9940700985339, -20.8469826079058], [-28.0014112729695, -20.8949989918362], [-28.0601406738446, -20.9018572225202], [-28.0821641989481, -20.9018572225202], [-28.10418772495, -20.8744224204899], [-28.0748230245124, -20.7920879726003], [-28.045458324075, -20.7577686785561]]]}, "properties": {"OBJECTID": 576, "id": null, "name": null, "continent": null, "S2": null, "Shape__Area": 150598322.10791016, "Shape__Length": 47729.57875435492}}, {"type": "Feature", "id": 577, "geometry": {"type": "Polygon", "coordinates": [[[-27.9279995223249, -20.647894617291], [-27.8986348218874, -20.6822388132615], [-27.9059759972214, -20.7234415904665], [-27.9353406976589, -20.7371733597078], [-27.972046572532, -20.7234415904665], [-27.9573642227624, -20.6753705951582], [-27.9279995223249, -20.647894617291]]]}, "properties": {"OBJECTID": 577, "id": null, "name": null, "continent": null, "S2": null, "Shape__Area": 55430867.61279297, "Shape__Length": 28831.499841991015}}, {"type": "Feature", "id": 578, "geometry": {"type": "Polygon", "coordinates": [[[-25.791717568416, -22.1991378862084], [-25.740329342875, -22.2263233323141], [-25.7623528688768, -22.2806784100099], [-25.7770352186464, -22.2874713107674], [-25.8210822688535, -22.2874713107674], [-25.8431057948554, -22.2602977288906], [-25.8431057948554, -22.2263233323141], [-25.791717568416, -22.1991378862084]]]}, "properties": {"OBJECTID": 578, "id": null, "name": null, "continent": null, "S2": null, "Shape__Area": 88155116.0444336, "Shape__Length": 35062.30984223293}}, {"type": "Feature", "id": 579, "geometry": {"type": "Polygon", "coordinates": [[[-25.1310118099197, -21.5246334254243], [-25.0649412337107, -21.5314624659988], [-25.0502588839411, -21.5587754154024], [-25.0502588839411, -21.586083221583], [-25.0722824090446, -21.6133858793071], [-25.1236706345857, -21.6133858793071], [-25.1456941605876, -21.5792567522925], [-25.1310118099197, -21.5246334254243]]]}, "properties": {"OBJECTID": 579, "id": null, "name": null, "continent": null, "S2": null, "Shape__Area": 91494324.93457031, "Shape__Length": 35634.44022205443}}, {"type": "Feature", "id": 580, "geometry": {"type": "Polygon", "coordinates": [[[-8.26596516515509, -24.6433199022646], [-8.25068507998868, -24.6780360530488], [-8.28124524942313, -24.70580201731], [-8.35000563042608, -24.7474393570274], [-8.37292575772651, -24.7196826792375], [-8.37292575772651, -24.6780360530488], [-8.34236558829206, -24.6502639055933], [-8.26596516515509, -24.6433199022646]]]}, "properties": {"OBJECTID": 580, "id": null, "name": null, "continent": null, "S2": null, "Shape__Area": 110668846.16699219, "Shape__Length": 41304.17673312391}}, {"type": "Feature", "id": 581, "geometry": {"type": "Polygon", "coordinates": [[[-11.8415049692237, -19.2316385935752], [-11.8152031843419, -19.2150817566773], [-11.7441291581887, -19.2296712128378], [-11.7421844196846, -19.2388521227194], [-11.7574645039527, -19.2749150089524], [-11.7803846312531, -19.2749150089524], [-11.8033047576552, -19.3037596039268], [-11.8415049692237, -19.325389714017], [-11.8720651386582, -19.2965489316954], [-11.8720651386582, -19.2604908055708], [-11.8415049692237, -19.2316385935752]]]}, "properties": {"OBJECTID": 581, "id": null, "name": null, "continent": null, "S2": null, "Shape__Area": 114503874.0378418, "Shape__Length": 42937.09863129942}}, {"type": "Feature", "id": 582, "geometry": {"type": "Polygon", "coordinates": [[[0.213667394905464, -18.4839144096198], [0.258742959519009, -18.4605945120853], [0.307916301590488, -18.4605945120853], [0.332502972626212, -18.4644813824014], [0.336600750982444, -18.4761414624756], [0.336600750982444, -18.5111169458231], [0.303818523234256, -18.5111169458231], [0.283329630554732, -18.5422002642099], [0.24235184519575, -18.5422002642099], [0.201374059836734, -18.5266593118138], [0.201374059836734, -18.5072311339162], [0.213667394905464, -18.4839144096198]]]}, "properties": {"OBJECTID": 582, "id": null, "name": null, "continent": null, "S2": null, "Shape__Area": 108932149.38433456, "Shape__Length": 42280.58132141245}}, {"type": "Feature", "id": 583, "geometry": {"type": "Polygon", "coordinates": [[[0.602956355815962, -18.3011572491227], [0.611151912528426, -18.3322785269996], [0.59885857745973, -18.3478370664271], [0.570174127169444, -18.3478370664271], [0.541489677777455, -18.3439475622379], [0.561978570456946, -18.3050477154707], [0.602956355815962, -18.3011572491227]]]}, "properties": {"OBJECTID": 583, "id": null, "name": null, "continent": null, "S2": null, "Shape__Area": 31524776.8592453, "Shape__Length": 22145.55227760922}}, {"type": "Feature", "id": 584, "geometry": {"type": "Polygon", "coordinates": [[[0.943071973756684, -18.1688295348104], [0.975854202403202, -18.1610424190708], [1.00453865179516, -18.1688295348104], [1.01683198776218, -18.1882958030935], [1.02912532283091, -18.2077598986507], [1.03732088044171, -18.223329608705], [1.04551643715417, -18.2544648509393], [1.03322310208548, -18.2972666962544], [1.02502754447468, -18.3361682929345], [1.01273420940595, -18.3633942039665], [1.00044087343892, -18.3906158220538], [0.975854202403202, -18.3983926373127], [0.934876417044186, -18.3945042735613], [0.926680859433391, -18.3750611379299], [0.934876417044186, -18.3400579713526], [0.959463088079943, -18.3244987317901], [0.963560866436175, -18.3089380935768], [0.963560866436175, -18.2855945135703], [0.947169752112916, -18.2466815635751], [0.934876417044186, -18.2155449277203], [0.943071973756684, -18.1688295348104]]]}, "properties": {"OBJECTID": 584, "id": null, "name": null, "continent": null, "S2": null, "Shape__Area": 244811221.3697052, "Shape__Length": 71403.64497772923}}, {"type": "Feature", "id": 585, "geometry": {"type": "Polygon", "coordinates": [[[1.2217209145572, -18.2272218194787], [1.21762313530263, -18.2700303802172], [1.20532980023394, -18.2817036105162], [1.18484090755445, -18.2817036105162], [1.16025423651869, -18.2739215442501], [1.16025423651869, -18.2505732508399], [1.16844979323119, -18.2272218194787], [1.2217209145572, -18.2272218194787]]]}, "properties": {"OBJECTID": 585, "id": null, "name": null, "continent": null, "S2": null, "Shape__Area": 38495601.52293396, "Shape__Length": 23691.769101746064}}, {"type": "Feature", "id": 586, "geometry": {"type": "Polygon", "coordinates": [[[1.98390772115664, -18.3400579713526], [1.99620105712366, -18.3711722478814], [2.00849439219236, -18.4022809132923], [2.00029883547989, -18.421720976906], [1.97571216444417, -18.421720976906], [1.95932105012088, -18.4139452152924], [1.93473437908516, -18.3983926373127], [1.92653882147436, -18.3867272828062], [1.91424548640567, -18.3672832701724], [1.93063659983059, -18.3439475622379], [1.98390772115664, -18.3400579713526]]]}, "properties": {"OBJECTID": 586, "id": null, "name": null, "continent": null, "S2": null, "Shape__Area": 68667830.88775635, "Shape__Length": 31859.50185035}}, {"type": "Feature", "id": 587, "geometry": {"type": "Polygon", "coordinates": [[[13.6644153944685, -20.4856122314522], [13.7119513395424, -20.5212319137497], [13.6834297726777, -20.5657448624078], [13.6454010162593, -20.5924464062561], [13.5883578816316, -20.5924464062561], [13.6168794484963, -20.5212319137497], [13.6644153944685, -20.4856122314522]]]}, "properties": {"OBJECTID": 587, "id": null, "name": null, "continent": null, "S2": null, "Shape__Area": 100246616.52783203, "Shape__Length": 40408.52180821964}}, {"type": "Feature", "id": 588, "geometry": {"type": "Polygon", "coordinates": [[[13.9781526344713, -20.3341364085205], [13.9876598240251, -20.396526848906], [13.9686454458159, -20.4143480539756], [13.9306166893974, -20.396526848906], [13.9211094998437, -20.3430508717809], [13.9781526344713, -20.3341364085205]]]}, "properties": {"OBJECTID": 588, "id": null, "name": null, "continent": null, "S2": null, "Shape__Area": 50963363.416015625, "Shape__Length": 28085.212843976038}}, {"type": "Feature", "id": 589, "geometry": {"type": "Polygon", "coordinates": [[[14.0827317150711, -20.5390386481051], [14.0732245255174, -20.5657448624078], [14.0732245255174, -20.5835464110739], [14.0351957690989, -20.5835464110739], [14.0351957690989, -20.5390386481051], [14.0827317150711, -20.5390386481051]]]}, "properties": {"OBJECTID": 589, "id": null, "name": null, "continent": null, "S2": null, "Shape__Area": 24081589.69946289, "Shape__Length": 20280.117913740833}}, {"type": "Feature", "id": 590, "geometry": {"type": "Polygon", "coordinates": [[[16.3644571001763, -21.1432244607631], [16.4024858565948, -21.2052817163712], [16.3264283437579, -21.2141449116511], [16.2883995873395, -21.1786889377071], [16.2979067759949, -21.1520913769428], [16.3644571001763, -21.1432244607631]]]}, "properties": {"OBJECTID": 590, "id": null, "name": null, "continent": null, "S2": null, "Shape__Area": 71684731.18237305, "Shape__Length": 33882.308067530415}}, {"type": "Feature", "id": 591, "geometry": {"type": "Polygon", "coordinates": [[[17.4960742689427, -22.9388271094218], [17.5531174035704, -23.017602530221], [17.5245958358074, -23.0525990747656], [17.4675527011797, -23.0525990747656], [17.4010023778967, -23.0263525187862], [17.3914951883429, -22.982596901968], [17.4295239447613, -22.9300714510733], [17.4960742689427, -22.9388271094218]]]}, "properties": {"OBJECTID": 591, "id": null, "name": null, "continent": null, "S2": null, "Shape__Area": 187612382.65625, "Shape__Length": 51661.18114945358}}, {"type": "Feature", "id": 592, "geometry": {"type": "Polygon", "coordinates": [[[-49.4868653417598, -25.6786135801549], [-49.4299422265457, -25.6850260734119], [-49.4441730049001, -25.7427229688606], [-49.4726345634054, -25.7683570484736], [-49.5224422894424, -25.8196085966671], [-49.5722500163776, -25.8067977874282], [-49.586480794732, -25.7811720120316], [-49.5651346263021, -25.7427229688606], [-49.5295576795179, -25.7363135849542], [-49.4868653417598, -25.6786135801549]]]}, "properties": {"OBJECTID": 592, "id": null, "name": null, "continent": null, "S2": null, "Shape__Area": 157161986.39160156, "Shape__Length": 53817.92077302159}}, {"type": "Feature", "id": 593, "geometry": {"type": "Polygon", "coordinates": [[[-43.8514768574109, -30.8645705571672], [-43.8158999097283, -30.9134198966353], [-43.8728230258408, -30.9378352200163], [-43.9155153627005, -30.9378352200163], [-43.9795538679901, -30.9317319737312], [-44.0151308156726, -30.919524311611], [-44.0151308156726, -30.8828919789852], [-43.9582076995602, -30.858462638522], [-43.8514768574109, -30.8645705571672]]]}, "properties": {"OBJECTID": 593, "id": null, "name": null, "continent": null, "S2": null, "Shape__Area": 178807049.6171875, "Shape__Length": 54492.335361001955}}, {"type": "Feature", "id": 594, "geometry": {"type": "Polygon", "coordinates": [[[-48.2701337376643, -30.6260738252393], [-48.2843645160186, -30.6811639240556], [-48.2985952952713, -30.7239900657401], [-48.2843645160186, -30.7729109412279], [-48.2843645160186, -30.8340270721075], [-48.3270568537767, -30.8340270721075], [-48.3626338005609, -30.7667971904014], [-48.3626338005609, -30.7178732097299], [-48.3484030222065, -30.6444406794098], [-48.2701337376643, -30.6260738252393]]]}, "properties": {"OBJECTID": 594, "id": null, "name": null, "continent": null, "S2": null, "Shape__Area": 191982307.11523438, "Shape__Length": 66848.66450390843}}, {"type": "Feature", "id": 595, "geometry": {"type": "Polygon", "coordinates": [[[-47.137819113318, -28.0232540626793], [-47.0889790803529, -28.0271734351817], [-47.0462867434932, -28.0397345643991], [-47.0462867434932, -28.0899644110691], [-47.0605175218476, -28.1150705263207], [-47.0747483011003, -28.1401707651848], [-47.0960944695301, -28.146444906906], [-47.0996521645678, -28.1433078819849], [-47.1103252487828, -28.0648524220831], [-47.137819113318, -28.0232540626793]]]}, "properties": {"OBJECTID": 595, "id": null, "name": null, "continent": null, "S2": null, "Shape__Area": 91460119.765625, "Shape__Length": 43001.175252177614}}, {"type": "Feature", "id": 596, "geometry": {"type": "Polygon", "coordinates": [[[-40.3758765555868, -33.1275608425516], [-40.3479362211689, -33.1821410592079], [-40.3665631110803, -33.2211061259903], [-40.4317572244227, -33.2211061259903], [-40.5248916721832, -33.2133145001851], [-40.5062647822717, -33.1587536967411], [-40.4783244487521, -33.1509565229824], [-40.4317572244227, -33.1275608425516], [-40.3758765555868, -33.1275608425516]]]}, "properties": {"OBJECTID": 596, "id": null, "name": null, "continent": null, "S2": null, "Shape__Area": 187567909.99804688, "Shape__Length": 54248.00369715545}}, {"type": "Feature", "id": 597, "geometry": {"type": "Polygon", "coordinates": [[[-43.4306864381752, -38.7482656958486], [-43.4120595491621, -38.7990927005547], [-43.4399998835801, -38.7990927005547], [-43.467940217998, -38.8208646134718], [-43.4958805515177, -38.7990927005547], [-43.4865671070111, -38.7555289136489], [-43.4306864381752, -38.7482656958486]]]}, "properties": {"OBJECTID": 597, "id": null, "name": null, "continent": null, "S2": null, "Shape__Area": 62343488.412109375, "Shape__Length": 32068.181920002684}}, {"type": "Feature", "id": 598, "geometry": {"type": "Polygon", "coordinates": [[[-42.4155209591141, -38.6610494494637], [-42.3596402902782, -38.6755928776871], [-42.368953735683, -38.7337370425926], [-42.368953735683, -38.7627913924088], [-42.4341478490255, -38.7627913924088], [-42.443461293532, -38.7410017383489], [-42.4341478490255, -38.697402480211], [-42.4155209591141, -38.6610494494637]]]}, "properties": {"OBJECTID": 598, "id": null, "name": null, "continent": null, "S2": null, "Shape__Area": 104801554.40429688, "Shape__Length": 41488.360933349984}}, {"type": "Feature", "id": 599, "geometry": {"type": "Polygon", "coordinates": [[[-72.5689831981169, -3.41622462380434], [-72.5172422293166, -3.40807797182174], [-72.4705734827837, -3.41882857559358], [-72.4021217206916, -3.40744018559493], [-72.3907130941254, -3.40060708597597], [-72.33937427323, -3.39035734757636], [-72.2823311386024, -3.41313439791812], [-72.310852705467, -3.45868687406949], [-72.3507828997962, -3.52131795010629], [-72.4591648553192, -3.56117190065019], [-72.5154878096853, -3.55046437163626], [-72.5445357219328, -3.56010628520107], [-72.6153280462943, -3.54207838348364], [-72.6645201406973, -3.56117190065019], [-72.7272675881589, -3.53270496765215], [-72.7044503350265, -3.39605165991963], [-72.6678303911968, -3.39605165991963], [-72.6531115132328, -3.39605165991963], [-72.5857257118198, -3.40277838298667], [-72.5689831981169, -3.41622462380434]]]}, "properties": {"OBJECTID": 599, "id": 16, "name": "South Shield", "continent": "Westeros", "S2": null, "Shape__Area": 709300050.9050293, "Shape__Length": 122731.7578643319}}, {"type": "Feature", "id": 600, "geometry": {"type": "Polygon", "coordinates": [[[-71.9571852711351, -3.11129603990066], [-71.8859170687433, -3.15676040232081], [-71.7746472397877, -3.16825354404376], [-71.6548566576984, -3.19103567150932], [-71.5749962690401, -3.2081219356566], [-71.4894315666495, -3.21951262045038], [-71.4095711788895, -3.25368390697029], [-71.4095711788895, -3.35049622107677], [-71.4666143135171, -3.42452272035867], [-71.6548566576984, -3.43591090734683], [-71.7518299866553, -3.40174593957675], [-71.769107738164, -3.39288917271373], [-71.8031688075506, -3.3277177041858], [-71.9286637033721, -3.28785403496576], [-72.0427499726273, -3.28785403496576], [-72.0825896230641, -3.28966194571139], [-72.1682448693471, -3.29354894311236], [-72.2595138845717, -3.28215909430144], [-72.2994440789008, -3.2081219356566], [-72.2994440789008, -3.1283836176796], [-72.2309923168087, -3.05433545789959], [-72.0598629129258, -3.05433545789959], [-71.9571852711351, -3.11129603990066]]]}, "properties": {"OBJECTID": 600, "id": 16, "name": "Oaken Shield", "continent": "Westeros", "S2": null, "Shape__Area": 2240505902.2280273, "Shape__Length": 241034.38201328117}}, {"type": "Feature", "id": 601, "geometry": {"type": "Polygon", "coordinates": [[[-73.1992995272699, -3.25368390697029], [-73.2691773675706, -3.25368390697029], [-73.3547420690629, -3.25368390697029], [-73.4688283383181, -3.2365984077687], [-73.5201671601118, -3.1739491232843], [-73.4916455923488, -3.10560011990599], [-73.423193831155, -3.04294297745469], [-73.3680521344381, -3.04294297745469], [-73.3661506965274, -3.04294297745469], [-73.2064299192107, -3.04863923320622], [-73.1408470590307, -3.04078039902064], [-73.1322738442846, -3.05433545789959], [-73.0581177693585, -3.09420818601139], [-72.9611444404017, -3.13977518066065], [-72.8955858832434, -3.14362577046036], [-72.8641711114449, -3.14547091603893], [-72.801423663085, -3.16825354404376], [-72.801423663085, -3.23119740532899], [-72.7900150365188, -3.23080285472408], [-72.7900150365188, -3.26507407865968], [-72.8185366042818, -3.33341238313824], [-72.9294084669902, -3.34104575132968], [-72.9317125010652, -3.3336395907118], [-73.0238918887616, -3.31063347098816], [-73.177908352346, -3.26507407865968], [-73.1992995272699, -3.25368390697029]]]}, "properties": {"OBJECTID": 601, "id": 16, "name": "Grey Shield", "continent": "Westeros", "S2": null, "Shape__Area": 1723689315.9953613, "Shape__Length": 195355.92780537836}}, {"type": "Feature", "id": 602, "geometry": {"type": "Polygon", "coordinates": [[[-72.6212989961726, -2.83325647713393], [-72.6208570951214, -2.82575331971066], [-72.6987460212943, -2.77518598262257], [-72.7957193502511, -2.70111457777388], [-72.8641711114449, -2.63843523951737], [-72.7957193502511, -2.54725967289615], [-72.6759287672636, -2.57575274221732], [-72.6017726923375, -2.63843523951737], [-72.5941251510674, -2.66593689714435], [-72.476277796516, -2.66122809578749], [-72.4135303481561, -2.72390626641616], [-72.3564872135285, -2.792278729018], [-72.3507828997962, -2.84925274594804], [-72.4363476021868, -2.87204156657898], [-72.4969413809755, -2.86397251605051], [-72.4985302671512, -2.87412863859831], [-72.6212989961726, -2.83325647713393]]]}, "properties": {"OBJECTID": 602, "id": 16, "name": "Green Shield", "continent": "Westeros", "S2": null, "Shape__Area": 1047040141.6315918, "Shape__Length": 147030.54500921088}}]}