{"type": "FeatureCollection", "features": [{"type": "Feature", "id": 147, "geometry": {"type": "Polygon", "coordinates": [[[5.42998679918974, -33.1213550351458], [5.48565485386588, -33.2395381650761], [5.50356720493567, -33.2694963181603], [5.56438172494254, -33.3711310587198], [5.64952205331146, -33.4980076711627], [5.6509390908749, -33.5001740473512], [5.73610361177276, -33.669533183505], [5.78331399660789, -33.8775220721927], [5.79233540330711, -33.9424094250117], [5.81980270915098, -34.1396662216181], [5.8137212566113, -34.2553561673653], [5.76417149707956, -34.4190154262701], [5.75290673660444, -34.4561775341218], [5.70141069166974, -34.53398738381], [5.64106353725744, -34.6443882468612], [5.51060231526919, -34.7935823217934], [5.24209743182961, -35.0412709958252], [5.06913778421718, -35.1611569469656], [4.58182574377009, -35.4080602704623], [4.1758059912729, -35.6558714212737], [4.05191925498148, -35.7473299091298], [3.4349727507297, -36.1269619505789], [3.31837721469635, -36.2367566457019], [3.05886116414551, -36.6542756199452], [3.02286974996056, -36.8035231922189], [3.02286974996056, -37.1122740068203], [3.02286974996056, -37.4791009226572], [3.04708502691513, -37.5924844646649], [3.24536694001683, -38.081839281402], [3.63473702328909, -38.6705246660333], [4.21879214729913, -39.275941819693], [4.80284727220747, -40.1105534617935], [5.05428810795455, -40.4940705157909], [5.12818661792238, -40.6701836386389], [5.13007214397453, -40.6746711105858], [5.17889616536796, -40.8287810341514], [5.17475503970602, -40.8935074205903], [5.1666901600196, -41.019381047749], [5.16005723172702, -41.0353024122667], [5.12193480707562, -41.1267350026728], [5.08769955794859, -41.1661635062769], [5.05276744163824, -41.2063701478335], [4.95348546665576, -41.245199481992], [4.95105072950355, -41.246151421636], [4.86560869026834, -41.2645038467765], [4.84301721251295, -41.2636547711353], [4.78423532038093, -41.2614454674417], [4.75319416060401, -41.2533988021294], [4.66624393355012, -41.2308537959299], [4.60065647848746, -41.2012516732992], [4.52384053602253, -41.1665646731198], [4.36516246379886, -41.0623436654464], [4.34939878946388, -41.054617483507], [4.28378909391145, -41.0224507361748], [4.19427838622679, -41.0163112155762], [4.14138569548557, -41.0255202815293], [4.04780632024979, -41.0654113513575], [3.99003924860605, -41.1255299359515], [3.88504636266387, -41.2703644368052], [3.71673900546626, -41.6307940762749], [3.70285737711, -41.7318777684783], [3.81428565361041, -42.1297827120115], [3.91760892807058, -42.2900180210904], [3.923295084156, -42.322608599441], [3.9406706595042, -42.4220932946497], [3.95015827566622, -42.4763485790012], [3.9406706595042, -42.6021794984752], [3.93795227031785, -42.6381857971146], [3.93795227031785, -42.6873066744276], [3.93795227031785, -42.7428560692593], [3.89950927287415, -42.8425317418131], [3.87692224267772, -42.9010209111417], [3.85251498856042, -42.9206847454186], [3.79554887279031, -42.9665553908967], [3.74193370299865, -42.9881297503211], [3.68401074580536, -43.0114290268674], [3.34586025722734, -43.098635822846], [3.1123610800862, -43.1305954943835], [2.80037255990429, -43.1448243627836], [2.59763617259981, -43.1448243627836], [2.39999557396595, -43.1538364496241], [2.31048486628129, -43.1746101407935], [2.28042696019355, -43.1885578848759], [2.22097415949497, -43.2161363307238], [2.10705144111361, -43.2872583369336], [2.09417635976186, -43.2970982427956], [2.0256780712262, -43.3494219562457], [1.86293133055304, -43.4912713857918], [1.65949790538535, -43.6003868090723], [1.58978952058496, -43.6328298242012], [1.37469110943189, -43.7328285393678], [1.04512896053448, -43.8473749780109], [1.03164902014569, -43.8578434388029], [0.992236269793225, -43.8884406626483], [0.923068905254179, -43.9529152888035], [0.902725562108603, -43.9968352000296], [0.894198671685044, -44.0315846851915], [0.905280395929444, -44.0696383547293], [1.04820718697582, -44.2307917778237], [1.27070437703213, -44.390003049071], [1.40560240515808, -44.4863210852514], [1.51751443342218, -44.528127061102], [1.85475950194047, -44.6082133036037], [2.10875231396752, -44.6383428072742], [2.18901610547722, -44.6392946691312], [2.23347239219515, -44.6318022490503], [2.26979818178677, -44.6256793808988], [2.36337755702255, -44.5909203740194], [2.38043441459949, -44.5794869440813], [2.42239430200747, -44.5513511240391], [2.4325449215616, -44.544542674235], [2.50578095544843, -44.4458672881912], [2.58715432533584, -44.309188149738], [2.5902970041022, -44.2965370607864], [2.61970367293146, -44.1780261965409], [2.63349966758664, -44.0948564905528], [2.64004701607707, -44.0553445506489], [2.66039035832435, -43.9704871509904], [2.72142038596448, -43.8913728431638], [2.84348044124475, -43.7886606377942], [2.92684521172538, -43.757862533804], [3.18974264317651, -43.7103730332073], [3.62476243669975, -43.6631868834055], [3.70196949665619, -43.6445665207276], [3.84844156353153, -43.5856530241634], [3.91799606782205, -43.556612659126], [4.08348038749265, -43.4874634358314], [4.08849300564265, -43.4853676283739], [4.09415131575088, -43.4835922996744], [4.31170857843165, -43.4152928320663], [4.4634712318503, -43.385100803643], [4.47629025473505, -43.3841070602479], [4.69472461359461, -43.3671713091918], [4.84992627214408, -43.3722995776285], [5.05276744163824, -43.3790013261945], [5.29688755219881, -43.4233433373587], [5.37000532647172, -43.4498900394704], [5.484046304467, -43.4912713857918], [5.61831236509564, -43.5797584995459], [5.62800132156065, -43.5937945231833], [5.65086171269129, -43.6268985316358], [5.65086171269129, -43.6592858761913], [5.6507093754871, -43.6603879642165], [5.64679304424183, -43.6887137649363], [5.61424369664618, -43.7416475975515], [5.54914500055659, -43.7857234052851], [5.42301627592854, -43.8679113571958], [5.27654420995153, -43.9529152888035], [5.26692861709918, -43.9558439099388], [5.15892105333543, -44.0141292498978], [5.07311078478382, -44.0758091798016], [4.98360007709919, -44.1634345954762], [4.93070738635794, -44.268413546134], [4.91443271256015, -44.36738848034], [4.91443271256015, -44.4908927409372], [4.91443271256015, -44.4923235632171], [4.94291339260463, -44.651734986275], [4.9549542534678, -44.6832844974056], [5.02021809404259, -44.8539902780783], [5.09752279548055, -44.9404544301249], [5.22772018765976, -45.0813996071492], [5.27589505588618, -45.1405278417025], [5.63721173469397, -45.3948203035072], [6.08220611570485, -45.8422292433429], [6.32615635484519, -46.0260313450343], [6.54327394519499, -46.1450153816628], [6.57038079574286, -46.1598523653641], [6.92028628778592, -46.3005798565971], [7.26915999465654, -46.456022609107], [7.31087846522179, -46.4745809019528], [7.62009727187196, -46.5641709003447], [7.87433046947576, -46.639031722742], [7.8764233877809, -46.6396475686561], [8.16123018283603, -46.7540592424856], [8.21210150159291, -46.7687324177435], [8.39314428804823, -46.8209194576347], [8.62912706170986, -46.8348382161568], [8.86104116692206, -46.8571007338602], [8.86502820995323, -46.8586343235502], [8.92159758747307, -46.8803886427344], [8.99123855910128, -46.9071576656616], [9.12550461972992, -47.0015822314542], [9.2312900012124, -47.1041490913801], [9.25070864735059, -47.1305778223709], [9.29232002885253, -47.1733393648829], [9.38996807343607, -47.3279989057724], [9.49982212246967, -47.6469289428686], [9.52166423010665, -47.6774818609334], [9.60560750395215, -47.7947360081871], [9.76428557617585, -47.8875846158418], [9.99619968138802, -48.0047728614496], [10.2891438133421, -48.1189793519345], [10.6279200979914, -48.2225325077837], [10.7773840344632, -48.2681524183954], [10.9193167075954, -48.3046417874836], [11.0367884199327, -48.3634949136773], [11.1150835211579, -48.4114902470058], [11.3185169463256, -48.5840404260281], [11.5382250461894, -48.8069421094507], [11.7649427559108, -49.0026751347876], [12.4566584828808, -49.3963373515256], [12.6204908699141, -49.5199435966233], [12.8035809528346, -49.7044860053162], [12.9052976649693, -49.8201266097374], [12.9459843503621, -49.9433472375467], [12.9703963619572, -50.0296759780772], [12.9622590241599, -50.084531793143], [12.9256410081148, -50.1288929525938], [12.9012289965198, -50.1601819771721], [12.8686796489242, -50.1914505358564], [12.8117182897335, -50.2305074601222], [12.7698400537949, -50.2871763032007], [12.6736853748279, -50.4405212077862], [12.5902489286691, -50.5996695733132], [12.5707767878557, -50.642908463962], [12.5513235053751, -50.6606050845572], [12.4902934777349, -50.6966997382686], [12.4536754607915, -50.7044306953849], [12.4129887753987, -50.7070073978729], [12.3519587477585, -50.7044306953849], [12.2290596812742, -50.6723702149796], [12.2136240186804, -50.6683419900824], [12.1241133118941, -50.6270637608394], [12.0427399411084, -50.5805823973083], [11.9044052120303, -50.5004235083804], [11.7904824936489, -50.4304966696133], [11.6318044223235, -50.3370999912911], [11.3998903171113, -50.207077141475], [11.0418474881694, -49.9747574343028], [10.9323413494588, -49.8890864471557], [10.7773840344632, -49.7675968912791], [10.5617446039471, -49.643927709598], [10.4356158802174, -49.6096657482897], [10.2714441842299, -49.5874978244287], [9.82097266893051, -49.4792170061564], [9.73965942508169, -49.440779275892], [9.66256886314283, -49.3718063753579], [9.58526416170487, -49.3081819443658], [9.43065475793062, -49.2311926556802], [9.36806941864859, -49.2087097287855], [9.34928138804321, -49.2019583895969], [9.19467198426896, -49.1567441454476], [9.0075132328991, -49.076853522734], [8.97296112461518, -49.0549959477918], [8.88952184606826, -49.0021728256463], [8.79187380238302, -48.9567762584489], [8.56402836562027, -48.8578290103339], [8.29956491281242, -48.7881812740521], [8.10020015519586, -48.7345402221375], [7.91711007227545, -48.6915861292841], [7.80725602324185, -48.6674083350852], [7.71367664710774, -48.6539712128308], [7.58754792337801, -48.6351532229382], [7.44514452585046, -48.6351532229382], [7.33122180746907, -48.6324643655663], [7.18068107214428, -48.619017929147], [7.09870872359173, -48.5989439859036], [7.07082702311067, -48.5921143072301], [6.96504164162823, -48.5571181712314], [6.81450090630344, -48.516707910822], [6.68837218257371, -48.4870532180767], [6.53376277969776, -48.4546828553241], [6.43963247668138, -48.4402742652662], [6.37508470747409, -48.4303915308009], [6.24895598374433, -48.435790606732], [6.03331655322828, -48.4546828553241], [5.84208913251064, -48.4843564765955], [5.73169806251533, -48.4971595940039], [5.67934239273577, -48.503230655777], [5.51659565206265, -48.4951425821712], [5.3463520822713, -48.4631967646824], [4.8584715690478, -48.3779900791505], [4.69472461359461, -48.3547442213369], [4.54418387826981, -48.3520404516196], [4.38143713759669, -48.3709638273798], [4.15359170173224, -48.3574478475822], [3.89319691647554, -48.3277000676575], [3.84522492377288, -48.322540304053], [3.61652745831932, -48.2979349250948], [3.20152327018671, -48.3141726095214], [2.90451046888492, -48.338519450896], [2.68073370057162, -48.3790716933375], [2.48892504111905, -48.4060885892861], [2.37965223082037, -48.4060885892861], [2.1721501372032, -48.3952835519383], [2.00126605963113, -48.3628546702596], [1.8385193198563, -48.3195840236108], [1.70425325832933, -48.2681524183954], [1.51709450695947, -48.2329325209256], [1.37108328929962, -48.2183416458662], [1.30223003507269, -48.2114597088668], [1.19160102651149, -48.2004003155868], [0.837626866018978, -48.2058237853479], [0.206983247370284, -48.2058237853479], [-0.187671150407947, -48.1823809906521], [-0.224736797857441, -48.1759481887598], [-0.427729040626163, -48.1407042442584], [-0.728810510377415, -48.0646269085514], [-1.10719668156662, -47.9748197628986], [-1.14679708728703, -47.9705115821427], [-1.16171963398718, -47.9688880457471], [-1.43269016201461, -47.9393982317984], [-2.01044109082038, -47.8984970569171], [-2.64108470946907, -47.8657528340455], [-2.98662010067413, -47.8203789917725], [-3.01540221220886, -47.8165976897024], [-3.03427326690942, -47.8112361715352], [-3.21375517935462, -47.7602152928477], [-3.22697297517379, -47.7564559232344], [-3.31657437856613, -47.6910507289462], [-3.4182003949931, -47.6167686780592], [-3.5199171071278, -47.4794571562328], [-3.53800897123576, -47.4465855601614], [-3.60183583613937, -47.3304526121198], [-3.95797959243469, -46.8976515713153], [-4.14457429343432, -46.7060591760829], [-4.15869806357373, -46.5921374822093], [-4.1299612307226, -46.4375273513002], [-4.11394270973139, -46.3511534297841], [-4.09704033633216, -46.2610795456504], [-4.08546203058523, -46.1992924341001], [-4.09704033633216, -46.0773453819868], [-4.10580537283251, -45.9848491109726], [-4.16004346498487, -45.886356020221], [-4.17904140582101, -45.851815541452], [-4.28482678730346, -45.7355044892382], [-4.34611396398189, -45.673164520233], [-4.47198553867335, -45.5449127099781], [-4.6143889362009, -45.430817487252], [-4.68002480237251, -45.3760388425081], [-4.76669813811313, -45.3036212805404], [-4.86016665315801, -45.1869605245955], [-4.90733306905324, -45.0871451039168], [-4.95603919644714, -44.9910645732618], [-4.97096081428929, -44.9615970383369], [-5.00498111363681, -44.8943563953164], [-5.05380513592858, -44.7500616775976], [-5.07821714662531, -44.640156162003], [-5.09827769203464, -44.5701726053254], [-5.11303796077365, -44.5186258451279], [-5.12335098135808, -44.4925766761129], [-5.19524667404376, -44.4027568299894], [-5.32077488209091, -44.2905466159581], [-5.43702149899315, -44.1238903429526], [-5.45253464936507, -44.0319477408182], [-5.45253464936507, -43.9382681002729], [-5.45253464936507, -43.8444406322655], [-5.43219130711779, -43.7122456851153], [-5.35488660567983, -43.4617468283821], [-5.32640592563534, -43.3287078164945], [-5.3304745940848, -43.2398528945882], [-5.37116127947765, -43.100385950407], [-5.37628946409234, -43.0851184840691], [-5.37730234691451, -43.0821025122232], [-5.42405397021888, -42.9427327396756], [-5.52170201390411, -42.6950286884932], [-5.53633344806174, -42.663476447155], [-5.55982038445865, -42.6127940814236], [-5.58273204154425, -42.563313336663], [-6.00994223502526, -41.9550456089008], [-6.08576445303804, -41.8086902986819], [-6.091315605811, -41.7884124102053], [-6.10319408001686, -41.7308178921636], [-6.10759027960879, -41.7094891731229], [-6.12793362185607, -41.55744107481], [-6.11979845169363, -41.2706967102677], [-6.11979628495716, -41.2706201757389], [-6.11979628495716, -41.1451209334638], [-6.09538427426046, -41.050071493543], [-6.05527303346892, -40.9848868379373], [-5.84920570926063, -40.766748081388], [-5.59889636988584, -40.4500343434301], [-5.32154130582668, -40.0478258531904], [-5.29792524648915, -40.0297451817517], [-5.26130722954575, -39.9954669231961], [-5.20841453880449, -39.9518151533524], [-5.13924717426545, -39.9081355082275], [-5.09449182042314, -39.8862852338597], [-5.00091244518735, -39.8769186983077], [-4.92767641219885, -39.8769186983077], [-4.82595969916583, -39.8831631975047], [-4.73696118660168, -39.9116128467947], [-4.72831165458229, -39.9143771639358], [-4.7196621234612, -39.9204582685187], [-4.67948763318882, -39.9486961030692], [-4.65111519294953, -39.9823028262007], [-4.63473227934651, -40.0017006148771], [-4.4679168702239, -40.2226277990011], [-4.43690344143978, -40.2596177354035], [-4.33771947804468, -40.3777794470545], [-4.30851696933006, -40.4009888395308], [-4.2441401019106, -40.4521256414183], [-4.21915595690436, -40.4670617021743], [-4.18717874271992, -40.486173523794], [-4.06511868743962, -40.5356668980089], [-4.01924863482248, -40.5430613134084], [-3.9403859564412, -40.5557723492216], [-3.93085262681098, -40.557308761287], [-3.7953637982822, -40.5557723492216], [-3.65825183710422, -40.5542174946971], [-3.54026045027341, -40.5325746323919], [-3.49266336855624, -40.513092672257], [-3.48736775953215, -40.5109247766878], [-3.40599438964474, -40.4583174492628], [-3.3815823780497, -40.4211580438959], [-3.37715384719237, -40.4105612682894], [-3.3743757119548, -40.4039127758126], [-3.35310169890351, -40.3529791292012], [-3.35310169890351, -40.3002481610786], [-3.35717036735297, -40.2443704772406], [-3.40192572119528, -40.1293658410919], [-3.605359146363, -39.7049722137327], [-3.65558072984457, -39.5708982891302], [-3.67985810463976, -39.3835068694333], [-3.69359767880688, -39.2133874848933], [-3.6785951793515, -39.1455487373696], [-3.66232050555368, -39.0760949486042], [-3.61756515171137, -38.9654592675089], [-3.55246645562177, -38.8863278223531], [-3.41413172654365, -38.7500153542796], [-3.12932493059022, -38.5116371266516], [-3.10473582062848, -38.4651241698531], [-3.08050090829845, -38.4192518452487], [-3.05843967820748, -38.3414291153582], [-3.03981422380389, -38.2756611969342], [-3.04349029972809, -38.2005899320232], [-3.04581337449387, -38.1531091360028], [-3.04795156070281, -38.1093799068579], [-3.08456957674791, -38.0068643585397], [-3.11410251996003, -37.9559433504924], [-3.13546416815886, -37.9190893567597], [-3.1496682728375, -37.8945736229641], [-3.29614033971283, -37.7853269249251], [-3.31873573142795, -37.7743681572665], [-3.39043631901706, -37.7395826089505], [-3.79110669921875, -37.6206683527026], [-4.23719181015603, -37.5224562514854], [-4.29703279265183, -37.5115029639196], [-4.32648541839273, -37.5104410137198], [-4.47605420712281, -37.5050478960643], [-4.59842867095589, -37.5104410137198], [-4.69576230698665, -37.5147302885183], [-4.72476576430569, -37.5104410137198], [-4.93581374909776, -37.4792220424421], [-5.12948321655908, -37.4315842866101], [-5.22468921260232, -37.4081549138299], [-5.23631060244864, -37.401638491672], [-5.29385657803969, -37.3693625809147], [-5.35081793723037, -37.3337853122329], [-5.36540352766409, -37.3129073855138], [-5.39150462172493, -37.2755316041127], [-5.4384865892378, -37.2062681752981], [-5.50135867165683, -37.1134791163859], [-5.50593556646986, -37.1077160420863], [-5.57866337309479, -37.0160807621181], [-5.59452131573738, -36.9780851569624], [-5.60307538468986, -36.9575817425217], [-5.60307538468986, -36.9218102001128], [-5.60307538468986, -36.8697488963658], [-5.60307538468986, -36.8078799878197], [-5.59185692068951, -36.76834876317], [-5.58273204154425, -36.7361797993624], [-5.52983935080302, -36.6415635078499], [-5.47287799251068, -36.5010562451075], [-5.44846598091561, -36.4159744203931], [-5.43380664688193, -36.3540166318181], [-5.43219130711779, -36.3471863650335], [-5.41184796487051, -36.2455309417691], [-5.40944149590365, -36.2067054089742], [-5.40777929552275, -36.1798765267266], [-5.42314795188121, -36.1414113340893], [-5.44846598091561, -36.0780033707057], [-5.49729000320738, -35.9759980657611], [-5.63969340073496, -35.7781936049755], [-5.68180089122558, -35.7012936867344], [-5.68444875457727, -35.662579765747], [-5.68444875457727, -35.6129796435421], [-5.67631141767836, -35.5699679770975], [-5.66817408077945, -35.5103752240015], [-5.64376206918442, -35.4474237453811], [-5.61121272158877, -35.4043232856407], [-5.59652984450809, -35.3901783053921], [-5.56645736774646, -35.3611997687022], [-5.50542734010629, -35.3213729908185], [-5.49169780101921, -35.3168919737461], [-5.42405397021888, -35.2948109018547], [-5.24458526390671, -35.2429157514473], [-5.2287578819501, -35.2383375123717], [-5.06194247282749, -35.1951254272517], [-5.03582453176182, -35.1927539006947], [-4.91547040595215, -35.1818247731661], [-4.59811426240308, -35.1984502503967], [-4.46784527180081, -35.1926436425181], [-4.43554139604308, -35.1912036661413], [-4.37433749408979, -35.1818247731661], [-4.28482678730346, -35.1618697114453], [-4.18311007427047, -35.1319279367316], [-4.10350569109505, -35.1047972581912], [-4.06446071820642, -35.0739894983661], [-3.99188265445112, -34.9887208444475], [-3.85761659382248, -34.8953347701963], [-3.71928186474436, -34.7884776907722], [-3.62570248861028, -34.7283096492776], [-3.58515029359184, -34.7092626930739], [-3.5687411294196, -34.7015542275443], [-3.51584843867834, -34.6781361332536], [-3.39378838339807, -34.661404867884], [-3.39208730393166, -34.6612494025643], [-3.28393433436447, -34.6513644867437], [-3.13339359903968, -34.6580582093186], [-3.01540221220886, -34.6680977795413], [-2.88520482002965, -34.6680977795413], [-2.76978891928808, -34.6706632820509], [-2.73466408560319, -34.6714440326212], [-2.62481003567128, -34.6647513912936], [-2.60938569903657, -34.6618680627223], [-2.53529932798663, -34.6480174227462], [-2.47638556047598, -34.6177206329177], [-2.47020063189704, -34.6145393507537], [-2.42544527805469, -34.574347835497], [-2.33058409674002, -34.5005466421046], [-2.2892506656651, -34.4732911968756], [-2.06675347560879, -34.3356095083999], [-1.78863198781386, -34.1056372100173], [-1.56613479775759, -33.9673528411674], [-1.46781998494258, -33.8041206459465], [-1.41234681976733, -33.7461528805284], [-1.37536569120968, -33.7077066883324], [-1.34724812367774, -33.6784636780509], [-1.25773741599312, -33.6242739146269], [-1.14788336606118, -33.563269667423], [-1.05837265927486, -33.5157921026523], [-0.981067957836899, -33.4852570439603], [-0.850870565657718, -33.4852570439603], [-0.741016515725783, -33.4954365936341], [-0.623025128894969, -33.5361428241113], [-0.570132438153712, -33.573440037668], [-0.529445752760857, -33.6141095366497], [-0.488759068266298, -33.6581465149275], [-0.472484393570178, -33.6920057865255], [-0.468415725120722, -33.8239294653157], [-0.481460994998008, -33.9105845720581], [-0.481460994998008, -33.9904158876873], [-0.532636680939446, -34.2023075426467], [-0.524497743242707, -34.2484528894913], [-0.468708120457496, -34.3713389285971], [-0.394726972670035, -34.4075170340591], [-0.00865446646524728, -34.4274224780649], [0.38071561680697, -34.3585721873397], [0.77008569918089, -34.3126405408517], [0.998451600056334, -34.3126405408517], [1.26686009785918, -34.2653135227373], [1.88085717880998, -33.9942486016711], [2.04764257342231, -33.8728136061557], [2.27194173363287, -33.5743256050578], [2.35537817979171, -33.4119677592447], [2.4666267743707, -33.2725618509953], [2.74474826216563, -33.0164057023393], [2.92985814771358, -32.7721557990168], [2.95801907063607, -32.6773912588416], [2.98706607558514, -32.5655519663797], [3.0410105129627, -32.4500714846288], [3.1070578695182, -32.2757324486337], [3.1804087763703, -32.1376390528484], [3.2028438259937, -32.1097719643756], [3.27753612417749, -32.0253773975771], [3.32733098903451, -31.9690711093224], [3.35637799398357, -31.9268187144294], [3.42692072054512, -31.8563548985139], [3.5638566002493, -31.7823098939398], [3.6776102017953, -31.7356168723687], [3.68419419166783, -31.7329135877083], [3.77133520561674, -31.6870219953768], [3.84187793217828, -31.6658336028093], [3.94561723441282, -31.6375748926661], [4.02030953259661, -31.6199088375275], [4.08670268663758, -31.6093075937223], [4.12404883572948, -31.59870514261], [4.1862924172499, -31.59870514261], [4.29418129290334, -31.6057735779957], [4.36887359108714, -31.6199088375275], [4.44771546089319, -31.6340419503349], [4.52240775907698, -31.6552375932705], [4.5846513405974, -31.6870219953768], [4.68009149958744, -31.7470295083194], [4.71132493027618, -31.7504938261709], [4.77553165767914, -31.7576150359254], [4.87927096081201, -31.754086661461], [4.94981368737355, -31.7364427697269], [4.98301026394487, -31.7223252365969], [5.04940341798584, -31.6870219953768], [5.07396131059315, -31.6734379186006], [5.1323948603125, -31.6411077015502], [5.17445440951303, -31.6190697492271], [5.18633929769005, -31.6128414760687], [5.31497603325141, -31.5739613974747], [5.4270144805271, -31.5421383579662], [5.57224950437415, -31.5067666964255], [5.68843752417042, -31.4961525863377], [5.87516826873158, -31.4996907571769], [6.03285200924204, -31.5067666964255], [6.14904002903831, -31.524454201497], [6.19468532227304, -31.5386017943047], [6.24033061550777, -31.5668905484529], [6.24585295302134, -31.5763004650508], [6.2490790080225, -31.5817971360392], [6.27352719207909, -31.6234423166231], [6.26522804793626, -31.6693653369332], [6.2486297596506, -31.7258548211349], [6.18638617813021, -31.7752548929652], [6.07849730247677, -31.8739759066295], [6.04115115338487, -31.8915935463827], [5.9860922588793, -31.9243111285383], [5.95815971105824, -31.9409050049526], [5.90997606718978, -31.9888918473402], [5.87024800188436, -32.0284387760218], [5.8627195529665, -32.035930977101], [5.67183923498643, -32.2607839138714], [5.53075378365997, -32.415048130065], [5.44776234133334, -32.5620547373767], [5.4459387559167, -32.5739651859349], [5.43116405214938, -32.6704053977787], [5.41842687746508, -32.8471434660025], [5.41456576386369, -32.9006500360683], [5.41456576386369, -32.9377979007579], [5.41456576386369, -33.0576162010918], [5.42998679918974, -33.1213550351458]]]}, "properties": {"OBJECTID": 147, "id": null, "Name": null, "type": "Forest", "continent": "Sothoryos", "size": null, "Symbol": null, "Shape__Area": 2460029317995.6445, "Shape__Length": 10855379.22933469}}, {"type": "Feature", "id": 148, "geometry": {"type": "Polygon", "coordinates": [[[-10.3547738108199, -41.2076230364566], [-10.0688289293516, -41.3638898531093], [-10.0318346692211, -41.3786277435579], [-9.49259719811663, -41.4999007434109], [-9.23925358237576, -41.5789122480816], [-9.09875916770903, -41.6553003072116], [-8.96416637184524, -41.7701256870695], [-8.7283080894106, -41.9298432573203], [-8.62872732308656, -41.9881861296097], [-8.41489120301116, -42.0676068737165], [-8.34930614375539, -42.1262259456087], [-8.29667480077809, -42.2042478963833], [-8.18542620619911, -42.3071738232039], [-7.87547692279755, -42.4788555388065], [-7.85168042066551, -42.5116079957155], [-7.84240342619992, -42.5243717942148], [-7.83232255992931, -42.5852639616649], [-7.83388150525654, -42.6518012037743], [-7.88124617484339, -42.7287594129397], [-7.97661150866182, -42.7733225144283], [-8.04962890069334, -42.7943753451189], [-8.18542620619911, -42.8192822297011], [-8.50253727766056, -42.8857040395682], [-8.68490525792469, -42.9747219400756], [-8.8499163397137, -43.0852925274862], [-8.93852494930856, -43.186500575038], [-9.05391610775227, -43.4244179369957], [-9.07541496642423, -43.5585513634688], [-9.07541496642423, -43.6902658710669], [-9.05008684930919, -43.873129916689], [-9.02240764077127, -43.9152386278024], [-8.96416637184524, -43.9711524257139], [-8.85646853731002, -44.0176396157654], [-8.7418513610269, -44.0311703994869], [-8.65823273563016, -44.0311703994869], [-8.45914790293757, -44.0311703994869], [-8.32476750473957, -44.0170300246717], [-8.15761405688059, -43.931106713488], [-8.01855331298313, -43.8308743901859], [-7.77499166078019, -43.6901470824046], [-7.72737164507382, -43.6355037745278], [-7.66898843873964, -43.4803708286075], [-7.59742679806711, -43.410601590665], [-7.47808415011452, -43.3346949360446], [-7.39980146989474, -43.3069488532538], [-7.2825173742978, -43.3069488532538], [-7.17894644778853, -43.3309975464122], [-7.06462776640296, -43.4140962111159], [-7.01797668164688, -43.4755647179642], [-6.9060673627017, -43.6701519657831], [-6.80537138646144, -43.9426658145735], [-6.78511966877987, -43.9804588152288], [-6.54450942874796, -44.210860002324], [-6.38163420473467, -44.3940313963982], [-6.35842163538506, -44.4910998971332], [-6.37763653553201, -44.6280101039381], [-6.43326083327064, -44.8847542688177], [-6.43326083327064, -45.0328715937455], [-6.39691701089806, -45.0898300732948], [-6.16096484193981, -45.2712663544818], [-6.09905659792171, -45.3765749123039], [-6.00858170688306, -45.6302177301926], [-5.9535102350652, -45.7082545386168], [-5.59834310019731, -45.9248486319761], [-5.51188255558454, -46.0113270244515], [-5.36241445092984, -46.2628576879083], [-5.34858703140939, -46.3201852823325], [-5.34858703140939, -46.4944397915938], [-5.32000366763971, -46.5527382470044], [-5.15390198977326, -46.7644575280686], [-4.97880135320822, -46.9440728207969], [-4.93701967538293, -47.000252339761], [-4.90752339331585, -47.0480072416583], [-4.88908821736083, -47.1208139469573], [-4.89646228720383, -47.170967495935], [-4.92964560464159, -47.2085516064096], [-4.97389002729301, -47.2335928945294], [-5.00962034344569, -47.2409762473731], [-5.05869183722522, -47.2511147592474], [-5.16346991711833, -47.2652739681827], [-5.31656073327782, -47.2732647644225], [-5.36775952568503, -47.2862901027488], [-5.40605800665738, -47.3206385557628], [-5.48539972603699, -47.4388338267218], [-5.53633402388182, -47.495480395993], [-5.87701785768077, -47.6898890369557], [-6.0920219699835, -47.7702317951105], [-6.17873656265019, -47.8294507442756], [-6.29420008937317, -47.9327015140034], [-6.3919208885116, -48.0961255887113], [-6.39423485346208, -48.1486443024693], [-6.35549816441265, -48.2519207293146], [-6.33853112758432, -48.2736075480601], [-6.18045096323395, -48.3655869419067], [-6.14636722665771, -48.4131179643064], [-6.14636722665771, -48.4427930137465], [-6.21076364321437, -48.5991860214155], [-6.36293187071243, -48.766628114509], [-6.36709677567827, -48.8279002444346], [-6.32417331846562, -49.0112374617612], [-6.27910049461198, -49.1142635971996], [-6.15513934547571, -49.2751403249986], [-5.82139355994211, -49.5646128188081], [-5.49867642079609, -49.8375605465325], [-5.43685837931061, -49.9196470625357], [-5.37639917982957, -50.0492302961734], [-5.24894427324587, -50.1963207916314], [-5.21834706537393, -50.2186043339508], [-4.87349891141238, -50.3801433800141], [-4.78748839490922, -50.4493060082649], [-4.65226211070033, -50.6319292692563], [-4.5976590141834, -50.7448120499042], [-4.5976590141834, -50.8550277524361], [-4.62802063258385, -51.0023788841996], [-4.70890760876239, -51.0913705115519], [-4.82015620423967, -51.3352799547481], [-4.92198379992149, -51.5890462160718], [-4.92766480416872, -51.6588784504915], [-4.90359265039851, -51.9565545154513], [-4.94642127965313, -52.1277843306917], [-5.0220564756103, -52.187443447054], [-5.15580898286574, -52.2284250528722], [-5.25022901412081, -52.2573324781953], [-5.39487246591222, -52.288678808855], [-5.44766829401132, -52.3001149076432], [-6.0717028993169, -52.3829965773932], [-6.76700661880423, -52.4508483169121], [-7.32324959439413, -52.5355162273156], [-8.15761405688059, -52.7717198962857], [-8.40059741861942, -52.8508034348953], [-8.49027906132956, -52.863030956478], [-8.60091665508996, -52.863030956478], [-8.61957683297254, -52.863030956478], [-8.75648035625851, -52.8170890259959], [-8.81956978156895, -52.7925707288835], [-8.96944139148302, -52.7342710298466], [-9.19000817924885, -52.6328349492173], [-9.31126615486309, -52.5635152191845], [-9.3193059508918, -52.5589152193549], [-9.39536346372865, -52.4385295296524], [-9.40022734512212, -52.4118357140546], [-9.40296921537167, -52.3967807361832], [-9.40296921537167, -52.3457007421667], [-9.37244671768696, -52.3239416490536], [-9.35733470731022, -52.3131645299122], [-9.24324843805495, -52.2619878362232], [-9.12916216879971, -52.2154122585746], [-8.92380688431991, -52.173452439665], [-8.75648035625851, -52.1407896377002], [-8.67708917204612, -52.1050442099856], [-8.64239408700326, -52.0894139423171], [-8.63198556113106, -52.0773322571944], [-8.6026084378915, -52.0432151475086], [-8.5739423249111, -52.0098986455965], [-8.5739423249111, -51.9161700128354], [-8.6026084378915, -51.8409600888701], [-8.6026084378915, -51.8364175587051], [-8.79729347952763, -51.5260174199686], [-8.87413281951242, -51.3343904565341], [-8.87056662551378, -51.3069027391964], [-8.84774937148306, -51.2450496803099], [-8.80452679234877, -51.1831636618789], [-8.79450911267693, -51.1688084892085], [-8.60697926546655, -51.0465377651117], [-8.59675957894182, -51.0398651648585], [-8.5552748580983, -50.9861301535381], [-8.46746180729884, -50.8721807655807], [-8.40661579684973, -50.6846192067696], [-8.40661579684973, -50.5398289075768], [-8.45838027545932, -50.4556800572861], [-8.47506755804353, -50.4285210858122], [-8.64239408700326, -50.3072368501665], [-8.66529131624708, -50.2997368801965], [-8.93901838670761, -50.2099861943877], [-8.97203570715893, -50.1988327959532], [-9.21282543327954, -50.117414123905], [-9.4714209765655, -49.9464170917002], [-9.68519854624728, -49.7613303450102], [-9.73762227149444, -49.71583408257], [-9.74739720571525, -49.6929785099314], [-9.79853083523007, -49.5732435113352], [-9.79853083523007, -49.2932823925646], [-9.71509438907123, -49.1297634281611], [-9.54822149585529, -48.9108963651155], [-9.47667915997818, -48.6752434997283], [-9.48772369127489, -48.6132149123806], [-9.66826626883054, -48.4338517993322], [-9.68087987755256, -48.3511413859483], [-9.65947009133261, -48.1372718294198], [-9.71269436821151, -47.7271761624092], [-9.71834061753874, -47.7022721094207], [-9.95020561544762, -47.2477875291584], [-10.0171714086513, -47.1486607213122], [-10.0240204464484, -47.1421010635723], [-10.3547738108199, -46.9166523476126], [-10.93882893483, -46.5353567697224], [-11.6063205049988, -46.151365028728], [-12.2181877783274, -45.8809656662911], [-12.4411101670588, -45.7734241354479], [-12.6527314521736, -45.6189963844024], [-12.7744307539172, -45.472887009378], [-13.1638008371895, -45.120736367995], [-13.7478559611995, -44.4495959256663], [-14.1928503413121, -43.8910340192699], [-14.5544082752658, -43.7103730332073], [-15.0828391024356, -43.6097697919699], [-15.6668942264456, -43.5291658375891], [-15.8329027256609, -43.5024132125818], [-15.9895830740501, -43.4100041158298], [-16.084076458138, -43.3069488532538], [-16.3900100943531, -43.0636004431479], [-16.5681688009612, -42.8502380231985], [-16.7031762744315, -42.5797067918688], [-16.7237558798867, -42.2454384247565], [-16.7237558798867, -42.0502624136707], [-16.6813589378385, -41.8889434995257], [-16.5290708382506, -41.6455472617062], [-16.4770136795382, -41.2357953475804], [-16.4849855099309, -41.1711523405899], [-16.6065565097941, -40.785674631063], [-16.6228175049451, -40.753732317204], [-16.9782477788176, -40.3034751214624], [-17.049340354283, -40.1911648022011], [-17.2521867070564, -39.7052084013947], [-17.4098012188995, -39.4013944577412], [-17.4451784243819, -39.3673548697125], [-17.6487695649674, -39.2413251347912], [-17.7578171945739, -39.1915386924248], [-18.2256119134403, -39.0387166911759], [-18.3097174957897, -39.0013773837199], [-18.3917949050097, -38.9354705264207], [-18.4797392481812, -38.8404527516373], [-18.7540427406101, -38.3222521882318], [-19.1156006745638, -37.9064953102665], [-19.3597388610245, -37.7311701720274], [-19.4586115806316, -37.6039902176167], [-19.7274679478923, -37.0012981947367], [-19.7675493062259, -36.8250403111193], [-19.7738350536275, -36.729381176558], [-19.7288042278101, -36.5969342127456], [-19.6878930345631, -36.5281332532861], [-19.6204939587451, -36.4474280950215], [-19.5605950546764, -36.3992303186003], [-19.3299927987995, -36.2340667002146], [-19.2963287587172, -36.1990217950647], [-19.1156006745638, -35.9277039166077], [-19.032164228405, -35.837568176296], [-18.8050027706962, -35.468403901582], [-18.7622142619988, -35.4123983248215], [-18.6435599553192, -35.3018042340638], [-18.5823848003533, -35.2755230048347], [-18.5064735754656, -35.2774298353288], [-18.4492318251253, -35.2974545753268], [-18.4073801766242, -35.3449282823172], [-18.3924848066563, -35.422650324804], [-18.3924848066563, -35.6343880620019], [-18.3646726573378, -35.9952383752458], [-18.3090483604975, -36.4216131416707], [-18.2268731561841, -36.6362182593758], [-18.1715054487316, -36.7415070731894], [-17.9659657383274, -36.9717511961261], [-17.8605727499441, -37.0484847378278], [-17.5018449591913, -37.199909171879], [-17.3726942085227, -37.237852613226], [-16.8963486115196, -37.3326012667464], [-16.7163869735599, -37.3532134783685], [-16.3743694963986, -37.3389029970851], [-16.1863650314944, -37.3190648098739], [-15.8615792680817, -37.2452306002028], [-15.2497119947532, -37.1122740068203], [-14.8671870559796, -36.9697853200589], [-14.8092651902394, -36.92711190943], [-14.6934690191633, -36.7788600936174], [-14.5723677465655, -36.5846220704924], [-14.438814938391, -36.454616615799], [-14.2484746390507, -36.3320431646156], [-14.1269834778567, -36.2341087857933], [-14.0191048735402, -36.1435129017424], [-13.746727857764, -35.7827604256276], [-13.7357106729812, -35.749753285015], [-13.7385378894709, -35.7072936728428], [-13.7844535001477, -35.6078079607178], [-13.7808780382303, -35.568554822738], [-13.7594806245067, -35.5188105735217], [-13.5531709195634, -35.2946044842218], [-13.3087916252804, -35.034891021515], [-13.2784513310881, -34.9791641378485], [-13.2638232000358, -34.9299666159128], [-13.2194251340298, -34.6565139331512], [-13.1835743618824, -34.494160448683], [-13.1682956457485, -34.454151237978], [-13.1287742010432, -34.40525409436], [-13.1127445014167, -34.3960532466357], [-13.0638461129924, -34.3679799334622], [-12.9593965811346, -34.3376824607183], [-12.792841921498, -34.2957140408374], [-12.6008806185157, -34.2910495880323], [-12.4835919585788, -34.314302917352], [-12.4610821080384, -34.318764922261], [-12.4597326013263, -34.319032419824], [-12.3919815539019, -34.3516672700356], [-12.3129386644915, -34.40525409436], [-12.2564794572564, -34.4890602516221], [-12.2189358575667, -34.5637209528674], [-12.2181877783274, -34.5649530238983], [-12.1468709339596, -34.7018726385284], [-12.0976350529747, -34.7302024357341], [-12.0087648234264, -34.7423744481267], [-11.9461836244795, -34.7598568926406], [-11.8459572317742, -34.8147325581876], [-11.7704680273221, -34.9082293452071], [-11.689756952056, -35.0900463771614], [-11.5891114081341, -35.2217049542665], [-11.5011484401918, -35.3022344402174], [-11.3281990172039, -35.4080251329541], [-11.0709602839332, -35.5302348766088], [-10.9225550407698, -35.6177041724827], [-10.8349847983034, -35.6799691267845], [-10.753168624558, -35.755252922984], [-10.6850647566192, -35.8657114760648], [-10.660707447035, -35.9238104860958], [-10.660707447035, -36.0209709330964], [-10.6779161091152, -36.0905321798125], [-10.7287072981488, -36.1725767245269], [-10.7364686308125, -36.1800163923201], [-10.8074452733007, -36.2141818911146], [-10.8815927315866, -36.2311111580391], [-10.9774262781108, -36.2431888380629], [-11.103390605652, -36.2330289671064], [-11.4245996396244, -36.1567878616309], [-11.5820550481525, -36.100830552081], [-11.5867567854338, -36.0994059451207], [-11.6073243435828, -36.0931737586863], [-11.9002851671331, -36.0262078277391], [-11.9290160585269, -36.0196373597816], [-12.0701640757163, -36.0127872993689], [-12.1093576263596, -36.0193669149416], [-12.1835330393188, -36.0318176051239], [-12.2197809737214, -36.0379012746848], [-12.2537856396881, -36.0570636052924], [-12.3129386644915, -36.0903864394762], [-12.3487366525311, -36.1438849254679], [-12.3693978708282, -36.1747455961267], [-12.4032733949896, -36.2840493004663], [-12.4532868513962, -36.4764299363999], [-12.4540866807825, -36.4795026768368], [-12.4625555615983, -36.6586137330166], [-12.4617594458474, -36.6969232193467], [-12.4597326013263, -36.7943696988599], [-12.4574275898843, -36.9547885615125], [-12.4574009036322, -36.9566438547511], [-12.4343259588791, -37.0696658618656], [-12.4008231753735, -37.1822658014437], [-12.3810836932366, -37.2294314071604], [-12.3378410116029, -37.3326526031825], [-12.3009923037012, -37.3859054193784], [-12.2685606318146, -37.4327435772146], [-12.1299998713396, -37.5776380377421], [-12.0355266265821, -37.6424994009036], [-11.9319594927599, -37.6859028569371], [-11.8669109316463, -37.6932564546298], [-11.8131508707859, -37.6965286971566], [-11.7764253551474, -37.6935633880624], [-11.7568154783464, -37.6887887285106], [-11.7060021925535, -37.6776182349317], [-11.6749496286641, -37.664211423126], [-11.6723443804911, -37.6628365245513], [-11.6241363428711, -37.6373905332938], [-11.5931370418915, -37.5841840004795], [-11.5902608187098, -37.5742114540607], [-11.5902608187098, -37.5488824273881], [-11.5902608187098, -37.5300101449771], [-11.5733230570782, -37.3708928438009], [-11.5720285542111, -37.3661603489941], [-11.5592082548203, -37.3192752510901], [-11.5548461022759, -37.3026217872495], [-11.5309786521011, -37.2114373321961], [-11.4999260882116, -37.1034450703519], [-11.4882480137726, -37.0842328793211], [-11.4615996013619, -37.0403739906365], [-11.4547587229625, -37.0291109434498], [-11.4543814682725, -37.0288499263122], [-11.3840775767955, -36.9801919302642], [-11.3700699130083, -36.9704933714365], [-11.3297709395937, -36.9584975860421], [-11.2286149342998, -36.9283781767133], [-11.226098935547, -36.927628881282], [-11.0341376325647, -36.9095734604041], [-10.889398485941, -36.9108178711815], [-10.7716023218861, -36.9118306217904], [-10.6976061866064, -36.921424245099], [-10.5627032572723, -36.9389113490684], [-10.3933256373637, -36.9840245140281], [-10.3733394904262, -36.9931468237111], [-10.3116900061257, -37.0212787072537], [-10.2550005804462, -37.0471380269946], [-10.2395926838796, -37.0582747139269], [-10.1869665547241, -37.0963000722246], [-10.1560781579529, -37.1348529753247], [-10.1460617188544, -37.1521524250005], [-10.1322766198653, -37.1707438625584], [-10.0641849061323, -37.2625094597844], [-9.98860631032627, -37.347674765293], [-9.92619979776953, -37.3972696133193], [-9.88153663173662, -37.4327435772146], [-9.70518657425695, -37.5376952433135], [-9.652804778774, -37.5660100587249], [-9.59331708032328, -37.5981529002706], [-9.54835233188318, -37.6161891894569], [-9.44066148713917, -37.6375120739842], [-9.29580251064648, -37.6973378989922], [-9.28859644282958, -37.7019704795234], [-9.23511062504894, -37.736345970492], [-9.0975868438054, -37.8494572142507], [-9.02418987493879, -37.9474715678686], [-9.01868840978081, -37.9521089323098], [-8.9423240252564, -38.0164487348381], [-8.7842382464355, -38.1186824186275], [-8.76536110295395, -38.1329922561143], [-8.64153020773725, -38.2267928187313], [-8.62897542788654, -38.2362961855026], [-8.62682995544234, -38.2390615792303], [-8.51887997458663, -38.3780671915265], [-8.51267421766953, -38.4189206947056], [-8.50476517322704, -38.4709537480767], [-8.51887997458663, -38.5504756859773], [-8.54710957820418, -38.5990291796643], [-8.58098510236554, -38.6563682644371], [-8.6261524676146, -38.7158641548223], [-8.6713198328637, -38.748896047361], [-8.71931015838469, -38.797315189295], [-8.77859232589167, -38.8457014573212], [-8.8576352153021, -38.8918576732687], [-8.93385514444064, -38.9270041954196], [-9.03548171602649, -38.9599382531366], [-9.16816085150174, -38.9840801706519], [-9.25284966235436, -39.0038265279603], [-9.34600735312441, -39.0082138589516], [-9.380930101803, -39.0082138589516], [-9.47021760778394, -39.0082138589516], [-9.58313602135574, -39.0082138589516], [-9.7101692362872, -39.0104074224059], [-9.87107797537999, -39.0104074224059], [-10.0178719122149, -39.0191809966185], [-10.1279673655148, -39.0323393158626], [-10.2888761046076, -39.0586486064755], [-10.2910980290724, -39.05933222326], [-10.4384930026127, -39.1046662829131], [-10.5655262175442, -39.1528430777155], [-10.6149921157509, -39.160857943611], [-10.7278177504218, -39.1791354519031], [-10.8010762206312, -39.1821242355929], [-10.9018476823048, -39.1674766807731], [-11.0256712122345, -39.1456549397586], [-11.0631841605084, -39.1347442468356], [-11.3079647852293, -39.0608406049813], [-11.5805754007087, -38.99913028825], [-11.7157997508448, -38.9799038326238], [-11.7172940336412, -38.9796913432027], [-11.762666596559, -38.9784750841273], [-11.9628915826883, -38.9731075919296], [-12.1228837096113, -38.9949555482082], [-12.1717906473021, -39.0016327604253], [-12.4145652360773, -39.0805655296508], [-12.589588777428, -39.1703537402824], [-12.6141204796532, -39.1885056371136], [-12.7137990320876, -39.2622131940526], [-12.8011108058905, -39.3794240435493], [-12.8097796831295, -39.3910507746948], [-12.8174432898701, -39.4163163245171], [-12.8521240881067, -39.5305382947944], [-12.8549470483786, -39.6610538484583], [-12.8549470483786, -39.7696288856099], [-12.8605929689224, -39.8541987343771], [-12.8852669508139, -39.9153675971237], [-12.8873266143855, -39.9204712076947], [-12.8972914533557, -39.9451575640677], [-13.0102098669276, -40.0554452035297], [-13.0553772321766, -40.1159195153044], [-13.0723149938082, -40.1504521416109], [-13.0779609152503, -40.2065302292993], [-13.0779609152503, -40.3077845123696], [-13.0525542719047, -40.3637324120235], [-13.0186787477433, -40.4153354459554], [-12.9763343427662, -40.4540117706531], [-12.9057603341715, -40.4926658470189], [-12.7307367937191, -40.5312976689021], [-12.5641821340824, -40.5463151440042], [-12.281886100602, -40.5420247803444], [-12.081455916804, -40.5291520405128], [-11.9600686224164, -40.5162768268561], [-11.9464442913204, -40.5148825324121], [-11.8398405823434, -40.5039718612897], [-11.8132746855815, -40.5012526195099], [-11.8098688004369, -40.5011231288289], [-11.7568154783464, -40.4991060294169], [-11.7201169939131, -40.4991060294169], [-11.6523659464887, -40.5184228681066], [-11.5874378584378, -40.5398794954592], [-11.5770763117601, -40.5452669556721], [-11.5241984522042, -40.5816117748289], [-11.522509770387, -40.5827721399929], [-11.4914572073958, -40.6234946915813], [-11.426529119345, -40.6856023249593], [-11.3350758300113, -40.7305355032946], [-10.7719560425123, -40.9350479863319], [-10.5494588515577, -41.0400182736458], [-10.3547738108199, -41.2076230364566]]]}, "properties": {"OBJECTID": 148, "id": null, "Name": "The Green Hell", "type": "Forest", "continent": "Sothoryos", "size": null, "Symbol": 1, "Shape__Area": 1691572721595.9404, "Shape__Length": 10036309.76779269}}, {"type": "Feature", "id": 149, "geometry": {"type": "Polygon", "coordinates": [[[-20.4503056973879, -45.2043831182427], [-20.1724623280049, -45.0618319706947], [-19.8387165424713, -44.8453294163371], [-19.6440315017335, -44.7466491592526], [-19.6146323976173, -44.7362082040512], [-19.4811039930757, -44.6705037715052], [-19.4180984587347, -44.6167102998927], [-19.3928962449983, -44.5673557985864], [-19.4054973518665, -44.5044803627066], [-19.4306995656029, -44.4280403509006], [-19.4685028862075, -44.3740224294511], [-19.5987752284241, -44.2974832298979], [-19.6449183805658, -44.2703486811742], [-19.7457272355114, -44.1981197636517], [-19.8276344292564, -44.0850846107481], [-19.8906399626991, -43.9809011432405], [-19.9127487990085, -43.8136228828829], [-19.9158421764355, -43.7901805231595], [-19.8793728845705, -43.6810144572033], [-19.8540138375619, -43.6049881655848], [-19.8276344292564, -43.5258007441514], [-19.7851761421557, -43.46775498029], [-19.7218328628275, -43.3810531204033], [-19.5049707578361, -43.2056715759439], [-19.2268492700411, -43.1245284863283], [-18.9969486136724, -43.0405721971003], [-18.8745895280987, -43.0123250695159], [-18.7538227638582, -43.0061639115444], [-18.5738243048533, -43.0304066347247], [-18.4982176636441, -43.044222035628], [-18.3029005089836, -43.1224505493165], [-18.2209933152386, -43.1776105295989], [-18.2197236714503, -43.1791844879379], [-18.1579877808976, -43.2556686143532], [-18.0823811405867, -43.3519553382838], [-17.9500695193688, -43.4297900273435], [-17.7988562378487, -43.5486379515494], [-17.6980473838014, -43.6262197591644], [-17.6588927023621, -43.6777292316392], [-17.6287412960263, -43.717364443887], [-17.6035390822899, -43.8174637095719], [-17.5909310988182, -43.8750520236265], [-17.5657357625836, -43.9899678458901], [-17.5342329954131, -44.1122327845484], [-17.4969511701871, -44.2281115367477], [-17.4964296748085, -44.2297308237098], [-17.4939105894443, -44.2321058380846], [-17.3767191604589, -44.3424889442611], [-17.1372981317596, -44.4820083969778], [-16.7718660352767, -44.6346469989772], [-16.5702483271821, -44.6929029964042], [-16.4091147801978, -44.7170981535725], [-15.8059549703431, -44.7466491592526], [-14.9805840811551, -44.7466491592526], [-14.8312955910481, -44.7421508071119], [-14.7517380810659, -44.77151431786], [-14.7178856301326, -44.8181786152145], [-14.7115850766985, -44.898569526837], [-14.6485795432558, -44.9788481993254], [-14.5792734554807, -45.0233989622335], [-14.504936247854, -45.0592857702329], [-14.4667642532669, -45.098963964673], [-14.4343607273947, -45.1479568037382], [-14.4153475313684, -45.1837045138074], [-14.3965574076884, -45.2190107739306], [-14.3839563008202, -45.3077035290355], [-14.371355193952, -45.3741321646304], [-14.3272513199133, -45.4625824422882], [-14.2642457864706, -45.5155861046127], [-14.1823385918272, -45.5508941695428], [-14.0563275240435, -45.5949980793931], [-13.9744203302985, -45.6434723766043], [-13.9241135946129, -45.6918109390521], [-13.9240159028257, -45.6919047680324], [-13.861010369383, -45.7446923113632], [-13.832614010601, -45.8013408691916], [-13.8106059419102, -45.8457290512791], [-13.7286987481652, -45.9597239234327], [-13.6666610542197, -46.0233847982011], [-13.6111519070258, -46.0844615303838], [-13.489277719466, -46.1870115525259], [-13.4366067149705, -46.2281657245255], [-13.2939605639071, -46.3394666198759], [-13.0419384283397, -46.4784831507559], [-13.0339274664349, -46.4863219139298], [-12.9432728871866, -46.5749491372322], [-12.9157343081098, -46.6232321710345], [-12.9134914978147, -46.6309333529015], [-12.8578672000761, -46.8976515713153], [-12.7352942471927, -47.098285786934], [-12.6687325862724, -47.1484283163068], [-12.5062332937308, -47.2722772729231], [-12.3271395675744, -47.3857481159528], [-12.3239170151046, -47.3877876392306], [-12.2123914977713, -47.4830779100166], [-12.1733079143934, -47.5164310992716], [-11.9870282381909, -47.7008049043661], [-11.7809315750054, -47.9748208117116], [-11.6798588606063, -48.0475082190184], [-11.6223956800401, -48.0887877369412], [-11.448006195668, -48.2051442044369], [-11.3788585590309, -48.2631436848658], [-11.340994466499, -48.2948753788352], [-11.1348978033135, -48.460725921874], [-10.9644717156194, -48.6103157594938], [-10.8819516947808, -48.7063543622148], [-10.8812403710096, -48.7071814208972], [-10.8376430003657, -48.798639819122], [-10.8187696792157, -48.8458591551107], [-10.8025386231165, -48.931237835673], [-10.8019724239761, -48.9342135303417], [-10.8138626158065, -49.0720165892876], [-10.8534965897724, -49.2844703176474], [-10.8138626158065, -49.4238810605262], [-10.7500983113759, -49.5457176368533], [-10.7464848606035, -49.5526129019566], [-10.7086499058261, -49.5935047858771], [-10.6038025550448, -49.706644460781], [-10.3937424942831, -49.8882862563369], [-10.1361216653012, -50.0921371536136], [-10.0489269231152, -50.165819800875], [-10.0449100182874, -50.1735384779396], [-10.025146538556, -50.2114968088363], [-10.0210280252863, -50.220984260769], [-10.005329551573, -50.2571301349061], [-10.005329551573, -50.3128448977099], [-10.0210280252863, -50.3429103011566], [-10.0290542971785, -50.3582747098983], [-10.0291099361322, -50.3583811990767], [-10.0299445114553, -50.3589846334329], [-10.2074628180806, -50.4871637729202], [-10.2466981817071, -50.5133377967115], [-10.3699621097238, -50.5954731696312], [-10.4452666600794, -50.7085539529206], [-10.4650836470624, -50.7787779888468], [-10.4849006340454, -50.846394303246], [-10.4769738388928, -50.973847047385], [-10.453193455232, -51.0909946288977], [-10.3739255073001, -51.1606439645927], [-10.3407618584755, -51.1786655649066], [-10.2550235863007, -51.2252243319613], [-10.2034994205043, -51.2748399595538], [-10.1590999899573, -51.3240801317475], [-10.1559386522842, -51.32687876492], [-10.132158267725, -51.3714365071283], [-10.1163046783183, -51.4208943021055], [-10.1163046783183, -51.4826413674292], [-10.1519752547079, -51.5319789030393], [-10.2462669804893, -51.5819120950088], [-10.3395704148293, -51.6012340862888], [-10.3739255073001, -51.6083465321973], [-10.6258628508879, -51.6266305637959], [-10.6773496422768, -51.6303662452761], [-10.6791071054004, -51.6304937545418], [-10.6835148600218, -51.630605428989], [-10.8733135767554, -51.6354138919842], [-10.9175402019844, -51.6396836664012], [-11.0516664578054, -51.6526301692661], [-11.1435055151632, -51.6704327625307], [-11.1784951739574, -51.6772135125441], [-11.2458729291605, -51.7189745874583], [-11.274302027043, -51.7514780413829], [-11.2973970949568, -51.7778658044193], [-11.3496898925479, -51.8335524903359], [-11.3687382477361, -51.8538200240771], [-11.4440427980917, -52.0346128548879], [-11.4666463698658, -52.0977744823868], [-11.4876401687356, -52.1563578950338], [-11.4876401687356, -52.2438086859459], [-11.4836767720577, -52.3092838897259], [-11.4321526062613, -52.3940152432252], [-11.3926453926668, -52.4682869032884], [-11.3845918371429, -52.4834118453157], [-11.3132506843635, -52.5702183057649], [-11.2930864491159, -52.6225518587033], [-11.2696533137197, -52.6832908852809], [-11.2577631218892, -52.77449778071], [-11.2696533137197, -52.8463685088201], [-11.2725747203636, -52.8798790949443], [-11.2736167112959, -52.8918251981255], [-11.3013604925331, -52.9276784185052], [-11.3568480559057, -52.9443997673955], [-11.428189208685, -52.946788003652], [-11.5153839508711, -52.9420113987522], [-11.7228545306897, -52.8877490278453], [-11.8443459326322, -52.8559422965407], [-11.8886244256874, -52.8377091803884], [-12.0187354170043, -52.7840874100211], [-12.2803196435624, -52.5822611922389], [-12.3400446212157, -52.5518453464553], [-12.4224511309349, -52.5098439516314], [-12.4269653466973, -52.5075419613468], [-12.9580605940677, -52.3698228587567], [-13.1403768735923, -52.3407744968129], [-13.3662905237607, -52.3456172165846], [-13.5604969951157, -52.3577216949992], [-13.6347254877284, -52.3771460838627], [-13.6992159030981, -52.3940152432252], [-13.7685560433107, -52.4192159621138], [-13.8854955793007, -52.461683418127], [-14.0123242954526, -52.5171903002164], [-14.0578498055307, -52.5338091580964], [-14.1034824352149, -52.5533527067759], [-14.134257050474, -52.5672424950247], [-14.3550565351361, -52.6667690157189], [-14.365066661773, -52.6712757720055], [-14.388575292484, -52.6794718186438], [-14.5115353958986, -52.7223155650922], [-14.5236025567383, -52.7265179339173], [-14.6345776825853, -52.740917436284], [-14.7455528093305, -52.740917436284], [-14.7707713885748, -52.7380546228796], [-14.8089671669574, -52.733718279359], [-14.8763449230587, -52.7097125031165], [-14.9001253067197, -52.6856935114867], [-14.9001253067197, -52.667657798359], [-14.9001253067197, -52.6616613019624], [-14.8723815254825, -52.6400210096839], [-14.7931135775507, -52.6063370418223], [-14.666284862297, -52.5437123103407], [-14.6028705037719, -52.4689274190317], [-14.5751267225347, -52.3867589197654], [-14.5751267225347, -52.3262431559371], [-14.5909803119414, -52.251088485471], [-14.6187240931786, -52.2049629112822], [-14.7257358223476, -52.132035463911], [-14.9447461153903, -52.0248119206236], [-14.9595762676685, -52.0175420300308], [-15.2766480575992, -51.9320901373204], [-15.4946349126152, -51.8513718859504], [-15.5486388229561, -51.8390152247761], [-15.5813160268678, -51.8315366901069], [-15.6016466417842, -51.8268831803803], [-15.9266452268674, -51.7631501977725], [-16.1212248538999, -51.7384774841394], [-16.2556072086286, -51.7214299213099], [-16.4656672693903, -51.7238851218345], [-16.5893417436615, -51.7159592154405], [-16.8104828405582, -51.7017835182269], [-17.2077814266803, -51.6529992977032], [-17.2107859750987, -51.6526301692661], [-17.2159355108711, -51.6511021411734], [-17.301944114861, -51.6255730839474], [-17.3336512936744, -51.5911134418727], [-17.3376146912506, -51.5738738114931], [-17.3495048830811, -51.5097836236784], [-17.3460687309996, -51.4134451389333], [-17.3078110038967, -51.3179006885899], [-17.2243745577379, -51.1611907820632], [-17.1409381115791, -51.0389360301433], [-17.1409381115791, -50.9978923956498], [-17.1354814247431, -50.973847047385], [-17.107737643506, -50.9314015741283], [-17.0935726847125, -50.9058875200819], [-17.0612553503951, -50.8743219596543], [-17.0205429013199, -50.8589051025532], [-16.8184096357107, -50.8263700440798], [-16.6876175219825, -50.8063371924419], [-16.5937119558906, -50.7849688199791], [-16.588532587966, -50.7837899619783], [-16.4973744482037, -50.7587247251373], [-16.4062163084414, -50.7110637674625], [-16.3348751556621, -50.6558167947222], [-16.3168545809568, -50.6286754430933], [-16.3031679768487, -50.6080511448771], [-16.2787614997741, -50.4762113628188], [-16.2714607980353, -50.4367025382083], [-16.2787614997741, -50.3606909752679], [-16.2833509898657, -50.3128448977099], [-16.3110947720012, -50.2469931701648], [-16.3227234651508, -50.2068201798762], [-16.3309117580859, -50.1785122411136], [-16.3309117580859, -50.0946798233103], [-16.3309117580859, -50.0837190895995], [-16.3309117580859, -50.0616145943868], [-16.2912777850182, -50.0361642838899], [-16.1485954794596, -50.0056060954223], [-16.0905857495014, -49.9893931064646], [-16.0415837502906, -49.9775773453958], [-16.0382396333049, -49.9751877758176], [-16.0117511066418, -49.9562559615788], [-15.9345720211216, -49.9010522560935], [-15.8671942659185, -49.8269624410829], [-15.7998165107154, -49.7245830878275], [-15.7940994516859, -49.6913089151659], [-15.7879263179867, -49.6553547239668], [-15.7884061351294, -49.6483651411132], [-15.7958531131392, -49.5397549492232], [-15.8711576634948, -49.4445009046582], [-15.9504256105283, -49.387775472894], [-15.986096186918, -49.3464794295037], [-16.0138399690534, -49.2767136895343], [-16.0336569551381, -49.2068491278286], [-16.0415837502906, -49.1524416802406], [-16.0455471478668, -49.108353743368], [-16.0455471478668, -49.0746129824135], [-16.0376203527143, -49.0304558446136], [-16.0329442174186, -49.0160000068291], [-15.9416728890322, -48.9475414019214], [-15.9306086235453, -48.9211935558242], [-15.9107916365624, -48.8273495060511], [-15.9074197912788, -48.7607116164496], [-15.9216909794479, -48.7277740778899], [-15.9781693926638, -48.6469895223332], [-16.0098765714772, -48.5736153415294], [-16.0296935584601, -48.5185147271158], [-16.0455471478668, -48.4712378758556], [-16.0495105445448, -48.4028712521578], [-16.0495105445448, -48.363387114775], [-16.0138399690534, -48.2553075048655], [-15.9821327893417, -48.2157089856127], [-15.9424988162741, -48.1813654773054], [-15.9412717481387, -48.1807990429625], [-15.8909746504777, -48.1575757148732], [-15.8457762250794, -48.1437904765708], [-15.7522557424953, -48.1152555533321], [-15.6373172181738, -48.0676036714942], [-15.5659760653945, -48.0225585681832], [-15.4232937598358, -47.9403160702911], [-15.3842451972793, -47.9141506495147], [-15.3281722233956, -47.8765544623686], [-15.2251238918029, -47.8020666251705], [-15.1022585732272, -47.6474301107432], [-15.0467710098546, -47.5512178873318], [-15.0066777380637, -47.4601182109457], [-15.0031736383124, -47.4521487045092], [-14.971466459499, -47.3690008410117], [-14.9437226782618, -47.3152873871572], [-14.86445473033, -47.2722772729231], [-14.7891501808727, -47.2426875274362], [-14.7178090280934, -47.2050039346914], [-14.6781750541275, -47.1699880405507], [-14.6367944983311, -47.123751799956], [-14.6277654487654, -47.0704813117072], [-14.6639662611414, -46.9779399521646], [-14.6745013425691, -46.9702614437206], [-14.8500985741114, -46.90365131284], [-14.9331991743215, -46.8854797239666], [-14.9708875366209, -46.8816635223142], [-15.2251238918029, -46.9079862188945], [-15.3479892103786, -46.937762446554], [-15.4431107468188, -46.9783397242663], [-15.4985983101914, -47.0323948965525], [-15.5421956817336, -47.1268598428199], [-15.5711229161025, -47.2030707395852], [-15.573902860547, -47.2103889447932], [-15.5768218013155, -47.2282316893044], [-15.5897564499537, -47.3072256549105], [-15.6175002311909, -47.3716850793367], [-15.6769511921398, -47.4494685641132], [-15.7443289473428, -47.5191078248723], [-15.791889715563, -47.5512178873318], [-15.822535825024, -47.5631255068879], [-15.8887841814209, -47.5888572175615], [-15.9226818292911, -47.6020186083649], [-16.0812177242565, -47.6314070267474], [-16.2849312692826, -47.6926577218716], [-16.3031679768487, -47.698137461146], [-16.5607888058305, -47.7834279548804], [-16.7431050853551, -47.8552831359346], [-16.9174945697272, -47.9642064219731], [-16.9611972858044, -48.012381997874], [-16.9848723249302, -48.0384613378209], [-17.0443232858791, -48.1073166389837], [-17.0998108483534, -48.1866505921894], [-17.1315180280652, -48.260584991592], [-17.1394448223194, -48.3317777509487], [-17.1394448223194, -48.405502439113], [-17.1275546304889, -48.5106383134723], [-17.0839572589467, -48.5814819607379], [-16.9967625167607, -48.6941023433246], [-16.9056043778967, -48.7751378459605], [-16.7787756617448, -48.8951434215339], [-16.7251198620511, -48.9466732235144], [-16.7234845635181, -48.9482428923506], [-16.675727330152, -48.9940616911499], [-16.6281665610336, -49.0979744131511], [-16.5726789985593, -49.204259653057], [-16.5449352164238, -49.2870555894398], [-16.5251182294409, -49.4393467565729], [-16.5171914351867, -49.5166021062567], [-16.5370084221696, -49.5988735147552], [-16.5488986140001, -49.6502227741703], [-16.5845691903897, -49.6989544493328], [-16.6281665610336, -49.7630006928162], [-16.7034711113892, -49.8371884817502], [-16.7502047827609, -49.8909825167322], [-16.7589586747618, -49.9010522560935], [-16.8144462381344, -49.9673810224038], [-16.8223730323886, -50.0717909397901], [-16.8121956295643, -50.1501125003422], [-16.8104828405582, -50.1632809081408], [-16.8342632251174, -50.2317836790261], [-16.8976775827442, -50.2824631126865], [-16.9967625167607, -50.3179066424805], [-17.1275546304889, -50.3583811990767], [-17.2742003327255, -50.3912413866387], [-17.5123481369517, -50.4410341637629], [-17.5649606611221, -50.4574431272575], [-17.5793819308258, -50.4619398857858], [-17.636406322105, -50.4827891659694], [-17.7656616070283, -50.5300134983372], [-17.8360961395987, -50.581827897919], [-17.8409661573839, -50.5854083689915], [-17.8462975454074, -50.5947814033791], [-17.8924903231803, -50.6759141290749], [-17.9282131285188, -50.7418944955952], [-17.9400510914004, -50.7637388472351], [-18.0153556417559, -50.8689113258058], [-18.082733396959, -50.9239071723569], [-18.2293791000939, -50.9913133293744], [-18.3641346105001, -51.0337040880466], [-18.5028535184825, -51.0636036503964], [-18.6455358240411, -51.078546194315], [-18.8117397643229, -51.078546194315], [-18.8931034845075, -51.0738989502295], [-19.1990371207226, -51.0214446696511], [-19.2280244919099, -51.0214446696511], [-19.3074231851397, -51.0137603224686], [-19.3644273751048, -51.0214446696511], [-19.4017116500366, -51.0264700205182], [-19.418398311885, -51.0287189507402], [-19.5095564516473, -51.0760561052703], [-19.5531538222911, -51.1208572045752], [-19.5565109028647, -51.1237305307278], [-19.5967511938333, -51.1581582970606], [-19.6522387563076, -51.1979129147363], [-19.7235799090869, -51.2326700888597], [-19.8821158040523, -51.2847566616535], [-19.9843925007823, -51.3025223876105], [-20.090969614237, -51.3060918680965], [-20.2150411833897, -51.29962770122], [-20.3854672701856, -51.2698808059503], [-20.4275972958134, -51.2600718447711], [-20.5558933578797, -51.2301883035606], [-20.734246239828, -51.1507004891979], [-20.8650383526579, -51.066094409521], [-20.932416107861, -51.0062791983756], [-20.9601598899964, -50.9613671090633], [-20.9760134794032, -50.9189102333243], [-20.9918670688098, -50.8814160851689], [-20.9918670688098, -50.8515951363008], [-20.8955781959124, -50.7054704729392], [-20.756517452015, -50.4405212077862], [-20.645268857436, -50.2808359076918], [-20.5340202619586, -50.1740804637743], [-20.47839596422, -50.0849349896933], [-20.4227716673797, -49.7985528061468], [-20.3828204704392, -49.7082121507847], [-20.3250874296733, -49.6529251727215], [-20.0612137325276, -49.5285221185325], [-19.7274679478923, -49.4381787008463], [-19.2452714608487, -49.3597267900433], [-19.1384990689226, -49.3310836413143], [-19.0801143165878, -49.3014814020514], [-18.9744978058023, -49.2586101457927], [-18.9382294958125, -49.2294687911357], [-18.919556174679, -49.2144581902078], [-18.8714494742096, -49.1757664817304], [-18.8318155002436, -49.0694200604613], [-18.8416371836902, -48.9921446366774], [-18.8476690896504, -48.9446270655704], [-18.9547627541564, -48.8132840649566], [-18.9943147927853, -48.764688991444], [-19.1389383918089, -48.6657962028011], [-19.2123016486995, -48.6155564999771], [-19.3866911330716, -48.557878430003], [-19.3986187334454, -48.5515624846795], [-19.4559076767792, -48.5212156505899], [-19.4659590801051, -48.515889391755], [-19.486061886757, -48.5012392927751], [-19.5452270280369, -48.4580975930242], [-19.6205315774942, -48.4081334893566], [-19.6680923466126, -48.3660203436377], [-19.7394334984937, -48.3344126135768], [-19.8345550358322, -48.3238723467159], [-19.8356106308512, -48.3238310590414], [-19.8686109417026, -48.322540304053], [-19.9693105462383, -48.3186013960265], [-20.1612643258301, -48.3186013960265], [-20.5060118011062, -48.2880251837066], [-20.5544104217036, -48.2876276048013], [-20.8056130790346, -48.3133362280677], [-20.9390778127854, -48.3462003032029], [-21.1547917244183, -48.4633676721309], [-21.2764184530668, -48.4887086535533], [-21.3877494474118, -48.4887086535533], [-21.4936070785959, -48.4776297046487], [-21.5849897855012, -48.4533924253295], [-21.6882458147741, -48.4122863585016], [-21.7166550122782, -48.3889578094776], [-21.7748457177318, -48.3254337384981], [-21.7852062663813, -48.3047634006885], [-21.8588890764764, -48.2311932474198], [-21.9629560823299, -48.1915654622006], [-22.0883994624648, -48.1743791870403], [-22.2261875181835, -48.1743791870403], [-22.3620190225521, -48.1835280048221], [-22.5086828249434, -48.2114597088668], [-22.6140350325076, -48.2114597088668], [-22.751029549742, -48.1827119263861], [-22.8702407588971, -48.1372718294198], [-23.0927379498517, -48.0629765932557], [-23.3150253931707, -47.9969086139188], [-23.4101614571656, -47.9436363334688], [-23.4380370230516, -47.9249601969206], [-23.4845181654206, -47.8841066773725], [-23.503667677198, -47.7941326811655], [-23.5058601135652, -47.7469794344181], [-23.4691370988364, -47.5862289188957], [-23.4454603618947, -47.546289988429], [-23.3764048106591, -47.506091735842], [-23.3300128233872, -47.4971371622685], [-23.2192963916808, -47.4896563277474], [-23.143733926024, -47.4878956321851], [-22.8744808205129, -47.4816212335594], [-22.7317985149543, -47.4709058618658], [-22.5653358257347, -47.430703758201], [-22.4266169177523, -47.3958370755795], [-22.3388083486478, -47.3780019960959], [-22.3077149967528, -47.3716850793367], [-22.2692516937905, -47.3663218032785], [-22.1729594854484, -47.3528925427335], [-22.0223503856355, -47.3260344499885], [-21.9193020540428, -47.2991626935278], [-21.7964367354671, -47.2588294382459], [-21.733022376942, -47.2184654358022], [-21.6933884038744, -47.1726823911204], [-21.6404145251944, -47.0938495311511], [-21.6299740453492, -47.0782987894267], [-21.6208386262707, -47.0538527365647], [-21.5744864819766, -46.9296432985832], [-21.5630697669796, -46.845766115763], [-21.5586328925699, -46.8131335630088], [-21.5586328925699, -46.7507105687213], [-21.5467427007395, -46.7018073020545], [-21.5318869824082, -46.6858862313312], [-21.4833283431126, -46.6338125457079], [-21.4244695192597, -46.5818242740365], [-21.4000969976045, -46.5602821326676], [-21.3604630245369, -46.5112064220279], [-21.320829050571, -46.4593561652744], [-21.3010120635881, -46.3910568453099], [-21.2700593725953, -46.2654868757891], [-21.1736996837074, -46.1320946352128], [-21.1225225604614, -45.9544808913216], [-21.1215269243944, -45.9330186708471], [-21.2426430623135, -45.7220284829571], [-21.2613780896221, -45.6535105809276], [-21.258017819131, -45.5853535123499], [-21.2574146929442, -45.5731114098599], [-21.2375977059612, -45.5203735947952], [-21.2204782061646, -45.497712049133], [-21.2019271295716, -45.4731451874349], [-21.1741833474361, -45.439783639611], [-21.1730888463821, -45.4391369272048], [-21.0988787979788, -45.3952708728865], [-21.0496154204614, -45.3772192986647], [-21.0077206582165, -45.3618632695579], [-20.7897338023023, -45.3117148563713], [-20.5283528860526, -45.231738523961], [-20.5162593839138, -45.2280354721965], [-20.4503056973879, -45.2043831182427]]]}, "properties": {"OBJECTID": 149, "id": null, "Name": null, "type": "Forest", "continent": "Sothoryos", "size": null, "Symbol": null, "Shape__Area": 1190156324917.4214, "Shape__Length": 7691985.392644921}}, {"type": "Feature", "id": 150, "geometry": {"type": "Polygon", "coordinates": [[[-9.85987259983335, -35.362984656341], [-9.98799261276519, -35.2416944801443], [-10.0482814584307, -35.2063830616913], [-10.2277093479913, -35.1477190672242], [-10.264558038825, -35.1313610895664], [-10.3704550952703, -35.0843326686879], [-10.6050831492964, -34.9305899414604], [-10.7874334309528, -34.7809546091438], [-10.8398545537806, -34.725278722077], [-10.9193496694781, -34.5781410536397], [-10.9658685824115, -34.5256372678653], [-11.1132457648176, -34.4193270078415], [-11.1868220598728, -34.3805766928974], [-11.2643591006775, -34.341715574409], [-11.2702988906935, -34.335993565131], [-11.3142043421573, -34.2936857899783], [-11.3474345022456, -34.2318928427843], [-11.3557420429413, -34.18380028661], [-11.3557420429413, -34.1356802984207], [-11.3474345022456, -34.096705941325], [-11.3308194217523, -34.0554194049589], [-11.3133623018342, -34.0332963934638], [-11.2626685575511, -33.9982803895357], [-11.2169504226249, -33.976618874918], [-11.0497075223266, -33.8973312091891], [-10.9516475759308, -33.7955286590273], [-10.9208344840314, -33.7459016178192], [-10.8543359486245, -33.5133520881842], [-10.8519579885915, -33.5050245954556], [-10.78659809296, -33.3595705914812], [-10.760368333201, -33.3227174488256], [-10.724368992282, -33.2972608538366], [-10.7074855338093, -33.2913807548427], [-10.5953632314968, -33.2693257557621], [-10.5222188491252, -33.2648508037273], [-10.4710122638329, -33.2743649703307], [-10.349978403509, -33.3653890914337], [-10.3339934965774, -33.388748941866], [-10.2891323939582, -33.4542740487925], [-10.2868030336804, -33.4557316209943], [-10.2813001851169, -33.4660609643568], [-10.1843788838864, -33.5376440030855], [-10.1123802020483, -33.5722596976342], [-9.98749948977652, -33.5917667268106], [-9.97945955989881, -33.5930224548395], [-9.84376973781679, -33.6137802156502], [-9.81809320552552, -33.6250337503568], [-9.78441955526637, -33.6397900409197], [-9.73854089678881, -33.6598906776004], [-9.56685173378775, -33.7911699391887], [-9.53542419064084, -33.8137439650752], [-9.40347011058419, -33.9084599749269], [-9.33424060957695, -33.9567090415932], [-9.30275255591245, -33.970722464566], [-9.2902428921503, -33.9762891167404], [-9.22070422785316, -34.0072263525159], [-9.12932128648765, -34.0324737463996], [-9.10298530364129, -34.0359938614556], [-9.09570992900356, -34.0369662756976], [-9.04347670498714, -34.0439473521095], [-9.03979089222357, -34.0439168106134], [-8.79840514199677, -34.0739136529441], [-8.75222432439361, -34.0779401139064], [-8.6280996989436, -34.0921195424368], [-8.51607007581893, -34.1142061659297], [-8.42349847468633, -34.1405870014547], [-8.20455020043252, -34.2462298180341], [-8.11077374021331, -34.3177545895636], [-7.9808739518029, -34.4821004619213], [-7.9339585683172, -34.5594095866208], [-7.90190274885045, -34.6517554452933], [-7.8919866264164, -34.7129120985314], [-7.86822041727239, -34.7731267673013], [-7.79897078052803, -34.8584068620799], [-7.77577553518871, -34.8869517860262], [-7.71831853862485, -34.9164033481304], [-7.69952246001281, -34.9225681407694], [-7.62755097107674, -34.9461692766089], [-7.49600812448579, -35.0135318432715], [-7.43181391959789, -35.0475188523085], [-7.37643031825309, -35.1041757206673], [-7.34596933809738, -35.1517370776024], [-7.34546325241913, -35.1543232267909], [-7.34100915820375, -35.1770805821835], [-7.3508353628711, -35.2182326125007], [-7.36768596097062, -35.2440402990814], [-7.37610125638138, -35.2749619333403], [-7.35878483868791, -35.3597392107033], [-7.254881528337, -35.5008435443689], [-7.23324487888023, -35.5800698816679], [-7.21249578378878, -35.7654829615668], [-7.22592244060646, -35.8349057373583], [-7.33575570801428, -35.9552836783945], [-7.39048315023114, -36.015196935759], [-7.46957354614707, -36.0530494958899], [-7.60005676967327, -36.0811756918211], [-7.68527851774629, -36.0770636557452], [-7.89314609273342, -36.0130361269575], [-7.99376375833881, -36.0005139100135], [-8.0944474276597, -36.0276606585419], [-8.11877865915114, -36.0400492042039], [-8.17237435346742, -36.0978117285778], [-8.17395417115024, -36.0995137257599], [-8.24752152078186, -36.2331444369151], [-8.25150208695981, -36.2382280349543], [-8.32108887041344, -36.3270442124998], [-8.47435418252022, -36.430696680996], [-8.65827255615006, -36.5539122474741], [-8.9157582803098, -36.6572617516771], [-9.13032971636101, -36.6916808045761], [-9.30032642641732, -36.6874208746104], [-9.3476542057887, -36.6793920484804], [-9.42659103470682, -36.6518625205097], [-9.51045223307804, -36.5973785414424], [-9.54108075172922, -36.5686849388986], [-9.60238687657192, -36.5046495440596], [-9.68208483814881, -36.430696680996], [-9.77404402541289, -36.3714836137331], [-9.87489920468108, -36.3105541641748], [-9.92117872467609, -36.2825794526208], [-9.96409301188631, -36.2183078327059], [-9.96411425973772, -36.2180678427932], [-9.97022362472991, -36.1490331439686], [-9.97022362472991, -36.0896060943102], [-9.95183178709743, -35.970617133771], [-9.78630525020177, -35.6872989476311], [-9.78173580781233, -35.6093223196507], [-9.78017463825649, -35.5826638335727], [-9.78106531875902, -35.5667261012924], [-9.78419261387614, -35.5107415733733], [-9.79264315828032, -35.4634359087984], [-9.85987259983335, -35.362984656341]]]}, "properties": {"OBJECTID": 150, "id": null, "Name": null, "type": "Forest", "continent": "Sothoryos", "size": null, "Symbol": null, "Shape__Area": 110332255976.6936, "Shape__Length": 1477755.2267381144}}, {"type": "Feature", "id": 151, "geometry": {"type": "Polygon", "coordinates": [[[-6.54160931666784, -37.9257392936163], [-6.59513130511338, -37.8750595524769], [-6.60249491137999, -37.8707000693135], [-6.95002225384548, -37.6302640577627], [-7.0582072510475, -37.583983011656], [-7.13727836372757, -37.5693607440622], [-7.2716992543853, -37.5630931789945], [-7.71449748449523, -37.5630931789945], [-8.11248874985484, -37.5693607440622], [-8.28908090060862, -37.55891450932], [-8.3411715655827, -37.5436189869677], [-8.36024490202066, -37.5380176464483], [-8.39994504948365, -37.5250540833838], [-8.4498588297247, -37.5087521964963], [-8.50520860860073, -37.4669245003694], [-8.55792268282244, -37.39785761327], [-8.56321386764373, -37.379239736978], [-8.57637260911444, -37.3329185646736], [-8.58691542413844, -37.2637281608441], [-8.59243261520378, -37.2022305477445], [-8.59482253540647, -37.1755756310434], [-8.58955112789445, -37.1041386337549], [-8.58167189134973, -37.0821414097013], [-8.56846549784645, -37.0452575276523], [-8.53627737450465, -37.0213976002236], [-8.13797153709889, -36.9209065216204], [-8.05713897097881, -36.883098884634], [-7.93853230285704, -36.800834886431], [-7.87527541271302, -36.777616223757], [-7.79093289252096, -36.7733938928103], [-7.67496192815523, -36.7755050873547], [-7.52472681406314, -36.798724389677], [-7.36922029335737, -36.8367044321377], [-7.32981448967699, -36.8531288843112], [-7.2427065130693, -36.8894232184433], [-7.07138576982751, -36.9610623786921], [-7.06542626089271, -36.9632268534502], [-6.98440754677777, -36.9926464860736], [-6.88425080404973, -37.0157998323453], [-6.84377153426609, -37.0215034058307], [-6.79463687634569, -37.028425957922], [-6.72610857958795, -37.0452575276523], [-6.71619425647946, -37.0490557754751], [-6.66021598568792, -37.0704978858953], [-6.58114487300788, -37.1251565178876], [-6.56047530576853, -37.1555087633658], [-6.54262724532701, -37.1817079653797], [-6.53106650164384, -37.1986731551316], [-6.49126350606396, -37.3160760679302], [-6.3521855720052, -37.5185858170954], [-6.21312482810774, -37.6728415434773], [-6.10609732272572, -37.8251694512533], [-6.07406408421027, -37.9130103277369], [-6.07245404989622, -37.917422566028], [-6.07406408421027, -37.9263130894997], [-6.08563256867623, -37.9901620359173], [-6.10516074999028, -38.0023114098028], [-6.13571094004027, -38.0213140408084], [-6.22796057060199, -38.0358471131249], [-6.34230464646234, -38.029635794301], [-6.42687345946099, -37.9984037363023], [-6.54160931666784, -37.9257392936163]]]}, "properties": {"OBJECTID": 151, "id": null, "Name": null, "type": "Forest", "continent": "Sothoryos", "size": null, "Symbol": null, "Shape__Area": 24886654889.55078, "Shape__Length": 737042.6190698964}}, {"type": "Feature", "id": 152, "geometry": {"type": "Polygon", "coordinates": [[[-7.41431248488852, -39.6619863298226], [-7.51793463513192, -39.5981402811064], [-7.58380770774252, -39.5304306398973], [-7.60664969149467, -39.4879278516848], [-7.62918323060921, -39.3835068694333], [-7.62918323060921, -39.1897706881879], [-7.62918323060921, -39.0788682437827], [-7.58580839152585, -38.9609214379236], [-7.5457467844504, -38.9089842452778], [-7.49012248671174, -38.8006924134711], [-7.49012248671174, -38.6969236770327], [-7.52948025388063, -38.6582321497427], [-7.60312303325, -38.6352258100973], [-7.64308200241434, -38.5945010926107], [-7.67501880858071, -38.5195785051733], [-7.66300537957137, -38.4709993269175], [-7.62918323060921, -38.4312681729624], [-7.32171372858317, -38.3014592039687], [-7.17640814925712, -38.2870235791435], [-6.9184396480058, -38.3108412925224], [-6.74660203750572, -38.3506174416412], [-6.61647690490966, -38.4271128701097], [-6.52221109013437, -38.4608997117178], [-6.43234619739445, -38.4749717702619], [-6.4167469156548, -38.4789111354024], [-6.19876005974055, -38.5223357768824], [-6.03585774613157, -38.5743370313128], [-6.00455358928385, -38.5843255552394], [-5.89357846253859, -38.6276865898741], [-5.80242032277629, -38.7205148374734], [-5.78937066103559, -38.7684968918607], [-5.77467654153914, -38.822486817777], [-5.79053013094586, -38.9335626612589], [-5.8341275015897, -39.0506209488866], [-5.88961506496233, -39.1213779315026], [-5.90942493728824, -39.1457075316183], [-5.93584452993137, -39.1781418130184], [-5.93717583318246, -39.1797758051808], [-5.99872705975719, -39.278113970897], [-6.06064365541246, -39.3164462994516], [-6.19400859711501, -39.3567389478865], [-6.34982438711183, -39.3835068694333], [-6.39314722721497, -39.3930733359923], [-6.55926863028842, -39.4497764653524], [-6.61730323459681, -39.4826927149577], [-6.75912702742495, -39.5920685224738], [-6.90049618378614, -39.6438399665854], [-6.97660254610981, -39.6698812054547], [-7.0619068358827, -39.683808044353], [-7.31497233141496, -39.683808044353], [-7.37231789286615, -39.6755969513314], [-7.41431248488852, -39.6619863298226]]]}, "properties": {"OBJECTID": 152, "id": null, "Name": null, "type": "Forest", "continent": "Sothoryos", "size": null, "Symbol": null, "Shape__Area": 30549672876.71216, "Shape__Length": 683313.916371201}}, {"type": "Feature", "id": 153, "geometry": {"type": "Polygon", "coordinates": [[[-4.1641524174849, -39.1624687665993], [-4.09618583547774, -39.2283109884342], [-4.06922818701368, -39.2748790283635], [-4.06922818701368, -39.4264865502262], [-4.11843474788606, -39.4834769040064], [-4.13528130626173, -39.4909063972637], [-4.2455615681684, -39.4909063972637], [-4.27516102084756, -39.4735438139397], [-4.34734967480861, -39.3620070975651], [-4.49022761187661, -39.2330104297112], [-4.51422256802459, -39.1909347284742], [-4.51422256802459, -38.9954989493425], [-4.51422256802459, -38.883977634987], [-4.49892430634675, -38.8448390859586], [-4.42320025173663, -38.741553655729], [-4.35751441857397, -38.7190073922457], [-4.26873708919906, -38.7289018654962], [-4.19229211142062, -38.7730629240554], [-4.14500324706733, -38.8835809517855], [-4.13988559340272, -38.9890705483268], [-4.16998254745923, -39.105940573033], [-4.1641524174849, -39.1624687665993]]]}, "properties": {"OBJECTID": 153, "id": null, "Name": null, "type": "Forest", "continent": "Sothoryos", "size": null, "Symbol": null, "Shape__Area": 3908763469.47937, "Shape__Length": 271110.33301972214}}, {"type": "Feature", "id": 154, "geometry": {"type": "Polygon", "coordinates": [[[-8.63087457778826, -40.4923495470839], [-8.65210303367825, -40.4944422663802], [-8.79244671643021, -40.4923495470839], [-8.85423630018578, -40.4914281578564], [-8.94052147029887, -40.4777559029901], [-8.94935783662601, -40.4763555851373], [-8.96341778415944, -40.4673053298777], [-9.00088200242238, -40.4431840129067], [-9.04051597638832, -40.4039601306539], [-9.07618655277796, -40.3586733873032], [-9.08420329534155, -40.3452326816508], [-9.1158205267439, -40.2921977710078], [-9.15149110313354, -40.2468359574203], [-9.24264924199751, -40.2014437244848], [-9.35362436874277, -40.1348134394289], [-9.42286856439143, -40.1061319595921], [-9.46631578702545, -40.0643127300222], [-9.49259719811663, -39.9905223871516], [-9.49259719811663, -39.8761723142651], [-9.49259719811663, -39.7902423053998], [-9.47055993597577, -39.7407272566874], [-9.46063609791176, -39.7184179722123], [-9.38929494513244, -39.6787744975129], [-9.3021002029464, -39.6513156768765], [-9.23472244774332, -39.6452122346541], [-9.09600353976091, -39.6635209442035], [-9.01985996921819, -39.683808044353], [-8.99295520816818, -39.6909749149939], [-8.98893411180125, -39.6943503600508], [-8.94935783662601, -39.7275632321451], [-8.92954084964306, -39.7793634603089], [-8.90576046598214, -39.8432981864262], [-8.8700898895925, -39.9041331055094], [-8.75118796769475, -40.0286759511142], [-8.67535474891298, -40.0805460621586], [-8.59190200012838, -40.1231014478731], [-8.54905470208552, -40.1378435077638], [-8.43411617866233, -40.1863062213362], [-8.37466521771344, -40.2226305515201], [-8.35088483315422, -40.2619599423513], [-8.32710444949333, -40.313356204264], [-8.32710444949333, -40.3526328552079], [-8.32710444949333, -40.3737723509959], [-8.32911798996501, -40.3776924217868], [-8.33808129273338, -40.3951399038648], [-8.45181928784793, -40.4672862830404], [-8.54006390817451, -40.4833966176266], [-8.63087457778826, -40.4923495470839]]]}, "properties": {"OBJECTID": 154, "id": null, "Name": null, "type": "Forest", "continent": "Sothoryos", "size": null, "Symbol": null, "Shape__Area": 9015343183.623047, "Shape__Length": 398486.187175044}}, {"type": "Feature", "id": 155, "geometry": {"type": "Polygon", "coordinates": [[[11.7513534115002, -51.1439845622336], [11.8805880001376, -51.282765062114], [11.9011425192403, -51.3303846114619], [11.9011425192403, -51.4181373868054], [11.8431905141239, -51.4714138898238], [11.6657596360337, -51.5316591121497], [11.3447829755642, -51.6513058206626], [11.2573180893109, -51.6852101441661], [11.1127504643127, -51.7666179886273], [10.9596109846176, -51.8896546078974], [10.8526187641617, -52.0346930392729], [10.6600327682392, -52.2579210690486], [10.6029817895225, -52.3857812827451], [10.5319712553953, -52.4407157519312], [10.4629191330291, -52.4827885773516], [10.3475864674868, -52.490920596206], [9.8656685767589, -52.4804395757761], [9.82593294045228, -52.485349503873], [9.4286795243176, -52.5860311935539], [9.26504613567923, -52.605555507517], [9.25539904789301, -52.6049045399708], [9.09242087784648, -52.5824887113415], [8.88396191855161, -52.519111179387], [8.73417281081156, -52.4278704181507], [8.56298525898035, -52.2710172929755], [8.41319615124031, -52.153011980349], [7.79264127529064, -51.9688246552283], [7.63808653040818, -51.8735038126248], [7.59054746638365, -51.8376165410332], [7.44401112055814, -51.6460628142501], [7.32583470144005, -51.5741419183404], [7.08401330423307, -51.5028950498579], [6.93643085947945, -51.4453038482597], [6.80489227449623, -51.3777385740223], [6.58778207368795, -51.2460187788876], [6.39551927633341, -51.0686895185973], [6.24251334917163, -50.8778886490369], [6.1235626451607, -50.5767010672834], [6.03796886879592, -50.4678638378831], [5.90960545104964, -50.3860885194342], [5.80838477064852, -50.3413863280309], [5.54580465739341, -50.263117118503], [5.32658981346895, -50.2085886304726], [5.17963317556641, -50.1579186715729], [4.67851582493467, -49.9849652674534], [4.29461660032035, -49.8164925406818], [4.24831130765985, -49.796131870012], [3.9930251102699, -49.7228366536971], [3.77083156784764, -49.6800299381851], [3.61955085788398, -49.6616726568292], [3.53284061306328, -49.6551959726189], [3.45046650108473, -49.6602402370439], [3.36899218301726, -49.6739116138049], [3.24134908387313, -49.7014380101175], [2.99551793063131, -49.7656056610584], [2.92145428156819, -49.7778419749845], [2.79223447740369, -49.7991834333827], [2.55585836831003, -49.8144383645632], [2.32216702625826, -49.8028375213233], [2.21074925016518, -49.7778184523369], [2.12520600942504, -49.7529541511737], [2.02164836271062, -49.7228366536971], [1.7238144653065, -49.6126860321019], [1.60909486491132, -49.5697426059935], [1.38816039130982, -49.4869328226607], [1.15888397872366, -49.423453083937], [1.13287419391986, -49.4162465645446], [0.887043040678075, -49.3392980403622], [0.533036051253541, -49.2100419279052], [0.371743123374933, -49.1510378204843], [-0.044278828126814, -49.0798680664592], [-0.171921926372643, -49.0798680664592], [-0.337385203007667, -49.0798680664592], [-0.479210867924861, -49.1077292617973], [-0.687221843675752, -49.1603133045053], [-0.800682376148512, -49.1757685847273], [-0.93305299691754, -49.1788590620915], [-1.11269883932567, -49.1757685847273], [-1.26397954928932, -49.1417605995352], [-1.56654096831834, -49.0426954804883], [-1.8040046228107, -48.9522941999927], [-1.90085384681607, -48.9036354698329], [-2.37161961412737, -48.6922031901207], [-2.64979938641458, -48.550753049572], [-2.79188911739775, -48.4330449358498], [-2.80517290525432, -48.3826558344401], [-2.77819005006341, -48.3378342864009], [-2.69982736049455, -48.2857170795954], [-2.63737706674581, -48.274780262954], [-2.43581494640095, -48.2524167923859], [-2.09343984273849, -48.2381666490819], [-1.90692256483826, -48.2430484008479], [-1.45780795836882, -48.2524927236444], [-1.1505190168166, -48.3091220376636], [-0.68249432115252, -48.4441491188326], [-0.386565288731991, -48.5408645546027], [-0.363231672296189, -48.5484825938999], [-0.29150042969799, -48.5589443271215], [-0.124646704733578, -48.5663059252566], [0.163732147624076, -48.5694342800946], [0.291375246768202, -48.5600486355926], [0.319155485232854, -48.5578199893035], [0.447383478356762, -48.5475317332664], [0.707397198269949, -48.5600486355926], [1.01941366144714, -48.5913273436559], [1.20851454890169, -48.6038334083449], [1.38816039130982, -48.6288362507431], [1.43730341344383, -48.635670701091], [1.71548318573101, -48.6780760124447], [1.99366295711992, -48.7627796425975], [2.33253541989513, -48.8546743227305], [2.40117034218549, -48.8659629994534], [2.49440057999957, -48.8812928948003], [2.59011696195633, -48.8855844237606], [2.70241155575046, -48.8906187824118], [2.92460509817271, -48.8657458839674], [3.01442801982594, -48.8035095213675], [3.09479589643271, -48.7349602076259], [3.15625368474314, -48.685047375353], [3.15958193478596, -48.6840402685761], [3.2697142172159, -48.6507035808195], [3.28549829318929, -48.6498097684779], [3.43517749295262, -48.6413330287948], [3.76137652280118, -48.6507035808195], [4.0119351985662, -48.6912891875459], [4.16736736481758, -48.7176659657563], [4.17739847430292, -48.7193677661124], [4.25776635180798, -48.7287238113003], [4.35704431760935, -48.7287238113003], [4.44469791385262, -48.7242760374364], [4.47995989423027, -48.72248664143], [4.55087272668887, -48.7131294358838], [4.67851582493467, -48.7162486974004], [4.7872488348842, -48.7411958304289], [4.93380202232462, -48.7817085264515], [5.10872034310781, -48.8284133440049], [5.23636344225194, -48.8439719517989], [5.34887684588637, -48.8555403651839], [5.3876441513173, -48.8595257269323], [5.50110468379006, -48.8657458839674], [5.67129548205002, -48.8688556722939], [5.70769482390045, -48.8655301550605], [5.8667813169647, -48.8754959838712], [6.14496108925188, -48.9176992747244], [6.31614864108312, -49.0019989829722], [6.50873463700554, -49.2121251654536], [6.80831285248563, -49.4631027057324], [7.02338043435645, -49.5910673460299], [7.12648672435301, -49.6308964927899], [7.71039823469858, -49.7737908639048], [7.91783559571635, -49.8129841267287], [8.34900081896673, -49.8371714949331], [8.86256347446044, -49.9336832935114], [9.36152060410764, -50.0111436909764], [9.60987674195001, -50.0300021908581], [9.93638035008724, -50.0300021908581], [10.052893479168, -50.0365672201527], [10.0537085385916, -50.0366131419194], [10.0544209610024, -50.036745601584], [10.2333543809997, -50.0700027814776], [10.4035451792596, -50.1579186715729], [10.5212234753662, -50.2471169797925], [10.5831910225661, -50.2940204274135], [10.7713773190602, -50.3904647784621], [10.9382125405264, -50.4542415330375], [11.15219698054, -50.5631101387803], [11.3447829755642, -50.6581643221449], [11.4945720842025, -50.7800947522932], [11.5373689714866, -50.8747102875738], [11.6443611919425, -51.0499163747904], [11.7513534115002, -51.1439845622336]]]}, "properties": {"OBJECTID": 155, "id": null, "Name": "The Unscaled Heights", "type": "Desert Mountain", "continent": "Sothoryos", "size": null, "Symbol": 2, "Shape__Area": 376854826920.39575, "Shape__Length": 3934570.8182025678}}, {"type": "Feature", "id": 156, "geometry": {"type": "Polygon", "coordinates": [[[-2.82098693824582, -50.9421754410719], [-2.74727838782461, -51.0482121763631], [-2.60949396129966, -51.1999571959175], [-2.45721339049216, -51.3047992949047], [-2.20043206229615, -51.4517194981667], [-1.94365073499845, -51.5582745061548], [-1.86410495701386, -51.5788761166092], [-1.62913358305587, -51.660573672404], [-1.54101852853935, -51.7152001450217], [-1.5363265523519, -51.7500708332784], [-1.60127563133598, -51.81034484918], [-1.66079909710807, -51.8324202592383], [-1.68612976993012, -51.8529607055506], [-1.70826785089365, -51.8939648744625], [-1.70826785089365, -51.9397546458804], [-1.68974232418396, -51.9571307534721], [-1.55936073335407, -52.0603160521257], [-1.55809174713256, -52.0629166855951], [-1.55235840164698, -52.0746645958791], [-1.53344831335068, -52.1472479126393], [-1.53835390891267, -52.1598891327937], [-1.5450485236175, -52.1771346829294], [-1.55708592417021, -52.2081266100574], [-1.59464261321187, -52.2455095161889], [-1.59490610166111, -52.2457716741048], [-1.63745380077694, -52.2718149463342], [-1.67054645664294, -52.2833848257616], [-1.7509143332497, -52.3065155235922], [-1.8076445990369, -52.3238556198879], [-1.82004147212862, -52.3323788546326], [-1.84546477652783, -52.3498530284433], [-1.86437486572243, -52.3844924697584], [-1.8927399981669, -52.4219878854546], [-1.89746752069013, -52.4594514400984], [-1.90692256483826, -52.5112714757894], [-1.94947026485243, -52.5486590988342], [-1.96630352187371, -52.5542420667847], [-2.01014013184401, -52.5687777136849], [-2.01942974763932, -52.5687777136849], [-2.04887403611606, -52.5687777136849], [-2.06293079642686, -52.5687777136849], [-2.21421150639051, -52.5515337517759], [-2.32767203886327, -52.5486590988342], [-2.41363363581103, -52.5486590988342], [-2.45531513710907, -52.5486590988342], [-2.53095549209093, -52.5630304795102], [-2.58038850387336, -52.5790540853215], [-2.60914910794355, -52.5983991819553], [-2.60997070710242, -52.5997964652724], [-2.62550593536906, -52.6262086447611], [-2.65859859123506, -52.6720991950945], [-2.67795643669988, -52.69556914241], [-2.69641876872596, -52.7179415965921], [-2.72917607271661, -52.7413853856707], [-2.74842151198996, -52.7551531086313], [-2.84297195616638, -52.7751769209808], [-2.91861231024992, -52.7637358699124], [-2.95006415911349, -52.7502997186396], [-2.99898018775498, -52.7293946763803], [-3.12189576437587, -52.6577635713036], [-3.29681408426076, -52.57165104864], [-3.38001123539756, -52.5418970571101], [-3.54853403285483, -52.4539585112135], [-3.80297519673511, -52.3193714150834], [-3.8499341790548, -52.2776002638755], [-3.89090913651729, -52.1520730938518], [-3.89090913651729, -52.0478550863933], [-3.80531536105083, -51.81034484918], [-3.76251847286845, -51.5715763655122], [-3.54853403285483, -51.3582793878164], [-3.52063963289061, -51.2536484307283], [-3.63412780921958, -50.9556567395562], [-3.6754574655737, -50.907902407215], [-3.69865346909115, -50.8673801435224], [-3.71756355828574, -50.8196177446767], [-3.72229107991068, -50.7598459740233], [-3.69392594746621, -50.6910139338723], [-3.65137824745208, -50.6370748303349], [-3.63424801727935, -50.6220690615294], [-3.55210028165072, -50.5500425791877], [-3.51189940785842, -50.4932444088199], [-3.46700488252072, -50.4297339612992], [-3.43863975007626, -50.3242125289041], [-3.46700488252072, -50.2396263309015], [-3.49216724249954, -50.1933356481614], [-3.50482506001162, -50.1700323346464], [-3.56989477285689, -50.0448350318008], [-3.57101037084532, -50.0426857140185], [-3.69392594746621, -49.9180444316616], [-3.82242014374819, -49.8115532523478], [-3.82629656823527, -49.8083369685161], [-3.93502957818477, -49.6830888111336], [-3.94808455885028, -49.6619673089504], [-4.00121488901846, -49.5759137223905], [-4.0440941868484, -49.5083414200803], [-4.07733545280846, -49.2703322428301], [-4.040505698461, -49.1895905044643], [-3.90339509463744, -49.0729606573166], [-3.82830288804872, -49.0565603796955], [-3.82156904571204, -49.0550894315828], [-3.69865346909115, -49.0829645272318], [-3.65761001059666, -49.1081600544799], [-3.62301311500761, -49.1293882699649], [-3.59133092103721, -49.1612723802515], [-3.56155532669718, -49.1912190407586], [-3.54264523750255, -49.3054025174759], [-3.54737276002578, -49.4254722922093], [-3.54264523750255, -49.5421814136521], [-3.46964299555831, -49.7076962094673], [-3.46919568664911, -49.7087086404295], [-3.43437121006937, -49.7545314544494], [-3.31572417345536, -49.8540786891162], [-3.03920013008579, -50.0963498480069], [-2.91331367839489, -50.2006280132257], [-2.88079213275898, -50.2275303164796], [-2.82098693824582, -50.2687153844897], [-2.81933434444855, -50.2698529432566], [-2.77678664533272, -50.3362840018656], [-2.77678664533272, -50.3845392313671], [-2.82406186697179, -50.4417786098725], [-2.86188204446268, -50.5049627460479], [-2.89970222195361, -50.577069808746], [-2.91388478862498, -50.6310777717163], [-2.90801899104233, -50.694287828421], [-2.88518226962108, -50.7665625909429], [-2.82098693824582, -50.9421754410719]]]}, "properties": {"OBJECTID": 156, "id": null, "Name": null, "type": "Forest", "continent": null, "size": null, "Symbol": null, "Shape__Area": 78095663345.28577, "Shape__Length": 1642174.0819145504}}, {"type": "Feature", "id": 157, "geometry": {"type": "Polygon", "coordinates": [[[5.86985141365274, -52.6720991950945], [5.74693583703185, -52.7122139289865], [5.61035399146595, -52.7397864951623], [5.60944370074079, -52.7399702023285], [5.56256247210049, -52.7494303283015], [5.52972296327818, -52.7487448811636], [5.28948514140688, -52.743730154493], [5.28836618551594, -52.7437067961975], [5.07090016561691, -52.7007563376006], [4.77306626911113, -52.6118579699565], [4.42795715006794, -52.5572824922208], [4.27076511410637, -52.5451452301766], [4.19770268683473, -52.5451452301766], [3.85532758317227, -52.5581564676646], [3.40596025995215, -52.6101628484378], [3.19882830457142, -52.6311207908845], [2.98606288648318, -52.6864301173413], [2.83005465489458, -52.7751769209808], [2.66459137825956, -52.8951265095815], [2.59367854580096, -52.9692150866916], [2.53447965032416, -53.0397442981281], [2.4587432259126, -53.0996202359169], [2.35811018294617, -53.1203315845504], [2.30529969344331, -53.1311965534114], [2.27707908824999, -53.1307509741712], [2.16769469551491, -53.1290238431873], [2.12565385013689, -53.1283600190465], [2.03110340685876, -53.1170120075382], [1.96019057440016, -53.0886288706641], [1.90818783023786, -53.0517027884774], [1.87864137456724, -53.0062917048215], [1.86564013112203, -52.9862944437409], [1.81363738695973, -52.9236371250817], [1.76636216532067, -52.8494704857494], [1.74168778278058, -52.8262847547118], [1.71735663213751, -52.8034094250088], [1.68126676619067, -52.769456770989], [1.64991597150835, -52.7544562568524], [1.56380175259046, -52.7132263195557], [1.47798331296305, -52.6720991950945], [1.47116954392229, -52.6696687139046], [1.31724755885122, -52.6147284809529], [1.15394254936495, -52.5977964481762], [1.02886870559527, -52.6061163822925], [0.929590739793908, -52.6262086447611], [0.830312774890843, -52.6720991950945], [0.773582508205315, -52.7265316882802], [0.70472270795493, -52.7589551925726], [0.688487109075352, -52.7665964146786], [0.622301799139987, -52.7723169399358], [0.565571532454458, -52.7637358699124], [0.565210331556801, -52.7635537333054], [0.508841266667226, -52.7351200881019], [0.425092939814804, -52.6314648584918], [0.395380734194465, -52.5946309495915], [0.2950243031653, -52.4945399193698], [0.277192680096803, -52.4767315686673], [0.182642236818674, -52.390263069362], [0.118725437978721, -52.339036514031], [0.0395026169152001, -52.3057461182742], [0.0171789601836498, -52.2978429274247], [-0.148284315553111, -52.2573483497335], [-0.304292547141671, -52.2341919766342], [-0.469755823776728, -52.228400995091], [-0.578488833726257, -52.2168167656419], [-0.638948136513561, -52.2071526076274], [-0.700747810146425, -52.1828511300696], [-0.730988760549703, -52.1457515809599], [-0.739224587838049, -52.135642521496], [-0.762862198657581, -52.0949998356934], [-0.766354714633277, -52.0882558813126], [-0.79595485362528, -52.0310578744654], [-0.79595485362528, -51.9611985730909], [-0.788134760362222, -51.8936859670157], [-0.781772286953881, -51.838682377011], [-0.742848203047983, -51.768326536694], [-0.717071348702428, -51.744392466302], [-0.702540983997433, -51.7197629962688], [-0.702540983997433, -51.6049328015831], [-0.718675086724656, -51.5761145128221], [-0.767029057459174, -51.5099547571081], [-0.853969356332546, -51.4323313681217], [-0.996481554214084, -51.3700957153629], [-1.0552528623954, -51.3500785119144], [-1.38177937128414, -51.2656136866358], [-1.69436044627861, -51.1754026226579], [-1.91080499366471, -51.0795167146693], [-2.0540061445719, -50.9965336123336], [-2.16246751206434, -50.9025783452757], [-2.19199839723614, -50.8350196261613], [-2.22183050638736, -50.7123947904024], [-2.24322895047853, -50.4269851519736], [-2.24322895047853, -50.2069030927875], [-2.24560062769444, -50.2015619858174], [-2.28834965723175, -50.1561424037826], [-2.37161961412737, -50.0849549961369], [-2.59103195087044, -49.953374424181], [-2.72090610944746, -49.8512919374167], [-2.86378382552987, -49.6435687482859], [-2.97077604598587, -49.3377739166125], [-3.01484440243487, -49.2515538978208], [-3.03207284272268, -49.215929737165], [-3.02836617107821, -49.1335391745842], [-3.02734532019944, -49.1108239845642], [-2.97061505441221, -49.0488928422179], [-2.96278113158534, -49.0476405169236], [-2.85287218740304, -49.0300672274469], [-2.65196466132092, -49.0300672274469], [-2.52032608486342, -49.0408548738], [-2.44893024714116, -49.0584023211471], [-2.36568598385929, -49.0960081427706], [-2.32882272684332, -49.1281814704029], [-2.20403788098199, -49.2563309877936], [-2.13634341484403, -49.2889311493575], [-1.99459837013031, -49.3120388504241], [-1.87385862901024, -49.3203239385337], [-1.78178172651131, -49.3136547723352], [-1.67458494529211, -49.3242420403168], [-1.62267407542719, -49.3377739166125], [-1.51568185497123, -49.4074405097507], [-1.21610363949114, -49.5325916354356], [-0.955021441819449, -49.6278123027526], [-0.823219341437541, -49.6574231378954], [-0.613075400486143, -49.6574231378954], [-0.50269767676105, -49.6409310239049], [-0.338767436243766, -49.5464775816842], [-0.167579884412551, -49.4770083854243], [-0.109224439613903, -49.4643678764911], [-0.0683452344758649, -49.4631027057324], [-0.044278828126814, -49.4623578589505], [-0.0398584674470112, -49.4631027057324], [0.083364271017312, -49.4838616262823], [0.164466999170863, -49.5101992278039], [0.253555069277271, -49.5391136844473], [0.508841266667226, -49.6310617911776], [0.72630728656625, -49.710610011956], [0.91540817402084, -49.7533897917034], [1.00995861729897, -49.7564440477145], [1.06252489440193, -49.7681163306525], [1.16123932636433, -49.7900281669199], [1.30465722817315, -49.8489127655051], [1.31724755885122, -49.8540786891162], [1.43825290574966, -49.9480659285182], [1.47798331296305, -49.9788853976497], [1.49979608611441, -49.9876515593549], [1.62926402202837, -50.0396495239819], [1.79472729866343, -50.0851722103917], [1.88827911807788, -50.0973110365294], [2.33603806078238, -50.1398448713767], [2.97799137992493, -50.1398448713767], [3.48397328838153, -50.1398448713767], [3.64928292795017, -50.162955560671], [3.79113225179702, -50.2083687541609], [4.02651513500352, -50.3724252948974], [4.41168712684836, -50.5767010672834], [4.57522091747455, -50.6508221413044], [4.68797086998113, -50.6790328211008], [4.95507301883319, -50.7123947904024], [5.07503889008211, -50.7123947904024], [5.30755969497931, -50.7215960935297], [5.519159436697, -50.754559631111], [5.60999998966699, -50.7800947522932], [5.82398442968062, -50.8882111410362], [6.08076575697829, -51.090254746653], [6.2868268980825, -51.2781278578761], [6.34406742940897, -51.3571320052142], [6.42314086064079, -51.5050281482891], [6.44646526754828, -51.5727293085746], [6.50538776937844, -51.6620410990754], [6.56479717336398, -51.7129028058747], [6.66407513916534, -51.7919216289509], [6.72050040355739, -51.8337823167534], [6.76633349858545, -51.8802878232937], [6.79529662064992, -51.9487722404179], [6.80589122804161, -51.9737975091899], [6.8153558482307, -51.9961418496928], [6.81062832660577, -52.0717588049466], [6.80590080408253, -52.1327407015935], [6.81062832660577, -52.1936392396406], [6.77753567073977, -52.2689220049362], [6.73971549414717, -52.3411889236406], [6.66038877303956, -52.4114077794056], [6.64516504997074, -52.4248708285818], [6.56006965084075, -52.4536898897868], [6.39933389672892, -52.488247885325], [6.24805318766359, -52.5256550975611], [6.24797081125373, -52.5256901805301], [6.15350274438546, -52.5659041910073], [6.09451674963102, -52.5974448440493], [5.93109184649537, -52.6561814207547], [5.86985141365274, -52.6720991950945]]]}, "properties": {"OBJECTID": 157, "id": null, "Name": null, "type": "Forest", "continent": null, "size": null, "Symbol": null, "Shape__Area": 415870885327.07715, "Shape__Length": 3070774.7125088605}}, {"type": "Feature", "id": 158, "geometry": {"type": "Polygon", "coordinates": [[[46.9498315367411, -37.5650661153147], [46.988012719297, -37.5672278516667], [47.0647546917864, -37.5604688069202], [47.0777985962245, -37.555298608039], [47.1435637335588, -37.529225885254], [47.2016833930532, -37.5036151730775], [47.2212098549918, -37.4752102769636], [47.2404298315184, -37.4472406728727], [47.2404298315184, -37.3908236596082], [47.2404298315184, -37.3086867056383], [47.2404298315184, -37.2573054893551], [47.2985494910129, -37.1801679127699], [47.3372959303764, -37.1338475140387], [47.4212465488476, -37.0823471283041], [47.5504013464266, -37.0617371694662], [47.7118448436249, -37.0308117307337], [47.7828293293038, -37.0119201320427], [47.9055770404425, -36.9792413406818], [48.1057669770043, -36.9740823770985], [48.2220062941966, -36.9792413406818], [48.3038487104265, -37.0037549278976], [48.3253301327988, -37.0101877731759], [48.3444620241219, -37.012599949713], [48.4480271906336, -37.0256562661973], [48.5707242484683, -37.0462760253953], [48.6546748669396, -37.0668901841009], [48.745083225155, -37.102951484645], [48.8548648035014, -37.1595845725284], [48.9775618613362, -37.2213177698917], [49.048597000319, -37.2573054893551], [49.1325476187903, -37.2778621855205], [49.2070918494624, -37.2848401449212], [49.3536204347422, -37.2579315454036], [49.4846859507271, -37.2438875054181], [49.4970771284999, -37.2425596204272], [49.8631039088026, -37.2349907512688], [50.019972528804, -37.2349907512688], [50.2338842843314, -37.2576950778825], [50.4763176058251, -37.2766101236745], [50.5170582341525, -37.2832597102132], [50.6617077935895, -37.306864313222], [50.9374162780722, -37.2728274947715], [51.1465744383735, -37.2349907512688], [51.277360714849, -37.2089545393759], [51.279675085838, -37.2084937265702], [51.3773671766165, -37.2027301049857], [51.4080221380764, -37.2009214379667], [51.5316155968854, -37.1554717562798], [51.6742234330054, -37.1024125768368], [51.736020162859, -37.0417279760229], [51.8025704861421, -36.9923859901441], [51.8976423771881, -36.9506100601416], [51.9689462956973, -36.9164127009509], [52.068771781071, -36.8974075393905], [52.1638436721171, -36.8974075393905], [52.2731763470446, -36.9164127009509], [52.4015234001814, -36.9392126452914], [52.4470518010381, -36.9459511710469], [52.5298704524198, -36.9582073889411], [52.5496856589419, -36.9545533423031], [52.5916671822735, -36.9468111108301], [52.6772318837658, -36.9202131656824], [52.7032832309228, -36.9028550711904], [52.725004449577, -36.8883791350263], [52.7342750183934, -36.8822000015058], [52.7865645586933, -36.8517758384116], [52.8315663707237, -36.8187595569213], [52.8436076933209, -36.8099228359933], [52.8958972336208, -36.7832771882884], [52.9814619351131, -36.7566222721257], [53.0907946100407, -36.7375773738889], [53.0972072884936, -36.7366138019755], [53.1668521228775, -36.7261481660196], [53.1987726704355, -36.7121917658453], [53.2649780550225, -36.6832371608897], [53.271431202579, -36.6804143249504], [53.3665030936251, -36.6155781473272], [53.4023638289873, -36.5643899510587], [53.4092854452695, -36.5545060164497], [53.4663285798972, -36.5048493408283], [53.4853429581064, -36.4780979295885], [53.5709076595987, -36.4360413329082], [53.6001578086677, -36.4318884554943], [53.6517187667632, -36.4245673940333], [53.7280910070548, -36.4078059206417], [53.8085873876629, -36.3901354040636], [53.8439184359095, -36.3765907238124], [53.9084128730367, -36.3518597434705], [53.9797167915458, -36.3212256590378], [54.0190860966762, -36.2985650807005], [54.0462671148289, -36.2829161151436], [54.1460926002027, -36.2560882395189], [54.1888749518471, -36.248421439782], [54.3172220040856, -36.183223272626], [54.383772328267, -36.1525229872977], [54.3905617924894, -36.1503300968907], [54.478844219313, -36.1218106787054], [54.4976991735087, -36.1152831008157], [54.5121193814037, -36.1102904646201], [54.6452200288682, -36.1026093822827], [54.7260311360327, -36.0872449652925], [54.7616628584898, -36.0723129393299], [54.8701786926345, -35.9406370811522], [55.0456658976225, -35.727231582672], [55.2650249049804, -35.5846426774071], [55.3955305414729, -35.5231727654364], [55.5056206426104, -35.4895656588397], [55.6719964521655, -35.4702109401745], [55.7575611536578, -35.4624677482603], [55.923936963213, -35.4779533872889], [56.1045735557513, -35.5205235143777], [56.1606679194203, -35.52782808159], [56.2234134202326, -35.5359979665283], [56.3517604724711, -35.5514694341951], [56.499121903817, -35.5476018472867], [56.622715362626, -35.5127851696596], [56.6725795396937, -35.4782773307005], [56.7177872536721, -35.4469791273847], [56.7405415528694, -35.4307577504012], [56.7938447665089, -35.3927454799727], [56.9221918187474, -35.3229628810439], [56.9336476616632, -35.3182893008843], [56.9887421429287, -35.2958089212017], [57.1408571686025, -35.2531200014061], [57.25018984353, -35.2259426133177], [57.3595225175592, -35.2026404623965], [57.4350368514831, -35.1912129646724], [57.487869570696, -35.1832168943257], [57.6827669471158, -35.1832168943257], [57.8586499462247, -35.179331622903], [57.9252002695078, -35.1754461664951], [57.9984771704518, -35.1634660953269], [58.0440401330908, -35.1560160982448], [58.1248512411536, -35.1326938888973], [58.1711244783316, -35.1029544808658], [58.1914015644367, -35.0899191530747], [58.2655101750782, -35.0444268971233], [58.2674590772736, -35.0432302041194], [58.3197486175735, -34.9926203814726], [58.3328038039532, -34.9770623250966], [58.3720381578734, -34.9302883860376], [58.4003262499008, -34.9094129556285], [58.4195741029473, -34.8952058085491], [58.4861244271286, -34.864008711255], [58.5265941163798, -34.843713756352], [58.5716891286209, -34.821093373], [58.6046156455667, -34.8116908666076], [58.6810218035485, -34.7898681667501], [58.7594561131, -34.7540747449556], [58.9234551259405, -34.7391019835548], [59.5319152286352, -34.7273822772341], [59.6210568194679, -34.7231084938971], [59.6916735258864, -34.7197227058913], [60.1023465749115, -34.7000298344706], [60.300078834942, -34.6678493870131], [60.3226496577341, -34.6641752454912], [60.5586916519326, -34.6257419051347], [61.1814125376105, -34.516143638046], [61.2936461744243, -34.4919538968517], [61.4903961841839, -34.4495313879725], [61.8136406137404, -34.3593243139834], [61.9608784413949, -34.3091978764198], [62.2230266033389, -34.2198766435043], [62.3555503922538, -34.1746859866503], [63.0067928456946, -34.0211680533781], [63.1826758448036, -33.950219764937], [63.1885014787099, -33.9474410324927], [63.3728196268957, -33.8594774803389], [63.5154274630156, -33.7488783414182], [63.6009921654062, -33.6539653908406], [63.7388464071984, -33.4995084116313], [63.7963841470349, -33.4260958719612], [63.819657514363, -33.3963836730515], [63.9194829997367, -33.3130011654793], [63.9582067548427, -33.2909342090674], [64.0240620803366, -33.25339335255], [64.1666699164565, -33.1857886431928], [64.1782500951908, -33.1786472814125], [64.2569882131748, -33.1300749702897], [64.3615078387775, -33.0898028254537], [64.4454949010015, -33.0574286486763], [64.4946679412391, -33.0384685735833], [64.5624038044403, -33.024761195179], [64.8125131959008, -32.9548333240696], [65.0390087675237, -32.8407283904989], [65.4014016828392, -32.5548241094216], [65.6278972544621, -32.4593194269555], [65.8317432695516, -32.3254426109222], [66.1509763611402, -32.1549078727358], [66.229729952605, -32.1292605134132], [66.4388881129062, -32.0769129213458], [66.5767423546984, -32.0567712450175], [66.804914893209, -32.0325953792813], [66.9669135564394, -32.0546642220925], [67.0711161881379, -32.0688567834365], [67.1755399015161, -32.1011838651151], [67.2881927461404, -32.1360456636852], [67.3183031048576, -32.1453614266495], [67.4289007711986, -32.1936805601586], [67.7603873979972, -32.3383504313709], [67.9790527478523, -32.4427147546255], [68.2405004484535, -32.5950300539177], [68.2875619006993, -32.6093286360361], [68.4411051461651, -32.6559634830638], [68.5304697159194, -32.6830945005449], [68.8061781995038, -32.7150964326726], [68.9394743284589, -32.7576263780341], [68.9440324421943, -32.7590803474928], [68.9458596163805, -32.7601047205874], [69.0264735586116, -32.8052877670869], [69.043857927568, -32.8150284666477], [69.2625232765248, -33.0065831209688], [69.361055109736, -33.0572125157187], [69.4098847078708, -33.0822922335848], [69.5810141117536, -33.161915688701], [69.8918143907834, -33.3247337833131], [70.0135912162378, -33.388445923399], [70.0442093889918, -33.4095835709912], [70.053348821743, -33.4158920990031], [70.2607781329575, -33.5589476494709], [70.26758866447, -33.5647849400707], [70.3323192165831, -33.6202456418987], [70.4271539425127, -33.7014349740465], [70.5365146628434, -33.8718559259207], [70.5412402117679, -33.8792122791732], [70.7218768043063, -34.0211680533781], [70.7500218153701, -34.0626289514624], [70.8074415066969, -34.147151995936], [70.8597310460985, -34.2965142310313], [70.8930062081892, -34.441691155911], [70.9167741807261, -34.512226743188], [70.9738173153537, -34.6335648227818], [70.9892487118482, -34.6643946819472], [71.0403676395351, -34.7664415005199], [71.1428202820933, -34.8972580518702], [71.1687146926719, -34.9302883860376], [71.1714471872048, -34.9405928166828], [71.1924826652088, -35.0198757165588], [71.1877290708811, -35.1443558289437], [71.1869065329827, -35.1486603097652], [71.1639610974458, -35.2686458479783], [71.1065975095018, -35.3716166680357], [71.092657179835, -35.3966205223587], [70.9964079621675, -35.4641538688657], [70.9052440785773, -35.5012708189764], [70.6787485069543, -35.5749932024677], [70.5061599902167, -35.6387749149542], [70.4532987135609, -35.6674102553293], [70.4176467529589, -35.6944389296593], [70.2845461054944, -35.7793265600328], [70.1799670257929, -35.8718279842366], [70.1609526475837, -35.9295866062058], [70.1467960853432, -36.0441346369178], [70.1466918637022, -36.0449773325155], [70.1483177254333, -36.0478255790778], [70.2037349983299, -36.1448460375327], [70.2370101604206, -36.2139115305863], [70.2512709434037, -36.2829161151436], [70.2537937289285, -36.3032497548132], [70.2645246269185, -36.3896815310429], [70.2655317272852, -36.397788275748], [70.2655317272852, -36.5430496132369], [70.2275029708668, -36.6613505274942], [70.0848951347469, -36.9278135254958], [70.0570333517123, -36.9779102150074], [70.00883762191, -37.0644903915353], [69.977098968824, -37.1467555485876], [69.9708088654916, -37.1630486023774], [69.9280265138472, -37.2766101236745], [69.8969227944956, -37.3631848359855], [69.8407148909612, -37.8085962198001], [69.8407148909612, -38.2012262974182], [69.7727662195641, -38.609451320827], [69.7109796568429, -38.6845159448147], [69.6855931923535, -38.7187365307572], [69.6791665918103, -38.7287642275711], [69.642810840709, -38.7854651420301], [69.6032376440603, -38.8563783599574], [69.5952748956352, -38.8706386766704], [69.5429853553352, -38.9483167924564], [69.5052022962319, -39.031078959548], [69.4906958150353, -39.062829068885], [69.4853265333782, -39.0812397860446], [69.4336526804077, -39.2581784789523], [69.42889908608, -39.4309587601084], [69.4193918974245, -39.6435877837643], [69.4241454917523, -39.8154125645999], [69.4811886263799, -39.9940928087701], [69.5144637884706, -40.110530310118], [69.5287245714538, -40.2086196756947], [69.5287245714538, -40.2920654828793], [69.5287245714538, -40.3717869162769], [69.5097101932446, -40.4079927944921], [69.5009715330776, -40.4207451523364], [69.4636239700374, -40.4752193420298], [69.4526670586169, -40.4911924311398], [69.3970607388621, -40.5314555145442], [69.3528415732431, -40.5634561984524], [69.2577696821971, -40.6176028821074], [69.1009010621957, -40.6717057154615], [68.9820611986127, -40.7113532499761], [68.936887660141, -40.7337383367442], [68.8584677398037, -40.7725803031853], [68.7729030383114, -40.8337509869716], [68.6778311472653, -40.9128293435712], [68.6398023908469, -40.9595130598007], [68.6100982386231, -41.0002854998404], [68.587512850547, -41.03126973175], [68.5196602440881, -41.1010300625363], [68.4829337699472, -41.1387582530776], [68.423577855247, -41.173393184346], [68.2927899878551, -41.2496449697459], [68.0551102606891, -41.3639116065078], [67.864966478597, -41.4316626573602], [67.5654900215774, -41.5064632171709], [67.4368577524396, -41.52689368417], [67.3515782669483, -41.5542496243066], [67.2755207541115, -41.5847331288559], [67.2265995646487, -41.6061491802738], [67.0806233776917, -41.6700104077156], [67.0086807947448, -41.7180757153238], [66.9903050809733, -41.7303468910443], [66.9075042800146, -41.8019868409846], [66.8152729211858, -41.9012213964309], [66.6578992045512, -42.0236845920588], [66.6527998675353, -42.0276487960016], [66.6406868252424, -42.0343391399758], [66.4674096797709, -42.1299674538535], [66.0586005487221, -42.2919275397323], [65.8114136320023, -42.407860416478], [65.7461488805358, -42.4608459917781], [65.7371518289605, -42.468146787785], [65.6688057949841, -42.5235794287413], [65.5594731209549, -42.6425813135167], [65.4644012299088, -42.7369209745043], [65.3550685549813, -42.8380891372683], [65.1934463397538, -42.9251703453613], [65.1237101547903, -42.963091840094], [65.027070531097, -43.0156044050813], [64.8179123707957, -43.1024348238841], [64.8029519241737, -43.1070827826914], [64.5944934266129, -43.1718106174872], [64.1951914842194, -43.2272545769759], [63.9004686215275, -43.2549576628004], [63.7612562509933, -43.2484160213889], [63.6057457597339, -43.2411076944602], [63.4367255767819, -43.2155759413755], [63.2159510059959, -43.1822101970241], [63.0425451966229, -43.1450093867131], [62.9735176845023, -43.1301945865372], [62.7643595242009, -43.1163162793462], [62.5789693364366, -43.1128462101353], [62.3349327763839, -43.1397307026767], [62.3270288253891, -43.1406012503258], [62.1796673940432, -43.1822101970241], [62.0977710294889, -43.226196548826], [62.018244477248, -43.2688797267941], [61.9087125047865, -43.3276183271111], [61.7296412122577, -43.4087430891859], [61.5606284053725, -43.4394309867377], [61.0999744908192, -43.4394309867377], [60.8148077812539, -43.4075672139096], [60.5565234251622, -43.3854879641842], [60.3430044885356, -43.3786816782632], [60.2592151949129, -43.3760105405784], [59.4748720940076, -43.4036459092999], [59.430693790056, -43.411364926336], [59.1362003534944, -43.4627949099507], [59.0709054087529, -43.4847035790611], [58.8711655856406, -43.5932979278843], [58.7344711838645, -43.6363265625005], [58.6530344144776, -43.6619465758996], [58.6525002357855, -43.6621145922797], [58.6442011212871, -43.6660544419508], [58.5003852101118, -43.7342872905585], [58.3672845626473, -43.8098036030745], [58.2959806450365, -43.8989272104982], [58.2831939821633, -43.9319334922177], [58.2389375104089, -44.0460316195596], [58.1296048354814, -44.2132179957383], [58.1238778132371, -44.2248472315018], [58.0725617008537, -44.3289467401173], [58.0297793501076, -44.5461708391178], [58.0297793501076, -44.7288255005931], [58.0289483931984, -44.7329577982699], [58.007562054804, -44.8392092093971], [58.0060113766723, -44.8469056700764], [57.9679826202539, -44.9512892378622], [57.9433089491796, -44.9757304772394], [57.8729107292079, -45.0454082888696], [57.7300331415846, -45.1117081393198], [57.5004679942964, -45.166445902962], [57.4147431734946, -45.1815539626518], [57.1295764639293, -45.2279204561595], [56.6908584501118, -45.3205400710755], [56.4056917414449, -45.4130085266235], [56.186332734087, -45.4899501094191], [55.7677851925201, -45.5965458550073], [55.6569929277324, -45.6373592862408], [55.6159993158547, -45.6588521306075], [55.2430890042446, -45.7966668697037], [54.9359863948419, -45.8883544729739], [54.6727555860124, -45.934141612837], [54.6143199198622, -45.947686996715], [54.2854732395627, -46.054763997159], [54.2269037082656, -46.0738133014576], [54.089049465575, -46.1397282173011], [54.0822825490662, -46.1430493577031], [53.9749631963198, -46.1956939272053], [53.9071390763369, -46.247833259205], [53.8893984948275, -46.2614630415231], [53.8323553601999, -46.3698098063537], [53.7420370634815, -46.4582976131327], [53.7135135302047, -46.4743249943214], [53.5614004709432, -46.5597176799071], [53.2050240932101, -46.8269708403413], [53.2048808792959, -46.8270779740717], [53.0052299076501, -46.9959378563509], [52.8917400972856, -47.0574300830556], [52.771646914998, -47.104352611111], [52.6395169816396, -47.1262837624149], [52.6249423434658, -47.1287023322644], [52.2969443195816, -47.1287023322644], [52.0735253753988, -47.1513363979682], [52.0312325382105, -47.1582137859168], [51.854860026442, -47.1868847479336], [51.5300118373036, -47.2008556832319], [51.3093922061412, -47.2008556832319], [51.0849700297373, -47.1856055686236], [51.0313960701593, -47.1710394762726], [50.790101162964, -47.1262837624149], [50.5926780563418, -47.0665508506972], [50.1978318439959, -47.0366592662781], [49.8687933329591, -47.0217071913771], [49.8029856307517, -47.0217071913771], [49.7152420287068, -47.0366592662781], [49.5397548228205, -47.0814903605286], [49.2326522134178, -47.0814903605286], [48.9694214045883, -47.0366592662781], [48.8378060001736, -47.0366592662781], [48.6141693582648, -47.0366592662781], [48.3754110419035, -47.0583509920017], [48.0261776747459, -47.1262837624149], [47.5126465905429, -47.2813454455978], [47.258046309873, -47.2827162258873], [47.0829339449036, -47.2604378570774], [46.7592334074396, -47.2081060994991], [46.477811498511, -47.1137065487566], [45.8764594062317, -46.8119382646446], [45.4637553471975, -46.5557785839115], [45.3688740202643, -46.5200667666721], [45.3176635973691, -46.5136594950721], [45.001273463449, -46.5116434033239], [44.8454720734462, -46.5259380070536], [44.4725617618361, -46.586274354179], [44.3268020050821, -46.5934292445492], [44.1166345794743, -46.6210772588544], [43.8324310175055, -46.7357771276723], [43.7644193445626, -46.7833821545078], [43.5512539318312, -47.0217071913771], [43.4314904797618, -47.1384038260852], [43.2752502771158, -47.213175023949], [43.0686641165421, -47.2455485929738], [42.3394921187045, -47.3216483315777], [42.130138136451, -47.3153405203009], [41.8090178299776, -47.2399264403228], [41.6795267983777, -47.1915509460693], [41.6270581070606, -47.1329424285179], [41.5851817027869, -46.9522091458083], [41.5209470764062, -46.8786086639082], [41.2699202598005, -46.7067458076072], [40.7873304445115, -46.4655345699335], [40.4863340137766, -46.2448075348776], [40.4470978281915, -46.1659304751466], [40.4869173626541, -46.0094336944339], [40.5621077003061, -45.8880695839509], [40.8750740474546, -45.5667867296223], [40.9548677173385, -45.4803644717311], [41.0499396083845, -45.3368631792651], [41.087968364803, -45.2331825954204], [41.1402579051029, -45.1158961212903], [41.1450114994306, -45.0017293845234], [41.1402579051029, -44.8907024955149], [41.1402579051029, -44.8064482525244], [41.1735330671936, -44.7051804808574], [41.2032759170432, -44.6609632300961], [41.2258226074935, -44.6274216724607], [41.2971265251043, -44.5529460793467], [41.3448613796399, -44.5169180207786], [41.3779376331672, -44.491940522743], [41.5015310910779, -44.4342655078539], [41.5515207906385, -44.4104637618172], [41.6013565764517, -44.3867256536758], [41.6869212788423, -44.3425469043503], [41.7677323860068, -44.2983348381785], [41.8105147367529, -44.2506845850776], [41.8130030682933, -44.2466335923812], [41.8628042770529, -44.165498750543], [41.8723114666066, -44.1416246399667], [41.9198474116805, -44.0631131344116], [41.9768905463081, -43.9673931909162], [42.0244264922803, -43.9331700538472], [42.1290055719818, -43.8886505156103], [42.1955558961632, -43.8715187486204], [42.3476709218369, -43.8372404380457], [42.4814064446452, -43.8281961777539], [42.4997859475106, -43.8269531024729], [42.7374656746765, -43.8303824111436], [42.860777343659, -43.8183600944487], [43.0892316719961, -43.796080457008], [43.1638211283512, -43.7803205540781], [43.2679153028522, -43.7583196950386], [43.6170616340385, -43.646136658687], [43.8144847406607, -43.5667183517987], [43.9461001450754, -43.4235011967055], [44.0996514493276, -43.2320167186335], [44.3190104566855, -43.0078553975793], [44.3550851473923, -42.9022448311099], [44.357684183715, -42.8660613211699], [44.2751386552139, -42.6539432491398], [44.2093309530066, -42.4276716757413], [44.1899656955423, -42.1842016267465], [44.169257737901, -42.1398578636112], [43.8597848858919, -41.9355498551361], [43.7037883827076, -41.8866699449247], [43.7024453690185, -41.8862489627006], [43.6758357045394, -41.885282606907], [43.5075479925987, -41.8791707360758], [43.4169647916862, -41.887345257244], [43.3506793725973, -41.8933264045389], [43.2508538863252, -41.9216283316306], [43.13676761707, -41.9605229934577], [43.0369421316962, -42.038241135139], [42.9561310245316, -42.0982310433327], [42.8894982215324, -42.15074067431], [42.8800735116948, -42.1581642548495], [42.7850016206487, -42.2180407577576], [42.7458522230999, -42.2358805585559], [42.723204890795, -42.2461983099832], [42.6043650272121, -42.2884110840265], [42.5188003257198, -42.302475726971], [42.3761924887015, -42.3059913974124], [42.2288310573556, -42.2884110840265], [42.1432663558633, -42.2673082306761], [41.9425638235323, -42.2244505341256], [41.8402536780328, -42.1843282391355], [41.5112151669959, -42.054160569583], [41.0724971531784, -41.9074024130455], [40.6995868415683, -41.82572397803], [40.5291457277544, -41.7833737336602], [40.4700010734528, -41.7480821409929], [40.4700010734528, -41.6842123202973], [40.4700010734528, -41.6380446462308], [40.5317978024082, -41.5562823057031], [40.6155469637955, -41.444773191293], [40.6947325631652, -41.3616201074418], [40.7139361427429, -41.3106731137118], [40.6776509408325, -41.2015607360818], [40.6118432386251, -41.0032070845789], [40.5806866776735, -40.885537189782], [40.5018521857309, -40.8143630578443], [40.3540419569673, -40.7627118627959], [40.3131324534514, -40.7401730016358], [40.2742541935064, -40.6989201938788], [40.2655965074792, -40.6897302463097], [40.2655965074792, -40.6595257804662], [40.2655965074792, -40.6392492784722], [40.2810040572962, -40.6246331295762], [40.3036252638976, -40.6031680535687], [40.4319723170344, -40.5164936128487], [40.5688463252734, -40.4331985687227], [40.6494655379202, -40.3840891839171], [40.6696520442004, -40.3717869162769], [40.674751793543, -40.3703299203718], [40.821767069874, -40.3283141726488], [40.9426299502566, -40.32098448453], [41.0066894509711, -40.32098448453], [41.4673433655243, -40.32098448453], [41.7398861007076, -40.32098448453], [42.0195992468791, -40.3030231834134], [42.6946033172762, -40.1705212177438], [42.7469728642303, -40.1505097499112], [43.2223323194606, -40.0778023699241], [43.7642420979739, -39.9613089274745], [44.4249917409685, -39.7825431019425], [44.6674250633605, -39.6874986485075], [44.8908440075433, -39.632605707575], [45.2188420314276, -39.5813329665802], [45.5515936496396, -39.5263557621999], [45.8320557284501, -39.4713349967964], [46.0459674830791, -39.4346302944455], [46.3264295618896, -39.4199429955498], [46.6354132075646, -39.4383016352989], [46.9301360702566, -39.4346302944455], [47.0917582845857, -39.4162706873267], [47.2476551646049, -39.3797645743531], [47.2486269054854, -39.3795369635627], [47.2495456412726, -39.3790339409374], [47.3627131747407, -39.3170452489527], [47.3783307964852, -39.3073784999449], [47.5215312107738, -39.1409773835829], [47.6239851082784, -39.0962654003669], [47.7629468659164, -39.0890752682021], [47.80279131695, -39.0794102517449], [47.933144521017, -39.0702105908817], [48.1423026813183, -39.0369876621153], [48.3181856795289, -39.0480637085557], [48.3694554127924, -39.0575433066767], [48.4180111649027, -39.0665199263726], [48.5035758672933, -39.110795164494], [48.5463582180394, -39.1808407709013], [48.5320974341579, -39.2692197674112], [48.5207052269985, -39.2844520054042], [48.479807893858, -39.3391075289515], [48.4586680423978, -39.3657783050459], [48.389489598038, -39.4529850644717], [48.3562144359473, -39.5153550933446], [48.3657216246028, -39.574005189779], [48.384736002812, -39.632605707575], [48.4275183544564, -39.6838404758078], [48.5368510284857, -39.7533126141884], [48.6699516759501, -39.8409668402334], [48.756519685122, -39.8935680758654], [48.8158700994377, -39.9184013080339], [49.0571650075315, -40.0528605168922], [49.3203958154626, -40.1870549804236], [49.5080968968375, -40.2782434988133], [49.6431533410672, -40.2929613871873], [49.7483701258058, -40.2783681992275], [49.7843574688259, -40.2186566569614], [49.7371779294426, -40.0864339611569], [49.6079677363534, -39.9256045482978], [49.5105238402063, -39.8564466097146], [49.4745287887428, -39.8381716065539], [49.2936771314406, -39.74627802786], [49.1748781133552, -39.6548749027591], [49.1072769192932, -39.5402781847917], [49.1158349785622, -39.4610356395488], [49.1703559519942, -39.3680175465476], [49.3676883575187, -39.2560540949447], [49.513608771673, -39.1986094674612], [49.7810497309142, -39.157146040294], [50.0662164395812, -39.157146040294], [50.1679234714704, -39.157146040294], [50.305932695107, -39.1485152935479], [50.3194489858237, -39.1476699617825], [50.5428679300065, -39.1144835128536], [50.742518900754, -39.1071066230935], [50.9421698723999, -39.1366095502527], [51.103792086729, -39.1845254505007], [51.2692287480789, -39.2321385123946], [51.2701678962842, -39.2324087094207], [51.3842541655395, -39.2692197674112], [51.4840796509132, -39.2802593158284], [51.6361946765869, -39.2434540558246], [51.6647162443499, -39.1955783311108], [51.6552090547961, -39.1144835128536], [51.61242670405, -39.0443718855559], [51.5867417114254, -39.0222034479576], [51.1849473753099, -38.8503099163753], [50.8339729644355, -38.7819434831609], [50.570742155606, -38.7819434831609], [50.3294472475124, -38.7990412438775], [50.0004087373738, -38.8332244606713], [49.8468574322233, -38.8503099163753], [49.4739471206132, -38.8673912693379], [49.151820628258, -38.8517140525163], [49.1131743986594, -38.8437934520307], [48.9323576822285, -38.7985120463522], [48.796745144007, -38.7532018502636], [48.6546748669396, -38.7028234353162], [48.5319778091048, -38.6725793372322], [48.4221962307584, -38.6574524940493], [48.2930414331795, -38.6322339893135], [48.1832598548331, -38.6322339893135], [48.0476473175099, -38.6271892227014], [47.9120347801867, -38.6271892227014], [47.7247603231133, -38.6423224562133], [47.5697745665575, -38.6826621235021], [47.4277042885918, -38.7280170835796], [47.2478258507971, -38.8074917890264], [47.2339720917742, -38.8136090473623], [47.1306482540704, -38.8488229416741], [46.9950357167472, -38.8789924128866], [46.8787963986566, -38.8789924128866], [46.8510164440596, -38.8780913257554], [46.759788260858, -38.8751321136817], [46.7238106412025, -38.8739650568389], [46.6204868026003, -38.8588808549509], [46.478416525533, -38.8186406701112], [46.349261727954, -38.7985120463522], [46.220106930375, -38.7834118457846], [46.0904136898012, -38.7711564426431], [46.0070015134265, -38.7632732706031], [45.9765319417834, -38.7669283043739], [45.8391002764839, -38.7834118457846], [45.6582835600531, -38.8136090473623], [45.5370116875014, -38.8576924658302], [45.1745105835847, -39.0550152197956], [44.9199080113125, -39.1603814972651], [44.8446083343174, -39.1749764744986], [44.7735731953345, -39.1849881054408], [44.6637916178864, -39.2000028784418], [44.5281790796649, -39.2050070905104], [44.4636016813246, -39.2050070905104], [44.4442284611937, -39.2050070905104], [44.399024282086, -39.2050070905104], [44.2827849639954, -39.2200175855655], [44.2052920861667, -39.2450279470474], [44.1600879061606, -39.2700293934376], [44.0756176617049, -39.3223254214446], [44.063221808201, -39.329996480782], [44.0507247639719, -39.3335577584983], [43.954532803124, -39.3609634676878], [43.9405247503662, -39.3649535557436], [43.8708531219323, -39.3609634676878], [43.7661657736795, -39.3549676040792], [43.6305532363563, -39.3449802255904], [43.5595180973735, -39.3349914196821], [43.4949406981348, -39.3100131599108], [43.4626519985155, -39.2750286126263], [43.4820252186464, -39.210010945381], [43.4889948588637, -39.188406365222], [43.4949406981348, -39.1699701236871], [43.5207716580099, -39.1198870212939], [43.5293180310954, -39.1088353026702], [43.5401448772425, -39.0948321083254], [43.5530603576293, -39.0446955683644], [43.5466026178851, -38.9543600705268], [43.5078561785216, -38.8789924128866], [43.4877994779016, -38.8594727252982], [43.4766215512768, -38.8485917582415], [43.4561942587713, -38.8287028498449], [43.3787013800442, -38.8287028498449], [43.2560043222095, -38.8337334061024], [43.1112804523355, -38.8778335840665], [43.1074763053979, -38.8789924128866], [43.0598857193986, -38.8867462232431], [42.829793490109, -38.9242226129869], [42.6748077326549, -38.9644030428282], [42.5714838949511, -38.9644030428282], [42.4810755367356, -38.9543600705268], [42.4113661539069, -38.9427428409327], [42.3906671776219, -38.9392929425454], [42.384260351693, -38.9343094593364], [42.301402659529, -38.8698279146044], [42.3002588194064, -38.8689373451581], [42.3004253985011, -38.8669918874609], [42.3030952436278, -38.835803731161], [42.3067165591506, -38.7934790018067], [42.364836218645, -38.7330547474423], [42.4617023166047, -38.6977836402513], [42.5133642354566, -38.6675374114679], [42.5908571141837, -38.6423224562133], [42.6489767736781, -38.6019600691108], [42.7587583511262, -38.5211671637927], [42.881455408961, -38.4605128997135], [43.0816453455228, -38.3694358014655], [43.1914269238691, -38.3035865174539], [43.3076662419597, -38.2376774032078], [43.35237367158, -38.1779566313514], [43.367077448864, -38.1583044263992], [43.4561942587713, -38.1209225058853], [43.511277981813, -38.1051626614636], [43.5272293977542, -38.1005982128383], [43.6240954957138, -38.0599326643236], [43.7532502941911, -38.0294186639182], [43.8242854322756, -38.0141568949205], [43.9211515311336, -38.0039806169235], [43.9356190955154, -38.0025556061594], [44.0761372876894, -37.9887135515348], [44.2311230451435, -37.968352520632], [44.6185874387787, -37.9632613805075], [44.7606577158461, -37.9428932894698], [44.9634293431608, -37.930591446901], [45.0125095712599, -37.927613515841], [45.1868685479465, -37.9021401681923], [45.4322626636161, -37.8919483596403], [45.6001639014569, -37.8817551392694], [45.7680651383994, -37.8460677590914], [45.862207739352, -37.8188044173625], [45.9617973343187, -37.7899526812999], [46.0844943921535, -37.7440086232799], [46.2394801496076, -37.6929262002441], [46.3880081673175, -37.6469219109573], [46.4848742652772, -37.6162365437803], [46.5434158868168, -37.5980888440338], [46.633402282987, -37.5701847411714], [46.8271344789064, -37.5650661153147], [46.9498315367411, -37.5650661153147]]]}, "properties": {"OBJECTID": 158, "id": null, "Name": null, "type": "Dark Forest", "continent": "Ulthos", "size": null, "Symbol": null, "Shape__Area": 4235151541251.4785, "Shape__Length": 12837770.396647597}}, {"type": "Feature", "id": 159, "geometry": {"type": "Polygon", "coordinates": [[[45.2462988620169, -49.0254902140101], [45.240397639371, -49.0277474113196], [45.1597475911538, -49.0409660818722], [45.0327941133819, -49.0617668429469], [45.0079553894505, -49.0680957816509], [44.8993347039458, -49.0957630034726], [44.778179512668, -49.1266047575073], [44.765875295408, -49.1297358968551], [44.5953438272462, -49.1879210221842], [44.551457059842, -49.225416025264], [44.5359260527588, -49.2386782514746], [44.492609137045, -49.3516768071483], [44.4915420651499, -49.3572373404397], [44.5063708879215, -49.400681911033], [44.5211997115914, -49.4633673870684], [44.550857358033, -49.4874558579816], [44.5579802849738, -49.4932394625076], [44.6101726509161, -49.5355972606612], [44.6546591201293, -49.5884980882609], [44.676902355185, -49.6077205440779], [44.676902355185, -49.6653424553471], [44.6668382649523, -49.7065802504155], [44.6546591201293, -49.7564377439966], [44.6324158859719, -49.7851691873403], [44.5731005921904, -49.8521429997277], [44.4692988300942, -49.8999246907248], [44.2709015095296, -49.9400713643885], [44.2097944226077, -49.952429950388], [44.0540917790142, -49.9858126144849], [43.9058035459081, -50.0477475705214], [43.8745777661706, -50.0602781865232], [43.8125937986657, -50.0851420841377], [43.6759567857616, -50.1143574893666], [43.4683532597724, -50.1523787518376], [43.2287115177028, -50.1694368165456], [43.2014344409002, -50.1713780547086], [43.1599902008383, -50.1665022375735], [42.8381282713175, -50.1286190033707], [42.5267229832321, -50.0620289163893], [42.4152582809452, -50.0179744602747], [42.3119135106986, -49.954768250718], [42.178245636421, -49.7660167839916], [42.1426825892692, -49.7134842358821], [42.0866764042285, -49.6306384307298], [41.8967505543227, -49.4797089855503], [41.8816691711072, -49.4730041972333], [41.8563637885554, -49.4644241784717], [41.7111377038437, -49.4151549000004], [41.4219756508141, -49.3524077953078], [40.9326244831811, -49.2847443636982], [40.8504596274597, -49.2754224123704], [40.5731673026384, -49.2439494127381], [39.5242339571127, -49.2141671593457], [38.9869469395942, -49.2642808516105], [38.6761739316198, -49.2507589039677], [38.4811178839747, -49.1917779783423], [38.1395977608671, -49.0352958386593], [38.058061262314, -48.9583951524993], [38.0335895361087, -48.9352916179365], [37.9372021845, -48.7840743656344], [37.885301303901, -48.6862723358562], [37.885301303901, -48.6078936949325], [37.9223733617283, -48.5146608064374], [37.9965174782814, -48.4851831358432], [38.0915872870326, -48.4497256149562], [38.1593025455761, -48.4451188447779], [38.2189498270421, -48.4507708529237], [38.3449948241941, -48.4900972712561], [38.4636254108586, -48.5343030649245], [38.5146947281856, -48.5564903767731], [38.700886582391, -48.6372999607464], [38.8417604032129, -48.6764816670782], [39.0271206941463, -48.7009547704914], [39.1976521614098, -48.7009547704914], [39.2869993748144, -48.6933453963525], [39.4274989224547, -48.6813772396532], [39.5884731909525, -48.6594907771832], [39.679588917657, -48.6470982426543], [39.8056339157073, -48.6470982426543], [39.8599546609507, -48.652619393824], [39.9984086180265, -48.6666890957366], [40.1837689080616, -48.7009547704914], [40.3912924184135, -48.7614370434904], [40.5025886084312, -48.7938441052783], [40.5382343266403, -48.7999036980331], [40.7324353685777, -48.8329040421884], [40.8881380130696, -48.8573010502329], [41.1550568319418, -48.871933550502], [41.4293900621999, -48.8768100996615], [41.7185521152296, -48.8963115441088], [41.7792982923079, -48.9056573884554], [42.0670294620406, -48.9499013038234], [42.1154344202524, -48.947723966109], [42.4238346038622, -48.9338493664515], [42.6712007722104, -48.8955989012927], [43.1731859448139, -48.6971936006946], [43.4386956133309, -48.6470982426543], [43.6833711971474, -48.6127959289126], [43.7032284394348, -48.6102342048089], [43.9679906880759, -48.5760655897898], [43.987362073847, -48.5735647291313], [44.187551187552, -48.5195720855242], [44.3506682434297, -48.4507708529237], [44.5063708879215, -48.3720265696616], [44.5953438272462, -48.3128883211331], [44.7288032366823, -48.2438069692422], [44.8103617646211, -48.1746321910019], [44.8696770575042, -48.149904266423], [44.9628192155047, -48.1368198707901], [45.0105508783262, -48.1301133441025], [45.1736679342038, -48.1004126545345], [45.3219561673099, -48.105363961629], [45.5295596924007, -48.1400097592734], [45.6481902790652, -48.1795763452664], [45.8632082164402, -48.2092312599393], [46.0559829187594, -48.2092312599393], [46.1746135045256, -48.2092312599393], [46.2635864438502, -48.23393057835], [46.3006585025759, -48.2734247011287], [46.3006585025759, -48.3178191295964], [46.2635864438502, -48.3621749593064], [46.2592516836338, -48.3639749903921], [46.2042711509671, -48.3868004112121], [45.9219946324879, -48.498261086765], [45.8928658628817, -48.5097490518172], [45.7445776297757, -48.5637521690265], [45.7103520105885, -48.5815455021706], [45.6407758667811, -48.6176976869683], [45.581460573898, -48.6617920963557], [45.5644585647573, -48.6917295196737], [45.5618012735868, -48.6964069148674], [45.5367315317103, -48.8451119613741], [45.458948840303, -48.9371665899714], [45.3704983297065, -48.989958579733], [45.2462988620169, -49.0254902140101]]]}, "properties": {"OBJECTID": 159, "id": null, "Name": null, "type": "Forest", "continent": "Sothoryos", "size": null, "Symbol": null, "Shape__Area": 126006260760.54297, "Shape__Length": 2286187.0941554517}}, {"type": "Feature", "id": 160, "geometry": {"type": "Polygon", "coordinates": [[[31.8487051390126, -47.6008657346741], [32.0509299555257, -47.6382288810451], [32.1328153345823, -47.6515453228909], [32.2485843190447, -47.6667599570171], [32.3784714717523, -47.6914742810094], [32.4603568508089, -47.7218758405801], [32.4882938686469, -47.7386888748629], [32.488345491233, -47.7387199373359], [32.5140058924767, -47.7541580689586], [32.545065863874, -47.8072851682879], [32.564831300136, -47.8414096364586], [32.5799990725357, -47.8925873909976], [32.569769963582, -47.9291549963405], [32.5309449575637, -47.9638295733426], [32.4662974933261, -47.9881362433825], [32.3348219637876, -48.013271414275], [32.0238006632654, -48.028130725098], [31.9582170637719, -48.0217635490865], [31.7207796580522, -47.9104769480072], [31.4905137934014, -47.8418336492933], [31.2858330251223, -47.790291490444], [30.9788118722546, -47.7559016245542], [30.6589377770153, -47.7559016245542], [30.5576992291232, -47.7443153615284], [30.2624291828288, -47.6525955536433], [30.0647037311298, -47.5488985035564], [29.9461923509035, -47.5212581270304], [29.750727261682, -47.4972524878119], [29.4383631981006, -47.4670950966786], [29.3728089420759, -47.4531420490306], [29.2323637029844, -47.3852639534749], [29.2104296941006, -47.3597993673484], [29.1923886072641, -47.2619416355544], [29.2174280624407, -47.2306295439969], [29.3413657242256, -47.2025688727821], [29.6483868770933, -47.2025688727821], [29.9298229335893, -47.2025688727821], [30.2880142792005, -47.2025688727821], [30.4979313883561, -47.2256522593921], [30.6080531048017, -47.2524913804932], [30.7229609121304, -47.2894113304222], [31.1323224486885, -47.428063178837], [31.4393436015562, -47.514535586986], [31.8487051390126, -47.6008657346741]]]}, "properties": {"OBJECTID": 160, "id": null, "Name": null, "type": "Forest", "continent": "Sothoryos", "size": null, "Symbol": null, "Shape__Area": 21660890484.810547, "Shape__Length": 844286.5452675708}}, {"type": "Feature", "id": 161, "geometry": {"type": "Polygon", "coordinates": [[[15.218392698598, -47.2546914320208], [15.3591214244335, -47.1180608846979], [15.4522280271151, -47.0572023381799], [15.8836051961786, -46.8712686724335], [16.1486427317418, -46.7805970974746], [16.2679633413255, -46.7217911358554], [16.3115550723461, -46.7002913875555], [16.3579026073845, -46.6393341952274], [16.3661461817438, -46.6207340423051], [16.3849386697896, -46.5783082513901], [16.3849386697896, -46.5265177965611], [16.3888009646756, -46.4693523344838], [16.3926632586633, -46.4214489976686], [16.3942113253924, -46.419551796988], [16.4274239099421, -46.3788328900276], [16.5432927484365, -46.3255159444075], [16.6823353535517, -46.2641371525385], [16.798204192046, -46.2026895640981], [16.8793123783633, -46.1492009508489], [16.9720074484401, -46.0903033824608], [17.0338041621241, -46.0554706800188], [17.1149123484413, -46.0259796834431], [17.1882959458849, -46.0232979029682], [17.2578172493409, -46.0232979029682], [17.3389254356581, -46.0501098516372], [17.3972163823177, -46.0885293061735], [17.4161713270894, -46.1010167143026], [17.5077237203619, -46.1442407294271], [17.6423625818334, -46.2077452651904], [17.8792426889206, -46.2732788621357], [18.2374340336335, -46.3263079347794], [18.2444732061487, -46.3266818491369], [18.4165056279963, -46.330849979346], [18.520787582731, -46.3335168020685], [18.558140664122, -46.3433409805266], [18.6018957690483, -46.3548467006976], [18.6675547776182, -46.3894900371921], [18.7139023126566, -46.432097824075], [18.7293514904039, -46.5172135484278], [18.718930423152, -46.5476822532105], [18.6984531340111, -46.6075031507916], [18.6822958385798, -46.6510315604427], [18.6482433040867, -46.742655846251], [18.6482433040867, -46.8087837210782], [18.6868662502514, -46.8853903298726], [18.7486629639354, -46.9539792412526], [18.8452203288982, -47.0145808622552], [18.9804006400258, -47.0777440970806], [19.2237251989775, -47.1513400182332], [19.4281273403982, -47.208251968957], [19.5442956511571, -47.2405696747642], [19.9536988785275, -47.3453536694299], [19.9597536861376, -47.3483244362574], [20.0657054221359, -47.4002821627909], [20.119777546048, -47.4525418280759], [20.1352267246936, -47.4890927244816], [20.1313644298076, -47.5282261918996], [20.115984267827, -47.5553801892614], [20.0811545998832, -47.6168207074104], [20.0309447699588, -47.6740667124036], [19.9540070563656, -47.7190957867213], [19.9496641834638, -47.7216363652801], [19.9421119947679, -47.726054097629], [19.8610038084507, -47.7520283516008], [19.7296857913108, -47.7779896477761], [19.5520202400307, -47.7779896477761], [19.4129776349155, -47.775394101046], [19.2932465024335, -47.7520283516008], [19.1464793075463, -47.7078644099], [19.1426367486471, -47.7056764635721], [19.0962694776219, -47.6792677836051], [18.9533645776206, -47.6116134136754], [18.8490826228859, -47.5595119588744], [18.844418758577, -47.5584628522376], [18.733253660607, -47.5334507567269], [18.7100400177707, -47.5282261918996], [18.6194881195526, -47.51383761201], [18.578722001529, -47.5073586398991], [18.4242302177682, -47.4577649407968], [18.2658761391214, -47.3872091394917], [18.1847679528042, -47.3348846122321], [18.1345581228798, -47.3060840014651], [18.1092103955421, -47.2772398772923], [18.095935176715, -47.2641641757144], [18.0573122305502, -47.2222111283862], [18.0148269903978, -47.1513400182332], [17.9568491470389, -46.9962752051614], [17.9066827416754, -46.930246862113], [17.8255745544598, -46.8642683845247], [17.7692931103447, -46.8341441719859], [17.7395033522676, -46.8181925934485], [17.736741779269, -46.8167136092127], [17.5938368792677, -46.7955646420584], [17.4625188630261, -46.7929204369818], [17.3466500245317, -46.803496478986], [17.2848533108477, -46.8193566450138], [17.2087036892533, -46.8391185887365], [17.1728467681377, -46.8484214694719], [17.1057495442214, -46.8726356559897], [17.0038774415089, -46.9335378598887], [16.8962099475724, -47.0363674385354], [16.7534984620384, -47.2720542281574], [16.7378331720916, -47.2917904560929], [16.7093714159569, -47.3584370718879], [16.6437124082852, -47.4551534495903], [16.5792817362718, -47.4911303551333], [16.5625965943729, -47.5004430180489], [16.4196993210685, -47.5490854443138], [16.3331815726367, -47.5624021094591], [16.2516451333724, -47.574948962662], [16.1995485287376, -47.5829640312355], [15.9733396068269, -47.6106990222556], [15.8171813637724, -47.629836671935], [15.5940568307459, -47.6423658019763], [15.5390961526436, -47.6454515518272], [15.3150830663251, -47.6766673125071], [15.1914896389571, -47.6974674510837], [15.0099617927911, -47.7598181009101], [14.9880635099062, -47.7645225060399], [14.7274728002894, -47.8204725195939], [14.6353192166995, -47.8402438971284], [14.4499290765458, -47.8609787322094], [14.2868068068463, -47.8709272242448], [13.9135527998084, -47.8590029993491], [13.2483403022278, -47.8590029993491], [12.9421552051068, -47.8846762830505], [12.9359095935338, -47.8842955122432], [12.8239030508237, -47.8817052767969], [12.7080342123293, -47.8583873310393], [12.6257937750549, -47.8284892877043], [12.6153391422525, -47.8246873305176], [12.6127254840519, -47.8211775846711], [12.5689916072141, -47.7624144250638], [12.5458178396949, -47.7130621114191], [12.5458178396949, -47.6714659820838], [12.5651293123281, -47.6376446952017], [12.5819261453595, -47.6245380077723], [12.6854681883375, -47.5663507442564], [12.8645638611431, -47.428063178837], [13.0336206944604, -47.3517615874877], [13.1058505559402, -47.3348846122321], [13.2217193944345, -47.3401194006236], [13.2860819651662, -47.3457107670702], [13.3723488833094, -47.35320409988], [13.384531237813, -47.3568273599285], [13.5307029619562, -47.4002821627909], [13.7740275218062, -47.4708204537889], [13.8330235615221, -47.4816199859577], [13.9328546604681, -47.4998895327705], [13.9594176619599, -47.5047496128055], [14.1757061594047, -47.5256182016093], [14.3709184492305, -47.5256182016093], [14.3765454791022, -47.5256182016093], [14.5466995093176, -47.5132430800407], [14.951996804324, -47.4060158175578], [15.0878779154592, -47.3579405548895], [15.218392698598, -47.2546914320208]]]}, "properties": {"OBJECTID": 161, "id": null, "Name": null, "type": "Forest", "continent": "Sothoryos", "size": null, "Symbol": null, "Shape__Area": 85521122616.95166, "Shape__Length": 2147192.6093158107}}, {"type": "Feature", "id": 162, "geometry": {"type": "Polygon", "coordinates": [[[5.4283536323588, -52.9641211295499], [6.0653785944267, -52.9641211295499], [6.18679762449665, -52.9492944312957], [6.21023301017266, -52.9464321084694], [6.22651314123585, -52.9402254767619], [6.31656131454823, -52.905879455075], [6.44188159674308, -52.8580346509635], [6.8342659374253, -52.6778321284256], [6.93034934854925, -52.6469803576646], [6.99500169153712, -52.6262086447611], [7.25501541055198, -52.5630304795102], [7.4866639971224, -52.5314072277105], [7.56210538155702, -52.5248505972948], [7.61903461789146, -52.5199022140321], [7.82231807201742, -52.5170254894642], [8.09651435770367, -52.5429092285795], [8.34234551094546, -52.5946309495915], [8.86581180857894, -52.7278657712248], [8.87182799491997, -52.7293946763803], [9.19802702476852, -52.843760103661], [9.39047122970818, -52.8849069731203], [9.42494808971401, -52.8922744162255], [9.51961084216559, -52.8990728719748], [9.61637294396143, -52.9060209961715], [9.62350402041844, -52.9065330079233], [9.65376015953654, -52.9017724001403], [9.73223703036793, -52.8894221346462], [9.84102769419237, -52.8701121251235], [9.89297278447976, -52.860888997386], [9.96861313946158, -52.8266244507254], [10.0820736719343, -52.7980500033267], [10.1086256600807, -52.7899704515855], [10.2569919918192, -52.7637358699124], [10.4791855342415, -52.7036210172097], [10.6304662442052, -52.6720991950945], [10.758109342451, -52.6548958825649], [10.8640487625468, -52.632730134885], [10.8952074857432, -52.6262086447611], [10.9774006797185, -52.6042505321521], [11.0133955398409, -52.5946309495915], [11.1835863381009, -52.5026390422139], [11.2314161580368, -52.465189272173], [11.2828643039022, -52.4248708285818], [11.3573680825388, -52.3168365615269], [11.3585046588841, -52.3151864206691], [11.3611265348729, -52.3030492846496], [11.3915973138518, -52.1617503987486], [11.4047481276901, -52.1213963091136], [11.4388725363891, -52.0165128420869], [11.4956028021763, -51.9145651312414], [11.5047259385899, -51.9068266832589], [11.6090633346491, -51.8182305204897], [11.6984953876441, -51.7871230068781], [11.7603440437144, -51.7655973819727], [11.916352275303, -51.7216895024112], [12.2045516640298, -51.688201926838], [12.4458347592775, -51.6601467651038], [12.6265643031933, -51.6345703731401], [12.9847722874002, -51.5838350288168], [13.2589685730864, -51.5485709329674], [13.3913391947538, -51.5073949148396], [13.448069460541, -51.4602910010241], [13.4669795488373, -51.3747911058977], [13.4338868938696, -51.2447615873379], [13.3204263613969, -51.132166705816], [13.2167526307882, -51.0386252381894], [13.0492860023734, -50.8323495350062], [13.0462300757106, -50.8285769185583], [13.0417573100121, -50.8180821776004], [12.980044764877, -50.6730411174339], [12.9780118405581, -50.6124493322955], [12.975317243252, -50.5320158144721], [12.975317243252, -50.4809025560618], [13.0017907743381, -50.4158802841278], [13.0084098982197, -50.399608930728], [13.0304745571801, -50.3503570593427], [13.0367750315625, -50.3362840018656], [13.1833282190029, -50.2214811584968], [13.2589685730864, -50.1488314092189], [13.315698839772, -50.0851722103917], [13.3505353160473, -50.0217975424504], [13.3505353160473, -49.8535298031898], [13.3373152223376, -49.827952316397], [13.2400584847901, -49.6983802911514], [13.0793227306783, -49.4316218135521], [12.9989548540716, -49.1603133045053], [12.9919163184619, -49.0843086418765], [12.9894998099234, -49.0581874369302], [12.9863270977822, -48.9895313206754], [12.9847722874002, -48.9558513029611], [12.9894998099234, -48.8906187824118], [13.0367750315625, -48.837749088313], [13.1076878640211, -48.7817085264515], [13.1520260007196, -48.7715943765937], [13.230603440642, -48.7536647561476], [13.3012755910798, -48.7484873794981], [13.3582465388878, -48.7443133520625], [13.4527969830643, -48.7723623429711], [13.496532304393, -48.8199617984684], [13.5580814917921, -48.8868725283211], [13.5615299930138, -48.8906187824118], [13.6749905245882, -49.1046343454079], [13.7711176064114, -49.2196211669707], [13.868818934566, -49.336217593055], [14.0626473436455, -49.5022859137226], [14.1193776094327, -49.5943033425523], [14.1368657589574, -49.6607610271148], [14.1902904418913, -49.8632218417225], [14.2470207085769, -50.0244656944933], [14.3005847166181, -50.0767446080795], [14.4931424470501, -50.1473074916219], [14.835924586351, -50.2691853280516], [14.8588264715629, -50.2859120598804], [14.8757811574544, -50.2910001632952], [15.0412444331912, -50.3845392313671], [15.1310673548444, -50.4598398375493], [15.2681654981366, -50.69999776112], [15.367443463938, -50.8076695041804], [15.3970983480601, -50.8553461569059], [15.419446207202, -50.8912430100568], [15.4453150562192, -50.9890476825327], [15.4572663846929, -51.0341636788048], [15.4478113405448, -51.1796086064296], [15.4453150562192, -51.1833641503126], [15.4375649318353, -51.1950219012489], [15.3768985080862, -51.2861745867249], [15.2634379756134, -51.4308263434904], [15.1263398323211, -51.5603286707821], [14.9995402242794, -51.6352201073674], [14.8379609799635, -51.7304744922769], [14.6256682904121, -51.8088366638963], [14.5684922159022, -51.8299184326111], [14.4786692951473, -51.8708022486934], [14.4219390284617, -51.9028991959681], [14.4030289401654, -51.9466308294203], [14.4077564617903, -51.9815854633918], [14.4361215951331, -52.0165128420869], [14.4786692951473, -52.0543200886885], [14.5533665286753, -52.1013759782444], [14.5693162557837, -52.1069741292758], [14.8740114907178, -52.1770966091897], [15.635749578053, -52.2937221676144], [15.9887515422191, -52.3269252298226], [16.1553854754846, -52.365946362265], [16.1659723959925, -52.3770270459772], [16.2420350660574, -52.433518526304], [16.3554955985301, -52.5745241953317], [16.4713682683392, -52.6223830954799], [16.4736836526278, -52.6233388859346], [16.8566129491619, -52.6520280051669], [17.3246376439276, -52.6692324468509], [17.5184660539054, -52.7150778570644], [17.5477753318832, -52.7205405753421], [17.9486705711802, -52.7951915258519], [18.1948477500796, -52.8262600305149], [18.6065281186604, -52.8262600305149], [19.4444400147291, -52.664867417446], [20.0351978661293, -52.6015957047195], [20.1899322255596, -52.602957690301], [20.545106898191, -52.6299131355485], [20.6684536859113, -52.652825508778], [20.7359566914178, -52.6767898080115], [20.7698815914787, -52.7110580684605], [20.7846551400126, -52.776644470183], [20.7213324060532, -52.8837675638919], [20.5697891230236, -52.9791730407258], [20.3264553976627, -53.0917280534329], [20.1257876364215, -53.2435761699379], [20.0157435802306, -53.3750775008008], [19.8929489033722, -53.4726403579626], [19.7982280856173, -53.5300436886866], [19.6976292181575, -53.5689838286891], [19.2710032521064, -53.6285544712835], [18.9277742871899, -53.7454731322241], [18.6065281186604, -53.8944753370954], [17.9209638400587, -54.1183094831478], [17.6885147234161, -54.1863742966484], [17.6319265854799, -54.2038729559444], [17.5704687971694, -54.2591387762288], [17.556286230498, -54.3032981684155], [17.5777120166115, -54.3593616241376], [17.6248535213256, -54.404869659161], [17.7170219846098, -54.451986909792], [18.0763136703244, -54.5946601238799], [18.1169147139313, -54.6097117444576], [18.3126897785197, -54.6822114061085], [18.752349340841, -54.7832077108746], [19.1258235932269, -54.8839524301519], [19.3952923572882, -54.9464508613582], [19.4857804293071, -54.9759921827493], [19.5210560002967, -54.987502590092], [19.6761810244675, -55.07305638968], [19.7734941312991, -55.1900780782069], [19.8092888431829, -55.2229576408368], [19.9673225403786, -55.367796582687], [20.3927995360285, -55.7155261535271], [20.5204426351727, -55.8404878502555], [20.5259438434124, -55.8672492926727], [20.5346252009457, -55.9094435581719], [20.5251701567976, -55.9465228489691], [20.4968050243531, -55.9835666701155], [20.4745514254339, -56.0102346376429], [20.4637123684871, -56.0232171381252], [20.4117096252231, -56.0469878940915], [20.368113598459, -56.0578081271313], [20.3266142260931, -56.0681051660753], [20.2434646991411, -56.0705058489924], [19.7744664713559, -56.0181139169132], [19.6338503987486, -55.991906812862], [19.4625241461391, -55.9266912297927], [19.3449788456104, -55.8442848555561], [19.1266822380098, -55.7473256176568], [18.8499986942699, -55.6753842200247], [18.6749901871238, -55.648703787477], [18.2203496328116, -55.6326668833388], [18.0668101719481, -55.6068232975883], [17.6162686051246, -55.479368335249], [16.9800757444195, -55.3167945666553], [16.6335709192077, -55.2674702699426], [16.2397396827585, -55.2368606856237], [16.0812993119456, -55.2494059767322], [15.9524472960247, -55.2707233860539], [15.9347461245051, -55.2736509924334], [15.8921984253893, -55.3086454557182], [15.8811036872514, -55.3275848242678], [15.8591057695233, -55.3651098111441], [15.8810357234119, -55.4543327863348], [15.887470902866, -55.4804763715684], [15.917293637199, -55.5091227407285], [16.0299330106873, -55.6171311696477], [16.1049369227651, -55.6888868399488], [16.1713435497387, -55.7323111466445], [16.3696781652015, -55.8617180348825], [16.6888516616558, -56.017410718954], [16.8093377275228, -56.0760211615558], [17.1118991465518, -56.1893052066873], [17.2159046339781, -56.2760179407274], [17.2223162191813, -56.2851384928266], [17.2915449889599, -56.3834787268391], [17.3151825997794, -56.5193356643124], [17.3079110977789, -56.5534169260396], [17.2986028212802, -56.5969997241519], [17.2962725114831, -56.6079027399342], [17.2776125563828, -56.7360571787563], [17.2773624222885, -56.7351791055849], [17.2773624222885, -56.7377721068298], [17.2776125563828, -56.7360571787563], [17.3113220539134, -56.8542041237167], [17.4755456994738, -57.0716375559977], [17.5874366433798, -57.1402812053825], [17.6792018071189, -57.1964830915649], [18.2364716505033, -57.3955096896236], [18.2370494244362, -57.3957154804378], [18.5765310599584, -57.4678512853621], [18.6446150230271, -57.4770035640583], [19.0304848046251, -57.52883133138], [19.2014639482088, -57.5710614418982], [19.3117769007069, -57.6284816055941], [19.373085063827, -57.702262393716], [19.3602896621427, -57.7790950534131], [19.3480171356492, -57.8236947569824], [19.2912868689637, -57.8840648539126], [19.1778263373892, -57.9368056940091], [19.1475024311627, -57.9488768451556], [19.0832758932128, -57.9744303382897], [19.0273699385983, -57.9853511782022], [18.4541805011933, -57.9853511782022], [17.8828769356919, -57.9651542455203], [17.4563590495459, -57.9385278950564], [17.0794281581001, -57.8832893581613], [16.8344287459967, -57.81810393723], [16.7319489653338, -57.7388200303344], [16.6394965526731, -57.6102843355061], [16.4550311849853, -57.4788950389944], [16.1308793348209, -57.3333833655089], [15.78809719552, -57.1891994789046], [15.5971044381108, -57.0558977366477], [15.3808438998309, -56.9756245692069], [14.988272203818, -56.8991354679177], [14.4093225145881, -56.7230704861839], [14.2206024364572, -56.6153340565742], [13.9599257859155, -56.3755109458523], [13.8075781684484, -56.1428080603621], [13.6933174553482, -55.9300302026292], [13.4647960291476, -55.7589621773012], [13.2743615073138, -55.5225126198187], [13.0445554543243, -55.3362317039498], [12.8771465974638, -55.2877287601967], [12.6401177428403, -55.2539700625688], [12.4647416531647, -55.2461297741247], [12.3167046617756, -55.2545677603725], [12.0769774486, -55.2959951027536], [11.9518367162743, -55.340499651067], [11.7552187013693, -55.3791082774893], [11.2557555758754, -55.4145632390846], [10.9841789545258, -55.4145632390846], [10.7259606317939, -55.3855143932883], [10.3416698719714, -55.2846335007023], [10.1134681966047, -55.2195998743594], [9.95662425871403, -55.1931904562335], [9.65610559336974, -55.1760328214069], [9.49872863830863, -55.1888694985544], [9.32262091036, -55.22321480097], [9.21247434112379, -55.2650764195777], [9.05702825817204, -55.2937398631599], [8.66584607983395, -55.3279907852774], [8.22638163428729, -55.3279907852774], [7.95929376146174, -55.3005026814073], [7.56132585319786, -55.2195086758435], [6.91384847896289, -55.0453203020978], [6.44468539954325, -54.865721238793], [6.21403012330164, -54.8172596632521], [6.0378496785274, -54.8045685786904], [5.77410104753048, -54.8045685786904], [5.56030981806648, -54.818495648964], [5.35228539992569, -54.8484488150593], [5.12138267645084, -54.8816701772719], [4.97963843393269, -54.9224199454884], [4.64836560976495, -55.0564801441565], [4.54614520416564, -55.111737908946], [4.41850210591981, -55.1738823874011], [4.25776635180798, -55.2440161862537], [4.22522721176892, -55.2536335396261], [4.13012325266386, -55.281729376794], [4.00248015441806, -55.3086454557182], [3.85832936298299, -55.3279907852774], [3.48602708595437, -55.3279907852774], [2.03872472001743, -55.3713006890522], [1.669956029041, -55.3887597537934], [1.49960238418632, -55.4162393356374], [1.39351756367696, -55.4463352883411], [1.2999800849677, -55.4952763414043], [1.25158904884625, -55.5341327448111], [1.1565118047394, -55.662229364683], [1.07614392723433, -55.7607713246814], [1.03266440477598, -55.7852273844893], [0.953228351511737, -55.8298684081885], [0.784931114734124, -55.8596147404892], [0.705683067180779, -55.8659679050108], [0.301060007202499, -55.9113506544441], [0.0157799113837172, -55.9831458149378], [-0.246489541988268, -56.100346309565], [-0.379116400005567, -56.1373142053101], [-0.455573257105329, -56.1814124957026], [-0.504481840509771, -56.2950762859945], [-0.507576001267659, -56.3022557893026], [-0.507913545930585, -56.310307714136], [-0.509317634279234, -56.3437831757762], [-0.489888318850409, -56.3975846550251], [-0.512204344393617, -56.4798308815787], [-0.589271681289124, -56.5648533396129], [-0.665445490022643, -56.7114675913736], [-0.703532394389387, -56.8783298614041], [-0.694164524553051, -56.929482624653], [-0.654129188708086, -57.0167647930575], [-0.635219099513455, -57.0913252728819], [-0.630491577888553, -57.1503530418832], [-0.677766799527618, -57.2067263963753], [-0.701057517815329, -57.2403496731551], [-0.706131932870383, -57.2476712056727], [-0.714359298028737, -57.2528637613353], [-0.791227332000345, -57.3013423208695], [-0.970873174408471, -57.3370796140624], [-1.18326775267607, -57.3308266223889], [-1.23088689432166, -57.3294245474722], [-2.28105955920652, -57.2344436630943], [-3.12821773903623, -57.0812985907264], [-3.44635728897154, -57.061482706164], [-3.61301112800547, -57.0861879767554], [-3.94544732526334, -57.0861879767554], [-4.56853241131362, -57.0210211865913], [-4.96226462018077, -57.0029898356088], [-5.13615700831565, -57.0029898356088], [-5.32060224026633, -56.9775805196893], [-5.52710914427913, -56.8648708933717], [-5.57865615243656, -56.7751112346059], [-5.57865615243656, -56.6059454102685], [-5.51433686433185, -56.5215136391439], [-5.30219300765672, -56.3782146548442], [-5.12452360260409, -56.3178713434113], [-4.594721656155, -56.2443456276708], [-4.37953849973468, -56.1749686621398], [-4.15156073124911, -56.0478530062548], [-4.13135378649961, -56.009462931643], [-4.13135378649961, -55.9310728875903], [-4.18547844478779, -55.8386243772085], [-4.4586073792029, -55.7003471874046], [-4.60668814819072, -55.657161300496], [-4.83386391157042, -55.6186944944662], [-5.05801896943299, -55.6352669242622], [-5.15402777996419, -55.6507475901867], [-5.56028795397079, -55.6946174483242], [-6.14995971793797, -55.6946174483242], [-6.45737467964987, -55.6946174483242], [-6.54393119308103, -55.6888469229397], [-6.7431777503725, -55.6755603729401], [-6.94968768889433, -55.6430762397979], [-7.23484005685611, -55.5981772845392], [-7.67922714080233, -55.4483149507596], [-7.97689327333551, -55.345011505048], [-8.10470413645224, -55.300572548949], [-8.36944537888863, -55.2278424298383], [-8.58218387626445, -55.2170562703854], [-8.72691005211374, -55.2259808707254], [-8.77473497712966, -55.2341629861601], [-8.88232802767857, -55.2727084843581], [-9.08802874941943, -55.3462973004934], [-9.21567184766522, -55.4080762762907], [-9.32913238013798, -55.4483149507596], [-9.43313786846258, -55.4751179564489], [-9.59270810700227, -55.5052526560756], [-9.60332866672254, -55.5072575209635], [-9.86334238573739, -55.5366957573657], [-10.0666258398634, -55.5420457976943], [-10.2651817714661, -55.5366957573657], [-10.4637377021705, -55.5206412678539], [-10.9459449645059, -55.4349066155415], [-11.101257285617, -55.392937881592], [-12.4723858428204, -54.97980359005], [-12.9703319258018, -54.8196884334517], [-13.1867904752283, -54.7723013263282], [-13.4468041951414, -54.7450224977026], [-13.6311775600728, -54.7450224977026], [-13.8344610133004, -54.7668470307726], [-14.0661095998709, -54.8104608094969], [-14.245755442279, -54.8649118996478], [-14.7516003154339, -55.0359530830436], [-14.9454287245134, -55.0982154315604], [-15.0777993452825, -55.1387691385979], [-15.1014559608602, -55.1420743561112], [-15.2148518002594, -55.1579138150814], [-15.2905378435566, -55.1684823611141], [-15.4368641929131, -55.1684823611141], [-15.522186430127, -55.1684823611141], [-15.6277995794167, -55.1552846187966], [-15.6734671391924, -55.1495765078515], [-15.8342028933042, -55.0657428139368], [-15.8956606816146, -55.0034299146258], [-15.9382083816288, -54.9274398736357], [-15.9996661699392, -54.8540275581849], [-16.0658514798746, -54.807736326748], [-16.1385480008731, -54.7790191965906], [-16.5476846091655, -54.69465924678], [-17.3486892406509, -54.5535234989825], [-17.408467777658, -54.5398448016134], [-17.4640669620946, -54.5246630956195], [-17.6495714092749, -54.47396908853], [-17.9663153949753, -54.3474102411377], [-18.2641492914811, -54.214932040077], [-18.4579777005606, -54.1069796244852], [-18.4605423080517, -54.1048876595179], [-18.5667107105101, -54.018192839983], [-18.6187134546724, -53.9514781381317], [-18.6211860441357, -53.9498613902018], [-18.7038088538023, -53.8958008964972], [-18.8219969087983, -53.8484168373111], [-18.9827326620118, -53.8093543527426], [-19.2272426818299, -53.7726711933218], [-19.5246841448122, -53.7506923069259], [-19.8815978525275, -53.7506923069259], [-20.0883273680508, -53.766987698055], [-20.2612156184628, -53.7985615542941], [-20.4311915648596, -53.8514375873638], [-20.4869333254065, -53.8770038892722], [-20.652797366541, -53.914409225192], [-20.9823268410165, -53.931202149369], [-21.4116659482961, -53.9214788597392], [-21.8504442076281, -53.9318133255508], [-22.1756377163483, -53.9279058586817], [-22.4742848154599, -53.9005433465259], [-22.8592077449007, -53.814430114327], [-23.09812542419, -53.712431339552], [-23.4034091266021, -53.6101846605414], [-23.8965130880812, -53.4787095889021], [-23.9210640995935, -53.4721529390625], [-24.0012272222992, -53.45659111951], [-24.1846305854884, -53.4209661326248], [-24.3957455531596, -53.3969955757631], [-24.79758493799, -53.4054513316371], [-24.9535931695786, -53.4223578020747], [-25.1143289236904, -53.4674088740793], [-25.2514270669827, -53.5152233030134], [-25.3305406061953, -53.5393729345686], [-25.4263453877659, -53.5685991832843], [-25.6201737968454, -53.5938590093388], [-25.8149303740225, -53.6097993160727], [-26.1102864501751, -53.6237041061386], [-26.1575990480182, -53.6259310661277], [-26.3633337161953, -53.6062471418894], [-26.8278958717664, -53.4918993166226], [-27.066813551954, -53.4168141745366], [-27.1929089940008, -53.333670815866], [-27.2592750162253, -53.22653359001], [-27.2858214249354, -53.0952231270834], [-27.3322776408518, -52.9595131297912], [-27.4384632765906, -52.8914979366859], [-27.6574711495719, -52.8313957648118], [-27.8912608319945, -52.8161231377751], [-28.5568285432014, -52.8448459601928], [-28.7251392717763, -52.8431516677977], [-29.5815755725589, -52.7634961495784], [-29.7774294095163, -52.6926389535492], [-30.0611548207172, -52.5491009125071], [-30.1066225628344, -52.4765840362367], [-30.1066225628344, -52.3402866165401], [-30.1338707471225, -52.1902021149467], [-30.1241992736696, -52.0976131511546], [-29.9665463256105, -51.8450943618132], [-29.9082909800839, -51.8072894682225], [-29.5353189973329, -51.6602975687627], [-28.92639345054, -51.4288740439119], [-28.7723258970705, -51.410397441698], [-28.6034387779683, -51.43380062135], [-28.4142345456284, -51.5049239612448], [-28.32186314304, -51.5623840298518], [-28.2429322537826, -51.5930414062764], [-28.0499297279275, -51.6130205872338], [-27.6690606842599, -51.6130205872338], [-26.8311487881912, -51.5420126849864], [-26.3482042722138, -51.4417815787731], [-26.1905788323653, -51.3850107411273], [-25.996821671366, -51.2773993682687], [-25.8612774275639, -51.2388423982807], [-25.8095439138822, -51.2330286069436], [-25.6769040626326, -51.2181192375519], [-25.4830756535531, -51.2181192375519], [-25.355432554409, -51.2329224475068], [-25.3368139433712, -51.2396999441936], [-25.1886581866168, -51.2935956278821], [-25.0784224568937, -51.4083414193179], [-24.990316502311, -51.4677163195919], [-24.3672232595579, -51.7193228128764], [-24.1584677331501, -51.7696642417153], [-23.6829174847367, -51.8284822929223], [-23.4323129562646, -51.9015597713139], [-23.2128928733488, -52.0367412065092], [-23.0043650518992, -52.1282738683875], [-22.7995548363877, -52.1751641423115], [-22.1464595510795, -52.270421568085], [-21.4710598482582, -52.3267449757432], [-21.24945231193, -52.3267449757432], [-20.6991571851426, -52.2004462381813], [-20.3558858098632, -52.0775484400087], [-20.1767531938416, -52.0338691640599], [-19.7088976716068, -52.013305677585], [-19.2899417235724, -52.013305677585], [-18.8355561560536, -51.9933251799838], [-18.7197572289463, -51.9737856944872], [-18.4268480010326, -51.846236235697], [-18.2713051865927, -51.8119992779823], [-18.1058764079595, -51.8029072214901], [-17.2431574463866, -51.8696385002444], [-17.0330299724527, -51.9122207651873], [-16.8586175720577, -51.9928403568351], [-16.732328702069, -52.0164585180596], [-16.2049024698647, -52.0367412065092], [-15.8237547436431, -52.0367412065092], [-15.5113558649546, -52.0743246687013], [-15.1765560528604, -52.1770966091897], [-15.1750304512, -52.1794353816863], [-15.1607491695603, -52.1810458627454], [-15.1108264340142, -52.1982612422318], [-15.0355169294498, -52.251676990353], [-14.9938711828967, -52.3259759165434], [-15.0203983928126, -52.4105606657446], [-15.1068718839452, -52.4742526984905], [-15.2138419878789, -52.5054039022095], [-15.4527596671682, -52.5659563077237], [-15.6584943362436, -52.6103083441379], [-15.7375764856253, -52.6211505174925], [-15.8642290053191, -52.6385090012965], [-15.9239584251414, -52.6787641391015], [-15.9173218227393, -52.7471128197815], [-15.8111361870005, -52.8594538047221], [-15.6850407449537, -52.91551550099], [-15.4262132584581, -53.0034660345124], [-15.120929556046, -53.0752925495116], [-14.8886484791587, -53.0792794034573], [-14.8159706790507, -53.0711561743533], [-14.6831699018045, -53.0563090155013], [-14.6032745830547, -53.0473742342372], [-14.4041765163813, -52.9954779227948], [-14.2050784506063, -52.9355199686803], [-13.9462509632124, -52.7993072283631], [-13.9210623329014, -52.777303835641], [-13.8267921235677, -52.6948558155093], [-13.736241699485, -52.6443379598593], [-13.549354302213, -52.5979240950383], [-13.3489567640907, -52.5901538916931], [-13.1402152963171, -52.6039357477152], [-12.9738997161068, -52.6456013378402], [-12.940026552718, -52.6627249158175], [-12.9242142220339, -52.670716076867], [-12.8375270082205, -52.726200677632], [-12.5838352674592, -52.8881724225149], [-12.3070102157059, -53.0114526678561], [-12.1543683640507, -53.0633297724661], [-11.9088140823593, -53.1270928576749], [-11.6168035847514, -53.2026888344606], [-11.3646126997595, -53.2384509914542], [-11.1655146339845, -53.2622758421082], [-11.0404954077841, -53.2756116725431], [-10.7571694351692, -53.3127421194493], [-10.4918668157488, -53.3523497814396], [-10.3640160800099, -53.3523497814396], [-10.3151344748101, -53.3361372239268], [-10.2828465387588, -53.2821197511806], [-10.2762099363567, -53.2305064257598], [-10.2961197426646, -53.1469994465237], [-10.3027563450668, -53.0673177340309], [-10.2563001291503, -52.9994721633902], [-10.057202062477, -52.9475182124561], [-9.93110662043023, -52.9315198145101], [-9.81164778078553, -52.9075111253256], [-9.67227913393457, -52.8634606161529], [-9.53591365479136, -52.8608048545032], [-9.42773451101174, -52.8722332171247], [-9.34188800801483, -52.9004875400265], [-9.3044570876045, -52.9322908466649], [-9.260809796682, -52.9994721633902], [-9.2541731942799, -53.1231104328645], [-9.2541731942799, -53.1921556585441], [-9.23090195865403, -53.2785124757783], [-9.16350133773373, -53.325503950932], [-9.07179313976005, -53.348624648163], [-8.80952084591511, -53.3614033039859], [-8.41504960923343, -53.3415051234573], [-8.3245417311592, -53.325663691633], [-8.26531946331538, -53.2741832932101], [-8.22007866618172, -53.245528939827], [-8.08453973591462, -53.1867576016], [-7.99985537441758, -53.1668968123052], [-7.74102788792192, -53.1151444767304], [-7.66802526419372, -53.0713053263744], [-7.5021102086326, -52.9914833127114], [-7.28310233475293, -52.9275192906164], [-7.02427484825727, -52.8794841617599], [-6.7322643506494, -52.7832540756992], [-6.49563987893926, -52.7704356483672], [-6.30824571057446, -52.7522918127074], [-6.06714207895757, -52.7293946763803], [-5.82131092661408, -52.7064855093365], [-5.67802460553648, -52.6834463628305], [-5.58966234004369, -52.6692324468509], [-5.39583393006587, -52.6032453067057], [-5.26819083182004, -52.5630304795102], [-5.16824955989435, -52.5492207767984], [-5.16418534349544, -52.5486590988342], [-5.04599728939778, -52.5429092285795], [-4.93253675692502, -52.5486590988342], [-4.92995043805178, -52.5492207767984], [-4.81336859773328, -52.5745317051751], [-4.80016613615599, -52.5773971532193], [-4.66779551538693, -52.6548958825649], [-4.65661374576932, -52.6696927001915], [-4.61579277122464, -52.7236685121949], [-4.59688268292834, -52.8094820363596], [-4.6063377270765, -52.8837170089645], [-4.67252303791016, -52.9720621151945], [-4.81907622535059, -53.0829499958099], [-5.00000987727867, -53.1715763750326], [-5.05072481192101, -53.1963851861802], [-5.14527525519914, -53.255818796946], [-5.17413635020691, -53.2903367687178], [-5.18782295431498, -53.3066962553645], [-5.18782295431498, -53.3393964321644], [-5.18782295431498, -53.3636686725405], [-5.15945782187054, -53.4420735250969], [-5.11691012185638, -53.5039776989228], [-5.11435360998256, -53.5510878996962], [-5.11218260023148, -53.5910531072006], [-5.15754281490742, -53.6407284499525], [-5.17364038854191, -53.6583433392071], [-5.20673304350961, -53.7115387076211], [-5.23037065432914, -53.7702554337731], [-5.23982569847727, -53.8344701313562], [-5.25046371066689, -53.879958761931], [-5.2587357876719, -53.9152963783074], [-5.2587357876719, -53.9725042431555], [-5.2587357876719, -53.975387782987], [-5.2587357876719, -53.9848488463759], [-5.25131035305923, -53.9979452338962], [-5.23037065432914, -54.034854821228], [-5.19727799936144, -54.0903465590792], [-5.12163764437961, -54.1069796244852], [-5.05545233354595, -54.1152936563108], [-4.94199180197149, -54.1069796244852], [-4.86162392446642, -54.076480575305], [-4.77652852533646, -53.9931873489303], [-4.76249158186084, -53.9803946938387], [-4.68197808205833, -53.9069422857874], [-4.60161020455327, -53.8623588981048], [-4.58498815223506, -53.8541893726018], [-4.56333978695038, -53.8435470870452], [-4.54329118104951, -53.825406093096], [-4.53069737209467, -53.7534875975373], [-4.46923958378421, -53.6723486356832], [-4.36050657383468, -53.5685991832843], [-4.21868090891749, -53.5011658313825], [-4.14801157559645, -53.4692655399976], [-4.08640336798491, -53.4414358848969], [-4.08158276562523, -53.4392575530142], [-3.94448462233293, -53.3998143474076], [-3.91635102795801, -53.3900537972517], [-3.82543257847648, -53.3257439338443], [-3.75242995384991, -53.2781517061394], [-3.72004958924069, -53.2316595178926], [-3.71924694273769, -53.2305064257598], [-3.7325201475419, -53.1828080654738], [-3.79888616976636, -53.1151444767304], [-3.85861558958869, -53.0553527421532], [-3.91834500941102, -52.9954779227948], [-3.96480122532744, -52.9315198145101], [-3.97587021505442, -52.9169601763496], [-3.97807442923335, -52.91551550099], [-3.9788401918091, -52.9130527737993], [-3.98833508252832, -52.8825051084782], [-3.99798423643969, -52.8514390718865], [-3.99798423643969, -52.7671949982972], [-3.99798423643969, -52.6988778082649], [-3.96310616637008, -52.661873698481], [-3.87997715783748, -52.6385971005133], [-3.7361787251827, -52.6298699583307], [-3.62680330751562, -52.6423939541812], [-3.52014887606436, -52.6747402933094], [-3.2679579919708, -52.795294495404], [-3.12195274361603, -52.9435191679093], [-3.11942252543059, -52.9480930686952], [-3.07549652769961, -53.0274215020566], [-2.91226922158711, -53.2667261980745], [-2.90125523031512, -53.3506326445798], [-2.9228546769427, -53.6141218125954], [-2.9228546769427, -53.7320657328798], [-2.95603768805492, -53.8301002477861], [-2.94942128517028, -53.9626558511239], [-2.94908875580158, -53.963405763825], [-2.83657884751193, -54.0878121871482], [-2.73039321267147, -54.1500480712593], [-2.64430285660082, -54.1909941127919], [-2.58229643031542, -54.2058751417097], [-2.47301832354983, -54.219767148674], [-2.46681846946244, -54.2191947891415], [-2.35469916842126, -54.2013123975015], [-2.31401517887256, -54.1784236996759], [-2.25919445469828, -54.0917046676887], [-2.25255785229618, -53.9942830518857], [-2.20610163727805, -53.9239980259661], [-2.21273823878186, -53.8614229358843], [-2.27278016811847, -53.8141841052865], [-2.28458389081462, -53.7683628781095], [-2.25919445469828, -53.6692033997666], [-2.19946503487595, -53.5944323813919], [-2.06009638802495, -53.5313645033181], [-2.03946614543551, -53.5191004695509], [-1.99373036580052, -53.4718451900327], [-1.99373036580052, -53.417499459673], [-2.02648981137481, -53.3784336037135], [-2.08664279673506, -53.3297075589689], [-2.20610163727805, -53.2463940823046], [-2.2990140682126, -53.1907614795414], [-2.39192649914718, -53.1191276395807], [-2.49811213488593, -53.0393942496793], [-2.5407875582655, -52.9917149776084], [-2.54456834990405, -52.9874883331254], [-2.58438796341837, -52.9115134980562], [-2.55120495230615, -52.8233758517911], [-2.4383827150636, -52.7591632382778], [-2.32485434721049, -52.7292818698112], [-2.21148193138228, -52.7189822133196], [-2.06995594713882, -52.7189822133196], [-1.94556505564868, -52.734749591513], [-1.8060272560297, -52.7803964565065], [-1.6875684910279, -52.8434729926411], [-1.58005172990451, -52.9217118426439], [-1.4887101667376, -53.0231287869128], [-1.46035470106393, -53.073048424299], [-1.42961917689274, -53.1270928576749], [-1.38813438957393, -53.2066754271798], [-1.37007510017478, -53.3100774348761], [-1.38316296187462, -53.4168141745366], [-1.40307276818263, -53.5904933935265], [-1.33007014355609, -53.7634616978801], [-1.17742829279918, -53.8809877166924], [-1.11254929767865, -53.9395871885221], [-1.04470040575345, -53.9825756421696], [-0.97231169069038, -54.0081079091353], [-0.847053274570836, -54.0154683289687], [-0.77259555794875, -54.0137856456731], [-0.639863513499852, -53.9825771085567], [-0.592682390386812, -53.9374687486107], [-0.597116161117186, -53.8983000999303], [-0.613317103891442, -53.8457645212982], [-0.666409922209966, -53.7163589517058], [-0.666409922209966, -53.5471402893731], [-0.606680502387636, -53.4682025604803], [-0.487221661844646, -53.4089027518632], [-0.434128844424419, -53.3653636156127], [-0.420855639620214, -53.3376337040145], [-0.407582435714306, -53.2463940823046], [-0.395121356435974, -53.1530875605359], [-0.394309230910101, -53.1469994465237], [-0.341216413489873, -53.03540370315], [-0.37439942460209, -52.91551550099], [-0.37439942460209, -52.7511299963198], [-0.37439942460209, -52.6304535246303], [-0.327943208685668, -52.5498171638603], [-0.261577186461202, -52.513482381101], [-0.0989064010402915, -52.5011059726836], [0.00809470824541583, -52.5094560141489], [0.0453790128215731, -52.5173483013548], [0.120897964086037, -52.5721065020845], [0.163165355595538, -52.6747402933094], [0.302534002446539, -52.8554466233048], [0.455175853203448, -52.9595131297912], [0.534815079333788, -53.0034660345124], [0.627727511166631, -53.1350566003179], [0.667547123782653, -53.2066638821682], [0.680869144836028, -53.2337837741087], [0.733913146007085, -53.3415962245024], [0.787005964325643, -53.4049464883843], [0.853371986550075, -53.440539614743], [0.919738008774541, -53.4484451524388], [1.02286662100758, -53.4279676126744], [1.0391968484192, -53.401201449654], [1.0391968484192, -53.3495201609485], [1.02592364361499, -53.2741832932101], [1.02592364361499, -53.259629718889], [1.02592364361499, -53.1469994465237], [0.999377234904881, -53.03540370315], [0.959557621390529, -52.9315198145101], [0.972830826194768, -52.8594538047221], [1.03023216494026, -52.8161105078427], [1.07999219133387, -52.7973103671917], [1.21838510878452, -52.7872679188148], [1.37766356194353, -52.8233758517911], [1.48384919678399, -52.8914979366859], [1.55685182141052, -52.9914833127114], [1.59003483252274, -53.0952231270834], [1.59334164786458, -53.1029445966055], [1.64976425234507, -53.2344788929029], [1.72276687697163, -53.301954450004], [1.91522834124286, -53.3614033039859], [1.97009473307122, -53.3614033039859], [2.07450679440184, -53.3614033039859], [2.32669767939373, -53.3415962245024], [2.54570555237504, -53.3059202848131], [2.67607241083429, -53.2669526606097], [2.67843759682393, -53.2662453609411], [2.79789643646859, -53.1788308058044], [2.85098925478715, -53.0952231270834], [2.99699450314192, -52.9794972659271], [3.17561850472785, -52.8598323405036], [3.33305160359589, -52.8063321353542], [3.57797260355477, -52.7682435473224], [4.0133332358631, -52.7372430097614], [4.23912772271247, -52.7634538767091], [4.62863421695723, -52.8262600305149], [5.23089609870174, -52.9473931330064], [5.4283536323588, -52.9641211295499]]]}, "properties": {"OBJECTID": 162, "id": null, "Name": "Sothoryi Grasslands", "type": "Grass", "continent": "Sothoryos", "size": null, "Symbol": 2, "Shape__Area": 2839863162632.499, "Shape__Length": 18855306.707919035}}, {"type": "Feature", "id": 163, "geometry": {"type": "Polygon", "coordinates": [[[26.1715207942367, -33.5667566889229], [26.0526778539239, -33.4718056520261], [25.998208172498, -33.3684798755391], [25.9784010157792, -33.2319017531934], [25.9288831230839, -33.1158497321317], [25.7902330260522, -32.9871844914898], [25.7060526095481, -32.8791268715711], [25.6691035301849, -32.7735604513801], [25.6711624526464, -32.7060190070281], [25.6788938642246, -32.6669767064951], [25.6995109617665, -32.6062103229743], [25.7072423733447, -32.5627805036881], [25.7072423733447, -32.5236756819626], [25.7098195105375, -32.4823799001497], [25.7175509221157, -32.4367151386627], [25.7316655644735, -32.4049427758886], [25.7330137452721, -32.4019074060211], [25.7768250775487, -32.3409615725895], [25.7971234438446, -32.3158610062502], [25.8040605533705, -32.307281115993], [25.8824877033492, -32.2102250954661], [25.8979863854552, -32.1796220047798], [25.8942205992751, -32.119043245206], [25.8546062858375, -32.0225327302774], [25.876014999469, -31.9771436048101], [25.9005276636984, -31.9591211508721], [25.9163451489155, -31.954851062432], [25.9572246819386, -31.9438143048703], [26.0603101696481, -31.9241303272608], [26.0968835843394, -31.9119827916858], [26.1041215019247, -31.9088176533737], [26.1107666832378, -31.907371223685], [26.1340023608497, -31.9023134303071], [26.2046298533398, -31.8869379840876], [26.271635420351, -31.8759961995956], [26.3283324385912, -31.8759961995956], [26.3360638501694, -31.8759961995956], [26.3669894964823, -31.8803730693549], [26.379875182446, -31.8956904758241], [26.379875182446, -31.9131929631463], [26.3669894964823, -31.9350663907274], [26.3283324385912, -31.967866774803], [26.3024094705697, -31.9910129348955], [26.2951718269706, -32.0002201798033], [26.2896753807002, -32.0072117718555], [26.2767896947364, -32.0225080459334], [26.2636314563223, -32.0527838269372], [26.2755083674596, -32.0980713644675], [26.2804601570884, -32.1735475830411], [26.2767896947364, -32.1805376661421], [26.2767896947364, -32.1971410899299], [26.2664811459655, -32.2233072189787], [26.2484411856163, -32.2407471220259], [26.2433532482213, -32.2441898158243], [26.222669813689, -32.2581836775488], [26.202052716147, -32.2734379168513], [26.2015577291541, -32.2738784592175], [26.153087109485, -32.3170073262087], [26.1450748953288, -32.3271634774595], [26.0369701859536, -32.5096777333214], [26.0237739299383, -32.5439124777474], [26.0164988373716, -32.5627805036881], [26.0010360142152, -32.6214057879524], [26.0018998081412, -32.6439564287228], [26.0036131514079, -32.6886689809713], [26.0345387977208, -32.7818856999257], [26.0628873068409, -32.8338712199774], [26.1505099722923, -32.8966464693288], [26.2416775919758, -32.9261867861169], [26.2974067922783, -32.9442394185149], [26.313556002872, -32.947805773091], [26.3953380056024, -32.9658641139995], [26.4262636528136, -32.9918067637058], [26.452035024741, -33.0220635518926], [26.4532205404045, -33.028275887999], [26.4542829985523, -33.0338430042071], [26.4623435735119, -33.0760677064564], [26.4606269693608, -33.0976413987087], [26.4546121619337, -33.1731916742129], [26.471484869369, -33.2067269071357], [26.4752292594756, -33.2141673022907], [26.5147712270918, -33.2415411874331], [26.5726157200383, -33.2608907374794], [26.731072974687, -33.3188398502374], [26.8062482628631, -33.3543387171283], [26.83860560455, -33.392941072343], [26.9107654459466, -33.4983100127754], [26.9571539163142, -33.5799365228779], [26.9855024254343, -33.616428679971], [27.0035423857835, -33.6571957540172], [27.0061195229762, -33.6915109497994], [27.0035423857835, -33.7150947017625], [26.9958109742053, -33.7386719777743], [26.9855024254343, -33.7622427756217], [26.9674624650852, -33.781523153848], [26.949422504736, -33.7943743286803], [26.887571211212, -33.8029407069581], [26.8334513301645, -33.8029407069581], [26.7174801564913, -33.783665150259], [26.6272803538471, -33.7579576579596], [26.5370805521013, -33.7065195411248], [26.4997904192556, -33.6929466390389], [26.4546121619337, -33.6764997368794], [26.3592580849041, -33.6486148159832], [26.3440825312974, -33.6438021444135], [26.2857037329963, -33.6252857802682], [26.1715207942367, -33.5667566889229]]]}, "properties": {"OBJECTID": 163, "id": null, "Name": null, "type": "Forest", "continent": null, "size": null, "Symbol": null, "Shape__Area": 13763640896.09082, "Shape__Length": 712878.0809875312}}, {"type": "Feature", "id": 164, "geometry": {"type": "Polygon", "coordinates": [[[29.1828291007265, -33.0452682849117], [29.1638724599356, -33.0272854176299], [29.1376425277, -32.9539500546906], [29.0683174791842, -32.8874436816318], [28.9803350366649, -32.8205726058582], [28.9591104013098, -32.7926081457329], [28.9395709596137, -32.7334564520078], [28.9148120141643, -32.6501091125343], [28.8603423327384, -32.545815599814], [28.8378144988243, -32.4761582491104], [28.8342593253575, -32.4401606889867], [28.8473186269196, -32.3905506343139], [28.8621221513361, -32.3770492610673], [28.8954552727289, -32.3723572662384], [28.9317895505017, -32.3802071992846], [28.9841370626801, -32.4037818044855], [29.0312718794369, -32.4558071672702], [29.0648839600648, -32.5116545099952], [29.0782210575436, -32.5416413345984], [29.1079317926218, -32.6417701000987], [29.1425943173289, -32.704293734879], [29.2317265225635, -32.7875904733842], [29.3061481987764, -32.8464557823911], [29.3135117915683, -32.8742900080911], [29.3060033607082, -32.9373281469813], [29.2713408368994, -33.0079496626972], [29.2292347378992, -33.057369755327], [29.2178086876097, -33.059825222665], [29.2067382749514, -33.0580211231256], [29.1828291007265, -33.0452682849117]]]}, "properties": {"OBJECTID": 164, "id": null, "Name": null, "type": "Forest", "continent": null, "size": null, "Symbol": null, "Shape__Area": 2011175431.336914, "Shape__Length": 221382.1033428373}}, {"type": "Feature", "id": 165, "geometry": {"type": "Polygon", "coordinates": [[[37.589745755043, -28.7098918840564], [37.4459996411687, -28.7646924876853], [37.3085033582542, -28.8523136223785], [37.2335053858371, -28.9562679038192], [37.1960063991794, -29.1147338832028], [37.15850741342, -29.3002111564799], [37.0585101171633, -29.5125502564696], [36.9210138342489, -29.6158366005378], [36.8460158618318, -29.746152403265], [36.833516199912, -29.8871369522488], [36.7908299428501, -30.0063179311598], [36.7873295181067, -30.013011746763], [36.7446153539822, -30.054921146723], [36.7340780564107, -30.0652571878423], [36.6701763034534, -30.0836901758997], [36.6573528599591, -30.0836901758997], [36.6460212684201, -30.0874254041942], [36.4835256616661, -30.0982402885055], [36.3394938125645, -30.1181761303362], [36.2984928075521, -30.131854753425], [36.1792800272435, -30.1814848617695], [36.1518620829262, -30.1972843235883], [36.1516521268814, -30.1974839352042], [36.0453591613308, -30.2984875846245], [35.9424063368224, -30.4148954042527], [35.9257557611973, -30.429253505994], [35.8962550701988, -30.4546873127133], [35.8323533172416, -30.4516269734718], [35.803295341168, -30.4427855221173], [35.6522981341181, -30.4167460336591], [35.4773028645459, -30.4113562447894], [35.3148427780766, -30.4201125863968], [35.2049952930328, -30.4451063744702], [35.0398146928614, -30.4975571331647], [34.8648194232893, -30.5783011562541], [34.7127809673155, -30.6167920973804], [34.6296112246763, -30.6196550660426], [34.5964172406429, -30.6014752126947], [34.5784766303709, -30.5844062327748], [34.5398282097813, -30.5083268805766], [34.558438709032, -30.4377518025211], [34.5845521163005, -30.3794616814437], [34.739822803193, -30.2603214375452], [34.8598208646718, -30.1652651202382], [34.8921757243135, -30.1139673079167], [34.8987458756391, -30.0372120031581], [34.8721166036322, -29.9891733407087], [34.7460726341529, -29.9629692788202], [34.5398282097813, -29.9737977506366], [34.3023346306102, -29.9304767849274], [34.1085898681584, -29.8329356562966], [34.0327066823856, -29.7588527167952], [34.0149469658623, -29.6663044286365], [34.0168569476497, -29.6455569570015], [34.0430805404743, -29.578502370997], [34.1460888548161, -29.4799115867111], [34.3085844615701, -29.3601465643533], [34.3460834473295, -29.2675042750382], [34.3460834473295, -29.163863465226], [34.3572471653015, -29.1021044811286], [34.3892220905786, -29.0519961576749], [34.4828272941754, -29.0208189759093], [34.5463459695629, -29.0142064440098], [34.6210760131583, -29.0109388233068], [34.8523197613695, -28.9890739227882], [35.1684453908458, -28.9106972314843], [35.2857599447207, -28.8628978656498], [35.4585533716662, -28.7646924876853], [35.6397984721983, -28.6386081644206], [35.8647923894496, -28.556297502233], [35.9710395166662, -28.4904025959391], [36.1022859686207, -28.3749875129302], [36.2022832648774, -28.2319185128871], [36.2118610090119, -28.1432787981515], [36.1966573399335, -28.1018335872105], [36.1522846162999, -28.0666002734011], [36.0022886714657, -28.0279893290651], [35.8522927266315, -28.0390224418811], [35.658547965078, -28.0721149907517], [35.4773028645459, -28.0555699896367], [35.3398065825298, -27.9893645278671], [35.2404153840869, -27.9095478578836], [35.2004359800465, -27.8444479928771], [35.1471845192488, -27.7093843777725], [35.1471845192488, -27.6182003935869], [35.1400843241763, -27.533236649361], [35.1258839349297, -27.4797072279438], [35.1152336427701, -27.4545079057009], [35.0513318898129, -27.4198494330802], [34.9519291623916, -27.3977883757297], [34.7891456851149, -27.3593227389275], [34.7295529682176, -27.3290747310003], [34.5835770273989, -27.2306511043411], [34.5594881757442, -27.1735187922759], [34.5503300346789, -27.1316103536433], [34.5835770273989, -27.0526797652264], [34.6773244926957, -26.9134428470549], [34.7710719579925, -26.8019294611218], [34.8134442215232, -26.722479172812], [34.8236787221653, -26.6615201604341], [34.7835716199123, -26.5673944935749], [34.7432060121649, -26.431927003038], [34.7515145086682, -26.3674293362955], [34.82107060657, -26.2427226381453], [34.9523170576262, -26.1361664529422], [35.1220519554896, -25.9935310348674], [35.1529766612664, -25.9567622105498], [35.2168972878277, -25.8034022798884], [35.2175259989322, -25.771134480619], [35.2085601305753, -25.7146022960639], [35.1585614819978, -25.6075673647324], [35.0585641857411, -25.4947953953227], [34.9620731541755, -25.3156333052093], [34.9306285780725, -25.1955579889996], [34.9164281888259, -25.083074199438], [34.9244547679418, -25.0321762512869], [34.9306285780725, -24.9930126602355], [34.9482122158169, -24.9487349855182], [34.9497174400935, -24.9449439126947], [34.9876326512566, -24.8921374621364], [35.0629600017525, -24.8397403480689], [35.1436856872183, -24.7976491261451], [35.184633013401, -24.7800070339916], [35.3573220570088, -24.716255520524], [35.4523035407063, -24.6910879214924], [35.6397984721983, -24.6286095610495], [35.7282763841058, -24.5901376427258], [35.8536538979674, -24.5657052435238], [35.9388562397353, -24.5546347171476], [36.0276086740988, -24.5546347171476], [36.1271026856243, -24.5571484785324], [36.1554121809116, -24.5578637211374], [36.2314027153609, -24.5657176325776], [36.3116164662177, -24.5740074952896], [36.4749209465962, -24.6095164757932], [36.5707735760321, -24.6611479097276], [36.603001910661, -24.6915178144526], [36.6647707612998, -24.7648856155546], [36.8085168751741, -24.8840046596377], [37.0272609614655, -25.0030089427715], [37.1897565682195, -25.0936015958975], [37.2199844544237, -25.1104465047345], [37.2417419847783, -25.1377221259313], [37.2523922769379, -25.1827079461621], [37.2538040261193, -25.2076180114116], [37.2022562301393, -25.2915390963004], [37.1835067372596, -25.3649766767224], [37.1835067372596, -25.4665858362052], [37.2327901570894, -25.5822167753079], [37.2713597199701, -25.6246342007015], [37.3923336464949, -25.6791596137686], [37.4382003187516, -25.7256542516001], [37.4584993030885, -25.7652694917304], [37.4584993030885, -25.9115198530642], [37.4147504854708, -26.0351287072967], [37.2835040344146, -26.2371168488873], [37.2085060619975, -26.3603816951914], [37.1210084267623, -26.545032694591], [37.1085087648425, -26.6847222943025], [37.1435168525748, -26.8618343074807], [37.1733070005208, -26.9085118029854], [37.3022535272943, -27.0693766095493], [37.4772487959682, -27.2528775766354], [37.5335834257379, -27.3256990261951], [37.5435131801064, -27.3924718289172], [37.5397471064655, -27.4693526054473], [37.5022481198077, -27.5469581950915], [37.4747136819644, -27.6787087540925], [37.4940109109105, -27.7222769479506], [37.5647464303051, -27.80156166675], [37.7424636670533, -27.9534182074189], [37.7686318661642, -27.9679711965097], [37.9272366304708, -28.0279893290651], [37.985503522942, -28.0965451281343], [38.0022346028879, -28.1887517676177], [38.0022346028879, -28.2209052417324], [37.9522359543104, -28.3309867769344], [37.8959874756713, -28.4794161086569], [37.7992500865289, -28.5898985791442], [37.7057072412842, -28.6537634296567], [37.589745755043, -28.7098918840564]]]}, "properties": {"OBJECTID": 165, "id": null, "Name": null, "type": "Forest", "continent": "Essos", "size": null, "Symbol": null, "Shape__Area": 185587131966.0918, "Shape__Length": 2414010.9837411167}}, {"type": "Feature", "id": 166, "geometry": {"type": "Polygon", "coordinates": [[[19.4255066906097, -35.6442597542169], [19.501280342105, -35.7233916166276], [19.5716415901145, -35.8156128735402], [19.6420028372257, -35.8594901597251], [19.6690648555527, -35.9121108604865], [19.6311780302542, -35.9822173854455], [19.5608167822447, -36.0391331194073], [19.474218323778, -36.0960077459147], [19.4146818836382, -36.1441003042984], [19.3605578469842, -36.200898972468], [19.3010214068445, -36.2401970054904], [19.230660158835, -36.3012880270806], [19.1657113152095, -36.3928348994658], [19.073700453257, -36.4712179410933], [18.9816895904062, -36.5799519014065], [18.8680291136125, -36.6451188858703], [18.77601825166, -36.7102307803221], [18.6244709486694, -36.7839576161626], [18.4404492238662, -36.7839576161626], [18.3322011505582, -36.7275846434433], [18.2456026920914, -36.6147144800981], [18.1373546187834, -36.4973280292861], [18.0074569315325, -36.4233265982247], [17.9262708765515, -36.3492545744124], [17.9479204904944, -36.2620207141815], [17.9803949132055, -36.1921633958306], [18.1698290414945, -36.1441003042984], [18.261839903447, -36.1834268438606], [18.3484383619137, -36.2358315325064], [18.4675112421932, -36.2314658157528], [18.5541097015583, -36.2227336502594], [18.6352957565392, -36.2096335751283], [18.7435438289489, -36.2052663952794], [18.8463794987712, -36.1659508179258], [18.9492151685935, -36.1397294703799], [19.0087516087332, -36.1003810143974], [19.1169996820412, -36.0172473158693], [19.2252477553492, -35.9471718987332], [19.2631345806477, -35.8682627042191], [19.2631345806477, -35.789274855715], [19.2252477553492, -35.6574538480494], [19.2631345806477, -35.5782566060727], [19.3713826539557, -35.5914615922492], [19.4255066906097, -35.6442597542169]]]}, "properties": {"OBJECTID": 166, "id": null, "Name": null, "type": "Forest", "continent": null, "size": null, "Symbol": null, "Shape__Area": 11676510857.732422, "Shape__Length": 573365.5467669005}}, {"type": "Feature", "id": 167, "geometry": {"type": "Polygon", "coordinates": [[[13.9128725128303, -35.3201021523543], [13.8450441842402, -35.2997433627635], [13.8263035011386, -35.2941174106919], [13.73594797015, -35.2449372114649], [13.6947267799766, -35.209492585998], [13.6787228009132, -35.1957271649925], [13.6448045340123, -35.1647427689176], [13.6019205990789, -35.1255513159923], [13.590540941384, -35.1082644127988], [13.5808376424172, -35.093521178531], [13.5748139398721, -35.0750365276115], [13.5748139398721, -35.068164968488], [13.5748139398721, -35.0627110993845], [13.591379120748, -35.0516166236313], [13.6230035566389, -35.044219468552], [13.674205024229, -35.044219468552], [13.7534713839395, -35.0482753738106], [13.7946790652477, -35.0503838107272], [13.9455251882432, -35.0765427084719], [14.0780518715299, -35.1191400263301], [14.1754751378664, -35.1678237509892], [14.1764584652175, -35.1696610761585], [14.1922434017769, -35.1760347934557], [14.2088085817545, -35.1932658797077], [14.2193500609836, -35.2080324735435], [14.2298915393145, -35.2424774172947], [14.2268796884912, -35.2596944057959], [14.2148322842995, -35.2805958319751], [14.1991430407757, -35.2927621865942], [14.1867455909655, -35.3023745988938], [14.1847137733711, -35.303949867507], [14.1425478591493, -35.3199250615417], [14.049547174128, -35.331517414966], [14.0196768210002, -35.3318512334703], [13.9128725128303, -35.3201021523543]]]}, "properties": {"OBJECTID": 167, "id": null, "Name": null, "type": "Forest", "continent": null, "size": null, "Symbol": null, "Shape__Area": 1854366577.690918, "Shape__Length": 178063.1671892043}}, {"type": "Feature", "id": 168, "geometry": {"type": "Polygon", "coordinates": [[[7.49404237618385, -35.3047071932377], [7.49152026439551, -35.2676498510756], [7.48585998248522, -35.1844216944298], [7.47912951152582, -35.0633134869388], [7.47358639328479, -34.963435394746], [7.47358639328479, -34.8329592567055], [7.48187075654795, -34.7927793083762], [7.50631596538431, -34.7149523040264], [7.60041348528272, -34.5500039491439], [7.61999626260646, -34.4762387514465], [7.62822645655967, -34.4452174417729], [7.62905186098208, -34.4421056844557], [7.67717859208569, -34.3570123611167], [7.71930926989043, -34.3323725965397], [7.75210272029149, -34.3239679853804], [7.84085050138174, -34.3239679853804], [7.95507818253073, -34.3449290010084], [8.08199782885067, -34.3554075452195], [8.221609438545, -34.3501684371997], [8.33896562663841, -34.316460862836], [8.35728484266671, -34.3036571503388], [8.3900144147662, -34.23942052607], [8.41635223376906, -34.2051983761717], [8.41865279046559, -34.202208478693], [8.45138236256508, -34.1852884782894], [8.46058993612382, -34.1820241011577], [8.48002073826447, -34.1751348490731], [8.50500319803123, -34.1751348490731], [8.51308645185846, -34.1751348490731], [8.54859205444284, -34.1849258322685], [8.58639184826164, -34.208975527914], [8.63139500956159, -34.246184587251], [8.6375093233727, -34.2638726307928], [8.64775979606052, -34.2935177887473], [8.64775979606052, -34.3340678910659], [8.64775979606052, -34.335067746937], [8.64775979606052, -34.3490790483871], [8.63931277215394, -34.3676742980659], [8.62216075603893, -34.3878973211406], [8.61912142036116, -34.39148032953], [8.56184466896241, -34.4286085862734], [8.47183834546417, -34.4893283558802], [8.44867830060924, -34.5142874746749], [8.34953551059688, -34.5767679196865], [8.29776122597764, -34.6430535731898], [8.26965081352695, -34.7278081047324], [8.26821534163554, -34.7525795190228], [8.28038164683825, -34.7825623598674], [8.31004943076775, -34.8179974054486], [8.37759441634413, -34.8674401033181], [8.37773343602425, -34.8676021908323], [8.3943450768683, -34.8869680620531], [8.41372173575012, -34.9095516285796], [8.43083467604856, -34.942290112545], [8.43083467604856, -34.955355024386], [8.43083467604856, -34.9703412713819], [8.4251303623163, -35.0061704449099], [8.41182307273526, -35.0352316043809], [8.3653373139241, -35.1018138273569], [8.32348832533456, -35.1360446126696], [8.25333935012496, -35.1790584754341], [8.20482507951959, -35.2583265889581], [8.19808301669974, -35.3436135404839], [8.19772817856926, -35.3480997535756], [8.19841056041865, -35.3561698583666], [8.20591057136956, -35.4448145722241], [8.20163424925735, -35.4796451341132], [8.19772817856926, -35.5114468277694], [8.19240726041038, -35.5273264136369], [8.1854545884705, -35.5480710207953], [8.14045142717051, -35.5813512316501], [8.05044510367227, -35.6079654473018], [8.04076736806351, -35.6145220038851], [8.02589792437305, -35.6245948382403], [8.01362433427429, -35.6545190271513], [8.01162397657941, -35.670771214353], [8.00953313787416, -35.687754982005], [8.02180672797292, -35.7276198553607], [8.04226270997364, -35.7641451390789], [8.07499228207317, -35.8006536586865], [8.0831746757718, -35.8371454085183], [8.08191878698713, -35.8452900217367], [8.07908347937163, -35.8636743250196], [8.06271869287274, -35.8935087452846], [8.06271869287274, -35.9465199627621], [8.06667540877989, -35.9571145184673], [8.1090970059894, -36.0706138340783], [8.15540051549407, -36.105260601455], [8.21526345640864, -36.1278278847878], [8.32949113755764, -36.1278278847878], [8.51352462400291, -36.0816832755418], [8.59975002920014, -36.0706795331241], [8.65034820261848, -36.0715496994005], [8.72928802112988, -36.0970678232939], [8.8183875366713, -36.1553272199652], [8.85641081875639, -36.1681181679567], [8.93414355305419, -36.1714208755033], [9.01187628645367, -36.1681181679567], [9.13461218205143, -36.1383875361385], [9.224618506448, -36.1152559208756], [9.28598645424688, -36.1119508472541], [9.33917200834717, -36.1251703049596], [9.35962799124623, -36.164815321231], [9.35962799124623, -36.2044402957172], [9.34735440204576, -36.2341458702399], [9.32821872701869, -36.2444351876862], [9.28598645424688, -36.2671388314195], [9.16734175504929, -36.3264910467621], [9.03233226935273, -36.3825044400639], [9.02748688157603, -36.3842598250994], [8.89423788812215, -36.4325176920505], [8.86868440795685, -36.4417687928118], [8.75003970875922, -36.494410249111], [8.69685415465893, -36.5437291397735], [8.69343788319302, -36.5503159978168], [8.65709984776747, -36.620344044583], [8.62775230515187, -36.6997995004437], [8.56429248199191, -36.7862479644391], [8.4944866766956, -36.8675222342328], [8.4119889071266, -36.9233482001419], [8.27237729653397, -36.9487101382188], [8.18460490887417, -36.9578589895933], [7.97680356577463, -36.9633030393072], [7.87452365307593, -36.9534955546858], [7.79598392802242, -36.9268641921346], [7.72027683809646, -36.8776754473144], [7.58701121053845, -36.8116554473481], [7.4410536178095, -36.7303218414715], [7.24432816709154, -36.6641747791417], [7.07933262795358, -36.6081597467328], [6.9777969119756, -36.5164109786107], [6.83485038045084, -36.4570932003339], [6.81490375309767, -36.4450599308759], [6.7085326431005, -36.3923849716358], [6.67078788905913, -36.3437561820465], [6.66762067730235, -36.339674294812], [6.63898230250129, -36.3034149956616], [6.63898230250129, -36.2638401622824], [6.68398546380128, -36.2176441659361], [6.74126221519999, -36.1912341984594], [6.79853896659874, -36.1681181679567], [6.88854529009698, -36.1449953176755], [6.91657596538811, -36.1429375152105], [7.02355477579353, -36.1350834370306], [7.04967253000964, -36.1271297641119], [7.23224647959536, -36.0715077820757], [7.40297772409318, -35.9944473124748], [7.489913405626, -35.9328780861669], [7.506194143052, -35.8980306961485], [7.51085942310581, -35.8299764948157], [7.46643754725317, -35.7321602839509], [7.44131621153673, -35.6233266334711], [7.44903921398557, -35.5647128535427], [7.47358639328479, -35.5047860879858], [7.50631596538431, -35.4448145722241], [7.51372274558176, -35.3965271839291], [7.51797615885762, -35.3687846106501], [7.51644266998891, -35.3595305792775], [7.49404237618385, -35.3047071932377]]]}, "properties": {"OBJECTID": 168, "id": null, "Name": null, "type": "Forest", "continent": null, "size": null, "Symbol": null, "Shape__Area": 43453780783.34619, "Shape__Length": 1289227.6343396958}}, {"type": "Feature", "id": 169, "geometry": {"type": "Polygon", "coordinates": [[[9.32331372883637, -34.9394459597631], [9.32652359260284, -34.9197087537858], [9.35258768775206, -34.8861182771481], [9.3730666199117, -34.8723727590818], [9.40471587894885, -34.8586249425481], [9.44381202257101, -34.8464027316089], [9.50338709745448, -34.8326505746375], [9.56668561552879, -34.8158392629674], [9.62998413270477, -34.7990245202913], [9.67466543931654, -34.8020820014646], [9.71562330363579, -34.8265377672828], [9.74541084107756, -34.8540418258453], [9.76216633094468, -34.8800094416312], [9.77892182081181, -34.9120757612579], [9.80126247456684, -34.957863068248], [9.81243280054602, -34.9868484739384], [9.83477345430109, -35.0264960879327], [9.83519120594249, -35.0269422922677], [9.86456099174282, -35.0539331773394], [9.87533937737367, -35.0698135959392], [9.88317820320533, -35.08136105156], [9.89807197147707, -35.1042105719767], [9.91668918293959, -35.1224855774451], [9.9204126252321, -35.1422788746323], [9.91668918293959, -35.1620673597917], [9.89993369307246, -35.1742424970537], [9.86377569530123, -35.1845863300412], [9.86269927104573, -35.1848942463428], [9.81243280054602, -35.1985873014655], [9.76775149393426, -35.213799099928], [9.70259125606118, -35.2335701778473], [9.64860134326899, -35.2457346008331], [9.60019659526304, -35.2563769738027], [9.52945119260373, -35.2867760546379], [9.49594021286948, -35.3034906859559], [9.45908381449068, -35.3143301370444], [9.41960964811889, -35.3186828099847], [9.39726899436382, -35.2943740420403], [9.38982210977882, -35.2700579718384], [9.39726899436382, -35.2335701778473], [9.40196214285272, -35.2092883679664], [9.40285415825176, -35.2046723630966], [9.40285415825176, -35.1651113150015], [9.3786517837996, -35.1042105719767], [9.37058850131778, -35.0796527442614], [9.34514080406535, -35.0020998297405], [9.33771139979747, -34.9895695809198], [9.32969295133316, -34.9760437105945], [9.32331372883637, -34.9394459597631]]]}, "properties": {"OBJECTID": 169, "id": null, "Name": null, "type": "Forest", "continent": null, "size": null, "Symbol": null, "Shape__Area": 3035976101.133545, "Shape__Length": 217796.29266972918}}, {"type": "Feature", "id": 170, "geometry": {"type": "Polygon", "coordinates": [[[8.48331318325668, -31.1376672057687], [8.25851725738896, -31.0113148242756], [8.10667094207126, -30.936288103677], [7.94711861234507, -30.8172103211876], [7.92580830286473, -30.7839908867878], [7.91429849545481, -30.7098014849612], [7.91708865554075, -30.6842100135003], [7.9459346741231, -30.592233072699], [7.96311602113043, -30.5752232036537], [7.99508453153809, -30.5435658133088], [8.01848006255824, -30.5294603231088], [8.06533325837178, -30.5012057228496], [8.27607943887278, -30.449743659556], [8.34281572958934, -30.3921950641149], [8.35945973224152, -30.3347508836686], [8.35281876851871, -30.260209853907], [8.30528282254651, -30.1040619563119], [8.30528229164219, -30.1040601191368], [8.26836322948413, -30.0289743531304], [8.2409550759051, -29.9731949960793], [8.19481869256917, -29.9160842143853], [8.16719391205602, -29.8818726752094], [8.13368249394392, -29.8544269108393], [8.10397005835489, -29.8300861907575], [8.09692442695277, -29.8283398567407], [8.00562183988942, -29.8057067868518], [7.911361438362, -29.7835985995533], [7.8756616954717, -29.7752241735207], [7.78082591402166, -29.747781886376], [7.68599013257165, -29.7142311094965], [7.64735333258854, -29.6684619758264], [7.63112775351762, -29.6214560920509], [7.62627871498759, -29.6074040547254], [7.63494466731209, -29.583290936763], [7.65919723962229, -29.5157772420517], [7.66140307795527, -29.5096344472523], [7.71113471399268, -29.4645409795101], [7.74570155015568, -29.4331861648981], [7.824621512306, -29.371864630981], [8.04858871717135, -29.2532952225443], [8.24823968791889, -29.1537102225559], [8.3933473055058, -29.0979361839873], [8.51843754712269, -29.0685043641733], [8.54478918580783, -29.0647893983079], [8.61206523195782, -29.0553044403059], [8.76430809148971, -29.0838532601654], [8.91507146886775, -29.1676622607231], [8.99612889048996, -29.2126936341926], [9.10150198029133, -29.3168744982389], [9.19985019875676, -29.4851772692874], [9.25906902964632, -29.571609625331], [9.28555257604948, -29.6102395540875], [9.30873572557353, -29.6440432500047], [9.49489485145818, -29.793514855805], [9.54408603676614, -29.8379017494535], [9.58270576067402, -29.8727358361277], [9.59688742903012, -29.9111578229675], [9.61080525140747, -29.9488505714357], [9.6213425597588, -30.0066588414137], [9.6213425597588, -30.0644334478173], [9.59324306902532, -30.1100211737824], [9.54406896069091, -30.1434388119696], [9.51297981201318, -30.1653426702142], [9.44923317924087, -30.2102401378631], [9.40845131375039, -30.2454768962886], [9.34156643539763, -30.3176755815882], [9.27501611121623, -30.4325059479111], [9.16092984196099, -30.5963150034437], [9.12612702196611, -30.6861454683592], [9.12468257321006, -30.7051905205911], [9.14191546375176, -30.8088533353955], [9.2369873547978, -30.9312583333881], [9.25600173300704, -31.0372160864772], [9.24649454435158, -31.1349187101527], [9.17994422017019, -31.3137789380298], [9.12290108554256, -31.4111962390792], [9.03841421866077, -31.4832737505226], [9.01370622745095, -31.5213940825733], [8.99197349149647, -31.6201469296903], [8.99458216943714, -31.6432466221901], [9.02782919449652, -31.7351898372326], [9.06585795091491, -31.8483211637109], [9.07028631468562, -31.8934500899531], [9.05078853595404, -31.9671621607619], [9.02030051201665, -32.0199107100535], [8.98559158124033, -32.0799250705126], [8.94634474522925, -32.1065245274036], [8.90530732161686, -32.1343292657398], [8.87163880792449, -32.1482667225928], [8.79908958997131, -32.1518799171078], [8.76430809148971, -32.1364537717627], [8.70459667300735, -32.0948044378284], [8.68703449152349, -32.0382499585638], [8.65893500079004, -31.9011838940393], [8.65542256467294, -31.5276907232562], [8.65191012855581, -31.3508803911794], [8.63037935004686, -31.2796029229331], [8.60149633524785, -31.2387694143173], [8.48331318325668, -31.1376672057687]]]}, "properties": {"OBJECTID": 170, "id": null, "Name": null, "type": "Forest", "continent": null, "size": null, "Symbol": null, "Shape__Area": 41793640987.54712, "Shape__Length": 1081470.4999063667}}, {"type": "Feature", "id": 171, "geometry": {"type": "Polygon", "coordinates": [[[14.8747504942778, -26.8115645890952], [14.9881058627769, -26.7778365497076], [15.0953649098217, -26.7969862550591], [15.2075021124898, -26.8370170814471], [15.3691243277173, -26.8539822322342], [15.5592681098094, -26.8624638536581], [15.6828615677201, -26.9218173939843], [15.7940590787021, -26.9404058310198], [15.8567039547279, -26.9338354581135], [15.9301624590898, -26.8884867880409], [15.9600379218349, -26.8526120474573], [15.971233106893, -26.712693426024], [15.9592061321875, -26.5707928959767], [15.9300484844398, -26.4716533490077], [15.853990971603, -26.2672225975874], [15.8391591834926, -26.1208277357511], [15.8479392757571, -26.0607016604644], [15.9585700522028, -25.9000503039803], [16.1582210229503, -25.7117507862838], [16.2497278940958, -25.5992705476107], [16.258922222894, -25.5412139032103], [16.2532929139964, -25.4802481779709], [16.2205871724047, -25.3620919449817], [16.2262352003962, -25.277000953572], [16.3008288599686, -25.162279082186], [16.4696217035766, -25.1040649703281], [16.5211452127045, -25.065343849588], [16.6525948563898, -24.8866082767159], [16.7191451805712, -24.7399070173763], [16.8925551230928, -24.5973310563176], [16.95493764075, -24.5921744366416], [16.9948536641556, -24.6103208005245], [17.0233752319186, -24.7140005505424], [17.0233752319186, -24.8348511962851], [17.0233752319186, -24.9728218832635], [16.9948536641556, -25.0848092875278], [16.9663320972909, -25.162279082186], [16.8617530166911, -25.2396997012148], [16.8237242602727, -25.3772145967562], [16.8332314498265, -25.4888303314791], [16.7952026934081, -25.6860504199499], [16.7299064416178, -25.8036799118585], [16.7219403137306, -25.8419235085355], [16.7381595587804, -25.9513527148221], [16.8142170716173, -26.096588087484], [16.8717729385579, -26.182703446925], [16.8782394171132, -26.266816013115], [16.8741136283881, -26.3089857426563], [16.8427386384819, -26.4120650800601], [16.7571739369896, -26.5312107746674], [16.6906236128082, -26.599238573237], [16.6703462500219, -26.6246194518593], [16.6430876677344, -26.7002638429636], [16.6430876677344, -26.7521532207453], [16.6811164241528, -26.8370170814471], [16.6906236128082, -26.9726670209388], [16.7666811256451, -27.0573653695811], [16.9473177190817, -27.0996905874102], [17.0247134459091, -27.1226545173929], [17.1317852184717, -27.2211945244361], [17.156475879383, -27.251928824946], [17.2040118244569, -27.3617493094402], [17.2040118244569, -27.4714609685182], [17.1754902575922, -27.5979157353763], [17.1659931067118, -27.7240914795366], [17.1660252960433, -27.7242738380229], [17.2863922722532, -27.8640288718929], [17.387799636045, -27.9052116359169], [17.5842993886411, -27.9176145936283], [17.6753549416963, -27.9511338389811], [17.7043697627037, -27.9789891299585], [17.7269072256593, -28.0519431082061], [17.6983856578964, -28.1693430854542], [17.6983856578964, -28.2949859733488], [17.7078928474501, -28.4037566584783], [17.7157351066428, -28.596729596298], [17.6780199610733, -28.67566475147], [17.6223281450595, -28.7293982970067], [17.5842993886411, -28.8377211249404], [17.5938065781949, -28.9875205576316], [17.6446240914595, -29.1133893259601], [17.6921704129732, -29.1351152549068], [17.9777750350698, -29.1787629180546], [18.0727738679305, -29.2232596657254], [18.1547307349174, -29.2947603990857], [18.2307882477543, -29.4190548936289], [18.240295437308, -29.5597383766882], [18.2022666808896, -29.708484106455], [18.116701978499, -29.7827745096829], [18.0719488938011, -29.8759515592969], [18.0734115136787, -29.8937054264518], [18.1071947898435, -29.9888474427984], [18.1927594913358, -30.0793844164946], [18.2612653113468, -30.1715551555202], [18.2882752076244, -30.2804648753186], [18.3010426196012, -30.3906581121893], [18.2927731441172, -30.4576873407711], [18.211773869545, -30.5553886243176], [18.0596588438714, -30.6372241044083], [17.8980366295422, -30.7108168989171], [17.7364144143148, -30.7925208639022], [17.6459526817984, -30.8066487432017], [17.6285647465302, -30.8200888575887], [17.6033137668503, -30.9067898419901], [17.6223281450595, -31.0697947874485], [17.6365544291425, -31.1733139953432], [17.6629343333181, -31.2349873864366], [17.7459216038685, -31.3381427267944], [17.7744431707332, -31.573333780843], [17.7649359820778, -31.8483211637109], [17.7459216038685, -32.0580543014385], [17.7874385625527, -32.3180601388414], [17.7756613212928, -32.3895116160739], [17.6793712796871, -32.5722732297421], [17.6128209564041, -32.6043148313309], [17.3085909050567, -32.6443507212146], [17.1864300363437, -32.6492488604899], [17.1089399334109, -32.6523557494833], [16.8997817731095, -32.6523557494833], [16.7096379910174, -32.6603600618752], [16.5099870202699, -32.6603600618752], [16.2913216704148, -32.6363449756485], [16.1848411501076, -32.6203313360183], [16.0251203754859, -32.5963055052], [15.9015269184735, -32.5642610402189], [15.7779334587661, -32.5322051253767], [15.6353256226462, -32.476079740691], [15.4071530841357, -32.3315966181616], [15.2053920974482, -32.1645888674964], [14.9603151957701, -31.9613138981776], [14.7416498468133, -31.7028411833682], [14.7021470520317, -31.6468102974587], [14.6831566705187, -31.5436918698235], [14.7036210903949, -31.4760849823518], [14.7531156367743, -31.2929884932566], [14.7504985910268, -31.2400473003766], [14.6934706972162, -31.0997613537451], [14.6653932331736, -31.072830644446], [14.408898227703, -31.0046262347064], [14.2816316520203, -30.9836463400026], [14.1853101864478, -30.9317262014869], [14.1570039367735, -30.8629065804678], [14.1522041223278, -30.7598475968391], [14.2187544456109, -30.5881311098082], [14.2458859773712, -30.4595874490622], [14.2324093077484, -30.3882015159861], [14.1046681763557, -30.2848421448192], [13.9240315838173, -30.17805760084], [13.7062803524088, -30.1309866567075], [13.6318063690936, -30.0963894709854], [13.5247296414239, -29.9970814941058], [13.4011361826149, -29.8734990726202], [13.3726146157502, -29.8075257394936], [13.3155714811226, -29.7415088587605], [13.2870499133596, -29.6093446905713], [13.2870499133596, -29.501833544525], [13.3440930479872, -29.3859245278161], [13.4581793172425, -29.3113417584185], [13.6513611890491, -29.2881047341117], [13.7060676978249, -29.2715497565322], [13.7439516548027, -29.2430573075616], [13.7648434158359, -29.1701144852915], [13.7648434158359, -29.1563898409994], [13.7400630302957, -29.1120171541265], [13.6293087211254, -28.9958364015169], [13.4867008850055, -28.8377211249404], [13.2204995900765, -28.478994109295], [13.0765219713703, -28.2889909973019], [13.0512644968709, -28.226419999182], [13.0588773748491, -28.1190445454086], [13.1729636441043, -27.9680073946284], [13.2870499133596, -27.8335743937938], [13.3440930479872, -27.7410549479273], [13.3155714811226, -27.631612413574], [13.2014852118673, -27.5473512907233], [13.1091194246478, -27.5032455767209], [13.0700408933951, -27.4535018258608], [13.0588773748491, -27.4039589959023], [13.0874047457288, -27.3089452279971], [13.1426203468441, -27.2629404677248], [13.2206292717692, -27.2384637027769], [13.3153424834887, -27.267609637856], [13.4106433721686, -27.3364157686487], [13.5368658665393, -27.3627953734059], [13.5963731302969, -27.3526748443858], [13.6545844269335, -27.310364319446], [13.7547555067735, -27.2941803329119], [13.9430459620265, -27.2941803329119], [14.2092472569554, -27.3786351169244], [14.3727456961803, -27.4802175336444], [14.444688121922, -27.4802175336444], [14.5479258058002, -27.4424977983412], [14.5624017325989, -27.4315535096331], [14.5800276315859, -27.3533054393315], [14.568645153181, -27.3061163042215], [14.5629914280739, -27.2131385902028], [14.6180563880043, -27.1081537127824], [14.7416498468133, -26.9557196945717], [14.8747504942778, -26.8115645890952]]]}, "properties": {"OBJECTID": 171, "id": null, "Name": null, "type": "Forest", "continent": "Essos", "size": null, "Symbol": null, "Shape__Area": 322851734519.8696, "Shape__Length": 3071922.055185393}}, {"type": "Feature", "id": 172, "geometry": {"type": "Polygon", "coordinates": [[[13.5144691552156, -24.6530192564497], [13.5697634765975, -24.6679877169084], [13.6447323642607, -24.7032210176279], [13.6724249639845, -24.7218367698904], [13.7743152216489, -24.7958562463567], [13.8795452170121, -24.9205901500177], [13.9556027298489, -25.0395162806862], [14.0173714385539, -25.1429772682148], [14.1314577078092, -25.3665377858828], [14.140964897363, -25.4438280717377], [14.1124433296, -25.5468046539395], [14.0760358274535, -25.6256140583113], [14.0299000962945, -25.6581079071062], [13.963901179594, -25.6739711226898], [13.9045930229276, -25.6817932413846], [13.7131413872066, -25.6582628677793], [13.4944760382498, -25.5725349993909], [13.2758106883947, -25.5124889346852], [13.0318192821599, -25.4464107262126], [12.9586960766727, -25.4140146169071], [12.8418359787034, -25.3362147013659], [12.8016712746777, -25.2970028927944], [12.7713503688242, -25.2311931789905], [12.7653026543117, -25.1720949168768], [12.762422476746, -25.1439397470688], [12.7557954647579, -25.079132743518], [12.7595983405794, -25.0274565552627], [12.7843170325209, -24.9723112931414], [12.8352233828789, -24.9291661210986], [12.8717831719239, -24.8981709128768], [12.9497421226715, -24.8274374258787], [13.0600255161053, -24.7514833532985], [13.1151672128222, -24.7203978380382], [13.1665060346158, -24.6944873099852], [13.2077815117786, -24.6655060753328], [13.2083376659575, -24.6651155299943], [13.2558736119296, -24.6409218115444], [13.3091138707358, -24.6253662318784], [13.3927771352156, -24.6219091732604], [13.4688346480524, -24.6391935093496], [13.5144691552156, -24.6530192564497]]]}, "properties": {"OBJECTID": 172, "id": null, "Name": null, "type": "Forest", "continent": "Essos", "size": null, "Symbol": null, "Shape__Area": 13595827622.397217, "Shape__Length": 440346.4025102329}}, {"type": "Feature", "id": 173, "geometry": {"type": "Polygon", "coordinates": [[[13.9327854758182, -23.8590501202851], [13.900461033132, -23.8851317016518], [13.8529250880582, -23.9042548539084], [13.8110934558182, -23.9146844717805], [13.7122186889507, -23.9372790898455], [13.6803198033674, -23.9431100112942], [13.5982465057365, -23.9519345090533], [13.4945167391187, -23.9654762575316], [13.4736938779694, -23.9672060396391], [13.4387309683094, -23.9756132240701], [13.4019579138261, -23.9894908281003], [13.3699598811849, -24.0015651929556], [13.3091138707358, -24.0258812973822], [13.2349577958097, -24.0762357350765], [13.2240242774175, -24.0914253523858], [13.2027159657903, -24.1210231930893], [13.191224725659, -24.136982005799], [13.1474916564066, -24.2393175372324], [13.1360830289421, -24.3554293492454], [13.1132657749114, -24.3987274088653], [13.0885470838683, -24.424699125018], [13.0600255161053, -24.438548521185], [12.9962266301295, -24.456832538771], [12.8200429568102, -24.4667270918238], [12.5538416618812, -24.4580733329567], [12.4334317956082, -24.4193833403579], [12.3922194466538, -24.3688579342518], [12.3922194466538, -24.2502051105735], [12.4682769594906, -24.0854013356825], [12.5443344723274, -23.8943109135082], [12.6679279311365, -23.7290506608121], [12.8770860914378, -23.572294774083], [13.0862442517391, -23.4938465163782], [13.4380102481603, -23.4153515422994], [13.6765796578005, -23.3357193276248], [13.7819484231121, -23.3314192778932], [13.8164361455464, -23.3551678823869], [13.8806780186365, -23.4516425647308], [13.9500635498221, -23.7432323768016], [13.9545236483768, -23.7834688440145], [13.9508252097919, -23.8235108420323], [13.9327854758182, -23.8590501202851]]]}, "properties": {"OBJECTID": 173, "id": null, "Name": null, "type": "Forest", "continent": "Essos", "size": null, "Symbol": null, "Shape__Area": 13557221474.71582, "Shape__Length": 502720.561678166}}, {"type": "Feature", "id": 174, "geometry": {"type": "Polygon", "coordinates": [[[-20.3688796323259, -33.3645450487657], [-20.374672744524, -33.4032431590239], [-20.4789487712762, -33.4274207292589], [-20.6063972486174, -33.4757556709099], [-20.7222595015624, -33.5095740962436], [-20.8381217536091, -33.5288929796249], [-20.9192253297723, -33.5240636636579], [-20.9539840056558, -33.480587683579], [-20.8786735416907, -33.3838962568552], [-20.785983740233, -33.369383254775], [-20.6295696992064, -33.369383254775], [-20.3688796323259, -33.3645450487657]]]}, "properties": {"OBJECTID": 174, "id": null, "Name": null, "type": "Forest", "continent": null, "size": null, "Symbol": null, "Shape__Area": 884781294.0449219, "Shape__Length": 147995.97580007324}}, {"type": "Feature", "id": 175, "geometry": {"type": "Polygon", "coordinates": [[[-17.9879103482298, -32.082817914519], [-17.9763241229353, -32.1416996772853], [-18.0168759110169, -32.1466047759017], [-18.0516345869004, -32.1171702244651], [-18.1327381630636, -32.0730005960044], [-18.1848761764397, -32.0238981936999], [-18.2543935282067, -31.9600257058545], [-18.3992213430405, -31.8764330757238], [-18.5382560465745, -31.8026118273821], [-18.7178425372918, -31.7878404917489], [-18.845291014633, -31.7582907413345], [-18.8742565774201, -31.7090201876313], [-18.8510841277294, -31.684375088127], [-18.7410149878808, -31.6547923292038], [-18.6251527349358, -31.6498609530535], [-18.5150835959855, -31.6547923292038], [-18.3239108790754, -31.7287315532946], [-18.2022555148306, -31.8124580725697], [-18.1269450508655, -31.910862770289], [-17.9879103482298, -32.082817914519]]]}, "properties": {"OBJECTID": 175, "id": null, "Name": null, "type": "Forest", "continent": null, "size": null, "Symbol": null, "Shape__Area": 1908881851.0541992, "Shape__Length": 254157.7670744335}}, {"type": "Feature", "id": 176, "geometry": {"type": "Polygon", "coordinates": [[[-16.7308049105138, -33.0009142445836], [-16.6960462355287, -32.9523162430915], [-16.609149546269, -32.9474549725641], [-16.5512184197965, -32.9474549725641], [-16.4817010689278, -32.9474549725641], [-16.4469423930444, -32.9085551831952], [-16.4179768302572, -32.8501734432135], [-16.4179768302572, -32.7868831842245], [-16.4179768302572, -32.6845498974186], [-16.3890112665718, -32.6162624702484], [-16.3252870279012, -32.6065028673215], [-16.2499765639361, -32.6065028673215], [-16.174666099971, -32.621141873208], [-16.1051487491023, -32.6406568238329], [-16.0761831854169, -32.689425574436], [-16.0761831854169, -32.7527851447411], [-16.0877694107114, -32.8307043197449], [-16.1109418613004, -32.9036915074393], [-16.145700537184, -32.9814782534741], [-16.1630798746765, -33.0397733830317], [-16.2152178880526, -33.1513979294888], [-16.2789421267232, -33.2386573266266], [-16.3600457037847, -33.369383254775], [-16.4411492799479, -33.3742211909725], [-16.4759079558314, -33.3355101665146], [-16.4874941811259, -33.25319210438], [-16.5048735186185, -33.1707964197429], [-16.5685977581875, -33.1222921492976], [-16.6844600102341, -33.0737610742203], [-16.7308049105138, -33.0009142445836]]]}, "properties": {"OBJECTID": 176, "id": null, "Name": null, "type": "Forest", "continent": null, "size": null, "Symbol": null, "Shape__Area": 3745816746.757324, "Shape__Length": 286889.3560824124}}, {"type": "Feature", "id": 177, "geometry": {"type": "Polygon", "coordinates": [[[-17.8141169697106, -33.3403499857318], [-17.7388065057455, -33.3742211909725], [-17.75039273104, -33.4564249270343], [-17.8083238566142, -33.4950821029599], [-17.8314963072032, -33.5578632132731], [-17.9010136589702, -33.6832885948963], [-17.9415654470518, -33.7507496723038], [-18.0284621363114, -33.7796453313244], [-18.1095657124746, -33.7989036904517], [-18.1559106136526, -33.827783105809], [-18.2312210776177, -33.8422191565186], [-18.3065315415828, -33.8662738231058], [-18.3760488933498, -33.8662738231058], [-18.5092904828891, -33.8951304777209], [-18.6483251855248, -33.9335908337448], [-18.7004631989009, -33.9287842389246], [-18.7352218747844, -33.8662738231058], [-18.7236356494899, -33.7748300651435], [-18.7004631989009, -33.7025685971797], [-18.6599114108193, -33.6591825105237], [-18.5903940599506, -33.625422642894], [-18.5092904828891, -33.5868237335239], [-18.3934282308424, -33.5530355158023], [-18.3297039921718, -33.5192340772599], [-18.2601866404048, -33.480587683579], [-18.1964624017342, -33.4515915678625], [-18.1269450508655, -33.4225857540246], [-18.045841473804, -33.3742211909725], [-17.9357723348537, -33.3355101665146], [-17.8141169697106, -33.3403499857318]]]}, "properties": {"OBJECTID": 177, "id": null, "Name": null, "type": "Forest", "continent": null, "size": null, "Symbol": null, "Shape__Area": 4676760539.599609, "Shape__Length": 299545.36357938923}}, {"type": "Feature", "id": 178, "geometry": {"type": "Polygon", "coordinates": [[[-38.186869372177, -36.7820770451435], [-37.9815732992508, -36.9463260282797], [-37.9504288969966, -36.9496895451492], [-37.5270543579636, -36.8819903861633], [-37.259561784221, -36.8391863618064], [-37.0634005644347, -36.8249130270081], [-36.8672393437501, -36.8249130270081], [-36.6710781230654, -36.8391863618064], [-36.5299130531571, -36.9110472954045], [-36.5361916841049, -36.9879848055945], [-36.6889109615545, -37.1098732631347], [-36.9742363728878, -37.1667372192747], [-37.3843916518477, -37.1951531671699], [-37.6162185486122, -37.237757041332], [-37.8837111223547, -37.3654242329535], [-38.0085409899814, -37.3795960955641], [-38.3830305919633, -37.3370724772181], [-38.7218545187637, -37.1951531671699], [-39.1676754738035, -37.1525252377619], [-39.2568396653505, -37.0814252594288], [-39.6134964297416, -36.853457034003], [-39.827490488017, -36.7535064139665], [-40.1484815754301, -36.6534254062348], [-40.3268099576256, -36.5245584536216], [-40.3981413106835, -36.4528727728289], [-40.629968207448, -36.2086457358786], [-40.7726309135638, -36.0646254981604], [-40.7726309135638, -35.9599437384839], [-40.7088295069153, -35.9031164226093], [-40.4516398252524, -35.8336439152117], [-40.2733114430568, -35.7757930777856], [-40.219812928488, -35.6889378535407], [-40.2019800908972, -35.558477530815], [-40.3705094864802, -35.40981235271], [-40.3677173626771, -35.371116844021], [-39.9344875171547, -35.3841996415198], [-39.7026606203903, -35.5004268746782], [-39.5778307527635, -35.6599650679246], [-39.3281710175101, -35.7757930777856], [-39.1320097977237, -35.8336439152117], [-38.9715142531189, -35.963654151298], [-38.9001829009593, -36.1510693630881], [-38.7218545187637, -36.3524014230709], [-38.4721947835103, -36.4672152153081], [-38.2938664013147, -36.667730671057], [-38.186869372177, -36.7820770451435]]]}, "properties": {"OBJECTID": 178, "id": null, "Name": null, "type": "Forest", "continent": null, "size": null, "Symbol": null, "Shape__Area": 48330574513.19531, "Shape__Length": 1232902.9324137548}}, {"type": "Feature", "id": 179, "geometry": {"type": "Polygon", "coordinates": [[[-41.9674310743639, -36.266179779777], [-42.6450789261681, -36.3093025197666], [-42.8590729853418, -36.3811207772999], [-43.1622312342658, -36.5675380103535], [-43.6080521902039, -36.7820770451435], [-43.7685477339105, -36.853457034003], [-44.0182074691639, -36.9960171861369], [-44.2143686898486, -37.1525252377619], [-44.357031395066, -37.3370724772181], [-44.3213657189862, -37.5070223237023], [-44.357031395066, -37.6906990137962], [-44.5175269387725, -37.8457633208207], [-44.6601896448883, -37.986448532185], [-44.8206851885949, -38.1969714208629], [-44.9098493801418, -38.350969224403], [-45.0346792477686, -38.350969224403], [-45.1951747914751, -38.1408912796242], [-45.3735031736707, -37.7894139233063], [-45.3556703351816, -37.6059815024653], [-45.266506144533, -37.577720862632], [-45.1238434384172, -37.7189167058288], [-44.9811807331997, -37.8457633208207], [-44.7493538364353, -37.8175939992146], [-44.5710254542397, -37.6201077980538], [-44.5710254542397, -37.4079317870371], [-44.5353597772616, -37.3087100148806], [-44.446195586613, -37.1667372192747], [-44.446195586613, -36.9675264841643], [-44.3035328804972, -36.853457034003], [-44.1252044983016, -36.7963583675674], [-43.8220462484793, -36.6534254062348], [-43.5902193517149, -36.5102266247415], [-43.4653894840881, -36.4241799291483], [-43.2335625873237, -36.3380377708608], [-42.9125714999107, -36.2805566741867], [-42.7520759553058, -36.1510693630881], [-42.5915804115993, -36.1222653117107], [-42.4489177054835, -36.0934506891732], [-42.2349236472082, -36.1222653117107], [-42.1457594565595, -36.1222653117107], [-42.0209295889328, -36.1366686590978], [-41.9674310743639, -36.1654674232571], [-41.9674310743639, -36.266179779777]]]}, "properties": {"OBJECTID": 179, "id": null, "Name": null, "type": "Forest", "continent": null, "size": null, "Symbol": null, "Shape__Area": 15717843417.46875, "Shape__Length": 1150661.919432222}}, {"type": "Feature", "id": 180, "geometry": {"type": "Polygon", "coordinates": [[[-46.6218018490397, -37.7753198536027], [-46.6039690105506, -37.7330215222903], [-46.4434734668441, -37.8316800040311], [-46.3721421137862, -37.9723921212053], [-46.2651450846486, -38.1689367435228], [-46.1938137315907, -38.309002215006], [-46.0333181878841, -38.4767243786158], [-45.8728226441776, -38.6301277134814], [-45.676661423493, -38.6858295601289], [-45.4270016882395, -38.7136642361226], [-45.2843389821237, -38.8110002664347], [-45.3556703351816, -38.9220787994263], [-45.5161658797865, -39.0468346018318], [-45.694494261982, -39.1713704525551], [-45.8549898056885, -39.143714837752], [-46.0154853493951, -39.0052737634559], [-46.2294794076704, -38.8110002664347], [-46.4434734668441, -38.7693010830874], [-46.5861361720616, -38.6997482519359], [-46.5504704959818, -38.5185941109334], [-46.4256406283551, -38.3789337272022], [-46.514804819902, -38.1969714208629], [-46.6218018490397, -37.7753198536027]]]}, "properties": {"OBJECTID": 180, "id": null, "Name": null, "type": "Forest", "continent": null, "size": null, "Symbol": null, "Shape__Area": 10275611555.925781, "Shape__Length": 565664.8976526903}}, {"type": "Feature", "id": 181, "geometry": {"type": "Polygon", "coordinates": [[[-44.6715721771922, -35.276869420199], [-44.7532664675199, -35.3256543501321], [-44.7654868414212, -35.4153376269267], [-44.7473095951405, -35.447238296995], [-44.6780224833774, -35.5149434760086], [-44.6780224833774, -35.6309817671549], [-44.8206851885949, -35.7902597366995], [-45.0346792477686, -35.8625535305513], [-45.4626673643193, -35.9203411347079], [-45.6800397788674, -36.1907007469102], [-45.7305897909084, -36.2059980144038], [-45.8906554817683, -36.1942556097124], [-46.1403152170218, -36.0502089401816], [-46.3543092752972, -35.9925163049464], [-46.4568266217086, -35.95103233158], [-46.4810186951794, -35.9003282194459], [-46.4434734668441, -35.8191851565832], [-46.2116465700797, -35.6309817671549], [-45.8193241287104, -35.3696594409249], [-45.4983330412974, -35.2678047091054], [-45.2825591823906, -35.2174544501874], [-45.1844515013172, -35.1628889447367], [-45.0881777623374, -35.0928984003183], [-45.0306418317078, -35.0379566177987], [-44.8575279882769, -34.9569217761418], [-44.8206851885949, -34.9468559135227], [-44.4996941011818, -34.8444710850165], [-44.2143686898486, -34.7273037058264], [-43.9711946202665, -34.5897871205552], [-43.871085181923, -34.5659270545641], [-43.625885028693, -34.5659270545641], [-43.3080907013214, -34.6000542224334], [-43.2204812887153, -34.6016931709588], [-43.2061379954733, -34.5941797660794], [-43.1622312342658, -34.5218607567797], [-42.9839028520703, -34.404236636154], [-42.7877416322839, -34.3600848832742], [-42.5024162209507, -34.3306374509982], [-42.2527564856972, -34.389521971757], [-41.9852639119547, -34.3748047211192], [-41.9139325597951, -34.2864469166746], [-41.796226137437, -34.1783188514084], [-41.6912044083877, -34.1327960377744], [-41.3076160601505, -34.0946861134488], [-41.1292876779549, -34.0355951350143], [-41.040123486408, -33.8136373958639], [-41.0023605675332, -33.6985169525455], [-40.9587542990765, -33.6420643595083], [-40.8415313706656, -33.6065698421585], [-40.7533236666056, -33.6065698421585], [-40.6485363116072, -33.6501952788457], [-40.6101076000714, -33.6974048393494], [-40.5943025313682, -33.9468814453724], [-40.5586368552884, -34.1094524184923], [-40.6121353698572, -34.2127443655929], [-40.9331264572703, -34.315909856862], [-41.0936220009768, -34.463069412879], [-41.2860265866192, -34.5728219680364], [-41.3733621693704, -34.5952916214277], [-41.5394429569149, -34.5952916214277], [-41.7712698536793, -34.5806106344385], [-41.8604340443279, -34.5952916214277], [-42.1279266180705, -34.7859082004777], [-42.4463486270772, -34.8730343409036], [-42.58704655058, -34.8675374170398], [-42.6807446031463, -34.8444710850165], [-43.0195685290484, -34.7419587288866], [-43.1978969112439, -34.7419587288866], [-43.3058708375918, -34.7419587288866], [-43.5758643624079, -34.7992736814155], [-43.8042134108886, -34.91761612854], [-43.8933776015372, -34.9906960448979], [-44.0182074691639, -35.1220755824204], [-44.0464050685028, -35.1912370170735], [-44.0846789598909, -35.2095444305417], [-44.2143686898486, -35.2095444305417], [-44.3715957654961, -35.2095444305417], [-44.4351882006533, -35.2159064007669], [-44.6715721771922, -35.276869420199]]]}, "properties": {"OBJECTID": 181, "id": null, "Name": null, "type": "Forest", "continent": null, "size": null, "Symbol": null, "Shape__Area": 44054916253.27344, "Shape__Length": 1673431.4003549507}}, {"type": "Feature", "id": 182, "geometry": {"type": "Polygon", "coordinates": [[[-49.2422597780264, -35.0055888029459], [-49.1501462449252, -35.0181628084538], [-49.0964133500173, -35.0998467123443], [-49.1962030114758, -35.219083780497], [-49.2652881613017, -35.294301299052], [-49.3113449278524, -35.3569292196457], [-49.357401694403, -35.4757885264324], [-49.4188107167699, -35.6755758830002], [-49.4648674833206, -35.7877371065947], [-49.5032481224122, -35.937039496193], [-49.5032481224122, -36.0736527586805], [-49.4571913558616, -36.2347993586317], [-49.4955719940549, -36.2657511081343], [-49.5569810164218, -36.2162224249823], [-49.6183900387887, -36.1232715954427], [-49.641418422064, -36.0053757160788], [-49.6107139104314, -35.843758458142], [-49.5800093996971, -35.6755758830002], [-49.5953616555134, -35.5070381393566], [-49.6337422937067, -35.3444075167896], [-49.6030377829724, -35.1877225527169], [-49.5186003773302, -35.0935662371308], [-49.3881062051373, -35.0495893652539], [-49.2422597780264, -35.0055888029459]]]}, "properties": {"OBJECTID": 182, "id": null, "Name": null, "type": "Forest", "continent": null, "size": null, "Symbol": null, "Shape__Area": 4160170645.0507812, "Shape__Length": 398214.791950323}}, {"type": "Feature", "id": 183, "geometry": {"type": "Polygon", "coordinates": [[[-45.8494113046051, -33.6107188452337], [-45.8494113046051, -33.5018812086166], [-45.8246382870468, -33.4510172441493], [-45.7572977715038, -33.3994980706045], [-45.5884229611177, -33.3482154635355], [-45.4656049163838, -33.2712348903677], [-45.4349004056495, -33.162062822108], [-45.4809571722001, -33.0913495360466], [-45.626803599311, -33.0334508716845], [-45.7496216440449, -32.988392256328], [-45.8954680711557, -32.9626341426798], [-46.0796951382565, -32.9368685167336], [-46.2101893095511, -32.8917606068973], [-46.2869505877343, -32.8014758669723], [-46.4174447599272, -32.6852606401026], [-46.5786434428544, -32.6270962177501], [-46.6937853592309, -32.6076996695325], [-46.7551943815979, -32.5041804847955], [-46.8242795314238, -32.4329418241577], [-46.9624498310757, -32.335707434212], [-47.1159723865439, -32.2578446216432], [-47.3155517085627, -32.1864116570027], [-47.4153413691229, -32.0759049413993], [-47.4153413691229, -31.9326977642643], [-47.3973338271757, -31.9123188919078], [-47.3472852107088, -31.8880390205742], [-47.2541426861957, -31.9196678424653], [-47.1543530256355, -32.017347227632], [-47.0775917474522, -32.0954158515633], [-46.9087169370661, -32.1669202006761], [-46.7551943815979, -32.1929078824526], [-46.6707569759556, -32.2383684713067], [-46.4251208873862, -32.361646837217], [-46.2101893095511, -32.41350332006], [-45.9415248377063, -32.601233219217], [-45.8033545380545, -32.7756633633605], [-45.641910288068, -32.8887095749356], [-45.5961756430052, -32.9055685317022], [-45.2967301059976, -32.9175393700173], [-45.1325681109168, -32.927382134665], [-45.0827983072597, -32.9199551939089], [-45.0307156615461, -32.8574668627835], [-45.03641997438, -32.8095363876955], [-45.0969937935014, -32.7663709960872], [-45.1729531941396, -32.7445169993295], [-45.3120823609156, -32.7304734613804], [-45.4425765331085, -32.7046403690928], [-45.5653945778424, -32.6658767043444], [-45.7342693882285, -32.536543056056], [-45.8033545380545, -32.4329418241577], [-45.8954680711557, -32.348678065452], [-46.0566667549812, -32.2578446216432], [-46.1641325430005, -32.2318754933427], [-46.2562460761017, -32.2253820506499], [-46.3419499715473, -32.204055487523], [-46.3827214632928, -32.1776023948398], [-46.3713879933766, -32.1344251720114], [-46.1564564155414, -32.1214239172497], [-46.0029338600733, -32.140925104219], [-45.8340590496871, -32.1604221218232], [-45.6037752160357, -32.2578446216432], [-45.4272242772922, -32.3875787999723], [-45.2122927003554, -32.452376138637], [-44.9743327392449, -32.4653300203186], [-44.8131340563178, -32.4199832873623], [-44.6596115008496, -32.3810965070992], [-44.536793457014, -32.3810965070992], [-44.2988334959036, -32.4394203950686], [-44.0608735347932, -32.4070228881513], [-43.8536180853154, -32.3746137483503], [-43.7231239131225, -32.348678065452], [-43.546572974379, -32.2967843883846], [-43.3316413974422, -32.2123937750787], [-43.2964906240052, -32.1975224135207], [-43.1938033010706, -32.1669202006761], [-43.0629769255975, -32.1669202006761], [-42.832693091946, -32.127924775831], [-42.6714944090189, -31.9522391842375], [-42.533324109367, -31.8284067244271], [-42.3798015538988, -31.7239977188859], [-42.3414209157055, -31.5671634949749], [-42.3414209157055, -31.4231666690998], [-42.3798015538988, -31.2592651481396], [-42.4642389595411, -31.0556313953056], [-42.5179718535507, -30.9437757408375], [-42.5026195986327, -30.8449707177891], [-42.3721254264398, -30.7592573002528], [-42.285406494012, -30.7313083800479], [-42.2380264093349, -30.7448829738885], [-42.2109267435126, -30.8054201779974], [-42.2109267435126, -30.9503591166769], [-42.1571938486047, -31.108223919173], [-42.0881086987788, -31.2198863266467], [-41.9729667824022, -31.3773030314658], [-41.880853249301, -31.5279136273343], [-41.8424726102093, -31.6129341352598], [-41.811768099475, -31.7174682443893], [-41.819444226934, -31.8675296998968], [-41.8347964827503, -31.9913095546527], [-41.8347964827503, -32.1019185622833], [-41.9345861433106, -32.2318754933427], [-42.0036712931365, -32.2902955883972], [-42.1878983602373, -32.335707434212], [-42.2869408856876, -32.3625468626715], [-42.5379306782288, -32.444420980079], [-42.7546945892748, -32.5262207898473], [-42.8090078614333, -32.5628485103588], [-42.897302426293, -32.6223605913786], [-42.924985216414, -32.6835431391798], [-42.9296882059468, -32.6939331921671], [-42.9274563047925, -32.739939592967], [-42.9030067400253, -32.7663768464999], [-42.8744851722623, -32.7855614504938], [-42.8117377239024, -32.8047419171445], [-42.686242828081, -32.7807656870625], [-42.6065515553597, -32.760072008844], [-42.5640286201013, -32.7369305657487], [-42.3183925315319, -32.5947663028701], [-42.2682464676196, -32.5748826200775], [-42.1079799206487, -32.5523706658403], [-41.9353644912835, -32.5725763832269], [-41.8971543659075, -32.6117678885039], [-41.8826097745833, -32.6485148941697], [-41.9109077319092, -32.6977433121937], [-41.9499383991269, -32.7240158900115], [-42.0036712931365, -32.7885705511656], [-42.0727564429625, -32.8272808780385], [-42.2032506151553, -32.8724216102155], [-42.3183925315319, -32.8917606068973], [-42.4872673428164, -32.9690743752285], [-42.7098750481105, -33.0205793312525], [-42.9324827534046, -33.0656214986506], [-43.2011472252493, -33.0784864583569], [-43.4160788030845, -33.0656214986506], [-43.625718397496, -33.1135232721406], [-43.6959247903236, -33.1210298647273], [-43.8766464685907, -33.1042107328521], [-44.0608735347932, -33.0463205329152], [-44.2758051126283, -33.0591883138167], [-44.3772896668559, -33.0691942107935], [-44.4384373908662, -33.0989813410484], [-44.5060889453814, -33.1556366955044], [-44.7210205232165, -33.3097336725622], [-44.8438385670521, -33.3482154635355], [-45.0141679187665, -33.4219609686829], [-45.0880502851104, -33.4358841941088], [-45.1662359338047, -33.4315343415887], [-45.3351107441909, -33.444345539807], [-45.5147907432411, -33.4887575295407], [-45.555482654134, -33.5127582905864], [-45.6498319825863, -33.6362863126901], [-45.7660531870475, -33.6823512964683], [-45.8206809126746, -33.6776889038469], [-45.8494113046051, -33.6107188452337]]]}, "properties": {"OBJECTID": 183, "id": null, "Name": null, "type": "Forest", "continent": null, "size": null, "Symbol": null, "Shape__Area": 60557625461.52051, "Shape__Length": 2504133.696154526}}, {"type": "Feature", "id": 185, "geometry": {"type": "Polygon", "coordinates": [[[-47.6990178392088, -29.3002045532724], [-47.7168605124536, -29.4453279743695], [-47.6752276082158, -29.5074603320538], [-47.5443813395507, -29.5592081889753], [-47.4194826277355, -29.5954159265116], [-47.3005314745669, -29.6729601776999], [-47.3005314745669, -29.7401168676976], [-47.3600070511512, -29.7710971095633], [-47.4492204164768, -29.8123891956841], [-47.5086959930611, -29.8742953625856], [-47.5146435508094, -29.9258545056813], [-47.603856916135, -29.9979924540424], [-47.6930702814606, -30.0031431606692], [-47.7882312045344, -30.0031431606692], [-47.9190774731996, -30.0494874853832], [-48.0618188582595, -30.1472542987837], [-48.1093993193473, -30.1318238635338], [-48.103451761599, -30.0494874853832], [-48.0558713005112, -29.9310089523128], [-48.0023432816752, -29.8742953625856], [-47.9190774731996, -29.7865836386227], [-47.8358116656222, -29.7091270533652], [-47.7882312045344, -29.6316106735423], [-47.8358116656222, -29.5540345949881], [-47.9488152619409, -29.4712210851065], [-47.9963957239269, -29.362425636792], [-48.0856090892525, -29.2587027492858], [-48.049923742763, -29.1652621112448], [-48.0201859540217, -29.1340963070219], [-47.9250250309478, -29.1029210518538], [-47.8298641087723, -29.1133138528528], [-47.7584934157931, -29.2068018024215], [-47.6990178392088, -29.3002045532724]]]}, "properties": {"OBJECTID": 185, "id": null, "Name": null, "type": "Forest", "continent": null, "size": null, "Symbol": null, "Shape__Area": 5201226803.9140625, "Shape__Length": 397798.27964836906}}, {"type": "Feature", "id": 186, "geometry": {"type": "Polygon", "coordinates": [[[-44.9274559572653, -29.450507125225], [-44.8560852651845, -29.4297889361402], [-44.7847145731037, -29.4660429917248], [-44.7371341111176, -29.5229874691731], [-44.6776585345333, -29.5747273804717], [-44.5706024959629, -29.6316106735423], [-44.4159659963048, -29.698794988662], [-44.3208050732309, -29.7349525631561], [-44.148325900328, -29.776259552047], [-43.975846727425, -29.796906659709], [-43.7974199967738, -29.796906659709], [-43.672521285857, -29.796906659709], [-43.5714128050349, -29.8330288483985], [-43.5119372275522, -29.9052340500913], [-43.5714128050349, -29.9310089523128], [-43.7379444201895, -29.9310089523128], [-43.8925809198477, -29.9258545056813], [-44.1185881115867, -29.9155448116434], [-44.3148575154826, -29.9103895642926], [-44.5170744771269, -29.9103895642926], [-44.6657634190368, -29.8794524773036], [-44.7668718998589, -29.8123891956841], [-44.897718168524, -29.698794988662], [-44.9452986305101, -29.5850721836342], [-44.9274559572653, -29.450507125225]]]}, "properties": {"OBJECTID": 186, "id": null, "Name": null, "type": "Forest", "continent": null, "size": null, "Symbol": null, "Shape__Area": 3802017674.205078, "Shape__Length": 374692.59835479775}}, {"type": "Feature", "id": 187, "geometry": {"type": "Polygon", "coordinates": [[[-45.4517158688416, -28.1198018046572], [-45.4419697444903, -28.1248470067469], [-45.3981878500056, -28.1774871222995], [-45.2792366959387, -28.2560987998916], [-45.138424248017, -28.2871026106367], [-45.112705080784, -28.2927644325797], [-45.0175441577101, -28.3451220026817], [-44.9640161388741, -28.4445302881704], [-44.9283307923845, -28.5386204601355], [-44.9283307923845, -28.6900335170618], [-44.9283307923845, -28.7082927328843], [-44.9283307923845, -28.7891166608047], [-44.907665549635, -28.820504301147], [-44.8391174270589, -28.9245516453964], [-44.7857459234915, -28.9754996282427], [-44.6487955809112, -29.0234116652439], [-44.440631062417, -29.0806032109632], [-44.3276274660984, -29.1221771332823], [-44.2086763120315, -29.1793138444816], [-44.220571427528, -29.241608533936], [-44.2714386975779, -29.2615798932976], [-44.3097847928536, -29.2675534736613], [-44.3989981581792, -29.2675534736613], [-44.5001066390013, -29.2571762874715], [-44.6250053508165, -29.200082948594], [-44.8212747538142, -29.0494117535419], [-44.9461734656293, -28.9245516453964], [-45.0413343887032, -28.8620651124629], [-45.2019184461096, -28.8203865418693], [-45.2911318114352, -28.8412279145565], [-45.2851842536869, -28.919345871051], [-45.2337930816717, -28.998900198683], [-45.2078660038579, -29.0390125042164], [-45.1483904272736, -29.1273726928176], [-45.1840757728648, -29.2052745673921], [-45.2554464649456, -29.1948910668746], [-45.3473632661013, -29.1280024396771], [-45.3981878500056, -29.0909982650115], [-45.5706670229085, -28.9557808012149], [-45.6884093940476, -28.9426279887773], [-45.7966742146475, -28.8620651124629], [-45.8799400222248, -28.7786912829908], [-45.9275204842109, -28.6482862060003], [-45.9513107143056, -28.49158585682], [-46.1594752336981, -28.3451220026817], [-46.2784263877651, -28.2351413459964], [-46.308164175608, -28.125047208325], [-46.3735873099406, -28.0148398810663], [-46.5341713682453, -27.899263499187], [-46.6352798481691, -27.8309102604689], [-46.6828603101552, -27.730931904611], [-46.8018114642221, -27.6677403693514], [-46.9029199441459, -27.5728845311842], [-46.9980808672198, -27.5412476709829], [-47.1348746945315, -27.5412476709829], [-47.3192489829309, -27.4937752960881], [-47.3906196750117, -27.4146091750023], [-47.4382001360995, -27.3248189422951], [-47.5214659436769, -27.2138011531202], [-47.6939451165798, -27.1608966028497], [-47.7474731363141, -27.1026726361315], [-47.8069487128984, -27.0179291604049], [-47.9734803280531, -26.816407310278], [-48.1400119432078, -26.6092090471843], [-48.3303337893555, -26.4495697704407], [-48.4373898279259, -26.4282677710618], [-48.4909178467619, -26.4761917298015], [-48.4968654045102, -26.5347383522921], [-48.4373898279259, -26.6304774923506], [-48.3362813471038, -26.7261364820113], [-48.2113826352886, -26.8535567813944], [-48.068641251127, -26.9914337001597], [-48.0448510201339, -27.1344349220463], [-48.0805363666235, -27.2508194013565], [-48.1697497319491, -27.3406695689031], [-48.3362813471038, -27.3987691348053], [-48.5266031932515, -27.3829268236684], [-48.710977481651, -27.3142505984136], [-48.9548273466347, -27.1714795201413], [-49.1332540772859, -27.0126305679221], [-49.2522052304545, -26.8482504602389], [-49.264100345951, -26.6783170183627], [-49.2462576727062, -26.4974848618981], [-49.2343625572097, -26.3483502279083], [-49.1808345383737, -26.2203672930962], [-48.9726700189812, -26.1349670002806], [-48.8299286348195, -26.0548474594452], [-48.8239810770713, -26.0120946178261], [-48.7704530582352, -25.8837427244186], [-48.6752921351614, -25.7445372450973], [-48.5920263275841, -25.7391799232058], [-48.4671276157689, -25.7766761026839], [-48.3600715780968, -25.8730404219885], [-48.1816448474456, -26.0495042064252], [-47.9734803280531, -26.1990230870431], [-47.5274135014251, -26.2737106730355], [-47.2062453866123, -26.3323600856432], [-46.8434443675616, -26.3590090950841], [-46.4449580029197, -26.6145265294193], [-46.1475801182016, -26.7898645168278], [-46.1356850027051, -26.8588628537439], [-46.2248983680307, -26.9172132179271], [-46.254636156772, -26.9808337680497], [-46.230845925779, -27.3829268236684], [-46.1951605801877, -27.5570672409604], [-45.9751009452987, -27.5992416161533], [-45.7728839836544, -27.7098721258567], [-45.6360901572411, -27.899263499187], [-45.4517158688416, -28.1198018046572]]]}, "properties": {"OBJECTID": 187, "id": null, "Name": null, "type": "Forest", "continent": null, "size": null, "Symbol": null, "Shape__Area": 65053773673.24707, "Shape__Length": 1937507.6244328504}}, {"type": "Feature", "id": 188, "geometry": {"type": "Polygon", "coordinates": [[[9.18995832005562, 26.8089389780425], [9.10774629649368, 26.8043529167049], [9.08549664207692, 26.8001328083238], [8.97464729384449, 26.767147201307], [8.8724920116117, 26.763265910996], [8.80946002997038, 26.8059528025918], [8.78989838012377, 26.8544411343143], [8.78989838012377, 26.8585783090394], [8.78989838012377, 26.9184139275989], [8.81380706297018, 26.9939714032918], [8.83119519586774, 27.0423790114165], [8.86379794561207, 27.0849604447891], [8.92248289425356, 27.1565381823786], [8.96377970999752, 27.226137388202], [9.04202630938391, 27.3516924654763], [9.14660809391273, 27.5687468092734], [9.17026379051389, 27.6177837056101], [9.17483632131125, 27.6212827030398], [9.25910839561873, 27.6857494510475], [9.36773598467638, 27.7146028559243], [9.45305040744569, 27.7280889391987], [9.46151501856891, 27.7294268929512], [9.60062008354584, 27.7275029770815], [9.64638776774648, 27.7125300495204], [9.68943999845512, 27.6984436076344], [9.70060184793129, 27.6947912178907], [9.72192661399952, 27.6728727436811], [9.81896552626026, 27.5730766416474], [9.82231878001069, 27.5696264869169], [9.82289612544717, 27.5678502680013], [9.85926856275486, 27.4558916696873], [9.86585708103476, 27.4343308606186], [9.88620611231272, 27.3677124322777], [9.89404482854994, 27.3420394243134], [10.0005471437825, 27.1971429974541], [10.0133070763862, 27.1852257174032], [10.0540073658658, 27.1472047273615], [10.0874878082703, 27.1159185997948], [10.1570403407587, 27.0578650396047], [10.1809490236051, 27.0249546752257], [10.183348922294, 27.0185409417888], [10.2026841904008, 26.9668540376259], [10.2005106734517, 26.9106615793296], [10.1925160465121, 26.8714457368406], [10.1920068284085, 26.8689474223009], [10.1918166065538, 26.8680141462586], [10.1635608907076, 26.8214713266548], [10.0961818751682, 26.7923723511474], [10.0418439595265, 26.7865516601096], [10.0140286804776, 26.7892360033249], [9.96142384408936, 26.7943125154104], [9.75141465941375, 26.8039750223515], [9.75059273057318, 26.8040128374208], [9.51150590121077, 26.831169325114], [9.36764848337781, 26.8259296211554], [9.18995832005562, 26.8089389780425]]]}, "properties": {"OBJECTID": 188, "id": null, "Name": null, "type": "Dark Forest", "continent": null, "size": null, "Symbol": null, "Shape__Area": 12666369710.213135, "Shape__Length": 458777.7201837314}}, {"type": "Feature", "id": 189, "geometry": {"type": "Polygon", "coordinates": [[[10.617825866586, 25.9628666911708], [10.5730025435143, 25.9713012018077], [10.5497100654269, 25.9756839634965], [10.5221911352003, 25.9921754530475], [10.5174683027812, 26.0105696025257], [10.5156705852515, 26.0175704683641], [10.5113235513534, 26.0507710463214], [10.5091500353026, 26.0722487638027], [10.5243646512511, 26.0956745092871], [10.5393761275711, 26.102414923776], [10.576529050842, 26.1190955645083], [10.6373875164326, 26.1386095250031], [10.6830313651763, 26.1522673578546], [10.7330222478182, 26.1639727984887], [10.8090953302556, 26.1639727984887], [10.8503921459995, 26.1639727984887], [10.8694521747948, 26.1624633429886], [10.9235509463315, 26.1492199876566], [10.9416798443853, 26.1464141967259], [10.9446312987772, 26.1440591195368], [10.9476638970903, 26.1416392454154], [10.9612414942319, 26.1308043315344], [10.9808031440786, 26.0937225426621], [10.9851501770784, 26.0488183310327], [10.9764561110787, 26.0117105674853], [10.9351592944365, 25.9843604972578], [10.8721273127952, 25.9687290279011], [10.7721455475114, 25.9628666911708], [10.617825866586, 25.9628666911708]]]}, "properties": {"OBJECTID": 189, "id": null, "Name": null, "type": "Dark Forest", "continent": null, "size": null, "Symbol": null, "Shape__Area": 1112038793.8295898, "Shape__Length": 132716.7139156537}}, {"type": "Feature", "id": 190, "geometry": {"type": "Polygon", "coordinates": [[[9.80275713016412, 25.4478052684111], [9.80493064621484, 25.4870515823692], [9.82449229606144, 25.5262850855115], [9.88317724560126, 25.5674664600976], [9.94186219424275, 25.6086336794914], [10.0102308253402, 25.6332921765412], [10.2154596324179, 25.7146778012928], [10.2920162815659, 25.7247362206945], [10.317880571633, 25.7281342155012], [10.3809125541727, 25.7281342155012], [10.4439445358139, 25.7065937941354], [10.4678532186603, 25.6830907061865], [10.4917619024051, 25.6478273789385], [10.4917619024051, 25.6145135542858], [10.4852413524562, 25.600548380308], [10.4750692937095, 25.5787594494114], [10.4591591526608, 25.5596234800246], [10.4265564029164, 25.5341302471049], [10.3656979373258, 25.5047082450938], [10.3091865047351, 25.469392325454], [10.2657161720421, 25.4399544692495], [10.230939906247, 25.4163990033483], [10.2254604516102, 25.4124396495129], [10.0794625164401, 25.3751658633036], [10.0092412097822, 25.3751658633036], [10.0025236458168, 25.3753906584254], [9.95055626114068, 25.3771296658187], [9.92775374397221, 25.3811495440509], [9.86144207880561, 25.3928389339746], [9.84549955349081, 25.3997267943928], [9.83213324998549, 25.4055013119996], [9.82077153074848, 25.4104095912903], [9.80871877529265, 25.4249243706358], [9.80275713016412, 25.4478052684111]]]}, "properties": {"OBJECTID": 190, "id": null, "Name": null, "type": "Dark Forest", "continent": null, "size": null, "Symbol": null, "Shape__Area": 2180169612.8754883, "Shape__Length": 190111.6063632978}}, {"type": "Feature", "id": 191, "geometry": {"type": "Polygon", "coordinates": [[[9.8119375889743, 24.5180017874385], [9.80998693236914, 24.5196993793405], [9.79369570801052, 24.5542794223576], [9.7882257836005, 24.5827063058818], [9.78319548031751, 24.6088428069325], [9.79518112443509, 24.6454202751939], [9.81362471311277, 24.7016850026032], [9.86361559575466, 24.7648571549223], [9.88527890631075, 24.7793507558087], [9.93396723268897, 24.8119189720271], [10.0574577867872, 24.8519450627318], [10.4968406338651, 24.8928300549673], [10.497236593276, 24.8929306231729], [10.5048030014045, 24.8930766546325], [10.663469716228, 24.9344730116944], [10.7699720305623, 24.9600923638154], [10.7847351882833, 24.963134214393], [10.8177893962552, 24.9699445411413], [10.8634332458972, 24.9679741684497], [10.9242917114878, 24.9502393978857], [10.9503739112833, 24.920675769942], [10.9590679772829, 24.8753311073444], [10.956876900965, 24.8587649940255], [10.9552547124451, 24.8464986605678], [10.9525474282323, 24.826024552305], [10.9329857783857, 24.7964311912423], [10.9112506115901, 24.7609098359059], [10.8821422139779, 24.7327122127329], [10.8786478627441, 24.7293267668938], [10.8718208157051, 24.7256697328905], [10.5531717682901, 24.5858638634426], [10.3796124332417, 24.474409021497], [10.3420266010556, 24.4590389981989], [10.3070129886844, 24.4447191477738], [10.2420049326069, 24.4395277434711], [10.1831225405542, 24.4348253363304], [10.1743074023155, 24.4354673813991], [10.0201087927308, 24.4466978172124], [9.86209196679452, 24.4831102980807], [9.84348384448604, 24.490544932752], [9.8119375889743, 24.5180017874385]]]}, "properties": {"OBJECTID": 191, "id": null, "Name": null, "type": "Dark Forest", "continent": null, "size": null, "Symbol": null, "Shape__Area": 5312434879.705322, "Shape__Length": 316780.3877052792}}, {"type": "Feature", "id": 192, "geometry": {"type": "Polygon", "coordinates": [[[4.59071407044991, 23.2612668477731], [4.58321782433834, 23.3335596999797], [4.58042772443953, 23.3924705469743], [4.5839020800734, 23.4817264648871], [4.58461287383859, 23.4999792604252], [4.60135347053664, 23.612513429948], [4.61948911583661, 23.6495774221239], [4.65436535783459, 23.6649111764072], [4.68505645133181, 23.6649111764072], [4.70773624695441, 23.6583512375176], [4.71156239453164, 23.6572445239833], [4.72830299122969, 23.6457437022791], [4.73592514880473, 23.6367662506599], [4.74783368692821, 23.6227390266789], [4.77433963012804, 23.5652096682164], [4.83325284697143, 23.5031522585014], [4.94891374524046, 23.4460277195415], [4.99615252941495, 23.4398363562654], [5.12449710050659, 23.4244763300524], [5.17332383930378, 23.3963116498867], [5.18587928660273, 23.3783855513858], [5.19982978340194, 23.3502110699924], [5.20959513080205, 23.3105005106479], [5.2109901803023, 23.2643701374432], [5.20056481640844, 23.2286666578575], [5.19564463400284, 23.2118133139195], [5.19563152219294, 23.2118010124739], [5.12868224900735, 23.1489743733173], [5.07980740363007, 23.1208841018106], [5.03939907021113, 23.0938057094029], [4.99615252941495, 23.0809725382161], [4.86780795922165, 23.070705118897], [4.77991982902738, 23.0745554932076], [4.73332009915947, 23.0813245142889], [4.72751384640539, 23.0821678996274], [4.72690794172943, 23.0822559103041], [4.66413070613303, 23.1207513789496], [4.62396260198402, 23.1678757069079], [4.6236742652357, 23.1682139174214], [4.60734911510204, 23.203943879144], [4.59071407044991, 23.2612668477731]]]}, "properties": {"OBJECTID": 192, "id": null, "Name": null, "type": "Dark Forest", "continent": null, "size": null, "Symbol": null, "Shape__Area": 3316766469.4385986, "Shape__Length": 231599.58287608786}}, {"type": "Feature", "id": 193, "geometry": {"type": "Polygon", "coordinates": [[[2.4414884371392, 24.1445653274781], [2.54640682489655, 24.3359010981385], [2.56451288867421, 24.3576273249209], [2.58429532195977, 24.3666377928765], [2.6539518236626, 24.3703701958026], [2.65452596840171, 24.3705382983923], [2.71131600179973, 24.387164644605], [2.77892378320771, 24.4300736520452], [2.82329728478233, 24.4959398103435], [2.86718425700243, 24.5972767678192], [2.89365213948197, 24.6760512695279], [2.90643859753937, 24.6928028820304], [2.95301080572195, 24.7537983537297], [3.02922685773171, 24.8229920368924], [3.06792278752173, 24.8510854709431], [3.20759186244478, 24.9234849188883], [3.33152035782047, 24.9541321633382], [3.44277877637541, 24.9696725172712], [3.47958624441898, 24.9921267421207], [3.51031705333324, 25.0478208250269], [3.52187933133889, 25.1300959687788], [3.54405640457563, 25.2234210611098], [3.57612765350569, 25.3058520803217], [3.61497829295063, 25.3524313548426], [3.62709413080064, 25.3703465313027], [3.84220979859032, 25.5664073438977], [4.02249721507939, 25.7252401836197], [4.07371523143369, 25.7510766656049], [4.12288452659481, 25.7732177488925], [4.18229742592508, 25.7971992617938], [4.2744898544645, 25.8174875231433], [4.33595147408961, 25.8211759239093], [4.44980274855811, 25.8113216166375], [4.59333776552719, 25.7888473251582], [4.84119475538029, 25.7178170293342], [5.10121298932776, 25.6006287358914], [5.18617054197739, 25.5571663801847], [5.18679302236702, 25.5565400066342], [5.29270401617397, 25.4499191498251], [5.33162970806424, 25.368495381216], [5.34115940490743, 25.2995896988571], [5.34187331133509, 25.2944261262233], [5.33377661691456, 25.2241297756156], [5.33162970806424, 25.2054832611303], [5.32701642968557, 25.197626008003], [5.29680145676366, 25.1461518776831], [5.22927176320837, 25.0850068890099], [5.21075519000711, 25.0682356545296], [5.19887141843601, 25.0624778352775], [5.12266020205742, 25.0255462239729], [5.04890625886657, 24.9976972870415], [4.85222907732379, 24.9735564353485], [4.65555189488267, 24.9716992507688], [4.51419017028387, 24.9716992507688], [4.44658238887589, 24.9586981713628], [4.4243715425777, 24.9487945157266], [4.32161042933074, 24.9029637131342], [4.21712567632737, 24.8564990949544], [4.16184993569872, 24.8441331109832], [4.07872193687249, 24.8235258740845], [4.0445008892118, 24.8145907136722], [3.9344022271297, 24.7858394376135], [3.86884316691486, 24.7635174928311], [3.81147898877773, 24.7374701536563], [3.77255329598916, 24.7095562342687], [3.74591992766459, 24.6686044983389], [3.73567632439374, 24.618327172867], [3.73567632439374, 24.5754823865403], [3.74160277712274, 24.5530237080699], [3.74796864885777, 24.5288953430497], [3.8381123571023, 24.4487251919477], [3.92533530189668, 24.3898445701809], [3.95693815486458, 24.3685040076969], [4.12493324778795, 24.2564824231519], [4.13763936681457, 24.2440699956327], [4.18229742592508, 24.2004345675586], [4.20886503577423, 24.1596149523882], [4.22122311781535, 24.1406230184049], [4.22482035399695, 24.1266710457026], [4.23761288286907, 24.0770425722802], [4.23949611731889, 24.0419988219495], [4.23205075358167, 23.9991530412993], [4.17648737150076, 23.8975930231045], [4.08654829498634, 23.7824216795695], [4.03453337505868, 23.7476629472815], [3.84976679327298, 23.7120534486635], [3.77232520655201, 23.7069887916108], [3.73772504558691, 23.6911476424481], [3.71723783904521, 23.6780145334794], [3.69675063250347, 23.6517443563441], [3.6920396174219, 23.6394143647593], [3.6920396174219, 23.616264561994], [3.69879935279831, 23.5729021833171], [3.69879935279831, 23.5503671428826], [3.67626342596176, 23.5278282394813], [3.62709413080064, 23.5090428699633], [3.6004607624761, 23.4902548208568], [3.56972995266351, 23.4583089921932], [3.54309658433897, 23.4319948578786], [3.53080425987494, 23.3943941501079], [3.52670681928525, 23.3586635872492], [3.5287555395801, 23.3285672247962], [3.53490170136296, 23.3153979223389], [3.55948634939266, 23.2796460955832], [3.58407099742238, 23.2476494815404], [3.62914285109549, 23.200581691077], [3.65782494061323, 23.1704496027025], [3.68855574952746, 23.1327749548835], [3.71518911875036, 23.093205180111], [3.74796864885777, 23.0196875448749], [3.7586921141871, 22.9793808138935], [3.75963697837262, 22.9776410337741], [3.81651854291156, 22.802967085551], [3.84630724007831, 22.7611160869465], [3.913915020588, 22.6949788462577], [3.93217912048202, 22.6732352567931], [3.95722146643721, 22.6434164938998], [4.04909997959888, 22.4567379946655], [4.05565526200987, 22.4316375324077], [4.05686646320239, 22.3577271717866], [4.05322802489198, 22.3334976002972], [4.04708186310912, 22.2899048403888], [4.02454593627257, 22.240609692775], [4.02055470260061, 22.236677000276], [3.99943871039431, 22.2158688880188], [3.96103559545427, 22.1780177941184], [3.89547653523943, 22.1248876455213], [3.82991747412629, 22.0983150550438], [3.82233980471737, 22.0974091148997], [3.7958482992408, 22.0942419068058], [3.64100782272433, 22.1026810660943], [3.61889924782463, 22.1097039210858], [3.59078226958755, 22.1191761098515], [3.57382739415153, 22.1248876455213], [3.49597600947269, 22.1590450436547], [3.46806721670098, 22.1760064178219], [3.43041694835956, 22.1988848624339], [3.37510149141557, 22.2500908772332], [3.26037313514131, 22.344867385857], [3.23373976681674, 22.3960199368514], [3.20505767729902, 22.498268568808], [3.19773030098615, 22.5334665165455], [3.19481407402817, 22.547472473893], [3.19276535373332, 22.6136808010518], [3.19481407402817, 22.7875620225293], [3.18866791224534, 22.8423265745018], [3.1558883821379, 22.91216658503], [3.11696268934933, 22.9517895166453], [3.01042921605108, 22.9989445470074], [2.76868017993686, 23.1026276127408], [2.76318104231379, 23.1062052642656], [2.70416030431744, 23.144597212203], [2.68277724926538, 23.1691725304741], [2.67648775049915, 23.1779832612416], [2.65600054395744, 23.2344721726477], [2.64370822039175, 23.2777641547883], [2.6330142934656, 23.3465104646366], [2.62936717563287, 23.3699479631637], [2.56585683571291, 23.4752224535336], [2.53196744066523, 23.5259294374045], [2.39642352923985, 23.6501481182248], [2.31384514575559, 23.7352185544602], [2.30629371433949, 23.7653795534419], [2.30629371433949, 23.8460808513641], [2.31433575615645, 23.9563668019531], [2.34059294507429, 24.0273332331428], [2.4414884371392, 24.1445653274781]]]}, "properties": {"OBJECTID": 193, "id": null, "Name": null, "type": "Dark Forest", "continent": null, "size": null, "Symbol": null, "Shape__Area": 58392732395.94824, "Shape__Length": 1415469.3116025229}}, {"type": "Feature", "id": 194, "geometry": {"type": "Polygon", "coordinates": [[[7.28934042652873, 22.980019343103], [7.3390939248652, 22.965751423344], [7.3879953316288, 22.9402527117952], [7.50909589186253, 22.8551381278073], [7.51492713934108, 22.8510383339713], [7.51782980533154, 22.8470896773806], [7.52602606003498, 22.8359392401278], [7.56517871577334, 22.7826621599893], [7.61543029130731, 22.6712017758923], [7.62978788483034, 22.5751186627114], [7.62141262194189, 22.4645955074884], [7.61390049810769, 22.4391389043353], [7.61064442769795, 22.4281034881324], [7.60902345010709, 22.427548536935], [7.57833984227115, 22.417043405202], [7.53287413124484, 22.4303153989936], [7.51328678868282, 22.4472127885765], [7.50277310332852, 22.4562817672035], [7.49698014833561, 22.4612784479397], [7.49297244315458, 22.4662446468571], [7.44433563964949, 22.5264993658732], [7.40126285997874, 22.5596507452604], [7.40092409899688, 22.5597815694527], [7.33545722479484, 22.5850614078596], [7.30786547443637, 22.5980302703359], [7.15440539230461, 22.6701383117149], [7.13804031924311, 22.6778257209814], [7.12540602501506, 22.6854282303056], [7.06990094449439, 22.7188226358555], [6.97926531520701, 22.7948045341956], [6.96045873169607, 22.818851560247], [6.95857040469688, 22.8212658331015], [6.95498100631612, 22.8642684651275], [6.97053506596605, 22.9226861268962], [6.98047148673225, 22.9387007501154], [6.98643180235416, 22.9483061375545], [6.98967852309845, 22.9535381271435], [7.0315548366423, 22.985484568923], [7.08402727842562, 22.9987292029219], [7.12257470591943, 23.0034254576425], [7.22418587858464, 22.9987015766373], [7.28934042652873, 22.980019343103]]]}, "properties": {"OBJECTID": 194, "id": null, "Name": null, "type": "Dark Forest", "continent": null, "size": null, "Symbol": null, "Shape__Area": 2940075753.394043, "Shape__Length": 225996.10322978062}}, {"type": "Feature", "id": 195, "geometry": {"type": "Polygon", "coordinates": [[[35.1711661911103, -22.2897637649193], [35.1209328199356, -22.3159062105995], [35.08325779133, -22.3391398314923], [34.9859306348474, -22.42042699973], [34.974629104531, -22.4384710751639], [34.951775536105, -22.4749520173992], [34.9513951921086, -22.4755590748888], [34.9440645585045, -22.4936214134781], [34.8800145628641, -22.60559001585], [34.8761265132789, -22.6115123015116], [34.8514929951011, -22.6490282035796], [34.7673543718173, -22.7463850770092], [34.7117373153982, -22.7858343480754], [34.6618245727113, -22.806869296581], [34.6019292816667, -22.8134420522934], [34.5534426171883, -22.7963522284522], [34.5234949712169, -22.7634811604754], [34.5177526084424, -22.7528905700688], [34.4778604631554, -22.6792951815253], [34.456019969791, -22.610906200728], [34.442782309526, -22.5538669061132], [34.4176656234894, -22.3855954567689], [34.3862697666175, -22.2665219298823], [34.34782314537, -22.2037201372728], [34.3055326608694, -22.1784569116156], [34.2584117401518, -22.1769522634808], [34.2164236483388, -22.1896305772753], [34.1192963373625, -22.2400722710759], [34.1073975387733, -22.2497563090903], [34.0283569975591, -22.3391398314923], [33.9969611397888, -22.3914013203037], [33.9644134828226, -22.4465620948943], [33.8588193697321, -22.5306692112279], [33.7677713840848, -22.5973520687179], [33.7143984270433, -22.6437211062283], [33.6484671274326, -22.6929710615793], [33.5856754136888, -22.7248292517591], [33.491487843073, -22.7711551944576], [33.4349753001646, -22.7972066313737], [33.2968335301078, -22.8232530906761], [33.2152043011629, -22.8492945687621], [33.1272959022808, -22.9100386167817], [33.0691067706756, -22.9877348851913], [33.0635405217143, -23.0085148612384], [33.0582250168033, -23.089219249855], [33.0802021169729, -23.2393158880159], [33.0973717544406, -23.4206229166016], [33.0930299352627, -23.4481465880446], [33.0660531194454, -23.4926874278105], [32.8881619742481, -23.6048024694834], [32.5853174906831, -23.840469203558], [32.2521885593906, -24.1309962788978], [32.1078353344028, -24.2133064104565], [32.0127429797346, -24.296670053112], [31.949407381002, -24.3629304906603], [31.8998465272765, -24.3935625812236], [31.761576123861, -24.4339478063929], [31.7182650597729, -24.4416416336713], [31.6328531096081, -24.4568129357465], [31.5548045581992, -24.4640994468947], [31.5529737350563, -24.4646722888709], [31.4868464688647, -24.480039048378], [31.4476175542435, -24.4996738677878], [31.3848258396014, -24.5482319322817], [31.3151966224287, -24.5919040225614], [31.2937778548525, -24.6053350093711], [31.2066386123813, -24.6402831110829], [31.1615350293141, -24.6481452248655], [31.1148214703232, -24.6481452248655], [31.0171065560483, -24.6241397517085], [30.9871880316617, -24.6091800926463], [30.9295859140603, -24.5567990532875], [30.9076013857216, -24.5201343232507], [30.8919108854547, -24.4939599208634], [30.8762129570187, -24.4139374160885], [30.8919108854547, -24.3252818639831], [30.9138879856244, -24.2422898421127], [30.9201671564597, -24.1764300610257], [30.9086141616442, -24.1363730477114], [30.8803648444978, -24.1105908355022], [30.8474860505515, -24.0950289394947], [30.8055859595004, -24.0843542655724], [30.7748180807076, -24.0897559598759], [30.7484261444971, -24.1074232254953], [30.7192336717609, -24.1391899213065], [30.6830398401929, -24.1660230454699], [30.6486457877883, -24.1799117367186], [30.6038508775307, -24.1875736519381], [30.5570955630489, -24.1875736519381], [30.5386924488646, -24.1778542108842], [30.5195419255842, -24.1677392456841], [30.5057381991294, -24.1511142950071], [30.4900439160569, -24.0962070480376], [30.4963230877906, -23.9872525803073], [30.5214397729288, -23.8983003187875], [30.5528356298007, -23.8035419177214], [30.5542527230597, -23.7967996958766], [30.5598611326522, -23.7330667728417], [30.5598611326522, -23.7002505774393], [30.5598611326522, -23.6636418872708], [30.5507492251797, -23.6455581680689], [30.550570667949, -23.6428592942514], [30.513267892214, -23.5631010772903], [30.4712064017541, -23.5390023563377], [30.419307945708, -23.5372401261475], [30.3760603269335, -23.5441355009127], [30.3267854599636, -23.5821703039682], [30.2702729170552, -23.6943404971214], [30.2357374743164, -23.7949240843484], [30.2168999609119, -23.8868181438005], [30.1917832748754, -23.9585650035217], [30.1666665897372, -24.0101980418051], [30.1289915611315, -24.0761434353187], [30.1070144609619, -24.136324845466], [30.0724790182231, -24.2308384128297], [30.07561860409, -24.3252818639831], [30.0868505050903, -24.3630660773717], [30.1164332185625, -24.4625285702679], [30.1823645181731, -24.5824969024032], [30.2074812033113, -24.6538521448416], [30.2074812033113, -24.7565320596937], [30.1698061747057, -24.85058083751], [30.1101573256795, -24.8884630751502], [30.07561860409, -24.9103928748171], [29.9343372481663, -24.9644835556432], [29.8087538197804, -25.0384638659461], [29.7051474915641, -25.0782809524494], [29.6015411642461, -25.1180850949759], [29.5356098637371, -25.1720842697477], [29.5104931785989, -25.2317397525246], [29.5104931785989, -25.3027200350675], [29.5481682072045, -25.4303797903307], [29.5510341276082, -25.4440596842767], [29.5617842414605, -25.4953593357331], [29.5475868022813, -25.5860151023487], [29.5417304352124, -25.5945981735292], [29.5316132356818, -25.6094244564686], [29.4759577358601, -25.6909520866208], [29.4571202215573, -25.7390391703023], [29.4163056079831, -25.7899337065887], [29.3189784506022, -25.8351549640896], [29.2185117091511, -25.869059572348], [29.0332761528881, -25.8916572412807], [28.7946676395836, -25.9001302527652], [28.5507041808355, -25.9025686606441], [28.5121049268381, -25.9029544539286], [28.300319144025, -25.8983078068527], [28.2546588992307, -25.8973059831952], [28.2284005685541, -25.8886030322372], [28.1353546434768, -25.8577591159269], [28.0650499884318, -25.8057794276297], [28.0474462436964, -25.7927605410086], [28.0312215943818, -25.7626272011031], [27.9972128725217, -25.6994394551092], [27.9563982580492, -25.6032138911018], [27.9532586730807, -25.4303797903307], [27.9783753582189, -25.2856885529578], [28.0286087293936, -25.1237703428777], [28.0537254145318, -25.0555299159362], [28.116517129174, -24.9986338488639], [28.1793088429178, -24.9587909178867], [28.2685790132104, -24.8616326062658], [28.2910259574265, -24.8197912500102], [28.29861309957, -24.7394246214965], [28.2909584912537, -24.70465940374], [28.2702049099757, -24.686529149357], [28.2519814184241, -24.6742063218644], [28.204425528056, -24.6652652037282], [28.1479129860459, -24.6538521448416], [28.0443066578296, -24.6338767826239], [27.9323098501622, -24.6015933107308], [27.8903224653234, -24.5682864466888], [27.8485360506816, -24.5211534503432], [27.837094001397, -24.4592256867431], [27.837094001397, -24.3936315358619], [27.837094001397, -24.3538872174914], [27.8245356588279, -24.2794998692536], [27.7994189736897, -24.2165226773803], [27.7984970012725, -24.2109169521973], [27.7900002160891, -24.1592436533621], [27.7900002160891, -24.0990730221204], [27.8119773162588, -24.0331394100207], [27.8527919307312, -23.9815155764469], [27.8810482017363, -23.9614340487438], [27.9580255930173, -23.9453545535512], [28.0251999211311, -23.9453545535512], [28.1196567150408, -23.9643030301192], [28.2389609707948, -24.0101980418051], [28.294632142625, -24.0256744492324], [28.3204447580037, -24.0287989798504], [28.3686335635917, -24.0211443507495], [28.3886327962879, -24.0137230850499], [28.424635602009, -23.978897169795], [28.4367548696268, -23.9671719476421], [28.4775694840993, -23.9069112816093], [28.527802855274, -23.8523655046534], [28.5717570547151, -23.8006693698434], [28.6219904258898, -23.685715435168], [28.6574659286239, -23.6282255398633], [28.6678856025888, -23.6182133470233], [28.6791431361174, -23.6073952005316], [28.7035638272348, -23.5993622035053], [28.7698480596492, -23.5993622035053], [28.8253560408299, -23.5993622035053], [28.9121717227121, -23.5993622035053], [28.9677173531848, -23.5867936527379], [29.0241908948368, -23.5489669076112], [29.0600490053218, -23.5147209817079], [29.0710779508484, -23.48970205154], [29.0677893623236, -23.4293668896788], [29.0250070115775, -23.3726530908205], [28.9251815262037, -23.3202803486282], [28.8253560408299, -23.2722538648951], [28.7492985279931, -23.2198415835692], [28.7017625820209, -23.1368134027101], [28.6536995288945, -23.0449876133227], [28.6399658530656, -23.0187375290921], [28.5781691241102, -22.9355850480942], [28.5163723942565, -22.8655222692008], [28.4185234234934, -22.7517948488734], [28.4070397202273, -22.7384414065338], [28.316721423509, -22.6638907239156], [28.288199855746, -22.5936883522903], [28.288199855746, -22.4971016339651], [28.316721423509, -22.3960524639753], [28.3309822073905, -22.2685379190923], [28.3072142339552, -22.1981352435354], [28.1931279646999, -22.1409070604038], [28.1163954038597, -22.145087838939], [28.0599752401018, -22.148161815642], [28.0315057503708, -22.1497129123672], [28.0235830919602, -22.1526480739447], [27.9238265001822, -22.2450105247094], [27.9126658867878, -22.2949297994358], [27.9079122915618, -22.3960524639753], [27.9031586972341, -22.5234501683821], [27.9116095326924, -22.5874464095295], [27.926926669771, -22.7033637872307], [27.9332480290854, -22.7152506637198], [27.9570245589738, -22.7599515315073], [28.0410129390263, -22.8655222692008], [28.1719248817252, -22.9425662395405], [28.2454175049999, -23.0231125571145], [28.3214750178367, -23.1411845905077], [28.3452429903736, -23.2373146321115], [28.3499965855997, -23.3377402250601], [28.3404893960459, -23.4162812465234], [28.3119678291812, -23.4816965062093], [28.2911395790385, -23.4965538756982], [28.2691854775368, -23.5383635013724], [28.1360848300723, -23.5688663940985], [28.0647809124615, -23.5732233719673], [27.953071439921, -23.5732233719673], [27.9438434817918, -23.5732233719673], [27.912923901802, -23.5778075954495], [27.8025619183574, -23.6047778144175], [27.7816892914396, -23.6129061981646], [27.7225221046957, -23.6516242371945], [27.6495411501288, -23.7105968193221], [27.6338503632993, -23.7319693197958], [27.5894214572313, -23.8169828293786], [27.5799142676775, -23.8952372196002], [27.5799142676775, -23.9908171973141], [27.5687433200641, -24.0494877182829], [27.5679578601291, -24.0536119935959], [27.5438889097512, -24.1279308850467], [27.5399353999313, -24.1401342071823], [27.5307840555194, -24.1566315393279], [27.5049207706672, -24.2032443385048], [27.4972786156956, -24.217014355993], [27.455662240459, -24.2530656133371], [27.4144470672013, -24.2722704531521], [27.4131186834749, -24.2728893859451], [27.4088438193284, -24.2748811487718], [27.3422576191295, -24.2900549637675], [27.3270507457605, -24.2917182347582], [27.2902371503083, -24.2957446775389], [27.2660616399748, -24.2913377254069], [27.2434187282795, -24.287210011661], [27.2392984606001, -24.2843679010115], [27.2157919094889, -24.2681521516363], [27.2049235818369, -24.2606540499251], [27.1938764562056, -24.2445386195647], [27.1789133478754, -24.2227073389495], [27.1710935393783, -24.1918011466373], [27.166428434496, -24.1733597071213], [27.1656820180382, -24.1539507616624], [27.1643476164977, -24.1192451862118], [27.1666464663952, -24.0949642477909], [27.1853659196118, -23.9821310348669], [27.2028427629403, -23.8663102924067], [27.2028427629403, -23.6845553658434], [27.2006210334099, -23.6677688769405], [27.1982107627728, -23.6495554053817], [27.186196212666, -23.558728384242], [27.1830749847703, -23.5186672107892], [27.1680560075176, -23.48513269277], [27.1045548124473, -23.3857430465455], [27.1005517856922, -23.3816095159905], [27.0665260560288, -23.3464693030478], [26.9857149488642, -23.2984522775936], [26.8858894634905, -23.2591527254077], [26.8321742609021, -23.2330238716527], [26.7843579561196, -23.2022631750724], [26.7811080652207, -23.2001722309225], [26.7716833796376, -23.1915093998597], [26.7432816264723, -23.1654001396603], [26.7432282458831, -23.1653510638013], [26.7302408796124, -23.1444540149697], [26.7280763188667, -23.1255443531999], [26.7280763188667, -23.1096183602178], [26.7345700020021, -23.0817433271955], [26.7648738569332, -23.0558541924096], [26.7744840580972, -23.0508187438999], [26.8060151769964, -23.034296092778], [26.8668750852813, -23.0187375290921], [27.0222952868714, -22.9839382677358], [27.0519506471005, -22.9723644587544], [27.144795944239, -22.9017304336351], [27.1555621154769, -22.8893835793572], [27.1901195148378, -22.8217146707909], [27.2112068480916, -22.7206072056757], [27.2116156453263, -22.6930780005509], [27.1968974698449, -22.5979937218947], [27.1735589261497, -22.5544037359116], [27.0998012181195, -22.4487829562526], [26.9571933811013, -22.2861330592203], [26.871628679609, -22.1453100548193], [26.8051317494915, -22.0713808634916], [26.7802704194559, -22.0566348760931], [26.7345769917933, -22.0487557233317], [26.7115792284928, -22.0537711205074], [26.6786849439977, -22.0787842686528], [26.6434561410985, -22.1232937053483], [26.6387025458724, -22.132100658561], [26.5911666007986, -22.2201398783231], [26.5892651628878, -22.2214600464905], [26.5721522225894, -22.2597395195251], [26.4580659533341, -22.3125216176448], [26.4390515751249, -22.3213166952935], [26.3614095302466, -22.3213166952935], [26.3344724954234, -22.3213166952935], [26.1820896613022, -22.2860711089385], [26.0942331401279, -22.1970067080305], [26.0397496327315, -22.0792506897956], [26.023481065681, -21.9359608736798], [26.0297478209008, -21.8804030706222], [26.0332494062676, -21.8493504010298], [26.0728862755037, -21.7443935041075], [26.0854745122088, -21.7262039719036], [26.0993108546949, -21.7062083181724], [26.151953226289, -21.6510176494947], [26.1565641088608, -21.646182558194], [26.3885131926735, -21.5028384887112], [26.4362059359853, -21.4774801070643], [26.4604467691114, -21.4645894874279], [26.4942115085404, -21.4263304436536], [26.5221041199588, -21.3771255109439], [26.530912313322, -21.3538840948192], [26.5317582343672, -21.3278827949646], [26.5531378443801, -21.1246053405126], [26.5531378443801, -21.0003973193953], [26.5578914387079, -20.9293748290499], [26.6006737903523, -20.8583186526463], [26.65771692498, -20.8138914772452], [26.7147600596076, -20.7916729762939], [26.8050783554276, -20.7605615781906], [26.8668750852813, -20.7427807602261], [26.9524397867735, -20.7116593003271], [27.0237437052827, -20.6894257720259], [27.070982696968, -20.6746942191078], [27.0784883134063, -20.6714252032039], [27.1186150851708, -20.6511301080435], [27.1328055040161, -20.643952308161], [27.156294018753, -20.6164744501033], [27.1612468082067, -20.5979309034176], [27.1655952847992, -20.5816480803751], [27.166570243445, -20.5779971183606], [27.1636341789906, -20.5436341585482], [27.162362066632, -20.5392663153413], [27.1577305659278, -20.5233628428561], [27.1235691906564, -20.4713651843788], [27.0380044891642, -20.4000943998144], [26.9001502464737, -20.3644466319463], [26.6909920861723, -20.3778155107314], [26.5720977388691, -20.4277693575427], [26.5436306557247, -20.4312794326652], [26.4152836025879, -20.4802717079884], [26.3533318504657, -20.5226767295039], [26.2916901437789, -20.5648578714184], [26.2251398204958, -20.6493972107011], [26.1973068581106, -20.7684127229462], [26.1918646584051, -20.7916729762939], [26.1776038745237, -21.0003973193953], [26.1348215237775, -21.1600742761591], [26.0777783891499, -21.2354175373348], [25.9636921198946, -21.2797191345955], [25.8258378781024, -21.2885778547994], [25.6499548798918, -21.2752895748422], [25.5998258525289, -21.2752895748422], [25.5782485951872, -21.2788640596944], [25.4557276143346, -21.3230515337838], [25.4273434034701, -21.3425332076056], [25.4131609149522, -21.3573935602752], [25.3647392067537, -21.4081182660539], [25.331464044663, -21.4833343542325], [25.331464044663, -21.547444487115], [25.3418002121373, -21.572011036946], [25.4170287461553, -21.6380685803263], [25.5834045557104, -21.7219978734584], [25.6737228524288, -21.8058782162749], [25.7083437806466, -21.8830023518822], [25.7212587975026, -21.9117621293918], [25.7450267709379, -22.0572240283145], [25.7323812863963, -22.1899876696561], [25.7307659870564, -22.2069375116471], [25.7545339595933, -22.418025935614], [25.7973163103395, -22.5497936781465], [25.8116638202734, -22.6107329399717], [25.8164553522522, -22.6220790584744], [25.8518194046023, -22.6715295747859], [25.8923882013855, -22.6989784528997], [25.973873685512, -22.7347709270222], [26.0016160348346, -22.7431723283795], [26.0714494947669, -22.745748452125], [26.1261671687034, -22.7435733380845], [26.2203862261681, -22.720903720943], [26.2916901437789, -22.6858216067528], [26.3576448642657, -22.6345682122558], [26.3754538192463, -22.6229246474418], [26.4072076026566, -22.6133420240743], [26.4390515751249, -22.6112423060041], [26.5008483040802, -22.6112423060041], [26.5436306557247, -22.6200184426698], [26.5721522225894, -22.6331815982984], [26.6007257417218, -22.6667431346502], [26.6185972104631, -22.7425812520231], [26.6144368626507, -22.7617643299779], [26.6003672151088, -22.792698644829], [26.5635696770424, -22.8216308448785], [26.5592868484325, -22.8234354296688], [26.5256898586031, -22.8375908075053], [26.4109681220142, -22.8874536200164], [26.3839111082016, -22.9053997510488], [26.3730883026766, -22.9193562117908], [26.3449490093895, -22.9731748040403], [26.3297970814748, -23.03494010105], [26.3254679599835, -23.0986681440947], [26.3341262038645, -23.171321050265], [26.3546895336434, -23.2668045912889], [26.3968984744723, -23.3234656080859], [26.465082148741, -23.3959961978159], [26.5081832594792, -23.4368442984767], [26.5864130064708, -23.4816965062093], [26.6624705193077, -23.5078535331525], [26.7468586245088, -23.5483819526145], [26.7859518450131, -23.5822953565834], [26.8050783554276, -23.6037181698411], [26.8240896524154, -23.6350717681571], [26.8287808102376, -23.6681595006652], [26.825205852275, -23.7336281505039], [26.8030871803116, -23.7903102640869], [26.724427710729, -23.9022240395081], [26.6950132696759, -24.0545209877521], [26.7009681513887, -24.0922598014369], [26.7795864871144, -24.2446798043391], [26.8457770189565, -24.3854243434475], [26.8568087744132, -24.4657795491521], [26.8568087744132, -24.5862162357893], [26.8470768434434, -24.6275075415371], [26.823713508043, -24.7265794164277], [26.724427710729, -24.7566366844369], [26.5148243615425, -24.7265794164277], [26.398222365724, -24.6398946048836], [26.3934750533151, -24.6363640591867], [26.3377368671647, -24.606806310416], [26.2610939905291, -24.5661514798998], [26.194903458687, -24.4858603489728], [26.1838717041286, -24.365327549399], [26.1618081932151, -24.2547381632339], [26.0294271304292, -24.1541188179045], [25.9301413331152, -24.093709128951], [25.7977602703293, -24.0030411811023], [25.709506228472, -23.9123092986235], [25.6322839411732, -23.6700464335651], [25.5771251647878, -23.5285184586327], [25.4778393674738, -23.4576972848049], [25.2902995283025, -23.3665856561006], [25.2351407528154, -23.2855449491294], [25.2239416142718, -23.2272396191423], [25.1856748052014, -23.1873797726034], [25.0241830684724, -23.1566631227982], [24.8490293190161, -23.1436050148516], [24.7844487684875, -23.119849599434], [24.7528035958865, -23.1035505901709], [24.7387117662454, -23.0750319881526], [24.7387117662454, -22.9988789201027], [24.7387117662454, -22.8999297630666], [24.6945847453167, -22.8389422842226], [24.6308508919777, -22.780192521739], [24.6173624589162, -22.7677556593518], [24.5622036825308, -22.6558159596613], [24.5622036825308, -22.5743478661594], [24.6116928327303, -22.5037065320258], [24.68355298986, -22.4010683431125], [24.7276800107886, -22.2479949954536], [24.7087166479044, -22.1250799036478], [24.6973575149171, -22.0980189593582], [24.584267192546, -22.0027296710719], [24.3551461220286, -21.9531532498688], [24.2099109077388, -21.941179040396], [23.9444253886316, -22.0027296710719], [23.856171345876, -22.0538617850666], [23.7348220385468, -22.1049754194979], [23.679864139832, -22.145704151808], [23.6445381059814, -22.1718776934477], [23.5918783052742, -22.1867187119633], [23.470059912975, -22.1867187119633], [23.4498456289897, -22.1829751455811], [23.4055826049236, -22.1419823721098], [23.3818058702194, -22.0538617850666], [23.3818058702194, -21.859461731769], [23.3818058702194, -21.7365461088594], [23.4259328920464, -21.6237810116158], [23.4590281575183, -21.5417147091461], [23.470059912975, -21.4390665584433], [23.4516706014051, -21.3740078669014], [23.1365696172914, -21.2394580287185], [22.8185829094134, -21.2112279636895], [22.6217339951412, -21.2394580287185], [22.2431783918079, -21.253571033885], [21.9857605811819, -21.1123802566407], [21.728342770556, -20.8154428031018], [21.585173146922, -20.7351264760771], [21.3188676393353, -20.7185218228013], [21.2416453520364, -20.7082031427349], [21.186486575651, -20.6462763202865], [21.1667798757338, -20.6020113898488], [21.131327800164, -20.5223470463082], [21.0651372683219, -20.4293341610919], [21.0210102473932, -20.336264999173], [21.0541055128651, -20.2120856079719], [21.0982325337938, -20.160314897626], [21.131327800164, -20.0774460421776], [21.0872007792354, -19.9426907359256], [21.0872007792354, -19.8181990526892], [21.1754548210926, -19.7039959634547], [21.3629946602639, -19.6208879080935], [21.6277567858357, -19.5793177468671], [21.7822013595351, -19.5585286407994], [21.8925189123059, -19.5273399579797], [22.0800587514771, -19.4961452528628], [22.2565668351917, -19.5585286407994], [22.444106674363, -19.7143814397356], [22.642678268991, -19.8908310901299], [22.8633133736342, -19.9634298285893], [23.0067261918768, -20.0048998329603], [23.1170437446476, -19.9737983530603], [23.2163295419616, -19.8597071451323], [23.2310513160941, -19.8280554645881], [23.2935518283621, -19.6936098129569], [23.3818058702194, -19.5793177468671], [23.4182946168985, -19.5724418172536], [23.4921234229901, -19.5585286407994], [23.6796632621614, -19.6520584755933], [23.8341078358608, -19.7766801205231], [23.900298367703, -19.9219489182952], [23.900298367703, -20.03143804404], [23.8340817604631, -20.1102186398512], [23.7817922201632, -20.1726990965633], [23.7437634637448, -20.248534577897], [23.7580242476262, -20.3778155107314], [23.8293281661354, -20.4758185108059], [23.9434144353906, -20.4891777153684], [24.0670078933013, -20.3956388797743], [24.1573261900197, -20.248534577897], [24.2286301085288, -20.1146823578653], [24.2809196488287, -20.0209175665437], [24.3332091882303, -19.9539084494064], [24.3712379446487, -19.8824006854926], [24.3854987285302, -19.7929705844349], [24.3807451342024, -19.6900638417794], [24.3237019995748, -19.6408241597844], [24.2096157303196, -19.605003991756], [24.0432399207644, -19.564696767172], [23.9339072458369, -19.533339733509], [23.8197505127307, -19.4695720909759], [23.7899808149322, -19.3713063695751], [23.7458537940036, -19.2463717788079], [23.569345710289, -19.1734492762348], [23.370774115661, -19.1630291375801], [23.2494248074335, -19.1734492762348], [23.2161247449414, -19.2363429847186], [23.1832342764897, -19.2984394563535], [23.1170437446476, -19.4545429575363], [23.0067261918768, -19.5273399579797], [22.9295039054763, -19.5273399579797], [22.8191863527056, -19.5273399579797], [22.807733847031, -19.5119195341398], [22.741964066305, -19.4233342318523], [22.7199005553915, -19.3296721145567], [22.6647417790062, -19.2672008353508], [22.598338714751, -19.235855925476], [22.5544242271337, -19.2151232379201], [22.4772019398349, -19.2255400790186], [22.3558526325057, -19.204705736705], [22.2675985906484, -19.1838687551354], [22.2345033251765, -19.1734492762348], [22.2173143775236, -19.124735722362], [22.1903763033496, -19.0483642130377], [22.2124398142631, -18.9440545604279], [22.3117256115771, -18.8709989777447], [22.4661701852765, -18.8083545509342], [22.7640275763202, -18.8083545509342], [23.0066774241367, -18.8582803728655], [23.3474864543402, -18.8513194788522], [23.4224282074918, -18.8436103999176], [23.6363283388194, -18.8216050594398], [23.8184243092155, -18.7443229999838], [23.8631850098304, -18.7352398950469], [23.9502869084369, -18.7175632656047], [24.2328496211824, -18.7086424132826], [24.2737246940702, -18.7249880884248], [24.2811508967424, -18.727957608572], [24.3741309771061, -18.7651331942784], [24.4087402299201, -18.7978996128173], [24.4463414484505, -18.8334914578524], [24.5059935772257, -18.8661747162824], [24.5269769547399, -18.8661747162824], [24.6127394904106, -18.8661747162824], [24.6912291325903, -18.8305199368642], [24.7477416754988, -18.7740510638346], [24.7715219558534, -18.7638166379098], [24.8148034725552, -18.7451877842085], [24.8168125609763, -18.7443229999838], [24.8187552333552, -18.7440871488946], [24.9392564034955, -18.7294570035934], [25.0491419025471, -18.7235102396277], [25.076794436511, -18.7249651849039], [25.1621669874657, -18.7294570035934], [25.2626337298152, -18.7770235813348], [25.2877042163949, -18.8043179949715], [25.325425443559, -18.8453770152501], [25.3631004721646, -18.9137026281835], [25.3726465228375, -19.0062410188053], [25.3756588147337, -19.0354311907605], [25.3686552352667, -19.0552918139374], [25.3536817154623, -19.0977454668901], [25.2846108299848, -19.2104449638531], [25.2312378729432, -19.2608381927095], [25.2214787643428, -19.2930800262528], [25.2154991708749, -19.3128320798208], [25.206121187805, -19.3438050368283], [25.2343774588101, -19.4089637073894], [25.3003087584208, -19.4178469607367], [25.3756588147337, -19.3971186155853], [25.4447297002112, -19.3319552079505], [25.4869508168055, -19.2494075477785], [25.4999028783872, -19.2359562588499], [25.5660934102294, -19.1317647720614], [25.7015911302828, -18.9609917013812], [25.7315697384872, -18.9231847930548], [25.8860143121865, -18.8292386224736], [25.9148328647791, -18.8104851072052], [26.0625223959011, -18.7143441745688], [26.0735541513578, -18.6307354966424], [25.9997981429402, -18.5375220042512], [25.9203721319425, -18.5052453672455], [25.8397222256591, -18.5052453672455], [25.7712466132961, -18.5539397253153], [25.7210132421214, -18.5807252602909], [25.6425235990433, -18.5985799459844], [25.5451964425607, -18.5837011713248], [25.4667068003809, -18.542033692729], [25.4101942574725, -18.497378685624], [25.3631004721646, -18.4348421152686], [25.2908900008202, -18.390159197773], [25.2254365806862, -18.3487470743728], [25.152624789667, -18.3162217116778], [25.1163945871098, -18.2603213808441], [25.1028082619369, -18.1742857390664], [25.1254521384229, -18.0709869725161], [25.1353432059453, -18.0468057277309], [25.1571535653235, -17.9934729801015], [25.2930168242391, -17.8943777516461], [25.3926498805976, -17.7736653752012], [25.4832253865413, -17.618343943806], [25.527648419424, -17.5236783310109], [25.5385685753764, -17.362778389363], [25.5285131395132, -17.3202713396305], [25.4515239596407, -17.1905230464807], [25.3564196780404, -17.103973612302], [25.2432002956107, -17.052024620868], [25.0348766324791, -17.0303749404059], [24.9187053042792, -17.0393809804348], [24.8673119457645, -17.0433650489033], [24.717862361676, -17.052024620868], [24.5774703271039, -17.0303749404059], [24.4769140092459, -16.9662660465331], [24.4683185486201, -16.9633298242099], [24.3961080772757, -16.9423077348848], [24.3364559493987, -16.9062644028723], [24.2925017490594, -16.8251417219163], [24.2925017490594, -16.7680345521734], [24.3364559493987, -16.6748228910634], [24.3630897731691, -16.6254897858862], [24.3835497347066, -16.5875837405852], [24.3898289064403, -16.4732104798799], [24.3961080772757, -16.3678069136807], [24.3898289064403, -16.2261754058767], [24.3929684914088, -16.1206388548203], [24.4055268348763, -16.0572899199007], [24.4180851774454, -16.0150460881391], [24.4871560629229, -15.9516635821676], [24.559366533369, -15.9003392483331], [24.669252033319, -15.8429612556082], [24.7351833329297, -15.8067141161936], [24.7791375323707, -15.7372222961399], [24.8168125609763, -15.6858435010862], [24.8111736365119, -15.6007726833502], [24.8073938033758, -15.5437290120393], [24.7822771182376, -15.4953271856744], [24.7194854044937, -15.4348089619929], [24.6912291325903, -15.3651911833889], [24.6880895476218, -15.3016068151886], [24.7037874760578, -15.2258859650701], [24.7728583615353, -15.1652896603515], [24.8607667604173, -15.1258927417394], [24.9706522603673, -15.1107381295285], [25.0286539378273, -15.0960719514366], [25.1025148595887, -15.0773941737482], [25.1715857450663, -15.0349488509379], [25.2155399445073, -14.9803638844744], [25.2846108299848, -14.8893580326342], [25.325425443559, -14.8225959590126], [25.3850775723343, -14.7922427494618], [25.4013392528998, -14.7906704693598], [25.4478692860781, -14.7861715973357], [25.6174069139051, -14.8013491582532], [25.7367111705573, -14.8590141930345], [25.877992526481, -14.9530661789474], [25.9470634119585, -15.0137230211912], [26.0004363690001, -15.1046759811639], [26.0004363690001, -15.216797629119], [25.9470634119585, -15.3197757514254], [25.8936904549169, -15.4348089619929], [25.8528758413428, -15.5225546099377], [25.8403174978754, -15.5800229219998], [25.8434570837422, -15.7130456537919], [25.8474472520122, -15.7406993790957], [25.8591550121782, -15.8218178806407], [25.9564821686607, -16.0029747790074], [25.9931221862438, -16.062399882385], [26.0569489110102, -16.165875707857], [26.1417177249237, -16.1869826988449], [26.2264865388372, -16.2080874321267], [26.2762861854264, -16.2099266674284], [26.3081157668838, -16.2111022098855], [26.3834658240951, -16.2050726082563], [26.474513808844, -16.1839675524077], [26.5655617944912, -16.1417506722026], [26.6314930941019, -16.0784084751774], [26.6617954156087, -16.0454064672517], [26.6785868794097, -16.0271166681954], [26.7194014938822, -15.9758116669528], [26.7884723784614, -15.9395884489271], [26.8669620215395, -15.9154360023493], [26.9234745635496, -15.9033586891337], [27.0741746770738, -15.8943002290253], [27.1609178703025, -15.9073352559003], [27.2531310625014, -15.9456261068679], [27.4101103468609, -15.9788299728939], [27.5231354317795, -15.9426073006159], [27.6110438315599, -15.8701423407376], [27.6730557285853, -15.8303729221862], [27.7052314021756, -15.8097349594661], [27.8088377303919, -15.7644175820716], [27.9407003296133, -15.7432660071148], [28.0056759142881, -15.7547522840042], [28.0945400290043, -15.770460484732], [28.1981463572206, -15.8218178806407], [28.2797755852673, -15.9063780854617], [28.3425672990111, -15.9909027404283], [28.4210569411909, -16.0965083091902], [28.4744298982324, -16.1568291639864], [28.5560591262791, -16.2442617179611], [28.6408279401926, -16.2713880664259], [28.741294682542, -16.2533042499321], [28.8135051538864, -16.1990428230741], [28.8449010107583, -16.1025412209369], [28.8541399391138, -16.0768964691961], [28.8731572817634, -16.02409909164], [28.8888552101993, -15.9154360023493], [28.926530238805, -15.8399409088318], [28.9767636099797, -15.782545749163], [29.0615324238932, -15.7342003728485], [29.124324137637, -15.6918887379543], [29.1996741948483, -15.6344517645589], [29.2279304658533, -15.6132867084439], [29.2687450794275, -15.5286046612779], [29.2872686001992, -15.4710885087189], [29.2970013513309, -15.4408615792992], [29.3038592950257, -15.4045011328716], [29.3158388656337, -15.3409708482277], [29.337815964905, -15.2864648308074], [29.3503743083725, -15.256177581623], [29.4320035364191, -15.2046792387494], [29.5607265497736, -15.1804403677062], [29.6517745345225, -15.183470378949], [29.7077322150294, -15.1950424150176], [29.7396829343028, -15.2016495320697], [29.7961954772113, -15.2016495320697], [29.8935226336939, -15.1471073779732], [29.9594539333046, -15.1168001038383], [30.0379435754843, -15.0804256588224], [30.103874875095, -15.0592043570282], [30.1450114026462, -15.0539774757362], [30.2231791317473, -15.0440449895146], [30.3205062882299, -15.0652678022938], [30.4555084733181, -15.1258927417394], [30.5227846739783, -15.1825396630349], [30.6308647892776, -15.2542390274955], [30.6595815438838, -15.307663301938], [30.6603583485511, -15.3154053608536], [30.6886883380033, -15.3768750708208], [30.7365505062726, -15.422236766667], [30.7380711860636, -15.4227031960916], [30.8605150285828, -15.4620443508856], [30.9515630133317, -15.5588522524177], [30.9766796993682, -15.6707296262628], [31.0143547279738, -15.749309539245], [31.0469753497007, -15.7848885487813], [31.0614485132817, -15.8006722952516], [31.1619152556311, -15.8429612556082], [31.3126153691553, -15.8187972186684], [31.4821529969823, -15.8097349594661], [31.6014572527362, -15.8459815572024], [31.7270406811222, -15.9275125888235], [31.7678552946964, -16.036169123056], [31.8243678376048, -16.1869826988449], [31.8243678376048, -16.3196034284647], [31.7741344664301, -16.3888921960591], [31.7050635809525, -16.4581563287148], [31.7037053417177, -16.4599952676548], [31.651690623911, -16.5304055798683], [31.5991885242485, -16.5831272686465], [31.4978509254183, -16.5996190843356], [31.3973841830688, -16.6477529194205], [31.3659883261969, -16.7048961448864], [31.3816862546328, -16.8221365098], [31.4162216964733, -16.9272905181739], [31.4287800399407, -17.0263819662339], [31.4193612823401, -17.1314216319408], [31.3942445972019, -17.2154106672555], [31.3534299827295, -17.2993615721298], [31.3031966115547, -17.3952585639637], [31.2561028262469, -17.4521736386377], [31.2266169844, -17.4835450761435], [31.1744735982002, -17.5390097421622], [31.083425612553, -17.66769014573], [31.0468886847337, -17.7919813125222], [31.0430034468753, -17.8474639055476], [31.0520297556811, -17.9247744089307], [31.058059714992, -18.0366158470446], [31.0654750866769, -18.0516699791826], [31.1587756697643, -18.18745165297], [31.2341257260772, -18.2947969400626], [31.2435444836777, -18.4050547923853], [31.2051065087148, -18.480586930436], [31.1995902842368, -18.4914238047257], [31.0897047842867, -18.601555545105], [31.0269130705429, -18.6878252610776], [31.0143547279738, -18.7770235813348], [31.0592204209842, -18.8619578799939], [31.0747006858301, -18.8755960297055], [31.1681944264665, -18.9077623768395], [31.2846349617908, -18.8939921136801], [31.3500315877377, -18.8538241152982], [31.4162216964733, -18.7770235813348], [31.5104092679874, -18.643208465906], [31.5795335115961, -18.5917386449003], [31.5983176677677, -18.5777492972963], [31.7176219235216, -18.562868704015], [31.805530323302, -18.5152420875313], [31.849484522743, -18.4110126698463], [31.9185554082205, -18.2798918385394], [31.9719283652621, -18.2262228727499], [32.01902215057, -18.1725373487048], [32.0553396451183, -18.1587343879897], [32.1603035073919, -18.1188353067361], [32.2607702497414, -18.1039151474004], [32.3486786486234, -18.068101583497], [32.4491453909729, -17.990480487139], [32.5213558623173, -17.9307486977916], [32.5790041955451, -17.9148708427372], [32.6406601189695, -17.8978876179187], [32.7882206466268, -17.921787189785], [32.8855478031094, -17.9934665466183], [32.9860145454589, -18.0949624423323], [33.0676437735056, -18.1546385012007], [33.1649709299881, -18.2381507426736], [33.1869480301578, -18.3216228917777], [33.1869480301578, -18.3603641466841], [33.1755877697848, -18.4034865831671], [33.1743896875887, -18.408033756889], [33.1739669152632, -18.409861162699], [33.1461334165836, -18.5301268311066], [33.0959000454089, -18.6164327595579], [33.0878787277256, -18.6275424522067], [33.0550854309364, -18.6729543002506], [33.0514191143095, -18.7302545116097], [33.0488062592027, -18.7710784930618], [33.0707756455391, -18.9244149798994], [33.0941372876151, -18.9624698281517], [33.1335750731162, -18.9938753409722], [33.277996015805, -19.0621401769184], [33.2958975637352, -19.0705999195225], [33.3470669012826, -19.094778651625], [33.4381148860314, -19.0977454668901], [33.5385816283809, -19.0799437785546], [33.572124117422, -19.0512605450516], [33.6045129279915, -19.023559150942], [33.6578858850332, -18.9344918440714], [33.6987004986073, -18.875087226764], [33.764631798218, -18.8305199368642], [33.9090527409068, -18.8037738854818], [34.0283569975591, -18.7918853865103], [34.2104529679551, -18.8186333282685], [34.2822669085601, -18.8360214039901], [34.2983613668372, -18.8364629262772], [34.4522010662282, -18.8632037738803], [34.5872032513164, -18.9523091133505], [34.6751116510968, -19.0265272406475], [34.6945992240684, -19.0462195422609], [34.7661596358457, -19.1185116832052], [34.8823243066311, -19.201550436893], [34.9576743638423, -19.2430541133362], [35.007857785094, -19.2498224910048], [35.067559862894, -19.2578743132318], [35.1460495050738, -19.2341613504565], [35.1868641195463, -19.1600362865647], [35.2088412197159, -19.0562052186893], [35.237097490721, -18.9463702354637], [35.3124475470339, -18.8394343421315], [35.3815184325115, -18.7502690312801], [35.4537289038559, -18.6997210897139], [35.5290789601688, -18.6610565924578], [35.6075686032469, -18.640233595579], [35.7205936881655, -18.640233595579], [35.8650146299559, -18.6997210897139], [35.8836575754564, -18.7039835096661], [35.9560626156031, -18.7205367787635], [36.0565293579526, -18.7086424132826], [36.1632752711374, -18.6551074251916], [36.180230284914, -18.6445506116738], [36.2731607710874, -18.5866770303909], [36.3516504132672, -18.5509632949957], [36.4646754981858, -18.5211961407635], [36.5682818264021, -18.5182191400529], [36.6970048397566, -18.5658449267058], [36.7603717088442, -18.6015072561264], [36.797471582106, -18.6223832805559], [36.8696820534504, -18.6818770338573], [36.9701487957999, -18.7591876867423], [37.0298009236769, -18.815661544569], [37.0737551240162, -18.8899403581278], [37.1038617798778, -18.9639854242991], [37.1051509808881, -18.9671553844245], [37.0957322232875, -19.0502700472463], [37.0825580649299, -19.0851337846863], [37.0643363664156, -19.1333430976086], [37.0486384379797, -19.2252681068299], [37.0423592671443, -19.3052899496414], [37.0895786369289, -19.3888265391688], [37.102922886794, -19.3993157535251], [37.1715539687865, -19.4335834353639], [37.230434428563, -19.4223456600819], [37.3594574226286, -19.3349177460095], [37.4819012642494, -19.2045153320906], [37.6043451067685, -19.1541048404416], [37.7299285342562, -19.1511390369691], [37.8227096791069, -19.1923792003868], [37.8366744483393, -19.1985854874131], [37.9088849196837, -19.2904740381122], [37.9716766334276, -19.3852726614965], [38.0564454473411, -19.4622559391183], [38.1569121896905, -19.5332850015572], [38.2479601744394, -19.6101979128662], [38.2950539597473, -19.6988978851779], [38.3390081600866, -19.7609586402376], [38.3955207020967, -19.8141343613667], [38.4645915875742, -19.8938646022205], [38.4928478585793, -19.9735547137367], [38.5085457870153, -20.0532045620319], [38.5142615479792, -20.1444550806427], [38.514824958749, -20.153446890669], [38.5071085562225, -20.2041463202315], [38.499127030313, -20.2565703298711], [38.4740103451748, -20.3566818417454], [38.4426144874046, -20.494964427858], [38.3892415312613, -20.6536883887327], [38.2793560313113, -20.8093120219268], [38.2354018318703, -20.9149271768926], [38.2071455608652, -21.0966454889762], [38.1820288748287, -21.2196189099475], [38.1380746753877, -21.3044694002982], [38.0546304659882, -21.3718302285476], [38.0438871038736, -21.3805006208006], [37.9716766334276, -21.4185014337584], [37.8649307193444, -21.4681798874568], [37.7989994197337, -21.500315748167], [37.7110910199534, -21.5149206114104], [37.6200430352045, -21.5032368383389], [37.5321346354241, -21.4623362422432], [37.4693429216803, -21.4214241632922], [37.3892861864537, -21.4118075425252], [37.3720157651977, -21.4097328917619], [37.2872469512842, -21.4214241632922], [37.1867802089348, -21.465258093726], [37.1814583861724, -21.4687034091839], [37.0423592671443, -21.5587263933478], [37.0167220280619, -21.5676675026564], [37.0046842385387, -21.5791645661472], [36.9523578098199, -21.5901124017122], [36.9000313864911, -21.6010594078584], [36.753517382665, -21.6317066234237], [36.6026188465659, -21.6457330570998], [36.5965380974072, -21.6462982509821], [36.4835130124886, -21.6988158942455], [36.3893254418728, -21.7658939021888], [36.3233941422621, -21.8154531600598], [36.2072294714768, -21.8824766122595], [36.1099023149941, -21.9378200745315], [36.018854329347, -21.9931420143333], [35.9372251013003, -22.0717202949279], [35.7928041595098, -22.2025869841026], [35.6452436309542, -22.2578052455607], [35.5071018608974, -22.2723327503096], [35.3689600899424, -22.2607108673175], [35.2838771980561, -22.2607108673175], [35.2518366598306, -22.2648806946303], [35.1711661911103, -22.2897637649193]]]}, "properties": {"OBJECTID": 195, "id": null, "Name": null, "type": "Forest", "continent": "Essos", "size": null, "Symbol": null, "Shape__Area": 1175833018863.8062, "Shape__Length": 10503950.510644043}}, {"type": "Feature", "id": 196, "geometry": {"type": "Polygon", "coordinates": [[[23.2802663867071, -16.9480833226754], [23.6969137138687, -17.1256147512023], [23.9414675804557, -17.1732163876542], [24.2313091991164, -17.1775432041023], [24.448690413561, -17.2337826142403], [24.5619097959907, -17.3029768439587], [24.7023018305628, -17.3418871693069], [24.8381650894784, -17.3505327882184], [24.9694995727375, -17.3505327882184], [25.0827189551672, -17.424004076546], [25.1234779333808, -17.4931265274521], [25.1098916073096, -17.6399243910883], [24.9377981458368, -17.7909150059238], [24.8291075390637, -17.9331607537485], [24.8064636625777, -18.0925125729039], [24.7611759096059, -18.2345151537041], [24.6977730549063, -18.350612947594], [24.6026687742043, -18.4236715791577], [24.4577479639757, -18.475223708205], [24.2584818512588, -18.3549113704248], [24.0546869628854, -18.2345151537041], [23.8916510518273, -18.2173088748647], [23.7059712651817, -18.281823640898], [23.6425684104821, -18.3377170356798], [23.5384065784671, -18.4322646748528], [23.4840612750805, -18.5181719825313], [23.4251871960374, -18.5654026323786], [23.3210253649208, -18.573988619342], [23.221392307664, -18.5525228412612], [23.067413947919, -18.5009939655969], [22.8138025309172, -18.4580413850869], [22.623593968615, -18.4494495775631], [22.3835688776844, -18.4795190204884], [22.120899910268, -18.6126202085381], [21.9488064487952, -18.7027264509491], [21.7948280890502, -18.8570826354704], [21.7178389091777, -19.0027332047632], [21.6680223805493, -19.122585110456], [21.6453785040633, -19.1610905117372], [21.4642274921758, -19.2252461965258], [21.314777907189, -19.2551769502986], [21.0611664910856, -19.332116654165], [20.8709579278851, -19.3705729280163], [20.6671630395116, -19.3534823696375], [20.4860120276242, -19.2637275922772], [20.3682638704363, -19.1439781091717], [20.3320336678791, -19.0155786213974], [20.3275048922226, -18.8056462912553], [20.3320336678791, -18.5267603442567], [20.3909077469222, -18.3806996633053], [20.5131846797666, -18.2560206088628], [20.6535767134404, -18.2474187462969], [20.893601804371, -18.3076228345334], [21.0747528162584, -18.350612947594], [21.2151448508306, -18.350612947594], [21.3193066828455, -18.294723717807], [21.5231015712189, -18.1484667639328], [21.6634936057911, -18.0193147696709], [21.7948280890502, -17.9029969297012], [21.9714503252811, -17.8383428956581], [22.1616588884816, -17.8383428956581], [22.3473386751273, -17.8383428956581], [22.437914181071, -17.8210978506121], [22.5103745861854, -17.7909150059238], [22.5601911148138, -17.661502254005], [22.5556623391572, -17.5147219097215], [22.4469717323841, -17.3980764033774], [22.3382811247126, -17.2986529665059], [22.3382811247126, -17.2294571125715], [22.460558057557, -17.1169585978625], [22.5737774399866, -17.0260447031523], [22.6688817215869, -16.952415360461], [22.8273888569884, -16.8744234327827], [22.9360794637616, -16.8657556721521], [23.1308168017203, -16.9004243283983], [23.2802663867071, -16.9480833226754]]]}, "properties": {"OBJECTID": 196, "id": null, "Name": null, "type": "Forest", "continent": "Essos", "size": null, "Symbol": null, "Shape__Area": 67803283325.46045, "Shape__Length": 1452628.599660635}}, {"type": "Feature", "id": 197, "geometry": {"type": "Polygon", "coordinates": [[[-27.4440154839857, -2.69222817150486], [-27.4256684776758, -2.69986429569746], [-27.394294679834, -2.72728558615541], [-27.3761309010959, -2.76357144666443], [-27.3605619482769, -2.81799815217629], [-27.3566697098476, -2.86076020975812], [-27.3566697098476, -2.91906953149011], [-27.3605619482769, -2.96571481360781], [-27.3605619482769, -3.01624498081776], [-27.3605619482769, -3.07065945804136], [-27.3216395657801, -3.21056955108763], [-27.3333162801698, -3.31160385961227], [-27.3566697098476, -3.3310323632767], [-27.3800231395253, -3.34657488934409], [-27.4656523813774, -3.34268928067159], [-27.5402576525732, -3.30714791375124], [-27.5457383998857, -3.3075688070808], [-27.6018807201161, -3.28051746355228], [-27.6563720554319, -3.25720203111265], [-27.7069711532167, -3.25720203111265], [-27.7381090588547, -3.26497390241082], [-27.7575702501031, -3.28051746355228], [-27.7876309265952, -3.32127588019258], [-27.8159538238483, -3.36211716887233], [-27.8253947895993, -3.39667384776553], [-27.8743373975934, -3.49810142569517], [-27.8976908272711, -3.56025913354357], [-27.9443976866266, -3.6340659564161], [-28.0044083429132, -3.69080204695477], [-28.0407305832611, -3.70398264273324], [-28.0884105022239, -3.70398264273324], [-28.2207466025332, -3.65348780603272], [-28.3000851724194, -3.65348780603272], [-28.3063758443854, -3.65348780603272], [-28.3297292740631, -3.66902498388933], [-28.3725438940909, -3.70009852616334], [-28.4309274687343, -3.79719628137698], [-28.5277107914321, -3.85638283141112], [-28.5815732117259, -3.86519269750591], [-28.6722462405735, -3.84768281658213], [-28.7656599583861, -3.80107996647582], [-28.8160225647909, -3.74024668171154], [-28.8191782340946, -3.67096711125194], [-28.8045823408829, -3.64183474692253], [-28.7695521968154, -3.62241264615561], [-28.6683540021442, -3.59522100498777], [-28.6060781899697, -3.5486048810763], [-28.5680405824508, -3.50589363704683], [-28.5126644712589, -3.44371004754882], [-28.3414059884528, -3.121184704747], [-28.3392085646391, -3.11569928045999], [-28.2557767466006, -2.90740790763271], [-28.1818242200364, -2.78300984488998], [-28.0961949781842, -2.66248669446197], [-28.0144579747614, -2.61582937678996], [-27.9482899250559, -2.60416477538199], [-27.8782296360227, -2.60805298817545], [-27.7629149358878, -2.6459022849158], [-27.6554179026664, -2.66603632723597], [-27.6490964355541, -2.66603632723597], [-27.6330186257542, -2.67026274343826], [-27.5707428135797, -2.67415074858064], [-27.5045747638742, -2.67803874229756], [-27.4500834285584, -2.68970264933308], [-27.4440154839857, -2.69222817150486]]]}, "properties": {"OBJECTID": 197, "id": null, "Name": null, "type": "Forest", "continent": "Essos", "size": null, "Symbol": null, "Shape__Area": 11541313623.859924, "Shape__Length": 510909.4865778054}}, {"type": "Feature", "id": 198, "geometry": {"type": "Polygon", "coordinates": [[[-26.5742913690973, 2.76889237643379], [-26.7153078729291, 2.54976974061845], [-26.8283180925263, 2.40863922588904], [-26.8910747081937, 2.38819303837273], [-26.9374162820119, 2.3835628986045], [-26.9713827049002, 2.38808782931111], [-27.0429636395885, 2.41901451478216], [-27.1696943872722, 2.53411665759445], [-27.3394842629292, 2.63849628891501], [-27.4167999067457, 2.66618352467569], [-27.6087322830775, 2.69645545825988], [-27.695973354976, 2.70096292307864], [-27.8553951918307, 2.66683857402177], [-27.9387746542578, 2.61613978651183], [-28.1254653645001, 2.44926395839144], [-28.206561768514, 2.41257410669508], [-28.2324961631059, 2.41095464303289], [-28.2786807069208, 2.42941198160486], [-28.3241267125031, 2.50076104292356], [-28.3448319248929, 2.5501754515528], [-28.3448319248929, 2.55933258849845], [-28.3378245689084, 2.65558396918903], [-28.1881469196372, 2.90973573133676], [-28.1703776737855, 3.04282528645483], [-28.1854249147319, 3.18663607907305], [-28.1854249147319, 3.19138832699884], [-28.1854249147319, 3.27824276426125], [-28.1664416029602, 3.38247463650221], [-28.1316388647119, 3.41721612097637], [-28.0493778470344, 3.47090502743352], [-27.9924279117192, 3.50248531481466], [-27.9607890587663, 3.54985374537926], [-27.9143302368372, 3.59622225777755], [-27.9101668940417, 3.60037739292161], [-27.8861608329202, 3.61634970584363], [-27.8627086155106, 3.63195325166466], [-27.8451194513306, 3.63682930391351], [-27.8057586801954, 3.64774076654278], [-27.7076782360414, 3.66037057954719], [-27.6740546165537, 3.67505078428941], [-27.6064339065922, 3.70457351853077], [-27.5400129353201, 3.78145748679853], [-27.5273367751082, 3.79612969592469], [-27.448239642726, 3.95711859533189], [-27.4332608264547, 4.07540965668924], [-27.422578739324, 4.15975788496625], [-27.4316236243915, 4.34917696654462], [-27.4455387122972, 4.40190018233432], [-27.4774104903184, 4.42308505591096], [-27.508253978512, 4.4309700465549], [-27.6098280417729, 4.41538980972079], [-27.653631944982, 4.34851115602436], [-27.6973167306862, 4.15247040332752], [-27.7507922753332, 4.09336707113817], [-27.8904454105498, 3.98888764700788], [-27.9316410804844, 3.97861361340219], [-27.9748042666053, 3.97974674905024], [-28.2229525585455, 4.05400835588731], [-28.321843434901, 4.06703662877111], [-28.4589135004508, 4.06703662877111], [-28.4834345504533, 4.06042597975791], [-28.553089883448, 4.0256849876909], [-28.5742827947988, 3.99749700623272], [-28.6088494099763, 3.91990769348296], [-28.5961262139761, 3.88041609085869], [-28.5474519543169, 3.84899260245808], [-28.4231744275207, 3.80130003743765], [-28.3247776766737, 3.72275226585043], [-28.3123087739675, 3.69201121037023], [-28.3253588381535, 3.66131365647443], [-28.3747238268077, 3.63621643232888], [-28.4745725327333, 3.62198093465959], [-28.5107487501351, 3.61277791827955], [-28.5629871017352, 3.58610404280677], [-28.6810398650595, 3.47809458569883], [-28.7215802912494, 3.40141953697272], [-28.7233723152568, 3.29907079664416], [-28.7646558503076, 3.23537267823176], [-28.7873687183057, 3.2164752807156], [-28.8417790354643, 3.19085014667492], [-29.0149597036709, 3.14473920205654], [-29.1674228085509, 3.07553987026721], [-29.3198859134309, 3.04785887466486], [-29.5277901468681, 3.03401810897924], [-29.7356943812037, 2.9786532830205], [-29.8049957923494, 2.93712783490925], [-29.8946418878255, 2.87624692071682], [-29.956209283177, 2.86212079019955], [-30.016374892562, 2.88061004284953], [-30.1563032617002, 2.95824712643324], [-30.2014414891947, 2.99638945538966], [-30.2889102094576, 3.18199030712586], [-30.2981891299111, 3.26007479659003], [-30.2698657242116, 3.48626933181294], [-30.2236330585452, 3.60401656377703], [-30.1853968748395, 3.66125560120835], [-30.1055503714405, 3.74256161686667], [-30.0514814455308, 3.7785299546017], [-29.9277981093793, 3.83490262819103], [-29.8277450295401, 3.85629429942957], [-29.7787879200423, 3.87780964302464], [-29.7304728876821, 3.93136840261203], [-29.7357752134096, 3.95887516109646], [-29.7895280841545, 3.99909263811382], [-29.8088480404773, 4.05828587184592], [-29.7827260821456, 4.17118923273091], [-29.7245860057414, 4.24452111752899], [-29.5669749640903, 4.31706173137939], [-29.275371075421, 4.37244570911771], [-29.2277308844517, 4.40669021793387], [-29.200963508148, 4.47785545256598], [-29.2060781443716, 4.51660700812177], [-29.2901981734273, 4.58369092976114], [-29.3347148386104, 4.60587772737627], [-29.3991847319675, 4.59784496954825], [-29.5271856345808, 4.5193243716179], [-29.6145870189266, 4.50189823426136], [-29.7940530482592, 4.49444351625227], [-29.8465766392166, 4.48617577240248], [-29.8980542408402, 4.49012344577746], [-29.9298596432434, 4.49256250166022], [-29.9772283777069, 4.4961950463778], [-30.0474265536446, 4.52746299066821], [-30.0863556555397, 4.57920463847139], [-30.1099220021094, 4.67551170408392], [-30.1099220021094, 4.75487387712285], [-30.1099220021094, 4.79010307090526], [-30.1056112161313, 4.8173088196245], [-30.0825618401261, 4.96275681599603], [-30.0693715812636, 5.01324325247484], [-30.0367693660169, 5.08392572619166], [-29.9416870967344, 5.17862693293752], [-29.8875925580594, 5.22531577186813], [-29.513929865178, 5.41134274397553], [-29.3476064777095, 5.53551650017321], [-29.2266567230524, 5.68597932437763], [-29.196675410919, 5.73197125568177], [-29.1831713247138, 5.77623116390201], [-29.1926381287073, 5.94574281873652], [-29.2267284786807, 5.99321050701939], [-29.2887069161568, 5.99834712309418], [-29.3079178637164, 5.9999392684491], [-29.3351073395075, 5.9888771201335], [-29.3813735527582, 5.92709682729702], [-29.4169078888553, 5.88030499135196], [-29.5568677394526, 5.77819851978105], [-29.6792658846732, 5.73933242737185], [-29.7710355058528, 5.75258689178399], [-29.8041758847183, 5.766258659642], [-29.8515338699411, 5.82122740319867], [-29.9020177686721, 5.92166550244714], [-29.9158780503623, 6.2111011807629], [-29.8797074806686, 6.54660263576401], [-29.8559563452551, 6.64097873282016], [-29.8717757717315, 6.71011230461871], [-29.9002507393891, 6.7698106770424], [-29.9477090188185, 6.84206724493038], [-30.0331339217913, 6.89546725341637], [-30.1565254474093, 6.93001699609696], [-30.2026875620882, 6.93874546118227], [-30.2069439775338, 6.94085807690328], [-30.3209495475338, 6.96349154626911], [-30.3735030452035, 6.99546306825143], [-30.4244143560585, 7.06283461351164], [-30.442568776148, 7.21595071369601], [-30.4965113603011, 7.25608543999567], [-30.6255970927061, 7.35211411423343], [-30.7040378970771, 7.38092647440895], [-30.9276786550665, 7.38092647440895], [-30.9716202628222, 7.37850549508259], [-31.1028085237092, 7.39788195588069], [-31.1562413283117, 7.43048876540507], [-31.1651620150029, 7.44944358798848], [-31.2435045176308, 7.68242478009421], [-31.2169827640819, 7.74812893534619], [-31.1910240179593, 7.77936132966298], [-31.094002042535, 7.83428861010024], [-30.8999580907879, 7.93039388857261], [-30.8306566796421, 7.97157500813081], [-30.6781935747622, 8.12253682966594], [-30.4980099056035, 8.21857396281266], [-30.4029881441436, 8.21857396281266], [-30.3214354651356, 8.15280064298027], [-30.3039659538565, 8.12253682966594], [-30.2346645427107, 7.93039388857261], [-30.0683411552423, 7.82055746697976], [-29.8742972034952, 7.7930938264322], [-29.791135509761, 7.72442685542735], [-29.7076977026545, 7.54721706451161], [-29.6508029724067, 7.51835934358031], [-29.5000695825895, 7.51835934358031], [-29.4287476250112, 7.51128840584464], [-29.3393384556997, 7.47669504651918], [-29.209003655418, 7.31219397259904], [-29.0149597036709, 7.31219397259904], [-28.9179377282465, 7.46339137198914], [-28.7793349050567, 7.57332035709227], [-28.5977110622245, 7.65208043312734], [-28.5646152200342, 7.70904698679342], [-28.5991512358981, 7.90293751699443], [-28.5991512358981, 8.0918821374338], [-28.5505376304869, 8.2392518909175], [-28.3635264372839, 8.42428920770096], [-28.2292816712191, 8.52861503729467], [-28.1102266557357, 8.57733130317464], [-27.8899683296755, 8.58570793554784], [-27.7812568640214, 8.64042779622657], [-27.6982328892068, 8.79429940086715], [-27.5734903486054, 8.90386180636181], [-27.2685641388455, 8.98601209872912], [-27.2182744585738, 9.00407435688873], [-27.0269315010359, 9.00407435688873], [-26.9497776473954, 8.97232167177739], [-26.7418734130598, 8.89016829177533], [-26.4646677684768, 8.89016829177533], [-26.201322405584, 8.95863072920104], [-25.9660521270967, 9.00012839601063], [-25.9005458473964, 9.00012839601063], [-25.6655183395129, 8.89178311109012], [-25.6083777745079, 8.84339090391898], [-25.5767959268463, 8.73675362538489], [-25.6185128379362, 8.61303463183512], [-25.696855340564, 8.53556774191147], [-26.0102253510753, 8.39608781192516], [-26.1846941503988, 8.29744738885437], [-26.221339217412, 8.20678328152285], [-26.2139158570093, 8.14800022017694], [-26.1825788559582, 7.99286703564763], [-26.0885678528048, 7.89975873377456], [-25.9318828484475, 7.85319669252871], [-25.7595293426663, 7.72900581265041], [-25.7281923416152, 7.55818379828441], [-25.7751978431919, 7.41836998205021], [-26.0258938516009, 7.2785117304431], [-26.1982473564838, 7.06086805573398], [-26.4332748643673, 6.84312193116327], [-26.626603067242, 6.59626481258383], [-26.6765000660552, 6.48002591077465], [-26.7466448739802, 6.23602930798386], [-26.7345595680701, 6.00771810714368], [-26.6933938596452, 5.89950985598475], [-26.5651246976301, 5.76127046706419], [-26.5044480061373, 5.73737342727492], [-26.3392638612139, 5.73737342727492], [-25.9162143479219, 5.65941807197102], [-25.7908663437174, 5.58145220449285], [-25.7438608421407, 5.4254895049848], [-25.7751978431919, 5.33189245355888], [-25.8273803249711, 5.27993356717075], [-26.0395603406331, 5.20707422582966], [-26.0885678528048, 5.20707422582966], [-26.2412443066665, 5.20707422582966], [-26.3674562485275, 5.16963321470317], [-26.4181180621938, 5.12638396720444], [-26.4181180621938, 5.06815321914694], [-26.4019378633161, 5.01980059610071], [-26.2922583596372, 4.92614348906183], [-26.0415623521264, 4.69194352904904], [-25.8399300868327, 4.57710183205302], [-25.8006675626435, 4.46428547376924], [-25.8535403458197, 4.34830917710221], [-25.8535403458197, 4.17069878835759], [-25.8195724074734, 4.09045738559418], [-25.6498498389873, 3.89509906932776], [-25.5354443785487, 3.45269007810688], [-25.5827607457227, 3.37457493951278], [-25.6570294954366, 3.32894927518493], [-25.8527792913143, 3.31331559230634], [-26.2139158570093, 3.3947228702967], [-26.464194276372, 3.3947228702967], [-26.5483163985024, 3.38422599911144], [-26.6127153033924, 3.35208216767671], [-26.63702316611, 3.31131398019216], [-26.6396209717408, 3.28019187083735], [-26.6212968697757, 3.20701288832538], [-26.5633768078525, 3.00459053153464], [-26.5634196988141, 3.00133530626893], [-26.5591878774444, 2.98760066644862], [-26.5496962215586, 2.92124738985011], [-26.5496962215586, 2.86121009144634], [-26.5623517627397, 2.80432974932343], [-26.5731007554945, 2.78554138747768], [-26.5742913690973, 2.76889237643379]]]}, "properties": {"OBJECTID": 198, "id": null, "Name": "Forest of Qohor", "type": "Forest", "continent": "Essos", "size": null, "Symbol": 2, "Shape__Area": 263346941801.6684, "Shape__Length": 3835421.884101786}}, {"type": "Feature", "id": 199, "geometry": {"type": "Polygon", "coordinates": [[[-28.6533198182105, -0.412385545533246], [-28.9174651829661, -0.280315305904039], [-29.3004759620863, -0.102018248720683], [-29.5382067899172, 0.0696761666173004], [-29.7825412519793, 0.45268225323886], [-29.7759376186464, 0.663988391953305], [-29.663675838513, 0.848873952778367], [-29.6900903745394, 1.01394293558816], [-29.8287666906993, 1.10637797716353], [-29.9938575437838, 1.16579899852036], [-30.1061193239172, 1.25822918190996], [-30.1787592995619, 1.46288401642187], [-30.1127229581484, 1.65431846486621], [-29.954235739295, 1.75992970087346], [-29.6504685700506, 1.87873517445224], [-29.3731159368327, 1.99753256788523], [-29.3202868638815, 2.10972222702774], [-29.2212323522105, 2.24829823418498], [-29.0627451333571, 2.31428223462402], [-28.8976542811708, 2.34727308827084], [-28.7127525253928, 2.30768397123894], [-28.5410580389753, 2.18231125022893], [-28.4089853561483, 2.10312305500878], [-28.2571017715262, 2.03712981496733], [-28.1580472598551, 2.03053034072204], [-28.058992748184, 2.09652385507748], [-27.926920065357, 2.21530510923612], [-27.8146582861219, 2.30768397123894], [-27.6429637988062, 2.34067497930396], [-27.5042874826463, 2.30768397123894], [-27.3524038980242, 2.20210765375478], [-27.2203312151972, 2.10972222702774], [-27.022222191855, 2.03053034072204], [-26.8241131685129, 2.03712981496733], [-26.6524186811972, 2.12951957383916], [-26.5269496334997, 2.26149527592992], [-26.4080842191351, 2.22850244802214], [-26.3354442434904, 2.11632137014933], [-26.2892188047705, 2.01733131146752], [-26.2826151705393, 1.92493514879583], [-26.2892188047705, 1.77973115290299], [-26.3222369759264, 1.64111665834586], [-26.4212914875974, 1.57510632886372], [-26.6194005109396, 1.52229655553539], [-26.7514731928682, 1.46948548862075], [-26.7646804613306, 1.37046140774894], [-26.777887729793, 1.22521876584299], [-26.8109059000505, 1.14599212728446], [-26.8703386072329, 1.06016080132838], [-26.9561858504415, 0.954518999738722], [-26.9495822171087, 0.855476856610991], [-26.8967531441576, 0.756432156979487], [-26.7976986315882, 0.670591578331395], [-26.7844913640241, 0.551732947502527], [-26.8637349730017, 0.386647686858518], [-26.9297713144152, 0.340423179852502], [-27.0816548990373, 0.30740553769091], [-27.2203312151972, 0.333819659933638], [-27.4250438727705, 0.380044200435551], [-27.5108911168775, 0.347026695249343], [-27.5571165555975, 0.267784232231087], [-27.5505129213663, 0.162126844874505], [-27.4382511412329, 0.0300543779236931], [-27.2071239467348, -0.121829113517201], [-27.1410876062196, -0.326540095161052], [-27.2467457521219, -0.577470182241049], [-27.5108911168775, -0.986856476821048], [-27.7090001402197, -1.2377470875639], [-27.7354146762461, -1.396192390842], [-27.7354146762461, -1.55462701549923], [-27.682585603295, -1.7592539682342], [-27.6749880317109, -1.77237081473503], [-27.5785272904384, -1.89632818860669], [-27.4539756660895, -2.00524768104595], [-27.406434756027, -2.07776406074045], [-27.3784013732136, -2.1618066502462], [-27.3761309010959, -2.2230645247894], [-27.3761309010959, -2.2843770494795], [-27.3998227863283, -2.34007727217385], [-27.4578679045188, -2.39807277594204], [-27.5162514782639, -2.42140555396452], [-27.556889926821, -2.42420569978685], [-27.6291263882232, -2.42918305784046], [-27.699186676358, -2.40196160016734], [-27.7926003941706, -2.36307286443793], [-27.8626606832037, -2.35140602995791], [-27.9405054481972, -2.33585009988481], [-28.0105657372304, -2.33585009988481], [-28.0330980411614, -2.34096681381056], [-28.0379811851295, -2.3411991504396], [-28.1514436256239, -2.34659760393144], [-28.2565014399982, -2.3549951560067], [-28.3165344787085, -2.35979373383721], [-28.4486071606371, -2.35979373383721], [-28.6335089164152, -2.35979373383721], [-28.6711129421808, -2.34971336839529], [-28.8889414439751, -2.31862082982657], [-28.9517162370522, -2.29288792087411], [-29.0195887870087, -2.24202336653488], [-29.0578790403114, -2.17643172517506], [-29.0627451333571, -2.06945116762852], [-28.9768978901484, -1.95725870856364], [-28.8580324757838, -1.86485926253518], [-28.6929416235975, -1.77245496456426], [-28.6910033044544, -1.76608923738515], [-28.6138626659301, -1.67846903016951], [-28.5438023777953, -1.47614943522126], [-28.5243411865469, -1.31661510932486], [-28.5126644712589, -1.21544163177862], [-28.5054247444666, -1.1116936287736], [-28.5048799952985, -1.11037285868993], [-28.4932032800105, -0.989733757726902], [-28.4815265656208, -0.756226731071528], [-28.4815265656208, -0.647252250756645], [-28.5165567096882, -0.530491289705696], [-28.5866169987213, -0.456541511606338], [-28.6266230701493, -0.436539083933988], [-28.6533198182105, -0.412385545533246]]]}, "properties": {"OBJECTID": 199, "id": null, "Name": null, "type": "Forest", "continent": "Essos", "size": null, "Symbol": null, "Shape__Area": 118482860014.32753, "Shape__Length": 1919592.2004660985}}, {"type": "Feature", "id": 200, "geometry": {"type": "Polygon", "coordinates": [[[23.8738228216957, 5.78996823321131], [23.9037403040366, 5.85636284079422], [24.0234913297105, 5.94044543862306], [24.2958620968057, 5.99849411277744], [24.4812582457903, 5.99849411277744], [24.5501083343541, 5.9706762039358], [24.7530558841408, 5.78561921438917], [24.9865165415226, 5.51457196398024], [25.1204442849371, 5.34791393071924], [25.1267448437611, 5.2901983944795], [25.0797014835851, 5.19650538705486], [24.9731396953891, 5.15405443629089], [24.8406036309958, 5.13683678774067], [24.6460530824291, 5.13683678774067], [24.4223199524757, 5.25308760998424], [24.4223199524757, 5.33057614245997], [24.5390502816157, 5.42742304183205], [24.4417750073324, 5.57266414890733], [24.2861345693773, 5.61138908349614], [24.1596767128089, 5.62106991604668], [24.0040362748539, 5.66947165764064], [23.9067610005705, 5.71786934127344], [23.8738228216957, 5.78996823321131]]]}, "properties": {"OBJECTID": 200, "id": null, "Name": null, "type": "Dark Forest", "continent": "Essos", "size": null, "Symbol": null, "Shape__Area": 6874032081.078247, "Shape__Length": 390627.33472869085}}, {"type": "Feature", "id": 201, "geometry": {"type": "Polygon", "coordinates": [[[19.928202296754, 11.3813027708655], [20.0546601533224, 11.3908388527423], [20.2103005912774, 11.2573047245689], [20.2881208107041, 11.1141636907691], [20.2783932832758, 10.9423017483227], [20.2978483381325, 10.7225554550039], [20.3659410301308, 10.5313417922869], [20.4534887760875, 10.4452567937528], [20.4145786663742, 10.3400094237638], [20.2978483381325, 10.2060072391206], [20.1227528453207, 10.0719486060899], [19.9476573516107, 10.062370848225], [19.8211994959406, 10.1485604097999], [19.7822893862273, 10.2825868731239], [19.8017444410839, 10.3974214762698], [19.889292187939, 10.5217779759928], [19.9962949887524, 10.6556443046246], [20.015750043609, 10.7512271388674], [19.9962949887524, 10.8563332869953], [19.9476573516107, 10.9423017483227], [19.8698371330823, 11.0664343509933], [19.889292187939, 11.2668449401199], [19.928202296754, 11.3813027708655]]]}, "properties": {"OBJECTID": 201, "id": null, "Name": null, "type": "Dark Forest", "continent": "Essos", "size": null, "Symbol": null, "Shape__Area": 6563590069.438232, "Shape__Length": 383486.69087756466}}, {"type": "Feature", "id": 202, "geometry": {"type": "Polygon", "coordinates": [[[21.7180673372797, 7.33178931465378], [21.8250701389914, 7.30284439581863], [21.9126178849481, 7.20634783908449], [21.8931628309897, 7.12913578228481], [21.8056150841347, 7.03260242432125], [21.7083398098513, 7.02294798024069], [21.6207920638946, 7.09052486506958], [21.5332443170396, 7.1966970485263], [21.5624268993246, 7.27389760293715], [21.7180673372797, 7.33178931465378]]]}, "properties": {"OBJECTID": 202, "id": null, "Name": null, "type": "Forest", "continent": "Essos", "size": null, "Symbol": null, "Shape__Area": 994945275.1182861, "Shape__Length": 116788.4687581778}}, {"type": "Feature", "id": 203, "geometry": {"type": "Polygon", "coordinates": [[[23.7997581997571, 12.5422702567994], [23.7024829254737, 12.475793961701], [23.556570014947, 12.428300439265], [23.4288656794466, 12.4116716779677], [23.3949077312646, 12.4158925546391], [23.2996563298754, 12.4557568092216], [23.2744717204236, 12.4958292929257], [23.2744717204236, 12.6182221555055], [23.3522919398503, 12.7985173767743], [23.4297622789486, 12.8740516374059], [23.4911434751012, 12.9056622810226], [23.5662975423754, 12.9123217933857], [23.6855589592701, 12.8874107657541], [23.7174209160103, 12.872225728797], [23.8483958368988, 12.7700582289027], [23.8878333834481, 12.6854275658857], [23.8830273670336, 12.6479151723414], [23.7997581997571, 12.5422702567994]]]}, "properties": {"OBJECTID": 203, "id": null, "Name": null, "type": "Dark Forest", "continent": "Essos", "size": null, "Symbol": null, "Shape__Area": 2858124827.4143066, "Shape__Length": 196318.350408379}}, {"type": "Feature", "id": 204, "geometry": {"type": "Polygon", "coordinates": [[[23.5176599052337, 9.026355345584], [23.525775076203, 8.81791405408402], [23.5656809028317, 8.72917657172977], [23.7219379803304, 8.53606810010852], [23.9651261651405, 8.47834511457366], [24.1694042402373, 8.47834511457366], [24.2564639871957, 8.45374194820956], [24.305589624234, 8.40327785214308], [24.305589624234, 8.30512436870314], [24.1985868225223, 8.15108611779224], [24.0526739119955, 8.05478200963461], [23.9553986377122, 7.96808871355635], [23.9456711102839, 7.8524691184305], [23.9651261651405, 7.70789941711446], [24.0234913297105, 7.59220805322076], [24.0915840217089, 7.53435066233279], [24.218041877379, 7.44755010337102], [24.4709575896174, 7.38967350023557], [24.6363255550008, 7.36073235128643], [24.7336008292842, 7.28354674167645], [24.7689868535278, 7.02899677842891], [24.7563137008755, 6.98756183327204], [24.6655081372858, 6.89742206814248], [24.5390502816157, 6.85879198935257], [24.3243143379849, 6.85089565780441], [24.2350293329137, 6.86407280744196], [23.9553986377122, 6.96501711658797], [23.6667803555852, 7.12869597547655], [23.6048566946803, 7.18594794314414], [23.4787497955204, 7.53435066233279], [23.3602506431617, 7.73009951089581], [23.2905652884702, 7.78235191338024], [23.1577413912836, 7.80428476196726], [22.9145532064734, 7.82355917332524], [22.7569733722953, 7.88928579843919], [22.7249567301547, 7.91483208290597], [22.7047538844179, 7.97485887117953], [22.705614259356, 7.99488166929331], [22.7783678233751, 8.10293694401999], [22.9073265905927, 8.15550403776625], [22.9471344218038, 8.18267914243315], [22.9961447061765, 8.36051402041223], [22.992075758351, 8.39754875707645], [22.9145532064734, 8.51682807179035], [22.6745033525838, 8.67233595795072], [22.5863466234246, 8.69956897484664], [22.4715534204649, 8.69956897484664], [22.3754848189667, 8.67748382792921], [22.1752611246148, 8.57454524467214], [21.9612555220898, 8.43985830406138], [21.6597021727097, 8.19922949675201], [21.5429718444679, 8.09330641681894], [21.3386937693712, 7.90064788781676], [21.1813576041122, 7.76939117271702], [21.1029155825239, 7.74645620410312], [21.0079578377061, 7.74645620410312], [20.823134817466, 7.74645620410312], [20.6026908500608, 7.7128499044877], [20.56184097851, 7.72094588785741], [20.5132444419875, 7.79661275478622], [20.5189928854581, 7.82951766015222], [20.6480393246542, 7.94882103582192], [20.8717724546077, 8.07404467299216], [21.0371404199911, 8.08367566031372], [21.1538707482328, 8.14145674555716], [21.2316909676595, 8.29549873709654], [21.3386937693712, 8.40136765723508], [21.5429718444679, 8.50720769466099], [21.6774114605078, 8.59583767873575], [21.6857179178353, 8.61175032835457], [21.6597021727097, 8.68033725642211], [21.4943342073263, 8.74764394512469], [21.2608735499445, 8.79571270927526], [21.1681387186366, 8.85210486952274], [21.0610079339463, 8.87092300684904], [20.7161320157543, 8.86299848902385], [20.5617548040231, 8.87825156076155], [20.5306783126078, 8.90724877586095], [20.527581425463, 8.91778703876453], [20.5410365229426, 8.99753300193526], [20.6966769608976, 9.08399311571329], [20.9106825634227, 9.10320364906354], [21.0982071554887, 9.05029611170066], [21.1361049393353, 9.04890996110863], [21.3581488242279, 9.08399311571329], [21.6402471187513, 9.12241315041186], [22.2628088714699, 9.10320364906354], [22.6415098698268, 9.2100251273261], [22.6713650216634, 9.24244093258814], [22.6713650216634, 9.49252103184929], [22.7021563473834, 9.57511664214619], [22.8561880428018, 9.77490716744215], [22.9923734259001, 10.1006801724072], [23.1602598370472, 10.3209832888778], [23.1690513998996, 10.339002170022], [23.2063790284252, 10.540905311813], [23.2550166655669, 10.9518522640316], [23.2913260519214, 11.1478514745902], [23.3003960754438, 11.1682320794468], [23.4004110604268, 11.2663364168988], [23.4175312636044, 11.3125060047571], [23.4037736225203, 11.4406356127489], [23.4282522900077, 11.479287224184], [23.5079323778054, 11.5147787267906], [23.6116039578473, 11.5486383560184], [23.6533597084968, 11.5458741256812], [23.7413930351871, 11.5243103091199], [23.8873059457138, 11.4385144608047], [24.0137638022822, 11.3336175740994], [24.0882644961041, 11.2057552776095], [24.0915840217089, 11.1833677577943], [24.0915840217089, 11.0686546578764], [24.0872559835858, 11.0568771858949], [24.0242282797219, 10.9176643734883], [24.002462166863, 10.8880706874494], [23.8970334731422, 10.8276716251825], [23.7219379803304, 10.7512271388674], [23.5954801246604, 10.6365241282586], [23.5079323778054, 10.47395445289], [23.4009295760936, 10.1677105014499], [23.381474521237, 9.97615827430142], [23.439839685807, 9.83242002282688], [23.556570014947, 9.73655973339178], [23.6706025487786, 9.65009474059843], [23.6841307098335, 9.61675125306526], [23.6922261816469, 9.44110834816947], [23.6732654454366, 9.39501349664155], [23.6441177609037, 9.34324755997315], [23.556570014947, 9.17043237497026], [23.5176599052337, 9.026355345584]]]}, "properties": {"OBJECTID": 204, "id": null, "Name": null, "type": "Dark Forest", "continent": "Essos", "size": null, "Symbol": null, "Shape__Area": 62772804174.74805, "Shape__Length": 2273301.3968013627}}, {"type": "Feature", "id": 205, "geometry": {"type": "Polygon", "coordinates": [[[43.435086130417, 3.44859032986895], [43.1012193624759, 3.41961056858963], [42.9116837164749, 3.39858831878055], [42.8202794904271, 3.42005713206103], [42.7731528492377, 3.49061858129016], [42.7342031031591, 3.61639015891288], [42.7640115533806, 3.76512325577473], [42.7568405387244, 3.80626661757803], [42.7184136561586, 3.895726884499], [42.6824689004695, 4.00330504195579], [42.7092888084544, 4.23068584112549], [42.8136644664564, 4.38680678063015], [42.88191491789, 4.46149260289406], [43.2899266665635, 4.66485171530241], [43.5076658632421, 4.6793194282587], [43.9866920959351, 4.910761541133], [44.1028196671975, 5.12766566687989], [44.0945488586137, 5.21003741320936], [44.1069062597319, 5.30232819255359], [44.2044312926136, 5.46010786873597], [44.2624950777957, 5.66237447722044], [44.2920664805801, 5.75064903172188], [44.3424760814507, 5.8531322561447], [44.5382980605548, 6.00895119922165], [44.5963618466352, 6.16772591693464], [44.6253937392262, 6.35530738963925], [44.7384014938463, 6.56585120506201], [44.7415213104887, 6.57538758850775], [44.7415213104887, 7.07611985121029], [44.6544256318173, 7.65196598480829], [44.4947502212191, 7.85333159810425], [44.2770110245404, 7.95397797014918], [44.1161769156848, 8.0449888651898], [44.0882893231538, 8.11204377892562], [44.1028196671975, 8.15519632037423], [44.1463675065333, 8.35631345390826], [44.2517562503767, 8.41423685224948], [44.3401479599496, 8.41423685224948], [44.4076545425476, 8.39939658102321], [44.5237821138101, 8.25576769143321], [44.7270053646423, 8.12645698230782], [44.8866807752405, 8.11208654042182], [45.1479678112549, 8.08334411715086], [45.481834579196, 7.93960142166184], [45.960860811889, 7.70950883019397], [46.2511797413926, 7.69512385041261], [46.4589917870205, 7.72601381628016], [46.6293442335226, 7.69475228433017], [46.7156900273409, 7.65196598480829], [46.9479451707642, 7.58002651337831], [47.2382640993696, 7.60880375118559], [47.3979395099678, 7.69512385041261], [47.5811774663638, 7.8126054942371], [47.6441811870063, 7.83341128156791], [47.7334739184872, 7.82820774948384], [47.8479338500697, 7.79580841446122], [48.0221252074126, 7.66635242593913], [48.4576036007699, 7.50807502084289], [49.0382414579806, 7.4936832891485], [49.4364497257702, 7.54462317680633], [49.530744527383, 7.58007907754958], [49.7640387808416, 7.73827732395607], [50.0253258168559, 8.01147911338724], [50.3882244773881, 8.19830145259878], [50.4608042102131, 8.28449767830298], [50.4898361028042, 8.49990523639562], [50.5333839421399, 8.57168102187194], [50.5624158347309, 8.78692663699922], [50.5624158347309, 9.00204733230869], [50.6059636740666, 9.17405195806821], [50.6930593527381, 9.34597323123104], [50.7366071920738, 9.56075531301688], [50.7220912462275, 9.81831465799957], [50.6711993695253, 9.93864426129053], [50.6711993695253, 10.0148278859155], [50.7366071920738, 10.0899655502082], [50.9543463887524, 10.2185627244435], [51.3027291034382, 10.2471328332065], [51.4333726214454, 10.2185627244435], [51.7091756042044, 10.1899900473759], [52.0865902114812, 10.1899900473759], [52.2989228706729, 10.2814071494871], [52.3686515654836, 10.2899831661899], [52.4640048196564, 10.2899831661899], [52.6028857783262, 10.3013702306842], [52.6558513763359, 10.3187403628046], [52.7252918556707, 10.375666357009], [53.0156107842761, 10.5326911572982], [53.3471194692065, 10.7151536986155], [53.3936874220696, 10.7697039810055], [53.4592226670479, 10.9306130752514], [53.4638041342857, 10.9674972308343], [53.4365732308887, 11.2881240246362], [53.4463668931865, 11.4417500177943], [53.4973675621578, 11.5417065698318], [53.6543124275673, 11.629562110757], [53.8174263707825, 11.8261266835755], [53.8403947717497, 11.8710847335003], [53.8182264705617, 11.9903765603498], [53.7707915266684, 12.0330612090612], [53.6199279727631, 12.1024869064601], [53.516196794892, 12.1267397676839], [53.3204456596262, 12.1267397676839], [53.1172224096922, 12.240251746488], [52.9865788916851, 12.4246045127568], [52.8994832130136, 12.5663255652241], [52.7470918107613, 12.669279309982], [52.7152633899273, 12.7332048978048], [52.7229107533309, 12.8003296200115], [52.7514839841042, 12.8351561269785], [52.8849672662689, 12.9061358893236], [53.2623818735458, 13.0758688161815], [53.5527008030495, 13.0758688161815], [53.8575356783995, 12.948579985139], [54.3220459643478, 12.8070716803977], [54.4911799674395, 12.6750962261887], [54.5397851610264, 12.5802372426507], [54.5397851610264, 12.5238174123002], [54.5688170536175, 12.3253537504548], [54.6994605716246, 12.2686221375857], [54.9897795011283, 12.1976904466641], [55.1494549117265, 12.1551223114525], [55.3091303223248, 12.0273771176119], [55.4542897870766, 11.8853668353086], [55.8292588998757, 11.6362652470754], [55.9131200263817, 11.618194389259], [56.3833103589732, 11.6437797018236], [56.5865336098054, 11.6011247519522], [56.7032302718852, 11.5395649823997], [56.7311736839313, 11.496077979573], [56.7278097141779, 11.4499234408393], [56.6445973949875, 11.3592908780783], [56.3397625196374, 11.2738885323889], [56.1075073771125, 11.2027005132912], [55.9985893492487, 11.138587800689], [55.9861909624957, 11.0704567660274], [56.0494435910321, 10.9462793205876], [56.3978263057179, 10.7181627262483], [56.8991962536243, 10.545029742822], [56.9764899408186, 10.5395032705081], [57.1962033605055, 10.5755022710246], [57.515554181702, 10.6896359843045], [57.8784528431325, 10.7894678070651], [58.1397398791468, 10.9462793205876], [58.3429631290807, 11.0032811799872], [58.5317160208723, 11.0165153753814], [58.6210449661373, 11.1068413336467], [58.7203777372559, 11.2738885323889], [58.7348936831022, 11.3165928895734], [58.8655372011094, 11.430439978412], [58.9526328797809, 11.5442413467436], [58.9961807191166, 11.7148567341128], [59.0113719393418, 11.7817851675685], [59.0358826560236, 11.8243172790733], [59.0620571478331, 11.8560343042735], [59.3010155944666, 11.9421798893263], [59.5187547911452, 11.9989810301249], [59.7364939878239, 12.0131794482116], [59.8816534525757, 11.9705819521017], [60.0122969705829, 11.9705819521017], [60.0455375780778, 11.9612910027868], [60.1162282050644, 11.979981107663], [60.1954153495364, 12.0641662810776], [60.3382646375334, 12.231746847633], [60.7096727854271, 12.4271232014921], [61.0495035961002, 12.4547774585494], [61.0617134480346, 12.4628846402191], [61.2810699365165, 12.6502307052471], [61.5397305843043, 12.8054950916675], [61.691839637978, 12.873143385281], [61.9667465180034, 12.873143385281], [62.3381546658971, 12.9845256662798], [62.5733772734873, 13.1014531844475], [62.8215444013023, 13.2222771313239], [62.8904797139355, 13.2625385088516], [63.1937950916774, 13.3966948425607], [63.3040915933278, 13.6111891595385], [63.4557492821987, 13.9191836969641], [63.5384716575382, 14.2134038485133], [63.5921329630062, 14.3902484426642], [63.6365418950339, 14.514251229503], [63.772851722647, 14.6406762338312], [63.9245094115179, 14.7340320931731], [64.1175282885078, 14.814019584245], [64.3794824781308, 14.8806532823039], [64.5862884178269, 14.9073010024034], [65.1101967979713, 15.0138588387754], [65.2894286122549, 15.0804305300212], [65.5651698645842, 15.4262655816262], [65.7581887415741, 15.7715255844874], [65.7807493891489, 15.8728196871381], [65.7995499287946, 15.9571925753798], [65.7719758042804, 16.1029532957464], [65.6042215577695, 16.1872740387486], [65.4272992384196, 16.354469359866], [65.4135121757133, 16.5131551685408], [65.5375957391716, 16.6320841501879], [65.6386162345032, 16.7095672781048], [65.816322064444, 16.83580439641], [66.1718006200681, 17.0675230277945], [66.4911083679449, 17.3135255394224], [66.7163161084884, 17.3672638545453], [66.9664715916078, 17.3402191757014], [67.3378797395015, 17.1765179664361], [67.6235783154954, 16.9580248075325], [67.9949864633891, 16.7392772834447], [68.4521041840809, 16.6845509968449], [68.6099400731494, 16.6278459770677], [68.6918946647037, 16.5593738651618], [68.7663726176742, 16.2736074684981], [68.6678407799714, 15.8238229753849], [68.6718542712011, 15.7176066708756], [68.7949424752736, 15.5042210552015], [68.823512332873, 15.0908582097678], [69.0235013351704, 14.7043255474579], [69.2102393659668, 14.5838776920977], [69.2885391195669, 14.4772028984247], [69.3377697687636, 14.095538378398], [69.4234793415617, 13.8460160091721], [69.4965524848364, 13.4833769510935], [69.5663286295587, 13.2905684207061], [69.6234683438591, 12.900993612328], [69.6234683438591, 12.3434083156689], [69.5948984871581, 12.1479697532053], [69.5377587719593, 11.7007172810725], [69.4234793415617, 11.4488178283667], [69.1663506231673, 11.0284888597116], [68.9377917632705, 10.5513896490723], [68.7092329024754, 10.214165619304], [68.5663836144785, 9.98915000765187], [68.4235343264815, 9.56682858076816], [68.3901903803896, 9.35439488880863], [68.3378247536834, 9.20039096141765], [68.2182169958225, 9.16203075818429], [68.0521261785878, 9.20039096141765], [67.8474365789712, 9.26773663557168], [67.7511592934426, 9.36274427086366], [67.70802929019, 9.43922773896347], [67.595008457896, 9.62316894179199], [67.4235893122997, 9.84843594255342], [67.2624506026975, 10.1658098529422], [67.2027837586195, 10.2054899130286], [66.9664715916078, 10.2985056311333], [66.8284335149826, 10.4569155742776], [66.7024617781369, 10.470380451763], [66.2267549237251, 10.3427763445063], [66.129550527416, 10.3427763445063], [65.9607547130792, 10.4165690268684], [65.8941153380054, 10.4990913175824], [65.7786823261543, 10.9527550320919], [65.6951362100723, 10.9887634885416], [65.3497646401341, 10.9322515798913], [65.1878961841108, 10.8433447486382], [64.9307631214637, 10.5518094046255], [64.8682938337365, 10.3591362165905], [64.8523021319482, 10.1860473006354], [64.8260393087969, 9.72043284850811], [64.7682609129906, 9.57558875831352], [64.5564824397691, 9.17858733072211], [64.4462357308366, 9.10278337533949], [64.264647986804, 9.02127372754396], [64.2095508591017, 9.03801659688331], [64.1666255504612, 9.14398185065417], [63.9746981696607, 9.3334194677392], [63.9023744782512, 9.32730230998347], [63.7952174016692, 9.20039096141765], [63.5498596758535, 9.0550405182143], [63.4814925521291, 9.07265272290285], [63.3952393961761, 9.20039096141765], [63.1322350175954, 9.22399207062156], [63.0411167765065, 9.20400483546509], [62.9135049773618, 9.12526558959122], [62.827291676963, 9.03795013690314], [62.6809929570898, 8.7488707269089], [62.5095738114934, 8.57940781858817], [62.2688837839963, 8.50800210872168], [62.1861611768915, 8.43247567362189], [62.0930948277178, 8.27901165771848], [61.9820156140789, 8.18516499471466], [61.7194538614899, 8.08519593790473], [61.6121142400557, 8.08519593790473], [61.3454715839631, 8.14176172658817], [61.2739825460301, 8.19751481993625], [61.2329443570531, 8.44115270028397], [61.1965703854229, 8.4696874570098], [61.1294426646011, 8.4829663524417], [60.9953713614209, 8.466390428214], [60.6834800272746, 8.31211347177227], [60.5972782801087, 8.23305049622131], [60.5096837822314, 8.04228310586302], [60.3622041433738, 7.79882880098979], [60.2770240411974, 7.74918336833477], [59.9954263463407, 7.70267645618579], [59.7763840418329, 7.61997665268062], [59.6586847341318, 7.53881424345718], [59.5668784832482, 7.44779201768511], [59.3383196224532, 7.2777863560106], [59.0240511897582, 7.13606567987475], [58.7669224713638, 7.02265748970861], [58.6325441087482, 7.02265748970861], [58.4444162764094, 7.04295231588653], [58.2240951778737, 7.16441335445261], [58.0612363202666, 7.30696795316572], [57.9682419962158, 7.33366795132977], [57.7768412177163, 7.30654783345062], [57.6752295931985, 7.3353430555828], [57.5010382358556, 7.45050524535326], [57.3994266104395, 7.55124735294109], [57.1526555211698, 7.62319164565037], [57.0545131516517, 7.74697816866467], [56.9747998926639, 7.87860034266967], [56.8768525384108, 8.16956521567322], [56.7776074275926, 8.32235038169909], [56.7612816998423, 8.33255265382555], [56.7245171488114, 8.32345843627053], [56.6736292884769, 8.21266879334477], [56.3978263057179, 7.47929108281598], [56.2398814537004, 7.25035320245798], [56.1680398458831, 7.20085939565385], [55.8959243287877, 7.16846192494583], [55.7956299129541, 7.17730721358264], [55.6869310964776, 7.20902583649963], [55.5479893425244, 7.23455167391306], [55.3671941084052, 7.23455167391306], [55.0768751797998, 7.20574998827186], [54.8352453833614, 7.14581567783613], [54.6729520951757, 7.06421850996162], [54.5544610276546, 6.94661204440484], [54.4301441672254, 6.88965278084509], [54.1333386602603, 6.80233743340214], [53.8575356783995, 6.68701355747387], [53.7045598133587, 6.53505493402751], [53.625156615976, 6.49748816055868], [53.3639934989619, 6.48513155100039], [53.2333499809547, 6.49955440568854], [53.0301267310208, 6.41301110133369], [52.8390647422492, 6.26380867027616], [52.833495088673, 6.20844171047498], [52.8501549744377, 6.09249379716879], [52.8445374038259, 6.0403567482076], [52.5656164441742, 5.74903864698842], [52.3333613016492, 5.67681941383432], [52.2027177836421, 5.59014439781071], [52.0865902114812, 5.41675605599382], [51.8923147468175, 5.25959189099928], [51.8099759925285, 5.23226060065303], [51.7137165116088, 5.23963427959985], [51.6426931315731, 5.2661561927728], [51.5587874225778, 5.34970209773612], [51.5283063021934, 5.43467154739631], [51.5640161394526, 5.647929179519], [51.5905248862944, 5.84574543916049], [51.5901294263468, 5.86856237918788], [51.4769204607811, 6.02338719727821], [51.319372244606, 6.16799401496085], [51.2473893407776, 6.18306037045919], [51.157115767584, 6.15314337927285], [51.0980232497049, 6.1006835798754], [51.0599380674085, 6.00978912962059], [51.0567012676582, 5.87457401374858], [51.0849899067596, 5.70570819926921], [51.0124101748328, 5.50345654634105], [50.9398304429061, 5.46010786873597], [50.8122897454161, 5.40720470631168], [50.7814387176623, 5.37034709375473], [50.7580280796741, 5.31207462326935], [50.7511231388185, 5.24331794565998], [50.7136207673088, 4.99429943907046], [50.6645197728554, 4.93270042565517], [50.5624158347309, 4.88183559168096], [50.3156447454613, 4.88183559168096], [50.0543577094469, 4.910761541133], [49.880166352104, 4.96860966964213], [49.587714648741, 5.10844401779609], [49.449075035947, 5.14212335734506], [49.2785377467022, 5.14212335734506], [49.199035881962, 5.10389646546341], [49.1108211908057, 4.98307091097296], [48.9221138867181, 4.910761541133], [48.791470368711, 4.93968623682235], [48.6157574790758, 5.06002916161521], [48.5272521128566, 5.20789413900212], [48.4576036007699, 5.44565761132474], [48.3562903301141, 5.72294656822978], [48.3019535921637, 5.78532689274341], [48.1102515663287, 5.89127557373794], [48.0507527242768, 5.89324839047055], [47.9640614213322, 5.85013015400525], [47.8914816894055, 5.76348139799017], [47.8479338500697, 5.53235391056272], [47.6592265459821, 5.40230475900174], [47.4705192427929, 5.35894880433513], [47.347435775537, 5.29210216983878], [47.3075172907475, 5.21260042847272], [47.29632788545, 5.01199243711537], [47.1802003132892, 4.89629872322935], [46.9914930100999, 4.83844433058166], [46.9076983777896, 4.74301361529927], [46.90483000768, 4.68441090568994], [46.9914930100999, 4.46227285495686], [47.1210228534117, 4.29789823239819], [47.1376697297745, 4.21252173176016], [47.1221365281071, 4.15830051802726], [47.0060089559463, 4.02799025696968], [46.9769770633553, 3.86869388089974], [46.9334292240195, 3.65142351529045], [46.82935861682, 3.55794528491815], [46.7417023876146, 3.528782398494], [46.6140784019248, 3.55001249140695], [46.4398870445819, 3.65142351529045], [46.3679199475092, 3.795053879486], [46.3418178473353, 3.8966228197874], [46.3527913659105, 4.02799025696968], [46.2913882275086, 4.22397095295015], [46.1961105342276, 4.27012161005806], [46.0479564905604, 4.28858923543413], [45.8447332406265, 4.23068584112549], [45.6850578300282, 4.1148661249759], [45.4694717657283, 3.84603384042596], [45.452802686605, 3.79821683206828], [45.452802686605, 3.56607652820351], [45.407898601396, 3.48725682764409], [45.2640953825174, 3.33266605806097], [44.944744561321, 3.15875418609059], [44.751204079358, 3.07286336133622], [44.5659747475217, 3.0684594711054], [44.21894723846, 3.14426019255337], [43.9721761491904, 3.27469876981036], [43.7997450963422, 3.37989565529421], [43.6650507091047, 3.43650877147561], [43.435086130417, 3.44859032986895]]]}, "properties": {"OBJECTID": 205, "id": null, "Name": "Mossovy", "type": "Dark Forest", "continent": "Essos", "size": null, "Symbol": 1, "Shape__Area": 1448983122651.1702, "Shape__Length": 9910280.169518815}}, {"type": "Feature", "id": 206, "geometry": {"type": "Polygon", "coordinates": [[[3.17545934302242, 11.8313557912302], [3.09886565453857, 11.9277242406], [2.97303316644345, 11.9919508744193], [2.83078774484513, 11.9651916305362], [2.73231014472427, 11.8634823948789], [2.63383254550168, 11.7188830231842], [2.53535494627912, 11.5045227752915], [2.50252907927274, 11.3060940444801], [2.50252907927274, 11.1451048465932], [2.51894201277593, 11.0055087055364], [2.56818081238721, 10.9571715056637], [2.67760036787744, 10.9464288322782], [2.80890383320809, 11.0269893619886], [2.86361361095322, 11.1665752512381], [2.98397512181282, 11.2470751025415], [3.26299498687564, 11.2899991725993], [3.42165334197715, 11.3329168229171], [3.57484071894484, 11.4026442562134], [3.79915080626253, 11.4830777186882], [3.93045427249151, 11.5688481330704], [4.02346089447855, 11.697454431656], [4.04555437498652, 11.7034639884648], [4.22041609292367, 11.7510227936401], [4.40095835876392, 11.724239911883], [4.45684256336876, 11.6981823554838], [4.63073942421543, 11.6170824570742], [4.71601951337457, 11.5414946206521], [4.74562995694121, 11.5152446920661], [4.76204289044441, 11.3436452298404], [4.7237460462025, 11.2631723796653], [4.69285148429341, 11.2415290328995], [4.69214412388923, 11.2410334688539], [4.64715235771865, 11.2095112942875], [4.55414573573162, 11.1934110239149], [4.53618141981756, 11.1939617295044], [4.37907444802518, 11.1987778805408], [4.2751258706688, 11.1773098582134], [4.22588707105752, 11.0323592814653], [4.23513562845446, 10.9361206156545], [4.20947413755429, 10.7798677998523], [4.14929338257367, 10.656230578397], [4.03987382708341, 10.5271642905203], [3.99610600560598, 10.3872815042205], [3.97969307210279, 10.3388459071787], [4.01798991634469, 10.171955207568], [4.14929338257367, 10.0211401757195], [4.22588707105752, 9.89720385262948], [4.30795173767518, 9.75704560553159], [4.30248075954136, 9.58446226463112], [4.19853218218495, 9.48194925417179], [4.07269969408983, 9.4927415457939], [4.01594076575684, 9.52446303913884], [3.90857036175276, 9.58446226463112], [3.82650569513509, 9.63301027175714], [3.65143440742869, 9.67076500833039], [3.55842778544165, 9.65458492481975], [3.51465996306589, 9.53051188770841], [3.51827361416269, 9.51447452755863], [3.53654387470294, 9.43337974506786], [3.53107289656908, 9.30382769778506], [3.498247030461, 9.19583095852939], [3.43066436415173, 9.17136828204051], [3.38882747497077, 9.1364186772995], [3.31770476462074, 9.09320351712952], [3.20281423189499, 9.07159397942022], [3.08245272103538, 9.03917723369566], [3.00585903255154, 8.99054664568424], [2.92379436593387, 8.93650500173814], [2.86361361095322, 8.92029094275556], [2.73778112285809, 8.86623888559581], [2.66118743437425, 8.75811095256805], [2.56818081238721, 8.68240266630682], [2.47517419040017, 8.66617746954968], [2.37122561304376, 8.69321907414201], [2.29463192455991, 8.71485095282166], [2.25979718023648, 8.75573738403783], [2.20709628070672, 8.81758523119975], [2.11408965871969, 8.92569570946594], [2.01561205949713, 8.99595036780874], [1.93354739287943, 9.03917723369566], [1.85695370439558, 9.11481175134543], [1.79130197217941, 9.20123158186924], [1.71470828369559, 9.29842864915135], [1.62170166170852, 9.41718838636491], [1.54510797322471, 9.46036365181094], [1.45210135123764, 9.49813756372027], [1.32079788500869, 9.4927415457939], [1.21684930765228, 9.45496704002539], [1.16369352461884, 9.40627519876393], [1.14025561916843, 9.38480339344342], [1.05271997531525, 9.26603261235478], [0.987068242200743, 9.2390336311207], [0.866706732239469, 9.1850294655465], [0.757287176749238, 9.10940981501917], [0.670835050248998, 9.02403787334384], [0.669751532896018, 9.02296776550646], [0.668487429916429, 9.01360418880762], [0.658809577526678, 8.94190952720617], [0.660929388696455, 8.88327146892723], [0.6642805547622, 8.79055265117287], [0.697106421768585, 8.73107404092645], [0.757287176749238, 8.72025872745467], [0.839351843366903, 8.73107404092645], [0.905003576481409, 8.77433215671927], [0.932358464455644, 8.83920987076176], [0.937206820266052, 8.84365841965816], [1.00895215293949, 8.90948117019571], [1.06913290881844, 8.92029094275556], [1.15119757453781, 8.92029094275556], [1.25514615189422, 8.8932659115494], [1.33721081851189, 8.83920987076176], [1.39192059625702, 8.71485095282166], [1.39192059625702, 8.63372497716628], [1.37003668461997, 8.57963129132889], [1.28250104076675, 8.48224326953545], [1.26061713002804, 8.42812812510899], [1.2496751746587, 8.35235420931473], [1.24420419652485, 8.28197953630174], [1.21137833041676, 8.20617735654908], [1.167610508041, 8.16285532283449], [1.08554584232163, 8.14660834695911], [0.965184331462029, 8.17368627275069], [0.957724652172437, 8.18107010461225], [0.905003576481409, 8.2332512310297], [0.822938909863711, 8.31446172494576], [0.724461310641151, 8.36859271958605], [0.582215889042832, 8.34694122174239], [0.500151222425134, 8.28197953630174], [0.463695304678109, 8.21383061956884], [0.450912422813854, 8.18993214656541], [0.401673623202574, 8.05452973133363], [0.346963845457442, 7.9028252859222], [0.264899178839777, 7.76732772351536], [0.160950602381696, 7.65889815722614], [0.0460600687576129, 7.59382714474457], [-0.0852433965730348, 7.57755784939345], [-0.293140551285859, 7.53417005858634], [-0.637812149463149, 7.49077792185636], [-0.851534898556391, 7.53647918541978], [-0.916832015424265, 7.55044099085125], [-1.00983863651301, 7.63945268490537], [-1.00983863651301, 7.65347595174939], [-1.00983863651301, 7.78358975359282], [-1.02078059188235, 7.86489041855422], [-1.09190330313067, 7.92450078859024], [-1.19585188048708, 7.94075666718301], [-1.26150361360155, 7.91908202025207], [-1.34903925745477, 7.85947086866663], [-1.38186512356283, 7.81611192158594], [-1.43110392317414, 7.74564403610644], [-1.49675565628861, 7.69685166438368], [-1.60617521177885, 7.66432029459069], [-1.69568477950138, 7.66432029459069], [-1.71012378913526, 7.66432029459069], [-1.87425312147229, 7.6860081512892], [-2.05479538731255, 7.78901029074538], [-2.16421494190448, 7.89198710752771], [-2.20632518752807, 7.98582707401576], [-2.22986667501895, 8.03827838277132], [-2.2900474308979, 8.20076236059005], [-2.34475720774471, 8.3361150224361], [-2.4815316521075, 8.45518664703934], [-2.61283511743818, 8.4768320969188], [-2.71131271755904, 8.46600952412263], [-2.82073227215098, 8.40106770964636], [-2.86450009452673, 8.36859271958605], [-2.92546032845918, 8.30827691563467], [-2.9465647602461, 8.28739342114394], [-3.04504236036699, 8.2386657843536], [-3.14351995958955, 8.22242190320105], [-3.23026949582246, 8.22242190320105], [-3.32406222542978, 8.22242190320105], [-3.46083666889428, 8.18451692859452], [-3.53743035737812, 8.08703047035355], [-3.56513027747322, 8.04483679259546], [-3.60855306862645, 7.97868454603391], [-3.66873382360707, 7.9028252859222], [-3.78909533446667, 7.84321179282658], [-3.95322466680374, 7.82695208138931], [-4.10094106653591, 7.88114864493331], [-4.15984064336001, 7.92559825269423], [-4.27054137610846, 7.97326649318594], [-4.37996093159869, 7.98952043714107], [-4.47315620698194, 7.98597078059481], [-4.54384978134095, 7.9551661019102], [-4.60374336109493, 7.87508008194375], [-4.61306894273927, 7.77160572513275], [-4.60427101891641, 7.74022294039011], [-4.56570859315063, 7.65337066512594], [-4.42919973120997, 7.59925010699192], [-4.3088382203504, 7.56128793856912], [-4.20488964299399, 7.49077792185636], [-4.17753475501975, 7.42025649466289], [-4.16112182151653, 7.33344538155289], [-4.16659279875205, 7.23033521011307], [-4.20699386569867, 7.14014668031496], [-4.21036062112781, 7.13263016453712], [-4.23771551000037, 7.07834055450645], [-4.33072213198741, 7.0403340237446], [-4.42919973120997, 7.04576371865589], [-4.51673537506319, 7.06205242340856], [-4.58785808631152, 7.06205242340856], [-4.60974199615193, 7.06205242340856], [-4.6206839524196, 7.06748186454175], [-4.71558392388657, 7.12869409290049], [-4.73010350790983, 7.13805877179902], [-4.88329088487753, 7.2140524955952], [-5.01234600269761, 7.24148741522829], [-5.11854292756459, 7.30631342717809], [-5.18966563881288, 7.38770432410682], [-5.30455617153866, 7.55044099085125], [-5.33738203764675, 7.70769490013323], [-5.33191106041123, 7.81611192158594], [-5.29908519340481, 7.90824426887054], [-5.25531737192738, 7.98952043714107], [-5.23343346029034, 8.0978634681596], [-5.23343346029034, 8.18451692859452], [-5.25531737192738, 8.25490899783942], [-5.35050121910895, 8.33496886414211], [-5.39010236863442, 8.34694122174239], [-5.43585963776761, 8.34694122174239], [-5.55075017049339, 8.31446172494576], [-5.61093092547401, 8.24408026270205], [-5.66016972508529, 8.16285532283449], [-5.76411830244171, 8.07619718061971], [-5.89542176867068, 8.04911268815085], [-6.11426087875285, 8.00577373483808], [-6.22024646506775, 8.00293716701081], [-6.31668705533182, 8.00035604062699], [-6.46440345416566, 8.03827838277132], [-6.54646812078333, 8.08161386184274], [-6.64913672731895, 8.15479447488917], [-6.68324256424783, 8.17910163701075], [-6.74342332012678, 8.28739342114394], [-6.77624918623486, 8.41189210249973], [-6.78719114160424, 8.59045064632451], [-6.78719114160424, 8.71485095282166], [-6.76409293138358, 8.77573007223924], [-6.75436527549615, 8.80136592002792], [-6.74151742747054, 8.81787108152611], [-6.7055280946821, 8.86410133269596], [-6.69965549775102, 8.87164445043975], [-6.59570692039464, 8.92569570946594], [-6.48628736580271, 8.95271833834641], [-6.39875172194948, 8.95271833834641], [-6.25103532221731, 8.94731397334948], [-6.24222050737217, 8.94996408922663], [-6.12520283412219, 8.98514284381297], [-6.07049305637709, 9.05538597149693], [-6.07049305637709, 9.12021360507381], [-6.08690598988028, 9.22823345897603], [-6.14161576762541, 9.31462554408125], [-6.21273847797541, 9.34161869926046], [-6.32762901070116, 9.38480339344342], [-6.37686781031244, 9.44417356166216], [-6.37686781031244, 9.53590730949608], [-6.34404194420439, 9.61143423884964], [-6.25767675396241, 9.66072966525904], [-6.24009336684797, 9.67076500833039], [-6.16897065559965, 9.67076500833039], [-6.08947913765485, 9.62178526626881], [-6.08143501174643, 9.61682837641288], [-5.9993703460271, 9.56827804981607], [-5.74770536893851, 9.55209306435274], [-5.6437567915821, 9.55209306435274], [-5.42491768149994, 9.56827804981607], [-5.39284908170165, 9.56827804981607], [-5.23343346029034, 9.56827804981607], [-5.06383315071775, 9.50353349750948], [-4.99271043946946, 9.43337974506786], [-4.91064577285176, 9.2552332687698], [-4.90523927039912, 9.24735605188957], [-4.78320071719347, 9.15974335332318], [-4.7685630765756, 9.15148555050031], [-4.65898079666151, 9.13101706809764], [-4.62505080854279, 9.14015332310714], [-4.53861928580191, 9.16342549212937], [-4.47843853082129, 9.21203258023851], [-4.4456126647132, 9.32542305662014], [-4.45108364194872, 9.44957034270289], [-4.50032244156, 9.54130264682096], [-4.51642345843699, 9.57305772777608], [-4.54409026393576, 9.62761639247021], [-4.54956124206958, 9.78400372053065], [-4.50579341969382, 9.88642456170458], [-4.42919973120997, 9.96726060317757], [-4.35260604272616, 10.0049772416147], [-4.21556804882865, 10.0499587921111], [-4.20488964299399, 10.0534636257079], [-4.11735399914077, 10.0857838422133], [-4.07358617766334, 10.1181008161602], [-4.04076031065692, 10.1988790008437], [-4.0517022660263, 10.2688701968206], [-4.10641204377143, 10.3280814255224], [-4.15575961858381, 10.3501479273632], [-4.16659279875205, 10.3549919382398], [-4.25412844350357, 10.398043952199], [-4.30336724311485, 10.4572307767927], [-4.33072213198741, 10.5863264196521], [-4.31430919848422, 10.6454771344129], [-4.22130257649718, 10.7314940339907], [-4.12282497727462, 10.7906164708434], [-4.01340542178439, 10.8228601774297], [-3.8602180448167, 10.8497272825675], [-3.76314116166718, 10.8762098762415], [-3.76174044559414, 10.8765919741764], [-3.70155969061349, 10.9303140914092], [-3.6824939745841, 10.9817891649995], [-3.65779186823773, 11.048468450102], [-3.63590795749901, 11.1290010022378], [-3.60308209049259, 11.2041446367593], [-3.45536569165875, 11.2739033971854], [-3.35141711430234, 11.2899991725993], [-3.22558462620722, 11.25244096187], [-3.13390189726848, 11.1954858109779], [-3.06145529297185, 11.1504725969187], [-2.96844867188315, 11.1128962683244], [-2.87544204989611, 11.102159283789], [-2.78790640604289, 11.1343690496482], [-2.72772565016394, 11.1880440686892], [-2.69489978405585, 11.2846340140688], [-2.71131271755904, 11.4294579483505], [-2.74960956180098, 11.4991616646152], [-2.79884836141226, 11.5581282645309], [-2.81807926594427, 11.6166320465749], [-2.78477212293117, 11.7797086370207], [-2.66819712148691, 11.8775082384195], [-2.46835426250981, 11.9263948939334], [-2.32834427513984, 11.9651916305362], [-2.14233103116573, 12.0294093551426], [-1.9782016988287, 12.1364047822232], [-1.89066605497552, 12.2540501316721], [-1.83048529909653, 12.3983613357846], [-1.7867174776191, 12.5425926802331], [-1.71559476637078, 12.6920806443271], [-1.63353010065141, 12.8414808213], [-1.50222663442243, 12.9641360446628], [-1.34903925745477, 13.0707436699786], [-1.23815210003035, 13.1131741856975], [-1.19585188048708, 13.1293582640562], [-1.05360645888876, 13.1506691979184], [-0.873064193048506, 13.1080454811938], [-0.769115615692094, 13.022775913785], [-0.750894454370335, 12.9908193133983], [-0.714405837946996, 12.9268125652764], [-0.632341172227628, 12.8468149065649], [-0.55027650560993, 12.8521488777072], [-0.424444017514804, 12.9001495190391], [-0.320495440158392, 12.9747988685602], [-0.150895129687507, 13.0707436699786], [0.00229224728015149, 13.1240302411381], [0.253957223470404, 13.1559966425883], [0.385260689699382, 13.1293582640562], [0.437388295194606, 13.1013023355678], [0.516564155928326, 12.9961231453161], [0.658809577526678, 12.8681501129678], [0.746345221379864, 12.8361466228323], [0.828409887997563, 12.8308123120815], [0.954242376092689, 12.8734836306854], [1.01442313107331, 12.894816569088], [1.09101681955715, 12.9907922475069], [1.13478464193291, 13.0654143787491], [1.3043849515055, 13.1027169964611], [1.46851428474086, 13.1187021035757], [1.56152090582957, 13.1666511836688], [1.68188241668918, 13.2145908785076], [1.78118756012116, 13.2494990179819], [1.79130197217941, 13.246545445955], [1.889779571402, 13.246545445955], [2.02108303763094, 13.246545445955], [2.22898019144544, 13.2625211563741], [2.35481268043889, 13.2997937306949], [2.42046441355337, 13.390288951876], [2.46970321316465, 13.4807501603102], [2.60647765662915, 13.5445845371707], [2.77607796710003, 13.5924490833334], [2.88002654445641, 13.6456205747115], [3.01133001068539, 13.6775177230575], [3.1699883648886, 13.6562534370125], [3.26299498687564, 13.6403039634556], [3.37788551960139, 13.5764953067731], [3.40972296940235, 13.5548308384761], [3.48730507419333, 13.5020301841597], [3.56389876357547, 13.432863182448], [3.60639908733988, 13.329496889388], [3.61846953242029, 13.2237664045784], [3.61846953242029, 13.0941607175709], [3.65649828883871, 13.0200696516861], [3.75157017988476, 12.8996244561867], [3.78105144661185, 12.8766336099505], [3.81587179363623, 12.8494763877567], [3.8466420709308, 12.7921174466459], [3.8466420709308, 12.7300859225812], [3.8466420709308, 12.6956622242236], [3.83713488137702, 12.5565030594085], [3.79910612495863, 12.4636883901786], [3.71354142346633, 12.3894127077809], [3.6755536670558, 12.2558074795227], [3.69800933301498, 12.1805073575162], [3.70096860005486, 12.0734579096842], [3.67103212463396, 12.0051425449731], [3.57124387353038, 11.9758592222096], [3.49141327210856, 11.962843392338], [3.3816461961641, 11.9140284570021], [3.33840462035652, 11.8684599304462], [3.31179442048146, 11.832650744011], [3.25524774518549, 11.8196280578221], [3.23297855869951, 11.8179513587779], [3.17545934302242, 11.8313557912302]]]}, "properties": {"OBJECTID": 206, "id": null, "Name": null, "type": "Dark Forest", "continent": "Essos", "size": null, "Symbol": null, "Shape__Area": 488526547457.68604, "Shape__Length": 4899503.9317874}}, {"type": "Feature", "id": 207, "geometry": {"type": "Polygon", "coordinates": [[[5.0424065372559, 11.273861955826], [5.30886368315753, 11.2411956539449], [5.52536011453949, 11.2411956539449], [5.69189583050345, 11.2901937148795], [5.87508511887228, 11.3065245446032], [6.00831369182308, 11.273861955826], [6.15819583628048, 11.1758519560728], [6.24146369381328, 11.0287749159693], [6.24146369381328, 10.783483375355], [6.30807798073787, 10.4561173598088], [6.12488869236905, 10.2431435029829], [5.89173869037885, 10.1447994221103], [5.59197440146405, 10.1284057971185], [5.25890296863786, 10.2431435029829], [5.10902082418046, 10.4233615827536], [5.00909939424276, 10.6853104677576], [5.02575296574933, 10.9470335777209], [5.00909939424276, 11.1104935308767], [5.0424065372559, 11.273861955826]]]}, "properties": {"OBJECTID": 207, "id": null, "Name": null, "type": "Dark Forest", "continent": "Essos", "size": null, "Symbol": null, "Shape__Area": 15888433979.32837, "Shape__Length": 471666.20524739986}}, {"type": "Feature", "id": 208, "geometry": {"type": "Polygon", "coordinates": [[[7.50150290527973, 11.6858918153652], [7.27398513440673, 11.5187401838185], [7.15843394019684, 11.496094486838], [7.04926600641096, 11.5352299982932], [7.04390976649507, 11.5421352486824], [6.99257094559971, 11.6538921103764], [6.95264075127055, 11.7823569172617], [6.8955976166429, 11.9163431140897], [6.84996310858149, 12.0000509715498], [6.74158115305847, 12.128352488086], [6.65601645066787, 12.1395062337493], [6.63319919753548, 12.1004660828697], [6.62179057007097, 11.9888914220308], [6.61038194350476, 11.8884347501859], [6.60123134559293, 11.8123123877114], [6.59897331604025, 11.793524940523], [6.54763449514489, 11.7320951969073], [6.43925253962187, 11.7041680600628], [6.35405172049836, 11.7392939649155], [6.33087058409888, 11.7488501228136], [6.24530588170825, 11.832609441454], [6.18826274708063, 11.9107616711101], [6.10269804558833, 12.0000509715498], [6.03995059722845, 12.0112100590825], [5.96579452230236, 11.972151231094], [5.90875138767474, 11.83819248633], [5.90875138767474, 11.7446614872506], [5.86882119334556, 11.6762381020579], [5.80036943125342, 11.6371314354033], [5.73178446068274, 11.6072741955609], [5.62528154447719, 11.6003191157053], [5.3979403949655, 11.5508263991935], [5.28286807376892, 11.5559509804476], [5.19228868261159, 11.6003191157053], [5.05906010966076, 11.7307957601274], [4.87587082129193, 11.94268849088], [4.6593743908083, 12.0241417463042], [4.42622438791981, 12.0241417463042], [4.13216202232032, 11.980996699262], [4.06627705332039, 12.0059438417072], [4.01162201980701, 12.0683060407555], [4.00094832114444, 12.1270122208423], [4.00583478079426, 12.1508982229722], [4.03203225779687, 12.245443471349], [4.100484019889, 12.3624825417855], [4.1099085383855, 12.3760489100667], [4.19175303511356, 12.4293385250314], [4.28872636407037, 12.5407269215647], [4.33436087213178, 12.6353692176145], [4.34006518496573, 12.7132836381005], [4.32295224466727, 12.78561134882], [4.30013499063655, 12.8245484667194], [4.27478248605817, 12.8461775976446], [4.25450048347343, 12.8634795609774], [4.19175303511356, 12.8912837896015], [4.12900558675368, 12.9079648447078], [4.08337107959054, 12.9302045203588], [4.07766676585828, 12.9357641299723], [4.02632794496292, 12.9857950321298], [3.98639775063376, 13.0191433732722], [3.94076324257232, 13.0858265827233], [3.93505892973836, 13.1691552237024], [3.93505892973836, 13.2302448874315], [3.96358049660304, 13.3079732168178], [4.01550437586989, 13.3686010886699], [4.02062363123066, 13.3745776597928], [4.04914519899364, 13.4411636979374], [4.04914519899364, 13.5132777061596], [4.0035106909322, 13.579825131321], [3.97498912316922, 13.6075477205389], [3.95787618287079, 13.6130918493378], [3.85519854108002, 13.6463538905224], [3.80293966926393, 13.6590494561531], [3.76392952585547, 13.6685259814857], [3.73644510530883, 13.7308318124397], [3.72970364436024, 13.7461118484865], [3.7468165846587, 13.8402887051067], [3.7468165846587, 13.911450043167], [3.7468165846587, 13.9344274396658], [3.79245109272015, 13.9897852617637], [3.83287181031357, 13.9907909464563], [4.01491931749841, 13.9953203114486], [4.12900558675368, 14.0174591796262], [4.2716134237719, 14.0451297617858], [4.33436087213178, 14.0727970004489], [4.43133420019029, 14.117057615604], [4.50316875263942, 14.1610523786381], [4.52322324969191, 14.173333149003], [4.53971615661161, 14.1834324097155], [4.54786944220005, 14.1986333291707], [4.61387223153769, 14.2663735736295], [4.75077575482366, 14.3769142910957], [4.86950950760864, 14.395315997169], [4.89338359094358, 14.3990158895254], [4.99606123363264, 14.3437577947539], [5.08733024885719, 14.2774300928204], [5.16148632378328, 14.2332007606006], [5.29838984706925, 14.117057615604], [5.3294070514725, 14.1087017760777], [5.40106748886001, 14.0893957368454], [5.45240631065368, 14.1391846998515], [5.45240631065368, 14.2608451101213], [5.42902863275151, 14.2919967128599], [5.4238847428907, 14.4763542310457], [5.40950674772928, 14.5772621546046], [5.41847804640198, 14.6727489646146], [5.4752235646844, 14.7909522257922], [5.57219689274291, 14.9839013058696], [5.68057884916423, 15.2482342326901], [5.77184786438875, 15.3967759326925], [5.91445570050867, 15.5397159382392], [6.12551529872075, 15.6276298177986], [6.29094038976969, 15.7045235295375], [6.35939215096352, 15.8198096735801], [6.34798352439731, 15.907602666913], [6.22248862767756, 15.9953573377577], [6.15974118021598, 16.0885544742921], [6.10840235842228, 16.2967191264921], [6.07417647782539, 16.4663741817092], [6.01893062055298, 16.662300782763], [6.01713334319773, 16.6686713807667], [6.04565491096071, 16.7833938210682], [6.14833255275147, 16.8762136754335], [6.29664470260365, 16.9580756900504], [6.32218733920515, 16.9580756900504], [6.46777410648651, 16.9580756900504], [6.61038194350476, 16.8871306646188], [6.75869409335694, 16.7506230280722], [6.79862428768612, 16.6249494696023], [6.91271055694137, 16.4226063797002], [6.92589220185858, 16.4113168848375], [6.97422084549196, 16.3340354833392], [7.14075656145593, 16.1421648702138], [7.1637473744911, 16.031712157188], [7.11806584142116, 15.8691979364687], [7.07813564709201, 15.710014829403], [7.07813564709201, 15.5891721259071], [7.11236152768891, 15.5067385485476], [7.23785642440869, 15.43526948188], [7.42609876859006, 15.3802765159455], [7.60863679903913, 15.2867551684345], [7.71701875546045, 15.2867551684345], [7.79117483038654, 15.3032619752115], [7.88372932490121, 15.318140235097], [7.98603137747841, 15.3097428201621], [8.03075599546326, 15.2977598505086], [8.15625089218305, 15.2702470617573], [8.28745010173676, 15.275749908627], [8.44146656532119, 15.3307704283072], [8.58407440144111, 15.4077748167904], [8.95793741054604, 15.4646764093219], [9.1316884936867, 15.3967759326925], [9.29140927100341, 15.3417727956923], [9.46253867488631, 15.3637757921221], [9.62225945130466, 15.43526948188], [9.71352846742755, 15.5177315972133], [9.8732492438459, 15.5507072298526], [10.0215613936981, 15.5452116573624], [10.2383253056424, 15.4792533669053], [10.3866374554946, 15.4682582707186], [10.5006833382913, 15.441877002332], [10.5292452925128, 15.43526948188], [10.6376272480358, 15.3637757921221], [10.7574178310233, 15.2317230978447], [10.8087566519187, 15.1546540235309], [10.9171386074417, 15.0389977889965], [11.0141119363985, 14.9728803051203], [11.0825636984907, 14.9067424106776], [11.1396068331183, 14.7744057141634], [11.168128399983, 14.6806183789622], [11.256372397777, 14.5851917442511], [11.2651017289398, 14.5757496347051], [11.2742432978847, 14.5716023974489], [11.4476397593889, 14.4929232319131], [11.5626387196677, 14.4133807554802], [11.6073605367056, 14.354308122018], [11.6073605367056, 14.2787058096699], [11.5880838917559, 14.2528381299793], [11.4476397593889, 14.1944929885827], [11.4191181925242, 14.1225895878514], [11.5446130883456, 14.0174591796262], [11.6644036713332, 13.9676437286857], [11.8982805235759, 13.9399638193775], [12.109340121788, 13.9344274396658], [12.2918781522371, 13.9455000671765], [12.4858248101507, 13.9842500779864], [12.6227283334367, 14.0174591796262], [12.7539275429904, 14.022993563352], [12.8965353791103, 14.022993563352], [13.0448475289625, 13.9953203114486], [13.1418208579193, 13.9455000671765], [13.1923829756571, 13.9274202678674], [13.2339342436968, 13.881882232012], [13.2224065463381, 13.7755434019084], [13.1537032586613, 13.6385372209723], [13.1175436331428, 13.5260624555859], [13.0995260040132, 13.4034057784181], [13.16463811195, 13.2802159547015], [13.3300632021007, 13.1858175554917], [13.3642890835959, 13.0580440992604], [13.3300632021007, 12.9802365394586], [13.2914215557066, 12.9737443411739], [13.16463811195, 12.9524422143004], [13.0676647829932, 12.8968442651712], [13.0517806823079, 12.83748419954], [13.0334389023963, 12.7689221732244], [12.9706914540364, 12.6687640291308], [12.8908310662764, 12.6131035845685], [12.7197016623935, 12.5852688204449], [12.5942067656737, 12.5964030891084], [12.4801204964185, 12.6798946610508], [12.4242165001313, 12.731702943756], [12.3660342271632, 12.78561134882], [12.2918781522371, 12.8467955446199], [12.1378616886527, 12.9246447868884], [12.0237754193974, 12.9246447868884], [11.993352414622, 12.894990787041], [11.9781409122343, 12.8356722516956], [11.9781409122343, 12.7552272142702], [11.9781409122343, 12.7522318950057], [11.9382107179051, 12.6520671695386], [11.8982805235759, 12.6186701747053], [11.8566252701522, 12.6155433020665], [11.8241244486499, 12.6131035845685], [11.6758122978994, 12.6242366428947], [11.6187691632717, 12.6854597950447], [11.5275001480472, 12.7411044323178], [11.3107362370012, 12.7744853536549], [11.1966499677459, 12.7744853536549], [11.0540421307277, 12.72997648096], [10.9570688017709, 12.6854597950447], [10.8657997865463, 12.6353692176145], [10.780235085054, 12.5908360151873], [10.7403048907249, 12.5741340695728], [10.6347178851049, 12.5253141405723], [10.5615673843079, 12.4517302002647], [10.5520625465435, 12.427945868114], [10.4664978441529, 12.3234753156202], [10.3410029483315, 12.2565922930866], [10.1299433501194, 12.2398688834446], [9.9588139462365, 12.2565922930866], [9.80479748265207, 12.3123293265934], [9.7992246346667, 12.3129698752741], [9.70782415369526, 12.3234753156202], [9.62225945130466, 12.3179023802906], [9.51958180951393, 12.2621665276971], [9.45113004742177, 12.1060435963979], [9.47394730145249, 11.9833114737133], [9.55951200384309, 11.9107616711101], [9.70782415369526, 11.8884347501859], [9.81899559916103, 11.9005219134531], [9.91317943817509, 11.9107616711101], [10.0671959017595, 11.905180112564], [10.1585213958626, 11.8564333218169], [10.1992726979722, 11.7823569172617], [10.2098037387777, 11.692996414587], [10.1869864847471, 11.592431371662], [10.0900131557902, 11.5253678676015], [9.97591090011619, 11.5160509189222], [9.95310963250425, 11.5141890584295], [9.80479748265207, 11.5253678676015], [9.63366807876917, 11.5756670016481], [9.42831279428938, 11.6036070591594], [9.27429633070495, 11.5812552361085], [9.22505626626575, 11.5555273419709], [9.13924842765696, 11.5456367436514], [9.00619359786524, 11.5700786546664], [8.82365556651784, 11.6259570918772], [8.68675204413017, 11.7432652612477], [8.61259596920408, 11.882852733396], [8.58407440144111, 11.9888914220308], [8.58407440144111, 12.1171982757939], [8.61830028203804, 12.2565922930866], [8.61215814201271, 12.3006043116807], [8.60118734173957, 12.379198145023], [8.54414420711195, 12.4181970520866], [8.39012774352752, 12.4293385250314], [8.26207574114751, 12.4427364733447], [8.21080248738642, 12.4740276732132], [8.15625089218305, 12.5518631192945], [8.17336383248151, 12.6687640291308], [8.35019754919834, 12.7633588695015], [8.61259596920408, 12.7633588695015], [8.77672645946954, 12.7633588695015], [8.80083831338545, 12.7633588695015], [8.94915046323762, 12.8301104202512], [9.04612379219443, 12.9691191821323], [9.01760222443145, 13.1024945713298], [8.90922026890843, 13.2135855857636], [8.755203805324, 13.352378219493], [8.7095692972626, 13.4300673068582], [8.54984852084421, 13.5299163074612], [8.39012774352752, 13.5132777061596], [8.38588035794722, 13.5106965671319], [8.25322422024153, 13.4300673068582], [8.21329402681067, 13.3801272006957], [8.13913795098629, 13.3301767374527], [8.04216462292777, 13.296870693448], [7.92237403994028, 13.2580078587394], [7.82540071098347, 13.1191614305395], [7.808287770685, 12.9802365394586], [7.75694894978963, 12.841233960127], [7.65997562083283, 12.7744853536549], [7.5618160647467, 12.7453484880155], [7.52877641127912, 12.7355405172596], [7.51467310835514, 12.7207255719373], [7.48884621694993, 12.6409353222919], [7.50344925895466, 12.5233534918233], [7.50746113411523, 12.5155205260235], [7.54588935157755, 12.440479519616], [7.65427130710057, 12.2844622861064], [7.71131444172819, 12.1618123244552], [7.71131444172819, 12.0335268474509], [7.65997562083283, 11.8549409357014], [7.61737767624821, 11.7677583737264], [7.54354758017578, 11.7037329619538], [7.50150290527973, 11.6858918153652]]]}, "properties": {"OBJECTID": 208, "id": null, "Name": null, "type": "Dark Forest", "continent": "Essos", "size": null, "Symbol": null, "Shape__Area": 327002924173.3633, "Shape__Length": 4077446.052329108}}, {"type": "Feature", "id": 209, "geometry": {"type": "Polygon", "coordinates": [[[70.3662846405449, 18.3464403412712], [70.4273555720731, 18.4050299135596], [70.4939711247239, 18.4474076629097], [70.5602573666697, 18.4747446559706], [70.618156265183, 18.4817832934036], [70.6998997616288, 18.4846777967343], [70.755822588401, 18.4749112546106], [70.8153990664529, 18.4580307346619], [70.8548457326989, 18.4336732442229], [70.9303097124579, 18.3853205354153], [70.9886462117872, 18.3381565751291], [71.1188269456078, 18.2328615385304], [71.1734857430622, 18.1924788859985], [71.2445051004421, 18.1399948610157], [71.4225491541722, 18.0570364840289], [71.4874998105979, 18.0317725956423], [71.509592624556, 18.0168155102632], [71.5552094286198, 17.9707182136694], [71.5691736678462, 17.9009687955476], [71.5661217350932, 17.8668047549319], [71.5447362491999, 17.827868548859], [71.5359792948422, 17.8159589363866], [71.5202988296554, 17.7946312389487], [71.4784061119762, 17.7613877385782], [71.4058913426175, 17.7488312314883], [71.3065123370079, 17.7488312314883], [71.1470847697999, 17.7633323399966], [71.0594789279972, 17.7780102614091], [71.0455917785952, 17.7832997800321], [70.9722024310355, 17.8112506682316], [70.8535063958143, 17.8644224296507], [70.7138640008552, 17.9740389285324], [70.6936798607375, 17.9828514019194], [70.5009093490591, 18.0669935607534], [70.4611683525052, 18.0827525605817], [70.4380702716419, 18.096861404068], [70.4208474080954, 18.1132315354019], [70.399668612871, 18.1333596364236], [70.3752311933264, 18.1764840943474], [70.3577758942934, 18.2527551002955], [70.3542848344868, 18.3057934576585], [70.3662846405449, 18.3464403412712]]]}, "properties": {"OBJECTID": 209, "id": null, "Name": null, "type": "Dark Forest", "continent": "Essos", "size": null, "Symbol": null, "Shape__Area": 6556873123.3828125, "Shape__Length": 343010.6735462201}}, {"type": "Feature", "id": 210, "geometry": {"type": "Polygon", "coordinates": [[[70.1377257806481, 17.6399582411968], [70.2076603199145, 17.6982080722509], [70.2809725776498, 17.7347884883419], [70.3403205952604, 17.7580630485849], [70.3868145053845, 17.7717856905963], [70.4269903251634, 17.7732571697415], [70.4659987500948, 17.7746858804945], [70.6196053842803, 17.7680369331678], [70.6756448087831, 17.7517298113051], [70.7316181136877, 17.7354404455545], [70.7941583773054, 17.6982080722509], [70.8500518147947, 17.664923506364], [70.9233275928447, 17.6183703980147], [71.0372465562682, 17.5494536086185], [71.104862705483, 17.5085359134539], [71.160419845171, 17.4924796599778], [71.2200676817959, 17.4752395980185], [71.3213084179841, 17.4519285519968], [71.3989059890693, 17.4424247337315], [71.4749150521696, 17.4386066143358], [71.6005932070039, 17.4286145231246], [71.6773965236475, 17.4252837044687], [71.7088160628053, 17.4186218848394], [71.7472177215762, 17.3919721769119], [71.8065657391868, 17.3419935114594], [71.8659137567974, 17.2653331211874], [71.9531902537591, 17.1519506844368], [71.9881008518252, 17.0818857140857], [72.0144964837047, 17.0110927898598], [72.0165439921722, 16.9597440072451], [72.0230114507895, 16.9182985201452], [72.0160293311763, 16.8715331520128], [72.0096141787631, 16.8224145267532], [71.9881008518252, 16.7545691351088], [71.9531902537591, 16.7077633637852], [71.9485950117547, 16.7055627275011], [71.8589316371842, 16.6576015847086], [71.7744399580274, 16.6288743694643], [71.6698608783259, 16.6129319356071], [71.5662186588207, 16.6024321979913], [71.2519502252275, 16.6024321979913], [70.9639520869721, 16.5901547340642], [70.8953991134936, 16.5806613409431], [70.8081226174301, 16.5639311246456], [70.7405331436876, 16.5423138324918], [70.6789534018908, 16.5204257640875], [70.6126232646671, 16.4802582707599], [70.4869451089344, 16.4099451190058], [70.4339262947273, 16.3759176100435], [70.3891954334511, 16.3530063245667], [70.3333384756472, 16.3463065492371], [70.2355887992656, 16.3463065492371], [70.1448212424973, 16.3496564660612], [70.0595483479453, 16.3803911498339], [69.9658698885337, 16.4274634180201], [69.8016982194956, 16.5423138324918], [69.7669501634954, 16.5800429304682], [69.7399014896419, 16.6265969604853], [69.7327710985995, 16.6949074716138], [69.7377477742567, 16.8486826605585], [69.7589158678511, 16.9929094438117], [69.7948874894554, 17.1219186811415], [69.8492341645695, 17.2427751423464], [69.909166919853, 17.3402191757014], [70.1377257806481, 17.6399582411968]]]}, "properties": {"OBJECTID": 210, "id": null, "Name": null, "type": "Dark Forest", "continent": "Essos", "size": null, "Symbol": null, "Shape__Area": 28937390503.51367, "Shape__Length": 682110.2053437968}}, {"type": "Feature", "id": 211, "geometry": {"type": "Polygon", "coordinates": [[[70.5091339285418, 15.696842372892], [70.9984010785429, 15.696842372892], [71.024928061185, 15.6976796729465], [71.0764521335566, 15.6976796729465], [71.1157085698631, 15.6953176419811], [71.1819538055127, 15.6764204095117], [71.226117295347, 15.652796408304], [71.2568252466288, 15.6343148693419], [71.2948160582096, 15.5937244726452], [71.3414330761552, 15.5157234936018], [71.3978642029528, 15.4258676606272], [71.4310974586355, 15.391619414658], [71.4690164930285, 15.3525353965111], [71.5769716921976, 15.2697099278765], [71.5973269523938, 15.2523827530671], [71.6186816548189, 15.2342032798179], [71.6751127816165, 15.1323843804392], [71.724183326775, 15.0542110784486], [71.7268897441136, 15.0522893524396], [71.76793849638, 15.0231400530849], [71.8076032529158, 14.9949697670463], [71.925372560937, 14.9546762972123], [71.9472489339122, 14.9409378310188], [71.9744431060956, 14.9238585356053], [72.0529559778103, 14.8266351510876], [72.1414937031427, 14.7067763158129], [72.1510970672291, 14.6937716974809], [72.2222493573048, 14.6510483875018], [72.2642265759096, 14.6362797819479], [72.2942046478197, 14.6257321595733], [72.3547398286041, 14.6106909447085], [72.4185315370407, 14.5798243687119], [72.4323343337392, 14.5649812947459], [72.4626950277733, 14.5323288862221], [72.4739908412112, 14.5085291667388], [72.493735765342, 14.4817661790906], [72.5460294423838, 14.3703475170129], [72.6663049000291, 14.1422731508688], [72.7825548667491, 13.9731205169155], [72.8022684612361, 13.9444233528227], [72.92592645771, 13.8478703759087], [73.0428193765266, 13.7565627181222], [73.0951130535684, 13.675278833763], [73.1421773633552, 13.5227960194494], [73.1735535695802, 13.2226292182842], [73.2258472466221, 12.942479375432], [73.2624528210005, 12.7589375225503], [73.2502772739301, 12.6771343861058], [73.2206178784687, 12.5956773017991], [73.1892416722436, 12.534427835652], [73.1683242014269, 12.4935867649912], [73.1526360987636, 12.4527392418847], [73.1317186279468, 12.3557006357897], [73.1300544386959, 12.2291205738727], [73.1398685475479, 12.1403851703647], [73.1630948341719, 12.0592558714772], [73.199700407652, 11.9671887185344], [73.2332061223603, 11.8770355519808], [73.2729115564088, 11.7522437677555], [73.3098838976464, 11.6321855187046], [73.3042877626339, 11.5627483088848], [73.2833702918172, 11.501262670998], [73.2415353501837, 11.4448890375084], [73.1892416722436, 11.3885041725791], [73.1449153313231, 11.3648012269275], [73.1317186279468, 11.3577440767662], [73.0689662145984, 11.3474899738538], [73.0114431703015, 11.3269806634581], [72.9748375959231, 11.301341957204], [72.9068558153197, 11.2500576715765], [72.8441034028695, 11.2038940047001], [72.7604335196026, 11.1679838355004], [72.6221742984157, 11.131094657079], [72.538754372275, 11.1383166821525], [72.4728182945253, 11.1577229702062], [72.3939962649106, 11.1792381031623], [72.2835875385284, 11.2177471056665], [72.1538268632229, 11.2551865113103], [72.0230926701693, 11.280829341373], [71.9719895788826, 11.2634698794696], [71.9392020088534, 11.2381795910547], [71.920465506511, 11.193679579502], [71.902817212524, 11.1525924011784], [71.8557529027373, 11.101281740268], [71.7978441452136, 11.0845679709482], [71.766853651317, 11.075623025212], [71.714369217923, 11.0829432502976], [71.6413488264167, 11.1115445951429], [71.5524495749965, 11.1936344104845], [71.2962105570426, 11.4448890375084], [71.2019818471801, 11.5123712162328], [71.1602469958356, 11.5422545925143], [70.9563016549235, 11.6395863693258], [70.7262094750413, 11.7420040833225], [70.5431816040476, 11.8341475117247], [70.4019886755856, 11.9109100015778], [70.3653831021055, 11.9620729544319], [70.3235481604721, 12.0899379125876], [70.3183187923187, 12.1921859221973], [70.3330333781323, 12.2914573807214], [70.3998014772948, 12.4565012793953], [70.4124474109939, 12.4833754884974], [70.4647410889341, 12.6365021572592], [70.4699704561891, 12.728334212196], [70.4699704561891, 12.8507252146352], [70.4640450976081, 12.8839404522289], [70.4490529853724, 12.9679606606605], [70.3967593083306, 13.1309788974449], [70.3810712047689, 13.2531716842164], [70.3601537339522, 13.3956523640978], [70.3562024851918, 13.4312044147378], [70.3392362631354, 13.5838009208965], [70.3549243666971, 13.8022725112778], [70.3747433416518, 14.0163531040474], [70.3923302286026, 14.0995440452955], [70.4305264121254, 14.2143560655168], [70.4508026861535, 14.2685442515234], [70.5366761395073, 14.446811312165], [70.6425395908761, 14.7600672737065], [70.6495383931025, 14.8882940890514], [70.6373102236211, 14.987503878996], [70.5902459138343, 15.093558537022], [70.5379522367926, 15.1591849224206], [70.2607957471236, 15.2550637657711], [70.0716304989722, 15.3256969692459], [69.9365749485662, 15.3761113364709], [69.8617396179279, 15.4121865499173], [69.8151832111112, 15.469719840562], [69.8055250201481, 15.494445375628], [69.7849232846959, 15.5474749610071], [69.7483177103174, 15.6633167092857], [69.7633299771549, 15.7319653801223], [69.7835416030253, 15.7672236232178], [69.8131294872002, 15.7843076626839], [69.8558720443759, 15.7911626874733], [70.0805860654493, 15.7518437283979], [70.5091339285418, 15.696842372892]]]}, "properties": {"OBJECTID": 211, "id": null, "Name": null, "type": "Dark Forest", "continent": "Essos", "size": null, "Symbol": null, "Shape__Area": 129194776056.61426, "Shape__Length": 1626473.579753377}}, {"type": "Feature", "id": 212, "geometry": {"type": "Polygon", "coordinates": [[[65.5480235949921, 10.4340827648862], [65.672065888948, 10.3730812372748], [65.7238800875119, 10.2977291421461], [65.7567392514726, 10.1683832438029], [65.8087669616133, 10.0974685172711], [66.0236662917264, 9.93287163659218], [66.1868062851865, 9.85251449120427], [66.2131533613283, 9.8083821009463], [66.1909733523972, 9.74785282058407], [66.1093758645245, 9.65133560411432], [65.9665265765276, 9.62316894179199], [65.8236772885307, 9.48230054398797], [65.6208484502104, 9.35724191767511], [65.5439236445095, 9.37294526494062], [65.4195477908172, 9.44963385308991], [65.3665595678388, 9.54022182149098], [65.3665595678388, 9.70766185844], [65.2567432094196, 9.94571309320986], [65.2291403504943, 10.0707540396274], [65.243578371083, 10.2128782523832], [65.2937931534196, 10.3291373129667], [65.440814132256, 10.4375972999816], [65.5480235949921, 10.4340827648862]]]}, "properties": {"OBJECTID": 212, "id": null, "Name": null, "type": "Dark Forest", "continent": "Essos", "size": null, "Symbol": null, "Shape__Area": 7704702273.925293, "Shape__Length": 356522.16629515315}}, {"type": "Feature", "id": 213, "geometry": {"type": "Polygon", "coordinates": [[[44.9027612853762, -22.9369975853118], [45.2633607816005, -22.8705636441199], [45.3541489196703, -22.8345572448356], [45.4872457340235, -22.7401661646294], [45.5215475474147, -22.7278629394531], [45.8394366659135, -22.6258405717694], [45.9378640708712, -22.6056497304246], [46.2126108486551, -22.549274057039], [46.3567858541787, -22.5315192030198], [46.5058497699562, -22.5131598898881], [46.6979212135788, -22.4674762715499], [46.862210350815, -22.3960136138161], [47.1195543405859, -22.2912836457673], [47.3247066875581, -22.2445507233564], [47.4841673217517, -22.2297906438925], [47.5779337702471, -22.2421896901549], [47.7201233328044, -22.2609897911832], [47.8225338129347, -22.2995975619893], [47.9634946733212, -22.3916274793327], [48.0217131124625, -22.4633807674402], [48.0831713436424, -22.6714723241552], [48.0654847158474, -22.7380960586006], [47.967911632081, -22.8680194830191], [47.719128843886, -23.0843406793641], [47.6024004640901, -23.2121152694729], [47.5908294957824, -23.2406919516406], [47.5775492185419, -23.3057568861338], [47.5731224591624, -23.4236059430047], [47.5731224591624, -23.5129387087784], [47.5819759770232, -23.6143796981599], [47.6041097730228, -23.6711523978306], [47.652804122605, -23.7522134841934], [47.7457660632882, -23.8656142432589], [47.8298744852121, -23.9627359430742], [47.9007026307939, -24.1042406330634], [47.9361167031357, -24.2294429478607], [48.060065956781, -24.4351530873431], [48.1988501040126, -24.5732761266093], [48.2017222470463, -24.5761329833038], [48.21038176923, -24.5781017314459], [48.3256715006916, -24.6043099686864], [48.400926405653, -24.5922348944298], [48.4717545503365, -24.5640551926467], [48.5381559365387, -24.5036487865589], [48.5647164910196, -24.4432133382779], [48.604557322741, -24.3262893194467], [48.6089840812222, -24.1527206066807], [48.5868502861209, -24.0112693889059], [48.5204488999187, -23.8575174752478], [48.5185722914424, -23.8552699723145], [48.3345250194508, -23.6346584889802], [48.2456834614314, -23.5416088373177], [48.2415630787676, -23.5372916877656], [48.2061490064259, -23.4682798846934], [48.1928687291854, -23.4073571290649], [48.2282828015272, -23.3179530215378], [48.4053531641343, -23.1226808912317], [48.480117747054, -23.0611460766954], [48.4931197414908, -23.0461915325334], [48.7280812636251, -22.8552839376844], [48.8800230716541, -22.7406799042104], [49.0472332292586, -22.5024505494729], [49.2154500740049, -22.3510482909241], [49.3792401593715, -22.2486561875096], [49.5031894139151, -22.1912838718784], [49.5972005545107, -22.1772432428741], [49.7170967344599, -22.1849890523344], [49.7732217172053, -22.1953826727639], [49.994559670015, -22.2814298234868], [50.1716300326221, -22.4083550462934], [50.2911525277861, -22.60465570404], [50.3708341912288, -22.8210794456167], [50.3885412278488, -23.0615999004249], [50.3963847887003, -23.1445667619778], [50.4483710945913, -23.2582103050583], [50.5083239856119, -23.3266264437696], [50.6232171764526, -23.3951851018594], [50.6612706275581, -23.4056621872186], [50.7179991748682, -23.4045545094058], [50.8246382433315, -23.3458224152547], [50.8884030337507, -23.2992177169854], [50.9560981969813, -23.0769802130979], [50.9595931473914, -23.0697456361019], [50.9612653002073, -23.0600019026144], [50.9782741473239, -22.9608503163643], [50.9861537018722, -22.9148924682802], [50.9905804612518, -22.7476154302898], [50.9551663880118, -22.5883079700179], [50.8710579660878, -22.355142412517], [50.7471087124425, -22.1994813531885], [50.6231594578989, -21.9533493515759], [50.6098791806585, -21.8999643485879], [50.6187326994177, -21.8301230131188], [50.698414361962, -21.7109032131936], [50.703106114469, -21.7074782990259], [50.7648157481643, -21.6491989827137], [50.8843382433283, -21.5751190789949], [51.0879691604162, -21.4968825170797], [51.2827465596434, -21.4762869466177], [51.4376831271491, -21.488644638779], [51.5262183084526, -21.5133568750014], [51.5926196946549, -21.5462999879216], [51.6376707756854, -21.568559227726], [51.8759322751855, -21.6862246910231], [52.0795631922735, -21.8712102893135], [52.40398718346, -22.1138040624988], [52.491251785829, -22.178986752454], [52.7017493818297, -22.3081694550203], [52.8498192704228, -22.4042624892365], [52.9339276923467, -22.5024505494729], [53.0047558379285, -22.6005689529501], [53.0711572232325, -22.6945335053085], [53.1375586094347, -22.7639441857548], [53.2438008273583, -22.8129187320142], [53.3367627680414, -22.8292396701419], [53.3943106354845, -22.8129187320142], [53.4385782265854, -22.7884336572782], [53.5492472029902, -22.7516978023493], [53.6820499753947, -22.7435329362679], [53.7646449229145, -22.7541967049744], [53.7978818293505, -22.7584876610503], [53.9033879291027, -22.7721078309577], [54.0389396334131, -22.8049948339213], [54.3533365323802, -22.8170701448097], [54.7679745124058, -22.8170701448097], [55.1826124933297, -22.7278629394531], [55.5143228778892, -22.7151142963925], [55.915139591854, -22.766101737921], [56.467990232487, -22.9444076668822], [56.6591566593935, -22.9978384361774], [57.2419811291935, -23.1606064891545], [57.6427978440567, -23.1606064891545], [58.0574358249806, -23.0461915325334], [58.363998727459, -22.9878142089647], [58.5514849515808, -22.971964291403], [58.7329820735675, -22.9964162731582], [58.928175583214, -23.0461915325334], [59.3289922980772, -23.2368288970081], [59.5342254655773, -23.3260831566042], [59.9636210948545, -23.4967008873673], [60.2867745071065, -23.6022109169784], [60.9632959631726, -23.8250421280744], [61.3182093706851, -23.8413224203683], [61.4608684655735, -23.8756068188975], [61.5351205650135, -23.9586906635148], [61.5704179857257, -24.0382937060782], [61.5789276195127, -24.1315192783829], [61.3769700940174, -24.4178988414374], [61.363618477967, -24.4968970171044], [61.464517033287, -24.8086828330652], [61.4969502080552, -24.856707277438], [61.5757748436825, -24.8827127127137], [61.8358951433143, -24.8827127127137], [61.9536001283679, -24.8623722670191], [62.1519413868722, -24.7823646171224], [62.7894755571622, -24.5738143182666], [62.9125583264272, -24.5773677504382], [63.1067863133316, -24.6362309143993], [63.1747293091727, -24.7071184880237], [63.1747293091727, -24.9077870192897], [63.0320889702092, -25.1877757083133], [63.0435837416178, -25.2709618566927], [63.2291743057929, -25.4721896806931], [63.3299742988582, -25.508033468535], [63.7828734797719, -25.508033468535], [64.0896198326043, -25.4289085146074], [64.2285218208349, -25.4109864690686], [64.6070857524492, -25.4289819164416], [64.7380785219641, -25.4762934038095], [64.8998775633687, -25.6384795403777], [64.9105393108447, -25.6690593030123], [64.8905053870089, -25.7087776359967], [64.6398039015715, -25.8319236125684], [64.3206279545131, -26.0164609823994], [64.2528030655723, -26.0556379084582], [64.013669517527, -26.248825045134], [64.0070501627783, -26.3155946050663], [64.1184898954936, -26.448705641838], [64.20702078285, -26.4811865777405], [64.5110369884474, -26.5006220128126], [64.5698761589586, -26.4877946136252], [64.7279360240784, -26.4333708894118], [64.8101100992095, -26.4050662640904], [64.9595638811253, -26.3880667097884], [65.3724889257194, -26.4464572038481], [65.4138055726715, -26.4865258701258], [65.4138055726715, -26.5867551615015], [65.3743378058978, -26.6389788854481], [65.1149003875788, -26.7281355679117], [65.0544476532728, -26.7489003638489], [65.0224400661503, -26.7722835406079], [64.8444184810821, -26.9022494718563], [64.7692227077243, -26.9571018300277], [64.7826040355528, -26.9816165849053], [64.8591345859468, -27.0071888153744], [64.937834407852, -27.0334798285153], [64.9914233782783, -27.0402987493779], [65.1361424026396, -27.008069287328], [65.2115992964876, -27.0207873329973], [65.3376006211438, -27.1890318518838], [65.3271410619803, -27.2448407840386], [65.1650193205728, -27.3888830098722], [65.130207537188, -27.4738515667354], [65.1367502566598, -27.5077079359593], [65.220305154672, -27.609560459893], [65.2975512015118, -27.9740157506483], [65.2754661489978, -28.0171226608092], [65.1373764039724, -28.0983630574637], [64.9162330693724, -28.1471218346944], [64.2555566318869, -28.333373536913], [64.1931534736394, -28.3806615367338], [64.0153799250993, -28.5955024442438], [63.9540495655068, -28.626765136912], [63.8658022295731, -28.6577445297825], [63.5617301451719, -28.6819983848296], [63.2882442517039, -28.718903933054], [63.151251086434, -28.7529006631987], [62.9812288911731, -28.8274034856024], [62.7324426399727, -29.020961357103], [62.4728451580396, -29.1034748990376], [62.353572358592, -29.1176046056579], [61.9031551347734, -29.1176046056579], [61.4055826323726, -29.020961357103], [60.9632959631726, -28.9967863936712], [60.6358753341321, -29.0473112309386], [60.5505545036799, -29.0742426662084], [60.4362496904857, -29.1441498718447], [60.3275088759729, -29.2865119018063], [59.9772139723391, -29.5103151160789], [59.6288202065787, -29.6007807820158], [59.3600067868733, -29.647515964445], [59.1112205356729, -29.671537142184], [58.6965767830733, -29.7675644592387], [58.5221736416139, -29.8684402916908], [58.4281791656651, -29.9539215741636], [58.3529477121225, -30.116744336723], [58.3401241500506, -30.1289452700095], [58.2939854876888, -30.1569828029181], [58.0055038617745, -30.1985467500911], [57.80591055658, -30.2847619507189], [57.6594249179573, -30.3229415964419], [57.4618470136455, -30.337152895213], [57.3484788917643, -30.3259700365013], [57.2380422529296, -30.2902165507889], [57.1556019755388, -30.2274565816706], [57.0652428198481, -30.0399022396321], [57.0670054761323, -29.9330323597383], [57.1485734408732, -29.7915569262113], [57.2315021906745, -29.6234890540296], [57.5079313593736, -29.1900275229583], [57.5206473284273, -29.1733744767793], [57.5235159294039, -29.1677155187709], [57.7237021586185, -28.8071998811458], [57.7651581118134, -28.5916186352716], [57.7567176105741, -28.4878105663424], [57.6953324600375, -28.2717801617646], [57.6572827369403, -28.1908613345654], [57.5169258372756, -28.0389306852536], [57.4102970069116, -27.959391527788], [57.1531647680196, -27.8195351158858], [57.0261110795845, -27.7791900121781], [56.7444155528035, -27.7145555906586], [56.3297775727779, -27.6900815892048], [56.3142734549662, -27.688417516371], [55.9181008818999, -27.6834296409779], [55.6538027226976, -27.6574217203866], [55.4986092729532, -27.5905800581206], [55.3764204989741, -27.5164595281232], [55.2704395542544, -27.4189429955343], [55.2435817472459, -27.3836946202404], [55.1801594907328, -27.3004142261369], [55.085954206238, -27.234122354302], [54.9845526850887, -27.2228517148104], [54.9217408823202, -27.2577552364377], [54.8779175377717, -27.3004142261369], [54.8425905561984, -27.4328792095106], [54.8491925348345, -27.5207380962418], [54.9930106001698, -27.7118876227106], [55.2538178298213, -27.9644754986267], [55.3801419344303, -28.0295408789528], [55.4899587662617, -28.0528029829999], [55.9127355645081, -28.098613334332], [56.2687581308851, -28.111698416896], [56.5209407828174, -28.1182403596277], [56.7582891610009, -28.1770998759498], [56.8875314284374, -28.2747061722179], [56.9258346363448, -28.3421510369355], [56.9578516872189, -28.4708916536052], [56.9578516872189, -28.5391673884529], [56.9363004441894, -28.6337876618824], [56.8621290763439, -28.7834112981462], [56.721203476629, -28.9003585727872], [56.513523645943, -29.0171742235766], [56.3280952258801, -29.1014590328968], [56.1129982583197, -29.1986250407354], [55.8237299229139, -29.3862182816051], [55.682804323199, -29.5218462137944], [55.5196273137592, -29.6315072986558], [55.3416160305707, -29.7281680533423], [55.1784390202327, -29.7796824279387], [54.9485077798219, -29.8504714340985], [54.7779136326094, -29.9019228497026], [54.5405652553242, -29.9661997702947], [54.1843801639494, -30.0222876264738], [54.1326227308266, -30.0304351425036], [54.0860015285284, -30.0403543072664], [53.6634928172072, -30.1302022988789], [53.2476352511142, -30.25317047866], [53.0264949941424, -30.3844106822545], [52.7224271426027, -30.6225779516774], [52.605642166249, -30.7398251347791], [52.4321805562255, -30.9313210585761], [52.1833977671321, -31.2272523731011], [51.9899000431801, -31.3925707198263], [51.6996534568028, -31.5575985012319], [51.4094068704256, -31.7693487460792], [51.1053390179877, -31.945437995579], [50.6215947076584, -32.203092700284], [49.9305314064179, -32.5299640487088], [49.5711784906353, -32.6813232952822], [49.2809319042581, -32.7743402038358], [48.8801151893949, -32.8788681296635], [48.5484048048354, -33.0296354945541], [48.2443369523975, -33.2610822885549], [48.0370179623847, -33.4919174774232], [47.8158777063112, -33.7336338659403], [47.5394523859947, -33.9402789760141], [47.1524569371922, -34.1464237241938], [46.8345678186935, -34.2378826208617], [46.8133171447716, -34.2444704079774], [46.4244200918701, -34.3649388135884], [46.3336100465855, -34.4267579654638], [46.1987895825944, -34.5458229344932], [46.136266805582, -34.6581070163629], [45.971352774183, -34.867485142032], [45.836975962958, -34.97273397543], [45.4567986454153, -35.174975862352], [45.3394862385139, -35.2583934835892], [45.2320872007102, -35.3835786540849], [45.1382140997327, -35.4585160403116], [44.8286116010651, -35.5593256952879], [44.7297996372157, -35.5766374951022], [44.580229898068, -35.5614297066654], [44.5321744671468, -35.5074263292854], [44.4962759693049, -35.3465400676702], [44.5102618597263, -35.2737823442952], [44.6088148788052, -35.1127048604237], [44.657105643178, -35.0627299758091], [44.9856900360758, -34.8348365536071], [45.2897621204771, -34.6985878895094], [45.6214771223771, -34.4026121303387], [45.7873346237763, -34.2199506891368], [45.9301031963483, -34.0426849886442], [46.0032782121694, -33.9731488610565], [46.1172437119179, -33.9129838912632], [46.3954787943755, -33.8304785214652], [46.4787784819137, -33.8074100480143], [46.7408917541904, -33.7119730241955], [47.1127395160246, -33.4833643468814], [47.3165713817501, -33.3394907799888], [47.5841242171768, -33.1156829437496], [47.936104876815, -32.6723601228417], [48.041165405898, -32.6049541992379], [48.745126724276, -32.371679035454], [49.5418555133495, -32.1611499115159], [49.7147994691906, -32.0838470929863], [50.0719867318761, -31.8565896162954], [50.2205658349796, -31.6670971587098], [50.2413631345675, -31.6267304641051], [50.2660317445335, -31.3848611216353], [50.2990573690114, -31.2644914771851], [50.370856512567, -31.1962751633994], [50.4815915950952, -31.1518031097109], [50.6354159737191, -31.1208232588078], [50.8703774958534, -31.0971561100262], [51.0348480514545, -31.0544495386511], [51.141090269378, -31.0051368098774], [51.298836742838, -30.9194646620803], [51.3794714819662, -30.8243007208303], [51.4094068704256, -30.7889473734867], [51.4370494025471, -30.6582526871975], [51.4370494025471, -30.5273810445953], [51.4179505925826, -30.4121526481245], [51.3837757039545, -30.338443252469], [51.2850154767773, -30.25317047866], [51.1583071914673, -30.1635783896721], [51.1428897961147, -30.0942391082109], [51.1606240822306, -30.0021338486407], [51.2711942107165, -29.8823686185979], [51.4094068704256, -29.7744567592934], [51.5614407970938, -29.690444823451], [51.7419015641782, -29.6074153131748], [51.8126055589945, -29.5594255645942], [51.8810394742569, -29.4626481297647], [51.9106827368741, -29.3806973480226], [51.9207937128764, -29.2572757448184], [51.9207937128764, -29.1003999121818], [51.8655086495318, -28.8706893664873], [51.7549385210458, -28.6768540820091], [51.6720109246814, -28.5676637234643], [51.5747435681489, -28.4750789306999], [51.4858931949616, -28.4669430277691], [51.4228150318299, -28.4820650889398], [51.3841613111801, -28.5050188925586], [51.2807463151362, -28.6261206396905], [51.2448693876409, -28.709660944556], [51.2435516785951, -28.7212174701377], [51.2435516785951, -28.8470729139506], [51.2581736723573, -28.9017817198212], [51.3208960442461, -29.0350494726051], [51.3297906806924, -29.125220736171], [51.298836742838, -29.2693331757318], [51.1329815501091, -29.4018709850639], [50.9809476243393, -29.474091642376], [50.745986102205, -29.5823262042652], [50.5811525886016, -29.6873925635117], [50.4987807457674, -29.7738233843654], [50.441918249767, -29.8583982781694], [50.3037055891596, -30.1097991257743], [50.2874205802445, -30.2633912549862], [50.3014391405961, -30.3027346243261], [50.359989125451, -30.3772016157728], [50.483382047051, -30.4320907744229], [50.5483996935424, -30.5193245858039], [50.5601753546656, -30.5903082869516], [50.5287735931674, -30.6443562410202], [50.4328088180514, -30.6896933846463], [50.2622417909774, -30.7414425352421], [50.0411015349039, -30.8008199186377], [49.8476038109518, -30.9431759850535], [49.7784974806481, -31.0734830622979], [49.6955698842837, -31.2627021509174], [49.5988210227568, -31.4869079438785], [49.5703247722135, -31.5342241685421], [49.5156480183349, -31.5808150598487], [49.4329658300279, -31.6282355311835], [49.331549661848, -31.6714018511622], [49.2394681060759, -31.7105776595998], [49.0045065839416, -31.7693487460792], [48.7280812636251, -31.8515655778044], [48.3549070808834, -32.0040596165628], [47.9817328981417, -32.1680007460768], [47.5877368271262, -32.2791041990534], [47.5547976106972, -32.2927180870188], [47.3728714757888, -32.4079853478944], [47.3326678208124, -32.4428380336718], [47.1267228911632, -32.7184539791441], [47.11099313901, -32.7394702372719], [46.917495415058, -33.006457259799], [46.8258617799478, -33.0732535129619], [46.6330552718776, -33.2136340893508], [46.5671581765197, -33.2358774061974], [46.4512036594085, -33.2284165629657], [46.4220258750254, -33.2000998596122], [46.4268741760386, -33.139225511872], [46.4271186148139, -33.1361552664057], [46.4337511047287, -33.0528076348817], [46.5304999671539, -32.8788681296635], [46.6333480382186, -32.7059521832141], [46.6442650455759, -32.6048471597206], [46.6804059088814, -32.4677385677128], [46.7200831654744, -32.3733492514116], [46.9206942133768, -32.1613120220895], [47.0865517147759, -31.9973565998538], [47.2621282760836, -31.7417418587371], [47.2854261287913, -31.6858879797676], [47.3353379659764, -31.4094100737063], [47.3851408357209, -31.2959949485853], [47.4261235303729, -31.2376110275452], [47.4605917252295, -31.2023828627987], [47.6946958853751, -31.102210268775], [48.1093396370764, -30.9600891672843], [48.5079849172853, -30.8796203405745], [48.6593014017569, -30.8056675448463], [48.9939129754765, -30.5562643899208], [49.0826473016004, -30.422852658606], [49.1044846427765, -30.2940660543194], [49.0899576665168, -30.2438800795523], [49.0658922617892, -30.2181951496444], [48.9659738349195, -30.1927974574757], [48.8737813264301, -30.2047495559176], [48.7004387315036, -30.288980692759], [48.5539985090068, -30.3816668676057], [48.3901871299747, -30.4235868148016], [48.1337668248099, -30.4320907744229], [47.9833162731531, -30.4077646801482], [47.9019039729762, -30.3708955626273], [47.8573415044934, -30.2651086681473], [47.8573415044934, -30.0739237094546], [47.8711627705541, -29.9183133256778], [47.9402691008578, -29.7984472411102], [47.9681613394755, -29.7816890174397], [48.1199455587491, -29.690444823451], [48.169127278509, -29.6306122327714], [48.1675400631998, -29.5823126993588], [48.1031329126737, -29.510272223248], [48.0374905426995, -29.4981537735091], [47.9038994393444, -29.4981537735091], [47.8014704377495, -29.5184844820766], [47.5947374502376, -29.6183786395881], [47.543325278306, -29.6690196435755], [47.3874184602248, -29.8224319717709], [47.2906695977997, -30.0380352806215], [47.2630270656782, -30.3009145272005], [47.2353845335567, -30.5392857673487], [47.2353845335567, -30.7651978852342], [47.11099313901, -30.9431759850535], [46.9589592132402, -31.0853203232736], [46.8760316168757, -31.2272523731011], [46.8345678186935, -31.4751209850489], [46.7516402232274, -31.6400031609652], [46.5857850304985, -31.8867789515913], [46.3508235083642, -32.1094841081714], [46.2402533807766, -32.3550013731941], [46.1435045183514, -32.5765633615013], [46.1020407201692, -32.7510950767629], [45.9776493265208, -32.9368860116594], [45.8532579319742, -33.0296354945541], [45.6557717285849, -33.2042306018419], [45.638534398569, -33.2305999049561], [45.5215475474147, -33.4573312734397], [45.314228557402, -34.0205059152041], [45.0792670352677, -34.2493080071224], [45.0258248064396, -34.2904265536347], [44.6231652561615, -34.5002736677966], [44.3052761376628, -34.6595870594081], [44.1117784137108, -34.8753090337732], [44.0288508173463, -35.0791564373855], [43.9182806897587, -35.2260636728512], [43.8140608732888, -35.3394980427585], [43.793889295212, -35.3614347215076], [43.7653404510038, -35.3780630686614], [43.6971404336852, -35.4177724705762], [43.5865703051993, -35.4740708536057], [43.4672048256654, -35.4935102326443], [43.3950783728512, -35.4683388590771], [43.3792513151865, -35.430831557786], [43.3792513151865, -35.2824957900039], [43.4898214427741, -35.1356906077696], [43.6694979015637, -34.9546433108124], [43.8215318273336, -34.7618414327689], [43.8621055136468, -34.7025624561077], [43.9459232218802, -34.5799685341292], [43.9599514229515, -34.5478792676996], [44.0703146155285, -34.2949940395527], [44.0841358815893, -34.0205059152041], [44.1394209458323, -33.7566190973131], [44.2776336064397, -33.526489873242], [44.4296675322095, -33.3650339379144], [44.5540589267562, -33.122287467457], [44.7890204488904, -32.8324264619482], [45.010160704964, -32.494998690991], [45.1621946307338, -32.144598596573], [45.1898371628553, -31.8398247971213], [45.203658428916, -31.4515426136755], [45.203658428916, -31.2478725389001], [45.2330733945852, -31.011818303539], [45.3695136216449, -30.6701413412309], [45.4386199510503, -30.1456615194617], [45.6106938948269, -29.7901913229874], [45.620230777294, -29.7156743159746], [45.6321176759007, -29.3536953566868], [45.5768326116577, -28.9311889545017], [45.6141868312141, -28.6758746809965], [45.6609521681996, -28.434892305977], [45.8947217301564, -28.0688099689461], [46.1889615579403, -27.4086671966739], [46.2017423090007, -27.3642195380296], [46.3231809762428, -26.9410039706662], [46.3231809762428, -26.570761120025], [46.364644774425, -25.8888732861899], [46.364644774425, -25.4903108201338], [46.3231809762428, -24.9401250264686], [46.2264321147159, -24.5887193311121], [46.0843938293507, -24.2504674367813], [45.9177720296297, -24.0759226744475], [45.620979009247, -23.8806734806181], [45.4204656890644, -23.7485960539648], [45.2482564491245, -23.6824777302241], [44.9818044882987, -23.6243665243757], [44.7751991828297, -23.5792896784455], [44.565891947107, -23.547313849059], [44.4916186043071, -23.5168877473861], [44.3998215431888, -23.4274239870039], [44.3605612019058, -23.3715751709148], [44.3605612019058, -23.2609436761084], [44.5502873895616, -23.102391064463], [44.7111754072158, -23.0075543524975], [44.9027612853762, -22.9369975853118]]]}, "properties": {"OBJECTID": 213, "id": null, "Name": "The Shadow Lands", "type": "Desert Mountain", "continent": "Essos", "size": null, "Symbol": 1, "Shape__Area": 1905781338071.8262, "Shape__Length": 13784437.55817005}}, {"type": "Feature", "id": 215, "geometry": {"type": "Polygon", "coordinates": [[[59.1485347676227, -22.3665341663771], [59.8822207638304, -22.4456687729433], [60.5914505603143, -22.4795697979655], [61.3251365565221, -22.5586399014506], [61.5085580557985, -22.6489502532464], [61.7898043539705, -22.7730300287], [62.0465944524187, -22.9533083854252], [62.1444192522125, -23.2794504046861], [61.9243134537993, -23.4590503032634], [61.4107332560048, -23.4590503032634], [60.6648191594859, -23.4253938631961], [60.2857480615201, -23.3468288667073], [60.0778703625198, -23.2345124757387], [59.7966240643477, -23.1108551935367], [59.3930967666581, -22.9645678315216], [59.0873942678639, -22.8068504279029], [58.8672884694507, -22.6263782230452], [58.8795165688635, -22.4682703783792], [59.1485347676227, -22.3665341663771]]]}, "properties": {"OBJECTID": 215, "id": null, "Name": null, "type": "Steep Hills", "continent": "Essos", "size": null, "Symbol": null, "Shape__Area": 31345189100.245117, "Shape__Length": 827674.4438599428}}, {"type": "Feature", "id": 216, "geometry": {"type": "Polygon", "coordinates": [[[52.5452072185857, -15.6534877156815], [52.8437426777688, -15.7971686140979], [52.9305272024837, -15.8192132085324], [53.2742789761157, -15.8853489242994], [53.6863012425953, -15.8853489242994], [54.0571212823371, -15.9249737898909], [54.4788834155038, -16.0040948880615], [54.6202183801886, -16.0306018307079], [55.0871769489853, -15.9777947794474], [55.554135517782, -15.9645908370292], [55.8720324435388, -16.0389209686572], [56.0622963133164, -16.0833949016418], [56.6940637881659, -16.1889389381552], [57.0043053079024, -16.160288814236], [57.1374108053711, -16.1975737347061], [57.5521702645726, -16.2387724399924], [57.8811174214366, -16.2799625196213], [58.3101789313271, -16.3485934291134], [58.4818035351036, -16.5269207504329], [58.5104076355833, -16.7735635364043], [58.4818035351036, -16.9104494725174], [58.4675014853129, -16.9788552245135], [58.3673871331848, -17.3614642977255], [58.4531994346239, -17.5933747366942], [58.7561428649224, -17.8098245558461], [58.9823752966425, -18.0698976016075], [59.4257388563237, -18.3008880815579], [59.9406126685515, -18.5180099669329], [60.3124659765843, -18.6535715521079], [60.5412987813202, -18.8025643125355], [60.684319284617, -18.9514252749093], [60.7090489342083, -19.0052116641667], [60.7135918403643, -19.0610407644951], [60.6776990243666, -19.3322166259617], [60.8033238812568, -19.5522162625645], [60.928948738147, -19.8732144965751], [60.9346809679251, -20.0702324867501], [60.8751095141505, -20.2272468959314], [60.6418062083689, -20.2777575743133], [60.3008244536958, -20.2777575743133], [59.8521642501314, -20.1935639905373], [59.5762831301124, -20.1421901363053], [59.4214504545658, -20.075616521089], [59.3137720056744, -19.8900912460761], [59.0804686998928, -19.5691269382026], [58.86511180211, -19.3322166259617], [58.4343980074427, -18.9931771854705], [58.2861023856934, -18.868110889706], [58.0207567836833, -18.7548372259734], [57.8065239082897, -18.6913219848504], [57.669183152497, -18.6262608833442], [57.39450164181, -18.4700127487402], [57.2434268104381, -18.3657681216101], [57.0236816011699, -18.104881580577], [56.6665956370074, -17.882822013684], [56.3766546224555, -17.8063173238888], [56.0897644644749, -17.7651483135534], [55.677742197097, -17.6735707332346], [55.2931880817759, -17.6212197242375], [55.1009110245646, -17.5557595951495], [54.6751546825057, -17.2805694842146], [54.4549978355299, -17.1788224193128], [54.2808394319849, -17.1684228285233], [54.1257916602334, -17.0837526644592], [53.9759874688815, -16.9860946758406], [53.8532699761706, -16.9274034925911], [53.7627656706963, -16.8735738441317], [53.6607643435335, -16.8128876716079], [53.3069702072206, -16.723218303285], [53.1508845588208, -16.7082693017694], [52.812698988336, -16.7680582734064], [52.5213391117423, -16.8527271314058], [52.3236306238292, -16.9373581057725], [52.1467335552236, -17.0468240329895], [51.9803956815229, -17.1597055630796], [51.8444000244091, -17.2646289491889], [51.7240961737126, -17.3645005010558], [51.6399239857765, -17.4902757969456], [51.6261899101973, -17.6212197242375], [51.6461012157935, -17.7729719981689], [51.6536580613558, -17.83053218573], [51.6948602871953, -17.9612278811645], [51.7772647406709, -18.1962363614143], [51.887137345305, -18.3788021518891], [52.0794144034147, -18.5611748716209], [52.2442233094676, -18.7823655363078], [52.5326388966321, -19.0292352900185], [52.8073204073191, -19.1849645440752], [53.1369382203231, -19.2238739072478], [53.4665560333271, -19.2238739072478], [53.7824397716502, -19.2368416487052], [54.0296531311786, -19.3146265708219], [54.1807279625505, -19.4053288811372], [54.3043346427639, -19.6383307930891], [54.3730050197619, -19.9226520644736], [54.4279413220789, -20.1935735529484], [54.5296411180385, -20.2798938927159], [54.6614206069264, -20.322418790204], [54.8811658152963, -20.322418790204], [55.073442873406, -20.322418790204], [55.3893266108308, -20.3610514792077], [55.609071820099, -20.5026218688128], [55.8425511040482, -20.772529100193], [56.1309666903144, -20.8752245461703], [56.5155208065338, -20.9906730570953], [56.9275430730134, -21.0419549036978], [57.4357038685478, -21.0675892098619], [57.8202579838689, -21.0675892098619], [58.20481209919, -21.0163161846506], [58.4657595342977, -20.888056550284], [58.7890722034765, -20.613202523574], [58.9189840275151, -20.5026218688128], [59.0703360430511, -20.3749805199431], [59.2318173790858, -20.3042224444122], [59.6009145363509, -20.361905471713], [60.1751995968056, -20.4460075278068], [60.5341277594775, -20.6308699179657], [60.6418062083689, -20.8658247273923], [60.7256966846319, -20.9575396381233], [60.9468951461459, -21.0669228379888], [61.090466411035, -21.2342972762848], [61.090466411035, -21.4516001619822], [61.1981448599264, -21.6018513580941], [61.2340376768224, -21.7186056922524], [61.3417161248155, -21.8186054851884], [61.431448165708, -21.9351836413761], [61.4493945737069, -22.0682989258669], [61.3955553497104, -22.1846720656654], [61.2560113544108, -22.3070317190367], [61.1172588575217, -22.3212941792613], [60.8726968584863, -22.2986686828095], [60.6281348603493, -22.1854862882278], [60.5425381608666, -22.1515137593167], [60.4502506142133, -22.1549327498281], [60.4232396237877, -22.155933414426], [60.2368356620724, -22.1628388477763], [60.0045017633481, -22.2081300787067], [59.8577645641066, -22.2194506047008], [59.6743430648301, -22.2194506047008], [59.5153777661758, -22.1741630236483], [59.4094009007056, -22.1439631942724], [59.3564124666231, -22.1288608494395], [59.1790189027532, -22.0795542576615], [59.1118504675878, -22.0608802760957], [58.8183760691047, -22.004204812751], [58.4882173705866, -22.0495469984657], [58.3170239716212, -22.1515137593167], [58.2065129190433, -22.2197333587645], [58.1127208883253, -22.3065335281498], [57.9330444304339, -22.549274057039], [57.6842616422389, -22.8170701448097], [57.4934064456458, -22.9345824580563], [57.2907448915978, -22.9729077129751], [56.965555808877, -22.8807538345416], [56.5785603609729, -22.651353277733], [56.0948160506436, -22.4726650329662], [55.8319471200415, -22.3804972113055], [55.5300719968216, -22.3321051289854], [55.2655400887959, -22.3321051289854], [54.8785446408917, -22.3448891710791], [54.3597865744608, -22.4834306584312], [54.155494865633, -22.4876253401524], [53.8695922211526, -22.421568790413], [53.3029203144589, -22.1786053620494], [53.0403162602031, -21.9608602917242], [52.9873406989786, -21.7804587179915], [52.9988524629192, -21.2798749907006], [52.9586644691715, -21.1332604533898], [52.8468185362511, -20.9962669861932], [52.6862402828597, -20.9459093365942], [52.5151081516916, -20.93173512586], [52.2248615653144, -20.9575512114205], [51.9207937128764, -20.9833628424896], [51.7549385210458, -20.9704575840459], [51.6191802491358, -20.952188910676], [51.4785132007293, -20.9059145902814], [51.3403005401219, -20.7638223016842], [51.1567993863309, -20.6264939113131], [51.0230189405717, -20.5503672302899], [50.7874498994889, -20.4662889902112], [50.4004544515848, -20.4662889902112], [50.0963865991469, -20.518075610526], [49.8061400127696, -20.699190644087], [49.689113294383, -20.8157029171052], [49.6227119081808, -20.9025719966333], [49.5297146924531, -21.0091700145985], [49.4487615625404, -21.0847224690398], [49.3349725691689, -21.2082802554703], [49.2256468400151, -21.357128164959], [49.1800360016631, -21.4968825170797], [49.1446219293214, -21.6615419419041], [49.0779091798551, -21.7657869644009], [48.9094549454136, -21.8868542489386], [48.8723016861728, -21.913542320689], [48.7647658241715, -21.9667410092176], [48.5998775007593, -21.9800375714063], [48.4493272935982, -21.9467938326434], [48.4097799235139, -21.9163926352996], [48.3079644649699, -21.8629937797501], [48.1617325842453, -21.7686547918559], [48.068727998739, -21.7346252990848], [47.8121674485921, -21.6821111934126], [47.5465619046814, -21.6574277392031], [47.2492057996174, -21.7042619633296], [46.8069252874703, -21.9223999246106], [46.5574115113825, -21.9566878706827], [46.4067531210101, -21.9455089792764], [46.3231809762428, -21.8582762246816], [46.2842719247448, -21.6685638040921], [46.2842719247448, -21.5404153869501], [46.2968017332272, -21.5035041094376], [46.3508235083642, -21.3442554596043], [46.3719141833509, -21.2965406688098], [46.4475723707894, -21.1252469890157], [46.4475723707894, -20.8800896091626], [46.4475723707894, -20.6345314267439], [46.4493631155959, -20.606039081492], [46.4755014385371, -20.4285571771469], [46.4984939332185, -20.3797108001504], [46.6127322782682, -20.2725860383323], [46.6951695633708, -20.2460013360349], [46.8898528829365, -20.2460013360349], [47.2906695977997, -20.2460013360349], [47.6914863117645, -20.1811511884615], [47.9540903660203, -20.0643529549875], [48.520762272714, -19.9084866751672], [49.0874341794077, -19.843496966991], [49.4191445639672, -19.7524666806561], [49.7232124164052, -19.6093141793302], [49.8585668902051, -19.5425123536765], [50.0163101791374, -19.4415067551115], [50.0982105214317, -19.371175695327], [50.1197176940116, -19.2832302179552], [50.1268867512389, -19.1952374864375], [50.1412248665916, -19.0868741397848], [50.0767033488518, -18.9309775922959], [49.9118150254396, -18.7545714137724], [49.7488564494461, -18.5948689858605], [49.7372664548206, -18.5198887525756], [49.782303260723, -18.4497169769797], [49.8257863360183, -18.4148111761451], [49.9261531407923, -18.3467781328166], [50.0695342907263, -18.2923323984025], [50.2917750737527, -18.2242511766602], [50.4208181092322, -18.169767009569], [50.5713683172917, -18.1016378869594], [50.7219185244528, -18.0062126285859], [50.8222853301253, -17.8970919155455], [50.8222853301253, -17.8288573456486], [50.8065549213036, -17.7456153150397], [50.7577638123855, -17.6991397036532], [50.6932422946457, -17.6718187556965], [50.6215517196787, -17.6718187556965], [50.4494943390394, -17.6991397036532], [50.3634656487197, -17.7332850430421], [50.1985773262058, -17.7879040481578], [50.0695342907263, -17.8152072910928], [49.8114482206655, -17.9243784040252], [49.6065523552833, -17.9690816981113], [49.4692747285972, -18.0188200810243], [49.3776807657849, -18.0658174836978], [49.1703617757722, -18.1577725969425], [48.9492215196986, -18.2496793349934], [48.6589749333214, -18.2496793349934], [48.3825496130049, -18.1971671348738], [48.1061242926884, -18.0920952974497], [47.9391802448171, -18.0028094333704], [47.8246945396708, -17.989743271974], [47.7516061016801, -18.0090520144107], [47.7185328898484, -18.0405020858449], [47.7109143695519, -18.0948235165142], [47.7395905993591, -18.203821610194], [47.8399574050315, -18.3603868885555], [48.0335219573524, -18.4964153323658], [48.2701008557316, -18.6119546616403], [48.4636654080526, -18.68667364662], [48.635722788692, -18.7409940428888], [48.7835541584074, -18.7943164512324], [48.9108990321486, -18.8946264011824], [48.9413754273946, -18.9682289267713], [48.9273254700255, -19.0722781231549], [48.8939364554557, -19.1921482031054], [48.7398055429108, -19.2960899837667], [48.65336804278, -19.329460929272], [48.3410858148227, -19.3747898880049], [47.9178248560792, -19.3747898880049], [47.8529852889147, -19.3859108933967], [47.5344505215769, -19.4965745982238], [47.4137591331753, -19.5317856353493], [47.2841780930789, -19.5501032636091], [47.009511179117, -19.5242179720567], [46.9255547817835, -19.4706807189085], [46.8483890847543, -19.2834945077488], [46.8359547321523, -19.0838487783154], [46.8439443231364, -18.964755881077], [46.8387137215961, -18.7964842111267], [46.8649597399635, -18.6518367923787], [46.8910197432866, -18.4842426372561], [46.9106457313721, -18.3409589528509], [46.858964759253, -18.1937295846956], [46.7512863103616, -18.023154445047], [46.5897686374737, -17.7669820590347], [46.5718222294749, -17.5446685318598], [46.6256614534714, -17.2878138227793], [46.7333399023628, -17.0820714411088], [46.9128039841479, -16.9447834376826], [47.0392792042524, -16.8842815009416], [47.1281608810324, -16.8417515740687], [47.3337998202412, -16.7802357154742], [47.7695678439208, -16.7461744896303], [47.9580625913408, -16.6742940764939], [48.1128170523722, -16.5543411581798], [48.2771293257185, -16.4235976268444], [48.4417642092362, -16.1975737347061], [48.6276908637017, -15.7162913440595], [48.7421072665189, -15.3580273696618], [48.8565236684377, -14.9853318349721], [48.9137318702954, -14.819479841666], [49.0349502293073, -14.6300966236798], [49.1192562796954, -14.5434881496941], [49.3180191633767, -14.3611452368307], [49.3790264348941, -14.2813179193223], [49.4435536156134, -14.1938668962145], [49.4406313223323, -14.0820535533399], [49.3278610292727, -13.9726460738137], [49.2038137074462, -13.934341150595], [49.0459352966238, -13.9288684993199], [48.8936954015323, -13.9890605208844], [48.7019859026124, -14.0820535533399], [48.5441074926883, -14.1914086514988], [48.4200601699635, -14.2679258541674], [48.3298439362345, -14.3334913557122], [48.2509047303741, -14.3935762315229], [48.1550499818125, -14.5027799991538], [48.0591952323525, -14.6282977838669], [48.0084486006553, -14.7482911615953], [47.9689789977252, -14.8518686162172], [47.8674857343309, -14.9445011224511], [47.7772694997035, -15.0044185254743], [47.6814147511419, -15.053429369293], [47.5517289135844, -15.096985101059], [47.4107660472599, -15.1242029002207], [47.2698031809355, -15.1350890422111], [47.1006477413461, -15.1568596467132], [46.9766004186212, -15.1623019480793], [46.8694686403943, -15.1623019480793], [46.8236402067243, -15.1549296379442], [46.7378189571667, -15.1256911730422], [46.4709300827361, -14.9916747417861], [46.3707149405314, -14.8979728241756], [46.3231809762428, -14.7785058805686], [46.3370022423035, -14.551198813829], [46.4061085726072, -14.2834789946919], [46.4203363460969, -14.225562165525], [46.4929320958835, -14.1039819720426], [46.6294896330378, -13.965561117108], [46.7949433515982, -13.8715585702771], [46.9466595558285, -13.8250408088999], [47.2247672796367, -13.7525828413912], [47.455579957784, -13.722026006627], [47.752630528752, -13.606568826322], [48.1843273040206, -13.4047373105533], [48.3681122670509, -13.3045327528596], [48.5177370271114, -13.197833099874], [48.6851162970598, -13.0144364476584], [48.7421072665189, -12.7639270081627], [48.7064490491509, -12.6735974449536], [48.6458955148869, -12.5977971985308], [48.4124162309377, -12.530771305035], [48.1102665690922, -12.5575837590901], [47.8767872842448, -12.6246026555967], [47.5471694712407, -12.7050021532047], [47.3411583375518, -12.7585877012863], [47.0939449780233, -12.8389447367295], [46.9320554906427, -12.913212338016], [46.7522624637668, -12.9921074778339], [46.5308478801718, -13.0263443706425], [46.3248367473812, -12.9861991700125], [46.0089530090581, -12.946047482399], [45.8030544863765, -13.0144364476584], [45.6381329693163, -13.106615233713], [45.4733240632634, -13.3739948993385], [45.379375708618, -13.5743811545645], [45.3222492318915, -13.907859762045], [45.2535788539952, -14.0677815534832], [45.1986425516781, -14.2808365346871], [45.1574403249404, -14.6664832870075], [45.0613017958855, -14.8524158650743], [44.9376951165705, -14.9983936845271], [44.8458542841417, -15.0239441126918], [44.7454180584608, -15.024924433651], [44.6313995940431, -14.958260526259], [44.5256728500909, -14.8524158650743], [44.4158002454567, -14.5601650207228], [44.429534321036, -14.1876496086331], [44.429534321036, -13.7478273653091], [44.4432683966153, -13.3339067066454], [44.4570024721945, -12.8791136348435], [44.5005728457692, -12.4401492791084], [44.4844706233531, -12.0208111440931], [44.4844706233531, -11.7654655211838], [44.5790935723527, -11.5937692799076], [44.6767476805644, -11.4560459671075], [44.8563154881205, -11.3220724339765], [45.0613017958855, -11.2136546271457], [45.3359833074708, -11.1462874115903], [45.6518670448955, -10.94409246183], [45.9265485564808, -10.8227090631623], [46.2561663694849, -10.7957282772303], [46.489645653434, -10.94409246183], [46.5876448162245, -11.1117144183682], [46.6819227115437, -11.2136546271457], [46.8334831191576, -11.2656499709269], [46.9978064489685, -11.2810061420582], [47.1900835070782, -11.2675370991726], [47.299956110814, -11.1732361760587], [47.354892413131, -10.9306078625272], [47.3251597259222, -10.7727716338599], [47.304055076743, -10.648113654697], [47.288934600643, -10.5366425223571], [47.2656010300213, -10.3817579460718], [47.2714344226767, -10.2325372900864], [47.288934600643, -10.0832464487621], [47.3589353143049, -9.93963228623267], [47.4506941781589, -9.81555188937907], [47.5037413818239, -9.76304523888886], [47.6570420758748, -9.68749643524161], [48.0278621156166, -9.61979847147484], [48.426150306517, -9.57917317843137], [48.6321614393076, -9.57917317843137], [48.96177925321, -9.63333915198402], [49.1731204732636, -9.72121818188394], [49.346333368531, -9.83638377141939], [49.4097214091133, -9.89883406922411], [49.6689874252829, -10.3269835672706], [49.7308874838521, -10.4852765456875], [49.9368986166428, -10.8092189734205], [50.1017075235939, -11.2675370991726], [50.1703779014902, -11.469506103102], [50.1703779014902, -11.6309774902395], [50.2115801282281, -11.8326849371356], [50.4038571854394, -12.101396537036], [50.7746772260796, -12.3161717377748], [51.0630928123458, -12.530771305035], [51.296572096295, -12.8523350836159], [51.4888491544046, -13.1467408588869], [51.6811262125143, -13.3339067066454], [51.9957677155468, -13.5743403043727], [52.0747204114077, -13.6848305414732], [52.1206166301525, -13.9745073506922], [52.0656803278354, -14.2409039896573], [51.9621300185602, -14.4415507713481], [51.9433665730475, -14.5738968406906], [51.9970099499391, -14.8125865662275], [52.216755158309, -15.1972937000746], [52.3925724007391, -15.5064612821232], [52.5452072185857, -15.6534877156815]]]}, "properties": {"OBJECTID": 216, "id": null, "Name": "Mountains of the Morn", "type": "Steep Hills", "continent": "Essos", "size": null, "Symbol": 1, "Shape__Area": 1066972928867.6455, "Shape__Length": 11829712.208350671}}, {"type": "Feature", "id": 219, "geometry": {"type": "Polygon", "coordinates": [[[19.662232501267, 3.02672335692463], [19.6749528244549, 2.99350072245648], [19.6781757596071, 2.98883383404593], [19.7092599316181, 2.94382217507103], [19.7658666601892, 2.86501719305505], [19.8533497849376, 2.76050659176578], [19.9202486446695, 2.6474192050866], [19.9494096862523, 2.57887634266124], [19.966563240283, 2.50861607727175], [19.9717093067617, 2.44006583822486], [19.966563240283, 2.35951484778537], [19.9602966171155, 2.34573989792765], [19.940832909686, 2.30295497191568], [19.9202176644703, 2.2390979117296], [19.9065258016245, 2.19668493336721], [19.9032111673464, 2.18211118969006], [19.8979490250583, 2.15897437409315], [19.9032111673464, 2.14536431778928], [19.9095591904551, 2.1289455678695], [19.9773067820606, 2.05447287892386], [20.0409626733111, 1.99459885056839], [20.103269326446, 1.93599179248342], [20.1295220022278, 1.88468863615151], [20.1403171333539, 1.83231403034765], [20.103269326446, 1.66937983718245], [20.0589862960002, 1.51444909723985], [20.0626231415977, 1.46289221087717], [20.126091291242, 1.10790356704899], [20.1731184404204, 0.966745310418252], [20.2366414322129, 0.839715138918656], [20.251460554976, 0.669310064679356], [20.2218223094497, 0.491489785880869], [20.1847745016434, 0.37294019716981], [20.1551362561171, 0.254389011822947], [20.1506455878932, 0.164576262221498], [20.1477266947355, 0.106198558281705], [20.2070031857882, -0.0271734856586804], [20.2588701163576, -0.130907233025454], [20.3626039765982, -0.197593007682934], [20.4394971957371, -0.263500943907137], [20.4663378359405, -0.286506942809454], [20.5272608966881, -0.352505895075538], [20.5552525734178, -0.403822848989849], [20.5552525734178, -0.486560446837494], [20.5182047665099, -0.560652962357553], [20.4441091517957, -0.66438088085079], [20.3403752915551, -0.753288804213279], [20.3260342045754, -0.770018594446787], [20.251460554976, -0.827377364712268], [20.2218223094497, -0.894055888980541], [20.192184063025, -0.975550210431467], [20.1699553788802, -1.09408383691043], [20.1995936244066, -1.34595161271698], [20.2292318708313, -1.4200256372967], [20.2810988005024, -1.52372525678384], [20.3107370460288, -1.59038668242419], [20.325556168792, -1.65704595566449], [20.3033274846472, -1.75332758792892], [20.2921329562576, -1.78316544847937], [20.2810988005024, -1.81257537836319], [20.2230101966657, -1.90933864533498], [20.2144127471698, -1.92365971099211], [20.2096363868378, -1.93607120401211], [20.1892896184161, -1.98894177207254], [20.1773649402618, -2.01992696362205], [20.1847745016434, -2.12359300142718], [20.1892896184161, -2.24992417280553], [20.192184063025, -2.33090387639451], [20.1995936244066, -2.43454803516949], [20.1773649402618, -2.53078190919354], [20.1180884492092, -2.61960684413455], [20.0291737117318, -2.71582674099251], [19.8937433931724, -2.79929335910726], [19.8809824832017, -2.8120389725685], [19.6661052013389, -3.01183871348313], [19.4660470431377, -3.27078347065651], [19.3549036215156, -3.47789138802791], [19.3252653759892, -3.69974217934028], [19.3252653759892, -3.74634115188292], [19.3252653759892, -3.8979268549546], [19.3252653759892, -3.93632173364224], [19.3623131828971, -4.12849332539852], [19.5179139728089, -4.30584125342069], [19.7031530091452, -4.46098685046757], [19.7772486229611, -4.55701301307813], [19.7994773071059, -4.75641067995795], [19.7772486229611, -4.86716237293983], [19.7179721319084, -5.08861066761048], [19.688333886382, -5.30998277411307], [19.72538169329, -5.59027294598845], [19.7798177867074, -5.80408376770585], [19.8404802803271, -6.00019166121962], [19.8809824832017, -6.13571019490697], [19.9032111673464, -6.25357093310695], [19.9180302901096, -6.43031208330314], [19.9032111673464, -6.62171229598394], [19.8513442376753, -6.85717971094557], [19.8157462496522, -7.04092937377307], [19.8142964307674, -7.04841152087058], [19.8070859010184, -7.06487011649283], [19.6151412528015, -6.94763237186898], [19.1824333158828, -6.67421627901189], [18.769393921143, -6.3224576955149], [18.4743657821714, -6.12693196095407], [18.0613263874316, -5.99002117911706], [17.597540157077, -5.83946801394326], [17.0778992578259, -5.89220669695743], [16.5271800651389, -5.93133457418255], [16.0944721282201, -5.91177098187647], [15.7404383609153, -5.81394268701544], [15.4060731366876, -5.55951021662953], [15.2683933387405, -5.3245517071076], [14.9930337428461, -5.14827365621353], [14.7176741460535, -5.10909406020693], [14.4226460070819, -5.10909406020693], [13.8915953574721, -5.30496772175168], [13.6359043037567, -5.4224622281319], [13.360544706964, -5.44204243549483], [13.2031963659396, -5.36371780221864], [13.1441907385046, -5.12868415923248], [13.1441907385046, -4.93275649666789], [13.2425334511957, -4.77597261249301], [13.2622019942729, -4.59954794385922], [13.1835278237608, -4.44268926679131], [13.037867548238, -4.30589647465873], [13.0852456045192, -4.21974020824984], [13.0852456045192, -4.08867611243317], [13.0195409157187, -3.95759058298989], [12.9758980247445, -3.91927553632629], [12.9234277236465, -3.8489305200968], [12.6351710206079, -3.62766653078652], [12.5100848339862, -3.48344859307586], [12.242502972196, -3.08273536959296], [12.0923668740078, -2.70105815267125], [12.0129227368044, -2.62443629187457], [11.7420374005069, -2.47682707926368], [11.5427964873303, -2.29020040802122], [11.4961592213583, -2.22695614821767], [11.4771930638152, -2.09428746037011], [11.4911912620543, -1.97837565459531], [11.6055467905362, -1.6735827870362], [11.7572030241364, -1.27940827599534], [11.7473808978204, -0.827668043590802], [11.7424057996049, -0.598831392921689], [11.7420374005069, -0.581885934930906], [11.8481967641168, -0.248251446675944], [11.9224600017681, -0.0997256977697678], [11.9498306201413, 0.0387373769027177], [11.9240248813661, 0.464526985456401], [11.7420374005069, 1.26820654522135], [11.7572030241364, 1.63206432292615], [11.7723686468676, 1.95038638213494], [11.8026998941266, 3.05640308189453], [11.8785280104776, 3.37437939252047], [11.9061554580888, 3.71906051826856], [11.9333892037554, 3.79929190866933], [12.0605154913368, 4.04026665060677], [12.2728342185567, 4.31252272896455], [12.5609810621276, 4.56956402683547], [12.8946247765871, 4.93228781535014], [13.1492890891704, 5.25269885696247], [13.1872600156441, 5.33391817846396], [13.2189164019147, 5.60964910573097], [13.5358912591347, 5.60964910573097], [13.7816390532097, 5.56379026482982], [14.1041830339999, 5.39561081114184], [14.5188824363331, 5.0744126438354], [14.8414264171232, 4.6918261268073], [14.9489410770872, 4.6612099183742], [15.4711551402826, 4.6612099183742], [15.7476214085047, 4.64590131294151], [16.1162431000664, 4.59997350749252], [16.346631657517, 4.47748495829586], [16.3773501316641, 4.26308098129938], [16.3312724199943, 3.98733124177764], [16.2698354717002, 3.75746883384584], [16.3159131833699, 3.55820561337416], [16.3619908950397, 3.4662232898723], [16.3927093691868, 3.26689788428025], [16.4387870799583, 3.12888003758778], [16.592379451592, 3.06753289077814], [16.8995641948595, 3.11354358519199], [17.1760304639799, 3.20555891437794], [17.4217782580549, 3.25156349089765], [17.6521668155055, 3.22089400485156], [17.8979146095806, 3.15955226898659], [18.1436624036556, 2.85279061448922], [18.3740509611062, 2.63800822387956], [18.5122840952172, 2.5612910788303], [18.7273134160435, 2.59197849579392], [19.0344981584126, 2.66869376428861], [19.3962466753438, 2.92734027912885], [19.662232501267, 3.02672335692463]]]}, "properties": {"OBJECTID": 219, "id": null, "Name": "Krazaaj Zasqa", "type": "Steep Hills", "continent": "Essos", "size": null, "Symbol": 1, "Shape__Area": 958049069093.1448, "Shape__Length": 4393965.255093975}}, {"type": "Feature", "id": 220, "geometry": {"type": "Polygon", "coordinates": [[[14.4322137529673, 19.1313322363151], [14.3579193186228, 19.1189819563413], [14.2866051018273, 19.1211555085668], [14.2336945534765, 19.1341962206612], [14.1853849226861, 19.1646205428879], [14.1646807954612, 19.182003350525], [14.1462771261181, 19.2124188478303], [14.1439766673379, 19.2450006380076], [14.1439766673379, 19.2588212613887], [14.151581202662, 19.2810093106117], [14.1715821709034, 19.3014604158376], [14.2200003541127, 19.3491369949606], [14.2774032667066, 19.4056426426515], [14.3411798214627, 19.5022889859213], [14.397974468608, 19.6093259654208], [14.4177312424158, 19.6723044828392], [14.4154307836356, 19.7827419651174], [14.4223321590778, 19.9536606097674], [14.4545385802037, 20.1308742428881], [14.4637174795385, 20.1561110759892], [14.4867450004312, 20.2194058934592], [14.5317261359387, 20.2721584624439], [14.5327541724414, 20.2733639049648], [14.6339743515826, 20.3186741360333], [14.7489972816082, 20.3682844067602], [14.8019647085878, 20.4256535676736], [14.8525179195296, 20.48038794163], [14.8665063881158, 20.5033986185194], [14.9468367223302, 20.6354729962945], [14.9888570394074, 20.7141013616202], [15.0121413059947, 20.7576533015676], [15.0296532321283, 20.7904001320441], [15.2090890035072, 21.0267872327379], [15.2160281423274, 21.032787936266], [15.3003870909093, 21.1057190138159], [15.6106975931748, 21.3099267853229], [15.6599788911838, 21.3485294023619], [15.722091273757, 21.3849492204478], [15.7681004457672, 21.3956592072868], [15.8095087011154, 21.3935172724877], [15.8440155801231, 21.380665005837], [15.8624192485679, 21.3549570867073], [15.8628128274433, 21.349458635804], [15.8645606893731, 21.325037816522], [15.8555178731257, 21.301384439878], [15.7432759188106, 21.1653511329724], [15.6365056972142, 21.0823547717802], [15.623171553396, 21.065433213585], [15.6001669673909, 21.0074604833023], [15.5932655919487, 20.93227711724], [15.6001669673909, 20.8570559948615], [15.6139697191736, 20.8011530719115], [15.62577310051, 20.7739333685754], [15.7067616536892, 20.6830381609519], [15.7197908149768, 20.6720672922168], [15.7404949422018, 20.6290142646716], [15.7450958597621, 20.5881026055666], [15.7312931079794, 20.5493340665663], [15.6898848535295, 20.4653018410867], [15.5817632989461, 20.2733639049648], [15.5127495400324, 20.1891812258329], [15.4230316547921, 20.085509321916], [15.3733428126982, 20.0523974257121], [15.2325315361797, 19.9788940093505], [15.1617437339372, 19.9227920611013], [15.1449196163757, 19.8992672383268], [15.1124697419264, 19.8238657978954], [15.0572587356938, 19.6506411332892], [15.0342541496886, 19.5596231533494], [15.0218344054898, 19.533707185005], [15.0020477285628, 19.4924102339811], [14.9675408495552, 19.4316777911029], [14.9445388596812, 19.4092847432694], [14.8962266327596, 19.3622414690141], [14.8516688759404, 19.3362749835367], [14.8448669457968, 19.3309263596756], [14.5579920672609, 19.1761666647046], [14.4679583137055, 19.1394619434019], [14.4322137529673, 19.1313322363151]]]}, "properties": {"OBJECTID": 220, "id": null, "Name": null, "type": "Dark Forest", "continent": "Essos", "size": null, "Symbol": null, "Shape__Area": 19503015612.15454, "Shape__Length": 728317.7410656394}}, {"type": "Feature", "id": 221, "geometry": {"type": "Polygon", "coordinates": [[[8.24071429237466, 24.0187290297433], [8.23261814323154, 24.0003300890153], [8.21008221549666, 23.9685090486723], [8.15066931706468, 23.9254445449201], [8.09945130071041, 23.8973512582046], [7.99701526890015, 23.8598840473608], [7.89867667767961, 23.8542630306443], [7.83516633775965, 23.8823656756412], [7.79828936616422, 23.9198263755547], [7.78394832140535, 23.9685090486723], [7.78346086409114, 23.9832071847822], [7.7818996011105, 24.030272118583], [7.79828936616422, 24.1275355080205], [7.81467913121791, 24.2097775898985], [7.90482283946247, 24.3591726566612], [7.94047042167581, 24.4853979450887], [7.96013829730476, 24.5549862188895], [7.95194341432875, 24.7356094200419], [7.94760494766347, 24.814392534319], [7.94374853135271, 24.8546401463211], [7.96013829730476, 24.9178286998177], [7.98062550384646, 24.9549833248854], [8.03798968108526, 25.012550839973], [8.0912564186327, 25.0533888429865], [8.11111886755557, 25.0655982203993], [8.14862059676983, 25.0886470829731], [8.21137524782167, 25.1119613442343], [8.22852070174352, 25.118330355478], [8.27768999690464, 25.118330355478], [8.33915161652979, 25.1109102124382], [8.36413482728812, 25.1050451099648], [8.44978253131603, 25.0849361672144], [8.60343657948056, 25.0422525541859], [8.79806504162683, 25.0032675802656], [9.03161919476505, 24.97727072121], [9.18117580233988, 24.9865559447303], [9.22419893571814, 25.0014108436455], [9.28770927563814, 25.0348277992223], [9.3389272919924, 25.0849361672144], [9.35326833585295, 25.12204025807], [9.3635119391238, 25.1684045301414], [9.3635119391238, 25.2036295929601], [9.36146321882896, 25.2369913057795], [9.33482985050442, 25.274049139444], [9.27746567236729, 25.314799688807], [9.222150214525, 25.338873118318], [9.13610394776845, 25.3462793645298], [9.09641817334999, 25.3481030204762], [9.01522942971133, 25.3518337512056], [8.86772154332966, 25.3610904956688], [8.78238393773783, 25.3717263464316], [8.58706571048885, 25.4305384067516], [8.46881977075093, 25.4887726923841], [8.35816857110723, 25.5129174360843], [8.14603069092365, 25.5129174360843], [7.92283093746683, 25.5129174360843], [7.82671044568455, 25.4964641761776], [7.72472069600914, 25.4596356724792], [7.70723691229677, 25.4484248699494], [7.60284645544875, 25.3712769742714], [7.57504725804002, 25.3443618665595], [7.54339313552394, 25.2913217907063], [7.52249842262663, 25.1968255457925], [7.50729031856565, 25.1004600440363], [7.49208221450466, 24.9626632851347], [7.47687411044368, 24.7971033626746], [7.47687411044368, 24.6866070595044], [7.47687411044368, 24.6153449892835], [7.465181070072, 24.5160883198621], [7.43124979826073, 24.3822376924325], [7.39403699868286, 24.238106866878], [7.36220092599922, 24.1620064782317], [7.32716294502926, 24.1106530324209], [7.24182868745848, 24.0398247864841], [7.18190690419786, 24.0135544277919], [7.12926517669585, 24.0024998046314], [7.06513666650299, 23.9979933275662], [6.98299643809521, 23.9972116585329], [6.85652514991671, 24.0164668472352], [6.80297322241938, 24.0332970083164], [6.61001217627255, 24.146539674703], [6.41230682258146, 24.2991000817227], [6.32447663282468, 24.3791241039076], [6.2455291328193, 24.415073027547], [6.16897715670734, 24.4237860159728], [5.91043938677228, 24.506841612668], [5.78080730979128, 24.5703391127389], [5.71396767778276, 24.5878986871831], [5.67415903629132, 24.5861328724798], [5.61347291877621, 24.5585377729408], [5.57833981520084, 24.5321374999341], [5.53363070213775, 24.4751821753483], [5.51251147060655, 24.4216849740549], [5.50082252385761, 24.2832488648275], [5.50370813263746, 24.2607431902601], [5.53023678434934, 24.1881651763943], [5.57065523998491, 24.1328483326446], [5.62049931904474, 24.0994863347233], [5.66352505843564, 24.0850577787395], [5.72088663056013, 24.0658192178688], [5.74896232761665, 24.0508644274145], [5.77005592661958, 24.0396275717537], [5.79259185345613, 23.9965868451192], [5.79259185345613, 23.9385526540476], [5.77840150018786, 23.8996376471545], [5.77415336720927, 23.8879854724367], [5.7557148818607, 23.8261542893058], [5.75199250227519, 23.8144249410516], [5.73727639561384, 23.768043595633], [5.73113023383098, 23.7267879923045], [5.73113023383098, 23.6948997168515], [5.73113023383098, 23.6763130690729], [5.73113023383098, 23.6630036499091], [5.74137383710183, 23.6329767130988], [5.75487943427342, 23.6255527557184], [5.76840853676273, 23.6181154553607], [5.78234825018528, 23.6104519898994], [5.81103033880466, 23.6048202043028], [5.8520047518881, 23.6085747551902], [5.90322276824237, 23.6367304563709], [5.97940916596628, 23.6894536844055], [5.99541519768008, 23.7005276258613], [6.08351018473147, 23.7624186014308], [6.13063075959775, 23.7942903526989], [6.14635467359993, 23.8010042894974], [6.16136156941031, 23.8074117442451], [6.19823854100573, 23.8167833550578], [6.24209223783105, 23.8249892911209], [6.25355399884802, 23.8261542893058], [6.37442851690511, 23.8261542893058], [6.4544820864687, 23.8148874872383], [6.48096199020336, 23.8111604699094], [6.48496903781759, 23.8098162728405], [6.50076952601122, 23.8045157355241], [6.51361347624682, 23.8002068584905], [6.57011858649459, 23.7663987364556], [6.60018921182844, 23.7382769062998], [6.63871347985591, 23.6742619740048], [6.70222382067421, 23.5729021833171], [6.76983160118386, 23.5109215271941], [6.81695217605014, 23.4601883731617], [6.84153682407986, 23.4207157670568], [6.85997531032672, 23.3793508765052], [6.85997531032672, 23.3191607128697], [6.85178042735072, 23.2815280106082], [6.83999968894944, 23.2690411034431], [6.83846374318843, 23.2674130030406], [6.82514705902615, 23.2532965009307], [6.82252924971062, 23.2527736388413], [6.81248302786724, 23.2435431310688], [6.77103671269709, 23.2245005960461], [6.70851929054211, 23.2204546584193], [6.62869415626709, 23.2351256268506], [6.57552178314698, 23.2381323477902], [6.42751492664244, 23.2134028757323], [6.29064199009355, 23.1574835677086], [6.15376905264636, 23.0735608334955], [5.99715356801056, 23.0135113482557], [5.91882992281718, 23.0089486077716], [5.85677764921466, 23.0152946400711], [5.82644196607474, 23.0432127269203], [5.81016014528051, 23.0956419393729], [5.77365681535111, 23.1279242479792], [5.66710972179653, 23.1714655855608], [5.49982057622737, 23.2832691032018], [5.39336384780048, 23.4507983895869], [5.33253143065822, 23.5484258767869], [5.21086659817034, 23.6599114263162], [5.12462311617465, 23.7191436217483], [5.0734909068963, 23.7361654132296], [4.94647022705634, 23.7605435487817], [4.92091451637415, 23.765467569377], [4.82969314958891, 23.7830423914232], [4.82920119530839, 23.783053934361], [4.74979304461522, 23.784917118955], [4.72496377185891, 23.7841336540332], [4.67766876572403, 23.7776417459648], [4.63301596804612, 23.7586684699408], [4.61999752276153, 23.7519660322621], [4.60023643704038, 23.741791541717], [4.52853121504271, 23.698651682603], [4.47116703690558, 23.642360871119], [4.46663362145064, 23.6312859755183], [4.45272855065872, 23.5973107799903], [4.45257296065488, 23.5929620098832], [4.46566949648712, 23.4368457053919], [4.43928089392465, 23.109587504635], [4.46124222866107, 23.0250240857482], [4.57212622581234, 22.8775376082203], [4.62882074943103, 22.8020663784706], [4.72911936129528, 22.6321359330778], [4.78503968266612, 22.4565360024005], [4.86108020386937, 22.3018464070444], [4.93712072417429, 22.1188104083394], [4.97798292420401, 22.0146709085385], [4.97576383033069, 21.979006637168], [4.95012888285056, 21.9314550293113], [4.91171185210845, 21.9049533722224], [4.87038874537107, 21.8953681139089], [4.85084080830729, 21.8979592158224], [4.84403419434778, 21.8988614290797], [4.79076745769867, 21.9311729359823], [4.72725711777867, 21.990075031666], [4.66579549815352, 22.0166679685395], [4.50599528730786, 22.0470537861339], [4.47607094632979, 22.0537895481597], [4.40639423702465, 22.0694720499211], [4.32548277546643, 22.1111231261738], [4.31546426754791, 22.1191939406033], [4.27858729595248, 22.1552501870943], [4.24990520733307, 22.2083688675173], [4.2306199331668, 22.2654919609276], [4.22941800079136, 22.2690513204611], [4.22885005442772, 22.2777757673374], [4.21917439752051, 22.4263236847302], [4.21302823573768, 22.5796347781624], [4.20073591127365, 22.653390512249], [4.11264092332396, 22.8347741530713], [4.06756906965082, 22.9046180455991], [4.0657862803245, 22.9074801762218], [3.99586384675485, 23.0196875448749], [3.94130854240767, 23.0941467501566], [3.87294060840288, 23.1873997376157], [3.83923763084466, 23.2493464098033], [3.82786875383145, 23.2702361240408], [3.8205124212237, 23.3009503433781], [3.8053328269949, 23.3643058952186], [3.8053328269949, 23.3913475552655], [3.8053328269949, 23.4131958396027], [3.83401491561431, 23.4714640938001], [3.83482817481406, 23.4725364200275], [3.85577352125237, 23.5001509825196], [3.99421826969824, 23.5763061482611], [4.21814270128132, 23.7244462215189], [4.23519661507908, 23.7413865664949], [4.28883089922334, 23.7867918202736], [4.34414635706562, 23.8542630306443], [4.4240464620393, 23.9872282603412], [4.44863111006903, 24.0527240628024], [4.44863111006903, 24.1069667155256], [4.44863111006903, 24.1574478482213], [4.43838750679818, 24.2172515149324], [4.41994902055132, 24.2788946535156], [4.40296064334511, 24.3076508079272], [4.3912669319319, 24.3274409177939], [4.36258484241419, 24.3759685932702], [4.31136682605989, 24.4300736520452], [4.26705910631693, 24.46320630375], [4.24952107154792, 24.4857869320237], [4.23376785360285, 24.5308362379367], [4.22764371401919, 24.5921062491413], [4.22968166171715, 24.6279275759219], [4.24413679161877, 24.6530108773842], [4.26173907569351, 24.6686522349965], [4.33595147408961, 24.7039726992873], [4.52591759277472, 24.7804968573763], [4.58999283376953, 24.8062976928642], [4.72930583807352, 24.836049128496], [4.82969314958891, 24.8509221668696], [4.98744463924146, 24.852781170564], [5.08783195075685, 24.8583580148323], [5.19026798346541, 24.8769456798134], [5.31933738449854, 24.9103964303549], [5.3678803176497, 24.9284574128694], [5.39923748947222, 24.9401228190477], [5.46069910909734, 24.9716992507688], [5.52625816931218, 25.0348277992223], [5.56723258239559, 25.0830806667349], [5.59796339220819, 25.1480064201342], [5.60627730465426, 25.174565395607], [5.60627730465426, 25.2656114086532], [5.60627730465426, 25.3289144515705], [5.61845059874989, 25.392558123842], [5.6512301288573, 25.433268760413], [5.68699889200582, 25.4698157852243], [5.77356645022342, 25.526641785907], [5.90996718285162, 25.6049436393733], [5.95661683838808, 25.6274052568454], [6.07772853234144, 25.6637988493112], [6.32105819821552, 25.7186175860109], [6.51035491121551, 25.79320727221], [6.54812984595546, 25.8145397960033], [6.5735112232854, 25.8445998305437], [6.61001217627255, 25.9649888635281], [6.61001217627255, 26.0799852052042], [6.64002525103775, 26.133260518693], [6.76696602932645, 26.2092117087335], [6.83137981031757, 26.2291380130723], [7.02063098681749, 26.2517711015653], [7.24875254863058, 26.2926824710448], [7.45372692676866, 26.3661664975692], [7.48497562432567, 26.385348738492], [7.55192162225374, 26.4752715682967], [7.58600707910377, 26.4994234209796], [7.8722848169276, 26.5378471536601], [8.17388029280298, 26.6020718252242], [8.24476753136081, 26.6058558208337], [8.36066574386665, 26.6058558208337], [8.4631260858851, 26.5955620250526], [8.73641919909649, 26.4955465297984], [8.80814968351657, 26.483411173525], [9.01289262509478, 26.483411173525], [9.31705470721279, 26.497022586841], [9.63873758093793, 26.5095389711668], [9.67569464273081, 26.4995402064726], [9.70055525591077, 26.4683877981385], [9.7025437729119, 26.4265482909597], [9.69875872595384, 26.3892574328031], [9.6785410975407, 26.3648988890337], [9.65179595723521, 26.3439291722686], [9.56548379274783, 26.307459211009], [9.56038437308687, 26.3063163887885], [9.45392764465998, 26.2790469502037], [9.29432361599087, 26.2432642621146], [9.26545082222314, 26.2193571376342], [9.24476030177983, 26.154373214907], [9.25314712598596, 26.1262649442585], [9.27143039502984, 26.1016395636567], [9.35583245915217, 26.0005368468222], [9.37348937876249, 25.9884449013345], [9.42496876893186, 25.9699338770564], [9.45384538952266, 25.9662251363967], [9.60600868526983, 25.9786610935882], [9.77329783083898, 26.0196682440399], [10.0081916397638, 26.1196136257499], [10.0518820767694, 26.1397866100014], [10.0589364128466, 26.1411938974574], [10.0660034421188, 26.1426037001013], [10.1256360199602, 26.1544991331514], [10.2055361249339, 26.1563380686343], [10.2649490233659, 26.1453040234183], [10.3100208779373, 26.1103560016369], [10.3468978495327, 26.0680365192957], [10.3571414528036, 26.0349062533032], [10.3612388942916, 25.9980838683713], [10.3530440113156, 25.9612499387507], [10.351205786953, 25.9584402641893], [10.3431664472685, 25.9461515725058], [10.3325568047739, 25.9299320300699], [10.2956798331784, 25.9004487463491], [10.2474923418256, 25.8846850510133], [10.2296330021374, 25.878842145243], [10.2280720517704, 25.8783314478074], [10.2269793868729, 25.8781258908783], [10.092668017018, 25.841867360938], [9.89496266332686, 25.8007983329465], [9.740498702187, 25.7637083019048], [9.69950212586891, 25.7510766656049], [9.64213794773177, 25.7160115078636], [9.61345585821403, 25.6772432539057], [9.58887121018433, 25.6347683102747], [9.58272504840147, 25.5941259589315], [9.58272504840147, 25.5294392106735], [9.58272504840147, 25.4721160870405], [9.57657888661864, 25.4240175497807], [9.57657888661864, 25.368495381216], [9.57248144513061, 25.3277628997866], [9.58067632810662, 25.2981306653017], [9.60321225494317, 25.270343864803], [9.61701244832399, 25.2525146057768], [9.66684110151376, 25.2243445603388], [9.77221824271704, 25.1862069786732], [9.79988943738429, 25.1795293347323], [9.83881512927456, 25.1591330846359], [9.86339977730429, 25.120185320446], [9.87159465938197, 25.0756583860049], [9.87159465938197, 25.0422525541859], [9.85930233581627, 25.0014108436455], [9.85315617403344, 24.9698420381537], [9.83062024719685, 24.9271184064295], [9.77491154285582, 24.8855073917793], [9.63642489339179, 24.7694884951764], [9.60520601810559, 24.7385609060523], [9.5315070320472, 24.6797744883848], [9.47619157510321, 24.6127395544891], [9.47279694674743, 24.6073018372113], [9.44467146865109, 24.5622396950745], [9.43445969448739, 24.5267725040245], [9.43726588231465, 24.4897488623408], [9.45305078743303, 24.4322764545881], [9.48444182843672, 24.3969225560047], [9.52331214996949, 24.3703701958026], [9.71998933151228, 24.2583502596222], [9.91461779365855, 24.1667940188484], [9.99449901424835, 24.1324119239958], [10.0231999872517, 24.1200563291568], [10.0906458697875, 24.0860333220024], [10.1116030533263, 24.0576612765122], [10.1215385784722, 24.0358854725637], [10.1256360199602, 23.9965868451192], [10.1180982878522, 23.9789874652922], [10.1071975337134, 23.9535317215336], [10.1010260044052, 23.946011493051], [10.082612886582, 23.9235718486784], [10.0272974287397, 23.9048433979618], [9.98902036090873, 23.8987574029581], [9.98017685387339, 23.8973512582046], [9.97976983350635, 23.8973438155374], [9.87774082206313, 23.8954781548156], [9.76301246578887, 23.9216991261035], [9.60935841672604, 23.989100031557], [9.51526124627227, 24.0421877750682], [9.48558814341796, 24.0589241996257], [9.25622229096886, 24.2159079680974], [9.11934935352167, 24.3406757085539], [9.00217034554161, 24.418297759924], [8.95991397186904, 24.4375345994381], [8.8369907335171, 24.4561850355116], [8.71611621545998, 24.4561850355116], [8.65395591674956, 24.4493948727845], [8.61368018275141, 24.4449951045569], [8.57289570406177, 24.4309456939714], [8.53787751926575, 24.4188814042628], [8.46822101756293, 24.387164644605], [8.44089831083541, 24.3606179959247], [8.40675939793777, 24.3274409177939], [8.36538890776413, 24.2667833487837], [8.3596388230715, 24.2583502596222], [8.32481057177092, 24.1873531857541], [8.28998232136867, 24.1200563291568], [8.28243996832684, 24.1034193040105], [8.26539767333894, 24.0658192178688], [8.24900790828526, 24.030272118583], [8.24071429237466, 24.0187290297433]]]}, "properties": {"OBJECTID": 221, "id": null, "Name": null, "type": "Steep Hills", "continent": "Essos", "size": null, "Symbol": null, "Shape__Area": 143153862106.29785, "Shape__Length": 3839902.97805859}}, {"type": "Feature", "id": 222, "geometry": {"type": "Polygon", "coordinates": [[[7.38476271892606, 5.72776449199946], [7.18809439477199, 5.70518484301644], [6.98977092740185, 5.69172961143436], [6.73532909786992, 5.69329249476199], [6.60187150752227, 5.70518484301644], [6.48864327219547, 5.73395025747849], [6.38701555885091, 5.77679577312929], [6.30341320374061, 5.83640337088012], [6.26458684665614, 5.88029380005033], [6.21453958934027, 5.9727419187232], [6.14955894445544, 6.11535028550573], [6.1349043337635, 6.14750648800015], [6.13342802445927, 6.156680278009], [6.13286019936817, 6.16020870420116], [6.12392016027074, 6.21575839751338], [6.13215828994114, 6.30856676746003], [6.14863455018029, 6.39317168712886], [6.15961872277475, 6.46411986787212], [6.17060289626752, 6.57597942749094], [6.16511080952113, 6.68781381839973], [6.17691469750728, 6.75815014172941], [6.20841333781741, 6.82106794290908], [6.25293471825744, 6.87255090987385], [6.28868275906899, 6.90595320033914], [6.3765561443162, 6.97682700185248], [6.43422305380577, 7.02861261855993], [6.55779500245533, 7.11854231845552], [6.70608134191273, 7.20845439414476], [6.78817385001604, 7.25139537804834], [6.8571137233959, 7.2874533142369], [6.96695545562864, 7.29562482375648], [7.13995618409733, 7.2547657865337], [7.23606769991328, 7.19755690639141], [7.32394108605878, 7.12399203919236], [7.53264037703152, 6.84324828885626], [7.79753704597838, 6.5359185453596], [7.88687996453761, 6.41500294982681], [7.95003895987527, 6.27581275656616], [7.99807036984578, 6.02195701224163], [7.98848356620164, 5.90992219020092], [7.96651522011441, 5.83343638222543], [7.92532457086401, 5.75147572838267], [7.86765766137444, 5.71322337138525], [7.8182288815553, 5.70229365710749], [7.7111331922466, 5.70502610498698], [7.61917267278096, 5.71722664525435], [7.61502167643065, 5.71868815077539], [7.50792598802027, 5.73234987033837], [7.38476271892606, 5.72776449199946]]]}, "properties": {"OBJECTID": 222, "id": null, "Name": "Mother of Mountains", "type": "Desert Mountain", "continent": "Essos", "size": null, "Symbol": 2, "Shape__Area": 28263282119.64966, "Shape__Length": 628758.6965624093}}, {"type": "Feature", "id": 223, "geometry": {"type": "Polygon", "coordinates": [[[-6.48600934890037, 9.77290272168353], [-6.56037890126719, 9.73101990388075], [-6.59933438039398, 9.66120355082466], [-6.62058282469732, 9.55645189149471], [-6.59375412220583, 9.49691982597857], [-6.56392030805222, 9.43070735743204], [-6.53057336607875, 9.3936971043203], [-6.47892653443203, 9.33636883282572], [-6.43642964672358, 9.2629767515984], [-6.44351246119193, 9.16509680786294], [-6.47892653443203, 9.09516602520069], [-6.55329608679885, 9.07068701692357], [-6.62898237174284, 9.08136397216282], [-6.70203519153252, 9.09166912603516], [-6.75897012228756, 9.09166912603516], [-6.80848374618865, 9.11153077659951], [-6.91859847284298, 9.24197719504942], [-6.99994282175683, 9.46938695156499], [-6.99994282175683, 9.61865027476212], [-6.94993369882311, 9.77639271827807], [-6.94731007650937, 9.84360947841239], [-6.94285088435477, 9.9578217964994], [-6.9567662552297, 9.99893642350964], [-6.98379604469926, 10.0521705201913], [-7.04555169459501, 10.1042871571287], [-7.11283843249348, 10.1286915920187], [-7.2119978359487, 10.2123498165758], [-7.23401703746077, 10.2378433351174], [-7.27220175937882, 10.282048204958], [-7.29316592013244, 10.3542361759682], [-7.33887760874814, 10.4441578230183], [-7.54134871097278, 10.5397977582474], [-7.62358282949747, 10.5907835746786], [-7.69717063017481, 10.6720721882826], [-7.82636295307813, 10.8896250279467], [-7.83421747517278, 10.9351287488989], [-7.7968827930755, 11.0817194726785], [-7.75450531841779, 11.1296039598609], [-7.6334897316234, 11.153350921774], [-7.50342924718509, 11.1278289961179], [-7.30863372444711, 11.0409373546506], [-7.27230140859498, 11.0084221850793], [-7.12177349941581, 10.7423385041395], [-7.04376603694795, 10.6549289348384], [-6.79658194902306, 10.5508016492717], [-6.71974222725424, 10.4840862164384], [-6.64745064342959, 10.3774868220143], [-6.53899151094557, 10.2441022768389], [-6.44408977069582, 10.1373541856783], [-6.39839834088639, 9.97539223556345], [-6.39039135223015, 9.88456439669996], [-6.40876838472844, 9.8206276104071], [-6.42383040924949, 9.7951843803483], [-6.48600934890037, 9.77290272168353]]]}, "properties": {"OBJECTID": 223, "id": null, "Name": null, "type": "Rolling Hills", "continent": "Essos", "size": null, "Symbol": null, "Shape__Area": 14105639625.010132, "Shape__Length": 653786.4874931693}}, {"type": "Feature", "id": 224, "geometry": {"type": "Polygon", "coordinates": [[[-7.42022195676366, 6.78539770580992], [-7.60219024332023, 6.90960851677592], [-7.64401476898795, 6.93260407070456], [-7.77048272441675, 7.00738988269817], [-7.84851614460307, 7.09551489384934], [-7.86197018207059, 7.22366655865288], [-7.82968049160953, 7.33043189590796], [-7.78931837741029, 7.35978789310484], [-7.69514011244255, 7.35445058293279], [-7.65184622593935, 7.34078837202504], [-7.61979750136671, 7.33576949360692], [-7.52864632444618, 7.30889149201909], [-7.52023762087298, 7.30641191264861], [-7.45296743173866, 7.26904492992526], [-7.35878916677096, 7.22366655865288], [-7.21617636566245, 7.12221612080493], [-7.1246889080086, 7.05011925467664], [-7.12046018762329, 7.03962726569635], [-7.08128717067068, 6.94242284175882], [-7.08128717067068, 6.85270514007532], [-7.08772536127768, 6.78238580156264], [-7.0977808321752, 6.75360435533252], [-7.13545213816229, 6.72688225605559], [-7.20810394282259, 6.71886534015264], [-7.27170631065187, 6.72218983166595], [-7.31035463063015, 6.72420996544759], [-7.36686158961081, 6.76162069768593], [-7.37056760368847, 6.76426586130976], [-7.42022195676366, 6.78539770580992]]]}, "properties": {"OBJECTID": 224, "id": null, "Name": null, "type": "Rolling Hills", "continent": "Essos", "size": null, "Symbol": null, "Shape__Area": 3826748753.9870605, "Shape__Length": 248668.84364499804}}, {"type": "Feature", "id": 225, "geometry": {"type": "Polygon", "coordinates": [[[-10.0722412500269, 7.21943947451439], [-10.1861428409311, 7.25396550231332], [-10.2241100375997, 7.30104217969539], [-10.2430936368324, 7.38890536231545], [-10.2430936368324, 7.46420276412622], [-10.2241100375997, 7.53948720429163], [-10.1671592425968, 7.61789457429536], [-10.0912248483612, 7.64611772190412], [-9.95201179331071, 7.65552502397999], [-9.7558479423589, 7.61475855330633], [-9.59765128897408, 7.56144270548929], [-9.50589722931019, 7.54576031814869], [-9.41414317054462, 7.56457911444381], [-9.38529762537442, 7.60270343436674], [-9.37617597297766, 7.61475855330633], [-9.37248632979771, 7.633653184471], [-9.35719237464335, 7.71196446526781], [-9.37248632979771, 7.75553463773168], [-9.38250383968799, 7.7840705683026], [-9.43312676887894, 7.85616426780231], [-9.46160216593123, 7.92197802349196], [-9.47425789845355, 8.01911241490799], [-9.49004624591611, 8.04744798254362], [-9.5248808276445, 8.10995907954567], [-9.61979882021438, 8.19452201375945], [-9.63479172476423, 8.20840418814504], [-9.7178807456903, 8.2853288489979], [-9.76217580906922, 8.37298453598385], [-9.78432334030955, 8.46687943874058], [-9.81596267116619, 8.57013737423281], [-9.8570938007408, 8.7077709510946], [-9.86689773886722, 8.72853665543444], [-9.90138886411976, 8.80158305165068], [-9.93662979697029, 8.83765101569475], [-9.97300252353548, 8.87487363271855], [-9.981330349987, 8.88339551859516], [-9.98997898997934, 8.89224548265172], [-10.0880609154552, 8.93287999167334], [-10.2462575697384, 8.9985107752994], [-10.3492777104009, 9.05741514376858], [-10.3506673610263, 9.05788075337385], [-10.4363965853696, 9.10423927707604], [-10.4835525502648, 9.12973654992573], [-10.5721426761243, 9.19533137321725], [-10.6294343188955, 9.24283471888894], [-10.6476699242288, 9.25795342128215], [-10.6512410032659, 9.26091404215267], [-10.6765524683106, 9.30775131801817], [-10.6986999995509, 9.41389253265517], [-10.6978139004563, 9.42288383230621], [-10.6765524683106, 9.63855414713825], [-10.6986999995509, 9.82565809472815], [-10.7904540592148, 9.95345174975215], [-10.8537327200297, 10.0375812793904], [-10.9544698966022, 10.1072215035269], [-10.9888751240489, 10.1568955583696], [-11.0119293743129, 10.2120022689585], [-11.0024375746966, 10.3614299433286], [-10.9834539763622, 10.4765652188204], [-10.9613064451219, 10.5543351409829], [-10.8836781570439, 10.6606125274546], [-10.8727163192623, 10.6756169050769], [-10.8527081671937, 10.6971328786659], [-10.7050278653629, 10.8558950297908], [-10.6480770703599, 10.9428870448042], [-10.6385852707436, 11.0081143130393], [-10.6385852707436, 11.0640119083407], [-10.6670606686943, 11.1198988430721], [-10.7145196649792, 11.1850867232391], [-10.7872901254105, 11.2409503819449], [-10.861636583888, 11.3031403036958], [-10.8948638505027, 11.3309301569462], [-10.9391589138816, 11.3774603260098], [-10.9486507125996, 11.4611954517504], [-10.9481259087258, 11.4732821607043], [-10.9423228467876, 11.6068973274053], [-10.9379172651908, 11.6953508451696], [-10.9359949800773, 11.7339368776478], [-10.917011381743, 11.8330490940866], [-10.8758802521683, 11.910455543363], [-10.8315851887894, 11.9940297362307], [-10.7997766135366, 12.0177347280086], [-10.7892612950451, 12.025570695276], [-10.7651425941701, 12.0435429776098], [-10.6986999995509, 12.0590139954771], [-10.6417492045479, 12.0435429776098], [-10.603782006981, 12.0280710684199], [-10.55315907779, 11.9785549820476], [-10.549995144884, 11.9259341905076], [-10.5341754794557, 11.8516286455889], [-10.5120279482154, 11.7711081485075], [-10.4898804160768, 11.7339368776478], [-10.4360935539798, 11.6874657456299], [-10.3791427589769, 11.6316900957407], [-10.2747329667907, 11.5480056772217], [-10.2013568505168, 11.4761056920519], [-10.1317002517959, 11.4291702902324], [-9.99345687419564, 11.2851629190903], [-9.93619212788237, 11.2409503819449], [-9.78748727321553, 11.0702220956722], [-9.76217580906922, 11.017431317571], [-9.75412964039187, 10.9892232888564], [-9.74647629241184, 10.962389894647], [-9.7400282769306, 10.9397806257395], [-9.75268400945292, 10.871431182073], [-9.79065120612155, 10.8217126517192], [-9.84443806911681, 10.7906343806667], [-9.88873313159744, 10.775094039198], [-9.94856409518287, 10.7694962669014], [-9.95517572621669, 10.7688776774037], [-10.0374379862643, 10.7533362131655], [-10.0817330496432, 10.7284682060089], [-10.1133762764932, 10.6973764926353], [-10.1418477775522, 10.6693984992507], [-10.2146182388817, 10.5854376119392], [-10.290552632219, 10.5170080241316], [-10.3538312939323, 10.4641202164925], [-10.3680899973156, 10.442547829323], [-10.3949624244052, 10.401887723685], [-10.402692413052, 10.3511972746205], [-10.4044542231232, 10.3396428201782], [-10.4202738885515, 10.2120022689585], [-10.4171099556455, 10.121688950279], [-10.3981263573112, 10.0656196072071], [-10.3823066918829, 10.0562737687983], [-10.3063722976473, 9.99707718706184], [-10.277896900595, 9.95656804585856], [-10.2684051009787, 9.9098204833629], [-10.271117187585, 9.85371162727378], [-10.2715690338847, 9.84436270536587], [-10.2968804989293, 9.80383471360001], [-10.3443394952143, 9.73835596291022], [-10.3484698177366, 9.72970538693263], [-10.3515713419849, 9.63186993051126], [-10.3513919987283, 9.6313394848649], [-10.3475034281203, 9.6198380101549], [-10.2968804989293, 9.55120332285983], [-10.2462575697384, 9.51688078352917], [-10.0968914687842, 9.46008171664629], [-9.91404459664208, 9.43886221339621], [-9.72420861150229, 9.4294987946336], [-9.64194635145471, 9.41389253265517], [-9.54702835978313, 9.34521662228652], [-9.48691363097587, 9.26715937333643], [-9.45843823302525, 9.18908476898107], [-9.43312676887894, 9.09537253425039], [-9.43312676887894, 9.01413540202707], [-9.43312676887894, 8.97663516523301], [-9.42690041898224, 8.89283053953925], [-9.42635742422391, 8.8855210954284], [-9.41414317054462, 8.7859493461158], [-9.39960111246958, 8.72666251220439], [-9.38883170549999, 8.6827504062334], [-9.3160612450687, 8.55762274741576], [-9.25278258335547, 8.48878496414582], [-9.16746629119206, 8.34187047245376], [-9.1673563904019, 8.34168118852159], [-9.11989739411693, 8.28845974659308], [-8.97119253945009, 8.23836239781922], [-8.87627454688021, 8.19765363015108], [-8.83463310595224, 8.18440542542089], [-8.8091288552611, 8.16697432487505], [-8.78452048811465, 8.1162236125156], [-8.78452048811465, 7.97838144636768], [-8.79401228683263, 7.86243269502177], [-8.79401228683263, 7.81959655812388], [-8.79401228683263, 7.78093577673767], [-8.80034015264462, 7.70255841346878], [-8.80858967205453, 7.66822166607837], [-8.81615981807295, 7.63671021335889], [-8.82108149258023, 7.6262571820026], [-8.83830735021158, 7.58966956628449], [-8.8731106139742, 7.51753058862151], [-8.89209421230851, 7.43910506445739], [-8.88893027940253, 7.35125183951247], [-8.858294146631, 7.26561509212664], [-8.81615981807295, 7.22571713108457], [-8.79873173978966, 7.20737922998835], [-8.71175002678507, 7.11584562644262], [-8.65796316468811, 7.06874976191137], [-8.61050416840317, 6.98710557569668], [-8.57886483754653, 6.92743348948028], [-8.56620910502421, 6.85204743540017], [-8.56304517211823, 6.7672238825213], [-8.55921467849161, 6.73222758893625], [-8.5472255066899, 6.62267545394056], [-8.5472255066899, 6.51895152571428], [-8.58202877045255, 6.4214943398078], [-8.61027763754301, 6.39342193235183], [-8.63238050544572, 6.37145605733528], [-8.68643856263873, 6.35860881527662], [-8.73073362511939, 6.36804213652968], [-8.79084835392664, 6.39319681030319], [-8.82565161768926, 6.41206200410001], [-8.85173009666284, 6.45093353404725], [-8.87627454688021, 6.48751577963939], [-8.92056961025917, 6.57238776580332], [-8.95537287402179, 6.61010401056367], [-9.04712693278735, 6.66353042988146], [-9.10724166159461, 6.69495501862522], [-9.24107603052528, 6.72323542007406], [-9.25594651626145, 6.7263775852581], [-9.37617597297766, 6.73894604356098], [-9.41780544115953, 6.74445825960869], [-9.47109396554757, 6.75151417609573], [-9.49956936349819, 6.801783435737], [-9.50671623503283, 6.82484673560985], [-9.5248808276445, 6.8834597472756], [-9.53120869435483, 6.93371511816137], [-9.54702835978313, 7.01536864711815], [-9.57866768974144, 7.08130913000839], [-9.65143815107101, 7.13782204442631], [-9.75268400945292, 7.18804988887455], [-9.90138886411976, 7.20374495339538], [-10.0694030165985, 7.21823932484956], [-10.0722412500269, 7.21943947451439]]]}, "properties": {"OBJECTID": 225, "id": null, "Name": null, "type": "Rolling Hills", "continent": "Essos", "size": null, "Symbol": null, "Shape__Area": 50370754334.75525, "Shape__Length": 1838494.8845620728}}, {"type": "Feature", "id": 226, "geometry": {"type": "Polygon", "coordinates": [[[-12.3085180576733, 8.9504525789052], [-12.3551669442518, 8.90724921516449], [-12.5835863460907, 8.75677527699725], [-12.6326212559802, 8.74652327647401], [-12.7615180708843, 8.74652327647401], [-12.7892651076161, 8.75749285853015], [-12.8232832339389, 8.78438910873646], [-12.8431785468281, 8.81341274269157], [-12.8431785468281, 8.907285104929], [-12.7753915892502, 9.0545880689225], [-12.6961041577581, 9.18879046910359], [-12.6904182747606, 9.23481340723072], [-12.7239425585442, 9.30098672562742], [-12.76348247351, 9.31910272234257], [-12.8461475345377, 9.31003882347921], [-12.8661478523987, 9.29958974066258], [-12.9723806883175, 9.19473748779484], [-13.0378622293132, 9.1750638473782], [-13.1350923120496, 9.1750638473782], [-13.1510412863698, 9.2024092306805], [-13.1414411589133, 9.26873897906279], [-13.0736542013354, 9.41589217949805], [-12.924522895742, 9.53624369707904], [-12.7768201468089, 9.62586981800911], [-12.7482768065783, 9.66266819267561], [-12.7482768065783, 9.79017908045152], [-12.7618341979143, 9.92375164628174], [-12.7889489805861, 10.0572697532738], [-12.8081443217144, 10.0950682973745], [-12.8133684158586, 10.1773492165354], [-12.7820660224038, 10.2543645679921], [-12.7678435390928, 10.2740846160075], [-12.6797126517694, 10.3126234993768], [-12.6251562245281, 10.3185873431091], [-12.5375023668751, 10.30133962524], [-12.4976271063222, 10.2478362216043], [-12.3822272369152, 9.9638128281941], [-12.2873254966654, 9.68328229165201], [-12.2466533217593, 9.40251719055435], [-12.2466533217593, 9.13697377072982], [-12.2741820472158, 9.04541028601874], [-12.3085180576733, 8.9504525789052]]]}, "properties": {"OBJECTID": 226, "id": null, "Name": null, "type": "Rolling Hills", "continent": "Essos", "size": null, "Symbol": null, "Shape__Area": 9693041554.592285, "Shape__Length": 514347.05840182304}}, {"type": "Feature", "id": 227, "geometry": {"type": "Polygon", "coordinates": [[[-11.0347624638454, 6.27635986633986], [-10.9587011322703, 6.21965271541236], [-10.8095698257785, 5.90957823677665], [-10.7740174775617, 5.86242502205087], [-10.7390193656207, 5.75917082830294], [-10.5560742384478, 5.50428411760618], [-10.4905424474917, 5.43654181617075], [-10.4695910877309, 5.41488211555919], [-10.4097181368891, 5.2824104591276], [-10.3598240117865, 5.04720395954138], [-10.3797816614682, 4.90139912048417], [-10.4230232372758, 4.82185573468318], [-10.4629385375376, 4.73567322366546], [-10.4629385375376, 4.60637938037804], [-10.4097181368891, 4.4936424652284], [-10.2533832104896, 4.36098850888385], [-10.1968365342953, 4.2515313292882], [-10.1569212340335, 4.17523377400101], [-10.153594959386, 4.11219975739921], [-10.1635737842269, 4.04916075560697], [-10.2034890844886, 3.98279860792574], [-10.2248057486513, 3.96041390095108], [-10.2326479880811, 3.9395509397874], [-10.2990465904042, 3.88349838355276], [-10.3032773355922, 3.87992673501303], [-10.3498451860473, 3.87328940609756], [-10.3933329334804, 3.88349838355276], [-10.4063918622416, 3.88656401178188], [-10.4529597126967, 3.92638657145543], [-10.516158938186, 4.02925267826942], [-10.5427691389594, 4.09561102681239], [-10.572705613482, 4.1420586017359], [-10.6359048398696, 4.15864636200539], [-10.6662626718712, 4.16873893227949], [-10.7057566155523, 4.18186864054275], [-10.795566041815, 4.22831112752983], [-10.8388076167243, 4.26148263014551], [-10.8478288976594, 4.27167841481801], [-10.8887017427252, 4.31787089478779], [-10.9385958678278, 4.37757154880845], [-10.9400446500568, 4.37947836023545], [-10.9587011322703, 4.5189802724827], [-10.9363940970665, 4.61533713992152], [-10.9352695931803, 4.68594764703407], [-10.928617042987, 4.96767804930276], [-10.9652060686012, 5.11678114038984], [-11.0483629446706, 5.20953893077267], [-11.1414986455808, 5.30228303069384], [-11.2213292461043, 5.37514363481384], [-11.2512657215252, 5.44799552128066], [-11.2479394468777, 5.61353495606542], [-11.2512657215252, 5.8154292876443], [-11.2678970974577, 5.92131226101452], [-11.2678970974577, 5.9606170956342], [-11.2910335534516, 6.02581208830348], [-11.3410751477879, 6.08009856476813], [-11.3809904480497, 6.12309517524275], [-11.4009480986297, 6.25537062423488], [-11.3743378987546, 6.36116692263608], [-11.2845284724919, 6.39752938957706], [-11.1947190462292, 6.39422381786749], [-11.1115621701599, 6.35455528897377], [-11.0347624638454, 6.27635986633986]]]}, "properties": {"OBJECTID": 227, "id": null, "Name": null, "type": "Rolling Hills", "continent": "Essos", "size": null, "Symbol": null, "Shape__Area": 16309695778.214905, "Shape__Length": 690130.2835432079}}, {"type": "Feature", "id": 228, "geometry": {"type": "Polygon", "coordinates": [[[-10.3563655967573, 2.51830434950186], [-10.3757332985374, 2.55700176697995], [-10.3892906898734, 2.62471942830137], [-10.3621759072015, 2.69243341994362], [-10.1994872093738, 2.74660190921166], [-10.0096837288743, 2.7601436493274], [-9.91307716767494, 2.762900631767], [-9.71142111589071, 2.73306001555035], [-9.46738807004749, 2.61117618580131], [-9.22335502330594, 2.44864611396865], [-8.78951849606485, 2.25900286539054], [-8.74884632205711, 2.52991369669608], [-8.64038718957308, 2.61117618580131], [-8.51837066665146, 2.63826252315268], [-8.45058370907354, 2.69243341994362], [-8.43702631773761, 2.71951796909826], [-8.40991153506577, 2.800767941752], [-8.40991153506577, 2.97678999598021], [-8.260780228574, 3.0444833892532], [-8.13876370565238, 3.0444833892532], [-8.04386196540262, 2.96325081430478], [-8.04386196540262, 2.82785002120762], [-8.07097674807446, 2.69243341994362], [-8.13575095202219, 2.58459087967274], [-8.19299327099609, 2.48928053127627], [-8.16672582511429, 2.31869246028575], [-8.16587848832422, 2.31318926853643], [-8.16587848832422, 2.17771948665728], [-8.27433761990994, 2.0964317217928], [-8.33718645482773, 2.09194551703713], [-8.36923936015969, 1.97449220916065], [-8.49125588397962, 1.85254374990512], [-8.72173153848694, 1.82544293290308], [-8.88442023631464, 1.9202939661704], [-9.14201067439209, 2.04223752269413], [-9.53517502672711, 2.24545594706444], [-9.87410981371842, 2.39446497647695], [-10.172372426702, 2.48928053127627], [-10.3563655967573, 2.51830434950186]]]}, "properties": {"OBJECTID": 228, "id": null, "Name": null, "type": "Rolling Hills", "continent": "Essos", "size": null, "Symbol": null, "Shape__Area": 13811961234.540787, "Shape__Length": 728872.0261364824}}, {"type": "Feature", "id": 230, "geometry": {"type": "Polygon", "coordinates": [[[-25.6043725307107, -0.174899748677786], [-25.5925959245597, -0.0728360753216933], [-25.5782771328671, -0.00461126614746816], [-25.4839023937704, 0.132660962603259], [-25.3539294384784, 0.374036771593273], [-25.270375394764, 0.615405942386786], [-25.2610916126282, 0.856764190929551], [-25.2610916126282, 1.14451725891315], [-25.4189159161243, 1.76632696773316], [-25.482956159654, 2.03834774282242], [-25.58017854832, 2.23265738413242], [-25.6116074182786, 2.47131540435186], [-25.600179065607, 2.65779147116986], [-25.5136282241386, 2.85950929296426], [-25.313977253391, 3.27722497438835], [-25.1439200885127, 3.68199746273337], [-25.1713694163728, 4.38706154344782], [-25.1048190930897, 4.97453873380918], [-24.9051681214439, 5.2775516745091], [-24.4298086662136, 5.57095445357767], [-23.9829707787463, 5.80746326055155], [-23.7547982402358, 6.01550904079253], [-23.5800851368843, 6.21318942450866], [-23.4067584556131, 6.35197511530561], [-23.1476619183, 6.43989642961798], [-22.9948674285049, 6.4140523056954], [-22.8074818318645, 6.32345434730869], [-22.6986678576568, 6.15266016795865], [-22.6667570792775, 6.04016181242053], [-22.6555773003265, 5.8548352194156], [-22.7850649515661, 5.47632403322072], [-22.956194355449, 5.1923438772163], [-23.2604244067963, 4.91770801806715], [-23.384017864707, 4.58610061968252], [-23.41253943247, 4.06469634972061], [-23.3935250542608, 3.06838753937607], [-23.3617316856892, 2.88141232442154], [-23.3145539950388, 2.76542361349554], [-23.300859513604, 2.51462479787401], [-23.3040943658067, 2.49781965562851], [-23.3459891082886, 2.28015647036596], [-23.4600753775439, 2.05214713024513], [-23.4905741695865, 2.00227125280157], [-23.5646544581437, 1.88111858833463], [-23.6049617679241, 1.76025772666075], [-23.6216975927713, 1.71007327745217], [-23.6787407273989, 1.53901272045537], [-23.6876352596407, 1.37290265681872], [-23.6787407273989, 1.18734683195268], [-23.6505983519921, 1.08183363073225], [-23.6072297678781, 1.02346269954202], [-23.5059781881262, 0.959039521932479], [-23.3498006043436, 0.859666316630147], [-23.3124723344208, 0.841495346217798], [-22.9865478476894, 0.75532549652095], [-22.8708256600635, 0.708595350712499], [-22.8272173982451, 0.66717048877631], [-22.7947676944757, 0.621601856559018], [-22.7708834817377, 0.52806007527712], [-22.7728334690979, 0.429559237902995], [-22.7830993236384, 0.37536684894667], [-22.8245413143188, 0.311321288137747], [-22.927672787686, 0.208190888548743], [-23.0330826284639, 0.149630154142075], [-23.1565241363443, 0.113119382146327], [-23.3459891082886, 0.113119382146327], [-23.6615428010847, 0.121210485596574], [-23.7477341879805, 0.109787554129675], [-23.7622708148413, 0.103760182554133], [-23.9331453487118, 0.032909820844956], [-24.0420883748933, -0.010896858978095], [-24.1177291386085, -0.0477679878527882], [-24.1810486862436, -0.0923794518926613], [-24.2305917470383, -0.127284725650882], [-24.3884160505345, -0.201554675324453], [-24.5091052236906, -0.210838398229471], [-24.6854970932552, -0.220122114700723], [-24.9083078743973, -0.238689530960353], [-25.1032673082336, -0.275824286330437], [-25.3167943081383, -0.340809820494864], [-25.4746186116345, -0.340809820494864], [-25.5399769666553, -0.301595424285807], [-25.5683677810354, -0.276162309467027], [-25.6043725307107, -0.174899748677786]]]}, "properties": {"OBJECTID": 230, "id": null, "Name": null, "type": "Rolling Hills", "continent": "Essos", "size": null, "Symbol": null, "Shape__Area": 151241467995.56235, "Shape__Length": 2027468.4542847092}}, {"type": "Feature", "id": 231, "geometry": {"type": "Polygon", "coordinates": [[[-25.3904108971256, -1.03811438001406], [-25.3904108971256, -0.933873449085227], [-25.3701804497533, -0.864520460529033], [-25.293383971984, -0.799108136874698], [-25.2340263244335, -0.77171487339104], [-24.9560093062145, -0.725382659484873], [-24.9496453739422, -0.725284760845621], [-24.674678490049, -0.72105483769976], [-24.5795279272454, -0.719591099220487], [-24.3353237891714, -0.700807608268658], [-24.127750273201, -0.615341805476605], [-23.855525275727, -0.458964153777259], [-23.6006763422848, -0.319958890604678], [-23.4906279400445, -0.314166957647703], [-23.3400353880975, -0.285207248584545], [-23.1141465610753, -0.20991168086969], [-23.0388502851018, -0.221495641146576], [-23.0018032058292, -0.275007584340677], [-23.0076187983673, -0.335101182768104], [-23.0214742210701, -0.360502322846048], [-23.1836508154055, -0.430004920000824], [-23.3284513457091, -0.540049363121264], [-23.3817270125105, -0.618893310822962], [-23.4732518760128, -0.754340351138277], [-23.5034416727506, -0.806481525103578], [-23.6006763422848, -0.974411976221212], [-23.7918130430402, -1.24658558675345], [-24.0640380396158, -1.57663014664171], [-24.21598456919, -1.74749801184275], [-24.2667587818613, -1.78505307736784], [-24.3883912273883, -1.8255771000284], [-24.4984396305268, -1.84873327581021], [-24.6490321824738, -1.84873327581021], [-24.7590805856124, -1.84294426048515], [-24.8691289878527, -1.80242062595486], [-24.9502172854695, -1.76189608947845], [-25.0139295181563, -1.66926530030808], [-25.1008098365182, -1.54768080385619], [-25.2514023884652, -1.32765341685535], [-25.3614507916038, -1.14235187449634], [-25.3904108971256, -1.03811438001406]]]}, "properties": {"OBJECTID": 231, "id": null, "Name": null, "type": "Rolling Hills", "continent": "Essos", "size": null, "Symbol": null, "Shape__Area": 22796801439.414093, "Shape__Length": 700477.1174906886}}, {"type": "Feature", "id": 232, "geometry": {"type": "Polygon", "coordinates": [[[-21.6906981921435, -1.36242650329635], [-21.6716614189343, -1.38681034993703], [-21.629575580537, -1.41529070803098], [-21.4344604093731, -1.46662056638507], [-21.2085715814526, -1.54768080385619], [-21.0753550944357, -1.63452761615322], [-21.0232269032389, -1.7387388145871], [-21.0232269032389, -1.90083356156856], [-21.0753550944357, -2.0108178376585], [-21.2375316878727, -2.09764231381418], [-21.5560928549001, -2.23076374906315], [-21.8688620002841, -2.32336290218631], [-22.2453433792533, -2.36966021702831], [-22.5870726301591, -2.36966021702831], [-22.98093007316, -2.31178833512901], [-23.3226593240658, -2.20761304040904], [-23.5253800672096, -2.10343044261241], [-23.5775082575081, -2.03975985224558], [-23.5996020155955, -1.99158511762575], [-23.6412204910932, -1.90083356156856], [-23.6582747758952, -1.79856118517332], [-23.6122603846731, -1.69242341622228], [-23.5253800672096, -1.53031100873104], [-23.4095396424277, -1.36818634563919], [-23.1952348577938, -1.10760644641918], [-23.1134582054293, -0.948621938494091], [-23.1141465610753, -0.945455934518843], [-23.0388502851018, -0.777506365715725], [-22.9635540091283, -0.708007955794036], [-22.7955853940479, -0.603758418648614], [-22.6971210332977, -0.493715079426112], [-22.5898069347974, -0.455083329736711], [-22.5000385426785, -0.457272733166299], [-22.4364800791104, -0.476339638954859], [-22.2743034847751, -0.540049363121264], [-22.1468790185031, -0.60955011562604], [-22.0599987001412, -0.748548827627287], [-21.961534339391, -0.962829589173106], [-21.9523397446915, -0.996066728041224], [-21.8399018938641, -1.17130607704058], [-21.8309769779044, -1.1827387129596], [-21.6906981921435, -1.36242650329635]]]}, "properties": {"OBJECTID": 232, "id": null, "Name": null, "type": "Rolling Hills", "continent": "Essos", "size": null, "Symbol": null, "Shape__Area": 39140903132.22061, "Shape__Length": 791136.7353147}}, {"type": "Feature", "id": 233, "geometry": {"type": "Polygon", "coordinates": [[[-37.0457729829032, 2.29895538183681], [-37.3642510737332, 2.69288674236937], [-37.6069010473138, 3.17754855871025], [-37.9253791381437, 3.78305187408918], [-38.3196853462229, 4.34276749574432], [-38.8504821633744, 4.93228781535014], [-38.9924225494416, 5.06824951606627], [-39.0270011912641, 5.12525683116576], [-39.1537946314732, 5.58166311859804], [-39.216622726986, 5.96921925961507], [-39.2541905838833, 6.09335053564334], [-39.3682900278305, 6.29752992046002], [-39.4091091590322, 6.33378521012797], [-39.6122085267969, 6.42876920975927], [-39.6733381937717, 6.44323216450152], [-39.8641376355285, 6.45376506923919], [-39.9120757994742, 6.45641141684016], [-40.0953888271801, 6.4665307827443], [-40.2367366099257, 6.48960393786751], [-40.3935912862773, 6.5446066704868], [-40.4696156405004, 6.58513274453229], [-40.6447759844891, 6.73736335588371], [-40.6959704407284, 6.80181808965528], [-40.819686090179, 7.14565864903286], [-40.8358077736974, 7.2241799969009], [-40.8220132019737, 7.52514981746565], [-40.5701255945099, 8.34287101920255], [-40.5537721887673, 8.45413589951997], [-40.5566559236615, 8.53606622477146], [-40.5975540545059, 8.60178381875742], [-40.6873724091242, 8.66174145523603], [-40.7764833772872, 8.70286552018676], [-40.8889532377832, 8.7533961563605], [-40.9627094591016, 8.78866729456246], [-41.0371260885792, 8.80285029207545], [-41.1454303101857, 8.80427301949974], [-41.2344971234576, 8.79798601317998], [-41.3537945960328, 8.78402590612103], [-41.430260156011, 8.78947927630926], [-41.5905230351607, 8.83875002969412], [-41.6496232974159, 8.8917540128789], [-41.6864667905973, 8.95544970809886], [-41.7478139873131, 9.08672448929846], [-41.8398347819377, 9.22299739468754], [-41.9727537074067, 9.4399157016456], [-42.0494377026277, 9.63653763416972], [-42.0513236131588, 9.71833687228258], [-42.1111157928802, 9.83377965954598], [-42.3189129345591, 10.1151817543375], [-42.4109589664533, 10.1876658186967], [-42.6325916412363, 10.2858129187396], [-42.7038371818284, 10.2858129187396], [-42.8036763988496, 10.2626980191562], [-42.8708731974218, 10.2278319137685], [-42.9371112321762, 10.1576244273404], [-42.9586112918957, 10.1221431892869], [-42.9603660969043, 10.1175365110544], [-43.0058629677928, 9.95326704269735], [-43.021028590524, 9.77396972396287], [-43.0816910841438, 9.56466741473419], [-43.1573482627743, 9.40298407016298], [-43.2241475074259, 9.3194200603811], [-43.3074321868108, 9.23722501958271], [-43.3469541255894, 9.21309465258899], [-43.4220219590878, 9.18839397724367], [-43.4755975886339, 9.15789857980923], [-43.4822284364283, 9.15287461877029], [-43.6268637503816, 8.99906368108493], [-43.6739607579463, 8.91545777015088], [-43.7338128894331, 8.72619628506444], [-43.8451408771169, 8.42346686112014], [-43.8957051687777, 8.36036105707041], [-43.9371806818895, 8.32364401894983], [-44.1134483557728, 8.16756126364817], [-44.1784887745567, 8.1372633137575], [-44.3574529672423, 8.11757812528152], [-44.4417515616136, 8.11951891077591], [-44.4860287682814, 8.13412976260422], [-44.6141286185266, 8.17639789960105], [-44.647570795395, 8.21139015215116], [-44.6624251105577, 8.23792462997691], [-44.7062122305424, 8.35924479800774], [-44.7119958340732, 8.46127655952466], [-44.6981010678559, 8.58036864544784], [-44.6740815382934, 8.78615176038435], [-44.6484277791929, 8.98047129616271], [-44.6285846683031, 9.13070563159111], [-44.5830877983129, 9.34027195790135], [-44.5466211331218, 9.45539904578586], [-44.5072596810637, 9.57962188731218], [-44.4314315638144, 9.86363057842135], [-44.3941428871377, 9.96333147344127], [-44.3252722002044, 10.1473947004302], [-44.2949409538437, 10.4756492771328], [-44.2771038438655, 10.5867147350616], [-44.2494440838535, 10.7588627102653], [-44.158450343873, 11.0864616033671], [-44.052290980263, 11.5177346930514], [-44.0674566029942, 11.8147809898707], [-44.1736159666042, 12.037354953749], [-44.2191128365944, 12.3930887934309], [-44.3252722002044, 12.5855764231897], [-44.3483432292012, 12.6170978230892], [-44.4496884942541, 12.755517365895], [-44.4657791113351, 12.7882669338321], [-44.4687069678827, 12.8368011810449], [-44.4529113925754, 12.9214912504853], [-44.4373115925078, 12.9643867405693], [-44.3820238054712, 13.0182593858726], [-44.2893539960202, 13.1085309431654], [-44.2762125336439, 13.1369431367438], [-44.2494440838535, 13.2802746328531], [-44.2494440838535, 13.5163201599386], [-44.2647737883629, 13.6702898292394], [-44.2778231572528, 13.7492808679924], [-44.3292662572813, 13.8616840613364], [-44.3904071334343, 14.0159692802428], [-44.384776363876, 14.0633115322381], [-44.3474363520741, 14.1357417421057], [-44.322117694219, 14.1571450473652], [-44.2674403663169, 14.1571450473652], [-44.1757867409967, 14.1366356663848], [-44.1288944810447, 14.1065633702699], [-43.9886825002966, 13.9391375338505], [-43.9593068781419, 13.8689470089242], [-43.8580166600529, 13.3767455161348], [-43.8441563783628, 12.8908289600575], [-43.7609946846285, 12.5392996227205], [-43.6362521440272, 12.2414760336303], [-43.5153840049069, 12.1018430008762], [-43.4781578940932, 12.0751492030353], [-43.4438684460118, 12.0620775698423], [-43.3796190450396, 12.0568416118762], [-43.3194153291203, 12.0618522601812], [-43.288088408065, 12.0690136644024], [-43.1351185132276, 12.1587518296161], [-43.1016651577239, 12.2065441089483], [-43.0620780883922, 12.3709341645615], [-43.0590227492276, 12.4221612908869], [-43.1056836651461, 12.5952638736792], [-43.1430277642826, 12.6577340888475], [-43.3172797623987, 12.8152620200547], [-43.4512700258621, 13.0134151807142], [-43.4698955215882, 13.0759141196271], [-43.4817301813644, 13.1882845052059], [-43.4677971163733, 13.2493220203342], [-43.4351140320897, 13.2864345000036], [-43.4044065344571, 13.2946382406935], [-43.2610448321507, 13.2684768935098], [-43.0985084373913, 13.2157386665343], [-42.9855318444301, 13.1242607356692], [-42.8776248551472, 13.0245412608441], [-42.6840487280338, 12.7929748452242], [-42.6341521011231, 12.7116333623775], [-42.5197662086863, 12.4411179653358], [-42.4468972030684, 12.2142037106485], [-42.4468972030684, 12.1548780062733], [-42.5160729434991, 11.9105653836676], [-42.529990741622, 11.8613842445116], [-42.5641732731166, 11.7535711131155], [-42.5632130306717, 11.7159641905884], [-42.5548053125504, 11.6970972775929], [-42.5199950212673, 11.6656302079619], [-42.4895539630496, 11.6588801765838], [-42.3787433241211, 11.6738486557478], [-42.3462970501195, 11.6871214943154], [-42.2121414939488, 11.7847927982013], [-42.2020189934598, 11.7921610300733], [-42.118068333666, 11.8267200766387], [-42.0392131705904, 11.8363675591018], [-41.9486666981966, 11.8440736438517], [-41.8928048571508, 11.8315255609874], [-41.8244979825342, 11.7963361019612], [-41.7171403894044, 11.7813227980442], [-41.6763676193561, 11.7813227980442], [-41.6545386873094, 11.7875553767472], [-41.6233391482597, 11.8180952730225], [-41.6142325444406, 11.8316775174431], [-41.5993910428471, 11.9507661848345], [-41.6017328259269, 11.985129396432], [-41.6185993089356, 12.0304973333684], [-41.6355050959329, 12.0614976972589], [-41.8632055832364, 12.30749711266], [-41.9006989491353, 12.3415708832975], [-41.9934409948133, 12.3868663846194], [-42.0284742668146, 12.4189435503027], [-42.0641300497481, 12.4744343597037], [-42.0977608135373, 12.7151251217963], [-42.1863666293716, 12.9866250769115], [-42.2162683705338, 13.0340527584928], [-42.5967309750443, 13.417194869538], [-42.846865776251, 13.5793450226847], [-42.9194653268096, 13.6128634412491], [-43.1181034371928, 13.6567361881247], [-43.2208266262634, 13.6868682890996], [-43.3949738547663, 13.7714540660499], [-43.4692058400288, 13.8268084964807], [-43.4997143132153, 13.8608740804362], [-43.6108851595047, 14.0586676360873], [-43.6319926841912, 14.1946415891525], [-43.622391862337, 14.3993178581886], [-43.5758353108916, 14.6246735630139], [-43.544323089851, 14.6919740853142], [-43.4686802123999, 14.7732584961582], [-43.4144447963287, 14.7882415594708], [-43.3850099841799, 14.7866152794445], [-43.3198018059151, 14.7694195031291], [-43.3014383784018, 14.7537930523967], [-43.2817526236037, 14.7254227922573], [-43.2481642414313, 14.5737727652716], [-43.1755130395406, 14.4198737288743], [-43.1440815563828, 14.3792816462186], [-43.0105437806162, 14.2714603411263], [-42.8111653919636, 14.1426067403133], [-42.6423347598247, 14.0275358106339], [-42.5729787697373, 13.9995838124878], [-42.3824111175784, 13.9447899376273], [-42.289592495014, 13.9387394998061], [-42.1567952966559, 13.9491895471556], [-42.0049593559814, 13.9860261733056], [-41.9234513097683, 14.0103607978261], [-41.852308189695, 14.0662327902719], [-41.797966654741, 14.0922054049865], [-41.5382110666231, 14.1326918917241], [-41.4052921402557, 14.1128608970157], [-41.3456785213584, 14.0813080181693], [-41.3041996710052, 14.0284968030271], [-41.2888294479849, 13.9738136545866], [-41.2888294479849, 13.9238509131662], [-41.3429016608302, 13.810109023712], [-41.352150688046, 13.7619297069178], [-41.3237953535264, 13.5855990840081], [-41.2831986999862, 13.5113083853067], [-41.1547910887212, 13.3629985831876], [-40.9911985644451, 13.1589847865547], [-40.9472412271888, 13.0611296204799], [-40.8838409713154, 12.9199235601767], [-40.7384226749807, 12.610150086702], [-40.6895748491305, 12.5060087002519], [-40.5530534853361, 12.26677480176], [-40.5172143481682, 12.1430053548641], [-40.5212311451982, 11.9819529902995], [-40.5259823257527, 11.7913317585557], [-40.4953087269457, 11.6311447938799], [-40.4544105961012, 11.3957033067051], [-40.4485070459204, 11.3817456769446], [-40.3675020679445, 11.1901586626698], [-40.3448526048358, 11.0034603989081], [-40.3419407365036, 10.9794493964383], [-40.3394558446124, 10.8623347379315], [-40.3368284700357, 10.7384547493087], [-40.3781175962009, 10.5429371896342], [-40.382838867348, 10.4469965784614], [-40.3675020679445, 10.2408002934106], [-40.3010426047608, 10.0344698588968], [-40.2150410309863, 9.91094595711381], [-40.1159885908303, 9.837296782059], [-39.9844641570077, 9.776307346379], [-39.9379681035034, 9.75474389573664], [-39.8594296531593, 9.74442334350901], [-39.7259142876641, 9.74700351173068], [-39.6589495284213, 9.76748505664625], [-39.5655146184529, 9.79606053790592], [-39.3450487941385, 9.89852171201562], [-39.0536496108612, 10.1099720013549], [-38.7929240263911, 10.2408002934106], [-38.7222484695417, 10.2882169545007], [-38.5679843062975, 10.3916889379382], [-38.5012638780322, 10.4313097011374], [-38.3651822162131, 10.5651134044724], [-38.1831947353539, 10.7290631696281], [-38.001207255393, 10.8631378631792], [-37.7737229045435, 11.0864616033671], [-37.65994711461, 11.1856913983452], [-37.5944547201691, 11.209915144947], [-37.5501266787377, 11.2144921956752], [-37.4059654129464, 11.2293769331012], [-37.3347016042148, 11.2229046855801], [-37.1540554958226, 11.067820514077], [-37.1295050232996, 11.0333056726908], [-37.1195273653703, 10.9755199333047], [-37.2580917101232, 10.4309075115437], [-37.4552448137136, 10.0428789049845], [-37.5765698009531, 9.71418237772858], [-37.5855790821926, 9.64017335287559], [-37.6220666709433, 9.34027195790135], [-37.4855760609726, 8.78615176038435], [-37.3767260221012, 8.33407558949148], [-37.3347864339237, 8.15975089844062], [-37.3339198273724, 8.15614798140907], [-37.3320117877427, 8.15302177910695], [-36.9423778351355, 7.48516102775958], [-36.849703137951, 7.33215797580762], [-36.7474804578174, 7.21171729761486], [-36.5763510539345, 7.03247453670163], [-36.3933376637831, 6.77292212034537], [-36.247393783837, 6.51127302755997], [-36.2419949440137, 6.50161770855706], [-36.1483954716684, 6.24115815414242], [-36.1229837384684, 6.17042225706981], [-36.0830869372132, 5.99299919070688], [-36.0600074640528, 5.71749070540371], [-36.0227329484183, 5.48254562682247], [-36.023862086713, 5.39262110535987], [-36.0909286735865, 5.11941166804697], [-36.0924967691532, 5.02959957419758], [-36.0823983138693, 4.95582522230136], [-36.0713511217627, 4.75768984403886], [-36.0728631912017, 4.70494776755431], [-36.1043635068698, 4.62850561544439], [-36.1343350300615, 4.58070595540692], [-36.1810157502389, 4.55910166545848], [-36.2220205236839, 4.55910166545848], [-36.2594793727164, 4.55910166545848], [-36.329460440223, 4.56755732895948], [-36.3818648633696, 4.60410627421937], [-36.4238362240604, 4.645418047383], [-36.5536479101993, 4.84534832046656], [-36.6317988920086, 4.96214568819724], [-36.732969589249, 5.08367711563871], [-36.8724344025478, 5.19052681143197], [-37.0526180717064, 5.32854603811649], [-37.1791972214994, 5.45456515358423], [-37.2105818988376, 5.49292504741543], [-37.3436839988779, 5.79757476459815], [-37.4152535384367, 6.09417654891389], [-37.4207228762468, 6.17263954509757], [-37.3714045640548, 6.41774400804239], [-37.2752051840209, 6.64473458742342], [-37.2799541771777, 6.73340790588609], [-37.3865262304225, 7.02965963250455], [-37.4086214069498, 7.06997910175158], [-37.4318927000678, 7.09899416913781], [-37.6486102086378, 7.32594132208565], [-37.7569237601469, 7.39204678379131], [-37.7810010127546, 7.39814303448096], [-37.8232429756534, 7.39898084015452], [-37.8923647318272, 7.36699145081584], [-37.949110100091, 7.32770203212491], [-38.001207255393, 7.22434675882345], [-38.0315385017537, 7.08891954134266], [-38.0756408208086, 6.81165767020732], [-38.0725175770934, 6.72326540660878], [-38.036698112132, 6.59676677148963], [-37.9673967009862, 6.27999126976972], [-37.9119555715306, 6.01816128181865], [-37.8287938786947, 5.64587130012081], [-37.6901910555049, 5.3975440750437], [-37.5100073863463, 5.12150581930582], [-37.3943320278961, 4.86542530916302], [-37.3822584432038, 4.78842841868411], [-37.3738272395277, 4.62877623678097], [-37.351718878427, 4.54881162320371], [-37.108059201162, 4.12682648383068], [-36.8308535556806, 3.62900033302491], [-36.4843464990536, 3.17241765461917], [-36.3180231124835, 2.84022915264902], [-36.2487217013377, 2.60487047986943], [-36.0408174670022, 2.36946781522781], [-35.9576557732679, 2.18942679402486], [-35.9160749264008, 2.00936414198354], [-35.9160749264008, 1.89854637369923], [-35.9793180947789, 1.81426641443901], [-36.1117121930179, 1.78521863194648], [-36.117138909361, 1.78509787346593], [-36.2561143213914, 1.8070305789512], [-36.3936511776139, 1.8897579509435], [-36.6256642672889, 1.96705184189822], [-36.7959062380791, 2.07196916999679], [-37.0457729829032, 2.29895538183681]]]}, "properties": {"OBJECTID": 233, "id": null, "Name": "Hills of Norvos", "type": "Rolling Hills", "continent": "Essos", "size": null, "Symbol": 2, "Shape__Area": 455026418793.5148, "Shape__Length": 6808851.059645684}}, {"type": "Feature", "id": 234, "geometry": {"type": "Polygon", "coordinates": [[[-40.1667100696995, 4.22238913220835], [-40.2355302371778, 4.25098584383659], [-40.3867082697045, 4.27637694049846], [-40.5641976047635, 4.28227675818865], [-40.8675100719639, 4.35788942546487], [-40.9847196702743, 4.42466971882237], [-41.0894091349579, 4.50204893455562], [-41.1859881627938, 4.73583609532796], [-41.2836881075429, 5.07112600610805], [-41.3214330151962, 5.15601721605219], [-41.3875791594835, 5.22452713908892], [-41.4949632421343, 5.2758552483113], [-41.5965352356768, 5.30308510447336], [-41.8452004829101, 5.35810506412424], [-42.0869583611417, 5.47500596315034], [-42.1875972530389, 5.49041803582917], [-42.3139215319212, 5.48074528647242], [-42.3369987062928, 5.47014288142515], [-42.3643821588965, 5.4292533648166], [-42.3839751833027, 5.35122783899661], [-42.3563457108888, 5.28245135298946], [-42.2596425601352, 5.1861514687849], [-42.1767541446902, 5.11047695342976], [-42.0455141534192, 4.97286411324534], [-41.9211815302517, 4.8971647400415], [-41.7968489070841, 4.80080770503934], [-41.6379794433993, 4.64936211076843], [-41.5896278684716, 4.52542781187376], [-41.5067394530266, 4.37392379575147], [-41.3547773574452, 4.24305471661447], [-41.2028152627621, 4.11216345585286], [-41.0370384318721, 4.02948417002243], [-40.8229100251561, 3.95368743583668], [-40.5949668822332, 3.89855817857386], [-40.4689102276437, 3.86711635313826], [-40.4191505417116, 3.8188103859087], [-40.3981736374573, 3.73857373688286], [-40.4046964628388, 3.64310406717011], [-40.4264443452873, 3.57178833193855], [-40.4941944422942, 3.53093458598654], [-40.7455434297951, 3.46821451813925], [-40.8712616009821, 3.46429301240039], [-41.0577605352842, 3.51255499674646], [-41.2304447342777, 3.60217775027083], [-41.4791099806127, 3.65732584199638], [-41.6899866000863, 3.77306422239504], [-41.7931227914054, 3.8741965729748], [-41.8590152182187, 3.9881413643719], [-41.9557183698707, 4.19483416498774], [-42.0662362568313, 4.30504813944806], [-42.2734572954438, 4.40835925636507], [-42.4806783340563, 4.54608501718891], [-42.6183469785209, 4.6947413343633], [-42.6610009195888, 4.77685967348123], [-42.6948067407723, 4.8971647400415], [-42.8467688363537, 5.17239313650397], [-42.8951204112814, 5.40624346584907], [-42.8951204112814, 5.61958548795404], [-42.9234028582955, 5.72179277528212], [-42.9452004741731, 5.76275944246247], [-43.0816910841438, 5.98904843104686], [-43.1651522321763, 6.22615513922029], [-43.18414855335, 6.37892367043616], [-43.1754440543166, 6.5864957825147], [-43.1334355626619, 6.70750149655847], [-43.0164353185251, 6.8720893075268], [-42.9442179687805, 6.92296939988454], [-42.7651995591742, 6.97951111375778], [-42.5784362408025, 6.9767023276504], [-42.368906786133, 6.87817610686036], [-42.2475817988935, 6.72758764576334], [-42.0959255652933, 6.45641141684016], [-41.9442693316931, 6.24539579671707], [-41.6890166243953, 5.9467969665306], [-41.6215475060362, 5.90844932751203], [-41.4307584047867, 5.8805404536412], [-41.3202405178262, 5.83244124601892], [-41.1682784231431, 5.65375119865385], [-41.0232236956652, 5.47500596315034], [-40.8988910724976, 5.35810506412424], [-40.705484770092, 5.20678840383886], [-40.5120784667882, 5.07607648340218], [-40.3808384755172, 4.9866267049538], [-40.194339541215, 4.82833968777378], [-40.063099549944, 4.70443705824939], [-39.9318595586731, 4.57362703721131], [-39.8662230762572, 4.45366670892608], [-39.8489711432281, 4.37163215531417], [-39.8489711432281, 4.30504813944806], [-39.8696932475385, 4.22238913220835], [-39.9180448233644, 4.17416730068551], [-39.9753680284431, 4.16654444408642], [-40.0531338162518, 4.17384419961813], [-40.1667100696995, 4.22238913220835]]]}, "properties": {"OBJECTID": 234, "id": null, "Name": "Velvet Hills", "type": "Rolling Hills", "continent": "Essos", "size": null, "Symbol": 2, "Shape__Area": 57581717774.93396, "Shape__Length": 1740580.6476445887}}, {"type": "Feature", "id": 235, "geometry": {"type": "Polygon", "coordinates": [[[-33.3635261231757, -6.18972732839643], [-33.3635261231757, -5.89086778362064], [-33.3117881565451, -5.77689850916099], [-33.1353535846652, -5.62328165181278], [-32.4793575368966, -5.36776760897519], [-32.2992970456281, -5.31988387302859], [-32.1793114860031, -5.2800596769761], [-31.9993331474639, -5.1672106258911], [-31.8193548080264, -4.91488776081364], [-31.6460423336114, -4.68904402695344], [-31.4260688085306, -4.43654416726859], [-31.2794197915106, -4.23049325109549], [-31.2558932115618, -4.17290139913404], [-31.2060952834497, -4.05098478528516], [-31.1061073170956, -3.89803867488345], [-31.0896013675363, -3.88260000367101], [-30.9994534866172, -3.79827615288689], [-30.8994655211614, -3.72510962345816], [-30.6994895884531, -3.6519370094401], [-30.6854003720111, -3.64966916721834], [-30.4448666109492, -3.63366596271379], [-30.4195232835597, -3.63197980273608], [-30.1966109469764, -3.63551097979252], [-30.1897127713332, -3.63556224657431], [-29.946328730435, -3.62797176999648], [-29.5812526686385, -3.6127906239035], [-29.5247532393366, -3.6148044487069], [-29.3424338327765, -3.63113374693954], [-29.3329873864039, -3.63197980273608], [-29.0796845389056, -3.67189377337424], [-28.9197037927389, -3.75836789782724], [-28.7930523689898, -3.8581350693843], [-28.6197398945748, -3.98448996489664], [-28.4797567425773, -4.13077134864284], [-28.3131101322864, -4.40996012627604], [-28.2197880309547, -4.58938365830244], [-28.0731390139348, -4.78204754998014], [-27.9398217260614, -4.97465725943811], [-27.8065044381881, -5.36634217686358], [-27.6398578278973, -5.87714332709629], [-27.5132064041481, -6.18870342643118], [-27.3198963364623, -6.51332577826601], [-27.1532497261714, -6.77154918961759], [-27.0066007091515, -7.01640278781443], [-26.8932810145489, -7.21483844340483], [-26.8332882347364, -7.39335624674799], [-26.7133026760098, -7.72375299187054], [-26.6789784487539, -7.92778021409732], [-26.6933050827389, -8.15947958193445], [-26.7266344042581, -8.25844304987249], [-26.7399661334048, -8.33100051219662], [-26.7999589132173, -8.46948185029177], [-26.8399540997589, -8.54859172584233], [-26.9066127436956, -8.64086582206777], [-26.9866031158806, -8.72652870059973], [-27.0665934889639, -8.78582226830026], [-27.1399179979231, -8.83851970284612], [-27.3198963364623, -8.91096636343344], [-27.3998867095456, -8.95706131380414], [-27.5332039974189, -8.99656662106011], [-27.5674855852416, -9.00315041990661], [-27.6598554211681, -9.00315041990661], [-27.8131703023123, -9.01631765880941], [-27.8560874497584, -9.01631765880941], [-27.8727445453558, -9.01631765880941], [-28.0998024713298, -9.01631765880941], [-28.3997663694939, -9.01631765880941], [-28.6064081663264, -9.01631765880941], [-28.7397254541998, -9.01631765880941], [-28.8797086070956, -9.01631765880941], [-28.9996941658223, -9.01631765880941], [-29.1530090469664, -9.05581649111015], [-29.2396652841739, -9.1084748467427], [-29.3396532505281, -9.18744782124346], [-29.4312734288753, -9.24862577831978], [-29.5929560980264, -9.31245230793886], [-29.7905136024965, -9.40418319418886], [-29.8195954872314, -9.41768459292449], [-30.1928838943547, -9.59519122299088], [-30.2992007577868, -9.63238674162087], [-30.3995256902889, -9.6674821943866], [-30.6461626736631, -9.64776801088759], [-30.8261410122022, -9.58204574952449], [-30.9576498710344, -9.50098980016987], [-30.9861217583689, -9.4834385184691], [-31.1261049103664, -9.33876336458484], [-31.2794197915106, -9.13480111800679], [-31.5860495546972, -8.74629427290998], [-31.7108244535134, -8.60375949194484], [-31.7526961640897, -8.5749580434016], [-31.8993451811097, -8.43651459198035], [-32.1326504353372, -8.24524934731235], [-32.4059508761064, -7.98128375831592], [-32.4632117946982, -7.89976040658037], [-32.5126047065847, -7.82942593392313], [-32.6392561303339, -7.61144652890639], [-32.7392440957897, -7.36030278695109], [-32.8125686047489, -7.13547448526041], [-32.9131180046809, -6.91896407049547], [-33.1068320178005, -6.64416619514189], [-33.2965089059136, -6.35100882299428], [-33.3635261231757, -6.18972732839643]]]}, "properties": {"OBJECTID": 235, "id": null, "Name": null, "type": "Grass", "continent": "Essos", "size": null, "Symbol": null, "Shape__Area": 332374502468.23865, "Shape__Length": 2213064.456894479}}, {"type": "Feature", "id": 237, "geometry": {"type": "Polygon", "coordinates": [[[-10.6883794582709, -7.51161876211887], [-11.1415845460815, -7.69879304176029], [-11.3599363901906, -7.83725580504852], [-11.5042830925111, -7.90874885382265], [-11.7558550095261, -7.96325316788097], [-11.9377442955416, -7.97914715497242], [-12.3123643571573, -7.94822988468899], [-12.6774462328503, -7.94822988468899], [-13.4201990159505, -7.99809921826541], [-14.2104669050066, -8.09671658144486], [-14.6572443843643, -8.1537865772463], [-15.0448466415479, -8.23972121117415], [-15.3971448754019, -8.33995158049134], [-15.7507567040178, -8.47890265655492], [-16.1016624530617, -8.63338600846031], [-16.5171004502214, -8.82003527697461], [-16.6510549005494, -8.87603388966098], [-16.7839435150641, -8.93157849363113], [-16.8819077028473, -8.98533914290532], [-17.1412156945951, -9.1823050875991], [-17.2695323568275, -9.34060997510879], [-17.4644125745271, -9.60971978077199], [-17.5391001340978, -9.79581261937778], [-17.6123460799954, -10.0122756088931], [-17.7508254126814, -10.3592124757693], [-17.8893047444691, -10.7552413339815], [-17.9648389257709, -10.9036192562363], [-18.0781401977236, -11.1260471217134], [-18.2040305004921, -11.3359621299496], [-18.3299208023623, -11.5333885080628], [-18.4558111051307, -11.6567096938994], [-18.5046773509359, -11.684056012904], [-18.6104308080898, -11.7060228725621], [-18.720180739687, -11.7060228725621], [-18.7334381530068, -11.7060228725621], [-18.8372108824514, -11.6721493293232], [-18.9929378290666, -11.5782832081312], [-19.0699928060421, -11.555366568313], [-19.4145671831495, -11.5731339206635], [-19.4967602953781, -11.5475120870152], [-19.5667408355736, -11.4840831650691], [-19.6470880563187, -11.3134313486418], [-19.6719123964257, -11.2144236041887], [-19.6249495315874, -10.8225988451502], [-19.5818336956651, -10.3564033619695], [-19.4913930007943, -10.1860485464122], [-19.1881795791422, -9.8874758213372], [-18.5480511120409, -9.43672844220776], [-18.4360843961389, -9.32625931448759], [-18.3449441283592, -9.17402769366093], [-17.800792668733, -8.26380770946491], [-17.6356853558175, -7.73697519901346], [-17.6184881957663, -7.5942361195305], [-17.6358333739218, -7.4108048604237], [-17.7256915472634, -7.25483919195759], [-17.7904397485769, -7.20033785016674], [-17.9098643318666, -7.15912457296716], [-17.9809627230252, -7.09193478616396], [-18.0320238207673, -6.99058279511714], [-18.1347932218711, -6.68446773296952], [-18.1604855716979, -6.63342967601446], [-18.2632549728016, -6.42922497115829], [-18.3234385862215, -6.33950942098376], [-18.3581626733733, -6.30696874451812], [-18.4349717778623, -6.27601746115306], [-18.4574151584617, -6.27601746115306], [-18.5376232472372, -6.31353487652651], [-18.6625310482065, -6.42215487562919], [-18.7134386831553, -6.54138438290039], [-18.7514096257987, -6.78652782380386], [-18.7312227790571, -6.91680520629803], [-18.7602796043888, -7.13309528583315], [-18.7719774031366, -7.22014144752199], [-18.8027943263506, -7.4493769397634], [-18.7230974993459, -7.8048391669554], [-18.7309786699634, -7.90789415500114], [-18.8060126172127, -8.03174281700948], [-18.8566134047286, -8.07695649150693], [-18.9218460189658, -8.11122490468917], [-19.0192757810201, -8.11122490468917], [-19.0812434342212, -8.07570623093817], [-19.1367948785903, -7.98402826707076], [-19.1881795791422, -7.8313400613301], [-19.2652566295208, -7.65313313577968], [-19.3913751196429, -7.45666742445523], [-19.4451030810033, -7.32938431780579], [-19.4451030810033, -7.16905791656875], [-19.3549176882346, -6.87815519654163], [-19.3423336798995, -6.83754977696198], [-19.3423336798995, -6.32709169246731], [-19.4038375868183, -6.18443715567156], [-19.4745997655156, -6.1483100629449], [-19.5916185733378, -6.1483100629449], [-19.6861133111868, -6.18628897792748], [-19.956808338493, -6.47602845502481], [-19.9897690947259, -6.57711745603395], [-19.9904816051715, -6.58702685288807], [-20.010334784379, -6.86305871413902], [-19.9846766846191, -7.04134477728366], [-19.9746857720477, -7.31889632477887], [-19.9918362924678, -7.42661823589126], [-19.9589500847254, -7.62766888193182], [-19.7813509144533, -8.23075578529193], [-19.7255465206699, -8.31213835859745], [-19.5530216944859, -8.52988294590744], [-19.4962536725073, -8.67132963681548], [-19.4818064378987, -8.72845366323637], [-19.47079543083, -8.77198505968779], [-19.450090761921, -8.85382596401628], [-19.4122156802982, -8.94612630947021], [-19.3940811569941, -9.07917667749488], [-19.3999883714029, -9.14333617474928], [-19.4613552097824, -9.22663366851632], [-19.500700613438, -9.2800295945405], [-19.6265909153082, -9.3173004053468], [-19.6763920198632, -9.3173004053468], [-19.7902483078293, -9.3173004053468], [-19.9916727918995, -9.32972312556705], [-20.0546179423855, -9.3545672388547], [-20.1930972750715, -9.46634372223065], [-20.3640047052477, -9.58532073629265], [-20.4382843928484, -9.60973407347205], [-20.4973880345658, -9.59913858414651], [-20.5849151084912, -9.52487097782308], [-20.7092475142664, -9.3173004053468], [-20.8980829675208, -9.09361641851304], [-21.0269789946024, -8.94509713134006], [-21.0762508513178, -8.86356141973543], [-21.1611221827682, -8.76572367971893], [-21.2435675931325, -8.67040390612569], [-21.4266375528923, -8.35356082238897], [-21.445176086309, -8.28159772898599], [-21.4229076571028, -8.09424565254018], [-21.4365876361356, -7.97620480897495], [-21.5523255173295, -7.663491737258], [-21.5790035121608, -7.61501616898125], [-21.6235898893049, -7.56805836616293], [-21.6958711703516, -7.54698383738097], [-21.7780932864857, -7.56579339669957], [-21.8597054959493, -7.63933412516088], [-21.9152743811097, -7.76323634725077], [-21.9372610483371, -7.87868172081896], [-21.9372610483371, -8.01068388171687], [-21.9681505365614, -8.34701173998508], [-21.927910186304, -8.52613373489332], [-21.8850512622647, -8.60352504719347], [-21.8380222418956, -8.67970028211837], [-21.8041772388943, -8.80394992011176], [-21.8044931431421, -9.10604700628958], [-21.842260233793, -9.3545672388547], [-21.9382357842008, -9.46818764849269], [-22.0288078711565, -9.49899255289356], [-22.2603876333014, -9.48142252832234], [-22.3357593497925, -9.44060485039345], [-22.6101910776265, -9.18062143760695], [-22.7234923495791, -8.95685158429171], [-22.8367936215318, -8.78271290537729], [-22.9044397115951, -8.74092748912726], [-23.1008081376832, -8.6196030083084], [-23.2111623632771, -8.59365716425615], [-23.5834177482479, -8.5673302424708], [-23.7645355503176, -8.57198207892384], [-23.9823953718742, -8.62093941867816], [-24.22996099047, -8.61249903051341], [-24.3635454382071, -8.59437022739101], [-24.4371359464068, -8.52968546549147], [-24.4607785204182, -8.47229127207705], [-24.4607785204182, -8.24286451896986], [-24.4662518692061, -8.19681900141774], [-24.5346936393373, -8.03226750723479], [-24.5615119537109, -7.99185539168381], [-24.7755042755428, -7.88588469812849], [-24.9202454281045, -7.8094123848697], [-24.9785128963958, -7.74398326447541], [-24.9917069542336, -7.70476025577931], [-24.9886964535781, -7.63315447724236], [-24.9265726381464, -7.38679097616882], [-24.8584295228128, -7.22908201280817], [-24.7863883578483, -7.10294361185951], [-24.5613912533744, -6.92216569263592], [-24.4738681553925, -6.8810909406329], [-24.3271649376215, -6.82040102982235], [-24.0956966438269, -6.72462889449414], [-23.5543683438986, -6.61209413293055], [-23.3440607146311, -6.52255373300536], [-23.2809324102352, -6.47551176330816], [-23.2595996590424, -6.41898420338893], [-23.2536313609909, -6.37987484771762], [-23.2673809010677, -6.32842986509114], [-23.312168955383, -6.26045777346668], [-23.3566690439542, -6.20320972663415], [-23.5166012532477, -6.08659999681472], [-23.6748199387132, -5.95409807956433], [-23.7012623898871, -5.93195043186017], [-23.7244706392385, -5.88699559530128], [-23.7323569832538, -5.81050402007387], [-23.7054367065022, -5.72345594204465], [-23.5309408903466, -5.60088342008647], [-23.4071187716702, -5.55738851915073], [-23.2899987093425, -5.53553132031272], [-23.0633961654371, -5.53553132031272], [-22.2954653225019, -5.64829339249467], [-21.9390003448306, -5.68154877360898], [-21.8084245813555, -5.67601962695173], [-21.5535883554812, -5.64618511756443], [-21.3578017529313, -5.59021868384303], [-21.0729330396986, -5.46870021052875], [-20.9719236691035, -5.37160999334024], [-20.8099597563015, -5.13442828100833], [-20.6543715068712, -4.83411631283611], [-20.5350325330281, -4.71266095437756], [-20.3310876511551, -4.59799468270314], [-20.1886526985066, -4.56049045840809], [-19.8640994352591, -4.52730757003302], [-19.6314999415363, -4.54236414919324], [-19.5214942272383, -4.55802972091575], [-19.2672938109559, -4.65877060252121], [-18.883838132208, -4.85852231320466], [-18.5313452864325, -5.03411231110538], [-18.4673465899848, -5.07468038865975], [-18.1159072883745, -5.29740794191581], [-18.0933756788412, -5.31043479658739], [-17.7256473519481, -5.52300086577324], [-17.285031294055, -5.62323703533778], [-16.781470085676, -5.72345594204465], [-16.3660320876179, -5.72345594204465], [-15.7239915465528, -5.63576534863209], [-15.668254874962, -5.62611878932761], [-15.144896156872, -5.53553132031272], [-14.8045710275526, -5.45084077420161], [-14.5618791152245, -5.42274773721032], [-14.3392884958871, -5.42274773721032], [-14.229182950015, -5.46439914883148], [-14.0928554911679, -5.58501618196988], [-14.0859072389392, -5.6766362847925], [-14.3643762831209, -6.08659999681472], [-14.3791828824708, -6.11972601997747], [-14.4415310665178, -6.25919166177011], [-14.4601130271902, -6.37616268920981], [-14.4439720631309, -6.58465438647843], [-14.4103532882575, -6.67429085762194], [-14.2773764654701, -6.84155783564207], [-14.1777548662248, -6.88995923444621], [-13.8141087346127, -6.96595733528087], [-13.646169365983, -6.9584651534173], [-12.8914597468381, -6.86213595346211], [-12.0354056917853, -6.74963309538131], [-10.9149820021762, -6.66211277152342], [-10.6207264098574, -6.64123599540535], [-10.5165123776396, -6.64580280015524], [-10.3399293609556, -6.6792105171977], [-10.2731113109718, -6.70699023662583], [-10.1549311818116, -6.80087822990573], [-10.106684102511, -6.8758581621895], [-10.0996824427438, -6.98011621063755], [-10.0991929219994, -6.98740455007359], [-10.1383558598545, -7.07885926160945], [-10.2712926141869, -7.25197602847082], [-10.4020737891299, -7.34677235333039], [-10.6883794582709, -7.51161876211887]]]}, "properties": {"OBJECTID": 237, "id": null, "Name": "Painted Mountains", "type": "Desert Mountain", "continent": "Essos", "size": null, "Symbol": 1, "Shape__Area": 482216142985.0088, "Shape__Length": 6159285.491877883}}, {"type": "Feature", "id": 238, "geometry": {"type": "Polygon", "coordinates": [[[-23.0843002756106, -11.8433025175519], [-23.1679635400905, -11.8619114942018], [-23.2782469335242, -11.8693547298915], [-23.4075447051672, -11.8544680554109], [-23.4721935914378, -11.8544680554109], [-23.5558568550194, -11.8916832153949], [-23.5710683574071, -11.9549372992123], [-23.525433850244, -12.0293349368904], [-23.5102223478563, -12.1148667706419], [-23.517828098601, -12.1892200138028], [-23.5330396009887, -12.2263888290449], [-23.5596597308409, -12.2821322520477], [-23.5900827356163, -12.334148798262], [-23.6395201194992, -12.3935836342832], [-23.6927603783053, -12.453004926052], [-23.7954380209944, -12.508700031113], [-23.9019185386067, -12.5495354791564], [-24.0059251740799, -12.5995558287061], [-24.0405452399151, -12.6456239945868], [-24.0692450666681, -12.6979732666684], [-24.0882594448773, -12.7981198754299], [-24.0958651965203, -12.8908127828376], [-24.1072738230865, -12.9686483213689], [-24.1414997036834, -13.0242302390883], [-24.1773660409398, -13.0726090515728], [-24.2490173703086, -13.1144821516293], [-24.2822061027909, -13.1279497516776], [-24.3620664914492, -13.1723875901361], [-24.5217872678676, -13.2760444748801], [-24.5826332783167, -13.3130540885732], [-24.7575655580211, -13.40925257782], [-24.8602432007102, -13.4462417616928], [-24.9591179666794, -13.4240489352734], [-25.0085553505624, -13.3611581280968], [-25.0427812311593, -13.2575375515818], [-25.0503869828023, -13.176090379872], [-25.0237668529501, -13.0872080026496], [-25.0199639771286, -12.972354169672], [-25.0275697287716, -12.8611547735432], [-25.0617956093685, -12.6905534258348], [-25.0694013610115, -12.4864234271191], [-25.0541898577255, -12.3415788909949], [-25.0313726045931, -12.2449712785566], [-24.9895409723532, -12.1223030295629], [-24.9439064642917, -11.8619114942018], [-24.9096805836948, -11.713004296017], [-24.8678489514549, -11.6049963232654], [-24.7993971902611, -11.526757519975], [-24.7233396774242, -11.4671323673353], [-24.5826332783167, -11.4037668502653], [-24.3835377152481, -11.3743856458654], [-24.3824731469577, -11.3740882269679], [-24.2675134915658, -11.343120981109], [-24.1453025795049, -11.2658048932362], [-24.0388220618927, -11.1315080859404], [-23.9665674248773, -11.0494072653019], [-23.9057214144282, -10.9971493126976], [-23.8334667774128, -10.9560829930156], [-23.7650150153207, -10.941148370911], [-23.5558568550194, -10.9187450287372], [-23.2402181771058, -10.9448820970296], [-23.01965138934, -10.9896831343105], [-22.7382385920234, -11.060604188224], [-22.6545753284418, -11.1128508346483], [-22.6203494469466, -11.1837420241398], [-22.6279551985896, -11.2508861080578], [-22.6697868308295, -11.3441157993708], [-22.7344357162018, -11.4224052381697], [-22.8371133588909, -11.5528395498572], [-22.890353617697, -11.6347958193236], [-22.9283823741154, -11.7055568204437], [-22.9740168821769, -11.7651309961556], [-23.0076209660021, -11.8099884037174], [-23.0553033481454, -11.8338424681553], [-23.0843002756106, -11.8433025175519]]]}, "properties": {"OBJECTID": 238, "id": null, "Name": null, "type": "Grass", "continent": "Essos", "size": null, "Symbol": null, "Shape__Area": 40528629580.59448, "Shape__Length": 914583.1548021211}}, {"type": "Feature", "id": 246, "geometry": {"type": "Polygon", "coordinates": [[[-8.6557260326439, -13.9397104248359], [-8.62539478628318, -13.3944730080294], [-8.62539478628318, -12.9071339687591], [-8.62539478628318, -12.547917390554], [-8.67708129112611, -12.3350542836476], [-8.786488770564, -12.0320488175806], [-8.80738226714241, -11.9062687913432], [-8.80738226714241, -11.5174373525979], [-8.73677525444418, -11.2290187974123], [-8.692383997668, -11.1193936835929], [-8.42824168269275, -10.7251712670689], [-8.00360422825286, -10.1434955135149], [-7.65479489016392, -9.7850114083942], [-7.5244911904557, -9.65657860478358], [-7.46684940684461, -9.61524876271284], [-7.28231561088838, -9.48959932807916], [-7.15489941810017, -9.4202557407896], [-6.97036562304224, -9.33355668329418], [-6.79922428683743, -9.2594083214845], [-6.79022548893722, -9.25550908573092], [-6.64084098689272, -9.21214181198434], [-6.46509451463901, -9.17744415837], [-6.28934804238526, -9.19045617700729], [-6.13996354123909, -9.25984551934078], [-6.03012199585592, -9.34656292082872], [-5.91149312766857, -9.45926322824869], [-5.81483256783917, -9.58059148600398], [-5.7577149646711, -9.68888367060569], [-5.71377834615854, -9.81445881536022], [-5.70938468430727, -9.89237810765691], [-5.70938468430727, -9.97460620350959], [-5.72695933171232, -10.0395084726409], [-5.77968327302909, -10.1087232154913], [-5.84998186175093, -10.1476499642503], [-5.95103608343157, -10.1995449307464], [-5.96394095830805, -10.2048615585092], [-6.13654575970515, -10.275963767436], [-6.1583556097386, -10.293658375285], [-6.17578208991899, -10.3090893957005], [-6.18812542072484, -10.3200188668015], [-6.22783677736595, -10.3551789346396], [-6.30229556927143, -10.454777671433], [-6.33767832274912, -10.5020957284084], [-6.38769170729054, -10.6314779328044], [-6.40006259751098, -10.7104981415971], [-6.47168979004648, -10.8723272092715], [-6.54542339268431, -10.9809224922447], [-6.59251070742719, -11.0976787160665], [-6.64962831059526, -11.3433302454416], [-6.65841563429777, -11.6361117091805], [-6.63644732504149, -11.8769950868738], [-6.62766000133895, -12.0532214265844], [-6.64523464874399, -12.1606198484072], [-6.65841563429777, -12.2121557112493], [-6.68038394355408, -12.3109047098586], [-6.68477760540532, -12.362411204816], [-6.67159661985154, -12.422489289103], [-6.61008535483224, -12.4825535002129], [-6.55413898411476, -12.5016076487123], [-6.41121377410331, -12.4928864738444], [-6.32502388649575, -12.4676404950034], [-6.24941025729193, -12.4236900370216], [-6.19268748345419, -12.2851669956213], [-6.19268748345419, -12.1906836517868], [-6.19671312709313, -12.1237824900268], [-6.2014748062584, -12.0446276901848], [-6.23662410106849, -11.8726954519302], [-6.27245930181878, -11.6622031796308], [-6.28056071958105, -11.6145940540365], [-6.26298607217604, -11.541421620005], [-6.23662410106849, -11.4940645719062], [-6.19184615369845, -11.4689892045142], [-6.17511283604915, -11.4596180813727], [-6.1737567177367, -11.4596180813727], [-6.13996354123909, -11.4596180813727], [-6.05209030511223, -11.4725360074475], [-5.98179171639039, -11.5198966778969], [-5.85876918545344, -11.6059865267158], [-5.66984172854424, -11.6791420237462], [-5.57133633454849, -11.696367558159], [-5.47538010061425, -11.6681769939552], [-5.45800461509759, -11.6435314200878], [-5.45808762661637, -11.6428267933207], [-5.42379666667038, -11.5672493698379], [-5.44137131407539, -11.4854533433326], [-5.51166990279724, -11.3734835105941], [-5.51960497862004, -11.34809745631], [-5.53803187390479, -11.334714441709], [-5.66544806669301, -11.2269950434574], [-5.74014031726609, -11.1623440787345], [-5.79286425858286, -11.0976787160665], [-5.81483256783917, -11.0114359722826], [-5.81483256783917, -10.9337958937811], [-5.78847059673162, -10.8388748700556], [-5.78430818009911, -10.8197961885509], [-5.72855702766593, -10.7376449121348], [-5.65666074299047, -10.6748495792038], [-5.53363821205352, -10.6273519877099], [-5.41940300481911, -10.614396816214], [-5.24805019441663, -10.614396816214], [-5.18404968696525, -10.6172561393684], [-5.10835348731546, -10.6474169227051], [-5.02836710454862, -10.7007542305649], [-4.97124950138058, -10.8216132587715], [-4.94488753027303, -10.9337958937811], [-4.92731288286798, -11.058872619859], [-4.83504598488986, -11.2140660059699], [-4.77353471987055, -11.2743965550709], [-4.73340157006753, -11.3117848521318], [-4.57142627650925, -11.3562534636762], [-4.51064890633099, -11.3517843687486], [-4.43310729399974, -11.3460824614624], [-4.38193643111305, -11.3084518715823], [-4.33352337279242, -11.1855539214634], [-4.33352337279242, -11.1272193703438], [-4.37902024278262, -10.9337086525761], [-4.42451711277285, -10.8294581088941], [-4.54584210001233, -10.6059422851951], [-4.60650459273378, -10.4120962854616], [-4.66459815077934, -10.2926053112534], [-4.73150934078675, -10.2221699034123], [-4.74075421598936, -10.2172072480051], [-4.89438812212857, -10.0848818985104], [-5.07638376777541, -9.98034116893318], [-5.14860657119203, -9.87758185689832], [-5.22086017334816, -9.64971943027482], [-5.32011096870545, -9.37237471770779], [-5.37474421897151, -9.2965016452052], [-5.49047687107216, -9.20304256280328], [-5.63469243373419, -9.07333087814939], [-5.84558820079799, -8.95182721070347], [-5.91588678951981, -8.88671922515941], [-5.91588678951981, -8.79554862534486], [-5.85876918545344, -8.73475573824235], [-5.57757483056612, -8.66526601862892], [-5.27880582737545, -8.61314029378773], [-5.06791006120994, -8.58707473427042], [-4.82186499933608, -8.59576345334109], [-4.53627698259749, -8.66092248445886], [-4.33450791736066, -8.71530523974866], [-4.23152503252793, -8.76054418001437], [-4.06430236678137, -8.8657021870503], [-4.00225996117223, -8.92579641758108], [-3.87855467109348, -9.09684617632573], [-3.72689843749328, -9.4261400683468], [-3.51457971027336, -9.87466927028792], [-3.2719297366927, -10.4568407585981], [-3.09187313512934, -10.7812907332435], [-3.06637020855493, -10.8272172818174], [-2.99894851585301, -10.9485986051378], [-2.81012636125804, -11.4472860154054], [-2.79636582220883, -11.5256672232478], [-2.72596729501333, -12.2558738803849], [-2.72191394822936, -12.3707168840876], [-2.71751656286123, -12.4952503977975], [-2.73267349259543, -12.7343721240313], [-2.81963171375706, -12.9293810212605], [-2.86472509825089, -12.9890204646465], [-2.94638313347206, -13.0468818345265], [-3.15060474945322, -13.0992314876216], [-3.65107032114236, -13.1140020434664], [-4.13637026830366, -13.1878414970195], [-4.39418586551383, -13.2911792569827], [-4.64879969906643, -13.4209411843332], [-4.74283025315367, -13.4886817470677], [-4.76401131392927, -13.5133966310626], [-4.86558452828215, -13.631880525476], [-4.88509390695901, -13.668799353295], [-4.91611894736648, -13.7608951476787], [-4.91836317160987, -13.8175632696651], [-4.85516981122105, -14.1037543424499], [-4.82921757878256, -14.1653461034043], [-4.57617334637305, -14.6011010001332], [-4.24252963191363, -15.1141491936041], [-4.07570777468391, -15.5090854713338], [-4.05017403769192, -15.6074779894583], [-4.00531323870322, -15.7802316043712], [-3.9967333189318, -15.9473577614112], [-4.0525571450715, -16.3548728318687], [-4.1268250341993, -16.4607751056817], [-4.36385461915311, -16.6311859407055], [-4.62167021636329, -16.8780565545798], [-4.92498268356369, -17.2549985346611], [-5.13730141078364, -17.5299708584923], [-5.27379202165263, -17.8045269734061], [-5.30268295869414, -17.8470330518361], [-5.44061387888234, -18.0498250137962], [-5.48990215500453, -18.0894735711493], [-5.60514403770253, -18.1821416419765], [-6.02523187557132, -18.3068196505618], [-6.0364118925758, -18.3084004781321], [-6.47206976303861, -18.3699901991586], [-6.9189076514042, -18.4060772793504], [-7.42278867349911, -18.4692114654646], [-8.01223439798464, -18.5773874238684], [-8.5256226096333, -18.6404584083849], [-9.12457552367259, -18.5954100899768], [-9.47634152009383, -18.4511754935633], [-9.62845654576749, -18.3519438272788], [-9.87564346248724, -18.1171699723442], [-9.99923692129626, -17.8820809448588], [-10.1302363311577, -17.7006491484498], [-10.4633401707078, -17.5675243638111], [-10.5997013909383, -17.5530791667336], [-10.8066271892495, -17.5758420714467], [-10.9559943133848, -17.5668009327679], [-11.4462007328639, -17.3129217504836], [-11.6585194600838, -17.052124354395], [-12.0493967349431, -16.8871869498369], [-12.3694647153668, -16.8790196749132], [-12.741664336518, -16.9638018559679], [-12.8844733880751, -16.9620727932629], [-13.1180619026712, -16.9062077546247], [-13.2238942840093, -16.7991326919168], [-13.2812411614924, -16.6893019203829], [-13.2660755378629, -16.4712763425481], [-13.3267380314826, -16.2238839687093], [-13.4025661478336, -16.0490664337966], [-13.5087255114435, -15.757363333538], [-13.9485285895129, -15.3775229662775], [-14.1668339098735, -15.1173446152799], [-14.1843240024541, -15.0347805408621], [-14.1080461544376, -14.9119673852563], [-13.9987363622953, -14.8547443509132], [-13.8272036022735, -14.8651065985599], [-13.4480630178238, -14.9530370575598], [-13.2054130442431, -15.0555770471954], [-12.735278719813, -15.2897684041566], [-12.3864693826224, -15.362899767277], [-11.6130225900936, -15.4944715404185], [-10.8092445521023, -15.8449186441592], [-10.3328690816245, -16.1702710357463], [-10.1842557158778, -16.2190950396368], [-10.0239556132377, -16.2717449264616], [-9.90096776176231, -16.2785889464524], [-9.86499628927836, -16.2805906390826], [-9.63035798367826, -16.2936469805754], [-9.14549133979254, -16.2607929831392], [-8.73478076993462, -16.1457607768606], [-8.48949529112564, -16.107401820708], [-8.2898443203781, -16.107401820708], [-8.12074241858304, -16.1192890397231], [-8.05596746813532, -16.1238422823999], [-7.79927336276013, -16.1567191145174], [-7.71941297410179, -16.2443639228834], [-7.71941297410179, -16.331969685293], [-7.77075179499715, -16.4414216948108], [-7.86838331327442, -16.5666652608615], [-7.88483806425243, -16.6054839700313], [-7.99892433350767, -16.8458550939778], [-8.03885452783686, -17.0313877479934], [-8.05026315440304, -17.2276336536008], [-8.09019334873222, -17.4998515637858], [-8.0811630163723, -17.6662812422857], [-8.0642667218726, -17.7467605552708], [-8.05704499642029, -17.7605161575624], [-8.01600571688853, -17.8386657371294], [-7.97880125008325, -17.8622746934065], [-7.91727683372816, -17.8622746934065], [-7.85194799465265, -17.8622746934065], [-7.8422971429254, -17.8609624533179], [-7.74578863104268, -17.8478395190205], [-7.73315061150116, -17.8297939049166], [-7.68512613742294, -17.7612039100891], [-7.59413239744248, -17.5878069238022], [-7.54863552655395, -17.2694810466], [-7.5162319503761, -17.1147023162814], [-7.50264906215745, -16.9222730460662], [-7.44560592752983, -16.763944459546], [-7.41138004693293, -16.6819985365151], [-7.28018083737919, -16.5617476657153], [-7.20032044872084, -16.4414216948108], [-7.10905143349629, -16.3702848805097], [-6.98926085050879, -16.3374437449868], [-6.71333190957389, -16.3653141136272], [-6.48157695259236, -16.4304792631999], [-6.24199578661733, -16.4578341862892], [-6.08227501019894, -16.463304708522], [-5.80846796362698, -16.4195362144224], [-5.63163424691016, -16.3429176505177], [-5.5847905292212, -16.2430010815743], [-5.58522187776274, -16.2239501472291], [-5.62022561944566, -16.1567191145174], [-5.65825437586408, -16.1201889649405], [-5.66514708795367, -16.1135671542114], [-5.704991022456, -16.0882410258073], [-5.76853776929783, -16.0745168113983], [-5.95107580064524, -16.1019213645717], [-6.11610658338672, -16.1166702675951], [-6.14502245855885, -16.1128821263308], [-6.27051735438031, -16.079998024591], [-6.36178636960486, -16.0032473099352], [-6.43594244453095, -15.860632103835], [-6.45875969856164, -15.7783081374855], [-6.4758726388601, -15.6355341467268], [-6.48157695259236, -15.5146475262098], [-6.48157695259236, -15.4750500564346], [-6.48157695259236, -15.3056767811573], [-6.47810896511551, -15.173508403414], [-6.47258681804479, -14.9628834846724], [-6.51737313771328, -14.6597965132435], [-6.56816710793095, -14.4828198887451], [-6.62422268054928, -14.3640632158802], [-6.85028439014453, -14.1345230544752], [-7.01722648597671, -14.0450411151111], [-7.30911806820055, -13.9700732813865], [-7.44509108687083, -13.9700732813865], [-7.51556468447801, -13.9864266221818], [-7.59965025685439, -14.0309274154242], [-7.7609542537739, -14.1162704918983], [-8.10160374228459, -14.4683829094823], [-8.18151347090991, -14.5290612296372], [-8.26867766768135, -14.554739611404], [-8.35166243193215, -14.5662138294987], [-8.51602033161009, -14.5417393884002], [-8.5564114667829, -14.5217554684973], [-8.6026320420239, -14.4507709482851], [-8.62129927437639, -14.3847814136074], [-8.6557260326439, -13.9397104248359]]]}, "properties": {"OBJECTID": 246, "id": null, "Name": null, "type": "Desert Mountain", "continent": "Essos", "size": null, "Symbol": null, "Shape__Area": 554652053470.1832, "Shape__Length": 6814892.579385066}}, {"type": "Feature", "id": 249, "geometry": {"type": "Polygon", "coordinates": [[[-0.847160774164261, -17.3179352140437], [-0.702637127987349, -17.3479266897208], [-0.694191627623478, -17.3470998841732], [-0.607139414835377, -17.3055488172438], [-0.535781714190194, -17.2064276446134], [-0.412527502351598, -17.1320518836226], [-0.289273291411298, -17.1196530263797], [-0.185480270821067, -17.1196530263797], [-0.120609632727598, -17.138251003001], [-0.0631527825891332, -17.1931484477385], [-0.0427648686324029, -17.2467020436864], [-0.0297907408340497, -17.3365132453871], [-0.0151948476223506, -17.3875931286534], [-0.0103295495856517, -17.4046165899214], [0.00264457821270151, -17.4974438921785], [-0.00384248523734331, -17.6396869770128], [-0.0876802932752095, -17.8243510905393], [-0.107635505827541, -17.8682770426914], [-0.237376781116183, -18.0040564675747], [-0.639574733882095, -18.2506599608819], [-0.909982864439428, -18.4431569278101], [-0.950953793856162, -18.4846096076116], [-1.08718213349315, -18.5768705569602], [-1.21043634443341, -18.6629357568445], [-1.41802238471558, -18.7366711976658], [-1.4874949572623, -18.7460696316793], [-1.73588850903795, -18.7796686880342], [-1.95644867711844, -18.7980928270133], [-2.13808646180387, -18.8042337583785], [-2.18998297209898, -18.8165149495685], [-2.27431480054252, -18.8594920508105], [-2.28797177731422, -18.8821071584199], [-2.30026305613926, -18.9024581440648], [-2.30693546449027, -18.929810400184], [-2.31972424738762, -18.9822230360397], [-2.31824699485234, -19.0073656702652], [-2.31355473210235, -19.0872021360551], [-2.31323718393761, -19.0926036746352], [-2.30026305613926, -19.1232519247992], [-2.27431480054252, -19.1967845216515], [-2.26926237624564, -19.2190499392834], [-2.25485360929415, -19.282531034563], [-2.27326850039175, -19.3324962115013], [-2.30675011958927, -19.4233028155122], [-2.38459488458279, -19.5272732481817], [-2.52082322332141, -19.6128457604732], [-2.63106446331046, -19.675769970652], [-2.73489632795192, -19.7350132081154], [-2.82201792930752, -19.7503883039024], [-2.87328702297052, -19.7594355084342], [-2.94248236823405, -19.77164525589], [-3.10351418550394, -19.7800638513326], [-3.3057579385032, -19.8265775417114], [-3.4484733415902, -19.9241880419023], [-3.60416287157722, -20.088769035959], [-3.67552057312073, -20.3140252016375], [-3.67021577073805, -20.4706539331065], [-3.61405764195528, -20.6809565448093], [-3.61405764195528, -20.8637221336664], [-3.64446583171503, -20.9323743984831], [-3.71181430273813, -21.0061996037127], [-3.91486207217121, -21.059265151392], [-4.0609071455375, -21.0794549829581], [-4.24992642643841, -21.0582890053498], [-4.32715069272582, -21.0310612530685], [-4.42801996835747, -20.9696464582152], [-4.57722243489448, -20.8605730767802], [-4.64327254029473, -20.7602438508783], [-4.68384250219284, -20.6881486041172], [-4.70732402983346, -20.5657096814791], [-4.68005379010841, -20.2334305838507], [-4.64999042046712, -19.880430088013], [-4.61352238804017, -19.750056747979], [-4.47342941520254, -19.4967006369561], [-4.32422694866554, -19.3376301084935], [-4.05177027028993, -19.2090367645713], [-3.78580065626264, -19.080342785631], [-3.60416287157722, -18.9822230360397], [-3.4290121494435, -18.8717692018605], [-3.31224500195325, -18.7182403494461], [-3.24737436475808, -18.5830195154833], [-3.1760166632146, -18.4723043891821], [-3.11114602601942, -18.3615177476536], [-3.01384006977753, -18.2506599608819], [-2.93224925459077, -18.1690761757519], [-2.82989332824935, -18.1023215133966], [-2.74138339140193, -18.0657398848831], [-2.68021964504016, -18.048118257395], [-2.49040113303098, -18.0029927710014], [-2.31323718393761, -17.9978869367561], [-2.03429344211196, -17.9608652250046], [-1.80724621058143, -17.9176634262864], [-1.65804374404443, -17.8682770426914], [-1.56722485125258, -17.8003483582083], [-1.52888104398592, -17.7354331111688], [-1.52142856199837, -17.7228134846905], [-1.50884127750742, -17.7014968465334], [-1.49586714970907, -17.6087740852634], [-1.49802950419242, -17.6025908706361], [-1.49586714970907, -17.5964074451519], [-1.53478953220583, -17.2374087312182], [-1.53478953220583, -17.1196530263797], [-1.5542507234542, -16.9956190772802], [-1.55361446380645, -16.9871002691476], [-1.54776366000418, -16.9087464180957], [-1.49586714970907, -16.8466699816465], [-1.39856119346718, -16.8342522482552], [-1.30125523722529, -16.8528785436512], [-1.2039492809834, -16.8901256303581], [-1.18001776745406, -16.9028469769934], [-1.14841368559083, -16.9196455381617], [-1.14556570723827, -16.9211592550631], [-1.14268256792715, -16.9258138572947], [-1.10664332474151, -16.9645977374256], [-1.03528562319803, -17.0638479450148], [-0.970188638399043, -17.1799768359473], [-0.93797966695614, -17.2374087312182], [-0.847160774164261, -17.3179352140437]]]}, "properties": {"OBJECTID": 249, "id": null, "Name": null, "type": "Desert Mountain", "continent": "Essos", "size": null, "Symbol": null, "Shape__Area": 80977382348.1032, "Shape__Length": 1702756.9304006079}}, {"type": "Feature", "id": 255, "geometry": {"type": "Polygon", "coordinates": [[[-32.0866439600695, 9.98497436315841], [-32.0759805471169, 10.0141449917236], [-32.0159998559332, 10.1089489765674], [-31.8893605917797, 10.2444347251776], [-31.6479822445691, 10.5322183159521], [-31.6137240919956, 10.7150033882469], [-31.6622736151877, 10.8699983320522], [-31.717714743745, 11.0060831154299], [-31.7038544620549, 11.1285057190292], [-31.5791119214535, 11.2100922473309], [-31.440509099162, 11.33242883119], [-31.3434871228393, 11.4275433581213], [-31.288045994282, 11.5362065921446], [-31.2603254291051, 11.671976461384], [-31.1885494171681, 11.7032155094611], [-31.103051581774, 11.6762075922687], [-31.0385609130794, 11.5769444847572], [-31.0108403488007, 11.4411285493738], [-31.004306652906, 11.4365543229628], [-31.004306652906, 11.2935277789139], [-31.0628226158661, 10.9705690064393], [-31.0926147499872, 10.7833248736726], [-31.0993950927162, 10.7406939288721], [-31.1579110556763, 10.5681725299955], [-31.2456850001165, 10.3955541585521], [-31.2819562404108, 10.2845429230133], [-31.3115154584467, 10.1940455149538], [-31.3171825154508, 10.1563945101691], [-31.3407734399268, 9.99961281198385], [-31.3334589445567, 9.75460630873641], [-31.3085503218148, 9.51394481997989], [-31.2373392316138, 9.38516272783294], [-31.0553517516529, 9.22053502474277], [-30.9643580116725, 9.05583049870643], [-30.9340267644134, 8.84609754123355], [-30.9238472038358, 8.75836340915358], [-30.8141297732856, 8.5341911451777], [-30.7718162218452, 8.39468235467742], [-30.7702428019638, 8.38949377796268], [-30.7556138112238, 8.26645859128726], [-30.8068152779156, 8.2013067368124], [-31.0408791297561, 8.0564867218789], [-31.2017980278965, 8.00578742517147], [-31.3773459167768, 8.01303056910187], [-31.4943778417988, 8.0564867218789], [-31.6991837121593, 8.13614420214697], [-31.9625055454799, 8.23750353483923], [-32.0649084806601, 8.36054780606348], [-32.1892549010521, 8.54142458213006], [-32.2258273779021, 8.66437193424454], [-32.2185128825321, 8.85955842997702], [-32.2185128825321, 9.00407435688873], [-32.2111983871621, 9.1990791086866], [-32.159996919572, 9.5022055042664], [-32.159996919572, 9.66809016676957], [-32.1234244427219, 9.88433836290858], [-32.0866439600695, 9.98497436315841]]]}, "properties": {"OBJECTID": 255, "id": null, "Name": null, "type": "Desert Mountain", "continent": "Essos", "size": null, "Symbol": null, "Shape__Area": 37455511660.28174, "Shape__Length": 1017387.3104253003}}, {"type": "Feature", "id": 256, "geometry": {"type": "Polygon", "coordinates": [[[-35.3623887887732, 4.75094977733308], [-35.3623887887732, 4.97112182766435], [-35.3505335171528, 5.05969592011806], [-35.2713950478944, 5.20420146978443], [-35.2713950478944, 5.64203486606077], [-35.3320575415142, 5.95888190525263], [-35.5105229994356, 6.32559255766201], [-35.5311240566598, 6.51568813072056], [-35.4685481523832, 6.71252621384976], [-35.5140450223734, 7.07386960079846], [-35.7111981259638, 7.4198920437258], [-35.7625000198128, 7.63059781472274], [-35.7879866186086, 7.81017423085266], [-35.7718606195836, 7.94592205169671], [-35.6960325023343, 8.11110877436917], [-35.5292106460029, 8.32124812201365], [-35.4078856587634, 8.4862787093022], [-35.4184556388416, 8.68485773135476], [-35.4230512823929, 8.77116379843539], [-35.4813806023865, 8.84033394717018], [-35.6505356323441, 9.04085359701519], [-35.9841793468035, 9.32530708059451], [-36.2874918140039, 9.59457570117206], [-36.4236299340403, 9.88528959834997], [-36.4630264221912, 10.0308006788539], [-36.4195005763085, 10.3520934515072], [-36.3657699182057, 10.4866071075203], [-36.1206699567742, 10.803556498765], [-35.9083512295543, 11.2649980403509], [-35.7870262432131, 11.6960006586605], [-35.5242030440455, 12.0756587587866], [-35.3695945376882, 12.1820286741843], [-35.1783571501625, 12.2323515080352], [-35.0093466070318, 12.2363800964703], [-34.8619761197695, 12.183313871018], [-34.741445764264, 12.0805829260556], [-34.6192732435034, 11.8741518782949], [-34.5152644260224, 11.7378963537322], [-34.4660384480651, 11.5530811829054], [-34.3836035093621, 11.2433133489261], [-34.1202816760415, 10.8269177910421], [-33.783814889919, 10.5394094948164], [-33.4254046167882, 10.2516325309645], [-33.3722744519101, 10.2019607676272], [-33.2791147102862, 10.1148463829399], [-32.8768174649353, 9.91316078278135], [-32.7232130630633, 9.7185606339064], [-32.6866405862132, 9.50941956056038], [-32.7158985676932, 9.23517937654292], [-32.7744145297551, 9.06908774116569], [-32.9280189325254, 8.94627486428134], [-33.0377363630757, 8.86678558371957], [-33.4254046167882, 8.76559254206594], [-33.6521539732587, 8.7077555503034], [-33.7581153122475, 8.66192901373397], [-33.769185899179, 8.65714084418283], [-33.7919421054996, 8.63183093678286], [-33.8211670846728, 8.59932384260371], [-33.8423308528792, 8.40396595566834], [-33.7984438806591, 8.24474249784773], [-33.7179844315889, 8.03475922705789], [-33.5936380102986, 7.81742081207743], [-33.5351220473385, 7.52746063012351], [-33.4885233882624, 7.38422617562694], [-33.4818514901544, 7.37477383826426], [-33.390857750174, 7.19425530126649], [-33.3084992347454, 7.08739107920503], [-33.1848142232359, 6.85455025468921], [-33.1787020474152, 6.7968961405088], [-33.1633734002228, 6.65227583741634], [-33.1886494393059, 6.60708320190992], [-33.3326325889393, 6.52906240458538], [-33.5425139837742, 6.48654939548335], [-33.8003295809844, 6.50161770855706], [-33.937235872878, 6.52254431890803], [-34.0161706814851, 6.52067708079665], [-34.0690802084514, 6.48931762174675], [-34.1052224210264, 6.38756056279072], [-34.1078718178023, 6.35398936577929], [-34.0532220609929, 6.22780474194313], [-34.0032497510195, 6.15489753111957], [-33.8906872535565, 6.05403456739838], [-33.8466007879697, 6.02663350503223], [-33.7245014646334, 5.98904843104686], [-33.5576796074037, 5.85328606180429], [-33.4363546201642, 5.52128515375475], [-33.3301952565542, 5.30991427455483], [-33.3301952565542, 5.06825894907972], [-33.3453608801837, 4.81140117980266], [-33.390857750174, 4.56956402683547], [-33.4818514901544, 4.34276749574432], [-33.6941702173744, 4.16128100097724], [-33.9368201918534, 4.16128100097724], [-34.1986593216615, 4.25799681380202], [-34.3993813366543, 4.2413159667229], [-34.488568503513, 4.20088631254382], [-34.5666254577631, 4.12303521071952], [-34.6072680475537, 3.98270117625955], [-34.5737763735132, 3.73765295597826], [-34.5131138798934, 3.55603406568275], [-34.3007951526735, 3.10183426744434], [-34.179470165434, 2.87465938817328], [-34.1339732954438, 2.6019901324202], [-34.1339732954438, 2.25349441180533], [-34.1643045418045, 1.72301905448332], [-34.3007951526735, 1.40465999483877], [-34.4676170099032, 1.32885345733674], [-34.7709294771036, 1.28336840936154], [-35.0040370354933, 1.25747393648821], [-35.0590763206745, 1.28336840936154], [-35.1994109960191, 1.34812117832098], [-35.2681043941429, 1.46930816112397], [-35.286560671524, 1.61690479452879], [-35.316891918783, 1.92007243583043], [-35.4533825287537, 2.42017747892663], [-35.5292106460029, 2.98068017821941], [-35.5443762687341, 3.52576072299505], [-35.4988793987439, 3.81331650047534], [-35.4230512823929, 4.08564917657542], [-35.3623887887732, 4.38813237143524], [-35.3623887887732, 4.75094977733308]]]}, "properties": {"OBJECTID": 256, "id": null, "Name": "Hills of Norvos", "type": "Rolling Hills", "continent": "Essos", "size": null, "Symbol": null, "Shape__Area": 251560983068.48242, "Shape__Length": 3154597.566940467}}, {"type": "Feature", "id": 257, "geometry": {"type": "Polygon", "coordinates": [[[-51.7248135745867, -4.46172968429949], [-51.6740317882193, -4.47372040275377], [-51.6279460078816, -4.51178842850835], [-51.5916238420939, -4.5890314621258], [-51.5871361616666, -4.62123845013943], [-51.5871361616666, -4.62735397831287], [-51.595512159377, -4.67267401279815], [-51.6377078823948, -4.7323631092665], [-51.7075150764866, -4.79657785632898], [-51.7711658823743, -4.86000278902335], [-51.8093741572207, -4.89807261472038], [-51.9180536311726, -4.999128679679], [-51.9678044570211, -5.03430046406061], [-52.0193251885581, -5.05296273522648], [-52.0682610933236, -5.07068821031689], [-52.1062770334779, -5.07674692756791], [-52.1596081146541, -5.09237081694912], [-52.2348864566613, -5.10736688450096], [-52.2380361755246, -5.10799432667615], [-52.2913672567009, -5.1267420348667], [-52.3242037274209, -5.1459800437916], [-52.3446983378772, -5.15798699149351], [-52.4231263987476, -5.21422403189419], [-52.5235143166258, -5.28607513578033], [-52.5679288505477, -5.31167892511239], [-52.5831196431748, -5.3204357673463], [-52.6178186125329, -5.33030696628361], [-52.670546389656, -5.34999406280772], [-52.6722875411706, -5.35005826923868], [-52.9102941446072, -5.35883486365445], [-52.9291040536813, -5.36240203357547], [-53.0853860261915, -5.42074848579334], [-53.1532648661517, -5.45525402074147], [-53.2638752113145, -5.54841620681088], [-53.3272465486224, -5.6114872547855], [-53.3956343533613, -5.67954334497416], [-53.5067207858618, -5.78344255728214], [-53.5406770443127, -5.81519807605348], [-53.5775874547962, -5.85433299686745], [-53.6685640055137, -5.9042629281543], [-53.7909117803997, -5.93234654040426], [-53.9854133716818, -5.94794792882085], [-54.1171725137285, -5.94482768704409], [-54.3148112267986, -5.93546685290365], [-54.4936272055473, -5.87929852213142], [-54.5114539840014, -5.86903194995391], [-54.5225296850418, -5.86606565274209], [-54.8095870949553, -5.700235545326], [-55.0040453416266, -5.55279073112824], [-55.2540630860635, -5.41452768925296], [-55.372193613847, -5.35262798597472], [-55.4810985766132, -5.31279523603672], [-55.5781601632501, -5.29467410465355], [-55.8189179910933, -5.25779137860795], [-55.9495329705222, -5.23277829741793], [-56.014469270073, -5.20830972852363], [-56.0534903423852, -5.17995181917466], [-56.0897593063486, -5.13178886536265], [-56.1215865899155, -5.0472507449421], [-56.1415225371982, -4.96058908014014], [-56.1357182257035, -4.84492760935352], [-56.1064787531115, -4.77500001334829], [-55.9948564045771, -4.6489222662699], [-55.9149376874091, -4.59737840761098], [-55.7542282314772, -4.54302535637905], [-55.6943920037642, -4.53988596904826], [-55.6270651749529, -4.52031032393578], [-55.4300014995473, -4.41814881338433], [-55.3738081873482, -4.3836702737917], [-55.2855237294337, -4.34817500217989], [-55.2138937988332, -4.34120679844625], [-55.0225651739157, -4.33505258949474], [-54.9688008766003, -4.33738347633326], [-54.8095870949553, -4.34428595773352], [-54.6888499041523, -4.30179407022332], [-54.616644934989, -4.2915080653018], [-54.4561926532483, -4.30336000389524], [-54.3709413973148, -4.33847239388737], [-54.2632520231129, -4.44584549456729], [-54.1243532760039, -4.50123572681901], [-54.0232842806301, -4.52642460592491], [-53.9799823524084, -4.53721624279508], [-53.8922273992516, -4.5556976846254], [-53.828020407744, -4.56921955767755], [-53.7189458520353, -4.59338090492045], [-53.644432253016, -4.60399143614398], [-53.5806131154204, -4.60296541593311], [-53.5101445295143, -4.5881776191162], [-53.4527241662477, -4.55175355728704], [-53.4161839344247, -4.52573524111303], [-53.384863736361, -4.48410399179845], [-53.3729772833187, -4.45566327349552], [-53.3579882774572, -4.41083079628589], [-53.3535435382972, -4.34878616188746], [-53.3431034716771, -4.26550152052183], [-53.3431034716771, -4.2639371648372], [-53.3340951390585, -4.19206663071489], [-53.3250876373815, -4.17589633813248], [-53.2910867119998, -4.14198494860806], [-53.2269144924801, -4.13398433153313], [-53.167075734213, -4.14316628911852], [-53.051505546923, -4.18749895011588], [-52.8856700901809, -4.27991881200852], [-52.7816653869839, -4.35351921293506], [-52.6149868909921, -4.46430936989691], [-52.476088143883, -4.51969820370504], [-52.2353303151415, -4.58431315613774], [-52.0964315680325, -4.58431315613774], [-51.9760526541109, -4.54739103581161], [-51.9585738210141, -4.53287104738314], [-51.9111355470661, -4.49346173078821], [-51.8308685557573, -4.45669473479893], [-51.7248135745867, -4.46172968429949]]]}, "properties": {"OBJECTID": 257, "id": null, "Name": "Rainwood", "type": "Forest", "continent": "Westeros", "size": null, "Symbol": 2, "Shape__Area": 57642978720.5686, "Shape__Length": 1205636.3876785096}}, {"type": "Feature", "id": 258, "geometry": {"type": "Polygon", "coordinates": [[[-55.4701344553142, -1.00817292463596], [-55.567107784271, -1.03668995016969], [-55.7610544421846, -1.03668995016969], [-55.9835226669629, -1.04809668868497], [-56.132457383443, -1.09777866289444], [-56.2324232215967, -1.14418855366835], [-56.3374326428283, -1.17608361052051], [-56.5197281326423, -1.18497418554495], [-56.6965618493591, -1.16786485241325], [-56.9019171347373, -1.11083299801772], [-57.132316271647, -0.97849807590692], [-57.2156995617955, -0.960813243533431], [-57.3012190771307, -0.968248670132232], [-57.4425382206867, -1.00927069878056], [-57.5208985126521, -1.05650966665883], [-57.6434778848964, -1.16216171784931], [-57.8229361581749, -1.2173677425492], [-57.8777867531291, -1.2173677425492], [-57.9105233437659, -1.21110044113625], [-58.0484841401238, -1.15075541512746], [-58.3679256938589, -0.89980600745142], [-58.6345989851977, -0.689294823909805], [-58.7099337189468, -0.616789857207246], [-58.8581351819829, -0.385234082387013], [-58.8829495292308, -0.311445417307203], [-58.9053939545708, -0.169298677539302], [-58.9104455434345, -0.124752999029773], [-58.9125607435519, -0.0137051029840381], [-58.8928792180223, 0.103489374176545], [-58.8749199120126, 0.17532638176645], [-58.8459893368091, 0.219300594345589], [-58.7706918319403, 0.294597336617138], [-58.7317526428629, 0.372474389227899], [-58.7139340157217, 0.490073975255992], [-58.7167448397541, 0.530126633337818], [-58.7478745347905, 0.602759032714887], [-58.7676461442752, 0.640386654795001], [-58.8376331433576, 0.706480918188027], [-58.892134914402, 0.74307203698853], [-59.0581476231227, 0.811423917074907], [-59.2349813407379, 0.885571855429394], [-59.4346565740829, 0.933107588741639], [-59.4616602450356, 0.945257608113102], [-59.497961092005, 0.969602338292658], [-59.5487185807407, 1.0281597681531], [-59.6159780898046, 1.17946553441834], [-59.6399875968635, 1.26972065431542], [-59.6399875968635, 1.39885633730311], [-59.6550553517378, 1.53442167426981], [-59.6723910868031, 1.57001714505648], [-59.7483695523865, 1.6554590514696], [-59.8355383161929, 1.71913167958705], [-59.8728990835694, 1.76180999972703], [-59.881451072922, 1.78982805819297], [-59.8872715882278, 1.84467960017502], [-59.8747071389114, 1.95267452750623], [-59.8544663492353, 2.02826551928564], [-59.8178187453797, 2.07997006587836], [-59.7701323648351, 2.1252012397325], [-59.696529170627, 2.16197708388801], [-59.6399875968635, 2.1742599307826], [-59.4782169485101, 2.1742599307826], [-59.3969796293708, 2.15692951877277], [-59.3262503559624, 2.1286575926004], [-59.2189889346703, 2.07739320614402], [-59.1707416541471, 2.06595218176627], [-59.0581476231227, 2.06595218176627], [-58.8299750846122, 2.1286575926004], [-58.6018025461017, 2.1343579594687], [-58.3627265198789, 2.11632689820168], [-58.276327264623, 2.07878717478066], [-58.2310221714712, 2.01464590879845], [-58.2057800860109, 1.90112285651988], [-58.1757432076874, 1.85537696818817], [-58.1410038860066, 1.8132151229], [-58.109192883506, 1.77460640916254], [-58.0815490712852, 1.76259308589466], [-58.0014578748876, 1.72778698006082], [-57.9998602085784, 1.72709265818249], [-57.8524987781308, 1.71758976383156], [-57.7668158628387, 1.71758976383156], [-57.6329087663026, 1.71758976383156], [-57.6148190500665, 1.71758976383156], [-57.4722112139466, 1.74609830315373], [-57.3248497826006, 1.78886029825662], [-57.2155171076731, 1.80786531098921], [-56.7781864088612, 1.84587473744295], [-56.6593465452783, 1.88863436982741], [-56.4549419793047, 1.98365197362936], [-56.0794080094482, 2.10241627416275], [-55.8322210927285, 2.15941995965039], [-55.6610916888456, 2.17367054842626], [-55.5619592941377, 2.17996012698371], [-55.4130913206866, 2.17996012698371], [-55.4116952228524, 2.17926258354448], [-55.408170095337, 2.17926258354448], [-55.3523639713983, 2.16146489420583], [-55.3155556760063, 2.134174701008], [-55.3125040262227, 2.1297020455758], [-55.3104136779975, 2.1286575926004], [-55.2336189160104, 2.02031252960101], [-55.1972002720594, 1.98451278709563], [-55.0392688157195, 1.91323016386447], [-55.0326502928108, 1.91182044457996], [-54.9282246759026, 1.90632741002201], [-54.8653898034992, 1.88319037742255], [-54.8448878538071, 1.86597795673251], [-54.82922440361, 1.82683966309562], [-54.8279383188555, 1.80284478726703], [-54.8338188128762, 1.74406801512621], [-54.8715379667286, 1.67243347762093], [-54.9394324436628, 1.6196484545437], [-55.0525899043217, 1.56686205729727], [-55.1393439581821, 1.52161551266841], [-55.1808350274197, 1.50276250398595], [-55.2487295034557, 1.48767997976512], [-55.3241678111605, 1.4650560004236], [-55.3647567149347, 1.44661245449969], [-55.3656588803981, 1.44620250962364], [-55.4058290569605, 1.41608427640429], [-55.4136262108444, 1.40512285095322], [-55.423768113147, 1.37267830051449], [-55.4187956344189, 1.3304239937353], [-55.4073870069543, 1.14792873062532], [-55.4244999472528, 1.06808328073777], [-55.4473172012835, 0.988235756310657], [-55.4302042609851, 0.896979101677482], [-55.441232637878, 0.790383033599318], [-55.4461819265971, 0.780760321546374], [-55.5007710183788, 0.714882550654519], [-55.5626336468451, 0.710758694470681], [-55.6583767994956, 0.731570774546683], [-55.7496458147201, 0.777201325922319], [-55.8808450242738, 0.862757257170424], [-55.9142068692979, 0.890050118335186], [-55.958789263312, 0.917030843377347], [-56.0690408626729, 0.938367065817532], [-56.15500697096, 0.975971990032451], [-56.2630340263688, 1.06237995373987], [-56.339691920141, 1.08062864128259], [-56.3928263924409, 1.06089642695291], [-56.4104567048508, 1.00801411090906], [-56.3925245279627, 0.959115382113967], [-56.3399940532154, 0.896743627295448], [-56.3350411299127, 0.888077062643251], [-56.3289067746876, 0.883579073590657], [-56.3223624651978, 0.87878048067819], [-56.2784623991341, 0.846590748143138], [-56.1653049384753, 0.805103989754217], [-56.0219721547345, 0.75984522807385], [-55.9691653393412, 0.729672454528865], [-55.9201304393331, 0.691956203999563], [-55.8673236239398, 0.658011321679285], [-55.8511500312727, 0.649925052557922], [-55.8402822372199, 0.64449150175714], [-55.8220606402152, 0.635381271079443], [-55.7579380786662, 0.605207716696528], [-55.7089031786581, 0.593892590977017], [-55.6485525324943, 0.575033995358245], [-55.6032895487698, 0.556175337440217], [-55.5617984795321, 0.533544868579915], [-55.5370113449492, 0.514266791971415], [-55.527851241065, 0.507142549952601], [-55.52476431983, 0.492222997934287], [-55.5219766121448, 0.478749561778865], [-55.5271775899419, 0.400737204859236], [-55.5614034705388, 0.218201914251662], [-55.5939235213781, 0.0648936183955448], [-55.6282404237711, 0.00811910286808651], [-55.6711840248057, -0.028462808687895], [-55.7257714412294, -0.056288164340584], [-55.7805695709776, -0.0624100359842069], [-55.9201304393331, -0.0510942953979442], [-55.9540578115578, -0.0458747018872042], [-56.0182002393493, -0.0360066382590128], [-56.1049542923115, -0.0360066382590128], [-56.1576613497925, -0.0490560062203935], [-56.248689975847, -0.0733302920563497], [-56.3164781722017, -0.109654134791716], [-56.3828246093563, -0.158282045335999], [-56.4213700210306, -0.216385744014083], [-56.4444266751862, -0.281485246889885], [-56.4444266751862, -0.354715830756808], [-56.4227548036855, -0.437789347007214], [-56.3405046511313, -0.574867549510016], [-56.2938020327223, -0.606890498558873], [-56.2459210860704, -0.603207553764986], [-56.2281481939568, -0.566016549948171], [-56.2231038320396, -0.523351030797679], [-56.2402167723381, -0.414972724930575], [-56.2402167723381, -0.34652247831889], [-56.2059908917412, -0.272367490095619], [-56.1163290901207, -0.225876625822149], [-56.0483755615329, -0.205742390808005], [-55.9915714147034, -0.195863469003693], [-55.9388705061905, -0.198791280339475], [-55.8409202162431, -0.220829946869698], [-55.7277627555843, -0.228373719672825], [-55.6372367863386, -0.224601833757931], [-55.576714603278, -0.196143589019685], [-55.5203074102945, -0.156707737578681], [-55.4825882564421, -0.111444878061485], [-55.4313381801137, 0.0283613880064563], [-55.407415478159, 0.111170674126645], [-55.3959783803881, 0.178271959728886], [-55.3446395585945, 0.463482865620766], [-55.3389352457605, 0.577564408032636], [-55.2761877974006, 0.703051442232844], [-55.2761877974006, 0.896979101677482], [-55.2533705433699, 0.982532287063191], [-55.1822661541601, 1.05362544706564], [-55.1758033928335, 1.08377975270458], [-55.1906230959083, 1.22206894078864], [-55.17876912954, 1.28132462615737], [-55.1619754504936, 1.30291100860026], [-55.1355720427969, 1.31422380365573], [-55.0752213966331, 1.33684923959563], [-55.0148707513676, 1.36701616257279], [-54.9318886128924, 1.40849506018653], [-54.8225030676188, 1.47636801887454], [-54.7055736906764, 1.54800944752708], [-54.5987159156791, 1.63811418235319], [-54.5883909016873, 1.65154755212341], [-54.5118097932107, 1.82650939561771], [-54.4852336484681, 1.90914679719292], [-54.4844006326203, 1.91108942170753], [-54.4677775319681, 1.94431680746376], [-54.4550015240124, 1.96772584018789], [-54.4535291592106, 1.97042358130077], [-54.4482022546787, 1.97410925395284], [-54.4380934229549, 1.98110350786344], [-54.4107840427347, 1.99771658905629], [-54.3692262906552, 2.00720970257655], [-54.279438026904, 2.01296181967314], [-54.1855216441978, 1.99491202269195], [-54.1574675597087, 1.97372831417813], [-54.1260368050846, 1.92660949053151], [-54.1132012100795, 1.88345907819972], [-54.1182121645496, 1.71817930560974], [-54.135325104848, 1.36464040934995], [-54.1809596129094, 1.20495983871314], [-54.3121588224632, 1.07948990472018], [-54.3301112815138, 1.00769198536485], [-54.313591104437, 0.86846918976525], [-54.2322984338048, 0.760089924698679], [-54.0682444710184, 0.47176962266329], [-54.056138706876, 0.354750298453615], [-54.0782819702204, 0.218201914251662], [-54.1467337314142, 0.0128471571134827], [-54.2954646228512, -0.0948544787746232], [-54.3542220502648, -0.100633889540501], [-54.4262450917184, -0.0898304486656678], [-54.6144874358998, 0.0128471571134827], [-54.7375798090534, 0.0504438776583071], [-54.8605336009048, 0.0731033409699404], [-54.9331553497324, 0.0731033409699404], [-55.0301728623264, 0.0596449126156898], [-55.1392842741147, 0.0299600961542928], [-55.2160338580295, 0.000758271524558514], [-55.2878042815472, -0.056871627019629], [-55.3136043968687, -0.118027381495082], [-55.356048186059, -0.272367490095619], [-55.356048186059, -0.42638104397201], [-55.327526618296, -0.648839335797861], [-55.327526618296, -0.856499319935249], [-55.3508493166078, -0.915605367895848], [-55.3925177878427, -0.958704915809519], [-55.4701344553142, -1.00817292463596]]]}, "properties": {"OBJECTID": 258, "id": null, "Name": "Kingswood", "type": "Forest", "continent": "Westeros", "size": null, "Symbol": 2, "Shape__Area": 161273423628.24792, "Shape__Length": 2927303.677877659}}, {"type": "Feature", "id": 259, "geometry": {"type": "Polygon", "coordinates": [[[-73.2391287824022, 0.190475051517781], [-73.2581431606114, 0.304560237366701], [-73.3532150516575, 0.390123358619592], [-73.3855698088912, 0.513067591956272], [-73.3827262026391, 0.614010721660342], [-73.3532150516575, 0.684832928849207], [-73.2476005369286, 0.809074716166455], [-73.2391287833005, 0.827428310046012], [-73.2207200591373, 1.00228883128182], [-73.2228012149021, 1.01456574867457], [-73.2866647283744, 1.16963463417647], [-73.3383213022504, 1.214824349548], [-73.3636106247216, 1.24371977997173], [-73.3786134215193, 1.37121032361349], [-73.3695607399734, 1.41545478913988], [-73.2771575397189, 1.5498144176661], [-73.1823175927809, 1.61301696392922], [-73.1694773651639, 1.64602133928917], [-73.1485428577978, 1.69833531880779], [-73.1119074692334, 1.74018548448028], [-73.0334030659369, 1.79249688344228], [-72.9941508642886, 1.80034346615713], [-72.9884662254577, 1.80266785018092], [-72.9365809683582, 1.82388300836214], [-72.9287305282082, 1.86573032196358], [-72.9627491027903, 1.91280735782393], [-72.9709080414769, 1.93455226519059], [-72.9784499839887, 1.95465252823957], [-72.9705995438386, 2.01480312811512], [-72.9575154766226, 2.0723364071245], [-72.9387846013271, 2.09215600283611], [-72.8818459542418, 2.12060608955062], [-72.8449924978456, 2.12202255907538], [-72.7746268004804, 2.13736447000039], [-72.6718338069224, 2.18341133406411], [-72.6011707168925, 2.19500426975055], [-72.580899752806, 2.19500426975055], [-72.4698720970745, 2.18267686414321], [-72.3617070586415, 2.13354581185301], [-72.3128942509177, 2.09127012789578], [-72.2988926525553, 2.07168082423623], [-72.2824211048781, 2.04863556315129], [-72.277142069771, 1.98928327991391], [-72.2933041460362, 1.94987111154671], [-72.3264386283601, 1.89191835410896], [-72.3454530065693, 1.86341210178353], [-72.3739745743323, 1.77789060264021], [-72.3739745743323, 1.71137113262319], [-72.3549601961231, 1.63534606038238], [-72.3268671292422, 1.55109944967043], [-72.3074242501509, 1.49279139178029], [-72.3074242501509, 1.44527107181511], [-72.337306964097, 1.37805537507511], [-72.3814313601484, 1.34374608114212], [-72.4310177089599, 1.32171366601293], [-72.4811214011369, 1.29945118356517], [-72.6021471128428, 1.24567524727156], [-72.6382744987241, 1.23213064573578], [-72.6655215978474, 1.20406422048962], [-72.6684422094823, 1.19113290924674], [-72.6496830579167, 1.14111886630647], [-72.6021471128428, 1.10309740335435], [-72.556226940521, 1.03750860616655], [-72.5355967886614, 1.0080416570768], [-72.5070752217968, 0.903477140783312], [-72.5070752217968, 0.789403339616685], [-72.5165824104522, 0.675326409023454], [-72.5422756666791, 0.611097320223703], [-72.5911873591527, 0.547988689402351], [-72.7162333820981, 0.437658062958087], [-72.8778555964272, 0.361602405748477], [-73.0435043706769, 0.152364070197017], [-73.0761457192323, 0.133432147127536], [-73.1121113796164, 0.133432147127536], [-73.1771265117233, 0.142913493315566], [-73.2075275841311, 0.158874000501628], [-73.2391287824022, 0.190475051517781]]]}, "properties": {"OBJECTID": 259, "id": null, "Name": null, "type": "Forest", "continent": "Westeros", "size": null, "Symbol": null, "Shape__Area": 17599433245.36097, "Shape__Length": 629160.5849787341}}, {"type": "Feature", "id": 260, "geometry": {"type": "Polygon", "coordinates": [[[-65.8035797388199, 15.5782274635741], [-65.9125259028166, 15.6254468287521], [-66.0505243763142, 15.6848927704281], [-66.1406270216688, 15.7303772368768], [-66.1496091845665, 15.7349109411378], [-66.1994174675589, 15.7600495986841], [-66.2501135151224, 15.7993927687314], [-66.3080349577562, 15.84433392233], [-66.3119951699064, 15.8474062801546], [-66.408230947879, 15.9539302350584], [-66.4572567219021, 16.0359674905012], [-66.4639847665119, 16.061490512048], [-66.470264201452, 16.0853087663374], [-66.4917563407257, 16.1668080460431], [-66.4923916526508, 16.184502725841], [-66.4953878790764, 16.2679320885243], [-66.4968910165666, 16.3487208972405], [-66.4972036482518, 16.3655197037992], [-66.486740438335, 16.3925466604999], [-66.4735986462771, 16.4264872048269], [-66.4587320340764, 16.462133450634], [-66.4372832582781, 16.5135504529184], [-66.3882574851533, 16.5675099890937], [-66.3659591007257, 16.5820428457025], [-66.3501111967564, 16.5979904478176], [-66.2811270903319, 16.6545096343434], [-66.1794440039349, 16.7397309638268], [-66.1458396587, 16.7719085380503], [-66.1017063765138, 16.8268332650509], [-66.0428503042006, 16.8780409653665], [-66.029691756766, 16.9018738300147], [-66.0153816733417, 16.9566336542054], [-66.0153816733417, 17.027396141395], [-66.0153816733417, 17.115811614889], [-66.0153482946407, 17.1160668146363], [-66.0178405275643, 17.1375022540454], [-66.016024758389, 17.2138331431925], [-66.0051301415401, 17.2727945393533], [-65.9910402073442, 17.3018256559473], [-65.9879897846592, 17.3081101910252], [-65.9706305227166, 17.3438699566495], [-65.9288678271916, 17.404522319897], [-65.9028693108547, 17.4272617718661], [-65.8982267186517, 17.4337582383848], [-65.7689150500713, 17.5570880458688], [-65.7436593479479, 17.5967435786426], [-65.7236858852222, 17.6503905782188], [-65.7182385767978, 17.6780731036705], [-65.7200543459732, 17.7126702661393], [-65.7363962703481, 17.7749283401608], [-65.7745274284207, 17.8561770761367], [-65.8253689716192, 17.9408437015378], [-65.8435266651695, 17.9978412755419], [-65.8435266651695, 18.0341028741638], [-65.8271847407946, 18.0841661322783], [-65.7945008911464, 18.1531954617095], [-65.7618170423965, 18.2308208714441], [-65.7527381956214, 18.2963442576858], [-65.7618170423965, 18.3652894857518], [-65.8017639687462, 18.4721001486336], [-65.8156603824737, 18.5364715833809], [-65.8216026680095, 18.5771568021742], [-65.8119020145812, 18.6415110780586], [-65.7643573522559, 18.7065713006346], [-65.7548853811528, 18.7257368143098], [-65.7327647319974, 18.8461546904687], [-65.7327647319974, 18.8554178164347], [-65.7634239981841, 18.9666012302611], [-65.7690801199963, 18.9759617883089], [-65.7908693527957, 19.0034329874625], [-65.8217374323702, 19.0377656078219], [-65.8562370511937, 19.0841033851779], [-65.862024946875, 19.1103563025936], [-65.8653158979689, 19.1252816397392], [-65.8720348812724, 19.1675970514491], [-65.8762105148177, 19.1938892544737], [-65.869561813007, 19.2353261588172], [-65.8671316671442, 19.2504690196612], [-65.8616843596181, 19.2933194949972], [-65.8571998484472, 19.309040043769], [-65.8489739735939, 19.3378720921838], [-65.8199216631948, 19.3721350509369], [-65.8105347841087, 19.3750868349892], [-65.7763431975961, 19.385838218281], [-65.7363962703481, 19.3995402325049], [-65.6982651131738, 19.4046781897744], [-65.6510551092244, 19.4012529029581], [-65.6397530596818, 19.3991208353956], [-65.6056608744503, 19.3926893695759], [-65.5384774059786, 19.3755609504167], [-65.4785570160049, 19.3738480096809], [-65.4405528401876, 19.3756406079239], [-65.297715833059, 19.4317756178256], [-65.0391202888747, 19.6038245199708], [-64.859009921345, 19.7055944310837], [-64.7767744122282, 19.7143586736849], [-64.7044672327519, 19.675457391798], [-64.5101288384075, 19.6632574662982], [-64.4451578584968, 19.681829587313], [-64.2176991500572, 19.8329369028316], [-64.0047381139344, 19.9187691490959], [-63.7341924737649, 19.9321559859573], [-63.6815104765854, 19.9533800673639], [-63.4267010169133, 20.1045790383991], [-63.1390359883383, 20.1945986641314], [-63.0138122579686, 20.2124045665866], [-62.7421834013818, 20.1759858114795], [-62.4778679523052, 20.0814442768771], [-62.3757350920219, 20.0677402863747], [-62.0880887906256, 20.1045790383991], [-61.7382242321151, 20.1045790383991], [-61.4802006210178, 20.0468776053126], [-61.3821371262766, 19.9883765171169], [-61.2666676518081, 19.8472455038706], [-61.189731653997, 19.702447481629], [-61.1438659977349, 19.6592611545293], [-61.0470207146387, 19.6095078974297], [-61.003033302685, 19.570504376916], [-60.9776491037467, 19.4748050016], [-60.9885104164547, 19.3621268164255], [-61.0128151188992, 19.3067030537725], [-61.1601871341958, 19.2308213971935], [-61.3214352873457, 19.1329170211551], [-61.3875805584705, 19.055131586962], [-61.4492056831555, 18.8569692609078], [-61.4492056831555, 18.723597946873], [-61.4995415458159, 18.5952016380809], [-61.6925897240537, 18.3090719057335], [-61.9130074597543, 18.0996866214231], [-61.926053688134, 18.0848591099727], [-61.9457408892197, 18.052530897528], [-62.1033002930133, 17.6435050708462], [-62.1641463034625, 17.2952678778198], [-62.255415318687, 17.1790415079319], [-62.362508538527, 17.0664604466723], [-62.4456748037877, 17.0099925258602], [-62.529222365259, 16.9900182939608], [-62.6357028828712, 16.9463703992459], [-62.8182409142186, 16.8444859389845], [-63.0323153483557, 16.7480428169179], [-63.1319277802936, 16.7455652166983], [-63.259374488852, 16.7862415876656], [-63.5160919001189, 16.8638399385256], [-63.6120177772847, 16.8533051315146], [-63.7765655754238, 16.8008043532254], [-64.0226863455132, 16.7183211358326], [-64.109008275586, 16.7154703156524], [-64.2405521525446, 16.7929840639143], [-64.3442593103633, 16.798209494833], [-64.4458716885677, 16.7716777063339], [-64.6283182848939, 16.7833230647454], [-64.6571480808005, 16.7724493366923], [-64.6780878172599, 16.7513967997027], [-64.6880216418949, 16.6657670979609], [-64.6777872194062, 16.6378599052537], [-64.5827752118537, 16.4947529373902], [-64.4708135561617, 16.2933599472694], [-64.4625247273733, 16.2585496575522], [-64.4915061966291, 15.9104632299366], [-64.5347021901226, 15.4529949684793], [-64.5585347632065, 15.3969955761401], [-64.7348902375273, 15.1483484156409], [-64.9090793580652, 15.0060314056107], [-64.9755318054065, 14.9867746411224], [-65.0956156631814, 14.9867746411224], [-65.1285624227638, 14.9947310163487], [-65.2784792089535, 15.0838275360443], [-65.3042431536101, 15.107194875223], [-65.4206709813664, 15.2602696490426], [-65.4295312419818, 15.2719142230023], [-65.5021620179796, 15.3629801408384], [-65.6020293352013, 15.4767566144158], [-65.6952179639497, 15.5294201347451], [-65.8035797388199, 15.5782274635741]]]}, "properties": {"OBJECTID": 260, "id": null, "Name": null, "type": "Crop", "continent": "Westeros", "size": null, "Symbol": null, "Shape__Area": 200915959009.86035, "Shape__Length": 2099297.853783858}}, {"type": "Feature", "id": 261, "geometry": {"type": "Polygon", "coordinates": [[[-51.7127388086098, 8.51735068515258], [-51.6812793662871, 8.52276151245575], [-51.617234300601, 8.51471853073796], [-51.5992846523789, 8.50584252505323], [-51.561466600302, 8.49145683883664], [-51.5120122247855, 8.46556124438063], [-51.4829214152882, 8.45692899247387], [-51.459648768409, 8.4252757483063], [-51.4538306066892, 8.38498605630721], [-51.4567396875491, 8.34469218787052], [-51.4916486587662, 8.26121311602868], [-51.5265576290849, 8.19211362296873], [-51.596375571519, 8.13740134280201], [-51.6377490423028, 8.10379427351269], [-51.8355360600398, 7.89487440563922], [-51.9385169308496, 7.82200743466784], [-52.072163714481, 7.7006201860047], [-52.1549776146732, 7.54818269256371], [-52.1681414289303, 7.43071910375518], [-52.1665554317366, 7.41971022211892], [-52.1345555413795, 7.37643725940161], [-52.0909193275827, 7.34181584126385], [-52.0501921946459, 7.30719172744913], [-52.0240104669068, 7.26679353770111], [-52.0094650626073, 7.2292776808296], [-52.0036468999892, 7.19175870684257], [-52.0094650626073, 7.15135019115194], [-52.0327377094865, 7.12825800358116], [-52.2043734838136, 7.07629633254945], [-52.3323730443439, 7.01855428276163], [-52.3415639577474, 7.01424663148779], [-52.3983616555714, 6.97478413281996], [-52.5092194246113, 6.92343054421713], [-52.5447359516078, 6.87994423838045], [-52.5970994079843, 6.84817370831926], [-52.6698264312783, 6.83662026231084], [-52.7367352919542, 6.83662026231084], [-52.8094623152482, 6.84239702070463], [-52.888007500262, 6.8568386085762], [-52.9198326844661, 6.86601200451733], [-52.9781890087154, 6.88283236402753], [-53.062552355449, 6.87994423838045], [-53.1410975404628, 6.86261512121972], [-53.1596671187574, 6.85685366814092], [-53.2341881297761, 6.83373185737031], [-53.3272787190893, 6.81351253458926], [-53.4058239041032, 6.80773542851978], [-53.548368868933, 6.82506653787714], [-53.6414594582462, 6.85106202590082], [-53.7025501572023, 6.87994423838045], [-53.7636408570568, 6.91460057492275], [-53.8014589091337, 6.93481559851479], [-53.810017467866, 6.94862130778318], [-53.8247315560129, 6.97235548112818], [-53.8567314463701, 6.998342869051], [-53.894549498447, 7.01277968283988], [-53.9347234146959, 7.01721003623949], [-53.9469129548235, 7.01855428276163], [-53.9734519389577, 7.02513926516909], [-53.9966376909012, 7.03851796054392], [-54.0145409150877, 7.08589768270072], [-54.0048988345108, 7.11715351674757], [-53.9789128451806, 7.14846373159743], [-53.9352766313839, 7.1773275052702], [-53.8538223655102, 7.2437072261978], [-53.7723027247417, 7.30784014511073], [-53.6969227554281, 7.35505932577188], [-53.6560048625457, 7.37066721092116], [-53.5687324349522, 7.40240154671175], [-53.5221871402956, 7.41682549012784], [-53.4116420658229, 7.43701821661639], [-53.3214605573696, 7.47163215756316], [-53.1381884587046, 7.57834115821293], [-52.952007280078, 7.65042689107247], [-52.8210986386878, 7.67060871902469], [-52.6843718355778, 7.67925778054353], [-52.5592813559073, 7.70232108431202], [-52.4770370334193, 7.75665245548315], [-52.4135731579591, 7.81953093764752], [-52.2918811370608, 7.98526842466222], [-52.1245546089995, 8.12082188062989], [-52.056010357264, 8.19211362296873], [-51.98328333397, 8.29287968042159], [-51.9018290680963, 8.39361991468588], [-51.8494656117198, 8.43966390873367], [-51.8029203170632, 8.47419330272295], [-51.7127388086098, 8.51735068515258]]]}, "properties": {"OBJECTID": 261, "id": null, "Name": null, "type": "Forest", "continent": "Westeros", "size": null, "Symbol": null, "Shape__Area": 20033741647.30371, "Shape__Length": 772162.0582545081}}, {"type": "Feature", "id": 262, "geometry": {"type": "Polygon", "coordinates": [[[-68.8646467853158, 25.803301488955], [-68.8646467853158, 25.8889254417655], [-68.8550317404358, 25.9609875881631], [-68.7892009946447, 26.0793038200926], [-68.8017752930899, 26.2260344576895], [-68.902369679753, 26.3951092618307], [-69.1043019410292, 26.6188392343017], [-69.2640596678502, 26.6955155438123], [-69.4430645102008, 26.7100531704925], [-69.5920182772531, 26.7211409044064], [-69.7594832662425, 26.7431359340433], [-69.9062473385857, 26.8495764477193], [-69.9762044138877, 26.9483576153078], [-70.1346509201941, 27.3149857502783], [-70.2478196053024, 27.4824424393541], [-70.4867312748625, 27.7053224259882], [-70.5998999599708, 27.7720979319802], [-70.713068645079, 27.8832993919767], [-70.7938522619993, 27.9626089756527], [-70.939406016194, 28.1053597880763], [-71.1154461926298, 28.3048220309619], [-71.1452769552064, 28.3398350934287], [-71.1943205634829, 28.4446140980253], [-71.2034662817461, 28.5812333353762], [-71.1787662451181, 28.6896277893866], [-71.1396059590897, 28.7681187812243], [-71.0054451765208, 28.8778228183536], [-70.9253230160937, 28.9074413212656], [-70.8891088224132, 28.9119700749749], [-70.6537898094235, 28.9119700749749], [-70.5472633627474, 28.8684445790653], [-70.4435484614509, 28.7826287981382], [-70.3735625888558, 28.7246811484001], [-70.2226710093103, 28.6364287923887], [-69.971185041305, 28.5701907648594], [-69.8202934608612, 28.5370561002715], [-69.644253283527, 28.5370561002715], [-69.5059360015284, 28.5812333353762], [-69.1790042446487, 28.7136536714792], [-68.9275182766434, 28.845906569534], [-68.7389038017623, 28.9889910227347], [-68.5377150275378, 29.0879337120126], [-68.3742491486488, 29.1977586494672], [-68.1227631815418, 29.3951472138407], [-67.9778094642277, 29.6474164235726], [-67.9011335852853, 29.6979566318384], [-67.6535498575517, 29.75529049547], [-67.5910177964508, 29.7594030925733], [-67.538428138896, 29.7467206252171], [-67.3557309808775, 29.6795885946255], [-67.1545422066529, 29.6358804985335], [-66.9533534333267, 29.6358804985335], [-66.941498571338, 29.6358804985335], [-66.7018674653214, 29.6358804985335], [-66.5384015864324, 29.5484073912985], [-66.4629557966596, 29.4170557037561], [-66.3749357075434, 29.2416557360328], [-66.3604678655822, 29.2185088187913], [-66.2994899177706, 29.1208935160662], [-66.2366184255447, 29.021982458188], [-66.1884892150909, 28.9939214464273], [-66.0857268451009, 28.9339819036837], [-65.8719637733295, 28.9119700749749], [-65.8202353593836, 28.9202026885536], [-65.7336464913308, 28.9339819036837], [-65.6582007006597, 28.9779915375046], [-65.6204778062225, 29.1208935160662], [-65.6204778062225, 29.2102320948804], [-65.5742997796849, 29.3290651517746], [-65.419289031998, 29.4499095822634], [-65.1426544680006, 29.5593456755591], [-64.9090359299111, 29.6028817084844], [-64.7581843550401, 29.6028817084844], [-64.6835276606843, 29.5939279643879], [-64.6175362628828, 29.5747986047126], [-64.5378855913174, 29.5015404402277], [-64.530723910157, 29.4641348418192], [-64.5390881462253, 29.2965006255538], [-64.5516624446705, 29.0659546469845], [-64.4762166539994, 28.9449860655112], [-64.4300175637651, 28.8573547924403], [-64.3649370702381, 28.8018409046066], [-64.0612648080034, 28.8018409046066], [-63.9689449983568, 28.8533093891649], [-63.851860522789, 28.8581925784961], [-63.7854990711927, 28.8388172793986], [-63.7308792543334, 28.7633406805578], [-63.7217587517802, 28.6033149981597], [-63.7343330502254, 28.3269614930174], [-63.8852246306693, 28.1164507870524], [-63.8600760337789, 27.7943473356517], [-63.7594816471158, 27.5939390755752], [-63.7469073486706, 27.4601295457238], [-63.7793195890994, 27.3738145609716], [-63.8288857033591, 27.346563219386], [-64.0486905095583, 27.2814640001325], [-64.058291253259, 27.2763441954484], [-64.1472341834632, 27.2289022427107], [-64.1723878621232, 27.1852794356897], [-64.1618591946666, 27.0353292265341], [-64.1118825494236, 26.9908048861331], [-63.9606704213403, 26.8559822751883], [-63.9103732275596, 26.7100531704925], [-63.9480961228952, 26.5751831639309], [-64.0188596858962, 26.5329838915434], [-64.1366749023201, 26.5183431508675], [-64.3001764766652, 26.5414407972925], [-64.5642367431157, 26.4401541630614], [-64.6396825328884, 26.3951092618307], [-64.6396825328884, 26.2598691456815], [-64.6396825328884, 26.217386235152], [-64.5795956608381, 26.140096197633], [-64.4636423555542, 26.0680092110916], [-64.1870077915569, 25.9097704608274], [-64.1648227251108, 25.8299230856417], [-64.1178449158993, 25.7801663778144], [-64.0864134048938, 25.7626441097236], [-63.9606704213403, 25.6380099635935], [-63.8600760337789, 25.5699727733266], [-63.8030107089671, 25.4841482613952], [-63.7926273583808, 25.4131596024784], [-63.8163215810295, 25.2846823672057], [-63.8829581165287, 25.2209701105917], [-64.1115620017842, 25.1040206424849], [-64.3632888871688, 24.9804862703101], [-64.4336884653932, 24.9084701383305], [-64.5013652508898, 24.75053091173], [-64.5348967131108, 24.6629527920922], [-64.5516624446705, 24.6477155310409], [-64.6014095092729, 24.6024927831356], [-64.6433890590058, 24.5931830311153], [-64.7047991297067, 24.5987668362234], [-64.762306937678, 24.6270278005554], [-64.8911684999954, 24.773367241846], [-64.9540399922213, 24.9559064511857], [-64.9666142906665, 25.081245486541], [-65.0546343788844, 25.2746989424415], [-65.1929516608831, 25.3542668480479], [-65.2683974515541, 25.3542668480479], [-65.419289031998, 25.3542668480479], [-65.4234804642141, 25.3542668480479], [-65.6582007006597, 25.3542668480479], [-65.9348352646571, 25.3997107376026], [-66.0354296522185, 25.5018969031283], [-66.1863212326623, 25.6833465660691], [-66.4378071997693, 25.7739680122044], [-66.6138473771035, 25.7852908341274], [-66.8024618528828, 25.7399930652548], [-67.3345827957463, 25.6725694789067], [-67.6072169479844, 25.6380099635935], [-67.803393132805, 25.6043172517161], [-67.8686949343871, 25.5367488487802], [-67.8605703868029, 25.3606795492717], [-67.8703538595105, 25.3372495991778], [-67.9148945267797, 25.280660300049], [-68.0674023695575, 25.1733560804645], [-68.1103767360939, 25.1630247234831], [-68.1935688737331, 25.1698697442455], [-68.2416954700894, 25.1985954547287], [-68.3742491486488, 25.3883513682338], [-68.5251407290926, 25.5245931529683], [-68.7514780993092, 25.6266731209371], [-68.8491672481052, 25.7244992041276], [-68.8646467853158, 25.7675402028769], [-68.8646467853158, 25.803301488955]]]}, "properties": {"OBJECTID": 262, "id": null, "Name": "Wolfswood", "type": "Dark Forest", "continent": "Westeros", "size": null, "Symbol": 2, "Shape__Area": 316590541433.86914, "Shape__Length": 2932943.23596783}}, {"type": "Feature", "id": 263, "geometry": {"type": "Polygon", "coordinates": [[[-62.2546026137478, 28.7677421218311], [-61.880113239938, 29.0988861029747], [-61.3933655490001, 29.5543972378267], [-61.0673785628812, 29.8840432222697], [-60.8985562841762, 30.040566876932], [-60.8664276805101, 30.0465265847918], [-60.8067299918786, 30.0361909534751], [-60.7616896448174, 29.9913401811801], [-60.7458571514469, 29.9691866877438], [-60.6386833482343, 29.7949517931322], [-60.6252866223836, 29.7329283134002], [-60.6252866223836, 29.6786262894835], [-60.6252866223836, 29.5854688523929], [-60.6386833482343, 29.4572368695163], [-60.667467434266, 29.3987397694635], [-60.6788735248882, 29.3755501701551], [-60.6922702498406, 29.3210559140946], [-60.7190637006437, 29.2197750472633], [-60.7228665135832, 29.1981998034124], [-60.7279948509114, 29.1690970109209], [-60.7279948509114, 29.1105912509783], [-60.7190637006437, 29.0559558425991], [-60.6967358254236, 28.9973857697974], [-60.6967358254236, 28.9348744279819], [-60.7056669756913, 28.8840561824888], [-60.710132550376, 28.8097386189171], [-60.7177669187507, 28.7992261382028], [-60.7413915767622, 28.7666884064673], [-60.8039096286361, 28.7314522905173], [-60.8708932560931, 28.7118715358013], [-60.9356806985132, 28.6664043752961], [-60.9378768835502, 28.6609444180534], [-60.979344663964, 28.5577976245227], [-61.0147220428214, 28.5205031811313], [-61.0459887596847, 28.4976070419349], [-61.0584474126134, 28.4844672731765], [-61.103103163952, 28.4569886896315], [-61.1745523660937, 28.4216485850672], [-61.232604843283, 28.3784391002337], [-61.3933655490001, 28.3194886970571], [-61.5362639532836, 28.3194886970571], [-61.6657656326145, 28.3234197414282], [-61.817595188064, 28.3627221929462], [-61.884578815521, 28.3941536788337], [-61.9962181943166, 28.4373567554634], [-62.0855296969937, 28.4883922011841], [-62.0928687729648, 28.4952724196781], [-62.1719678582845, 28.52842134964], [-62.2418248271278, 28.5786252579522], [-62.2954117287341, 28.6060721485074], [-62.3177396048525, 28.625672681023], [-62.3222051804355, 28.66486276896], [-62.3132740292695, 28.7079549444039], [-62.2546026137478, 28.7677421218311]]]}, "properties": {"OBJECTID": 263, "id": null, "Name": null, "type": "Dark Forest", "continent": "Westeros", "size": null, "Symbol": null, "Shape__Area": 22743261126.17578, "Shape__Length": 632953.6879903991}}, {"type": "Feature", "id": 264, "geometry": {"type": "Polygon", "coordinates": [[[-53.5706911916663, 31.1141986753675], [-53.4937661245556, 31.0765577579459], [-53.4422098251232, 31.0773754741802], [-53.3202964674238, 31.1121741855954], [-53.19931535797, 31.1121741855954], [-53.1636032479732, 31.1037806265699], [-53.0610790060936, 31.0159554361813], [-52.9489013325253, 30.9060190637846], [-52.9248230747027, 30.8908395193934], [-52.8519989282551, 30.8595875110789], [-52.8357953336542, 30.8552276860528], [-52.7804634384388, 30.8510186845323], [-52.7323197507359, 30.8579070254566], [-52.7096537945586, 30.8717031042438], [-52.6606842559705, 30.967726826898], [-52.6418559718573, 30.9864185688733], [-52.5683222317937, 31.028435773068], [-52.5423942385966, 31.0276278419629], [-52.5323261328945, 31.0196018763452], [-52.4908005908079, 30.9789223205082], [-52.3957541876614, 30.8751531487174], [-52.2575048748921, 30.7935413023337], [-52.1192555621228, 30.7118601166457], [-52.0242091598746, 30.6003651323439], [-51.9723656672492, 30.4812955622031], [-51.9291627567281, 30.3844441453998], [-51.8427569365842, 30.2874966419167], [-51.7861333708898, 30.2080104852144], [-51.7763214683001, 30.1706936560611], [-51.7909134439588, 30.0634059140064], [-51.8168351902715, 29.9361953214552], [-51.8168351902715, 29.8088218738941], [-51.8081946081673, 29.7113090267569], [-51.799554026063, 29.5385541925263], [-51.8081946081673, 29.4182024702791], [-51.8600381007926, 29.2600243004263], [-51.9050184116467, 29.1553273454151], [-51.93125998515, 29.1308798257284], [-52.050130905289, 29.0789492537063], [-52.2402237106836, 29.0638452587932], [-52.3439106959344, 29.0940510347122], [-52.4303165160783, 29.1695267058009], [-52.5841809505807, 29.3172069273216], [-52.6108668353151, 29.3803434180685], [-52.6497729924412, 29.6061062489551], [-52.6659534805764, 29.6497561053528], [-52.7586586342423, 29.7638277357215], [-52.8691949043269, 29.8597359763214], [-52.9116030816043, 29.8813336262344], [-53.0275996371759, 29.9064744231935], [-53.078450376428, 29.9096229068694], [-53.1386519606451, 29.8953900222733], [-53.1628832446797, 29.8736804323356], [-53.1794623862734, 29.8305425137528], [-53.1781399466993, 29.8153407335194], [-53.1474848262376, 29.7488251964585], [-53.0870007524063, 29.6812859931341], [-53.0437978418852, 29.6212130235708], [-52.9833137671556, 29.5611042222491], [-52.9314702754285, 29.4934390446166], [-52.8796267828032, 29.4106757450109], [-52.8537050364905, 29.3052431033482], [-52.8105021268677, 29.1997014508], [-52.7500180521381, 29.1016010947735], [-52.7240963058254, 29.0109638533401], [-52.7240963058254, 28.9353720189856], [-52.764997098378, 28.8577872209934], [-52.7759397984508, 28.8016381576272], [-52.7759397984508, 28.7764496842812], [-52.784580380555, 28.6096995706934], [-52.8277832901778, 28.4654747159205], [-52.8969079470116, 28.3134461561172], [-52.9369698442429, 28.2075861607657], [-52.9812223508336, 28.1597488040261], [-53.0351572597809, 28.1078625138775], [-53.1200085498173, 28.0329923016501], [-53.1939335852388, 27.998126032679], [-53.2079689009672, 27.9934786833783], [-53.3462182137365, 27.9476911096589], [-53.4862635794573, 27.8676120715151], [-53.5201855348408, 27.8615205825526], [-53.6478196337641, 27.851262032005], [-53.7149062171358, 27.857762165625], [-53.8128096446698, 27.8866108033304], [-53.9769807037518, 27.9782183177389], [-54.1001745532948, 28.0205194520694], [-54.1716008394137, 28.0299770849821], [-54.31396340402, 28.0239929331778], [-54.5645402832459, 27.9629557926421], [-54.806079775642, 27.9285406346142], [-54.8600639365215, 27.936071438853], [-54.9317479097694, 27.9652970388081], [-54.9500089670696, 27.9822515683158], [-54.9965693866606, 28.0849954851534], [-54.9965693866606, 28.2449622540119], [-54.9533664761395, 28.3970888449145], [-54.8496794917871, 28.624869642355], [-54.7220530851376, 28.7648102508297], [-54.7006256829549, 28.7788172047047], [-54.6015737216009, 28.8005193285945], [-54.5539142842266, 28.8005193285945], [-54.4360528189387, 28.7624610200182], [-54.379417337092, 28.7631602845166], [-54.2586758792915, 28.8016418857463], [-54.2017091077512, 28.8369238853292], [-54.1694822760038, 28.8792611323846], [-54.149792344938, 28.9293308671929], [-54.149792344938, 28.9884710725109], [-54.1594126943698, 29.0231156169474], [-54.227557583876, 29.1091506010864], [-54.3571663145411, 29.2298673178522], [-54.5645402832459, 29.3127776244115], [-54.6595866863924, 29.3504418832018], [-54.7308838630453, 29.4249889801161], [-54.735059543303, 29.4334265076275], [-54.7392643370607, 29.4622612064915], [-54.7200707602237, 29.5235180446317], [-54.6469543846277, 29.6648024270107], [-54.6473283505855, 29.686246990325], [-54.6930905847073, 29.799771209299], [-54.6953843483436, 29.8355929588746], [-54.6509461042882, 29.9062397340678], [-54.5731808653502, 30.0035624192325], [-54.5664025087962, 30.0798433014662], [-54.5787649907856, 30.1192476576507], [-54.6509461042882, 30.2128563688079], [-54.7859659152206, 30.2776566616073], [-54.8302829792392, 30.2860282767908], [-54.9274447298268, 30.2800351668926], [-55.1088969531173, 30.2203229474025], [-55.2600670508251, 30.1829942895165], [-55.3282471659685, 30.1848752248367], [-55.4382235457809, 30.2120327412357], [-55.4956142655414, 30.242611748478], [-55.5754883840506, 30.3173368655953], [-55.6395290282289, 30.4217039267842], [-55.6495348725968, 30.4713037982758], [-55.6359724587802, 30.570611429173], [-55.6121858839303, 30.6661391065771], [-55.6105336674255, 30.6763709150036], [-55.6332907693665, 30.7546293109189], [-55.6719652644555, 30.8059795785756], [-55.7915029357579, 30.8603197932776], [-55.8684370560901, 30.8933350139759], [-55.8831271798801, 30.9117019317776], [-55.8835577235312, 30.9327547904879], [-55.8547889187408, 31.001825555605], [-55.8355889494922, 31.0169823627017], [-55.7655811894452, 31.0529741659635], [-55.6532536220903, 31.0677776276176], [-55.515004309321, 31.1269684276784], [-55.4143156372823, 31.186620976236], [-55.4026767428643, 31.2305870760289], [-55.4026767428643, 31.2673986036243], [-55.4572365289065, 31.3805875273942], [-55.4555232332505, 31.4156854670553], [-55.428598489177, 31.4960732607938], [-55.3249115048246, 31.650665098871], [-55.236096136289, 31.8394858544409], [-55.1934006634106, 31.8822571806192], [-55.0974565854788, 31.9208399112577], [-55.0105367062102, 31.9331350574496], [-54.7978359991617, 31.9150821003682], [-54.6595866863924, 31.8637269274334], [-54.4003692241639, 31.7829681117394], [-54.0720271068983, 31.7315393778663], [-53.9204181938523, 31.7261664436767], [-53.8423033530636, 31.7001070083818], [-53.73504440663, 31.5844428447992], [-53.657279167692, 31.2673986036243], [-53.6147415270124, 31.1686576796695], [-53.5706911916663, 31.1141986753675]]]}, "properties": {"OBJECTID": 264, "id": null, "Name": null, "type": "Dark Forest", "continent": "Westeros", "size": null, "Symbol": null, "Shape__Area": 131519170407.64453, "Shape__Length": 2104301.9519046354}}, {"type": "Feature", "id": 265, "geometry": {"type": "Polygon", "coordinates": [[[-58.1417412546329, 31.2600127398895], [-58.2367876568811, 31.2969362768351], [-58.3145528958191, 31.3486049333951], [-58.3750369696504, 31.4002452209], [-58.4700833727969, 31.4444857263144], [-58.599692103462, 31.4665981508399], [-58.6562542396623, 31.4797547815948], [-58.7072167374205, 31.509984385784], [-58.7690782232298, 31.6154047335214], [-58.7984129585643, 31.6375007320248], [-58.937320651097, 31.6499487148873], [-58.950224433622, 31.6485756297701], [-59.0562218264947, 31.603447826813], [-59.0816182218596, 31.6030812159084], [-59.1359463656276, 31.6169615449867], [-59.1526893545392, 31.6454728887824], [-59.1526893545392, 31.7462362176057], [-59.1094864449164, 31.7976567863541], [-58.9885182954572, 31.8490487615341], [-58.9079296237334, 31.9236970726313], [-58.893471893209, 31.9624395689199], [-58.893471893209, 32.0543302105451], [-58.893471893209, 32.1570551822314], [-58.8803410264616, 32.2010052464035], [-58.8579490744123, 32.2337934437052], [-58.7811443267524, 32.2737646480747], [-58.599692103462, 32.3029826115733], [-58.43552104438, 32.3905799796539], [-58.3051839857337, 32.5070374930428], [-58.2648376729003, 32.5272882300928], [-58.1224071929635, 32.5600335839142], [-58.066003735175, 32.5555487151842], [-58.0034919418636, 32.5363869162767], [-57.7615556438435, 32.5436710640408], [-57.6773380388833, 32.5538124764039], [-57.6025474596175, 32.5353333433859], [-57.5436313951147, 32.4998479278761], [-57.4883926174651, 32.4807328748815], [-57.3969284603131, 32.4671159724339], [-57.3542243276753, 32.4478982089837], [-57.2776830487018, 32.3832834390902], [-57.1999178106621, 32.2445372718978], [-57.1394337359325, 32.1494833491503], [-57.0672887356026, 32.0639277887762], [-57.0530279157885, 32.0034807260513], [-57.0530279157885, 31.9590780167558], [-57.0616684978927, 31.8563881365591], [-57.0703090790986, 31.7756228992809], [-57.1048714075156, 31.6800820817396], [-57.1307931538282, 31.5623582922001], [-57.1739960643494, 31.5181734977671], [-57.3208859592229, 31.4518571145332], [-57.4245729435753, 31.385493749084], [-57.4936976004091, 31.2895527259464], [-57.6405874952827, 31.193513965554], [-57.7940735575908, 31.1434834207817], [-57.8491624558268, 31.1379362931907], [-57.9343672850298, 31.1491554659914], [-58.0034919418636, 31.171337312653], [-58.0712968495775, 31.229334997004], [-58.1038432812417, 31.246127722622], [-58.1417412546329, 31.2600127398895]]]}, "properties": {"OBJECTID": 265, "id": null, "Name": null, "type": "Dark Forest", "continent": "Westeros", "size": null, "Symbol": null, "Shape__Area": 29023684428.54297, "Shape__Length": 676004.4005881962}}, {"type": "Feature", "id": 266, "geometry": {"type": "Polygon", "coordinates": [[[-59.0144400417699, 31.4149943747856], [-58.9448282465238, 31.4203949198636], [-58.9035656745585, 31.4069305245463], [-58.8589095647921, 31.3633621973504], [-58.7984254900625, 31.3043192493189], [-58.7031986800542, 31.2364918137729], [-58.6789148463721, 31.2304635063154], [-58.6158434089269, 31.2304635063154], [-58.5708507237797, 31.2179001447305], [-58.4960051182112, 31.171337312653], [-58.4182398801715, 31.1343646838359], [-58.2972717316107, 31.0825787853217], [-58.271349985298, 31.0381684009891], [-58.2540688210895, 30.9715139719362], [-58.1676630000473, 30.8973988772252], [-58.1201933578279, 30.8566570732236], [-58.1072003492389, 30.8008714189765], [-58.1158195083202, 30.7638470700072], [-58.2454282389853, 30.6895714105357], [-58.3702874680471, 30.6706215349837], [-58.4002851061624, 30.6426045401307], [-58.43552104438, 30.5334064627277], [-58.5046736513955, 30.4407080776032], [-58.5415447192629, 30.426720118268], [-58.6533581906622, 30.4170782173975], [-58.7002205654613, 30.4210208076913], [-58.8416284005837, 30.4887416861204], [-58.9686190713033, 30.5130567641804], [-59.0030480439179, 30.523203426973], [-59.0938442416725, 30.5953741179575], [-59.1111709899917, 30.6251986708973], [-59.1181270261223, 30.6970015507492], [-59.1786111008519, 30.7935413023337], [-59.3255009957254, 30.8751531487174], [-59.4295967261085, 30.9517031639869], [-59.4464691442863, 31.0351463181507], [-59.4464691442863, 31.1417603632996], [-59.3946256525592, 31.3707399599514], [-59.3434447042869, 31.4705706206673], [-59.3148008686272, 31.4804586613523], [-59.2650169218942, 31.4592279227338], [-59.2304545934773, 31.4076200876224], [-59.1342197991599, 31.3760245340359], [-59.0997539012955, 31.3785832739088], [-59.0144400417699, 31.4149943747856]]]}, "properties": {"OBJECTID": 266, "id": null, "Name": null, "type": "Dark Forest", "continent": "Westeros", "size": null, "Symbol": null, "Shape__Area": 12190559037.533203, "Shape__Length": 456462.2725342247}}, {"type": "Feature", "id": 267, "geometry": {"type": "Polygon", "coordinates": [[[-58.4241828583085, 36.7870958221781], [-58.353086863855, 36.7870958221781], [-58.3173421198605, 36.7722084612298], [-58.3024908374102, 36.7444456336338], [-58.2948850866655, 36.6651752284324], [-58.2568563302471, 36.5797157012358], [-58.1807988174102, 36.5491714869065], [-58.0819240505427, 36.5797157012358], [-58.0362895424812, 36.6651752284324], [-57.9830492836751, 36.7261597206146], [-57.9584424409697, 36.7320762275156], [-57.9145975224813, 36.7276837131138], [-57.7548767451646, 36.6636499963161], [-57.7334310218417, 36.6550481225724], [-57.6407904759093, 36.6178789827807], [-57.5152955800879, 36.6270353607353], [-57.4931156609883, 36.6426089482848], [-57.424026563965, 36.6910995481576], [-57.2300799069497, 36.7459692631659], [-57.2072626538173, 36.7459692631659], [-57.0475418756023, 36.7139666925922], [-56.9790901144085, 36.6834756554232], [-56.8748279414746, 36.6755121156012], [-56.8193693370918, 36.6712758539226], [-56.7481737131851, 36.6657331470059], [-56.7039869489002, 36.6866742766069], [-56.6368313066427, 36.8114567063085], [-56.582640328432, 36.876127670554], [-56.5569709179844, 36.8920967754264], [-56.5080804733622, 36.9144369263911], [-56.4752151873828, 36.9122471540171], [-56.4390817729076, 36.890576052089], [-56.4314760221629, 36.8829719817019], [-56.4096492254116, 36.8393133885156], [-56.4086587681322, 36.8373316555113], [-56.3287983794738, 36.7368270322347], [-56.3104630853986, 36.7162530318303], [-56.2717552448462, 36.6728009349093], [-56.2340233861208, 36.6364765425724], [-56.1862718669383, 36.6178789827807], [-56.1120344675295, 36.6178789827807], [-56.0093568257388, 36.6636499963161], [-55.9865395717081, 36.6819507860381], [-55.9180878105142, 36.8373316555113], [-55.9165536595872, 36.8446983623955], [-55.8952705564835, 36.9468226321384], [-55.8496360484221, 37.0561564698631], [-55.8268187943914, 37.1471478397842], [-55.7811842872282, 37.2471120528471], [-55.7811842872282, 37.3560185867818], [-55.7722576707578, 37.3938522170796], [-55.7273414232582, 37.4473606760853], [-55.6989829742794, 37.4647559291781], [-55.5992493865592, 37.4647559291781], [-55.5541211761784, 37.4278251664436], [-55.4990137744442, 37.3339910252327], [-55.4960681186775, 37.304541313893], [-55.4966753295039, 37.1563216059202], [-55.5073772406563, 37.0197293283955], [-55.530194494687, 36.9103430915582], [-55.5187858681208, 36.8099343779712], [-55.4617427334932, 36.7093938078353], [-55.4503341060287, 36.5995629635785], [-55.4617427334932, 36.4895755412525], [-55.5197439321511, 36.3884759756361], [-55.5538824363153, 36.3678617852679], [-55.6038462087002, 36.3628326034518], [-55.6283583761612, 36.3721632659028], [-55.6556893905084, 36.4161636955574], [-55.6851540671489, 36.4398710778001], [-55.7292902266389, 36.4428800604251], [-55.804001541259, 36.4161636955574], [-55.8496360484221, 36.3426823954961], [-55.8952705564835, 36.2967213376069], [-56.0663999603664, 36.2507331842768], [-56.1202721740934, 36.2196952027725], [-56.1462603490247, 36.179718274714], [-56.1462603490247, 36.0388390792008], [-56.1462603490247, 35.9095800666967], [-56.1804862296216, 35.7893644480232], [-56.2375293642493, 35.6967669543966], [-56.4200673946984, 35.6318846521279], [-56.5683795445506, 35.5391042296913], [-56.6482399332089, 35.4462163619515], [-56.6917174712888, 35.3956012849335], [-56.7622092193563, 35.3544525672689], [-56.9790901144085, 35.2973725876009], [-57.5495214606848, 35.2787478218211], [-58.1998131956194, 35.2694338326429], [-58.8272876765234, 35.3253017007883], [-59.0896860956308, 35.3625255148366], [-59.2608154995137, 35.3625255148366], [-59.3823164900735, 35.3872929262273], [-59.4212943273694, 35.4144524970491], [-59.4889880380242, 35.4833843951255], [-59.5688484266826, 35.5112491458374], [-59.7742037111624, 35.5391042296913], [-59.9567417416115, 35.5298202762785], [-60.1278711454944, 35.5298202762785], [-60.2639521470517, 35.5372029036659], [-60.3386512670418, 35.5736659317527], [-60.458721326694, 35.6782345342069], [-60.5613989684847, 35.7893644480232], [-60.641259357143, 36.0203864672344], [-60.641259357143, 36.1310372774288], [-60.5982857685476, 36.2142934655571], [-60.5842162225154, 36.252879018823], [-60.5842162225154, 36.3702460186153], [-60.5952362522628, 36.4279013972597], [-60.611208966361, 36.4618592309158], [-60.6488620814635, 36.4807835567228], [-60.6939338210506, 36.4894492107351], [-60.7895715069952, 36.4804028609735], [-60.8157162798401, 36.4689354822221], [-60.9721095383426, 36.3610592290255], [-61.0781615640559, 36.3144616326784], [-61.1090130616286, 36.2875258744293], [-61.1530177652532, 36.271759700909], [-61.1883847865353, 36.2590859619494], [-61.2201655822863, 36.2552893560565], [-61.2567135971129, 36.2749348539635], [-61.2728878410585, 36.3148100973696], [-61.2563634436966, 36.3769217605731], [-61.2725252648402, 36.4043875560074], [-61.405637361333, 36.4620542418775], [-61.5311322571544, 36.517087066624], [-61.5740655697841, 36.5429612037934], [-61.6060357402784, 36.581808496495], [-61.6224012732773, 36.6343571302979], [-61.6224012732773, 36.6819507860381], [-61.5767667652159, 36.7825272935743], [-61.4854977499913, 36.873846096715], [-61.4626804959606, 37.0197293283955], [-61.3696304853453, 37.1022330900279], [-61.3710915897651, 37.1284482242471], [-61.4284546153637, 37.2198622136839], [-61.5197236305882, 37.3288024552738], [-61.5425408846189, 37.4104041348734], [-61.6452185264097, 37.4828644210457], [-61.6715954436869, 37.4828644210457], [-61.7231710595929, 37.4602434035563], [-61.7593047956649, 37.3741476795171], [-61.7707134231295, 37.2743520408698], [-61.8391651843233, 37.1653329959383], [-61.9076169464154, 37.0561564698631], [-62.0102945882062, 36.9923975045563], [-62.0117791988419, 36.9921010588294], [-62.0764252302666, 36.9791914687856], [-62.1254934002796, 36.9847910203862], [-62.1823698013023, 37.010027165611], [-62.2139311269512, 37.049810436593], [-62.2614128137819, 37.1970394736436], [-62.3113819527023, 37.2487662545923], [-62.372771115115, 37.2806290988523], [-62.5765085238866, 37.3115007526596], [-62.5774844563062, 37.3126003742764], [-62.5900019048686, 37.31210259113], [-62.6672637970917, 37.3366785306382], [-62.7404467117992, 37.3832134376905], [-62.8431243535899, 37.4647559291781], [-62.9343933697128, 37.5462095833145], [-63.0142537574728, 37.5733410476141], [-63.1185180333628, 37.6709390144309], [-63.1361232773864, 37.7108756702185], [-63.1283400267281, 37.7539648461909], [-63.0370710115035, 37.8531204838451], [-63.0189827694028, 37.9030913430241], [-63.0142537574728, 37.9161501915855], [-62.9862808869736, 38.0043696227107], [-63.0009087997353, 38.0425783311739], [-63.0712968921004, 38.1049154184702], [-63.1504876073757, 38.1256837170227], [-63.1735246324441, 38.1507717750906], [-63.1770876913224, 38.1551019286214], [-63.1940631336868, 38.2818022921247], [-63.1816704916601, 38.3187588685999], [-63.082705519565, 38.4273807516438], [-63.0617933200623, 38.471054322365], [-63.020015195074, 38.5115736913318], [-62.8887588616514, 38.5702387798975], [-62.7632639658299, 38.6504718659142], [-62.6263604425439, 38.7751004721949], [-62.5917128002262, 38.8628343148474], [-62.551476550778, 38.9007499500831], [-62.5121057256981, 38.9143663112124], [-62.4581280686214, 38.9190984624861], [-62.352553395972, 38.8817519759975], [-62.1675023303122, 38.8210727341216], [-62.1106993575808, 38.8142233204045], [-62.0398585232956, 38.8242586012181], [-62.0032615368113, 38.8448811048552], [-61.9713019951835, 38.9195166786918], [-61.9794383412406, 38.9809845107138], [-61.9874773341755, 39.0059766976628], [-62.0559290962676, 39.1122817128062], [-62.0559290962676, 39.1742190364635], [-62.0816944027702, 39.2208096074006], [-62.1230179137494, 39.2435255000173], [-62.3639620234365, 39.2979301322285], [-62.4745579901649, 39.3290454457046], [-62.4905777463396, 39.3436384576249], [-62.5008655458241, 39.4390470142834], [-62.4710275985219, 39.4851195084815], [-62.455231038661, 39.4918923025682], [-62.3592958208129, 39.5584915148983], [-62.3411447694058, 39.5710849753241], [-62.3411447694058, 39.7028719497979], [-62.3867792765689, 39.7905903875113], [-62.5122741732887, 39.9307075040515], [-62.5465000538856, 40.0268719997374], [-62.5350914273194, 40.1229011261964], [-62.5159651558567, 40.2032919594059], [-62.5291142835572, 40.2326413729299], [-62.6605863231408, 40.3406452834026], [-62.8887588616514, 40.4275468484839], [-63.0028451309066, 40.5143362741437], [-63.1397486541926, 40.6269947899753], [-63.2402668529398, 40.7413313624976], [-63.273953096681, 40.7567496272015], [-63.4477815813615, 40.7567496272015], [-63.6316852594516, 40.7358506164896], [-63.6931358190189, 40.7386304214688], [-63.8470835237549, 40.8085807975602], [-63.9171726855396, 40.8284716748167], [-63.9589440632818, 40.8266909655791], [-64.1255215715677, 40.763637205238], [-64.166587301993, 40.7625263536288], [-64.2261029173879, 40.7775508056327], [-64.2482878293238, 40.7977933284817], [-64.2692027192807, 40.9638315488336], [-64.3395640149009, 41.0817958499771], [-64.3290000562301, 41.168192439763], [-64.2920199733114, 41.1960244090771], [-64.16652507749, 41.2646647182744], [-64.1094819428623, 41.3246658636019], [-63.9269439115149, 41.3846118112504], [-63.8242662697242, 41.4445025457655], [-63.8242662697242, 41.5555816620143], [-63.9725784195763, 41.6494228402656], [-64.0752560622654, 41.77716809872], [-64.132299196893, 41.8706865648315], [-64.1265531941451, 41.9391103624989], [-64.1460567068231, 41.9791669215616], [-64.2077453477885, 42.0270013936839], [-64.3718803619697, 42.0657836567196], [-64.6173824587297, 42.1240784294988], [-64.6594638630428, 42.1422825369754], [-64.6800674598043, 42.2186223202115], [-64.6643732333256, 42.2560628701495], [-64.6438026999565, 42.2725909407323], [-64.5116238407545, 42.3068137930302], [-64.3939972750319, 42.3139773373427], [-64.2463854661483, 42.3024863891938], [-63.9839870461425, 42.2771677748103], [-63.7215886270351, 42.201150877014], [-63.5992471870685, 42.0877625206603], [-63.539611987943, 42.0692338742735], [-63.3565125652386, 42.0488424134193], [-63.082705519565, 42.0403700973695], [-62.9326033579316, 41.9776334324621], [-62.9228732577283, 41.9393881910582], [-63.0142537574728, 41.8399647961031], [-63.0142537574728, 41.741817907681], [-62.9120141845203, 41.5596467877015], [-62.9095496771995, 41.5282893778533], [-63.0147462893701, 41.4136379075281], [-63.0055971009149, 41.3866765503419], [-62.9229847422483, 41.3246658636019], [-62.7860812189623, 41.2217729703484], [-62.6834035771715, 41.1874393040436], [-62.5465000538856, 41.127312047245], [-62.3981879040334, 41.0413203053421], [-62.2042412461198, 40.9810591453189], [-62.0784890790892, 40.9705101208421], [-62.0424282916081, 40.9674847633951], [-61.984265909137, 40.9718043613345], [-61.7935306771602, 41.0757305050498], [-61.7478961690987, 41.1616772337176], [-61.7935306771602, 41.2989578450477], [-61.9304341995478, 41.3760514847864], [-62.1015636034307, 41.4359501077869], [-62.167583914408, 41.4818936274593], [-62.1700153655229, 41.4957935045161], [-62.1486933644691, 41.5995170732834], [-62.1276733168267, 41.6097044248023], [-62.0901549768645, 41.6153145655556], [-61.8847996923847, 41.6238433258675], [-61.8406897412431, 41.6831676727487], [-61.8563188569317, 41.7325317326948], [-61.8733910649202, 41.7516393580992], [-61.8830656510356, 41.8021427564748], [-61.8762671093372, 41.8162781947742], [-61.8277565577571, 41.845195075356], [-61.6452185264097, 41.8961678927458], [-61.5653581386496, 41.9640684145154], [-61.5539495111851, 42.0742525839012], [-61.6109926458128, 42.1335034313447], [-61.7133714154135, 42.194212246945], [-61.725078915068, 42.2115573932769], [-61.725078915068, 42.2687259754505], [-61.6566271538742, 42.3446614636287], [-61.4398632419299, 42.4289267869424], [-61.3143683461084, 42.3952342314531], [-61.2345079574501, 42.3024863891938], [-61.2345079574501, 42.2138116441476], [-61.2133004897984, 42.201150877014], [-61.051969927001, 42.201150877014], [-60.9036577762505, 42.201150877014], [-60.7553456263983, 42.2602830447521], [-60.5842162225154, 42.2771677748103], [-60.5157644613216, 42.2433937927913], [-60.458721326694, 42.192698902082], [-60.3332264299742, 42.1504220743333], [-60.3104091768418, 42.0996525844925], [-60.3446350574387, 42.0488424134193], [-60.4701299532602, 42.0403700973695], [-60.6070334765461, 42.0488424134193], [-60.778162880429, 42.0488424134193], [-60.8922491496843, 42.0403700973695], [-61.0405612995365, 42.0149463700355], [-61.1432389422255, 41.9979915698409], [-61.268733838047, 41.9216390581118], [-61.3485942267053, 41.8281951039955], [-61.4512718693944, 41.7005514087055], [-61.4626804959606, 41.5982536605589], [-61.4626804959606, 41.503673679092], [-61.4369292049731, 41.4756725712869], [-61.3567024977149, 41.4395972485081], [-61.3378682963989, 41.4393357824433], [-61.1568116174977, 41.4964602532611], [-61.126261727485, 41.5147630783752], [-61.0861958075979, 41.5897215166257], [-60.9492922843119, 41.7175852390343], [-60.9064562870753, 41.7602034235843], [-60.8369277845207, 41.7774890965056], [-60.7439369998321, 41.7601500671185], [-60.5271730878878, 41.7686596468913], [-60.3332264299742, 41.7856754212264], [-60.2419574147496, 41.819693425315], [-60.1411023765169, 41.8265259606856], [-60.1078838451201, 41.8090150891564], [-60.0822366383312, 41.7516393580992], [-60.0594193843005, 41.6664702086733], [-59.9795589956422, 41.6067846773301], [-59.8223194980909, 41.6141324484484], [-59.7929269435914, 41.6265364304509], [-59.7627950836979, 41.7090688877075], [-59.6715260684733, 41.7601500671185], [-59.4433535299628, 41.8111906171249], [-59.3520845147383, 41.9046594108674], [-59.3863103953352, 42.0488424134193], [-59.3655993205398, 42.1180125000444], [-59.3518331418672, 42.1264078769187], [-59.1467292302584, 42.1504220743333], [-59.0326429610032, 42.1842457974327], [-58.9151533955479, 42.2350095294568], [-58.8708248591449, 42.2350095294568], [-58.7961285544749, 42.2098660238805], [-58.768246102104, 42.18338326598], [-58.7588359144312, 42.0996525844925], [-58.7588359144312, 42.0064695344228], [-58.7930617950281, 41.9555848022792], [-58.9071480642834, 41.8366956537985], [-58.9706918709393, 41.7656413884864], [-59.0004216718611, 41.7584668088686], [-59.0862775667443, 41.7526442742136], [-59.1055461133817, 41.7350326691694], [-59.1353206027939, 41.6238433258675], [-59.1239119762277, 41.5128814726703], [-59.237998245483, 41.4188418500379], [-59.3064500066768, 41.4188418500379], [-59.4205362759321, 41.3931710115894], [-59.5346225451873, 41.3160976507481], [-59.6415720768027, 41.3094033477924], [-59.6846112334307, 41.2895054739738], [-59.7299925405495, 41.2269609986421], [-59.7171226110359, 41.2045941067156], [-59.6258915613102, 41.1702657159805], [-59.4433535299628, 41.1702657159805], [-59.3064500066768, 41.1960244090771], [-59.2081108980267, 41.2021904777291], [-59.1695464842892, 41.1831203918834], [-59.1695464842892, 41.127312047245], [-59.2151809914523, 41.0499245432326], [-59.2950413801106, 40.9638315488336], [-59.3752528016359, 40.9032342208471], [-59.4094956720698, 40.8913708824719], [-59.5003966645904, 40.8776260967482], [-59.5734932089782, 40.8361613973316], [-59.5866682503798, 40.8031556494984], [-59.5574397992181, 40.6702744766285], [-59.4775794105597, 40.5836870377094], [-59.4205362759321, 40.4275468484839], [-59.3289258047798, 40.3514278339471], [-59.29951758995, 40.3027722846018], [-59.3163681664899, 40.22562304357], [-59.343467572699, 40.2101033201535], [-59.4205362759321, 40.1839400521965], [-59.4602337428223, 40.1080778189013], [-59.4597802184696, 40.0820576671738], [-59.4091276493659, 39.965692069542], [-59.3178586341413, 39.8869516408373], [-59.2494068720492, 39.799356087973], [-59.1940641431515, 39.7142649099671], [-59.1864885722071, 39.6781253422665], [-59.2265896189168, 39.5622902501904], [-59.2265896189168, 39.4746154483001], [-59.1998145710006, 39.4437446448034], [-59.1353206027939, 39.4126093227909], [-59.0668688416001, 39.3508823805923], [-59.0440515875694, 39.2626063649527], [-58.9299653183141, 39.1476811418253], [-58.7702445418957, 39.059149211819], [-58.6789755257729, 38.9616357141374], [-58.644749645176, 38.8728704542763], [-58.5648892565176, 38.7928868171258], [-58.5306633759207, 38.6593811137389], [-58.5420720033852, 38.5702387798975], [-58.5877065105483, 38.4809857117643], [-58.7246100338343, 38.4005633385605], [-58.8501049296558, 38.3021476909782], [-58.8999799880165, 38.282575247555], [-58.9566717115865, 38.2677400623063], [-59.1073091685179, 38.2816527606656], [-59.1466740314792, 38.2944238136769], [-59.2950413801106, 38.4273807516438], [-59.5003966645904, 38.6593811137389], [-59.5232139186212, 38.7395144720628], [-59.4775794105597, 38.8462192289977], [-59.468701663339, 38.9084204958961], [-59.4967714135484, 38.9539111170134], [-59.5346225451873, 38.9882436367828], [-59.6258915613102, 39.1122817128062], [-59.6373001878764, 39.2272647869126], [-59.658027461093, 39.3555972083796], [-59.6648359264803, 39.3708040419948], [-59.7262334953273, 39.4004626243015], [-59.7686791188775, 39.4113947484272], [-59.8768813529531, 39.4037945307379], [-59.999477802171, 39.3248088311623], [-60.0115395380848, 39.2982117170644], [-60.0035359765013, 39.2362479592955], [-59.9607710638515, 39.1766006419337], [-59.9225158610146, 39.129983651807], [-59.8071942267839, 39.0323267442445], [-59.7970209651931, 39.0071095228752], [-59.7970209651931, 38.9720584687602], [-59.8193534990763, 38.9431150736758], [-59.8996986069838, 38.9083898820982], [-60.0594193843005, 38.9083898820982], [-60.184914280122, 38.9083898820982], [-60.3446350574387, 38.9083898820982], [-60.4359040726632, 38.9172669632638], [-60.5271730878878, 39.0148415611993], [-60.5499903419185, 39.0945753260917], [-60.5956248499799, 39.2007469185629], [-60.6628683393874, 39.2658534880851], [-60.7111339051182, 39.2891008605209], [-60.7883278541631, 39.2891008605209], [-60.8118249469126, 39.2807068990904], [-60.8808405231181, 39.2272647869126], [-60.915066403715, 39.1476811418253], [-60.9264750302812, 39.059149211819], [-60.8808405231181, 38.9261429341046], [-60.7965043809646, 38.7454865000636], [-60.7805235191467, 38.7253212786131], [-60.6616841774849, 38.6557527073996], [-60.6299524315451, 38.6514574243991], [-60.4473126992294, 38.6593811137389], [-60.4010736878639, 38.6593811137389], [-60.3476593634034, 38.6454764885456], [-60.3256308804978, 38.6207870928805], [-60.2875919228111, 38.5434744831135], [-60.1506883995251, 38.3916219886345], [-60.0366021302698, 38.3111000947027], [-59.8996986069838, 38.2573691021712], [-59.8055983005114, 38.2439331207298], [-59.7742037111624, 38.2174673911844], [-59.7742037111624, 38.1497878486767], [-59.8084295917593, 38.077978722001], [-59.8029160586338, 38.0302220472242], [-59.7585776740003, 38.0069352002538], [-59.5988568966836, 37.9349857750329], [-59.3820929847393, 37.9349857750329], [-59.1653290736933, 37.8989846240949], [-59.0854686850349, 37.8269294749271], [-59.0056082963766, 37.7277386604083], [-58.92493888677, 37.608010235087], [-58.8838321877778, 37.5864641786019], [-58.8615135571203, 37.5823826731756], [-58.7246100338343, 37.5552545022355], [-58.5991151380128, 37.4919170212395], [-58.4850288687576, 37.4104041348734], [-58.291082210844, 37.3560128764964], [-58.2112218221856, 37.2652731390376], [-58.1746523160642, 37.2310641184721], [-58.1111581871418, 37.2116177067577], [-58.0971355529304, 37.2016901840227], [-58.1037311652061, 37.0912864023162], [-58.1199528069611, 37.0743634866905], [-58.1655873141242, 37.0743634866905], [-58.2454477027825, 37.083465355834], [-58.3367167180071, 37.1198619054639], [-58.4165771066654, 37.1835137776104], [-58.5534806299514, 37.1835137776104], [-58.6302987175932, 37.1631106001512], [-58.6751726508497, 37.1213780489086], [-58.789258920105, 37.0728464021489], [-58.9413739457786, 37.0667777604801], [-59.1391234786154, 37.0182111515177], [-59.2075752407076, 37.0182111515177], [-59.2912385042891, 37.03642727043], [-59.2961279149047, 37.0379450832618], [-59.4281420275751, 37.0789145582069], [-59.5267350998375, 37.0757681671393], [-59.6373001878764, 37.1198619054639], [-59.807986399829, 37.1438758976118], [-59.8683111457666, 37.1803769536827], [-59.9225158610146, 37.2289465879746], [-60.0708280108667, 37.3469438318385], [-60.2305487881834, 37.4104041348734], [-60.3560436840049, 37.4104041348734], [-60.4026327347007, 37.3839666970863], [-60.4268013711257, 37.3337239668555], [-60.4016781920663, 37.2471120528471], [-60.3734169102586, 37.1720850852144], [-60.3553502277247, 37.1459060547126], [-60.2175335040703, 37.0281140472596], [-60.1857615998441, 37.0127124378045], [-60.1662168086804, 37.0064695596322], [-60.1658999019128, 37.0060646445027], [-60.0735745325928, 36.9672503015263], [-60.0213906278821, 36.94530299974], [-59.9655742281149, 36.9325565036473], [-59.9149101093715, 36.9209847606847], [-59.823641094147, 36.890576052089], [-59.7399778305655, 36.84798350265], [-59.6639203177286, 36.7870958221781], [-59.5422282968304, 36.7322555084215], [-59.4509592816058, 36.7200634481813], [-59.4409480967535, 36.7197145505859], [-59.3863103953352, 36.7002472226048], [-59.1809551108554, 36.6819507860381], [-58.9984170804063, 36.7093938078353], [-58.7654909439748, 36.7627271906705], [-58.7208071580128, 36.768820074398], [-58.5686921323391, 36.774912474725], [-58.4241828583085, 36.7870958221781]]]}, "properties": {"OBJECTID": 267, "id": null, "Name": "The Haunted Forest", "type": "Dark Forest", "continent": "Westeros", "size": null, "Symbol": 2, "Shape__Area": 389535231096.64844, "Shape__Length": 6862743.885807852}}, {"type": "Feature", "id": 268, "geometry": {"type": "Polygon", "coordinates": [[[-60.345220192167, 12.1491245112473], [-60.326828726437, 12.0592115876051], [-60.3151848337929, 12.0385719689465], [-60.2733367911293, 12.010045092699], [-60.1360367550702, 12.0258440052196], [-60.0707138098413, 12.0601527612882], [-59.9546102721059, 12.1736696456408], [-59.8437919175474, 12.3402730916285], [-59.7500225405442, 12.4693179812487], [-59.656253163541, 12.5483782986476], [-59.5070746092586, 12.6897939763599], [-59.332322588194, 12.8020387451206], [-59.1234726120189, 12.8726857808653], [-58.9657695685097, 12.9183879692441], [-58.900952609246, 12.9385303595331], [-58.8381861633145, 12.964856528259], [-58.6615249806244, 13.0964716131948], [-58.5293476943724, 13.2037309749721], [-58.4585624837696, 13.2712572778353], [-58.322170662429, 13.3666521026414], [-58.1261074191958, 13.4247000631544], [-57.9684043765849, 13.4537187837633], [-57.8362747998577, 13.4578640287125], [-57.7509625546047, 13.4406972719574], [-57.7477819301024, 13.4400572347299], [-57.712669711459, 13.4329914841264], [-57.6316870673977, 13.3790921296225], [-57.6218015532603, 13.3634636321655], [-57.6005699595551, 13.3298941349708], [-57.5975891122871, 13.3251807125116], [-57.5972351365393, 13.3169138723645], [-57.5940278177, 13.2419964445067], [-57.5933268676737, 13.2256204026283], [-57.6146380898424, 13.1467729638593], [-57.7211942006858, 13.0346830262803], [-57.8447992881862, 12.9557744522966], [-57.9726666203, 12.9017699573944], [-58.2241390408124, 12.7729430291903], [-58.3690553504815, 12.7105837941878], [-58.4606104827173, 12.6622021446281], [-58.5401409812572, 12.5607099676902], [-58.5474387113691, 12.5334034292344], [-58.5474387113691, 12.4177287112175], [-58.5317407038814, 12.3257279026242], [-58.4999117898723, 12.2324255930858], [-58.4710385289806, 12.2049490114223], [-58.4202022840456, 12.1903347181367], [-58.3264329070425, 12.2069987435504], [-58.2624992405364, 12.2528194041108], [-58.2241390408124, 12.3027965030625], [-58.2113523078705, 12.3652545063542], [-58.1346319084226, 12.4110475611935], [-58.0922147264327, 12.4248558383784], [-58.0579115089747, 12.4360221992306], [-57.9726666203, 12.4651562420178], [-57.8874217325235, 12.4859642686294], [-57.7979146001337, 12.5192536303298], [-57.7840597424713, 12.5272096448933], [-57.7386441349799, 12.5532873856477], [-57.7254564444009, 12.5608592910147], [-57.7142976294337, 12.5711101313809], [-57.6529982895664, 12.6274143416456], [-57.5677534017899, 12.6897939763599], [-57.4782462685018, 12.7521583231996], [-57.3957075671969, 12.7847924887049], [-57.360941510755, 12.8073942375193], [-57.2126293609029, 12.929737118853], [-57.2055436457745, 12.9346699688066], [-57.1926758928788, 12.9474668289703], [-57.1116932497158, 13.0429877308549], [-57.0136616280992, 13.1218684985155], [-56.8602208292033, 13.1841249197861], [-56.7110422749209, 13.2048735430722], [-56.4979300541324, 13.2131724984063], [-56.4579876481052, 13.2131724984063], [-56.041012219371, 13.1534686513378], [-55.5308651768781, 13.0950190081145], [-55.5158458789269, 13.0952250468523], [-55.2106936359735, 13.1339893906332], [-55.1267111973783, 13.1693262896077], [-54.8088805115938, 13.3755536608839], [-54.8024360193051, 13.3801877300642], [-54.730533034096, 13.4938316152995], [-54.6716711326149, 13.6654806932617], [-54.5579363795202, 13.8275135707529], [-54.4186972311056, 13.9888298874357], [-54.4058061256058, 13.9982112905204], [-54.1631658753898, 14.1138342171696], [-54.0536211693091, 14.1290105546874], [-53.7792562770305, 14.195517059996], [-53.6066370181472, 14.2373502553358], [-53.2644952204388, 14.2568572358454], [-53.140931015267, 14.2543622508685], [-53.0206934782048, 14.2666288316157], [-52.6781503581432, 14.2283203205031], [-52.4880827693569, 14.1290940124915], [-52.3858383868243, 14.0194794092304], [-52.3586910797492, 13.9420965119612], [-52.3753715441205, 13.8287453881068], [-52.5008664408402, 13.6292573985874], [-52.7632648599477, 13.2853009350184], [-53.037733169875, 13.0900175419585], [-53.1612381598999, 13.0481132097102], [-53.4477824754792, 12.974210605287], [-53.7715019296665, 12.8741681292157], [-54.01788237845, 12.7383736906701], [-54.0979580259083, 12.6949784509876], [-54.3677469369605, 12.5157199609574], [-54.6073281038338, 12.3857496384282], [-54.7784575068184, 12.263146850195], [-54.9305725324921, 12.188814329791], [-55.1435335686149, 12.0847138227345], [-55.2144500491319, 12.0527065676487], [-55.532538295383, 11.9802911305354], [-56.2034572860088, 11.9446199856495], [-56.5327321276272, 11.8972415214846], [-56.6461210859314, 11.8676523827815], [-56.9390309534455, 11.7554623819807], [-57.06269655865, 11.679782098993], [-57.1521134265234, 11.5953311733663], [-57.225219455324, 11.5262662416533], [-57.2754174131136, 11.4502418306437], [-57.3088827189056, 11.3995475269819], [-57.3240942212933, 11.3100649502998], [-57.3164884705485, 11.2429346574184], [-57.3012769681608, 11.160865294179], [-57.2936712165178, 11.1459410937125], [-57.2556424600994, 11.0713086259386], [-57.1719791956196, 11.0339852488297], [-56.9666239111397, 10.9593242852176], [-56.76126862666, 10.8248871452688], [-56.5559133421801, 10.705336785157], [-56.4871379350574, 10.6496788797358], [-56.2897120472512, 10.4810531010286], [-56.0047420992759, 10.2417532496639], [-55.9698095382994, 10.2168019776165], [-55.9626647418731, 10.2116984248449], [-55.8617884683654, 10.1849079053511], [-55.5517135672495, 10.102544764187], [-55.4835024108214, 10.0844234491234], [-55.3504017660518, 10.0834874170796], [-54.4186972311056, 10.0769351139912], [-53.8026313776662, 10.039490829205], [-53.4527668182574, 9.97208020792087], [-53.2702287878083, 9.83721721444743], [-53.2322000313899, 9.68730489060646], [-53.2702287878083, 9.55982670667517], [-53.4071323101959, 9.33474901865982], [-53.5136128287065, 9.18461622052159], [-53.5921041821769, 9.11358117736049], [-53.653610215408, 9.08954156955039], [-53.8102371284108, 9.04944226670416], [-54.2057361949828, 9.03441978780982], [-54.4263029827486, 8.97432362293391], [-54.6925042776775, 8.83155544502834], [-54.8446193033512, 8.70376860120507], [-54.927162340824, 8.63674023216316], [-55.057580339474, 8.53081116370416], [-55.1817201868765, 8.4817014551279], [-55.2792336656272, 8.47063361043376], [-55.4074448979845, 8.47063361043376], [-55.8181554678424, 8.38787411693731], [-56.2440775391898, 8.17713442588428], [-56.4646443269556, 8.14701959380704], [-56.6699996114354, 8.19219098957167], [-56.7840858806907, 8.24488447070538], [-57.088315932038, 8.41797052677006], [-57.3849402317424, 8.60601976734791], [-57.8452561839161, 8.77148631292986], [-58.0705635296583, 8.9276561839374], [-58.1531211117538, 9.01939668351105], [-58.3368621606415, 9.21332846284676], [-58.4229524241857, 9.26028775613296], [-58.6018604371318, 9.28971592112603], [-58.8056050935112, 9.27752949793969], [-58.8895044523157, 9.29496103759608], [-59.0176871056706, 9.3657936316408], [-59.0673683489155, 9.41694008652243], [-59.2103205398266, 9.63481969976419], [-59.392858571174, 9.91964007778387], [-59.5052546727986, 10.0540530113108], [-59.6058196063985, 10.1742698661756], [-59.833992144909, 10.421216530559], [-60.1001934398379, 10.6903896629843], [-60.3816062380529, 10.8995819404769], [-60.3868319895889, 10.9026608122225], [-60.7999225586555, 11.1459410945939], [-61.0385227715268, 11.4002851951993], [-61.181079350675, 11.5839629245093], [-61.2714791380643, 11.7720860188319], [-61.423594163738, 12.1664260957029], [-61.5985264434424, 12.7902140185034], [-61.6365551998608, 13.3088654573198], [-61.6362009474319, 13.3132895595579], [-61.6371879515874, 13.3209732670646], [-61.6431472952321, 13.5489594125918], [-61.6062663018792, 13.9967151804552], [-61.5538980673638, 14.311540880015], [-61.4970007957821, 14.5240898969376], [-61.4851070133854, 14.5684953612464], [-61.3819204319688, 14.7633909001051], [-61.2541656174376, 14.9058869242547], [-61.150979036021, 14.96285898335], [-61.0035696346388, 14.9865928775209], [-60.9151239938095, 14.9865928775209], [-60.807023765231, 14.9438699761793], [-60.6890962441253, 14.8773952350585], [-60.6153915438834, 14.7776447210236], [-60.5023776690413, 14.630310278893], [-60.466872608141, 14.5566825948603], [-60.4614204308478, 14.545374106242], [-60.4335866150629, 14.4876343196642], [-60.3697092073482, 14.3163019863811], [-60.3205727402208, 14.2162976064288], [-60.3157724954821, 14.1755780997621], [-60.2957222115282, 14.0848411622951], [-60.1955169229439, 13.9572401324458], [-60.0654286266644, 13.9092610695163], [-59.8864143618848, 13.8637466796716], [-59.7883827402682, 13.8223622153951], [-59.6818266294248, 13.7644116123706], [-59.6008439862617, 13.6774587975651], [-59.5759746773899, 13.6460434120814], [-59.5582215419244, 13.6236147533754], [-59.5198613422004, 13.5987595158353], [-59.4677323910289, 13.583338448245], [-59.4218297205838, 13.5697584428246], [-59.332322588194, 13.565615142714], [-59.1654810102489, 13.5516330914845], [-59.1117616143247, 13.5516330914845], [-59.0178955022401, 13.5320781162811], [-58.9729031584528, 13.4883307870563], [-58.965593894871, 13.4710687149936], [-58.9781143770441, 13.4101809023518], [-59.0266010415225, 13.3630116188033], [-59.1635045648085, 13.3186085697522], [-59.2319563269007, 13.2832190556966], [-59.528580626605, 13.1298050181462], [-59.9278825689984, 12.829642831997], [-60.1332378534782, 12.6182021966529], [-60.137958664688, 12.6097562732502], [-60.2027635604757, 12.5493820192783], [-60.2515768505948, 12.4522369654004], [-60.335975817326, 12.2123782923608], [-60.345220192167, 12.1491245112473]]]}, "properties": {"OBJECTID": 268, "id": null, "Name": "Mountains of the Moon", "type": "Steep Hills", "continent": "Westeros", "size": null, "Symbol": null, "Shape__Area": 348833417289.3037, "Shape__Length": 4617762.158307328}}, {"type": "Feature", "id": 270, "geometry": {"type": "Polygon", "coordinates": [[[-64.8973664325864, -7.02156931455871], [-64.8337934558366, -7.20211962090767], [-64.7990645258671, -7.39043373406617], [-64.7990645258671, -7.62146301651408], [-64.8125429040856, -7.92416556138808], [-64.8443571917252, -8.0991864377467], [-64.8934131707015, -8.36890993219887], [-64.8824473488916, -8.66172293187776], [-64.8799347933813, -8.72878222145248], [-64.8646803802691, -8.96090645409776], [-64.9143497271247, -9.43486853469438], [-64.9588376471171, -9.55025337034349], [-65.1833886203731, -9.81185233391844], [-65.6112121305295, -10.1161750831538], [-65.6727486157504, -10.2978628122343], [-65.6618023547559, -10.3538614944239], [-65.6112121305295, -10.4202097123369], [-65.4686042935113, -10.4903297584739], [-65.2431380322021, -10.5642201604984], [-65.2059791162699, -10.6068344522499], [-65.1934905719001, -10.6533011599008], [-65.2071565929101, -10.7472999079454], [-65.2516388580077, -10.86381602839], [-65.3269677563007, -10.956275228931], [-65.6349801030665, -11.097360540192], [-65.9677317212785, -11.3071966005878], [-66.2360314932875, -11.5424974572093], [-66.4457424893911, -11.8076141511335], [-66.477365546368, -11.873586918009], [-66.5381630675548, -12.0520182704692], [-66.7606888851225, -12.4701903241859], [-66.9023186104083, -12.6749807074302], [-67.2387550092196, -12.9339830215401], [-67.3845291722558, -12.9894210163118], [-67.5852125399284, -13.0111476428545], [-67.6303615687659, -13.0098538189378], [-67.8248404524342, -12.9929347714093], [-68.0754753664208, -12.907443752549], [-68.1455349385983, -12.8667294998481], [-68.1669292809819, -12.847957368156], [-68.2416096306741, -12.7223905447872], [-68.3272102081839, -12.4160443969792], [-68.3445289974298, -12.2589410393154], [-68.3445289974298, -12.0736518772451], [-68.3314493571114, -11.9548584398871], [-68.1781531887729, -11.6333020582608], [-67.9917441219318, -11.4709617086271], [-67.9602337559123, -11.4175409386671], [-67.9227502157859, -11.1418448990655], [-67.8860340938303, -11.0772945939361], [-67.6314898150335, -10.9107128803088], [-67.391532689739, -10.6568612922741], [-67.3306219943012, -10.5412474585487], [-67.3819772157388, -10.2718585459335], [-67.3573628469479, -10.1652732255563], [-66.799610768156, -9.48380746902803], [-66.3157554260576, -9.22520476293842], [-66.2798760856875, -9.15645078943713], [-66.2768692285988, -9.13715473901179], [-66.2932847034359, -9.07606091188445], [-66.36985349601, -8.9531734876083], [-66.4411969915956, -8.88739159987331], [-66.5007516504676, -8.84693711823932], [-66.5950804946365, -8.81586694573328], [-66.642039835384, -8.74238577010761], [-66.680770904573, -8.4743227964908], [-66.6570029320361, -8.12153618853594], [-66.559622430897, -7.87080876085402], [-66.5312569975169, -7.74434761735101], [-66.4842155273962, -7.59671594373623], [-66.4528545476152, -7.36351035103245], [-66.4214935678342, -6.9356507573349], [-66.5159631726182, -6.64701491611614], [-66.6219344595504, -6.61462647884934], [-66.7412734118339, -6.656275511305], [-66.8471467141282, -6.84902999561823], [-66.883321703533, -7.0465313214231], [-66.93894973467, -7.19241470053567], [-66.9859912047907, -7.39461160396317], [-67.0173521845717, -7.55785702887937], [-67.0487131643527, -7.68219315954655], [-67.0879143893035, -7.75211628064235], [-67.2055180632577, -7.82979501106291], [-67.2839205131594, -7.8763953084534], [-67.4093644322834, -7.8763953084534], [-67.4374749085145, -7.87175440166223], [-67.5975303109695, -7.84532902359384], [-67.7935364348254, -7.79095744699526], [-68.0287437836321, -7.62002960640126], [-68.1149864787036, -7.48790218152942], [-68.1855486825371, -7.32463071746688], [-68.1927858311646, -7.30788152399919], [-68.2720153842028, -7.18641406443387], [-68.3266730920008, -7.14574099352072], [-68.4050755419025, -7.07572150339469], [-68.4261527942622, -7.07572150339469], [-68.4991584812455, -7.07572150339469], [-68.5219727591577, -7.09949344660286], [-68.5584407529571, -7.13748968890734], [-68.5584407529571, -7.46218124094787], [-68.4243621545586, -7.88296129838373], [-68.3446062884768, -7.99537215809757], [-68.318832846831, -8.03169159761334], [-68.2937202642987, -8.05655708798214], [-68.0836254989226, -8.26452436194599], [-67.8876193741684, -8.41191430900395], [-67.7386547204332, -8.45844690428543], [-67.6288912907505, -8.57475374130803], [-67.5975303109695, -8.65227189058847], [-67.5426485965773, -8.76851915303526], [-67.5269681062376, -8.88473004835247], [-67.5269681062376, -8.98541637806963], [-67.5503553107734, -9.08242418237351], [-67.5661693311885, -9.14800431135467], [-67.5818498215281, -9.23313986274841], [-67.6510164530419, -9.37306643045925], [-67.7225668162644, -9.46129903308317], [-67.9189803548477, -9.65077637778665], [-68.0601047634131, -9.85167755359468], [-68.193388927707, -10.0215754611655], [-68.3658743169517, -10.2145331756538], [-68.5226792158567, -10.3919509681321], [-68.6638036253204, -10.4998952129584], [-68.7735670550031, -10.5769751976514], [-68.8101797134958, -10.6129636653499], [-68.8674243986322, -10.6538812442482], [-69.1051041257981, -10.9573858651682], [-69.2867652864439, -11.0945456804585], [-69.437747737767, -11.1636791613924], [-69.5612413380524, -11.1684303726928], [-69.7230714180467, -11.1440039073032], [-69.8181433090927, -11.074036061816], [-69.8985233479901, -10.8846551417794], [-69.9258174173247, -10.7457344743936], [-69.8457381918766, -10.3993681396893], [-69.7719446239986, -10.2096627116601], [-69.5566956084915, -9.8821057979612], [-69.4616237174454, -9.69473016328157], [-69.2911232815851, -9.31637224382188], [-69.2714799353533, -9.19358390359847], [-69.2714799353533, -8.75981172067282], [-69.2777064765912, -8.71436468156241], [-69.4140877723716, -8.30972849007013], [-69.5091596634176, -7.98033393797956], [-69.6993034455097, -7.55643775025286], [-69.7706073631205, -7.10854045608343], [-69.7230714180467, -6.80183094594615], [-69.5804635810284, -6.49492547902857], [-69.3665518263994, -6.30596694121598], [-69.0813361532612, -6.16420271814866], [-68.7723525075861, -5.97512495691236], [-68.4396008884758, -5.80962825516703], [-68.2256891338468, -5.62042967353068], [-68.0593133242916, -5.47849026453024], [-67.8638776566923, -5.28391601822518], [-67.7398419069632, -5.21678811968546], [-67.5792269897319, -5.16757092870443], [-67.4044622646926, -5.17203384650294], [-66.894682659202, -5.28918539481376], [-66.3955552314349, -5.62042967353068], [-65.6112121305295, -6.21146171159566], [-65.4860676495341, -6.29698646971928], [-65.1994712469396, -6.53827557029371], [-65.1944302752643, -6.54251859841535], [-64.9293555117191, -6.93069216902411], [-64.8973664325864, -7.02156931455871]]]}, "properties": {"OBJECTID": 270, "id": null, "Name": "The Red Mountains", "type": "Desert Hills", "continent": "Westeros", "size": null, "Symbol": 1, "Shape__Area": 281695168186.1914, "Shape__Length": 3967950.8725624452}}, {"type": "Feature", "id": 271, "geometry": {"type": "Polygon", "coordinates": [[[-61.2180134578174, -9.45773527990634], [-61.2710593499421, -9.50082362419301], [-61.3750353887968, -9.5767780070154], [-61.3958732140821, -9.59621419913241], [-61.5706126228, -9.72848566341235], [-61.6611026747057, -9.79306437743944], [-61.703510381266, -9.80756255000257], [-61.8139996568848, -9.84533318823917], [-62.0542663452194, -9.85763053130466], [-62.5316793734437, -9.88222384015524], [-62.6720949699274, -9.91296289091965], [-62.8218716063563, -10.0235995491681], [-62.9044543745175, -10.0882338423021], [-62.9934906693242, -10.1126960907804], [-63.1619893856436, -10.1096242062264], [-63.3960153797831, -10.0789037469713], [-63.6113192949305, -10.04818036056], [-63.7361331581721, -10.011308443723], [-63.8047807835389, -9.95906606014639], [-63.8640673689605, -9.86992741575478], [-63.8921504878979, -9.77768962995617], [-63.8952708345463, -9.67619851083451], [-63.8983911811947, -9.55006080537413], [-63.9108725677884, -9.44234527562329], [-63.9108725677884, -9.33767507049945], [-63.9015115278431, -9.26685090083421], [-63.8898371275136, -9.21746727018976], [-63.8708569661336, -9.16456426741606], [-63.8371380874965, -9.1267344643395], [-63.8110214768358, -9.09743102057388], [-63.7049296925863, -9.04196701310006], [-63.4958664707358, -8.98649446109311], [-63.3117660220726, -8.94950803614661], [-63.174470771339, -8.92484833035953], [-63.0719184858529, -8.90287862400695], [-62.9342302491319, -8.90068459583248], [-62.668974623279, -8.94334326598767], [-62.478633481319, -8.93717839232996], [-62.3663010037727, -8.91251785167973], [-62.2882923393589, -8.87244092569109], [-62.1759598618127, -8.82310947218665], [-62.0903732126813, -8.81782356750096], [-62.0199425320869, -8.82927626531488], [-61.9044897087905, -8.87860689208763], [-61.8528989410006, -8.90109410660711], [-61.7734351513537, -8.91560051038572], [-61.6487566399709, -8.95112919592887], [-61.5718204993277, -9.00299793746688], [-61.5076658535499, -9.07008327940177], [-61.4520394528552, -9.12824064744139], [-61.4142532703096, -9.17119837754701], [-61.2960221231294, -9.23913319965125], [-61.2131699349432, -9.29364719426075], [-61.1680879123411, -9.34814351246372], [-61.1680879123411, -9.39617114283216], [-61.2180134578174, -9.45773527990634]]]}, "properties": {"OBJECTID": 271, "id": null, "Name": "The Red Mountains", "type": "Desert Hills", "continent": "Westeros", "size": null, "Symbol": null, "Shape__Area": 31731555032.646973, "Shape__Length": 749705.7019726195}}, {"type": "Feature", "id": 272, "geometry": {"type": "Polygon", "coordinates": [[[-64.1655807684633, -6.81471894344953], [-64.1008752218544, -6.50849789617094], [-64.0669017220382, -6.41999849546781], [-63.9900024338813, -6.30536009582962], [-63.933520457947, -6.24713726772245], [-63.8717154573045, -6.20873711952455], [-63.7953485619889, -6.1689092749131], [-63.3838348551478, -6.04235897363448], [-62.9501039455296, -5.87575433254831], [-62.4089272596618, -5.60365733675502], [-62.1052603711492, -5.43093736508368], [-61.8232839753149, -5.21496795315429], [-61.3460931498677, -4.84765100456634], [-60.9773547860152, -4.58824725989943], [-60.68518464251, -4.31250430831091], [-60.2098251872798, -4.06597801481076], [-59.9677941825743, -3.93313508266105], [-59.6108722741388, -3.64861023841652], [-58.7647324433798, -3.07916409970949], [-58.546067094423, -2.86079259045054], [-58.3062585522732, -2.71707792722618], [-58.2143091117299, -2.67739070441941], [-57.8710566675469, -2.58539570045427], [-57.462247536498, -2.4619221367552], [-57.0154096481324, -2.31943845839742], [-56.7016724081296, -2.14843917612266], [-56.4069495454377, -1.92991243394254], [-56.1827894561112, -1.82049754525681], [-56.094612255245, -1.79479199327705], [-55.7065652224013, -1.79479199327705], [-55.6089533925001, -1.83301010112849], [-55.5186818243463, -1.90518892690204], [-55.3923016298292, -2.02247301870806], [-55.3381386889368, -2.13072774321636], [-55.3381386889368, -2.24799509583734], [-55.3742473161984, -2.35623353311839], [-55.4193831002753, -2.49151970296392], [-55.4825731970847, -2.56366669156345], [-55.5728447652386, -2.66286213750371], [-55.6631163324942, -2.75303289196964], [-55.753387900648, -2.86122877195218], [-55.7714422142788, -2.94236900141465], [-55.7511765556424, -3.04355906313926], [-55.6668422864762, -3.12084885911075], [-55.5513025260233, -3.17409445851042], [-55.4847522018419, -3.25003247856397], [-55.4752450131864, -3.43036212898578], [-55.5037665800511, -3.52525892151699], [-55.5893312824417, -3.66758587561008], [-55.6273600388601, -3.81937629752508], [-55.6463744170693, -3.9711398781853], [-55.674895983934, -4.12287555775703], [-55.6780224759572, -4.14158574235362], [-55.6802951067265, -4.2220493420906], [-55.7264461802123, -4.33710530971597], [-55.7725972536981, -4.38640967383882], [-55.7826833167226, -4.39431118382705], [-55.8187483271839, -4.42256414171808], [-55.8978644526462, -4.46528987260641], [-56.0000561157497, -4.50801311556223], [-56.1055442833322, -4.57045025394203], [-56.2077359464357, -4.65259608562723], [-56.283555567419, -4.76758411259993], [-56.3165206193955, -4.86941459529831], [-56.3170901917098, -4.87276293526688], [-56.3494856722703, -5.06317814095499], [-56.3956367457561, -5.17809533079486], [-56.4450843246192, -5.2700140686463], [-56.5406829760698, -5.37504738859819], [-56.5825018594192, -5.40376050302827], [-56.6093098719131, -5.42216634151052], [-56.6362816284187, -5.440684037259], [-56.6622517813487, -5.44851827531232], [-56.7206867863388, -5.47760306529632], [-56.8239104798548, -5.48402505093903], [-56.9296705953216, -5.47021819836174], [-56.9791181741847, -5.4505289185326], [-57.0318622584251, -5.4078666022475], [-57.0691456080921, -5.30887881776889], [-57.0813098372882, -5.27657917540522], [-57.086175528787, -5.23539469248543], [-57.089946577298, -5.20347369160027], [-57.0944958578991, -5.16496298639044], [-57.0813098372882, -5.06646177499285], [-57.0450482790361, -4.93838779576803], [-56.9988972055503, -4.85627603809916], [-56.9659321535738, -4.7872944270847], [-56.9263740908426, -4.71173516078487], [-56.8835195218358, -4.64602477015415], [-56.8011068909962, -4.56716422356587], [-56.781287478562, -4.55596200883247], [-56.7634294719736, -4.53816020943863], [-56.6152708082709, -4.44584549456729], [-56.4763720611618, -4.36275235486097], [-56.3930328127168, -4.28888406198311], [-56.3374733140528, -4.16883290637778], [-56.3096935642717, -4.02105251981293], [-56.3096935642717, -3.93369641347653], [-56.3322005123555, -3.8742574453265], [-56.3713322301612, -3.84389067583832], [-56.4352283911059, -3.84389067583832], [-56.4753135223637, -3.85988850744444], [-56.5024945063804, -3.89952352070678], [-56.5689712253023, -4.03952655310482], [-56.7078699724114, -4.18730352099117], [-56.8467687195204, -4.22424344231362], [-56.9393678845592, -4.22424344231362], [-57.1060463814493, -4.15959743574636], [-57.1564458295605, -4.12818012956252], [-57.1898513794197, -4.08819647066658], [-57.197038199035, -4.06955806987097], [-57.2131700469909, -4.02771993513415], [-57.2131700469909, -3.92722270151302], [-57.1893856298944, -3.80857151353609], [-57.0504868827854, -3.61452121931111], [-56.9671476343403, -3.47588831373087], [-56.9115881356763, -3.33723502979338], [-56.908458774434, -3.31692846415299], [-56.9131880693333, -3.22532962878779], [-56.9257725968947, -3.17507001715485], [-56.9296705953216, -3.15950184157206], [-56.9431364079059, -3.15277914773855], [-56.9626356481964, -3.1430442383623], [-57.0120832270595, -3.13316955264547], [-57.054937795168, -3.13646112521546], [-57.1076818794084, -3.17925061996739], [-57.1973640143953, -3.27838392411171], [-57.19998402638, -3.28127990019604], [-57.2009397952147, -3.28266783125382], [-57.2139066520492, -3.30149758749496], [-57.2362455837338, -3.33393611958638], [-57.2889896679742, -3.40633380925507], [-57.3516232674482, -3.49188768626054], [-57.3818395950296, -3.52539845191108], [-57.410960361545, -3.5576930668881], [-57.4735939619173, -3.57743376868266], [-57.546117076625, -3.56756347123946], [-57.5980963100797, -3.54058625467347], [-57.6285297083629, -3.52479095895068], [-57.7274248660891, -3.49846843356752], [-57.7933549709405, -3.5083394669637], [-57.8296165282943, -3.54124215907694], [-57.8559885704145, -3.59388402954174], [-57.8565517476223, -3.59627282388859], [-57.8691745910255, -3.64981268684003], [-57.8691745910255, -3.70244824382838], [-57.8493955596599, -3.7912636278463], [-57.7801689494312, -3.91295874044356], [-57.6002649294138, -4.22319523928139], [-57.5935868320321, -4.23470899142931], [-57.5856751402545, -4.24834936972408], [-57.5164485300258, -4.41599073275741], [-57.4867799825283, -4.52773068966031], [-57.4900764879056, -4.66573853427396], [-57.4999660031392, -4.77415428037942], [-57.5263380452594, -4.85956070075242], [-57.5286829077641, -4.86337686464777], [-57.5317377842963, -4.87859608174393], [-57.6038436953349, -5.01200853959518], [-57.782020283807, -5.20246319829725], [-57.9424883121164, -5.53880709492647], [-57.9579586972909, -5.57122337079681], [-58.0412979448376, -5.700235545326], [-58.2635359403917, -5.84764249513619], [-58.3432891007479, -5.87564349360258], [-58.3456104606298, -5.87645849180054], [-58.4209545206882, -5.90291014203699], [-58.503212504755, -5.90631937396535], [-58.6431925162423, -5.91212088221503], [-59.0135891754991, -5.90291014203699], [-59.2173073378658, -5.88448820263504], [-59.4550232123404, -5.81583335696222], [-59.5353364561066, -5.80304923567992], [-59.5395494847205, -5.80237860473536], [-59.6916645103942, -5.80616198387455], [-59.8423482503257, -5.83675517381082], [-59.8780054166648, -5.84399437360175], [-59.9768801835323, -5.89695542020255], [-60.0795578253231, -5.97638749690543], [-60.1822354680121, -6.04068121908185], [-60.3419562444305, -6.07849749462587], [-60.4332252605534, -6.09740463676527], [-60.5435086539871, -6.12765467672858], [-60.7754840683192, -6.19193030972841], [-60.9390077205591, -6.21839447720498], [-61.1709831348911, -6.25619811986874], [-61.3953527975801, -6.30155888083429], [-61.703385724749, -6.36203372198319], [-61.9695870196779, -6.44895382154047], [-62.2509998169946, -6.47540481653987], [-62.7491765262555, -6.5056328269788], [-62.998131363387, -6.47067973580706], [-63.0657287899147, -6.47858165171827], [-63.1456050275496, -6.51511395363415], [-63.1789014734244, -6.57363919032844], [-63.1789014734244, -6.64163625216974], [-63.1674928468581, -6.70962391891133], [-63.1636899710366, -6.77004943738062], [-63.1484784686489, -6.84179491025204], [-63.135412178194, -6.88071305252168], [-63.0801347792754, -6.91944978261287], [-63.0724209558121, -6.92485514449766], [-63.0628921150634, -6.92800824366519], [-62.9355174325261, -6.97015457510012], [-62.7297819989844, -6.97707706437916], [-62.7111477698371, -6.97770405470596], [-62.5057924853573, -6.9626049729874], [-62.3270573298314, -6.9286302637368], [-62.1369135477393, -6.88332684433688], [-61.9619812680349, -6.85689785148306], [-61.7147943513152, -6.78893086371601], [-61.5969052062384, -6.74361420050365], [-61.4181700516108, -6.68318539355034], [-61.2845855571613, -6.66876379319189], [-61.2432377719064, -6.66429985661164], [-61.1442767398221, -6.65508486014336], [-61.1215457510081, -6.65296818465077], [-60.9922479793652, -6.61141649026818], [-60.8629502077222, -6.55852746497376], [-60.785202530848, -6.50815174692021], [-60.7665555752681, -6.50021163181777], [-60.6728064256301, -6.48296198873198], [-60.6005517886148, -6.47540481653987], [-60.5520651241364, -6.47374352598714], [-60.4599606451549, -6.4958333977038], [-60.3659937600617, -6.58918832137064], [-60.35067379329, -6.62362960116195], [-60.3356968985151, -6.8021201637859], [-60.3779481257394, -6.90000240259447], [-60.4284905371348, -6.98027772987441], [-60.5806055628085, -7.13124075570648], [-60.6946918320638, -7.24443043487302], [-60.7897637231098, -7.357591696501], [-60.8753284246021, -7.48957667259276], [-60.951385937439, -7.62152168984811], [-60.9608931269927, -7.80052478399501], [-60.9608931269927, -7.92295656542896], [-60.9608931269927, -7.98324492131897], [-61.0024502224037, -8.06168785325686], [-61.074979396248, -8.1394771323694], [-61.2651231783401, -8.19594164508185], [-61.40773101446, -8.2523981443445], [-61.531324473269, -8.30884657648785], [-61.5870273744933, -8.33410827794909], [-61.6711852037579, -8.41096448194517], [-61.797525768198, -8.46873952244142], [-62.0922486299916, -8.51575427605297], [-62.4630290055203, -8.53455856184661], [-63.1897849727232, -8.57372260915829], [-63.7594358653756, -8.55555169258201], [-63.8865372624371, -8.51577524434115], [-63.9445781612407, -8.47451605037369], [-64.0404244018583, -8.34414441980505], [-64.0592513447869, -8.30222997163537], [-64.1177457409937, -8.12854767968672], [-64.1745663539423, -7.76839003890144], [-64.1880447312624, -7.49230366493472], [-64.1925375240019, -7.18929818106321], [-64.1655807684633, -6.81471894344953]]]}, "properties": {"OBJECTID": 272, "id": null, "Name": "The Red Mountains", "type": "Desert Hills", "continent": "Westeros", "size": null, "Symbol": null, "Shape__Area": 266391996831.92114, "Shape__Length": 4203738.762248349}}, {"type": "Feature", "id": 274, "geometry": {"type": "Polygon", "coordinates": [[[-54.4640673209615, -10.5361460393305], [-54.2177534175775, -10.6329951610134], [-54.1067982720592, -10.6557629845249], [-53.962087735879, -10.6557629845249], [-53.7795497054299, -10.6557629845249], [-53.5665886693071, -10.6258631320599], [-53.2015126075106, -10.5211906439016], [-52.697574416631, -10.3087755931507], [-52.5938099552803, -10.2520541307079], [-52.5712071488708, -10.229093880072], [-52.4853069005687, -10.1577595543924], [-52.3360468277675, -10.0597975640172], [-52.1786996770109, -10.0068909626262], [-52.1027290887542, -10.0029533161188], [-52.0121844291607, -10.0100866992696], [-51.9608456082653, -10.0831056750254], [-51.983662862296, -10.2066385009495], [-52.0358651393509, -10.3020370606017], [-52.0635232509544, -10.3525699947328], [-52.1944755199247, -10.5457407788821], [-52.2736109510808, -10.6408134247395], [-52.3648799663053, -10.8351001817306], [-52.4549433930112, -11.0414301314284], [-52.5160265479156, -11.1029538119458], [-52.5930525048158, -11.1785282479778], [-52.8060135409387, -11.2680518366006], [-52.9969470679296, -11.3304627330864], [-53.3013592724638, -11.4000994087833], [-53.6721396470942, -11.4000994087833], [-54.2767968739675, -11.3218038387218], [-54.4098278355221, -11.3133334419338], [-54.6466053514105, -11.2531331670207], [-55.1029504284316, -11.2232935117737], [-55.7114105311263, -11.1039041269593], [-56.1677556081474, -11.0143300066395], [-56.451541222642, -10.9691549579716], [-56.6726085283279, -10.9076032083333], [-56.8302635946145, -10.805855667803], [-56.8722594999738, -10.778746488538], [-57.0376845901244, -10.6386222561276], [-57.0934355862508, -10.5857143792233], [-57.1630119726033, -10.507813301673], [-57.2184126814644, -10.4120035358508], [-57.2409832176939, -10.3093168573897], [-57.2244187581652, -10.2485674901435], [-57.1893643470087, -10.2119143042954], [-57.1097663697196, -10.1867335434012], [-57.0262759635582, -10.2010244079927], [-56.7183196186657, -10.2777463565166], [-56.5756352002694, -10.3132873845116], [-56.1306987498146, -10.375014993136], [-55.9238446801822, -10.4038068783069], [-55.7722565415755, -10.4464028100889], [-55.3615459726158, -10.5211906439016], [-55.1790079412684, -10.5211906439016], [-54.9056614429763, -10.4699957661507], [-54.8067680297784, -10.4713464139665], [-54.4640673209615, -10.5361460393305]]]}, "properties": {"OBJECTID": 274, "id": null, "Name": null, "type": "Desert Hills", "continent": "Westeros", "size": null, "Symbol": null, "Shape__Area": 46049784136.34473, "Shape__Length": 1328065.621812878}}, {"type": "Feature", "id": 275, "geometry": {"type": "Polygon", "coordinates": [[[-70.7482452369957, 5.51251017940283], [-70.7482452369957, 5.66804430980539], [-70.7007092919218, 5.78037919836856], [-70.6531733459496, 5.91278745519547], [-70.6056374008758, 5.99789036300298], [-70.5485942662481, 6.07352624975431], [-70.4915511316205, 6.16805615522381], [-70.3964792405744, 6.29091980045303], [-70.2919001599746, 6.4326494279571], [-70.1683067020639, 6.57433953841228], [-70.0775558898925, 6.63443859319917], [-69.8836362874386, 6.69864140186624], [-69.3901800372478, 6.90688372629761], [-69.1681247257848, 6.99260408449155], [-68.8227053511004, 7.20071624535961], [-68.6686800642632, 7.39714396309299], [-68.6385292858498, 7.53742082544524], [-68.6385292858498, 7.73623944899415], [-68.6385292858498, 7.90698876038671], [-68.6085548772694, 8.0405694541396], [-68.545497306219, 8.12271593446721], [-68.4661764367371, 8.22602508369259], [-68.3537724047852, 8.2779371976131], [-68.263849179044, 8.30759819351938], [-68.0465347166115, 8.32242785078026], [-67.9825620057299, 8.32242785078026], [-67.663083164724, 8.2275820703108], [-67.2559817588781, 7.92223009276477], [-66.9722444153552, 7.6533326069138], [-66.6761706652407, 7.34756163232975], [-66.5651430095092, 7.06606616584175], [-66.6144886340791, 6.82114783102411], [-66.7220979504229, 6.51831860212079], [-66.8701425298812, 6.35611912601797], [-67.280654571163, 6.17152004650224], [-67.5199641449866, 6.01288139836447], [-67.581066030663, 5.91052954916613], [-67.5890647269708, 5.79117415670722], [-67.5520555080942, 5.61932005810903], [-67.4780370712393, 5.42285334180229], [-67.4040186334861, 5.28774522608793], [-67.2683181645714, 5.11574688617441], [-67.1079448833716, 4.99286253106608], [-66.8858895710104, 4.9437023088682], [-66.5281337906326, 4.96828287875607], [-66.2937329142537, 5.0401313066565], [-66.1564654133775, 5.14267571623166], [-66.0464265009399, 5.30704820586028], [-65.9729955101785, 5.44741522664328], [-65.8900638758869, 5.62626201511637], [-65.7141414811612, 5.79704146440971], [-65.4672028542944, 5.86481000416608], [-65.0830926747086, 5.90399833278395], [-64.8943647830314, 5.86067507126327], [-64.7622051558613, 5.78397966513483], [-64.7342989637124, 5.7133029636273], [-64.7640276983339, 5.54565268152798], [-64.7763641049256, 5.386008641255], [-64.7748321324131, 5.3707563681566], [-64.7640276983339, 5.26317692388706], [-64.6283272303175, 5.14032094414312], [-64.5666451991559, 5.0297302813782], [-64.5666451991559, 4.86995514669674], [-64.5666451991559, 4.783906575995], [-64.5049631670961, 4.62407353613612], [-64.4300309226116, 4.49335698229363], [-64.356926292488, 4.36580604161572], [-64.3672161059953, 4.21702209784148], [-64.4544860497471, 4.11340641573696], [-64.6036544171342, 3.98439304423286], [-64.7023456671724, 3.8120830091926], [-64.8591807925901, 3.36486236630674], [-64.9577483347322, 3.30779008993867], [-65.3139038868055, 3.2569941971885], [-65.4749817885478, 3.26034456084233], [-65.8743042601404, 3.33189925137284], [-66.6784188546478, 3.35451181696811], [-66.7977460012718, 3.28391806134339], [-66.9206035251657, 3.09630957665969], [-66.9563524346482, 2.93863751868945], [-66.9376130406289, 2.42387007717592], [-66.9628572757577, 2.31541270532782], [-67.110284020913, 2.08522841190884], [-67.2331954652836, 2.00907195873108], [-67.7105405215836, 1.81312867012372], [-67.8820681872595, 1.78697634470412], [-68.0024257500234, 1.82845829689657], [-68.1230657916217, 1.90769389851903], [-68.1812122263015, 2.06151856132308], [-68.1812122263015, 2.21061713856509], [-68.1812122263015, 2.2996261469851], [-68.2003185569615, 2.47143403950781], [-68.2478545029337, 2.6233986975503], [-68.2763760697983, 2.80383265879536], [-68.3048976375613, 2.91777672728171], [-68.3429263939797, 3.04120308912611], [-68.3904623390536, 3.24055404957675], [-68.4189839068166, 3.3829236948962], [-68.4094767172628, 3.49680439870638], [-68.3999695286074, 3.58220587487096], [-68.4189839068166, 3.70554944697741], [-68.4669813667576, 3.80932038464411], [-68.543081554062, 3.85533857792099], [-68.6272555646798, 3.84484057263881], [-68.6963731832133, 3.81802157491516], [-68.7264380449563, 3.78052308885228], [-68.7980325379171, 3.62742683124588], [-68.7980325379171, 3.4057897748633], [-68.6993412887773, 3.07323953262715], [-68.6129864444324, 2.86380215787812], [-68.5759772255558, 2.43249005496664], [-68.5985139096722, 2.34242157838935], [-68.5806061211457, 2.25295463476068], [-68.5901133106995, 1.86341210178353], [-68.6245147086282, 1.63131080102925], [-68.6567889345916, 1.55150535731958], [-68.727760873501, 1.48393675072169], [-68.839511202319, 1.42648369182755], [-68.9323721175669, 1.41359030314229], [-69.1243267936774, 1.44557279085041], [-69.2453252612774, 1.49063585324372], [-69.3887171954863, 1.56882175454241], [-69.5503394098154, 1.67335896487852], [-69.6454113008615, 1.80639821899961], [-69.6739328686244, 1.9014203350581], [-69.6834400572799, 2.04394361825868], [-69.6739328686244, 2.3479498943913], [-69.6943360090252, 2.62652984982705], [-69.786042611591, 2.78818433818513], [-69.9073833516873, 2.82161754317038], [-70.0105681813891, 2.7855460801154], [-70.0768902625215, 2.71193967016952], [-70.0933551932083, 2.60503281897361], [-70.0933551932083, 2.17363500432796], [-70.0411202084939, 1.79776963656631], [-70.0075723187812, 1.65805035386027], [-69.9591485417626, 1.57832535880019], [-69.8545694611628, 1.44527107181511], [-69.5978753557876, 1.32171366601293], [-69.5481981513682, 1.27701567963986], [-69.5438558192523, 1.22492011195221], [-69.5928326916863, 1.16318007640163], [-69.7309760032521, 1.15062415372293], [-69.9781629199718, 1.16963463417647], [-70.4630295638575, 1.16963463417647], [-70.6341589677404, 1.20765520665149], [-70.7884347165569, 1.1804359870013], [-70.805534250398, 1.1739775266078], [-71.0183612569821, 1.09359196060228], [-71.1095184229707, 1.09359196060228], [-71.2140975035705, 1.1221081966054], [-71.2918835951012, 1.16747435771218], [-71.3281837728257, 1.18864498584993], [-71.3757197178996, 1.27418991908935], [-71.442270042081, 1.39774975654541], [-71.4707916089457, 1.56882175454241], [-71.4802987984994, 1.787393190994], [-71.4707916089457, 1.9014203350581], [-71.4517772307364, 2.14845270242239], [-71.4454847432753, 2.19426505062261], [-71.3146594107462, 2.91308508934321], [-71.2283045672997, 3.19641897059924], [-71.0679312860999, 3.57817873125316], [-70.7965303491687, 3.94747245012248], [-70.5127930056459, 4.30430048108703], [-70.3894289433227, 4.59948060451966], [-70.4151991312706, 4.86486457814774], [-70.4795894105372, 5.04234555865339], [-70.5744750368074, 5.15260761832148], [-70.7225119114155, 5.42285334180229], [-70.7482452369957, 5.51251017940283]]]}, "properties": {"OBJECTID": 275, "id": null, "Name": null, "type": "Rolling Hills", "continent": "Westeros", "size": null, "Symbol": null, "Shape__Area": 331548782141.7162, "Shape__Length": 3822524.459315997}}, {"type": "Feature", "id": 276, "geometry": {"type": "Polygon", "coordinates": [[[-69.909510547907, 9.9954710798114], [-69.6995001864384, 10.0575119607346], [-69.6074784908036, 10.0674220148602], [-69.3162619476, 10.0853423044985], [-69.0196376478957, 10.1190375628337], [-68.6887874666961, 10.152729284988], [-68.4035717935579, 10.1976460615658], [-68.1069474938536, 10.2088742667319], [-67.6734196708633, 10.2313294887841], [-67.1372142051839, 10.253783122503], [-66.8824337907399, 10.3139481086621], [-66.5667828589075, 10.3884713822166], [-66.3043844398001, 10.5455343037598], [-66.2985788517994, 10.5512417811145], [-66.099029154422, 10.7473544738603], [-65.9488410635418, 10.8435697280659], [-65.7781012733707, 10.9213293998494], [-65.4530109226862, 10.9540663000433], [-65.38805705658, 10.9427097109804], [-65.3125390431567, 10.926933779384], [-65.2128530113493, 10.8849828062278], [-65.135617986838, 10.8189165735625], [-65.1069122294075, 10.7484194996628], [-65.0886114764533, 10.6572555070955], [-65.1064786126199, 10.5343181672217], [-65.2091562544106, 10.3211344594249], [-65.3004252696352, 10.1864174605678], [-65.3846171522355, 10.0897272346981], [-65.4196401879341, 10.016601305232], [-65.4244897268257, 9.94018242281291], [-65.4059042564355, 9.84345675780877], [-65.4351827284872, 9.66712000175262], [-65.4370694439087, 9.65930822861079], [-65.4373287929212, 9.65823440298746], [-65.4563552660473, 9.6019593329876], [-65.5352788996122, 9.5220841606741], [-65.5742323162071, 9.50074087595288], [-65.7339530935238, 9.39945668901622], [-65.9050824974067, 9.36568868893504], [-66.2017067971111, 9.36568868893504], [-66.2635808162151, 9.36371935341143], [-66.6607545589706, 9.312321256621], [-66.7435642433692, 9.28991389998411], [-67.1412264136194, 9.16066998453849], [-67.4456090312413, 9.08177988366231], [-67.612090545556, 9.0165830417174], [-67.7571178232138, 8.92599653185887], [-67.8238173234279, 8.86808708237253], [-67.9462211792388, 8.79780406525849], [-68.0781982292172, 8.74852941359154], [-68.2178239963604, 8.71514051210884], [-68.5136458543777, 8.6480248683705], [-68.7124769399519, 8.56651123068243], [-68.7939550902324, 8.52744539845338], [-68.9208943243171, 8.44682965093115], [-69.0616437239806, 8.32186612670834], [-69.2362271150967, 8.12507957962099], [-69.3720141977745, 7.96662017815469], [-69.4384403514274, 7.91111026795843], [-69.4652566158455, 7.87685907441782], [-69.7070476455043, 7.68383844932397], [-69.8173382488166, 7.62716044758141], [-70.0269235724085, 7.56780221035743], [-70.2014868888729, 7.56780221035743], [-70.2858054411148, 7.59130960077248], [-70.4047018940691, 7.64570048810864], [-70.5072141371515, 7.75363770941917], [-70.5814887492709, 7.88419008017431], [-70.6054367900048, 7.9672075626996], [-70.6967058061277, 8.15923675058409], [-70.7319191391394, 8.30560869414942], [-70.7201859458712, 8.41782384738849], [-70.6522924049814, 8.66240780176061], [-70.4825585518587, 8.99306167191929], [-70.2788779282911, 9.39040402064869], [-70.2758901927416, 9.39667970833009], [-70.1285422289383, 9.70603901711596], [-70.1281906903199, 9.7066842362744], [-70.0331453588635, 9.88108581616756], [-70.007749762101, 9.91944585857298], [-69.909510547907, 9.9954710798114]]]}, "properties": {"OBJECTID": 276, "id": null, "Name": null, "type": "Rolling Hills", "continent": "Westeros", "size": null, "Symbol": null, "Shape__Area": 103400580112.70996, "Shape__Length": 1626455.9441078205}}, {"type": "Feature", "id": 277, "geometry": {"type": "Polygon", "coordinates": [[[-61.2015753696896, 31.0240647101472], [-61.1419822611268, 30.9451081914938], [-61.1676614910589, 30.8216939498786], [-61.175714639646, 30.8064780500743], [-61.2441664008398, 30.7084391935267], [-61.3582526700951, 30.6004812590861], [-61.5407907005442, 30.4530718501304], [-61.9286840163714, 30.2561787022024], [-62.1454479283157, 30.1279859840891], [-62.3508032127955, 29.9600979431894], [-62.4877067360815, 29.6829577139134], [-62.6588361399644, 29.3553448388434], [-62.6965391546844, 29.1759411441479], [-62.7032150970077, 29.1592301434314], [-62.7832273413732, 28.9587347351378], [-62.8427898084017, 28.8092299043639], [-62.95595849351, 28.511321038594], [-63.0138002654595, 28.3976728927271], [-63.119424372399, 28.0906137283027], [-63.1319986708442, 27.8685229284933], [-63.177310750194, 27.7282331767555], [-63.2169784819499, 27.7059644603979], [-63.2954645497332, 27.6905217533557], [-63.4540996717066, 27.7186114825361], [-63.491553329375, 27.7324254297697], [-63.5720991137305, 27.824049954539], [-63.6044867196592, 28.0243663247145], [-63.602681547011, 28.0841064558021], [-63.5520733789368, 28.2736986303642], [-63.5469505168402, 28.3233155302643], [-63.4966533230594, 28.5444637973219], [-63.4966533230594, 28.820247287428], [-63.5337819235457, 28.9502847837519], [-63.6127934842106, 29.0292698045292], [-63.7229906941744, 29.0843141722198], [-63.9898690762824, 29.1962019816507], [-64.0488732116157, 29.2462668931912], [-64.076489521914, 29.3185293454542], [-64.0695030454717, 29.3702946755984], [-64.0371803059913, 29.410527063392], [-63.9599969076594, 29.4667704147345], [-63.6349706050581, 29.5448041494875], [-63.4484671971459, 29.5988738212736], [-63.3364406255982, 29.669282422464], [-63.2808808475582, 29.7464939068055], [-63.2477513320195, 29.8297235572747], [-63.2492971879947, 29.8498371543845], [-63.2883868960862, 29.9950332672957], [-63.422737938239, 30.1500548810221], [-63.4912882994168, 30.1802695851325], [-63.6098220090661, 30.1881512868787], [-63.8431867425451, 30.1618370513341], [-63.9389218624604, 30.1354164354757], [-64.2008140323962, 30.0032059100044], [-64.4020028057224, 29.8724482243562], [-64.691211668165, 29.7633523632329], [-65.059370809102, 29.7246063621282], [-65.1710156460612, 29.7464969158276], [-65.3502662620837, 29.8205793262737], [-65.3722252926414, 29.8548659022079], [-65.3795454617707, 29.9500510023216], [-65.3534569611919, 30.0151842762919], [-65.1313121110513, 30.1881512868787], [-64.7918060557264, 30.5353423920399], [-64.6534887728294, 30.7949246612263], [-64.527745789276, 31.1937432330321], [-64.4648742979484, 31.5801765090931], [-64.3894285072773, 31.9436764035581], [-64.3804429792905, 32.1645303003652], [-64.337326020474, 32.3170365800262], [-64.2191475648752, 32.5094436910086], [-64.1435977636672, 32.5666577108825], [-63.6475449035033, 32.8038748622721], [-63.4337818317319, 33.0044602180009], [-63.2145352655998, 33.2143426327363], [-63.1715985788979, 33.2964115271469], [-63.1822958637266, 33.519655752216], [-63.2465227825622, 33.7691745609551], [-63.2132599929679, 33.8349845304627], [-62.5624522693273, 34.160579125668], [-62.484922127584, 34.1707080402352], [-62.3251495695777, 34.1455251087697], [-62.2529656641112, 34.0981703551655], [-62.2266491881812, 34.0109570779125], [-62.1637776959553, 33.8231320016428], [-62.0254604139566, 33.7186060112164], [-61.8368459381773, 33.634893468459], [-61.6608057617414, 33.5825317618747], [-61.5676992237385, 33.5472672338886], [-61.5224884797427, 33.4816512370922], [-61.5224884797427, 33.4357499322735], [-61.6482314632962, 33.3202468518135], [-61.7900332833325, 33.2333097981484], [-61.8283750765763, 33.1691446143915], [-61.7873912042329, 32.9974473273844], [-61.729607053819, 32.9323007872055], [-61.5099141812976, 32.8883872292423], [-61.1075366328485, 32.9306132192208], [-60.6422875939701, 33.015004748535], [-60.3491654608425, 32.9974464941103], [-60.2484604241942, 32.9552059931735], [-60.0512955706399, 32.7721619851711], [-59.9632754815237, 32.6134281504671], [-59.9066922349142, 32.4703294425783], [-59.9207650750685, 32.3911424865464], [-60.1770385541934, 32.146185457929], [-60.2937219706143, 32.0473368950298], [-60.3380658870734, 31.9646095962728], [-60.3758610860095, 31.7639879435528], [-60.3631039597428, 31.7321211250182], [-60.3053414659137, 31.6583999101575], [-60.2845420480984, 31.6477767187831], [-60.0638698681868, 31.5587497518239], [-59.9801177980546, 31.487356994144], [-59.9571518935056, 31.4150177977885], [-59.988424078414, 31.3549503016562], [-60.0878233383383, 31.2785245736403], [-60.1519538409945, 31.2525586731757], [-60.3279301346372, 31.2260066802897], [-60.5064886741918, 31.2260066802897], [-60.6529340107975, 31.238014240869], [-60.9688664970978, 31.3164061366305], [-61.0206920261124, 31.3227309340426], [-61.2600575308422, 31.3227309340426], [-61.3498790987343, 31.3058487518078], [-61.3974145317685, 31.2739319166601], [-61.4140017779627, 31.2417918249991], [-61.4093197937361, 31.1937432330321], [-61.3118999670488, 31.082564777968], [-61.2620285827976, 31.0499639063266], [-61.2015753696896, 31.0240647101472]]]}, "properties": {"OBJECTID": 277, "id": null, "Name": null, "type": "Steep Hills", "continent": "Westeros", "size": null, "Symbol": null, "Shape__Area": 210867839004.7168, "Shape__Length": 2775486.16092178}}, {"type": "Feature", "id": 278, "geometry": {"type": "Polygon", "coordinates": [[[-63.5952936961132, 34.4854613410816], [-63.7663646349424, 34.5522281483756], [-63.8135437772703, 34.5858975647314], [-63.9397491605314, 34.7727103100132], [-63.9516797981092, 34.8061128957335], [-63.9516797981092, 35.1767014053353], [-64.0480676770291, 35.4688057384576], [-64.1010752389389, 35.5205942870383], [-64.3550093801981, 35.6463000780398], [-64.4803286158557, 35.6859440411105], [-64.9404274649881, 35.7713164797619], [-65.2142345115601, 35.8330022936901], [-65.3849971387024, 35.8899872707578], [-65.5499403464835, 35.9134272678993], [-65.9595981375408, 35.8823164442678], [-66.2000445805605, 35.8823164442678], [-66.374682361972, 35.8630986786471], [-66.6218622682393, 35.7902218241808], [-66.6651048348886, 35.7598161194338], [-66.7962307787461, 35.6107093495941], [-66.9907296220817, 35.5429123711302], [-67.0306373576304, 35.516838950706], [-67.1308838348688, 35.4249919992104], [-67.5355956025831, 35.1607287673749], [-67.6828312113988, 35.142588653887], [-67.9131469253614, 35.18024678612], [-67.9815352142922, 35.2218613494311], [-68.0591294014237, 35.4027694666905], [-68.0739969936864, 35.4504217529576], [-68.0739969936864, 35.8084609954464], [-68.038970795918, 35.8808160921533], [-67.8306129527881, 36.091559042387], [-67.3742678757671, 36.4594545907643], [-67.1004608300934, 36.6915570453939], [-66.7505962706846, 37.0323291115123], [-66.4920007273987, 37.468227149515], [-66.4920007273987, 37.6655115455731], [-66.49635523528, 37.7085864272308], [-66.598481245011, 37.9735803274318], [-66.8722882915829, 38.2727462834429], [-67.191729845318, 38.8200025360494], [-67.3742678757671, 39.2100293961465], [-67.911222392663, 39.9259908712134], [-67.9442391417858, 39.9876797924484], [-68.1196315017478, 40.656283864174], [-68.2795451509492, 41.0192372049407], [-68.2913491754793, 41.1356544220352], [-68.2109005169723, 41.6185841383058], [-68.2109005169723, 42.0266708769356], [-68.3325925378706, 42.4994821268984], [-68.3590522151383, 42.927190817028], [-68.358474069303, 42.9322705639514], [-68.3224601307605, 43.0562299892462], [-68.1348430041355, 43.3570836023808], [-67.9058557008488, 43.5878848323784], [-67.8921677169284, 43.6000859939239], [-67.7853346932122, 43.658634107671], [-67.4531097051489, 43.7711940547228], [-67.2455208459534, 43.8094899725208], [-66.8874997939706, 43.8417767800075], [-66.0508671527654, 43.8417767800075], [-65.5512170716912, 43.8417767800075], [-65.4583468382187, 43.8514138651388], [-65.1838115058864, 43.9404374639188], [-64.9556389673759, 44.0717307864234], [-64.5145053936408, 44.2136372619329], [-63.7995647724356, 44.3334455324487], [-63.1606816649654, 44.474722205158], [-62.4761640494338, 44.5831643950618], [-61.6608481730026, 44.8329248308631], [-61.524522861129, 44.8468287834779], [-61.2076164914663, 44.816863006312], [-61.070191405428, 44.7810243069951], [-60.8637447774725, 44.6914046808802], [-60.762567697702, 44.6114303293592], [-60.7229379673775, 44.5525758336707], [-60.7116297517988, 44.4638668813886], [-60.7268412541865, 44.3225639647888], [-60.7790795932102, 44.1822507205499], [-60.8419155938975, 44.1146199283055], [-60.8941677822479, 44.0717307864234], [-61.0593052974216, 44.0078098477286], [-61.1415879285648, 43.995178330632], [-61.3353013568812, 43.995178330632], [-61.5165227715341, 43.9864863360014], [-61.6174839591924, 43.9536919821506], [-61.7544839426753, 43.8761492672322], [-61.7999538479356, 43.8584977622911], [-61.9346824043917, 43.8285990533252], [-62.0132190455288, 43.7916590909509], [-62.2327800085356, 43.6329564601949], [-62.400106536597, 43.5337874203477], [-62.7439971197033, 43.4090037072746], [-62.8265322097808, 43.3368889087532], [-62.9020861207812, 43.2574609004408], [-63.1020225644479, 43.0282152436954], [-63.115047156904, 42.9500916827681], [-63.115047156904, 42.8350322907628], [-63.0237781416794, 42.7122075523961], [-62.9629321312303, 42.5667370499747], [-62.8868746183934, 42.4546052789904], [-62.8587309889385, 42.2049330899929], [-62.890739242611, 42.1628877273592], [-62.9419297363816, 42.1303555817833], [-63.025846996813, 42.1234402306983], [-63.3610637287086, 42.1577248463158], [-63.435743739736, 42.1877323453163], [-63.5300408473242, 42.2639074354682], [-63.6265738248237, 42.3085414381091], [-64.0125258085584, 42.3872296701338], [-64.3319673622934, 42.3984639657458], [-64.6463637132882, 42.3479712013837], [-64.7109261331195, 42.3229153225276], [-64.8048014852751, 42.2604172440637], [-64.8378023063696, 42.2167353818302], [-64.8643699521513, 42.0492660807792], [-64.8339469473759, 41.890930975091], [-64.7274664288653, 41.6754183523464], [-64.6514089160285, 41.3450823113379], [-64.5753514031917, 40.9211739848094], [-64.4840823879671, 40.6678227941029], [-64.301544357518, 40.2859848739937], [-64.0748182674134, 39.9174620128454], [-64.0366109780188, 39.8780586509097], [-63.6474497467619, 39.6564823787434], [-63.4860098554011, 39.5433990759753], [-63.4748767412342, 39.5264586063868], [-63.3888542034759, 39.31602674298], [-63.1706582673743, 38.9662833517051], [-63.1651963289871, 38.8940519062726], [-63.1742858971552, 38.7807699494424], [-63.1949187601303, 38.7508289754532], [-63.291960880275, 38.7003573054713], [-63.3789902857363, 38.6949543694693], [-63.5882316794403, 38.7121428158912], [-63.6203382752802, 38.7246680730649], [-63.8908337876601, 38.8910764642638], [-64.2711213518443, 39.0448261957322], [-64.7883124393145, 39.0920666464143], [-64.9798288291944, 39.1557417251922], [-65.0054973278521, 39.1906998506555], [-65.0316964802127, 39.3630852117223], [-64.9860619730496, 39.5979020792725], [-64.9985507437949, 39.7900956694356], [-65.0165702773528, 39.8530665939061], [-65.1288213298051, 40.0080045576863], [-65.2087917081869, 40.059330243577], [-65.3748250476164, 40.1116365231027], [-65.4217820850835, 40.1052720209403], [-65.4438908809688, 40.0880869254267], [-65.5251782317778, 39.9981986466757], [-65.5365190202687, 39.9182243290471], [-65.5032530605198, 39.773494141275], [-65.5184645629075, 39.5040704686029], [-65.5467894517255, 39.1974287794008], [-65.5331227201481, 39.1574056357334], [-65.3162567137735, 38.9196016248335], [-65.2557299600848, 38.8885144116905], [-64.6706070338493, 38.8451257839571], [-64.623905064024, 38.8342503838766], [-64.1884643136704, 38.6844494504859], [-64.1106140393092, 38.6415721090917], [-63.9415837089878, 38.4680810681389], [-63.8252572183821, 38.386543844384], [-63.6180648818412, 38.2936811769745], [-63.5588906316442, 38.2472237193563], [-63.4953347210882, 38.1173329692109], [-63.4192772082514, 37.5406314224301], [-63.1517818362567, 37.2691190047006], [-63.1318926642508, 37.2584436841918], [-62.6928921814804, 37.1206731498561], [-62.6068967970982, 37.0520722857761], [-62.4761640494338, 36.8621330341481], [-62.3777637241903, 36.6782130971471], [-62.2032579744643, 36.5139540844357], [-61.8524924443514, 36.2757235294558], [-61.5415662844009, 36.0246593304503], [-61.4986342033615, 35.957609452665], [-61.4786298718277, 35.7792908191676], [-61.4874914287121, 35.730610839209], [-61.5098817853535, 35.6829931795657], [-61.6177963312645, 35.5713551848547], [-61.6938691010881, 35.5287532318287], [-61.9741844643514, 35.4249919992104], [-62.2352459639406, 35.2830455523804], [-62.2697651525626, 35.2449959010347], [-62.3696835309233, 35.1020657879324], [-62.6587020798829, 34.7778552397494], [-62.9477206288426, 34.6152699923366], [-63.2170943762997, 34.4821491494752], [-63.2734671647061, 34.4638645607751], [-63.4322551988054, 34.4561631420456], [-63.5218504559246, 34.4674044768706], [-63.5952936961132, 34.4854613410816]]]}, "properties": {"OBJECTID": 278, "id": null, "Name": "The Frostfangs", "type": "Snowy Mountains", "continent": "Westeros", "size": null, "Symbol": 1, "Shape__Area": 623822391612.2852, "Shape__Length": 5700979.121710158}}, {"type": "Feature", "id": 281, "geometry": {"type": "Polygon", "coordinates": [[[-60.9200145830147, 30.5938993755996], [-60.8448758760336, 30.5162533715439], [-60.8287429096753, 30.4872438735044], [-60.8217719291716, 30.4361693884958], [-60.8262375047546, 30.3899561389943], [-60.8887555566286, 30.3090303384411], [-60.9602047587703, 30.2010252665781], [-61.098637588369, 30.0503919960931], [-61.3799688231494, 29.7910764503532], [-61.6065282542093, 29.5954816550652], [-61.9962181943166, 29.2158776265391], [-62.2802287730095, 28.9489427717574], [-62.2909461540494, 28.9348744279819], [-62.3757920820418, 28.8449482934243], [-62.396333727388, 28.8253888334952], [-62.4523563965142, 28.7720261761591], [-62.4785003105697, 28.7471142539485], [-62.4914185829203, 28.7404022709358], [-62.599070839633, 28.6844523195888], [-62.6747347789843, 28.6700212842765], [-62.7090336890205, 28.6688411295012], [-62.7294153516012, 28.6800174193035], [-62.7416040967197, 28.6933832566248], [-62.7553659697671, 28.7627738692424], [-62.7419692439164, 28.8527710481027], [-62.7107102184285, 28.9309662163938], [-62.6660544661916, 29.0364361771252], [-62.6116761973291, 29.1278255220983], [-62.6035364143176, 29.1846929201805], [-62.5901396893652, 29.2587411009023], [-62.5678118132468, 29.3093747826042], [-62.5276216365929, 29.3794415012151], [-62.5008281857898, 29.4572368695163], [-62.4383101339158, 29.5738181169475], [-62.3534642059234, 29.7368059051696], [-62.2596871276632, 29.9188834423926], [-62.2239625265924, 29.9691866877438], [-62.1525133244507, 30.0310634296692], [-62.1033919975291, 30.0658521341408], [-62.014080494852, 30.1160809041557], [-61.9069066907411, 30.162423264144], [-61.8220607627487, 30.1971657474431], [-61.7611253726237, 30.2262188043089], [-61.7273585005943, 30.2423146346012], [-61.6925590834177, 30.2588998957013], [-61.6837903180106, 30.2626401129612], [-61.68362793315, 30.2627569932069], [-61.6077131563236, 30.3013196300648], [-61.5184016527481, 30.3437210191847], [-61.4424868750234, 30.3938080783285], [-61.3576409479293, 30.4669660615921], [-61.2147425427476, 30.5708329301519], [-61.1477589152906, 30.5938993755996], [-61.0203089862719, 30.6204917051645], [-60.9802998479955, 30.6169603318364], [-60.9200145830147, 30.5938993755996]]]}, "properties": {"OBJECTID": 281, "id": null, "Name": null, "type": "Dark Forest", "continent": "Westeros", "size": null, "Symbol": null, "Shape__Area": 18669536267.01758, "Shape__Length": 689842.0384909303}}, {"type": "Feature", "id": 282, "geometry": {"type": "Polygon", "coordinates": [[[41.6563106195972, -22.0363997338253], [41.7613095251501, -22.0301203506921], [41.8380332402798, -22.0419734991943], [41.9706316217026, -22.0770853284787], [42.0716589595017, -22.1355856479476], [42.1189289538442, -22.1787210757172], [42.1790005051273, -22.2335192481987], [42.2204243291777, -22.2744134775272], [42.2500353521577, -22.3036386048661], [42.2920607617842, -22.3583497150284], [42.3053789883538, -22.4445420007938], [42.3160678415952, -22.4593599605046], [42.3478200251061, -22.5033686732563], [42.3690405425839, -22.5687023052607], [42.39026106096, -22.640533553075], [42.39026106096, -22.7123272589625], [42.3831875548346, -22.751471606232], [42.3124524944792, -22.966564697362], [42.2970053361447, -23.0802983894696], [42.3041361350222, -23.1045682855745], [42.3267478221766, -23.1334513011355], [42.3336730128553, -23.1928760697413], [42.3336730128553, -23.207323277068], [42.3124524944792, -23.2918115181166], [42.2700114577269, -23.3762461590173], [42.2346439279984, -23.4281792323531], [42.1426883483685, -23.486579565501], [42.1211602863649, -23.5043484504342], [42.0824770362951, -23.5362709044685], [42.0708549358814, -23.5550227703583], [42.0648797818876, -23.6097841933552], [42.0798636341144, -23.6317497422031], [42.1238535523677, -23.6683818481621], [42.1695291924893, -23.6869588807003], [42.2193142189974, -23.6934161049375], [42.2770849638523, -23.6875380636013], [42.2896368996368, -23.6840012664389], [42.355798346725, -23.6782851997534], [42.4144514788357, -23.6839994796333], [42.5919813970843, -23.7144791892697], [42.6603664008761, -23.7386863900452], [42.8058914736603, -23.813107296072], [42.8515976600949, -23.8455459885671], [42.8690570006484, -23.8770598919646], [42.8854064861431, -23.991627529739], [42.8611532221301, -24.1687684675866], [42.8358165620367, -24.2221626110341], [42.76515688291, -24.3014473200783], [42.6951181597319, -24.360706775522], [42.6468820955734, -24.3904858083006], [42.5246576764438, -24.4238762430951], [42.4327020977123, -24.4238762430951], [42.2983054822284, -24.462513372131], [42.1636337801467, -24.474771029848], [42.1584793278948, -24.4738327678157], [42.1498115088712, -24.470964001325], [42.1237511803579, -24.4623384826306], [42.0988343416243, -24.4434369436635], [42.0499879090612, -24.4235834439391], [42.0227238425588, -24.4206629041321], [41.9509772621254, -24.4124966717494], [41.9343249222091, -24.410601218789], [41.8632900751787, -24.3847246305196], [41.7875195713802, -24.3574047059042], [41.7850311886359, -24.3571780159823], [41.750764775155, -24.3540563338558], [41.7401630072922, -24.3530904939427], [41.672285264175, -24.3502142714895], [41.6303469560968, -24.3592801495411], [41.6193107144535, -24.3616657659992], [41.5791506870572, -24.3703464585233], [41.3360536560956, -24.4479691494264], [41.2697544649351, -24.4580278546774], [41.1860912013535, -24.4522801215492], [41.1229491150045, -24.4422209582935], [41.086642415511, -24.4292865682983], [41.014029016524, -24.3789735577632], [40.9793008689871, -24.3142559741875], [40.9751616019395, -24.3043537779944], [40.9348318836843, -24.2078342652325], [40.9287872000875, -24.1933614558353], [40.9238671093101, -24.1878315436501], [40.8590278089454, -24.1149333426623], [40.6996931095714, -24.0110132388704], [40.5228554582337, -23.9205216321074], [40.3389442998722, -23.7522976207358], [40.1621066485344, -23.5968207251049], [39.935754454319, -23.5579226343926], [39.7306227784797, -23.6292269920215], [39.5537851262436, -23.6616252412819], [39.2566978716728, -23.6097841933552], [39.0515661949352, -23.4995539080955], [38.966684122329, -23.3632597088879], [38.9383900978275, -23.1813161346593], [38.9525371100782, -23.0577132376322], [39.0161986652066, -22.8949048386894], [39.0161986652066, -22.751471606232], [38.9949781468305, -22.6535897493394], [38.9596106162036, -22.5229720085262], [38.8959490619735, -22.3202704559084], [38.8959490619735, -22.12382691699], [38.9030225672006, -21.9074224009367], [38.9383900978275, -21.7301191866577], [38.9808311345797, -21.486792802631], [38.9737576284544, -21.2430589579877], [38.9808311345797, -21.0583431584018], [39.0444926888098, -20.8337369229037], [39.1435217736667, -20.6154158266348], [39.2259016546261, -20.4466561767221], [39.2728304283994, -20.3742143937295], [39.5325646078675, -20.2243049244052], [39.7311406392747, -20.1840114675152], [39.8280675468909, -20.1927587755766], [39.9711219849459, -20.2840300367207], [40.1691801546598, -20.403411202833], [40.3813853366245, -20.5756873312615], [40.6218845430906, -20.8403477927255], [40.784575183076, -21.0253339887186], [40.8895549949375, -21.2787398731974], [40.8973940318733, -21.3517679051071], [40.8293791851825, -21.6827426436206], [40.7492076524491, -21.7432602842117], [40.6989640988706, -21.8307377602026], [40.6926196034461, -21.8510551225536], [40.6926196034461, -21.9226618297575], [40.7037021613271, -21.951446176439], [40.7556213172522, -22.0039692636232], [40.8071144893746, -22.0246130799581], [40.9401923160376, -22.0451726182642], [41.0533684131453, -22.0910596175558], [41.1382504866498, -22.1565866006143], [41.1902361223976, -22.1872221619311], [41.2661142461638, -22.1944281021121], [41.378749693116, -22.1631376225555], [41.5833611779305, -22.0572044105388], [41.6563106195972, -22.0363997338253]]]}, "properties": {"OBJECTID": 282, "id": null, "Name": null, "type": "Forest", "continent": "Essos", "size": null, "Symbol": null, "Shape__Area": 129701940799.67773, "Shape__Length": 1724680.130020768}}, {"type": "Feature", "id": 283, "geometry": {"type": "Polygon", "coordinates": [[[-28.0726121196813, -20.2872934210336], [-28.0726121196813, -20.1694006901653], [-28.0637013512891, -20.0345189032276], [-28.0191475084296, -19.9754586585361], [-27.9806490463053, -19.9253130441624], [-28.0122265362394, -19.8105636754166], [-27.9869446724801, -19.7206097106284], [-28.0013259716451, -19.6204631894912], [-28.0191475084296, -19.510362797302], [-28.0013259716451, -19.4086387446435], [-28.1528090361097, -19.3577432229556], [-28.2240951850442, -19.2389000506628], [-28.2240951850442, -19.1624365055718], [-28.0547905828968, -19.0093580455892], [-28.0415991688009, -18.8770027799512], [-28.1379564133729, -18.7189612015925], [-28.1329298749293, -18.7109401351669], [-28.1795413421847, -18.6599237747057], [-28.1973628789691, -18.5574510945606], [-28.1171659625408, -18.4805372270267], [-27.9567721287856, -18.3779061512337], [-27.7963782950305, -18.3950176256021], [-27.7963782950305, -18.4890857271515], [-27.8052890643211, -18.6769937692022], [-27.84093213789, -18.8219875048693], [-27.8648160443025, -18.9760989301041], [-27.7340029153866, -19.0944265695132], [-27.7161813786021, -19.3322870812136], [-27.6894490734254, -19.4934149875118], [-27.6627167673504, -19.5865972867664], [-27.6092521560987, -19.6373924296857], [-27.6181629244909, -19.7980969418052], [-27.696829136828, -19.8726912492048], [-27.7234184670424, -19.93935972418], [-27.8460771497466, -20.2633228316828], [-27.8493147885233, -20.2823045664049], [-27.8503036261403, -20.2881014963826], [-27.8767418210964, -20.4430113055156], [-27.8920741558729, -20.5579019154091], [-28.0377313420894, -20.5794343046816], [-28.0760621803783, -20.4430113055156], [-28.0532519862074, -20.3147162465116], [-28.0726121196813, -20.2872934210336]]]}, "properties": {"OBJECTID": 283, "id": 53, "Name": null, "type": "Scorched", "continent": "Essos", "size": null, "Symbol": null, "Shape__Area": 8896647647.575195, "Shape__Length": 612730.8119417013}}, {"type": "Feature", "id": 284, "geometry": {"type": "Polygon", "coordinates": [[[-28.1479882055779, -22.9027130559343], [-28.0598941132485, -22.7995707961365], [-28.0569550520143, -22.7345292153483], [-28.0032918789488, -22.7345292153483], [-27.8423023579558, -22.7981493255508], [-27.765640681378, -22.8899926261563], [-27.7670357713025, -22.920834671606], [-27.7470036225376, -22.9356379860344], [-27.7024497796781, -23.0343554228919], [-27.5955205571747, -23.1494171807045], [-27.4975021030635, -23.2151143329034], [-27.4921653341315, -23.2261758823875], [-27.451327806331, -23.3693870669851], [-27.4232019069248, -23.421014285927], [-27.3976646332655, -23.467872438017], [-27.4206631358796, -23.608438370083], [-27.4329623162858, -23.645998934514], [-27.4436616393919, -23.6786649177559], [-27.3746661297532, -23.7207827434725], [-27.2407138937724, -23.7502119437846], [-27.2034467425266, -23.8128470505339], [-27.1938563572995, -23.8392107740672], [-27.1906781061461, -24.022228078409], [-27.1140164295683, -24.106226782206], [-26.9223622381238, -24.1691896818463], [-26.8815501218661, -24.2250292721949], [-26.9183021494836, -24.3424316840691], [-26.9102921945903, -24.4519784872022], [-26.8610328963226, -24.5672315038034], [-26.891697566774, -24.6299654098185], [-27.0220224173156, -24.6926678402677], [-27.0603532556045, -24.7901422531087], [-27.1906781061461, -24.8388507743136], [-27.3286691245252, -24.7831823302466], [-27.405330801103, -24.6787366904366], [-27.3714398555631, -24.5863161324928], [-27.3516676271392, -24.5323657550243], [-27.3286691245252, -24.2670702589407], [-27.3865760701469, -24.190794793147], [-27.4666601420059, -24.0502337558844], [-27.6736466691253, -23.8190047499789], [-27.8499685257932, -23.7488537393906], [-27.9342963693102, -23.6646226232502], [-27.9493872324468, -23.5839701427081], [-27.9875943727211, -23.5430297806257], [-28.0054159095056, -23.3545944102977], [-27.9023138514723, -23.360175107091], [-27.9114763915875, -23.2336405741521], [-27.9036953121573, -23.2240831388642], [-27.9430405298616, -23.1412023577182], [-28.0588805207572, -23.0836819125777], [-28.2014528168296, -23.0343554228919], [-28.2549174280813, -22.9109451852329], [-28.1479882055779, -22.9027130559343]]]}, "properties": {"OBJECTID": 284, "id": 54, "Name": null, "type": "Scorched", "continent": "Essos", "size": null, "Symbol": null, "Shape__Area": 12120153627.850098, "Shape__Length": 697488.5501914235}}, {"type": "Feature", "id": 285, "geometry": {"type": "Polygon", "coordinates": [[[-26.5882345392371, -19.5461470597046], [-26.5693451373451, -19.5171123402023], [-26.5658271496396, -19.3545542201661], [-26.3818391260325, -19.1519070897272], [-26.2909954244674, -19.0886623684315], [-26.2697214060263, -19.0738480568785], [-26.2632718211882, -19.0693565815038], [-26.236181939816, -19.0070064227544], [-26.1671864310757, -19.0070064227544], [-26.0675262518838, -19.0287495966163], [-25.9908645744077, -19.3256199726842], [-25.7608795446743, -19.4846947327717], [-25.7685457125118, -19.6002874752993], [-25.7916889912102, -19.6656809458436], [-25.7992103829632, -19.6869275976561], [-25.8407184357496, -19.891975220042], [-25.8605397247644, -19.9897979477313], [-25.9177615819128, -20.0087760181726], [-25.9908645744077, -20.033017860505], [-26.01386307792, -20.1985839117627], [-26.01386307792, -20.2481663515866], [-26.01386307792, -20.457377340023], [-26.0782699499683, -20.5018355549904], [-26.12637388183, -20.670213214184], [-26.1530754637257, -20.6948546518391], [-26.1441879284616, -20.7945906880458], [-26.1978511015271, -20.8734047307467], [-26.2054354561984, -20.958419750588], [-26.2055172693646, -20.959336557945], [-26.1211894249493, -21.0380640603773], [-26.01386307792, -21.0881417364625], [-25.875872059541, -20.9235376166988], [-25.8682058926019, -20.8089235812448], [-25.8686006940844, -20.8022805578864], [-25.875872059541, -20.6798785804846], [-25.8031771303572, -20.6586236373749], [-25.8022768495592, -20.6583603894718], [-25.7762118803492, -20.6583603894718], [-25.6688855324216, -20.644013236452], [-25.5768915210672, -20.586611093097], [-25.4465666705256, -20.6224899678129], [-25.2395801434062, -20.6727061889127], [-25.1564432207159, -20.6833127175814], [-25.0709244545757, -20.6942223460092], [-25.1219775600068, -20.7698221187678], [-25.1180640665395, -20.7796419283586], [-25.2259062962735, -21.0026165306322], [-25.2395801434062, -21.016597042569], [-25.3239079878215, -21.1453527029395], [-25.4465666705256, -21.3025688322124], [-25.2855771495326, -21.4382112081248], [-25.2735586989408, -21.473365867225], [-25.2319139755688, -21.5951133772372], [-25.5319060233407, -21.6463372580338], [-25.5385606827783, -21.7019947818678], [-25.5845576889047, -21.8230311686614], [-25.8068765508007, -21.8230311686614], [-25.9218690656674, -21.8514954678508], [-25.9678660717937, -21.9084070523974], [-26.1135232571119, -21.9652959106546], [-26.4661669704478, -21.9866233646258], [-26.596491820091, -22.0292686547142], [-26.5984202209351, -22.0342738807891], [-26.6348226583799, -22.1287243668601], [-26.6097353032357, -22.1884701906617], [-26.5811594853145, -22.2564928814813], [-26.5121639765741, -22.3699671117044], [-26.5351624791881, -22.5612451220085], [-26.6194903236034, -22.6249456717916], [-26.7344828384701, -22.6249456717916], [-26.7881460124339, -22.7098338326878], [-26.8370540577474, -22.832237502088], [-26.8418091854993, -22.8441324478607], [-26.8801400237882, -23.006527146253], [-26.8571415211742, -23.1475812941057], [-26.8059605522406, -23.3043582047498], [-26.7881460124339, -23.3588842312746], [-26.772813676759, -23.5698511471374], [-26.9031385273006, -23.6120040032577], [-27.0411295447813, -23.4855048520743], [-27.1177912213591, -23.3448077966599], [-27.2251175692867, -23.175774349443], [-27.2051188710881, -22.9119996520791], [-27.3171115815394, -22.8088035267647], [-27.3324439163159, -22.6320216899626], [-27.4781011025324, -22.4762652766926], [-27.5394304434354, -22.3628776758336], [-27.6007597843383, -22.1642272758661], [-27.6774214618144, -22.0292686547142], [-27.6237582878506, -21.8586106572131], [-27.6237582878506, -21.7376043117123], [-27.6544229583021, -21.5024189305463], [-27.5624289460494, -21.3739752204671], [-27.493433437309, -21.1382025387888], [-27.3707747546048, -21.0595279858996], [-27.3017792458645, -20.8089235812448], [-27.2251175692867, -20.7013937206097], [-27.1148589370154, -20.6742492315178], [-27.0794603830702, -20.6655334585429], [-26.9184708620772, -20.6153148685598], [-26.8954723594631, -20.5148280328325], [-26.8844827305016, -20.4067167745452], [-26.8801400237882, -20.3639741357431], [-26.828365705033, -20.3441162102497], [-26.7114843358561, -20.2992772383591], [-26.7038181680186, -20.1913890359834], [-26.7779339553008, -20.0986134706397], [-26.7779339553008, -20.0733943664175], [-26.7779339553008, -20.0186776816935], [-26.7305091012849, -19.8388942973519], [-26.5882345392371, -19.5461470597046]]]}, "properties": {"OBJECTID": 285, "id": 55, "Name": null, "type": "Scorched", "continent": "Essos", "size": null, "Symbol": null, "Shape__Area": 64727748315.90137, "Shape__Length": 1640339.7599445088}}, {"type": "Feature", "id": 286, "geometry": {"type": "Polygon", "coordinates": [[[-25.3248650304673, -19.7202288983376], [-25.2483076051748, -19.6520560078391], [-25.2855771495326, -19.4413261442029], [-25.1629184668284, -19.2315483085551], [-25.1015891259255, -19.2243097906081], [-25.076691693497, -19.3829192099004], [-25.0524502971273, -19.3814763732437], [-25.0314953171558, -19.4945045919204], [-25.1502402009655, -19.6339747711061], [-25.1362702152162, -19.7732762670179], [-25.1851651675845, -19.9124094315324], [-25.2689850856735, -19.9190306276063], [-25.3318500237911, -19.8262992070399], [-25.3248650304673, -19.7202288983376]]]}, "properties": {"OBJECTID": 286, "id": 56, "Name": null, "type": "Scorched", "continent": "Essos", "size": null, "Symbol": null, "Shape__Area": 1462429282.8579102, "Shape__Length": 197236.85348681992}}, {"type": "Feature", "id": 287, "geometry": {"type": "Polygon", "coordinates": [[[-24.0583362052338, -19.997939692685], [-23.9742309516678, -19.9633584695014], [-23.9742309516678, -19.9219527255626], [-23.9742309516678, -19.9150507136653], [-23.9742309516678, -19.8460140343305], [-23.9742309516678, -19.7907630607717], [-23.9301839014607, -19.7700389990057], [-23.907908826518, -19.7719446357849], [-23.8494309754822, -19.7769473193965], [-23.7613368741696, -19.7700389990057], [-23.7026074732947, -19.7631303792111], [-23.6365368970857, -19.7631303792111], [-23.5411016213375, -19.8114844255429], [-23.4823722204625, -19.8483157414358], [-23.4823722204625, -19.9219527255626], [-23.4823722204625, -19.9721645466976], [-23.588334219713, -20.0080099527955], [-23.8012798254742, -20.0850929522477], [-23.8037617142973, -20.1156244738648], [-23.837928598038, -20.1299906793542], [-23.9301839014607, -20.1357652269929], [-23.9301839014607, -20.1692631089974], [-23.9301839014607, -20.2528933724341], [-24.0085849607703, -20.2574904186012], [-24.0476427032107, -20.2597805184549], [-24.1210544538554, -20.2597805184549], [-24.1651015049608, -20.2735538937304], [-24.2091485551678, -20.2735538937304], [-24.2283472946228, -20.2721685517471], [-24.304583830916, -20.2666673589157], [-24.2752191304785, -20.2184530636253], [-24.2074084106647, -20.2184530636253], [-24.1879363390216, -20.1684838075426], [-24.0552214685643, -20.0362899986138], [-24.0583362052338, -19.997939692685]]]}, "properties": {"OBJECTID": 287, "id": 57, "Name": null, "type": "Scorched", "continent": "Essos", "size": null, "Symbol": null, "Shape__Area": 2561846447.779785, "Shape__Length": 261993.64243274205}}, {"type": "Feature", "id": 288, "geometry": {"type": "Polygon", "coordinates": [[[-26.2039975040585, -22.4100462276136], [-26.1687810628758, -22.3928472395196], [-26.1367527983321, -22.3282217792157], [-26.0633410476875, -22.307848031418], [-25.982588121709, -22.3282217792157], [-25.8871528450625, -22.3621714139423], [-25.7770352186464, -22.4029000526896], [-25.7719613398856, -22.4985011517075], [-25.7417724172086, -22.6991719096376], [-25.8337664294613, -22.7981493255508], [-25.8685881643828, -23.0043583152456], [-25.8297452252965, -23.0695239842284], [-25.8030129201198, -23.1927511155326], [-25.822654771555, -23.2681309188646], [-25.810767925949, -23.2919543379735], [-25.8874296025268, -23.5100579853638], [-26.0372467691448, -23.6528564567159], [-26.0372467691448, -23.7573943505306], [-26.0447906996282, -23.7621102220584], [-26.0346929019111, -23.8477136828526], [-26.0614252070878, -23.9537890892668], [-26.082425671457, -23.9778119083586], [-26.0790837948696, -24.0012198146946], [-26.1174146331585, -24.1761836441969], [-26.2017424775738, -24.2181393715087], [-26.2477394828018, -24.0502337558844], [-26.2369205696769, -23.9994137818975], [-26.2485513460196, -23.9864077386655], [-26.2396405776274, -23.8803628299911], [-26.2333168063365, -23.7470741733001], [-26.2574621144119, -23.7415390457804], [-26.3465698001308, -23.5943638671062], [-26.4089451797747, -23.4879519003861], [-26.382212874598, -23.3568462759707], [-26.3643913369153, -23.1927511155326], [-26.3179440772022, -23.0803505144975], [-26.2931051888791, -23.0201956805676], [-26.2931051888791, -22.8939999306594], [-26.2657955858766, -22.830241894257], [-26.3397334950545, -22.6142771509245], [-26.3244011593796, -22.5010026079877], [-26.2707700319153, -22.4624596422148], [-26.2745878718728, -22.4487405773699], [-26.2039975040585, -22.4100462276136]]]}, "properties": {"OBJECTID": 288, "id": 58, "Name": null, "type": "Scorched", "continent": "Essos", "size": null, "Symbol": null, "Shape__Area": 10019380425.482422, "Shape__Length": 535584.5278421916}}, {"type": "Feature", "id": 289, "geometry": {"type": "Polygon", "coordinates": [[[-22.35438792674, -22.6106854203525], [-22.2468859985986, -22.4363163951765], [-22.1609607025714, -22.4407286096398], [-22.1609478907989, -22.4407321624519], [-22.1227079458471, -22.486832607589], [-22.1494402510238, -22.6354398250989], [-22.1645312614841, -22.69689863814], [-22.1194499036353, -22.8723889794417], [-22.1807792445382, -23.1687266418404], [-22.2114439149896, -23.3096101817022], [-22.2421085863394, -23.492535774181], [-22.3264364298563, -23.5417417234271], [-22.4337627777839, -23.5979545558363], [-22.7404094840951, -23.5417417234271], [-22.9473960112145, -23.4714418840424], [-23.0583386405061, -23.4750762303454], [-23.0583386405061, -23.6184984534503], [-23.1160517000451, -23.7594321545306], [-23.0930531965327, -23.9277171758876], [-22.9790712037156, -24.0145097420582], [-22.9090651729256, -24.0677874271741], [-22.9263764863917, -24.0835927834441], [-23.0087253530158, -24.1587512045067], [-23.0317238556298, -24.2356700024614], [-22.8630681667993, -24.3544530904284], [-22.6944124779688, -24.480102024334], [-22.646814183526, -24.5044008359961], [-22.6637478075173, -24.5916847630135], [-22.7327433162577, -24.6613735376763], [-22.6637478075173, -24.7519107844761], [-22.6074902558939, -24.8370301329725], [-22.594752298777, -24.8562949248566], [-22.418430442109, -24.8910700907767], [-22.4874259508494, -25.1203401703671], [-22.5870861309395, -25.224412081584], [-22.7710741545466, -25.3768898627401], [-22.955062179052, -25.4184413842243], [-23.0163915199549, -25.5153392334476], [-23.2003795444603, -25.5568429711551], [-23.2065826208046, -25.551848450557], [-23.3230382271644, -25.6190716253015], [-23.3843675680674, -25.7572414677169], [-23.5146924186089, -25.826266209407], [-23.6373511013131, -25.7296203261911], [-23.8213391249202, -25.695084873876], [-23.8037276591649, -25.5640859570761], [-24.0666564903285, -25.5706743569887], [-24.4039678679895, -25.5914184415092], [-24.6492852333978, -25.5360928972976], [-24.794942418716, -25.4115171241798], [-24.9405996049324, -25.3491809040203], [-25.0325936162868, -25.2729485405346], [-24.955931939709, -25.1133988857503], [-24.9789304432213, -24.981439677851], [-24.976986894985, -24.958535209166], [-24.955931939709, -24.7101325423427], [-24.8562717605172, -24.528931677719], [-24.8179409222283, -24.1867270445048], [-24.6799499038492, -23.9347243066974], [-24.6684190318442, -23.6392873059946], [-24.595622059434, -23.5909292684858], [-24.5112942150188, -23.5065964933222], [-24.5266265506936, -23.4292439873467], [-24.6025253941019, -23.3912524671601], [-24.6109543951089, -23.3870326186801], [-24.6492852333978, -23.2532746194145], [-24.7796100839394, -22.9218237645618], [-24.7872762508785, -22.8088035267647], [-24.7388747080615, -22.7322962758592], [-24.6262867298855, -22.5541654655617], [-24.5802897237591, -22.3345163241407], [-24.6109543951089, -22.0719011056406], [-24.7875761740974, -22.0337044821948], [-24.8645824327401, -21.7346589116867], [-24.7357304392771, -21.4939003262124], [-24.5999015957183, -21.3577140049375], [-24.6177231325028, -21.2992939659219], [-24.6967131353975, -21.1437879982282], [-24.6796299967086, -21.1405827969609], [-24.6711877437545, -20.9900046260724], [-24.6468652331078, -20.9696926604135], [-24.6722837360118, -20.8232551127847], [-24.5419588854702, -20.7945906880458], [-24.4652972088924, -20.8734047307467], [-24.3119738557368, -20.8519140844608], [-24.2659768496105, -20.9450180091813], [-24.2966415209602, -21.0666819390974], [-24.2046475087075, -21.2454187204365], [-24.2165957038576, -21.4846510334105], [-24.1989170117797, -21.5077997573897], [-24.1098093269591, -21.4661290716399], [-24.0563447157074, -21.3577140049375], [-23.8692185767755, -21.3326805076136], [-23.8333880921805, -21.2949210542908], [-23.7753421187939, -21.159651995835], [-23.6373511013131, -20.9808118123626], [-23.5524928834693, -20.9279810475923], [-23.5364008335755, -20.9179604060796], [-23.47636158032, -20.8805675969425], [-23.3526505518033, -20.80146139517], [-23.2840031375406, -20.7575473400998], [-23.1850472087854, -20.6942223460092], [-22.978060681666, -20.4645598526424], [-22.9203302469128, -20.4217350200046], [-22.8349919720761, -20.3584086725275], [-22.7940726580589, -20.3280347566151], [-22.7327433162577, -20.3064671190033], [-22.5180906221992, -20.428643928209], [-22.5027582865243, -20.687050632322], [-22.4976247425606, -20.7902703392352], [-22.4957215628165, -20.8285194946722], [-22.6484432881752, -21.1154932098311], [-22.7553725106786, -21.2324915672791], [-22.7910155851459, -21.2992939659219], [-22.7732402801575, -21.415801241549], [-22.6407493049033, -21.5166834671943], [-22.617750801391, -21.7518456545227], [-22.7020786458062, -21.7732050197401], [-22.7721309865457, -21.7786261481669], [-22.7999263535381, -21.8240004107985], [-22.9692309556854, -21.9734741576682], [-22.9692309556854, -22.1476128026095], [-22.9959632608621, -22.4041891702778], [-22.9409396782321, -22.5470310935857], [-22.7864064902215, -22.6603221218873], [-22.5410891248132, -22.7169054739884], [-22.4035660604252, -22.7169054739884], [-22.35438792674, -22.6106854203525]]]}, "properties": {"OBJECTID": 289, "id": 59, "Name": null, "type": "Scorched", "continent": "Essos", "size": null, "Symbol": null, "Shape__Area": 132778244859.60254, "Shape__Length": 2236609.585105961}}, {"type": "Feature", "id": 290, "geometry": {"type": "Polygon", "coordinates": [[[-22.6490495665504, -24.0504970138387], [-22.642353451659, -24.048455372193], [-22.642353451659, -24.008671627237], [-22.583624050784, -23.9684290655966], [-22.524894649909, -23.9684290655966], [-22.4514828992644, -23.9952588373606], [-22.4349996896582, -24.0354091473047], [-22.4294593741608, -24.048901602491], [-22.4000946737233, -24.1360232988102], [-22.3380587755101, -24.1577955025059], [-22.2689904933503, -24.2335088760972], [-22.3178854457185, -24.3100273001919], [-22.4994952685441, -24.2526433600625], [-22.5187842536509, -24.1695859987382], [-22.6490495665504, -24.0504970138387]]]}, "properties": {"OBJECTID": 290, "id": 60, "Name": null, "type": "Scorched", "continent": "Essos", "size": null, "Symbol": null, "Shape__Area": 821381431.2021484, "Shape__Length": 129760.37411101608}}, {"type": "Feature", "id": 291, "geometry": {"type": "Polygon", "coordinates": [[[-21.807422678641, -22.6056938956079], [-21.7598039223726, -22.5397376526619], [-21.685059409613, -22.5397376526619], [-21.6586359883501, -22.5049300920461], [-21.6586359883501, -22.4300458513338], [-21.6586359883501, -22.4029000526896], [-21.5812203171267, -22.4029000526896], [-21.559534923286, -22.374306322418], [-21.5411771874984, -22.3282217792157], [-21.5118124870609, -22.2670916194077], [-21.4751066112894, -22.2670916194077], [-21.4530830861859, -22.2670916194077], [-21.4462478132738, -22.2797421457814], [-21.4310595610823, -22.307848031418], [-21.4206712571855, -22.3302714757601], [-21.4894796001398, -22.4231584470203], [-21.5201274711971, -22.4530804575786], [-21.5778830623715, -22.4571863421065], [-21.6130074262375, -22.5437211961625], [-21.6221944705971, -22.552683522396], [-21.7068655747571, -22.6415681466496], [-21.7482480574398, -22.6475985165479], [-21.807422678641, -22.6056938956079]]]}, "properties": {"OBJECTID": 291, "id": 62, "Name": null, "type": "Scorched", "continent": "Essos", "size": null, "Symbol": null, "Shape__Area": 549910889.034668, "Shape__Length": 141854.5731170543}}, {"type": "Feature", "id": 292, "geometry": {"type": "Polygon", "coordinates": [[[-22.328910578795, -21.2340983525859], [-22.3266234294541, -21.1976501533965], [-22.3609924763545, -21.0988160888688], [-22.330327805903, -20.9843362953588], [-22.2383337936503, -20.9127418142282], [-22.1770044518491, -20.9485433359087], [-22.2076691231988, -21.041587191803], [-22.2000029553614, -21.1417232962931], [-22.167643252902, -21.236549377453], [-22.1233412787836, -21.2489369234744], [-22.0850104404947, -21.3346517122265], [-22.1003427752713, -21.3989049637836], [-22.131007446621, -21.5273267266399], [-22.131007446621, -21.641384185785], [-22.1386736135602, -21.7980661374727], [-22.2230014579754, -21.9616869623176], [-22.2941873010253, -22.0804735213841], [-22.330327805903, -22.2812693083666], [-22.4836511590586, -22.394723397985], [-22.6369745122142, -22.2883628911709], [-22.6135250580225, -22.2259687572322], [-22.6446406800517, -22.1251195846845], [-22.6599730148282, -22.025661332859], [-22.6382013863135, -22.0189336244285], [-22.6093117635073, -22.0100058718152], [-22.5449804999615, -21.990123577499], [-22.4941750142402, -22.0424575899732], [-22.4759849912212, -22.0611901741266], [-22.4376541529323, -22.1251195846845], [-22.4241162433599, -21.9703622045238], [-22.4027093326472, -21.9397914541286], [-22.4146556503183, -21.812301477743], [-22.3060259520163, -21.6639123345444], [-22.3149405921474, -21.5348341282869], [-22.3009706063981, -21.4041764830507], [-22.328910578795, -21.2340983525859]]]}, "properties": {"OBJECTID": 292, "id": 63, "Name": null, "type": "Scorched", "continent": "Essos", "size": null, "Symbol": null, "Shape__Area": 4102650577.7006836, "Shape__Length": 443732.90679795534}}, {"type": "Feature", "id": 293, "geometry": {"type": "Polygon", "coordinates": [[[-21.7699053627582, -21.5265248310262], [-21.7626897781892, -21.4633037685888], [-21.7636301624764, -21.3144489807313], [-21.7648093396273, -21.2254418622532], [-21.767167693031, -21.1605756819006], [-21.7483008604122, -21.1121823873994], [-21.725662308241, -21.0853751023354], [-21.7176422571822, -21.07587705399], [-21.6901575204285, -21.0746558040544], [-21.6681168204351, -21.0736764454668], [-21.6209497379899, -21.0846791614924], [-21.6091579673786, -21.1275819673351], [-21.619770560839, -21.2177473641926], [-21.6263933363722, -21.2418233321872], [-21.6315623314503, -21.2606115995215], [-21.6362790400541, -21.3122519223898], [-21.622230422073, -21.357234621484], [-21.6221289151409, -21.3616777765348], [-21.6138746759825, -21.4066957072849], [-21.6103371445296, -21.4813290216495], [-21.61485602165, -21.5118119501667], [-21.619770560839, -21.5449566348762], [-21.6245319013394, -21.5536028163683], [-21.6445332792125, -21.589917955378], [-21.6681168204351, -21.60197837522], [-21.6783393249749, -21.6028694213282], [-21.6992055639726, -21.6046882110449], [-21.7058504865709, -21.6052674064327], [-21.7530175690161, -21.5657941029156], [-21.7571446881461, -21.5561982720494], [-21.7699053627582, -21.5265248310262]]]}, "properties": {"OBJECTID": 293, "id": 64, "Name": null, "type": "Scorched", "continent": "Essos", "size": null, "Symbol": null, "Shape__Area": 964677275.5561523, "Shape__Length": 147564.88712757116}}, {"type": "Feature", "id": 294, "geometry": {"type": "Polygon", "coordinates": [[[-20.9441021054408, -21.7645698313787], [-20.9441021054408, -21.7477201355578], [-20.9417437520372, -21.7082857867187], [-20.9240560956711, -21.6655530464577], [-20.8686347740675, -21.6567857902524], [-20.842692878543, -21.6710323115062], [-20.8143926296149, -21.7115723956957], [-20.813213452464, -21.7641479199448], [-20.812034275313, -21.8462586172736], [-20.8497679414488, -21.8758069332228], [-20.8945766695921, -21.8845608152515], [-20.9393853977353, -21.8637694682863], [-20.9488188140447, -21.7959029711339], [-20.9441021054408, -21.7645698313787]]]}, "properties": {"OBJECTID": 294, "id": 65, "Name": null, "type": "Scorched", "continent": "Essos", "size": null, "Symbol": null, "Shape__Area": 348699657.83154297, "Shape__Length": 71955.6306765949}}, {"type": "Feature", "id": 295, "geometry": {"type": "Polygon", "coordinates": [[[-21.1504806653523, -21.3299521733846], [-21.1139036026027, -21.300167514902], [-21.0124943757049, -21.2441268297727], [-20.9446931699483, -21.2545430182435], [-20.9071301666485, -21.284124216424], [-20.9134435022108, -21.3605796051447], [-20.9877316573314, -21.4121847514791], [-21.0325403854747, -21.4451146823632], [-21.0761699364669, -21.4670638409982], [-21.1221578417611, -21.4703559299618], [-21.1547658628196, -21.4632168643862], [-21.1646082156025, -21.4582845742879], [-21.1814267663042, -21.4371858522562], [-21.1917292882779, -21.4242599219725], [-21.1938642683996, -21.4070342913021], [-21.1952668197308, -21.3957170012917], [-21.1822958719685, -21.3682666311453], [-21.1762559081203, -21.3608519832108], [-21.156353976444, -21.3364177541173], [-21.1504806653523, -21.3299521733846]]]}, "properties": {"OBJECTID": 295, "id": 66, "Name": null, "type": "Scorched", "continent": "Essos", "size": null, "Symbol": null, "Shape__Area": 563867921.4462891, "Shape__Length": 90999.50153741811}}, {"type": "Feature", "id": 296, "geometry": {"type": "Polygon", "coordinates": [[[-20.7326986474093, -21.1707437919318], [-20.7235959952792, -21.1176824206626], [-20.6705330279775, -21.0516685710349], [-20.5879906336985, -21.0472666060587], [-20.5361068435478, -21.0780776299408], [-20.5384651969514, -21.1275819673351], [-20.5703029782307, -21.1561769450812], [-20.5997824043098, -21.164974288843], [-20.611574174921, -21.1948185216542], [-20.611574174921, -21.2573147929843], [-20.6351577161436, -21.3397127866948], [-20.696474923502, -21.3539904039417], [-20.7660345445964, -21.3646103882375], [-20.7743006091772, -21.3616777765348], [-20.8084967438601, -21.3517939385332], [-20.8221737737239, -21.3178212759869], [-20.8226468687734, -21.3166460062019], [-20.8226468687734, -21.2825884214286], [-20.8026008590036, -21.2419287218445], [-20.760150484264, -21.1924626168405], [-20.7326986474093, -21.1707437919318]]]}, "properties": {"OBJECTID": 296, "id": 67, "Name": null, "type": "Scorched", "continent": "Essos", "size": null, "Symbol": null, "Shape__Area": 694427955.0415039, "Shape__Length": 113361.71647565521}}, {"type": "Feature", "id": 297, "geometry": {"type": "Polygon", "coordinates": [[[-24.3261485154371, -20.3576282770886], [-24.2842385563926, -20.3774135744594], [-24.270268569745, -20.4499305610674], [-24.3261485154371, -20.4894660158947], [-24.3610734811577, -20.4037886782294], [-24.3261485154371, -20.3576282770886]]]}, "properties": {"OBJECTID": 297, "id": 71, "Name": null, "type": "Scorched", "continent": "Essos", "size": null, "Symbol": null, "Shape__Area": 97417131.68652344, "Shape__Length": 39387.887316593}}, {"type": "Feature", "id": 298, "geometry": {"type": "Polygon", "coordinates": [[[-19.454302742201, -20.6402800824853], [-19.4008381309493, -20.6251582926386], [-19.4008381309493, -20.5226129150236], [-19.2760873716614, -20.3964051824499], [-19.1602473807658, -20.4721466899758], [-19.195890455233, -20.58986626224], [-19.2336580588219, -20.6254811027936], [-19.227680060762, -20.652250673143], [-19.3464249445716, -20.777282466144], [-19.3953198969399, -20.9218838368348], [-19.500094794102, -20.9875507182173], [-19.6222732132007, -20.9492681458447], [-19.7840011781034, -21.0176699739816], [-19.8998411689991, -20.9925497533245], [-19.8285550200646, -20.8417112343277], [-19.6325181127406, -20.7494331006288], [-19.5255888902372, -20.6486802042461], [-19.454302742201, -20.6402800824853]]]}, "properties": {"OBJECTID": 298, "id": 72, "Name": null, "type": "Scorched", "continent": "Essos", "size": null, "Symbol": null, "Shape__Area": 2316744944.8984375, "Shape__Length": 246678.49999064105}}, {"type": "Feature", "id": 299, "geometry": {"type": "Polygon", "coordinates": [[[-19.4032472553361, -21.6956936153246], [-19.4340738075917, -21.6500901159597], [-19.3671351938152, -21.5122800217202], [-19.3671351938152, -21.4290125478442], [-19.3614289594849, -21.3862598783925], [-19.358224425423, -21.3622435107799], [-19.3287008552326, -21.2958526802608], [-19.3003340393453, -21.2847238969766], [-19.2510653590727, -21.3055896738864], [-19.2212055530646, -21.3403593837668], [-19.2167265818041, -21.3848525832976], [-19.2107546213212, -21.4432293784794], [-19.1883597659168, -21.4793556958396], [-19.1898527569359, -21.5196398617354], [-19.2122476114419, -21.5404721191989], [-19.2585303105747, -21.5599128626076], [-19.2764461947185, -21.5946219925751], [-19.2839111462205, -21.6279349295681], [-19.2913760977225, -21.665402806138], [-19.3257148749911, -21.7014737862727], [-19.3555746809991, -21.6986994164415], [-19.4032472553361, -21.6956936153246]]]}, "properties": {"OBJECTID": 299, "id": 73, "Name": null, "type": "Scorched", "continent": "Essos", "size": null, "Symbol": null, "Shape__Area": 761476542.309082, "Shape__Length": 124937.42223395892}}, {"type": "Feature", "id": 300, "geometry": {"type": "Polygon", "coordinates": [[[-18.4817159676077, -21.2527453626801], [-18.4866543211348, -21.2555068359453], [-18.5150211370221, -21.2513324963815], [-18.5448809430302, -21.2346339571946], [-18.5642898172947, -21.1928793358958], [-18.5448809430302, -21.1594671413153], [-18.5015842241389, -21.1580748029474], [-18.4956122627576, -21.145543166751], [-18.4956122627576, -21.085655169517], [-18.4732174082516, -21.0159876054553], [-18.4418646112245, -21.0132002245621], [-18.4060328438352, -21.0591853361307], [-18.4060328438352, -21.1803506482613], [-18.4224557378582, -21.2346339571946], [-18.4806823597536, -21.2527239557668], [-18.4817159676077, -21.2527453626801]]]}, "properties": {"OBJECTID": 300, "id": 74, "Name": null, "type": "Scorched", "continent": "Essos", "size": null, "Symbol": null, "Shape__Area": 313740950.3413086, "Shape__Length": 78395.63108990627}}, {"type": "Feature", "id": 301, "geometry": {"type": "Polygon", "coordinates": [[[-19.3212359037305, -22.0201683733631], [-19.2749532045978, -21.9938684218419], [-19.2316564848081, -22.0174001867292], [-19.2301634946874, -22.0686028702445], [-19.2346424659479, -22.1031887817288], [-19.2510653590727, -22.1225531903792], [-19.2520745902432, -22.1231343632661], [-19.2520075103461, -22.1240085155938], [-19.2642064306818, -22.1323176267574], [-19.2657064186786, -22.1320384188997], [-19.2764461947185, -22.1598913220202], [-19.3212359037305, -22.1626567152234], [-19.3600536522597, -22.1336173727588], [-19.3615466423804, -22.076904261346], [-19.3496027196178, -22.0423119146121], [-19.3212359037305, -22.0201683733631]]]}, "properties": {"OBJECTID": 301, "id": 75, "Name": null, "type": "Scorched", "continent": "Essos", "size": null, "Symbol": null, "Shape__Area": 221764502.72216797, "Shape__Length": 56431.96223679838}}, {"type": "Feature", "id": 302, "geometry": {"type": "Polygon", "coordinates": [[[-20.0444951220962, -21.3997859636685], [-20.006115755019, -21.3997859636685], [-19.9078188231697, -21.3489326485773], [-19.6931661282129, -21.2203542323175], [-19.6088382837976, -21.2060608093679], [-19.5321766072198, -21.3346517122265], [-19.5321766072198, -21.4631299910647], [-19.630544185278, -21.5832346435211], [-19.654835289924, -21.6128782443932], [-19.7238307986643, -21.7482313090804], [-19.7238307986643, -21.8905705326827], [-19.6705747241193, -22.0058282831576], [-19.654835289924, -22.0398739397971], [-19.6541492240836, -22.0513202146891], [-19.6471691220865, -22.1677230917474], [-19.7391631343392, -22.2954561148442], [-19.7698278047907, -22.4018112105574], [-19.7681157290469, -22.490423753896], [-19.8573689831643, -22.6117931117346], [-19.8484582147721, -22.7520711602386], [-19.8039043719126, -22.9004100413723], [-19.8395474454816, -23.0567775579134], [-19.9197443628083, -23.2211398639187], [-19.952054925625, -23.3520784640569], [-19.9691481640726, -23.3834608933142], [-19.9768143319101, -23.6646226232502], [-19.9411795848255, -23.7489108714642], [-19.8848203196574, -23.8821082608596], [-20.0074790023615, -24.022228078409], [-20.0445713136053, -24.0948068277309], [-20.045678153918, -24.0969719567491], [-20.0611421763253, -24.1272178603286], [-20.0611421763253, -24.2181393715087], [-20.0688083441628, -24.3089960322197], [-20.1684685233546, -24.3858239568775], [-20.3984535539863, -24.329953724591], [-20.508239877234, -24.2772922755412], [-20.6593381501433, -24.4381137425635], [-20.7037328896878, -24.4785764094652], [-20.8653596225428, -24.4652030523746], [-20.8967544517421, -24.4626052093408], [-20.9274191230918, -24.2111477090084], [-20.8354251108392, -24.022228078409], [-20.8277589430017, -23.9101443974076], [-20.9274191230918, -23.8119913526699], [-21.07307630841, -23.7839339763679], [-21.1190733145364, -23.5803372069815], [-21.1114071466989, -23.3482735273724], [-21.0654101405726, -23.2003848248469], [-20.9910744879296, -23.1361859666746], [-20.9890365860457, -23.1061115375639], [-20.8286427522906, -22.8097817996632], [-20.7428144222119, -22.7452573045365], [-20.7280987629116, -22.6638054748378], [-20.8584236134532, -22.6142771509245], [-20.935085290031, -22.5576515072023], [-20.8890882839046, -22.394723397985], [-20.6667694220086, -22.0398739397971], [-20.5364445714671, -21.7838293817386], [-20.5364445714671, -21.5558495092811], [-20.4597828948893, -21.4845320501837], [-20.2527963677698, -21.4631299910647], [-20.1408885813505, -21.4505599425376], [-20.0444951220962, -21.3997859636685]]]}, "properties": {"OBJECTID": 302, "id": 76, "Name": null, "type": "Scorched", "continent": "Essos", "size": null, "Symbol": null, "Shape__Area": 40737832077.845215, "Shape__Length": 1037086.8013563715}}, {"type": "Feature", "id": 303, "geometry": {"type": "Polygon", "coordinates": [[[-18.3321153946862, -20.1291346020952], [-18.3424677309374, -20.2368987799979], [-18.4761292586175, -20.2537546305639], [-18.4939507963003, -20.2031795845124], [-18.4638531783887, -20.1604556430688], [-18.4301465177378, -20.112589569452], [-18.4226646482641, -20.1019620029129], [-18.4137538789735, -19.9922079420656], [-18.4493969534408, -19.9330657407331], [-18.4411504532686, -19.8978654373065], [-18.4577513242106, -19.8735229528617], [-18.4129286605024, -19.8309824142706], [-18.4137538789735, -19.8231486531452], [-18.4048431105813, -19.7469900122108], [-18.3424677309374, -19.6538380252745], [-18.2266277400417, -19.6877202888802], [-18.199895434865, -19.7723818848316], [-18.235538508434, -19.8485235535382], [-18.2088062032573, -19.8823479609114], [-18.235538508434, -20.0175451970181], [-18.3047475116831, -20.0354319645034], [-18.3250364537533, -20.1251132124669], [-18.3321153946862, -20.1291346020952]]]}, "properties": {"OBJECTID": 303, "id": 77, "Name": null, "type": "Scorched", "continent": "Essos", "size": null, "Symbol": null, "Shape__Area": 1281666949.2460938, "Shape__Length": 182287.22024478661}}, {"type": "Feature", "id": 304, "geometry": {"type": "Polygon", "coordinates": [[[-18.0910870113474, -19.4935556380954], [-18.0386995618681, -19.5400491488151], [-18.0247295761188, -19.613072690893], [-18.1260119770681, -19.5964804742595], [-18.1364894666047, -19.5666084922156], [-18.0910870113474, -19.4935556380954]]]}, "properties": {"OBJECTID": 304, "id": 80, "Name": null, "type": "Scorched", "continent": "Essos", "size": null, "Symbol": null, "Shape__Area": 107189686.45996094, "Shape__Length": 41937.82873440165}}, {"type": "Feature", "id": 305, "geometry": {"type": "Polygon", "coordinates": [[[-21.048316486205, -19.9691697494264], [-20.9770303381688, -19.9015508151962], [-20.9057441901326, -19.9015508151962], [-20.8701011156654, -19.9691697494264], [-20.8879226524499, -20.0620800764419], [-20.8968334217404, -20.1127264025569], [-20.9057441901326, -20.2055193416777], [-20.9770303381688, -20.3150859803005], [-21.0215841810283, -20.3824590448545], [-21.07504879228, -20.4918549918964], [-21.1374241719239, -20.3992960605232], [-21.1106918658489, -20.264529910298], [-21.1106918658489, -20.2139513021273], [-21.0572272545972, -20.1211652598241], [-21.048316486205, -19.9691697494264]]]}, "properties": {"OBJECTID": 305, "id": null, "Name": null, "type": "Scorched", "continent": "Essos", "size": null, "Symbol": null, "Shape__Area": 1101416925.8051758, "Shape__Length": 161228.29737494848}}, {"type": "Feature", "id": 306, "geometry": {"type": "Polygon", "coordinates": [[[-22.8981333334847, -25.9852346229135], [-22.9045209776873, -25.9532396967101], [-22.8833634905014, -25.8453575988134], [-22.7942558056807, -25.7169310766758], [-22.6516835087101, -25.6205142586134], [-22.5234222204285, -25.5183774115898], [-22.3873561327015, -25.513038490144], [-22.3571040054594, -25.4208583663208], [-22.3159084002036, -25.2952193873391], [-22.3077908253426, -25.27044689833], [-22.2994167320607, -25.2448862876208], [-22.2952527676309, -25.2360979899578], [-22.2334621804572, -25.1056106323873], [-22.224515808237, -25.0326782571811], [-22.2243741627813, -25.0315231865374], [-22.2114773305216, -24.9263086673158], [-22.2114773305216, -24.8623585471182], [-22.2114773305216, -24.8265835331866], [-22.0795682282129, -24.7966503101693], [-22.0355985274433, -24.9163397768628], [-21.9916288266738, -25.2647698086202], [-21.9985198759818, -25.2884486693853], [-21.9299112581596, -25.3549384150043], [-21.9470707590375, -25.4557468901792], [-22.0286858152622, -25.4918033642779], [-22.0440295415749, -25.5155438173148], [-22.069434434104, -25.5548410060488], [-22.0461495090516, -25.6073470579645], [-21.9743543225748, -25.701799839124], [-21.9336057028347, -25.7909364893575], [-21.9355461141541, -25.8887348914813], [-21.9568906287855, -26.0300500136822], [-22.0054008902098, -26.0928021999803], [-22.069434434104, -26.0718885390582], [-22.069434434104, -26.0143567168258], [-22.069434434104, -25.9972157970418], [-22.0724835551302, -25.9976726785508], [-22.0813943235224, -25.8774411859001], [-22.1437697031664, -25.7731358375414], [-22.2863419992387, -25.7169310766758], [-22.4289142962094, -25.7008673811445], [-22.51802198103, -25.7410222921647], [-22.6873265831773, -25.797214943407], [-22.7964090260943, -26.0010763626176], [-22.8188895520306, -26.0089824709802], [-22.8981333334847, -25.9852346229135]]]}, "properties": {"OBJECTID": 306, "id": null, "Name": null, "type": "Scorched", "continent": "Essos", "size": null, "Symbol": null, "Shape__Area": 5821570936.48584, "Shape__Length": 520947.93326420547}}, {"type": "Feature", "id": 307, "geometry": {"type": "Polygon", "coordinates": [[[-23.736188541384, -25.7931056427608], [-23.736188541384, -25.859185028472], [-23.7655532418215, -25.8657909370337], [-23.8096002920286, -25.8525787499252], [-23.853647343134, -25.8525787499252], [-23.9050355686751, -25.8459721022688], [-23.912376744009, -25.806324470412], [-23.8903532189055, -25.7732746384832], [-23.8316238180305, -25.7732746384832], [-23.736188541384, -25.7931056427608]]]}, "properties": {"OBJECTID": 307, "id": null, "Name": null, "type": "Scorched", "continent": "Essos", "size": null, "Symbol": null, "Shape__Area": 177311994.05078125, "Shape__Length": 54568.86046073129}}, {"type": "Feature", "id": 308, "geometry": {"type": "Polygon", "coordinates": [[[-26.1147292732286, -24.3368467084216], [-26.0633410476875, -24.3569115991977], [-26.0780233974571, -24.4104024203571], [-26.1000469225607, -24.4505056708492], [-26.1367527983321, -24.4505056708492], [-26.1807998494375, -24.4170871810733], [-26.1661174987696, -24.3702864267283], [-26.1147292732286, -24.3368467084216]]]}, "properties": {"OBJECTID": 308, "id": null, "Name": null, "type": "Scorched", "continent": "Essos", "size": null, "Symbol": null, "Shape__Area": 122215046.3305664, "Shape__Length": 41892.83361169999}}, {"type": "Feature", "id": 309, "geometry": {"type": "Polygon", "coordinates": [[[-26.6432938802053, -24.5440302791841], [-26.6286115295374, -24.5573852549849], [-26.6432938802053, -24.5907664721546], [-26.6799997559768, -24.5907664721546], [-26.7020232810803, -24.5907664721546], [-26.6946821057464, -24.5507079444201], [-26.6432938802053, -24.5440302791841]]]}, "properties": {"OBJECTID": 309, "id": null, "Name": null, "type": "Scorched", "continent": "Essos", "size": null, "Symbol": null, "Shape__Area": 37065219.28613281, "Shape__Length": 23999.52375003371}}, {"type": "Feature", "id": 310, "geometry": {"type": "Polygon", "coordinates": [[[-28.045458324075, -20.7577686785561], [-27.9940700985339, -20.7989508956326], [-27.9940700985339, -20.8469826079058], [-28.0014112729695, -20.8949989918362], [-28.0601406738446, -20.9018572225202], [-28.0821641989481, -20.9018572225202], [-28.10418772495, -20.8744224204899], [-28.0748230245124, -20.7920879726003], [-28.045458324075, -20.7577686785561]]]}, "properties": {"OBJECTID": 310, "id": null, "Name": null, "type": "Scorched", "continent": "Essos", "size": null, "Symbol": null, "Shape__Area": 150598322.10791016, "Shape__Length": 47729.57875435492}}, {"type": "Feature", "id": 311, "geometry": {"type": "Polygon", "coordinates": [[[-27.9279995223249, -20.647894617291], [-27.8986348218874, -20.6822388132615], [-27.9059759972214, -20.7234415904665], [-27.9353406976589, -20.7371733597078], [-27.972046572532, -20.7234415904665], [-27.9573642227624, -20.6753705951582], [-27.9279995223249, -20.647894617291]]]}, "properties": {"OBJECTID": 311, "id": null, "Name": null, "type": "Scorched", "continent": "Essos", "size": null, "Symbol": null, "Shape__Area": 55430867.61279297, "Shape__Length": 28831.499841991015}}, {"type": "Feature", "id": 312, "geometry": {"type": "Polygon", "coordinates": [[[-25.791717568416, -22.1991378862084], [-25.740329342875, -22.2263233323141], [-25.7623528688768, -22.2806784100099], [-25.7770352186464, -22.2874713107674], [-25.8210822688535, -22.2874713107674], [-25.8431057948554, -22.2602977288906], [-25.8431057948554, -22.2263233323141], [-25.791717568416, -22.1991378862084]]]}, "properties": {"OBJECTID": 312, "id": null, "Name": null, "type": "Scorched", "continent": "Essos", "size": null, "Symbol": null, "Shape__Area": 88155116.0444336, "Shape__Length": 35062.30984223293}}, {"type": "Feature", "id": 313, "geometry": {"type": "Polygon", "coordinates": [[[-25.1310118099197, -21.5246334254243], [-25.0649412337107, -21.5314624659988], [-25.0502588839411, -21.5587754154024], [-25.0502588839411, -21.586083221583], [-25.0722824090446, -21.6133858793071], [-25.1236706345857, -21.6133858793071], [-25.1456941605876, -21.5792567522925], [-25.1310118099197, -21.5246334254243]]]}, "properties": {"OBJECTID": 313, "id": null, "Name": null, "type": "Scorched", "continent": "Essos", "size": null, "Symbol": null, "Shape__Area": 91494324.93457031, "Shape__Length": 35634.44022205443}}, {"type": "Feature", "id": 314, "geometry": {"type": "Polygon", "coordinates": [[[-66.1756989796177, 15.6903192646087], [-66.009786842683, 15.5891320016356], [-65.9744417241241, 15.55458354004], [-65.9105588187198, 15.4646161372167], [-65.8057359649963, 15.3040982941951], [-65.7489349218462, 15.2465642660379], [-65.6019458844063, 15.0014682279522], [-65.4954653658958, 14.8397834341027], [-65.4346193554466, 14.6338279745987], [-65.3737733458958, 14.4129467630156], [-65.3011047894521, 14.0325655640225], [-65.3044937458451, 13.9963966580048], [-65.3663769376466, 13.8282067702981], [-65.4121845232155, 13.7847818386884], [-65.4954653658958, 13.7342250262935], [-65.7236379044063, 13.6159827616994], [-65.9213874381414, 13.5272622298008], [-66.0735024638151, 13.4237131671842], [-66.2712519966519, 13.3349212511286], [-66.4994245351624, 13.2312894582196], [-66.7275970736729, 13.1720514741647], [-66.9557696121834, 13.0979838398184], [-67.2447881611431, 12.9349567675531], [-67.486720199352, 12.8956548467339], [-67.5320377027295, 12.9059620206249], [-67.6699770679797, 13.0648123890732], [-67.6859217357764, 13.1248619090624], [-67.6859217357764, 13.2016722616312], [-67.6613604601138, 13.345103039312], [-67.6278883414987, 13.4002123049665], [-67.541949122483, 13.4652253549981], [-67.4850885129447, 13.4861478532835], [-67.398068910798, 13.4946097188135], [-67.3244289449521, 13.5263024725743], [-67.2143651563677, 13.6011983111209], [-67.0264837067585, 13.7135485128557], [-67.0019209138413, 13.7218272223926], [-66.8615137525381, 13.7445594170148], [-66.8103216382067, 13.7681463029252], [-66.7287912464009, 13.8412312504629], [-66.5748818350489, 14.0108040220626], [-66.5000069857246, 14.0915090633846], [-66.4625695615116, 14.1520191325455], [-66.4683089032518, 14.1765972407896], [-66.485635053293, 14.2507784195164], [-66.6211165560607, 14.5013257059396], [-66.9101351050203, 15.0308523715607], [-67.1078846378571, 15.2951267365608], [-67.2258444623805, 15.3709674319625], [-67.3414803695183, 15.415991244684], [-67.469383755516, 15.424798313982], [-67.5241849170783, 15.4561009865164], [-67.640287227715, 15.617676080677], [-67.7038632892795, 15.7890447992357], [-67.731139827093, 15.8321609290053], [-67.9445172790624, 15.9689697797861], [-68.1574783151852, 16.0128384794833], [-68.3552278489203, 16.1297744975617], [-68.5309551107017, 16.3244588793285], [-68.5648438724371, 16.3811028504971], [-68.6268149949318, 16.5494871689856], [-68.6372034066265, 16.6440655143441], [-68.6221763121969, 16.7448214509432], [-68.5855223806085, 16.833313160674], [-68.4617083665325, 16.9754701231592], [-68.1421342394279, 17.1614255855665], [-68.0459397093982, 17.1874365023427], [-67.9093127872697, 17.2048390969189], [-67.8669779026379, 17.2308837136674], [-67.8015925999552, 17.3200774729048], [-67.7843187965422, 17.3839672269844], [-67.7973856484442, 17.4400736594871], [-67.8382980813663, 17.5103172202772], [-67.9597287823484, 17.6145108080036], [-68.1422668127975, 17.7449482049721], [-68.222539821022, 17.8341220942152], [-68.233535828022, 17.8600400214534], [-68.233535828022, 17.9476618590875], [-68.2487473304097, 18.0633941959669], [-68.3095933408589, 18.2079524223308], [-68.2943818384712, 18.3956987869602], [-68.2487473304097, 18.4822821311406], [-68.2487473304097, 18.6264904808548], [-68.2487473304097, 18.7561735100379], [-68.2943818384712, 18.9289291855809], [-68.5053893478715, 19.1284061832301], [-68.5377658793694, 19.2074086172584], [-68.5377658793694, 19.3887348308837], [-68.4769198689203, 19.5034849113014], [-68.3248048432466, 19.6324815039995], [-68.1879013208589, 19.7041015840777], [-68.0205747918992, 19.7184217573236], [-67.6859217357764, 19.8329369028316], [-67.5794412181642, 19.8472455038706], [-67.4850101466143, 19.8472455038706], [-67.4161754830221, 19.8307137588477], [-67.323729212143, 19.7727271101874], [-67.2886358006285, 19.767773377646], [-67.1280343518382, 19.828216861379], [-67.0637237010349, 19.8425157259093], [-66.9438829210876, 19.8356837164098], [-66.8676206058407, 19.8203106208767], [-66.7839866120661, 19.8103718385972], [-66.7705115818687, 19.8087704525248], [-66.6951225135196, 19.7998108472425], [-66.5789132719231, 19.7998108472425], [-66.4735986462771, 19.8066443986696], [-66.4205297303316, 19.8186270120367], [-66.3828101767289, 19.8271432914876], [-66.3319686335304, 19.8425157259093], [-66.2870282069766, 19.8497622363209], [-66.2684167043077, 19.852763188526], [-66.204864775085, 19.8578866721352], [-66.1467601551851, 19.8442236821443], [-66.0922870727375, 19.8032276592183], [-66.0541559155632, 19.7639298902416], [-66.0363652942993, 19.7381698962869], [-66.0305509135885, 19.7297500419475], [-66.0069459107155, 19.6853053056062], [-65.9433939823911, 19.5724286970602], [-65.9070785943922, 19.4834398674231], [-65.8982146947016, 19.4515307215071], [-65.8871051307682, 19.4115285478566], [-65.8876075612016, 19.4018139270739], [-65.8907366700173, 19.3412987114511], [-65.9125259028166, 19.2658964813595], [-65.9179732103427, 19.1990336744568], [-65.9161574411674, 19.1424362182901], [-65.9107101327429, 19.0995464315983], [-65.9035136400686, 19.0796299626295], [-65.8838970375811, 19.0502739973379], [-65.8290005099699, 18.9862640195571], [-65.7945008911464, 18.9210058060237], [-65.7915077306708, 18.9119449848907], [-65.7854220443712, 18.8935210340421], [-65.7854220443712, 18.8574404229034], [-65.7799747359468, 18.8179146571397], [-65.7827386526501, 18.8022168406685], [-65.7849359812424, 18.789735947145], [-65.7872378135466, 18.7766604720693], [-65.8017639687462, 18.7388352606378], [-65.8290005099699, 18.7061612134879], [-65.8580528203691, 18.6597188207615], [-65.8671316671442, 18.6063803928179], [-65.8671316671442, 18.5685171677063], [-65.8598685895444, 18.5099847441847], [-65.8580528203691, 18.473822357198], [-65.8489739735939, 18.4410974344532], [-65.8253689716192, 18.3825214948822], [-65.8108428164196, 18.3204782140749], [-65.8108428164196, 18.2739311457497], [-65.8217374323702, 18.237719234078], [-65.8471582044186, 18.1842497721163], [-65.8889208999436, 18.108329492098], [-65.8961839775434, 18.0582731244622], [-65.8961839775434, 18.0358294313755], [-65.8907366700173, 17.9667539696537], [-65.8671316671442, 17.9183850668897], [-65.8308162791453, 17.8388932127037], [-65.8017639687462, 17.7766574217233], [-65.7817905060205, 17.7161296160982], [-65.7799747359468, 17.683263103083], [-65.7872378135466, 17.6503905782188], [-65.8035797388199, 17.6123201575066], [-65.8380793567451, 17.5655863915738], [-65.9306835963669, 17.480742452072], [-65.9978670639403, 17.4097201587723], [-66.0359982211146, 17.345603160604], [-66.061418993163, 17.2641249274695], [-66.0716539555392, 17.1919347323848], [-66.0716539555392, 17.0997616558572], [-66.0632347623384, 17.0628758483715], [-66.0596032239877, 16.9639064902611], [-66.0716539555392, 16.9331669378686], [-66.0759451483626, 16.922219556699], [-66.1340497691609, 16.8666226243738], [-66.204864775085, 16.7797196813843], [-66.2234171524386, 16.7642734456868], [-66.2883901679317, 16.7101686886445], [-66.3700997907047, 16.6527700281591], [-66.4645197995019, 16.5588078593299], [-66.4917563407257, 16.5135504529184], [-66.5298874978999, 16.4264872048269], [-66.542100935909, 16.3874335289807], [-66.5512924044713, 16.340581890095], [-66.5499305656871, 16.2830729721273], [-66.5498609615239, 16.2801331989453], [-66.5438374997274, 16.2450529847455], [-66.5379171968649, 16.2105674622844], [-66.5226244203002, 16.1214597577686], [-66.4947069686674, 16.0081891521394], [-66.489940570652, 15.9888438203716], [-66.4354674891027, 15.9085334822603], [-66.3344354935389, 15.7936723234736], [-66.1756989796177, 15.6903192646087]]]}, "properties": {"OBJECTID": 314, "id": null, "Name": null, "type": "Forest", "continent": "Westeros", "size": null, "Symbol": null, "Shape__Area": 163640067739.5127, "Shape__Length": 2389191.5694375983}}, {"type": "Feature", "id": 315, "geometry": {"type": "Polygon", "coordinates": [[[-67.1583073756904, 23.9514463336201], [-67.0753152425593, 23.9174420742819], [-67.0306252213909, 23.8588735407009], [-67.0166188655507, 23.8342376678859], [-66.9930041132619, 23.7539811558013], [-66.989630577349, 23.5964112470282], [-66.9997511859861, 23.4293659755855], [-67.0301130092025, 23.3240808385147], [-67.0840895847076, 23.2032098099745], [-67.1021798848487, 23.176348054799], [-67.1865674860949, 23.0509722187898], [-67.252208804142, 22.9646584400587], [-67.4403737144442, 22.7977204180236], [-67.5588479169941, 22.7527405441611], [-67.7400437566109, 22.7206029922176], [-67.8691549625424, 22.7146482584844], [-68.0606210108339, 22.6498738132467], [-68.1860642840692, 22.6370100436795], [-68.3602910530006, 22.6370100436795], [-68.6599610951673, 22.6498738132467], [-68.7923734390881, 22.6563052461729], [-68.9526620666487, 22.6563052461729], [-69.1687032596924, 22.6241450696056], [-69.2796799297433, 22.5921298392684], [-69.4636961308059, 22.5647876451929], [-69.6704763535321, 22.5791081825959], [-69.9631773250134, 22.6563052461729], [-70.1513422353156, 22.733458919449], [-70.3604143576739, 22.7848705387057], [-70.5973627627739, 22.8555298797462], [-70.8412802385592, 22.9004758062515], [-70.847929627581, 22.9018893292765], [-71.022476078176, 22.9389890365567], [-71.2094794766972, 22.9881844457756], [-71.2663935548596, 23.0031534072071], [-71.3988058987803, 23.0544629532578], [-71.614847091824, 23.1377992566457], [-71.7890738607554, 23.195463306895], [-71.8866408512492, 23.2979157662569], [-71.9119802125767, 23.394852099192], [-71.9211832011342, 23.4300408121032], [-71.9284552753615, 23.4578398222188], [-71.9284552753615, 23.6750258683471], [-71.8866408512492, 23.8599881203759], [-71.90057899262, 24.0001284765526], [-71.9563315581031, 24.1655523018025], [-72.0608676192823, 24.2990076614367], [-72.2978160252805, 24.5591587702673], [-72.4023520864597, 24.7744854524557], [-72.3953830157743, 25.0083878377784], [-72.2701825670417, 25.2506528340897], [-72.1584346097761, 25.4371009171816], [-72.0120841244846, 25.732529867173], [-71.9557795541408, 25.804114241095], [-71.8686531135608, 25.8920860956562], [-71.6845377995762, 25.9583208784667], [-71.5047357742762, 25.9921523049482], [-71.2915221750146, 26.0781667797402], [-71.1801646606058, 26.1538336947216], [-71.1170914624626, 26.2415544994946], [-71.0921667859282, 26.3711462369951], [-71.010860960367, 26.5583093327469], [-70.9186547929936, 26.6201500492092], [-70.820373026503, 26.6517765590639], [-70.4022287817863, 26.670460834536], [-70.1405131613465, 26.6894662484399], [-69.8638832128932, 26.6804235917041], [-69.7087005582035, 26.6864521086952], [-69.4927942570811, 26.6713802185436], [-69.26676734822, 26.6382150500663], [-69.1756818776726, 26.6050402486411], [-69.0845964062269, 26.5507334554607], [-68.9935109356796, 26.457144789116], [-68.9057990010451, 26.3453425344306], [-68.8551959614529, 26.2425099749076], [-68.8315812100624, 26.1426148133446], [-68.8417018178012, 26.0517267790427], [-68.8754371769304, 25.9759328627989], [-68.9035099984797, 25.8749421698359], [-68.9057990010451, 25.8667037740438], [-68.8923048573934, 25.75129677477], [-68.8518224255399, 25.6722693984704], [-68.7404957386167, 25.5871043642319], [-68.662711103255, 25.5221272261609], [-68.6257955166788, 25.5079682281207], [-68.4807334706262, 25.4074510693799], [-68.3424184963996, 25.2671964219266], [-68.2479594890409, 25.1206707840725], [-68.1771152339711, 24.9617361936782], [-68.1197651234513, 24.8424003459259], [-68.0522944042945, 24.7413338789799], [-67.9575846259361, 24.6886032021975], [-67.9477147891971, 24.683106781385], [-67.8734969982143, 24.6279191690418], [-67.7891585994928, 24.5389545313767], [-67.7284349521618, 24.4468557374677], [-67.7263169430124, 24.4360578031384], [-67.7115672725971, 24.3608360945373], [-67.7216878803359, 24.1609223084483], [-67.7014466648584, 24.0223367499943], [-67.6677113048307, 23.9514463336201], [-67.6168988724373, 23.9166139108635], [-67.6089496903697, 23.9153451272159], [-67.4990345073877, 23.9360302121839], [-67.2696340617153, 23.9545293368563], [-67.1583073756904, 23.9514463336201]]]}, "properties": {"OBJECTID": 315, "id": null, "Name": null, "type": "Rolling Hills", "continent": "Westeros", "size": null, "Symbol": null, "Shape__Area": 206309790752.86133, "Shape__Length": 1831340.4927548629}}, {"type": "Feature", "id": 319, "geometry": {"type": "Polygon", "coordinates": [[[62.2502286106282, -5.57056492581343], [61.6486515406759, -6.09421815328982], [60.8966802039092, -6.51775602798818], [60.6380300044265, -6.64233607657035], [59.7477231507592, -6.96279988314553], [59.0418175717809, -7.06533002330545], [58.0391891218604, -7.13995010752826], [56.9604144208243, -7.16272420741601], [56.2043843168393, -7.06352271276836], [55.4723307553355, -6.94085110088453], [54.7681913091215, -6.95160450250995], [53.7028210765156, -6.89116986175378], [52.8255211831721, -6.84139798951183], [52.0417061254655, -6.57508675471421], [51.8058842921735, -6.4510456864372], [51.3967756421476, -6.04436773076654], [51.2023941933483, -5.5770275710465], [51.1807823957839, -5.39632027505821], [51.1721099369618, -5.12860747645648], [51.3228287417321, -4.74743433741051], [51.5799682587746, -4.36707951616638], [52.2740755354912, -3.79691421556418], [53.126309717699, -3.37163162490498], [54.7305152375719, -2.74588472568717], [56.3343013672762, -2.35082247923055], [56.9158571958078, -2.28625806711361], [57.5629406075867, -2.27009376807451], [58.3363607219482, -2.16530180583527], [59.0616819314203, -2.13265265778387], [59.4557531959167, -2.14977422797195], [59.8188546196832, -2.22000082697148], [60.5933189492058, -2.36255121107561], [60.9755075012448, -2.49454708320809], [61.4835687149367, -2.74145383194308], [61.7807782787268, -2.94429698093763], [62.2000971883567, -3.44669567879004], [62.5494980113647, -4.14396042069348], [62.6331913325757, -4.65506981068018], [62.5590706081526, -5.09818316705641], [62.4752710737358, -5.25317629669617], [62.2502286106282, -5.57056492581343]]]}, "properties": {"OBJECTID": 319, "id": null, "Name": "Cannibal Sands", "type": "Sand", "continent": "Essos", "size": null, "Symbol": 2, "Shape__Area": 557234563431.2041, "Shape__Length": 3025234.590925573}}, {"type": "Feature", "id": 320, "geometry": {"type": "Polygon", "coordinates": [[[49.2170638893279, 1.04100463249855], [49.3795673662221, 0.637799370395208], [49.4322643553855, 0.301361142411378], [49.4416501645781, 0.0854888941831692], [49.4165844534423, -0.390756558276352], [49.2160587634582, -0.866975014556223], [49.0155330734741, -1.09253328929627], [48.514218848963, -1.44336677250887], [48.3365141796456, -1.57426162794673], [47.7884272537604, -1.86429435888824], [47.2358675756512, -2.0196124658142], [46.8849476179545, -2.09476112897629], [46.5456549520355, -2.14152814053457], [46.0126775967026, -2.14674975039783], [45.5794772114299, -2.08599117155489], [45.1190018208697, -1.83320211113265], [44.8484584157087, -1.64129190523014], [44.8242789581778, -1.62413925697984], [44.5675848528026, -1.33901922908341], [44.2823691796645, -0.949302945929231], [44.1017325862278, -0.597569550608346], [43.6929234551789, 0.14398021421942], [43.3411574578594, 0.419685096326712], [43.2068461338185, 0.461469605433142], [43.1800176693806, 0.469815963367854], [42.9294653644675, 0.572980273902911], [42.7319806235355, 0.726569593524583], [42.6251358309907, 0.953590224695986], [42.5967035503771, 1.20131323844157], [42.6641105457426, 1.60563303912091], [42.7863876717248, 1.9158818820883], [43.0098922657783, 2.17451160021923], [43.2410115047962, 2.34039792944311], [43.4778160869242, 2.43298019986575], [43.8512153129159, 2.51588042889739], [44.3460038607928, 2.55824930431536], [44.9298221412833, 2.54109517729335], [45.5564649223713, 2.51605387175028], [46.3585676814094, 2.41588388718931], [46.834816195683, 2.34075153358462], [47.9126417790107, 2.14037925043496], [48.3386177789195, 1.94687704109775], [48.6378247925579, 1.72780333094488], [48.8400730946258, 1.5391150402681], [49.1131580466263, 1.2517427486073], [49.2170638893279, 1.04100463249855]]]}, "properties": {"OBJECTID": 320, "id": null, "Name": "Cannibal Sands", "type": "Sand", "continent": "Essos", "size": null, "Symbol": 2, "Shape__Area": 292423349250.83844, "Shape__Length": 2055730.7263959122}}, {"type": "Feature", "id": 321, "geometry": {"type": "Polygon", "coordinates": [[[-59.9853716372145, 28.9128318122401], [-59.9723302893818, 29.0155233245652], [-59.958963195359, 29.0559411409875], [-59.9036015650095, 29.1272341545825], [-59.8734434644282, 29.1548919858268], [-59.7637043754965, 29.2187626332084], [-59.6883611212268, 29.2552876461703], [-59.5966388987549, 29.2781488432625], [-59.5125601939989, 29.2991004500847], [-59.3929722394984, 29.3112264619592], [-59.1719258429991, 29.2937025423493], [-59.0685708265683, 29.2663842558912], [-58.9773624233709, 29.2157386737836], [-58.922264496168, 29.1761284710162], [-58.8470281108745, 29.094480205816], [-58.8017434022931, 29.0343739279279], [-58.7511061063458, 28.9671216991478], [-58.7305737684442, 28.9263499034867], [-58.722527976161, 28.8840891945723], [-58.7170699813779, 28.8554111583711], [-58.7231175710247, 28.7388180116154], [-58.7349609417642, 28.6774369751359], [-58.794931791904, 28.4931244475995], [-58.8093564832905, 28.4487439042131], [-58.9474857838328, 28.1834322898407], [-59.0799726771423, 27.9943580503485], [-59.1417432229021, 27.94081180707], [-59.155368585264, 27.9304460445438], [-59.2141600687083, 27.8857078677828], [-59.2404873298116, 27.8656677859013], [-59.3179000141366, 27.8269794613079], [-59.3513790066602, 27.8163008128948], [-59.436491483662, 27.8090156411994], [-59.5135781046917, 27.8189328179162], [-59.5920891842675, 27.8397620104536], [-59.6404731263931, 27.8700629987951], [-59.6659336165535, 27.8860045163793], [-59.7168967566072, 27.9569617041288], [-59.7804473212889, 28.0985407002065], [-59.9106543362215, 28.3967619376551], [-59.9313481669566, 28.4651863170812], [-59.9460017463826, 28.5689074967231], [-59.9745568725097, 28.7707331386898], [-59.9853716372145, 28.9128318122401]]]}, "properties": {"OBJECTID": 321, "id": null, "Name": "Lonely Hills", "type": "Rolling Hills", "continent": null, "size": null, "Symbol": 2, "Shape__Area": 20305183864.21289, "Shape__Length": 526165.0381567205}}, {"type": "Feature", "id": 322, "geometry": {"type": "Polygon", "coordinates": [[[-56.8542490762312, 25.5219331847744], [-56.7277793151887, 25.506715034355], [-56.6490566024135, 25.4790143873093], [-56.5449757175888, 25.4126726141259], [-56.4508490428678, 25.2952083156572], [-56.3880979266866, 25.1735736482234], [-56.3477579236198, 25.0396352149114], [-56.3208645873436, 24.8950960498209], [-56.3208645873436, 24.8364193791204], [-56.3208645873436, 24.7346860317889], [-56.3208645873436, 24.6247204796055], [-56.3029356973911, 24.4330681856068], [-56.2581134711624, 24.2452111405858], [-56.1819156872922, 24.0939070650299], [-56.0768945457411, 23.8913522637226], [-56.0608956771934, 23.7784584759696], [-56.0922712357331, 23.6717697465717], [-56.1792411107389, 23.6059534892704], [-56.215995017632, 23.5877476954558], [-56.3029356973911, 23.5855344373875], [-56.397062372112, 23.6060718031795], [-56.527046826738, 23.6512426821946], [-56.6570312822622, 23.7333315932134], [-56.79149796005, 23.8235697040062], [-56.908035746987, 23.8645663079827], [-57.1187002086449, 23.8850597452201], [-57.2710957772835, 23.8850597452201], [-57.4279735672873, 23.8604672306117], [-57.6789780329104, 23.7948643709938], [-57.8496580213348, 23.8019628807208], [-57.9163565414869, 23.827505940539], [-57.9760853585397, 23.8821323098624], [-58.0016980592418, 23.9260368829386], [-58.0330736177815, 24.0120465414323], [-58.0554847299976, 24.1225459070025], [-58.0689313985848, 24.3105843122159], [-58.064449175423, 24.445310043846], [-58.0241091723561, 24.7143293599997], [-57.9792869461274, 24.9340048051491], [-57.9434291653241, 25.0558779861982], [-57.9079523097272, 25.13473753079], [-57.8754409267321, 25.184483051587], [-57.8224091552253, 25.2384606155253], [-57.7372469268281, 25.3033129629477], [-57.6386380298436, 25.3559799585601], [-57.5265824642718, 25.4167210703943], [-57.4324557904492, 25.4531510613826], [-57.2845424449725, 25.4976616364177], [-57.1187002086449, 25.5259779654836], [-56.8542490762312, 25.5219331847744]]]}, "properties": {"OBJECTID": 322, "id": null, "Name": "Sheepshed Hills", "type": "Rolling Hills", "continent": null, "size": null, "Symbol": 2, "Shape__Area": 38644830327.77539, "Shape__Length": 778848.801611171}}, {"type": "Feature", "id": 324, "geometry": {"type": "Polygon", "coordinates": [[[-60.5630554924113, 15.0176716244115], [-60.5540447693758, 15.057452922792], [-60.5214133615772, 15.1432156580511], [-60.3991910876246, 15.2190451885815], [-60.2861772127825, 15.2522318227119], [-60.0798040508475, 15.2948926514449], [-59.8390353614742, 15.3328060974062], [-59.6598936419254, 15.3635702684307], [-59.5540438512371, 15.3944007723758], [-59.5343853073073, 15.4004657148943], [-59.1855203473326, 15.5080660837176], [-58.9810897993861, 15.5603571029307], [-58.7621277880949, 15.6163503686478], [-58.4731022529373, 15.7493269633505], [-58.4241890009884, 15.7837264507551], [-58.2676965648852, 15.8937444674259], [-58.030016836821, 16.0399909902578], [-57.7974344263599, 16.1703394254329], [-57.6235207059319, 16.2530433586273], [-57.4120495454708, 16.3230376720521], [-57.1553554391973, 16.3868950721848], [-56.8416181991945, 16.4598493354708], [-56.6419672275486, 16.5692292565093], [-56.4695847861338, 16.6769541018627], [-56.3921735516896, 16.7071630770852], [-56.2046365287368, 16.7149725013418], [-56.0620286926168, 16.6421147308364], [-56.0335071248539, 16.5601166300734], [-56.0525215030631, 16.3960158521763], [-56.0488997168231, 16.3760364450476], [-55.9764639902263, 16.3412847743216], [-55.8045363927892, 16.3412847743216], [-55.3912125051922, 16.5258338521806], [-55.3009116636381, 16.5855285132823], [-55.1871099357491, 16.6303186577075], [-55.0389146495289, 16.6635489926586], [-54.8442237293175, 16.7035122953484], [-54.7005232884872, 16.7123918944141], [-54.5753648395874, 16.725710517401], [-54.4455708924804, 16.7345890831821], [-54.3621319265472, 16.6946322833083], [-54.3621319265472, 16.596924952693], [-54.4455708924804, 16.5125013527858], [-54.5336453566209, 16.4369331703746], [-54.6118953920632, 16.3618665927641], [-54.6263553189685, 16.3479917756035], [-54.6912522920728, 16.2634599185819], [-54.7376072732466, 16.1877952939081], [-54.8627657221464, 16.121008287889], [-55.0759986342883, 16.0809252745086], [-55.2985025437429, 16.0408341759057], [-55.4514739809876, 15.9739977602643], [-55.5859034254035, 15.902680977878], [-55.7342393653394, 15.8491767820093], [-56.0170047487928, 15.7822765904986], [-56.1838826806592, 15.742125869058], [-56.2577740032064, 15.71477024271], [-56.4411209647722, 15.6138917097449], [-56.5124248832813, 15.5864208245525], [-56.6312647468643, 15.57726304654], [-56.7168294492549, 15.6184698326633], [-56.7596118000011, 15.6779761177278], [-56.7738725838826, 15.7374650616997], [-56.7881333668657, 15.7877882725569], [-56.8067725241706, 15.8146905068389], [-56.8261621232841, 15.8426720701395], [-56.902219636121, 15.8929691168529], [-56.9425554449538, 15.9079855766716], [-57.0025791447783, 15.9303294874896], [-57.1084532420816, 15.9464038109126], [-57.1869536146375, 15.9403653514797], [-57.4169251759299, 15.8803892904662], [-57.6347935862789, 15.7867372914109], [-57.7553165369715, 15.7064296789563], [-57.8202135109742, 15.6171618665604], [-57.8712039894569, 15.5278551594032], [-57.9361009634595, 15.4474460342446], [-58.0473529177377, 15.3625358947703], [-58.1539693738086, 15.2954771354547], [-58.29303431733, 15.2149782892163], [-58.3959824265815, 15.1701104874424], [-58.4397846104151, 15.1368911671841], [-58.4515004904529, 15.0775085314252], [-58.4423828580171, 15.0517729182535], [-58.3830139249317, 15.0214184810347], [-58.3491000525892, 15.0243961883993], [-58.163240370223, 15.0673172568421], [-58.0102689329783, 15.1523467940734], [-57.8665684912497, 15.2731194403581], [-57.7692230315931, 15.3848840290175], [-57.6626065755222, 15.5010555931986], [-57.6239279697424, 15.563165727969], [-57.5349962379365, 15.640663026385], [-57.4169251759299, 15.6975046533764], [-57.3149442171678, 15.7198164842589], [-57.1712437763375, 15.728740532125], [-57.0182723390927, 15.684116383303], [-56.9719173579189, 15.6082329425986], [-56.9858238525406, 15.5144558108353], [-57.0646273202666, 15.4385097584714], [-57.1109823014404, 15.3759450629375], [-57.1063468032332, 15.2597036789506], [-57.0878048104043, 15.1702434020461], [-57.1063468032332, 15.0896967524213], [-57.1758792745447, 15.0404587556412], [-57.3566637001344, 15.0046421580564], [-57.4679156553109, 15.0001646609522], [-57.5838031077962, 14.9643413117828], [-57.6672420728311, 14.8926766636707], [-57.8016715181453, 14.8030623315676], [-57.8526619975263, 14.7403102392149], [-57.8990169787001, 14.6506330336025], [-57.8990169787001, 14.5654056840562], [-57.8550059742921, 14.5464730750403], [-57.7860871798804, 14.5509203335146], [-57.7228680504193, 14.5968090769268], [-57.6900498487373, 14.6689766165316], [-57.5733327966971, 14.7733958552172], [-57.5142706355863, 14.8120254358334], [-57.3844766893777, 14.8523548130199], [-57.1619727799231, 14.8702765653547], [-57.0275433355072, 14.8926766636707], [-56.9487398677812, 14.9374698691839], [-56.8699364000552, 15.0001646609522], [-56.865300901848, 15.0762693380173], [-56.893113890193, 15.1702434020461], [-56.9023848866074, 15.2507593618368], [-56.865300901848, 15.3267739002415], [-56.7540489475698, 15.371475436063], [-56.5083675479775, 15.3670057133322], [-56.447743927155, 15.3712829533894], [-56.2611037148082, 15.4157137164756], [-56.2367163987986, 15.4215185541277], [-55.9487443179747, 15.5761907459351], [-55.9467471313327, 15.57726304654], [-55.7756177274498, 15.6138917097449], [-55.6092419178947, 15.6596683357235], [-55.4808948656562, 15.705434712327], [-55.4555917091297, 15.7162604195272], [-55.3953301632657, 15.7420404150138], [-55.2859974883381, 15.7832139511792], [-55.1909255972921, 15.8152320332623], [-55.1442585961858, 15.8248533283405], [-55.0578249498276, 15.8426720701395], [-55.0092438032425, 15.8516595219377], [-54.9342314919169, 15.8655359195747], [-54.8673631901761, 15.8931001838659], [-54.8344060065431, 15.906684313596], [-54.7488413041525, 15.9523948740436], [-54.7230946439803, 15.9593571439306], [-54.5967262784788, 15.9935254687119], [-54.4683792253421, 16.0392162057157], [-54.3780609295221, 16.0711934919675], [-54.2792594894362, 16.1281494010582], [-54.2569138024206, 16.1373489971411], [-54.2402066868315, 16.153397171412], [-54.1308740128023, 16.2036159539111], [-54.040555716084, 16.2355667052766], [-53.8979478790658, 16.3085774992947], [-53.8123831775735, 16.3131397713515], [-53.7078040969737, 16.3131397713515], [-53.6412537736906, 16.3131397713515], [-53.6079786115999, 16.2720754968413], [-53.650760962346, 16.1990511381638], [-53.7410792590644, 16.1670944693307], [-53.798122393692, 16.1351326324672], [-53.8646727178734, 16.0894639193744], [-53.8979478790658, 16.052921385974], [-53.9264694468287, 16.0209411662969], [-53.9835125814564, 15.9889558203082], [-53.9893069225498, 15.9864239017534], [-54.0135867973564, 15.9758141213623], [-54.0208095459898, 15.9740781657754], [-54.0277743388978, 15.9696142110954], [-54.0431001060914, 15.9597910966171], [-54.1104876331681, 15.9165930651226], [-54.1531914846331, 15.8590915133991], [-54.2087064915377, 15.7933553763514], [-54.28130303813, 15.7275979001584], [-54.375251511353, 15.6700426672502], [-54.4734703688243, 15.5960192502008], [-54.5121071867737, 15.5666374711246], [-54.5674188420474, 15.5466554636835], [-54.5933424361946, 15.5372895815709], [-54.6357450034932, 15.521969129857], [-54.7510454024488, 15.5055099323488], [-54.9047792668246, 15.4561244738215], [-55.0335115175552, 15.4123281002131], [-55.0587378878879, 15.3982765400266], [-55.1396504480857, 15.3202538630543], [-55.2165173807228, 15.2625850605254], [-55.3019250827546, 15.2255038895681], [-55.4770108728629, 15.1925373647493], [-55.6563670481178, 15.1884161866045], [-55.7588562907355, 15.1884161866045], [-55.7954595959696, 15.1795848188746], [-55.9036236776968, 15.1394309199522], [-55.9606488163744, 15.0948200056304], [-56.002268243188, 15.0358761888984], [-56.0577832500925, 14.8956080249447], [-56.079135175825, 14.8502075414148], [-56.1132982569971, 14.7511188616909], [-56.1431909530226, 14.7263396274615], [-56.1901651887358, 14.6850346467274], [-56.2926544322519, 14.6271945645057], [-56.527525613513, 14.5569396917912], [-56.5956408936492, 14.5394872967817], [-56.6470963976151, 14.5114687270638], [-56.7325040996469, 14.4370415532222], [-56.7581264105259, 14.3625894818712], [-56.7401477530084, 14.3074296817203], [-56.7119412971791, 14.2819815825312], [-56.6470963976151, 14.2756974188329], [-56.4976329183858, 14.3377666117811], [-56.326817513424, 14.3956823572389], [-56.1474613381691, 14.4659884192175], [-56.019349783774, 14.5114687270638], [-56.0121229783487, 14.5165568521412], [-55.9382124668887, 14.6024012884247], [-55.9040493857167, 14.6602479100688], [-55.8869678451307, 14.7139489545678], [-55.8143712985384, 14.8171830147951], [-55.7716674470734, 14.8708453100288], [-55.7375043659013, 14.9038616312104], [-55.6691782035573, 14.9368728903852], [-55.579500116379, 14.9575023518544], [-55.4727404886147, 14.9533766182128], [-55.3702512450986, 14.9698790765047], [-55.3061954679011, 14.9863802639896], [-55.1738135292577, 15.0441243942412], [-55.1182985232515, 15.0977299422178], [-55.0457019757609, 15.1554438660019], [-54.9731054282704, 15.2172627425354], [-54.8578050302131, 15.2584652534772], [-54.7425046321558, 15.2749439966094], [-54.6357450034932, 15.3078975989213], [-54.5204446054359, 15.3614361352853], [-54.4307665173593, 15.3820242237749], [-54.4277916429897, 15.3822401176974], [-54.3529957977997, 15.387668169478], [-54.1251972701628, 15.4041989936697], [-54.1118596345931, 15.4077707663715], [-53.9885643715427, 15.4581917774269], [-53.9074550686195, 15.5314680371524], [-53.8313975557827, 15.5955781951448], [-53.7553400429458, 15.6322035886153], [-53.6222393954814, 15.6505138300316], [-53.560442666526, 15.6688224322706], [-53.5176603148816, 15.6825528065548], [-53.4748779641354, 15.6962822579712], [-53.4273420190615, 15.7374650616997], [-53.4083276408523, 15.7557658543365], [-53.3785523779906, 15.7634074551318], [-53.3417773166709, 15.7923624906797], [-53.2942413715971, 15.8015106179182], [-53.2134302635342, 15.7786395265737], [-53.199169480551, 15.7374650616997], [-53.199169480551, 15.7100107849288], [-53.222937453088, 15.6596683357235], [-53.2337410768867, 15.6367813014666], [-53.2467054256249, 15.6093134837283], [-53.2467054256249, 15.5681048595924], [-53.2181838587602, 15.5223078139598], [-53.1659612707968, 15.4803720231728], [-53.1468799402511, 15.4765005981116], [-53.1231119677142, 15.4765005981116], [-53.0755760208437, 15.4650472085715], [-53.0423008596513, 15.4535931855588], [-53.0123532145782, 15.4247262411256], [-53.0115743123448, 15.4014486877305], [-53.0280400766681, 15.3665219519646], [-53.1278655620419, 15.3298494857686], [-53.2562126151787, 15.3160956508043], [-53.4083276408523, 15.2931705839746], [-53.5984714229444, 15.2839998550263], [-53.9200370243042, 15.1825664009713], [-54.0274902242314, 15.1242255957079], [-54.2936915191603, 14.9497743505183], [-54.4011958880244, 14.8805194623149], [-54.5694000027447, 14.802757884772], [-54.807079730809, 14.6372451659196], [-54.9782091346919, 14.4624017466493], [-55.1588457272302, 14.2413502402984], [-55.3394823206669, 14.0846408178357], [-55.3549741917463, 14.0717609033865], [-55.5697870832678, 13.7955091914712], [-55.6409870047148, 13.703296328365], [-55.7290850280718, 13.6519365097352], [-55.9690890256612, 13.6070816202301], [-56.0625536716622, 13.6070816202301], [-56.311347833427, 13.6070816202301], [-56.4938858647744, 13.6070816202301], [-56.6992411492542, 13.5959929521382], [-56.9502309417954, 13.6070816202301], [-57.1555862262752, 13.640344508071], [-57.4065760188165, 13.740105013941], [-57.6065030050199, 13.8048312911128], [-57.7038270892642, 13.808824755361], [-57.8629210958375, 13.7844294068937], [-58.0156895416758, 13.7695920781936], [-58.1115510922808, 13.7709612884861], [-58.2736316647971, 13.8398230669466], [-58.478986949277, 13.8509002172889], [-58.7642026224151, 13.8287453881068], [-59.2319563269007, 13.8841284995484], [-59.2367033365773, 13.8869446755565], [-59.2811756555282, 13.8885738191867], [-59.3195358552521, 13.9051237678601], [-59.370682787918, 13.9258095395891], [-59.4090429876419, 13.9754478317971], [-59.4474031873659, 14.0126695310251], [-59.4488572085696, 14.0148864179862], [-59.4772388978631, 14.0581545231743], [-59.5326480751423, 14.1036304761074], [-59.5923194970349, 14.1325649991424], [-59.6073307523694, 14.1378583619816], [-59.6244288030921, 14.1438874327506], [-59.6392041859857, 14.1490973612359], [-59.6429651922301, 14.1498788410368], [-59.6988756078784, 14.1614958444023], [-59.7542847851576, 14.1656285217205], [-59.8523164058759, 14.2028192278286], [-59.8992010948267, 14.2400038251915], [-59.9375612945506, 14.2771822991535], [-59.9929704718299, 14.3556500131236], [-60.0070886382786, 14.3842462440271], [-60.1144732374607, 14.4951714306409], [-60.2721794044122, 14.5936567059183], [-60.2834092240161, 14.6006678935351], [-60.3156590930589, 14.6208014227792], [-60.4041047347865, 14.7206238316921], [-60.5220322558922, 14.8583986838728], [-60.551678839581, 14.9328895321702], [-60.5630554924113, 15.0176716244115]]]}, "properties": {"OBJECTID": 324, "id": null, "Name": null, "type": "Steep Hills", "continent": "Westeros", "size": null, "Symbol": null, "Shape__Area": 150656251968.98145, "Shape__Length": 4231362.234012849}}, {"type": "Feature", "id": 325, "geometry": {"type": "Polygon", "coordinates": [[[-34.4041386131764, -0.29093890195928], [-33.9592021636199, -0.490585128477125], [-33.7652555057063, -0.63889003262791], [-33.6164791550243, -0.812732493553032], [-33.6164791550243, -1.01045690063717], [-33.7319302077413, -1.23791339517604], [-33.7946965162305, -1.27499365935088], [-33.8423521438497, -1.32156999446008], [-33.917401004031, -1.41088887929144], [-33.9695182681207, -1.47955417129886], [-34.0070426977622, -1.54360920396019], [-33.9611795055789, -1.6350618719484], [-33.9111469321247, -1.7081778520551], [-33.8777918837541, -1.82233950075424], [-33.8777918837541, -1.95464173497706], [-33.8360980719434, -2.11413784987815], [-33.7297788540269, -2.35756126521225], [-33.6609840657519, -2.38483263614229], [-33.646902160698, -2.71318299552066], [-33.7068464485532, -2.88757214791516], [-33.8294401911471, -3.00184187192127], [-34.0576127296576, -3.33598273530948], [-34.0728242320453, -3.53337696277365], [-33.9663437144331, -3.74590834326069], [-33.7990171863717, -3.86733186391042], [-33.783805683984, -3.9735631964972], [-33.8142286887594, -4.11012618515492], [-33.9207092063717, -4.27700467049497], [-34.0880357353314, -4.39834809459599], [-34.1770294023829, -4.51664738557943], [-34.3466312786173, -4.50450739806728], [-34.5291693090664, -4.51967175625941], [-34.7877648532506, -4.44384681300959], [-34.8942453708629, -4.26183537903491], [-34.9855143860874, -4.04943436515959], [-35.0767834022103, -3.98873799264903], [-35.213686924598, -3.83697759334653], [-35.3201674431085, -3.53337696277365], [-35.5331284792313, -3.42709283112417], [-35.7613010177419, -3.45746094712316], [-36.0378873395135, -3.40377665088858], [-36.2428396244855, -3.20667740773518], [-36.3595822955792, -2.83595170368871], [-36.5263575392288, -2.70005457558383], [-36.7014715463186, -2.60937725642526], [-36.8182142174123, -2.52771342395141], [-36.8182142174123, -2.35514307870858], [-36.7848591681434, -2.21874121521053], [-36.8098754548705, -2.05486991241289], [-36.9016018392371, -1.9819719483805], [-36.9566233368774, -1.79482327073781], [-36.9646223736467, -1.48298881860252], [-36.9206276691695, -1.19110376701091], [-36.7926430727752, -0.987165275384511], [-36.5886676221314, -0.695232196145261], [-36.508677249048, -0.467271514710901], [-36.3766931338199, -0.331291215392413], [-36.172717683176, -0.223305492060894], [-35.8807528217812, -0.155314050599391], [-35.5807889236171, -0.139316029093739], [-35.2368303209757, -0.135316521746924], [-34.9448654595809, -0.151314546084899], [-34.8008827887496, -0.187310056037277], [-34.6249039681459, -0.231304466774378], [-34.4041386131764, -0.29093890195928]]]}, "properties": {"OBJECTID": 325, "id": null, "Name": "The Golden Fields", "type": "Grass", "continent": null, "size": null, "Symbol": 2, "Shape__Area": 128391654602.1825, "Shape__Length": 1496387.7457672283}}, {"type": "Feature", "id": 326, "geometry": {"type": "Polygon", "coordinates": [[[20.0928386436273, -12.8768661068409], [19.9888435622853, -13.2376313048245], [19.9101693917731, -13.3907503643459], [19.7134839654926, -13.5628928877826], [19.4971299970332, -13.6393607430938], [18.8874051769112, -13.6202460955683], [18.5923770379397, -13.6584738442438], [18.3760230694804, -13.7731198442836], [18.1400005579438, -13.9258936729932], [17.7269611632039, -13.9449833257158], [17.4712701094885, -14.0022427991722], [17.2352475988502, -14.2502016447673], [16.9205509168015, -14.3454981803561], [16.4288373524478, -14.3836054622412], [15.9174552450169, -14.478845203475], [15.3273989670738, -14.6311436930362], [14.95369665759, -14.8784030453055], [14.4423145501591, -14.8974113208774], [13.7539155586266, -14.9354228385121], [13.1048536532486, -15.0304221743404], [12.5541344605616, -15.1253792345301], [12.1017579805656, -15.1253792345301], [11.6834255414919, -15.0375697359928], [11.6493815005697, -15.0304221743404], [11.4526960751875, -15.0684100849821], [11.6375824086888, -14.86881792515], [11.9186512563546, -14.6611223076787], [12.0573170541407, -14.5908415833587], [12.1818404785763, -14.5277095811063], [12.4699873221472, -14.3073895616739], [12.5553795066807, -14.2522203651742], [12.8030702228663, -14.033872429848], [12.9552872702068, -13.8513796121555], [13.0262733512937, -13.7233468218203], [13.1676059974268, -13.4682271393832], [13.4405872182664, -12.9810352212115], [13.4636236082259, -12.9237870464552], [13.4860840882567, -12.8479972286856], [13.5770778282371, -12.3299633970276], [13.6984028154766, -11.8999565077413], [13.9713840363163, -11.3354718040378], [14.0168809063065, -10.9188179524517], [13.9562184126868, -10.3076675867291], [13.8348934254473, -9.74017338816965], [13.8194232675466, -9.62325812390426], [13.7367662509322, -9.39710324882634], [13.5466224688401, -9.1719200680184], [13.7439649947846, -9.13143888732465], [14.0023020424576, -9.07218373316782], [14.2761090890296, -8.98767948636072], [14.4415341791802, -8.93978498389233], [14.5613247621678, -8.84397711357281], [14.6069592702292, -8.74532532235678], [14.5931745943466, -8.55735225124081], [14.4718496071071, -8.22728169901168], [14.4130126123156, -8.1472290306158], [14.3163910797937, -8.06262512395796], [14.2106959062338, -7.93179106454652], [14.1303063928051, -7.75260635998668], [14.0822256392743, -7.68113838503546], [13.8671865932868, -7.53904173450633], [13.7086438333961, -7.3818411306785], [13.5793872450173, -7.21089461939112], [13.5050096671017, -7.15588470689946], [13.2594393468892, -7.06727339494932], [13.0710132927407, -6.95506316862035], [12.9552872702068, -6.91941112784451], [12.7687183149232, -6.77121996462334], [12.7127288259704, -6.69754574744609], [12.6155573169839, -6.43207646686105], [12.5832340672604, -6.38544883698508], [12.3334967121765, -6.15099601528718], [12.0996013860799, -5.86669490127829], [12.05294070552, -5.76943328731013], [12.0094529275441, -5.48379712376565], [12.0105046265697, -5.47766533293551], [12.0245842022921, -5.38422285770552], [12.0386637789128, -5.30945852269093], [12.099675275207, -5.19262114416833], [12.1747663481218, -5.07108730425876], [12.2827097649877, -4.97290862815115], [12.5032897912259, -4.79521495709413], [12.695710665121, -4.64554224514644], [12.9069043072448, -4.49583775646486], [13.0054613399964, -4.3648210587781], [13.037867548238, -4.30589647465873], [13.1835278237608, -4.44268926679131], [13.2622019942729, -4.59954794385922], [13.2425334511957, -4.77597261249301], [13.1441907385046, -4.93275649666789], [13.1441907385046, -5.12868415923248], [13.2031963659396, -5.36371780221864], [13.360544706964, -5.44204243549483], [13.6359043037567, -5.4224622281319], [13.8915953574721, -5.30496772175168], [14.4226460070819, -5.10909406020693], [14.7176741460535, -5.10909406020693], [14.9930337428461, -5.14827365621353], [15.2683933387405, -5.3245517071076], [15.4060731366876, -5.55951021662953], [15.7404383609153, -5.81394268701544], [16.0944721282201, -5.91177098187647], [16.5271800651389, -5.93133457418255], [17.0778992578259, -5.89220669695743], [17.597540157077, -5.83946801394326], [18.0613263874316, -5.99002117911706], [18.4743657821714, -6.12693196095407], [18.769393921143, -6.3224576955149], [19.1824333158828, -6.67421627901189], [19.6151412528015, -6.94763237186898], [19.8070859010184, -7.06487011649283], [19.7402008160532, -7.21751243368663], [19.7031530091452, -7.35715690209926], [19.6809243250004, -7.53348701991191], [19.688333886382, -7.69505998206273], [19.7179721319084, -7.84923132843083], [19.746365078889, -7.94485184421394], [19.7550199388163, -7.97399488340229], [19.8587537990569, -8.1207267852076], [20.0143545889686, -8.26007245986925], [20.1477266947355, -8.38470850497537], [20.2292318708313, -8.48731998316129], [20.2662796777392, -8.56792407103895], [20.288508361884, -8.61920869750023], [20.3107370460288, -8.72175703975387], [20.3107370460288, -8.81094106023339], [20.3106146047572, -8.81221152205366], [20.2044552411473, -9.06689516885965], [20.0376333839175, -9.4261400683468], [19.9466396439371, -9.82984337797637], [19.9466396439371, -10.2927463663898], [19.9921365139273, -10.5612194081066], [20.1741239947865, -10.9783762628192], [20.1780485501082, -11.0104806179494], [20.2181283372884, -11.338146471425], [20.2196208647768, -11.3503412073143], [20.2196208647768, -11.6178570799503], [20.0679646311766, -12.1817635470559], [20.0026198829374, -12.5966123820011], [20.0102534068957, -12.7083346952539], [20.0679646311766, -12.8479972286856], [20.0928386436273, -12.8768661068409]]]}, "properties": {"OBJECTID": 326, "id": null, "Name": "Bone Mountains", "type": "Desert Mountain", "continent": "Essos", "size": null, "Symbol": 1, "Shape__Area": 711917408875.6727, "Shape__Length": 4290441.604882859}}, {"type": "Feature", "id": 327, "geometry": {"type": "Polygon", "coordinates": [[[23.3807886368563, 4.10940490264795], [23.2882451116696, 4.14079203935663], [23.2460063827058, 4.23440528222806], [23.0911310452681, 4.42159755061697], [22.9409489003368, 4.59470835003327], [22.9163058654069, 4.61198380709295], [22.672859988976, 4.78262335632088], [22.5138684235828, 4.8940431353776], [22.3824590468802, 4.96418066360352], [22.2277971240012, 5.02396979554872], [21.7582334750165, 5.15152802133385], [21.6755207080574, 5.1739945325777], [21.1514743332106, 5.37997809822465], [21.0167401613857, 5.47361620152114], [20.9275695127485, 5.58572863011873], [20.8149329033762, 5.73517842644512], [20.7680009828045, 5.86124628800956], [20.7163758706247, 6.04796098291829], [20.6600575659386, 6.21128354262599], [20.5004890368928, 6.44917680875626], [20.4160115798636, 6.57973768027915], [20.3784660434063, 6.67763585724484], [20.37167046525, 6.75334005636303], [20.3925456191286, 6.81745635915019], [20.4282148830797, 6.84691778033794], [20.4911026527785, 6.89201067161703], [20.5875000511454, 6.94152842251156], [20.6553643743305, 6.98052867953917], [20.7220772540525, 7.01256872786354], [20.8008533276539, 7.05039950314952], [20.9100290085108, 7.08170309681125], [21.0397380145178, 7.10367907301777], [21.1156652375025, 7.10367907301777], [21.288657261296, 7.07370499479909], [21.3782468841817, 7.0503070290533], [21.574392210974, 6.96866731822443], [21.7180979410848, 6.94179156858225], [21.9096550857325, 6.94179156858225], [22.1794699724694, 6.9736758432318], [22.4428606957925, 6.94816859701492], [22.5930824546313, 6.92470157321356], [22.7447964031919, 6.87801654770945], [22.8639101505286, 6.82874044314361], [22.9242199188554, 6.78708163833949], [23.0328276219076, 6.67024869254013], [23.1495187332973, 6.45050682130439], [23.2394570291757, 6.22064952892643], [23.3679403091303, 5.93318693432852], [23.4848476593819, 5.73597977633754], [23.5854005869981, 5.63486825667007], [23.7790868035479, 5.49851680766437], [24.2544749383919, 5.16590634935828], [24.4507656817674, 5.05622987498942], [24.6308734468778, 5.02010667372019], [25.0446471074629, 5.02513331827763], [25.0502877198617, 5.0240095310926], [25.0543899385904, 5.0243345903727], [25.2631898022474, 5.00542544605512], [25.437189688179, 4.95815019931172], [25.6649713580314, 4.80369431095541], [25.785189461839, 4.68388804087792], [25.8145686673734, 4.62410326850077], [25.8286735827733, 4.59539888703023], [25.8611166848237, 4.52937077926722], [25.8644478957136, 4.48841299116869], [25.870607587023, 4.41267254036967], [25.8579530501583, 4.31803885708854], [25.8104985355683, 4.18237672582625], [25.7368490053596, 4.12990826335952], [25.721916775719, 4.11927000909698], [25.678186676297, 4.10182296636196], [25.516280545829, 4.03722380497954], [25.3595490644355, 4.01099817872387], [24.8390738602541, 3.9620155498635], [24.3251407422322, 3.94278889454419], [24.0466702409831, 3.9188392903952], [23.8007835350258, 3.93855161179486], [23.7509726073932, 3.94254481291046], [23.7165860864639, 3.95397978229296], [23.5833037179023, 3.99830030194166], [23.3807886368563, 4.10940490264795]]]}, "properties": {"OBJECTID": 327, "id": null, "Name": "Howling Hills", "type": "Rolling Hills", "continent": null, "size": null, "Symbol": null, "Shape__Area": 99832323660.6549, "Shape__Length": 1544670.316003181}}, {"type": "Feature", "id": 328, "geometry": {"type": "Polygon", "coordinates": [[[8.64046006719714, -20.4121774380684], [8.60536033154299, -20.3134586058566], [8.50883606051523, -20.2887690436018], [8.42108672272731, -20.2476110336985], [8.36843711969521, -20.19820702432], [8.38598698707312, -20.1240716246915], [8.47373632486108, -20.115832185097], [8.561485662649, -20.1075923123491], [8.561485662649, -20.0251697424622], [8.53516086203128, -19.9344549821052], [8.47373632486108, -19.8767002586168], [8.44432124330917, -19.8596761309065], [8.43324485415923, -19.8716224644497], [8.38598698707312, -19.8684478634816], [8.26313791363105, -19.8436881022101], [8.1753885758431, -19.8189244790006], [8.07886430481537, -19.7528693007535], [7.94724029723513, -19.7033099600866], [7.85949095944721, -19.637206956295], [7.78298049089127, -19.5408932963754], [7.57291996480225, -19.4735377868072], [7.46232257154913, -19.3518430161686], [7.3944194689915, -19.1985906046905], [7.41196933636941, -19.0825330188915], [7.40319440223127, -18.9912878020537], [7.36809466747545, -18.933196599142], [7.28034532968749, -18.883388051239], [7.20137092513938, -18.775418751421], [7.19259599100124, -18.6923183305341], [7.11362158735143, -18.6258086115882], [6.99954744804746, -18.6424384846588], [6.86792344136555, -18.6756933449469], [6.63977516275758, -18.7421834882373], [6.47305142042151, -18.7504929179974], [6.43795168566569, -18.6923183305341], [6.47305142042151, -18.6091771115551], [6.56957569234757, -18.5842268132432], [6.61345036124156, -18.5343152597948], [6.49060128779946, -18.5259952487553], [6.28000287746773, -18.5426348658039], [6.04307966472165, -18.5925439849507], [5.75350684984178, -18.7089416833452], [5.46393403406364, -18.908294179167], [5.27088549110982, -19.0825330188915], [5.0602870798798, -19.1074093662995], [4.78826413237787, -19.1820159481688], [4.56889078790803, -19.2317349091339], [4.5601158537699, -19.2814388226406], [4.5601158537699, -19.4139087829133], [4.51624118487594, -19.5049193553695], [4.48114144922178, -19.5710767290825], [4.34074250930006, -19.5876118336662], [4.20034356848005, -19.5793444939548], [3.97219528987208, -19.5710767290825], [3.735272077126, -19.5710767290825], [3.57220251787234, -19.586970616584], [3.56821007416969, -19.5823388235911], [3.36672485769802, -19.5876118336662], [3.21755098363819, -19.5958787497588], [3.06837710868004, -19.5958787497588], [3.03327737392421, -19.6454713215965], [3.05960217544023, -19.7115709170611], [3.04205230806232, -19.7693856637136], [2.93675310199816, -19.8024132536087], [2.71737975752829, -19.8024132536087], [2.57698081670827, -19.8189244790006], [2.49800641216016, -19.9097055389825], [2.41025707437221, -19.9674482079811], [2.26108320031238, -19.9921885993218], [2.10313439211442, -20.066386441291], [1.97151038543254, -19.9921885993218], [2.02415998756631, -19.8519417855517], [2.09435945797632, -19.7528693007535], [2.16455892838633, -19.6454713215965], [2.17333386252446, -19.5380014303008], [2.12068425949237, -19.4470094456785], [2.05048478908236, -19.3559664099566], [2.05925972322046, -19.2897213434775], [2.18210879576424, -19.2814388226406], [2.2786330676903, -19.2400199400853], [2.33128267072239, -19.1571508354848], [2.37515733961635, -19.0078815690028], [2.46290667740431, -18.9497961501514], [2.54188108195242, -18.908294179167], [2.55943094933036, -18.8335646881467], [2.55065601519223, -18.7089416833452], [2.49800641216016, -18.5509540657753], [2.575578718128, -18.2986814468125], [2.6060017229034, -17.9517214719799], [2.66684773335255, -17.7779850000667], [2.68205923574025, -17.6330753854172], [2.54515571245426, -17.4590300273538], [2.46909819961741, -17.2848182301787], [2.4234636924543, -17.0813627111803], [2.438675194842, -16.9359011369738], [2.56036721484196, -16.7903270224886], [2.5907902205157, -16.7320660562849], [2.52994421006655, -16.4842588642809], [2.47721487795974, -16.3493799320591], [2.43922132292404, -16.2736464524291], [2.30231779963807, -15.9777335519402], [2.1882315303828, -15.5934915843895], [2.16541427725041, -15.2415537343859], [2.25668329247496, -14.8338909026863], [2.39358681576093, -14.3370493882847], [2.53049033814859, -13.8834098480105], [2.65598523486838, -13.5620041967423], [2.87274914591438, -13.0957505876898], [3.00965266920035, -12.8400446247668], [3.03294657111744, -12.7848822735997], [3.16937344651703, -12.461568976318], [3.31768559636921, -11.9597971694932], [3.32909422293542, -11.6471106102993], [3.32460011146908, -11.506224608329], [3.31768559636921, -11.2893238679511], [3.32909422293542, -10.7630187867434], [3.29486834233852, -10.4378153585038], [3.34050285039993, -10.1347335624833], [3.40895461159376, -9.94375659712582], [3.53444950831355, -9.69644447918353], [3.63712715010428, -9.55021941336277], [3.73665758472132, -9.4609795787162], [3.76262204682406, -9.39267604561021], [3.77403067339027, -9.25758177028422], [3.76262204682406, -9.13369970673187], [3.76262204682406, -9.00977456374751], [3.76262204682406, -8.87453503007931], [3.76679985339402, -8.85183146881513], [3.78543929995645, -8.75052163780359], [3.80825655398717, -8.64902536907828], [3.92234282324245, -8.46852020978247], [4.06067242563521, -8.33167463049838], [4.07065497309463, -8.32179731498084], [4.20755849638059, -8.23147891582833], [4.40150515429421, -8.11855197240087], [4.62967769280472, -8.01689055651789], [4.78654631460278, -7.99824986455922], [4.91489336594289, -7.98299775570926], [5.37123844296393, -7.87000150983377], [6.06162197555411, -7.71365656657533], [6.62183840086826, -7.70318196148003], [7.00212596505248, -7.68810746333328], [7.38241352923666, -7.76347458029308], [7.58016306207348, -7.68810746333328], [7.77791259580858, -7.47700873418258], [8.06693114476825, -7.26580787939002], [8.40158420089102, -7.08469942845788], [8.81229477074895, -6.99411840027859], [9.17554582329905, -6.91090763863955], [9.25888018311237, -6.9127878372518], [9.78177558341648, -7.01659522010433], [10.5233363335757, -7.27129635363761], [11.3029258401533, -7.72373869937497], [11.6927205938913, -8.00627111618564], [12.0254722121033, -8.19451768629871], [12.4437885327059, -8.41089106406624], [12.7004826389794, -8.50492895918316], [12.8906264210715, -8.58954334365573], [12.9045702990837, -8.59518363389483], [13.0876845206341, -8.73095242895141], [13.2906433900917, -8.9003920107701], [13.5466224688401, -9.1719200680184], [13.7367662509322, -9.39710324882634], [13.8194232675466, -9.62325812390426], [13.8348934254473, -9.74017338816965], [13.9562184126868, -10.3076675867291], [14.0168809063065, -10.9188179524517], [13.9713840363163, -11.3354718040378], [13.6984028154766, -11.8999565077413], [13.5770778282371, -12.3299633970276], [13.4860840882567, -12.8479972286856], [13.4405872182664, -12.9810352212115], [13.1676059974268, -13.4682271393832], [13.0262733512937, -13.7233468218203], [12.9552872702068, -13.8513796121555], [12.8030702228663, -14.033872429848], [12.7198341576097, -14.1072712740952], [12.5553795066807, -14.2522203651742], [12.4699873221472, -14.3073895616739], [12.1818404785763, -14.5277095811063], [12.0573170541407, -14.5908415833587], [11.9186512563546, -14.6611223076787], [11.6375824086888, -14.86881792515], [11.4526960751875, -15.0684100849821], [11.3543533615981, -15.3151655566849], [11.3231914520773, -15.4954192091509], [11.3356002008971, -15.5922539428042], [11.3730893968166, -15.6825079454996], [11.4301714752084, -15.7531549009814], [11.6887185858258, -15.9024015654243], [11.8513559682912, -15.9866064052335], [11.947293908933, -16.0848247244416], [11.9715185571126, -16.122682217946], [12.0935275898814, -16.5178694676544], [12.1447379633692, -16.574710227833], [12.3603523704147, -16.7261976513462], [12.4135680576029, -16.794986872662], [12.4333106137747, -16.8129790944486], [12.5541344605616, -17.0152741290677], [12.5831064966086, -17.1814231493009], [12.6307857238686, -17.2907144497051], [12.7493246293735, -17.4491008776984], [12.7729531968531, -17.5304272794047], [12.7706365630079, -17.5966864407029], [12.7704884290209, -17.5973924510876], [12.7311513437648, -17.9532538833548], [12.6918142585087, -18.2150109166382], [12.750819886842, -18.6255476567395], [12.809825514277, -19.0165012895475], [12.9671738553014, -19.4992665420006], [13.0655165679924, -19.7215987131088], [13.0888001689282, -20.3054665361918], [13.0893515000523, -20.3628259132259], [12.9577274933705, -20.3463718964376], [12.7910037510344, -20.3710522645087], [12.6857045449702, -20.3299161263626], [12.6242800086983, -20.2887690436018], [12.4663312005004, -20.2311447744136], [12.3961317300904, -20.1570250393061], [12.3083823923024, -20.1487873371744], [12.1855333188603, -20.1570250393061], [12.1241087825884, -20.1240716246915], [12.0977839810724, -20.0416577199747], [12.0539093121784, -19.9509524571178], [11.9749349085286, -19.9014548643838], [11.9438720921668, -19.8910231887247], [11.8520858350865, -19.8601950387953], [11.6853620927504, -19.8684478634816], [11.5449631519304, -19.8849522232075], [11.4221140793866, -19.9097055389825], [11.2756765554289, -19.9821547244118], [11.2553903370505, -19.9921885993218], [11.1149913962305, -20.0746284818092], [10.9658175221707, -20.1734991383763], [10.8868431176226, -20.2723071500395], [10.7727689783186, -20.3299161263626], [10.7025695079086, -20.3052291896634], [10.6411449716367, -20.2476110336985], [10.5797204353648, -20.2146767708955], [10.4568713619227, -20.1899714973318], [10.4042217597889, -20.2476110336985], [10.3427972226187, -20.3299161263626], [10.2550478848308, -20.4368472713365], [10.1936233485589, -20.4615131479852], [10.1146489440108, -20.4615131479852], [9.99179987146699, -20.4697342270324], [9.93037533429675, -20.5272694412596], [9.89527559954093, -20.5929974901029], [9.84262599650883, -20.6833273030024], [9.78997639347673, -20.7407819463807], [9.64957745355505, -20.7407819463807], [9.509178512735, -20.7736033831036], [9.43020410818689, -20.7900114276608], [9.35122970453707, -20.8310237328654], [9.28103023412706, -20.8720248713931], [9.19328089633911, -20.8720248713931], [9.05288195551909, -20.888422195945], [9.05197976041127, -20.8890777831887], [8.99704179441431, -20.884800470426], [8.9304914711312, -20.8470448556084], [8.84017317441288, -20.7981705831399], [8.75460847202229, -20.7070444677724], [8.67379736485771, -20.611414284126], [8.64791731295063, -20.5414193557142], [8.64046006719714, -20.4121774380684]]]}, "properties": {"OBJECTID": 328, "id": null, "Name": "Red Waste", "type": "Desert Waste", "continent": null, "size": null, "Symbol": 1, "Shape__Area": 1552615041265.5615, "Shape__Length": 5765446.987841326}}, {"type": "Feature", "id": 329, "geometry": {"type": "Polygon", "coordinates": [[[-23.8832865085352, -13.8514177836468], [-23.779527479297, -13.8394219149707], [-23.7235657312185, -13.8237239789298], [-23.456529383961, -13.6778212078762], [-23.3185594750928, -13.5854219173676], [-23.1531343849422, -13.4245709627858], [-23.0105265488223, -13.2802680301957], [-22.896440279567, -13.1692073229236], [-22.759536756281, -13.0636529672079], [-22.6340418595613, -13.0025218974201], [-22.5028426500075, -12.9636124593288], [-22.3944606944846, -12.9469351226744], [-22.2974873655278, -12.9636124593288], [-22.2233312906017, -12.96917132272], [-22.0750191407495, -13.0080798903411], [-21.6414913177591, -13.0914348199545], [-21.4707273143979, -13.1002334015125], [-21.3163454502918, -13.1025466838235], [-21.1452160464089, -13.1358792653221], [-20.9911995828245, -13.1858696511656], [-20.8724506772573, -13.2386884385326], [-20.8956745797525, -13.3290984788295], [-20.9310668131514, -13.3729257464129], [-21.0188161509393, -13.5180109694892], [-21.0451409524554, -13.765305093213], [-21.0626908198333, -14.0208516785834], [-21.0188161509393, -14.1825511039527], [-20.9398417463912, -14.2591054192097], [-20.8169926738474, -14.3866381343986], [-20.8520924086032, -14.5565684496429], [-21.0363660183173, -14.7433407041814], [-21.0539158856952, -14.8790746296829], [-21.0539158856952, -15.0147231748778], [-21.0890156213494, -15.0994598462092], [-21.1328902902433, -15.1756939558966], [-21.1592150917594, -15.2603662612739], [-21.1328902902433, -15.3450044418421], [-20.9837164152852, -15.4549827792196], [-20.9135169448751, -15.4803541251495], [-20.9135169448751, -15.5649027824784], [-21.0275910841791, -15.7507873121491], [-20.9837164152852, -15.7507873121491], [-20.8959670774972, -15.7254493880512], [-20.7818929381932, -15.7085556856578], [-20.7380182692993, -15.6494167016063], [-20.6327190641334, -15.6325167051528], [-20.4221206529034, -15.590260613622], [-20.3870209172492, -15.4972666273481], [-20.3431462483552, -15.3873106819126], [-20.2290721090513, -15.378850121356], [-20.1588726386413, -15.3280795440933], [-20.0711233008533, -15.2434345248823], [-20.0009238304433, -15.2772966326719], [-19.8429750222454, -15.3450044418421], [-19.6674763466695, -15.3534663767993], [-19.5270774058495, -15.3957708995253], [-19.4393280680615, -15.4718973558732], [-19.4217782006836, -15.6156153137438], [-19.3603536635134, -15.700108308551], [-19.2813792598636, -15.6832125050921], [-19.1760800546977, -15.6747640782134], [-19.0883307160115, -15.7085556856578], [-19.0181312464998, -15.7930101609643], [-18.8689573715416, -15.8014536758946], [-18.7548832322377, -15.8014536758946], [-18.6934586959657, -15.936501905838], [-18.5969344240397, -15.936501905838], [-18.4828602847357, -15.978685882521], [-18.4302106817036, -16.1473326671155], [-18.4477605499799, -16.2737235898505], [-18.5091850862518, -16.3495191373847], [-18.5442848210076, -16.4337019212887], [-18.5091850862518, -16.4589496532441], [-18.4477605499799, -16.4926081822544], [-18.4126608143257, -16.6187754511197], [-18.4214357484638, -16.7280534068236], [-18.4740853505976, -16.9212377384847], [-18.5091850862518, -17.047120994137], [-18.5355098877678, -17.1561512822066], [-18.5618346892839, -17.2232150486563], [-18.6671338944497, -17.2232150486563], [-18.7724330996156, -17.2148334068458], [-18.8250827026477, -17.2399771936], [-18.8777323056798, -17.3153879938483], [-18.9128320404356, -17.3572695255885], [-19.0444560471175, -17.365644684928], [-19.1058805842877, -17.3907678644793], [-19.2024048553155, -17.3991414906838], [-19.2462795242094, -17.3740194614401], [-19.2813792598636, -17.2902544910441], [-19.2638293924857, -17.0890632730653], [-19.3340288628957, -17.013560389554], [-19.3603536635134, -16.9967778309697], [-19.3954533991676, -16.9128425221935], [-19.5446272732274, -16.9380270499772], [-19.6323766119136, -16.862463371655], [-19.6411515451535, -16.7196496288107], [-19.6850262140474, -16.635591504493], [-19.7727755518354, -16.5767288748602], [-19.9043995594156, -16.5178482388792], [-20.0009238304433, -16.5430849986275], [-20.0009238304433, -16.6019579245387], [-20.0798982349914, -16.6608128198331], [-20.1939723742954, -16.6776251852771], [-20.2279683436718, -16.6924273009611], [-20.2202971758115, -16.7952702854703], [-20.1237729038854, -16.9883859876383], [-20.0009238304433, -17.1393815487002], [-19.9482742283095, -17.3237650649018], [-19.7903254201116, -17.4661166860453], [-19.5621771415036, -17.641809201779], [-19.5358523399876, -17.7254122349106], [-19.5007526043334, -17.9592928825979], [-19.3515787302736, -18.0177148923275], [-19.1760800546977, -18.0177148923275], [-19.1409803190436, -18.0844591828598], [-19.0883307160115, -18.192864488345], [-19.0707808486335, -18.2762073625914], [-19.0444560471175, -18.3761659735489], [-19.0795557827717, -18.4677438462706], [-19.2199547235917, -18.5925439849507], [-19.2989291272415, -18.6840060416537], [-19.2638293924857, -18.8086474613023], [-19.2199547235917, -18.9663940501073], [-19.2287296568315, -19.0908255498307], [-19.2813792598636, -19.2151635918023], [-19.3691285976515, -19.2980034452887], [-19.4217782006836, -19.3808013802154], [-19.3779035317896, -19.5214612393573], [-19.3515787302736, -19.8106690809812], [-19.4042283333057, -19.8849522232075], [-19.4130032665455, -20.0251697424622], [-19.4217782006836, -20.19820702432], [-19.4568779354394, -20.3216875853668], [-19.5358523399876, -20.3875036504367], [-19.6762512808076, -20.4039532809961], [-19.8868496911393, -20.4204011550186], [-19.9394992941714, -20.4861750632369], [-20.0009238304433, -20.5765681300857], [-20.1149979697473, -20.5519207735715], [-20.1237729038854, -20.4697342270324], [-20.1676475727794, -20.3875036504367], [-20.3168214477375, -20.3381442303825], [-20.4835451891753, -20.3134586058566], [-20.5449697263455, -20.2229109901888], [-20.4747702559355, -20.1075923123491], [-20.4045707855254, -19.9592005485645], [-20.4221206529034, -19.8436881022101], [-20.5274198580693, -19.7776432027805], [-20.5537446595853, -19.6785245286789], [-20.4835451891753, -19.5958787497588], [-20.4396705202813, -19.5131905093419], [-20.3255963809773, -19.4139087829133], [-20.1764225069175, -19.3311276575454], [-20.0886731691296, -19.314566390379], [-20.0974481023694, -19.2565887491913], [-20.1237729038854, -19.1985906046905], [-20.2290721090513, -19.165439623456], [-20.3870209172492, -19.1820159481688], [-20.5449697263455, -19.206877307423], [-20.6941436004053, -19.2565887491913], [-20.8784172101193, -19.3228472333547], [-21.0363660183173, -19.4718305130846], [-21.2206396280312, -19.6537352622279], [-21.2651443555025, -19.6746898882953], [-21.2681721873548, -19.703464689539], [-21.299614031681, -19.7363512287875], [-21.3785884362292, -19.7363512287875], [-21.4312380392613, -19.6702618654961], [-21.4224631051232, -19.5710767290825], [-21.3961383036071, -19.4470094456785], [-21.4224631051232, -19.3062851270746], [-21.4663377740171, -19.1571508354848], [-21.5804119133211, -19.0742400718877], [-21.7208108541411, -19.0078815690028], [-21.8324104977567, -18.920799204057], [-21.9826585556737, -18.9317319089067], [-22.177107411357, -18.908294179167], [-22.5281047625088, -18.9248962044515], [-22.7825778426328, -18.8501741196397], [-22.958076519107, -18.8003408990901], [-23.2213245324708, -18.775418751421], [-23.5196722814888, -18.7421834882373], [-23.6337464207927, -18.6590667295254], [-23.7741453616128, -18.6008607513903], [-23.8794445667786, -18.5093540130599], [-23.9671939045665, -18.5093540130599], [-24.1075928453866, -18.5675912503892], [-24.2216669846906, -18.6174930644387], [-24.3708408596487, -18.7006302105823], [-24.4673651306764, -18.6673802414199], [-24.4673651306764, -18.5842268132432], [-24.5200147337085, -18.4427728993787], [-24.7306131449386, -18.4261235848995], [-24.8183624827265, -18.3928201211602], [-24.9236616878924, -18.2678748730587], [-25.0903854302285, -18.0510902046016], [-25.2307843710485, -17.8841504954665], [-25.4238329140023, -17.8173305515467], [-25.5028073185504, -17.6585329184177], [-25.5115822526885, -17.4828566411319], [-25.5466819874444, -17.3488939844406], [-25.5642318548223, -17.1226103022366], [-25.5466819874444, -16.862463371655], [-25.6958558624025, -16.8372687577403], [-25.7660553319142, -16.9044469309914], [-25.8889044053563, -16.9212377384847], [-26.0468532135543, -17.0303414440917], [-26.0731780150703, -17.0722874921016], [-26.1960270885124, -17.1729194997392], [-26.4329503003602, -17.2315963112478], [-26.6435487115902, -17.2986327071865], [-26.7049732478621, -17.3907678644793], [-26.7576228508942, -17.5246997853583], [-26.7576228508942, -17.6501712546729], [-26.7576228508942, -17.8256844167307], [-26.836597254544, -17.8590959577094], [-26.9243465932303, -17.9425973290187], [-26.9857711295021, -18.1178218152802], [-26.93312152647, -18.3345235728388], [-26.9793594068567, -18.4295938240484], [-26.9857711295021, -18.4427728993787], [-27.0998452688061, -18.4261235848995], [-27.165109368994, -18.3078756758622], [-27.1963695407321, -18.2512086949242], [-27.2473547173581, -18.1166560742436], [-27.2473547173581, -17.9508970725486], [-27.2473547173581, -17.9422304965421], [-27.2720782332526, -17.751258580783], [-27.2577940770041, -17.6501712546729], [-27.1963695407321, -17.5414343427906], [-27.1524948718382, -17.4410038689618], [-27.1261700703221, -17.3405180599308], [-27.1524948718382, -17.2651175567431], [-27.1524948718382, -17.1729194997392], [-27.1086202029442, -17.0722874921016], [-27.0033209968801, -16.9380270499772], [-26.9682212621242, -16.8120707906271], [-26.950671393848, -16.6439989787449], [-26.906796724954, -16.5010219007937], [-26.72252311524, -16.3663586033355], [-26.6961983146223, -16.2231769495686], [-26.6435487115902, -15.9955569854852], [-26.5645743070421, -15.9533765628196], [-26.3013262936782, -15.7254493880512], [-26.1697022869963, -15.5310874789708], [-25.8538046706004, -15.378850121356], [-25.6783059941263, -15.2434345248823], [-25.5993315904765, -15.1248742636329], [-25.5291321200664, -14.9129947977109], [-25.4482129383867, -14.7416455459541], [-25.3448585103524, -14.5225928039796], [-25.3480684612555, -14.4106985625894], [-25.3536334444906, -14.2165784443044], [-25.1610527243738, -14.1060451593596], [-24.9258932988909, -14.1090739216025], [-24.7546095860017, -14.0647718426354], [-24.6191429449621, -13.962159938039], [-24.4856562635723, -13.9315573615038], [-24.4828890114244, -13.934912233001], [-24.4822394216762, -13.9344793705543], [-24.3567445258547, -13.884645991809], [-24.0772331664488, -13.8514177836468], [-23.8832865085352, -13.8514177836468]]]}, "properties": {"OBJECTID": 329, "id": null, "Name": null, "type": "Scorched", "continent": null, "size": null, "Symbol": null, "Shape__Area": 442674251024.6736, "Shape__Length": 4240771.685679718}}, {"type": "Feature", "id": 330, "geometry": {"type": "Polygon", "coordinates": [[[54.2222147037051, 5.11386063567952], [55.6271209217045, 5.37115316759731], [57.2419556547687, 5.56405158830515], [59.4382570477928, 5.74847668171852], [59.9710263533059, 5.80508542187361], [60.357372531262, 5.81402406950536], [61.1475360091326, 5.83230514082245], [61.9895697700853, 5.74081963413581], [62.5658728473168, 5.53071492261866], [63.3080894745328, 5.14643716275143], [64.1393720984522, 4.55479309633243], [64.8356730197702, 3.95961317615162], [65.040764953243, 3.73718997186367], [65.4753620283395, 3.07368951980789], [65.6238053537828, 2.68822540278551], [65.8316260097626, 1.88727689662487], [66.0988239953808, 1.14532535672394], [66.2472673217223, 0.225052443201594], [66.2769559860923, -0.160899413306715], [66.2472673217223, -0.724964916152317], [66.1582013259174, -1.28896016179975], [66.0988239953808, -1.64510679327154], [65.9503806699375, -2.09019907846399], [65.6262330840758, -2.56356126131004], [65.3047339589454, -2.78405155840438], [65.2467564955739, -2.80489862594551], [65.106200805025, -2.85543695451743], [64.4764152589323, -2.96832941695358], [63.5236627665861, -2.95220261822643], [62.9261739151188, -2.9199483197679], [62.4255751475275, -2.80705104843871], [61.6988995184571, -2.58122421800069], [60.826888761776, -2.3069523050033], [59.7933945328665, -2.06490353960829], [59.1313122921484, -2.00035079649574], [57.8878895481741, -2.00035079649574], [56.7898019291155, -2.11331638064445], [56.0146812572087, -2.27468142185776], [55.0942254594879, -2.48442879992955], [54.3029564402685, -2.72640343622522], [53.1079787373338, -3.2424479447842], [52.7835369065041, -3.38355268585614], [52.2639060513161, -3.54314704127944], [51.8185760749865, -3.6320384856574], [51.4029347630268, -3.66166703249305], [51.2711416188482, -3.66897389741702], [51.1318247338222, -3.65593961392774], [50.7724889435222, -3.55507647132966], [50.5333132384388, -3.40667401442301], [50.3935201492942, -3.27642232272894], [49.9185015076962, -2.59448305170225], [49.6809921864481, -2.09019907846399], [49.5028601957365, -1.31864114040523], [49.4722088697586, -1.15316254284732], [49.4746005883885, -1.0479463655016], [49.5230456303265, -0.531250071241472], [49.6037873668899, 0.211565813071876], [49.5553423249519, 0.744440809521206], [49.4907489357012, 1.05122137258466], [49.2162270304874, 1.51940431320918], [49.1311111380908, 1.62879771869249], [49.0872188846752, 1.70923270472811], [48.9057410351446, 2.00397907192095], [48.8282308324073, 2.35252241325932], [48.8125183476705, 2.4231671953034], [48.7963700003578, 2.82645148460908], [48.7976333604307, 2.83113824857453], [48.9094084315465, 3.24571825333099], [49.0870402519859, 3.55199679427682], [49.2969687670507, 3.76149778851172], [49.3338821105337, 3.77991450468011], [49.7814191873293, 4.00316696007904], [50.4273530807347, 4.22866059746507], [50.8149134162389, 4.34138303397628], [51.3639572257682, 4.47018803903796], [52.235967981551, 4.66335290539219], [53.0756820427085, 4.87255484611019], [54.2222147037051, 5.11386063567952]]]}, "properties": {"OBJECTID": 330, "id": null, "Name": null, "type": "Grey", "continent": null, "size": null, "Symbol": null, "Shape__Area": 1592459026145.0632, "Shape__Length": 5202563.201505853}}, {"type": "Feature", "id": 331, "geometry": {"type": "Polygon", "coordinates": [[[19.662232501267, 3.02672335692463], [19.3962466753438, 2.92734027912885], [19.0344981584126, 2.66869376428861], [18.7273134160435, 2.59197849579392], [18.5122840952172, 2.5612910788303], [18.3740509611062, 2.63800822387956], [18.1436624036556, 2.85279061448922], [17.8979146095806, 3.15955226898659], [17.6521668155055, 3.22089400485156], [17.4217782580549, 3.25156349089765], [17.1760304639799, 3.20555891437794], [16.8995641948595, 3.11354358519199], [16.592379451592, 3.06753289077814], [16.4387870799583, 3.12888003758778], [16.3927093691868, 3.26689788428025], [16.3619908950397, 3.4662232898723], [16.3159131833699, 3.55820561337416], [16.2698354717002, 3.75746883384584], [16.3312724199943, 3.98733124177764], [16.3773501316641, 4.26308098129938], [16.346631657517, 4.47748495829586], [16.1162431000664, 4.59997350749252], [15.7476214085047, 4.64590131294151], [15.4711551402826, 4.6612099183742], [14.9489410770872, 4.6612099183742], [14.8414264171232, 4.6918261268073], [14.5188824363331, 5.0744126438354], [14.1041830339999, 5.39561081114184], [13.7816390532097, 5.56379026482982], [13.5358912591347, 5.60964910573097], [13.2189164019147, 5.60964910573097], [13.2247844964896, 5.66074679366503], [13.1993892716296, 5.90708949975949], [13.0614466338168, 6.17001230915187], [12.8055267396726, 6.71252621474193], [12.7732997893476, 6.96850633979974], [12.7185848516795, 7.30782372542502], [12.6922048531808, 7.37416756530479], [12.5458154393964, 7.58528567249805], [12.4816660460682, 7.68626655720422], [12.3539922640672, 7.88717271439353], [12.2868227140925, 8.01662418219274], [12.2728342185567, 8.32124812201365], [12.318331088547, 8.57626559764956], [12.3983829800576, 8.73454595663456], [12.4422080978805, 8.79578198935216], [12.7278029193574, 8.95097913544876], [13.0917778801775, 9.14567877554413], [13.213102867417, 9.32530708059451], [13.3040966073974, 9.62448134789383], [13.2889309846662, 9.98314040721385], [13.3647591010172, 10.2667995348022], [13.3799247246467, 10.5949290029537], [13.4957375262336, 10.9615195173577], [13.5164153346174, 11.0269251358966], [13.641838968884, 11.3014213859148], [13.7135684391061, 11.4582874904447], [13.7590653090964, 12.0966770298433], [13.6832371918471, 12.4819470332204], [13.5315809582469, 12.9701168187131], [13.3548832419725, 13.3936035880961], [13.3390841048451, 13.4742795344786], [13.3691024545176, 13.6785364029235], [13.4010987309523, 13.7795532399763], [13.4931739383303, 13.8987563628617], [13.5852441277191, 13.9236967481483], [13.7135684391061, 13.9141154910446], [13.8835002692393, 13.837974259377], [13.9948613095357, 13.837974259377], [14.0535105923655, 13.8649476100256], [14.2086672659805, 14.0155344862407], [14.2501903251237, 14.035101584587], [14.3414350454114, 14.0206487506061], [14.4279787317986, 14.0019890103141], [14.5196837245834, 14.0052246307775], [14.7809123171036, 14.083200053387], [14.8550376678504, 14.1248210647987], [14.981678548073, 14.2300641627586], [15.0457763313916, 14.2635168590965], [15.1823467306241, 14.3131465066111], [15.2440080421437, 14.3221084207139], [15.4790379853599, 14.2993347360129], [15.6904283324798, 14.2481186151316], [15.858981542401, 14.2481186151316], [15.9494154963138, 14.225051090491], [16.0603614385921, 14.1712726422672], [16.2453279916483, 13.9918643549237], [16.403870751539, 13.9149321080312], [16.5624135114298, 13.889282329342], [16.8266514448805, 13.8123159768889], [17.0908893783312, 13.6583071207275], [17.2230083450566, 13.5298894683341], [17.4079748981128, 13.324277341484], [17.5610557654305, 13.2430127427849], [17.6156509316201, 13.1765745343237], [17.631932950942, 13.1220725848321], [17.6566305154062, 12.8814288086416], [17.6738964334077, 12.7467415743086], [17.67856195421, 12.7103346564065], [17.7125937924174, 12.6086458415387], [17.8072905874249, 12.4751256271239], [17.873197649591, 12.4264230089194], [18.005582174484, 12.3574628582529], [18.0935326558438, 12.3434359031985], [18.1185768702948, 12.3490816781796], [18.2480898261776, 12.3782761359716], [18.3876135617724, 12.3782761359716], [18.478603199147, 12.3378755325386], [18.567968309687, 12.2206163616184], [18.581733540637, 12.185635450545], [18.6727272806174, 11.8889925813807], [18.8132589843516, 11.7196883726461], [18.8698803851062, 11.651444860304], [19.1469738974838, 11.4963253041125], [19.2344644135704, 11.46260718409], [19.4924672142959, 11.4036011055181], [19.5914304167099, 11.3610083611988], [19.6342478475662, 11.3271006810715], [19.6733236515337, 11.2587924605304], [19.7039896703564, 11.1459859510985], [19.7281522602212, 10.9444084724486], [19.7077235897001, 10.7819015501484], [19.7047229929706, 10.7693738800802], [19.6918545537621, 10.7156414861138], [19.6736584230974, 10.6396469562322], [19.6228613617768, 10.3599468942412], [19.6316311683313, 10.2262025299763], [19.740241006679, 10.076529117626], [19.8139726644642, 10.0075571327849], [19.9314740203076, 9.92339094462412], [20.158958371157, 9.80385937252471], [20.2347864884063, 9.74407739002731], [20.3561114747475, 9.54971228531372], [20.371277098377, 9.38516272783294], [20.3449742202454, 9.29432306949805], [20.3106146047572, 9.17562317179175], [20.295448982026, 8.93599789407921], [20.3511205500132, 8.81223630695366], [20.3781651230574, 8.79179872519685], [20.4066251957493, 8.7702902326015], [20.4770230761578, 8.73782059369255], [20.6178188378731, 8.69606976156679], [20.7726941753108, 8.64503464882944], [20.7824355996766, 8.64054027305092], [20.8430920557193, 8.61255415663958], [20.8853307837847, 8.56150775323093], [20.8853307837847, 8.52437879260579], [20.8853307837847, 8.45475228276484], [20.861864823948, 8.4176129940695], [20.7914669435395, 8.33403659123448], [20.7524238598079, 8.30931210986595], [20.5835958255969, 8.15614798140907], [20.4217128590869, 7.94243065360437], [20.401932003243, 7.86940278516473], [20.4066251957493, 7.79036236195883], [20.431655553687, 7.72525903773802], [20.4617702018597, 7.68049467770895], [20.4738160896952, 7.67213812042854], [20.538034572452, 7.62758526136442], [20.6116643837419, 7.60838001041587], [20.6272052219875, 7.60432630264669], [20.7986916540935, 7.57342004445694], [20.833705671605, 7.56710934748751], [20.9228763202422, 7.5484996645441], [20.9745014333203, 7.50662495174253], [20.997967393157, 7.44147850285881], [20.9999749706118, 7.42555286319121], [21.0073537772714, 7.36701357364087], [20.9791946249283, 7.27857022516822], [20.9275695127485, 7.19942191407009], [20.8806375921768, 7.1342305729379], [20.8008533276539, 7.05039950314952], [20.7935777769464, 7.04690568103315], [20.6553643743305, 6.98052867953917], [20.5875000511454, 6.94152842251156], [20.566193724795, 6.92928343908382], [20.4911026527785, 6.89201067161703], [20.4282148830797, 6.84691778033794], [20.3925456191286, 6.81745635915019], [20.37167046525, 6.75334005636303], [20.3690796592919, 6.7475511544255], [20.3784660434063, 6.67763585724484], [20.4160115798636, 6.57973768027915], [20.5004890368928, 6.44917680875626], [20.6600575659386, 6.21128354262599], [20.7163758706247, 6.04796098291829], [20.7680009828045, 5.86124628800956], [20.8149329033762, 5.73517842644512], [20.8745044344059, 5.65614185747276], [20.9275695127485, 5.58572863011873], [21.0167401613857, 5.47361620152114], [21.0635871857733, 5.44105991598294], [21.1514743332106, 5.37997809822465], [21.6755207080574, 5.1739945325777], [22.2277971240012, 5.02396979554872], [22.3824590468802, 4.96418066360352], [22.5138684235828, 4.8940431353776], [22.672859988976, 4.78262335632088], [22.9163058654069, 4.61198380709295], [22.9409489003368, 4.59470835003327], [23.0911310452681, 4.42159755061697], [23.2460063827058, 4.23440528222806], [23.2882451116696, 4.14079203935663], [23.2694723434409, 3.93480427416328], [23.2672906994334, 3.93099538824909], [23.2589079410023, 3.91635994584665], [23.2131540387548, 3.8364738071088], [23.1495255622901, 3.80473027409364], [23.1099038134969, 3.78496283617104], [23.0758236989278, 3.77705447962792], [22.9080965554874, 3.73813202133766], [22.598345880612, 3.71003233086257], [22.302674781459, 3.72876555725464], [22.0398560271554, 3.75218153025786], [21.6925598158226, 3.81306011163454], [21.4725095350906, 3.85635316270734], [21.161687100911, 3.89179455509823], [21.1059108100229, 3.89266405003119], [20.9838878174346, 3.86925190093648], [20.8383988641113, 3.84115646879832], [20.6272052219875, 3.76623081235091], [20.401932003243, 3.65851391347145], [20.2376702816909, 3.5835727577821], [20.1507176435588, 3.54445807222899], [19.9680713337786, 3.48243369770153], [19.8809824832017, 3.44583170914888], [19.7550199388163, 3.3644704379732], [19.6947481970738, 3.29504353146404], [19.6620930468023, 3.24990243771888], [19.66122998141, 3.24870934532264], [19.6423610718863, 3.17163948382074], [19.6423610718863, 3.10312811264633], [19.6526532039454, 3.05174166506504], [19.662232501267, 3.02672335692463]]]}, "properties": {"OBJECTID": 331, "id": null, "Name": "Krazaaj Zasqa", "type": "Steep Hills", "continent": "Essos", "size": null, "Symbol": null, "Shape__Area": 881142887586.641, "Shape__Length": 4493025.980866071}}, {"type": "Feature", "id": 332, "geometry": {"type": "Polygon", "coordinates": [[[20.3293106218264, -16.6097452216734], [20.282708146707, -16.6735316689048], [20.202732371247, -16.7485000918726], [20.158958371157, -16.7764427461176], [20.1030009179239, -16.8300109938555], [19.9957549764008, -16.9748764216093], [19.9441218260958, -17.0657829730149], [19.8859771503173, -17.2694810466], [19.7911168852842, -17.6314581963418], [19.7310489820595, -17.8426309393633], [19.6426321232519, -18.1220524801788], [19.5542152644443, -18.2710761715502], [19.4087552710091, -18.430795778562], [19.1976956727971, -18.5714427360668], [18.9316980403161, -18.6827459064042], [18.7839518533474, -18.7143470469416], [18.626673654577, -18.7662503862628], [18.5081798498893, -18.8207360682012], [18.4848902571906, -18.8285609053866], [18.4107333019155, -18.8738378349718], [18.1320342998008, -19.0746421660525], [18.1234043366816, -19.084044096646], [17.9224540364189, -19.3280284064375], [17.8995738958267, -19.3902777843166], [17.8645481714705, -19.5883909248577], [17.8219409014749, -19.6604805954657], [17.6053456131909, -19.9152376840497], [17.351043307294, -20.1243065123304], [17.172184492381, -20.3179621165148], [17.1268562783904, -20.3521164764682], [17.0419635885959, -20.3720134677183], [16.9998911988766, -20.3712830794712], [16.895539176448, -20.332147924503], [16.8206882771076, -20.2753192448116], [16.6358180710606, -20.0646009426569], [16.4196402020413, -19.8989093406273], [16.2206641499397, -19.7117029465133], [15.9619952816687, -19.5680293651395], [15.8160795100078, -19.5180258605134], [15.603838387347, -19.4930183026175], [15.3982297995166, -19.5117743331193], [15.1793561420252, -19.5930253043949], [14.9604824845339, -19.6180173627367], [14.7681389672628, -19.5930253043949], [14.569162914263, -19.5305281882112], [14.4497772828224, -19.5180258605134], [14.2640663012802, -19.5242771452835], [14.0982529242294, -19.5805278191986], [13.8528491256194, -19.6617441141124], [13.7334634941788, -19.6929702107808], [13.5941802582468, -19.7554041273569], [13.4814271616367, -19.8427705636889], [13.3686740650266, -19.9176178447762], [13.3023487140266, -19.9861967473987], [13.2028606879758, -20.1108091507708], [13.1326993133204, -20.2483314150285], [13.0888001689282, -20.3054665361918], [13.0701019860209, -19.8367552411209], [13.0655165679924, -19.7215987131088], [13.0438126275344, -19.6725571303247], [12.9671738553014, -19.4992665420006], [12.809825514277, -19.0165012895475], [12.750819886842, -18.6255476567395], [12.6929238557511, -18.2076327924401], [12.7311513437648, -17.9532538833548], [12.7704884290209, -17.5973924510876], [12.7729531968531, -17.5304272794047], [12.7493246293735, -17.4491008776984], [12.6307857238686, -17.2907144497051], [12.5831064966086, -17.1814231493009], [12.5541344605616, -17.0152741290677], [12.4529548169992, -16.845884098204], [12.4333106137747, -16.8129790944486], [12.3603523704147, -16.7261976513462], [12.1447379633692, -16.574710227833], [12.0935275898814, -16.5178694676544], [12.0001115148895, -16.2153662733554], [11.9715185571126, -16.122682217946], [11.947293908933, -16.0848247244416], [11.8513559682912, -15.9866064052335], [11.6887185858258, -15.9024015654243], [11.4301714752084, -15.7531549009814], [11.3730893968166, -15.6825079454996], [11.3356002008971, -15.5922539428042], [11.3231914520773, -15.4954192091509], [11.3543533615981, -15.3151655566849], [11.4526960751875, -15.0684100849821], [11.6493815005697, -15.0304221743404], [11.6834255414919, -15.0375697359928], [12.1017579805656, -15.1253792345301], [12.5541344605616, -15.1253792345301], [13.1048536532486, -15.0304221743404], [13.7539155586266, -14.9354228385121], [14.4423145501591, -14.8974113208774], [14.95369665759, -14.8784030453055], [15.3273989670738, -14.6311436930362], [15.9174552450169, -14.478845203475], [16.4288373524478, -14.3836054622412], [16.9205509168015, -14.3454981803561], [17.2352475988502, -14.2502016447673], [17.4712701094885, -14.0022427991722], [17.7269611632039, -13.9449833257158], [18.1400005579438, -13.9258936729932], [18.3760230694804, -13.7731198442836], [18.5923770379397, -13.6584738442438], [18.8874051769112, -13.6202460955683], [19.4971299970332, -13.6393607430938], [19.7134839654926, -13.5628928877826], [19.9101693917731, -13.3907503643459], [19.9888435622853, -13.2376313048245], [20.0928386436273, -12.8768661068409], [20.2780601250864, -13.0917298712116], [20.8414114228071, -13.5124687146047], [21.0699421375877, -13.6644549205711], [21.0855654708208, -13.6830089023602], [21.1406079261566, -13.7275716058376], [21.2443417863972, -13.8139305611619], [21.3036182783482, -13.9218342442712], [21.2887991546867, -14.0871886458767], [21.2369322250156, -14.2093302765382], [21.2046241568204, -14.2604249256682], [21.053730150027, -14.5864246710582], [20.8414114228071, -15.1434292084304], [20.7975996243049, -15.2767645914877], [20.6897551892069, -15.6405641993615], [20.5835958255969, -16.1219258231862], [20.5810548779337, -16.1283333961484], [20.5009679359573, -16.3301841321808], [20.416238997361, -16.4907067215456], [20.3293106218264, -16.6097452216734]]]}, "properties": {"OBJECTID": 332, "id": null, "Name": "Bone Mountains", "type": "Desert Mountain", "continent": "Essos", "size": null, "Symbol": null, "Shape__Area": 536975306630.61304, "Shape__Length": 3373348.570541376}}, {"type": "Feature", "id": 333, "geometry": {"type": "Polygon", "coordinates": [[[14.198749090896, -24.7333510802397], [14.1616710538821, -24.7644333565661], [14.0932192926883, -24.7851505545086], [14.0276196870131, -24.7773820105479], [13.9937107122855, -24.772520744175], [13.9628349835563, -24.7548134823824], [13.9591679258193, -24.7514833532985], [13.8279687162656, -24.6219091732604], [13.7251651100107, -24.5526033602172], [13.6768044090981, -24.5103678380038], [13.6547147464301, -24.4975768641788], [13.5927138016646, -24.4723656040647], [13.5142314753645, -24.4662427495551], [13.5034846762956, -24.4671893713433], [13.403371710268, -24.4480041884159], [13.3630671690953, -24.4221021933844], [13.3435095221416, -24.4042932262774], [13.3316934449154, -24.3935324243977], [13.3174326610339, -24.3233792443381], [13.3373977586476, -24.2375837209316], [13.3637516871384, -24.194664245494], [13.3773279529768, -24.1725485729396], [13.4628926544691, -24.1283057322698], [13.5527355896885, -24.0990189631878], [13.6499747993081, -24.090799815458], [13.6774069774311, -24.0912171952324], [13.6796565664134, -24.09185895675], [13.7452561711903, -24.0996698533933], [13.8821596944762, -24.1048768526805], [13.9277941998427, -24.1074802737527], [13.9306463589546, -24.1081311209551], [13.9392028291039, -24.1100836410717], [13.9604079934752, -24.1131397004116], [14.0111405593516, -24.1316606276549], [14.0504369410438, -24.1621398705759], [14.0704020386576, -24.2271803279456], [14.0728633749254, -24.2922557903127], [14.0761063514915, -24.2999862141472], [14.090367135373, -24.3623580345638], [14.121740859553, -24.4221021933844], [14.1502624273159, -24.4740306543652], [14.1985526248518, -24.5643425046762], [14.2016012482113, -24.5700418301909], [14.2237965105359, -24.6625248097382], [14.2075432417947, -24.7173752201218], [14.198749090896, -24.7333510802397]]]}, "properties": {"OBJECTID": 333, "id": null, "Name": null, "type": "Forest", "continent": null, "size": null, "Symbol": null, "Shape__Area": 5135580951.255371, "Shape__Length": 296519.713321802}}]}