{"type": "FeatureCollection", "features": [{"type": "Feature", "id": 2, "geometry": {"type": "LineString", "coordinates": [[-65.9816163607876, 16.1089392208177], [-66.0049743700766, 15.9774563572655], [-65.9935657435104, 15.9006662635193], [-65.8680708467906, 15.8457982320081], [-65.7653932049999, 15.8238468396994], [-65.7197586969385, 15.72503611729], [-65.7197586969385, 15.571235237176], [-65.6741241897753, 15.4063208438449], [-65.594263801117, 15.2522826106685], [-65.5144034124586, 15.0540675511792], [-65.2976395005143, 14.8225834823982], [-65.103692843499, 14.6681229099319], [-64.8184771703609, 14.5577270904155], [-64.6017132584166, 14.3367700357282], [-64.373540719906, 14.0824001159956], [-64.1910026894569, 13.9385000589801], [-64.0312819121402, 13.9163536018488], [-63.9970560315433, 13.8388243148908], [-63.9628301509464, 13.6504315404085], [-63.8829697622881, 13.4951714159199], [-63.780292119599, 13.2842998484983], [-63.6319799697468, 13.1399134701798], [-63.5293023270578, 13.1399134701798], [-63.3581729231749, 13.1510231427552], [-63.3011297885472, 13.0621317005689], [-63.3011297885472, 12.9064947782568], [-63.2098607733227, 12.7730145063642], [-63.0615486234705, 12.5169807584642], [-62.8790105930214, 12.3944396586507], [-62.7763329503324, 12.3052826350278], [-62.7078811891385, 12.1826423387203], [-62.5253431577911, 11.9706758594719], [-62.4568913965973, 11.8255501224583], [-62.2857619927144, 11.557424036438], [-62.1716757234591, 11.4120814754755], [-62.023363573607, 11.2666644534153], [-61.9092773043517, 11.0875887699838], [-61.8522341697241, 10.8635900284824], [-61.7381479004688, 10.706690641098], [-61.5442012425552, 10.5945698219932], [-61.3616632112078, 10.4711895195371], [-61.1905338073249, 10.3140890694022], [-61.0422216574727, 9.92099731630666], [-60.9281353882175, 9.70740572888418], [-60.910459361441, 9.438618904017]]}, "properties": {"OBJECTID": 2, "id": 2, "name": "Green Fork", "size": 0, "continent": "Westeros", "S2": 0, "Type": null, "Shape__Length": 1014157.2341273688}}, {"type": "Feature", "id": 6, "geometry": {"type": "LineString", "coordinates": [[-60.910459361441, 9.438618904017], [-60.7341887303038, 9.15594227995843], [-60.5858765804517, 8.99822174074474], [-60.312069534778, 8.91933560494362], [-60.0953056228337, 8.91933560494362], [-59.855724457757, 8.89679357095961], [-59.6047346652158, 8.81788554123446], [-59.4678311419298, 8.72768429771597], [-59.3651534992407, 8.60362202869456], [-59.2510672299855, 8.58106086745794], [-59.1802464766401, 8.58843216066869], [-58.8912155875234, 8.44106893524097], [-58.378434956807, 8.32675919564884]]}, "properties": {"OBJECTID": 6, "id": 6, "name": "The Trident", "size": 0, "continent": "Westeros", "S2": 0, "Type": null, "Shape__Length": 325652.42442725145}}, {"type": "Feature", "id": 7, "geometry": {"type": "LineString", "coordinates": [[-65.7963885399175, 20.1736924879233], [-65.7094184879436, 20.1154971505997], [-65.5988908722285, 20.090964093067], [-65.5064495941858, 20.0947386595113], [-65.4401330260143, 20.1004003390269], [-65.3939123869929, 20.1136101285904], [-65.3275958179232, 20.1211580792053], [-65.2693176201542, 20.1230450093128], [-65.2070202376331, 20.1343661159631], [-65.1447228542137, 20.1381396353993], [-65.0804158784183, 20.1419130637027], [-64.9940033793002, 20.1419130637027], [-64.9497923335531, 20.1588923650285], [-64.9035716945318, 20.1834147604435], [-64.8694086133597, 20.2117050381162], [-64.819168788688, 20.2531881431436], [-64.7448138474193, 20.2833507163616], [-64.6684493137745, 20.2776956806425], [-64.6242382680275, 20.2418756670991], [-64.5317969899847, 20.1853009382385], [-64.4715091998396, 20.1683245114492], [-64.4272981540926, 20.1607788394191], [-64.3750487361465, 20.157005866992], [-64.3308376895012, 20.1683245114492], [-64.2946650159531, 20.1928454236561], [-64.2484443769317, 20.2286767370677], [-64.2142812957597, 20.2588440721614], [-64.1700702500126, 20.3003145865349], [-64.1278687966416, 20.3285835731456], [-64.0736097854212, 20.3530791830554], [-64.0093028096258, 20.3700354068173], [-63.9027943804594, 20.3719193169834], [-63.8364778113896, 20.3549633001591], [-63.7420269409708, 20.3248146735807], [-63.6917871154008, 20.290890443391], [-63.5852786871327, 20.2569587859445], [-63.5270004902619, 20.247532008107], [-63.4747510714176, 20.2456465845496]]}, "properties": {"OBJECTID": 7, "id": 7, "name": "Fever", "size": 0, "continent": "Westeros", "S2": 0, "Type": null, "Shape__Length": 281553.64860607026}}, {"type": "Feature", "id": 10, "geometry": {"type": "LineString", "coordinates": [[-73.5237676419065, 22.9624054822545], [-73.4484476234601, 23.1003252065606], [-73.3282146857722, 23.2256048979325], [-73.1518730455067, 23.2550654229423], [-73.0316401078188, 23.2771565453638], [-72.9194226999688, 23.3728423758749], [-72.8152208210585, 23.4905147919533], [-72.6468947097327, 23.5713537278044], [-72.5186462431051, 23.5860463766151], [-72.3583356607189, 23.5860463766151], [-72.2220716651517, 23.6080822664183], [-72.1018387283621, 23.7328822762806], [-71.9655747327949, 23.8648933117288], [-71.7810557662273, 24.0209591550167], [-71.6848017605393, 24.1353296669899], [-71.494630331896, 24.2539548303206], [-71.396472163707, 24.2455014461775], [-71.2762392269174, 24.2162640334505], [-71.1079131155916, 24.1358265599703], [-70.9075248867106, 24.0919302261195], [-70.6911055999503, 24.0626576447069], [-70.5788881921004, 24.08461270671], [-70.5067484298469, 24.150455324499], [-70.3624689053401, 24.1870199089879], [-70.0658943273867, 24.1797078300807], [-69.8655060985057, 24.2601176341521], [-69.8244634655629, 24.3435614378687], [-69.7292421038368, 24.4122580756209]]}, "properties": {"OBJECTID": 10, "id": 10, "name": " ", "size": 0, "continent": "Westeros", "S2": 0, "Type": null, "Shape__Length": 506441.0795455919}}, {"type": "Feature", "id": 11, "geometry": {"type": "LineString", "coordinates": [[-71.494630331896, 24.2539548303206], [-71.4766274557985, 24.3477794478189], [-71.5327361592743, 24.457271406786], [-71.4605963970208, 24.5302132403814], [-71.404487693545, 24.6614017476723], [-71.3804411058278, 24.719663560408], [-71.316316872514, 24.7415047149811], [-71.2121149936036, 24.7415047149811], [-71.1319597024106, 24.7706202864438], [-71.1239441734709, 24.8870142567248], [-71.0758509989347, 25.0105627649191], [-70.899509357771, 25.1267302992597], [-70.8033230078003, 25.2210351769801]]}, "properties": {"OBJECTID": 11, "id": 11, "name": " ", "size": 0, "continent": "Westeros", "S2": 0, "Type": null, "Shape__Length": 162547.54130929316}}, {"type": "Feature", "id": 14, "geometry": {"type": "LineString", "coordinates": [[-60.4776380948627, 21.6519036149695], [-60.568975556322, 21.6609452951681], [-60.5866740742182, 21.6652264071391], [-60.6642381938389, 21.6940574207712], [-60.6781788954082, 21.7100671244101], [-60.7099021055562, 21.7778390607385], [-60.7326164863172, 21.9535081192243], [-60.8045453591762, 22.0342431565808], [-60.8885583916951, 22.0965308008096], [-61.0102504125933, 22.1951559488897], [-61.1015194278179, 22.3218579714719], [-61.194475561791, 22.4582187091017], [-61.3449034687161, 22.5468219006617], [-61.4708338614991, 22.7238575595665], [-61.5314055435285, 22.7692443559724], [-61.5821171229632, 22.8346929845224], [-61.5762752169738, 22.8981501109312], [-61.4884620242406, 22.97901930378], [-61.4219117009575, 23.0402748171], [-61.3648685663299, 23.1364772094804], [-61.2983182421485, 23.2588168396753], [-61.26028948573, 23.4682806905725], [-61.2793038639393, 23.5728882826536], [-61.3173326203577, 23.6164502208434], [-61.4028973227483, 23.6425804357619], [-61.4979692137943, 23.6687054356284], [-61.5169835920035, 23.7122354982234], [-61.526490780659, 23.7644524043015], [-61.5074764024498, 23.851434018862], [-61.4694476460314, 23.9035949934299], [-61.4219117009575, 23.9557349298707], [-61.3458541881206, 23.9817969983645], [-61.2222607293116, 24.0165382200175], [-61.1997706048765, 24.0494029931371], [-61.1081744600564, 24.0859925022248], [-61.0321169472195, 24.1814307029926], [-61.0136618160887, 24.2375375146351], [-61.0035953803549, 24.2421269788324], [-60.927537867518, 24.2421269788324], [-60.907683074038, 24.2159741175115], [-60.7875037999085, 24.1954216740422], [-60.7467710390264, 24.2164741547501], [-60.7183797072167, 24.2941293259761], [-60.7373940854259, 24.4846221397932], [-60.832465976472, 24.5711146802594], [-60.9465522457272, 24.5711146802594], [-61.0718674784919, 24.5457860284279], [-61.1410487166122, 24.5595510576337], [-61.2317679188654, 24.6489069634403], [-61.3743757549853, 24.7439206329234], [-61.5930411048404, 24.9164867150881], [-61.8021992651417, 25.0371395904431], [-61.8592423997693, 25.1232476531834], [-61.916285534397, 25.2780892492163], [-61.916285534397, 25.4241473338668], [-62.0588933705169, 25.604327890768], [-62.0874149382798, 25.7328623736317], [-62.0303718036522, 25.8869204596648], [-61.8972711561877, 26.0236924655361], [-61.7831848869325, 26.1517716266957], [-61.650084239468, 26.2456071218402], [-61.650084239468, 26.3478867637037], [-61.6690986176772, 26.4330507937518], [-61.7166345627511, 26.552174760746], [-61.7071273740956, 26.6116904046429], [-61.6881129958864, 26.6881650219104], [-61.7166345627511, 26.7476098351616], [-61.7736776973787, 26.7900513975296], [-61.7926920755879, 26.8494429238881], [-61.7356489409603, 26.9172808097191], [-61.7356489409603, 26.9766055304351], [-61.7831848869325, 27.0274304208832], [-61.8592423997693, 27.0528342476106], [-61.887763966634, 27.1882241059228], [-61.8402280215601, 27.3318959716293], [-61.6595914281235, 27.4669466906741], [-61.5169835920035, 27.6186811686599], [-61.4599404573759, 27.6860513691298], [-61.4694476460314, 27.7028874313946], [-61.4979692137943, 27.7702056974471], [-61.4884620242406, 27.8290750389013], [-61.4789548355851, 27.896315206515], [-61.3363469985669, 28.005491407156], [-61.2412751075208, 28.047452839354], [-61.1462032164748, 28.0306702296854], [-61.0796528931917, 27.9299196387814], [-60.9465522457272, 27.9131187278106], [-60.8704947328904, 27.9551161082101], [-60.7944372200536, 28.0726218432521], [-60.708872517663, 28.1061713445151], [-60.6708437612445, 28.1229421623484], [-60.6328150048261, 28.1899991910838], [-60.6138006266169, 28.2486396101549], [-60.5472503033338, 28.3072477999061], [-60.4521784122878, 28.323987071463], [-60.2620346301957, 28.323987071463], [-60.1574555495959, 28.3825537613156], [-60.0718908481036, 28.4745217978763], [-59.9578045788483, 28.541357406043], [-59.8912542546669, 28.5914563058164], [-59.7866751749654, 28.6164968087907], [-59.6916032839194, 28.6331871610769], [-59.6060385815288, 28.724936630672], [-59.4729379340643, 28.824935203549], [-59.3294444399226, 28.8850420232349], [-59.3303300979444, 28.8748985203685]]}, "properties": {"OBJECTID": 14, "id": 14, "name": "White Knife", "size": 0, "continent": "Westeros", "S2": 0, "Type": null, "Shape__Length": 1358167.8644664362}}, {"type": "Feature", "id": 16, "geometry": {"type": "LineString", "coordinates": [[-60.1806304364159, 32.0713610318404], [-60.1506247754468, 32.0014116525154], [-60.0298517544403, 31.9740956516408], [-59.9412848724887, 31.9945834150619], [-59.8527179905372, 31.9467715180843], [-59.8285633866952, 31.871588251989], [-59.7158419009016, 31.810029005401], [-59.5789658103678, 31.810029005401], [-59.4903989284162, 31.8237123872964], [-59.3615743730952, 31.748428706914], [-59.3052136301985, 31.6593781124611], [-59.2810590254582, 31.5839608802146], [-59.2166467482469, 31.5290736132321], [-59.1763890739792, 31.474154069506], [-59.0636675881856, 31.4810207769136], [-59.0234099148162, 31.5222104351388], [-58.9428945671792, 31.5702420911316], [-58.8784822899679, 31.5359362870011], [-58.8301730813857, 31.4260730168787], [-58.7818638728034, 31.3779672976849], [-58.7013485260647, 31.3435909796008], [-58.5966785745857, 31.3435909796008], [-58.5403178307906, 31.3023228105406], [-58.4598024840518, 31.2541537609144], [-58.403441741155, 31.2403866576852], [-58.3470809982583, 31.1990733088312], [-58.2746171849358, 31.1784098658719], [-58.1860503029842, 31.1577419125713], [-58.1296895600874, 31.1232853043636], [-58.1377410953003, 31.0681287024773], [-58.1618956991422, 31.0198404165771], [-58.1377410953003, 30.9715276467126], [-58.0411226781358, 30.9439093647263], [-57.9686588657116, 30.8886488544209], [-57.984761935239, 30.833356441361], [-58.0250196086084, 30.7434383149491], [-58.11358649056, 30.646509461071], [-58.089431886718, 30.5286794094746], [-58.0652772828761, 30.4107062835168], [-58.0089165399793, 30.3134447464364], [-57.9203496580277, 30.2439130498173], [-57.8156797065487, 30.2717316396476], [-57.8076281713358, 30.3690346118193], [-57.7351643589116, 30.4245928902317], [-57.670752080802, 30.466240850565], [-57.5982882683778, 30.4870581559002], [-57.4614121787423, 30.4593007600161], [-57.3728452967907, 30.403762239609], [-57.3164845529956, 30.3412436252555], [-57.203763067202, 30.2925904110065], [-57.1151961852504, 30.2786850563749], [-57.0588354423537, 30.2856379796666], [-56.9541654908746, 30.3064937944588], [-56.8414440050811, 30.3898726694776], [-56.7770317269715, 30.3829271441627], [-56.7448255879166, 30.3412436252555], [-56.7367740536021, 30.250868435733], [-56.7367740536021, 30.2091287344346], [-56.7287225183892, 30.1464859785937], [-56.6482071716505, 30.1186319749975], [-56.5757433592263, 30.153448251623], [-56.4871764772747, 30.1743321202476], [-56.4147126648505, 30.1604100324359], [-56.4147126648505, 30.0838034216853], [-56.4791249420618, 30.0350228370268], [-56.5757433592263, 29.9862182288062], [-56.6240525669102, 29.9513430992389], [-56.6240525669102, 29.8815561392013], [-56.5596402896989, 29.7907600326864], [-56.4549703382199, 29.7138681553869], [-56.3583519210554, 29.6788978133974], [-56.2536819704747, 29.6928874110326], [-56.2053727618925, 29.7977472780597], [-56.1490120189957, 29.8885370353699], [-56.0604451370441, 29.9024973619349], [-55.9718782550925, 29.8326761823572], [-55.9316205808248, 29.7977472780597], [-55.8269506293458, 29.8187060848074], [-55.7625383521345, 29.8606105176478], [-55.6640321056375, 29.8282013505796], [-55.6615006244208, 29.8067408196062], [-55.6321476110651, 29.7247495636064], [-55.6417653311281, 29.6579097662531], [-55.5773530530184, 29.5599076839177], [-55.5370953796491, 29.5108709442638], [-55.5129407758071, 29.4618104381095], [-55.5370953796491, 29.4057122173272], [-55.6337137968135, 29.3425646983475], [-55.6900745397103, 29.2864007032036], [-55.6981260740249, 29.2372318630357], [-55.6900745397103, 29.1739800658356], [-55.6417653311281, 29.0684737467383], [-55.5129407758071, 28.9980761264181], [-55.43242542817, 28.9839908429477], [-55.2955493385345, 29.0332809379427], [-55.2069824565829, 29.04735950246], [-55.1264671089459, 28.9839908429477], [-55.1184155746313, 28.9064875091493], [-55.1828278518427, 28.8359796581326], [-55.3438585462185, 28.6948206205175], [-55.4404769633829, 28.6312368292343], [-55.5129407758071, 28.574685543728], [-55.6337137968135, 28.553470967138], [-55.7866929559765, 28.4756476263982], [-55.8430536988732, 28.3836006209826], [-55.8591567684006, 28.2772931765234], [-55.8188990950313, 28.1921707374657], [-55.6981260740249, 28.1566830243925], [-55.5693015187039, 28.1637815084607], [-55.4485284976975, 28.1282843800164], [-55.3760646852733, 28.0288298855346], [-55.3358070119039, 27.950622525359], [-55.3036008728491, 27.9221694258285], [-55.2069824565829, 27.8581225734774], [-55.191943901447, 27.7916237107677], [-55.204442974072, 27.7817722204089], [-55.3036008728491, 27.7441680521619], [-55.3519100814313, 27.6871460203086], [-55.3592146450276, 27.5900803137803], [-55.3532609176499, 27.5748699714757], [-55.2874978033217, 27.5230418605735], [-55.2134017565178, 27.4825973624686], [-55.0947498573232, 27.3907350593329]]}, "properties": {"OBJECTID": 16, "id": 16, "name": "Last River", "size": 0, "continent": "Westeros", "S2": 0, "Type": null, "Shape__Length": 1341639.3410230551}}, {"type": "Feature", "id": 17, "geometry": {"type": "LineString", "coordinates": [[-55.507434027657, 26.6554853495404], [-55.6256622616007, 26.698861711579], [-55.6820230044974, 26.727630408042], [-55.8672083036135, 26.8067068105453], [-56.004084393249, 26.8641823157582], [-56.1007028104135, 26.9431634639567], [-56.2456304352619, 27.0292616436464], [-56.3664034562683, 27.0866237979441], [-56.5757433592263, 27.1296261504735], [-56.7367740536021, 27.1726119733133], [-56.8494955393956, 27.2728478404884], [-56.9219593518198, 27.4373248658606], [-57.0185777689843, 27.6514921181779], [-57.0227939147523, 27.7018976768], [-57.1024149104722, 27.7564971061704], [-57.1755577675045, 27.8010209979953]]}, "properties": {"OBJECTID": 17, "id": 17, "name": "Weeping Water", "size": 0, "continent": "Westeros", "S2": 0, "Type": null, "Shape__Length": 249284.15604853834}}, {"type": "Feature", "id": 18, "geometry": {"type": "LineString", "coordinates": [[-61.5821171229632, 22.8346929845224], [-61.634872736182, 22.8091090073383], [-61.7318460651388, 22.803850660736], [-61.8174107675294, 22.8353976946416], [-61.8459323343941, 22.872193323249], [-61.880158214991, 22.9089789870528], [-61.9200884093202, 22.9877717940725], [-61.9999487979785, 23.0507729680574], [-62.0798091866368, 23.0612703013953], [-62.1425566349967, 23.092757386193], [-62.1767825155937, 23.1452194653019], [-62.1881911421598, 23.255322976883], [-62.1767825155937, 23.3077213088405], [-62.1140350672338, 23.3600990038769], [-62.011357425443, 23.3705720629871], [-61.9372013496186, 23.3967510916107], [-61.9029754690217, 23.4700248313139], [-61.9029754690217, 23.5484872823237], [-61.9231188265238, 23.6407841519122], [-61.9200884093202, 23.7157172763888], [-61.9600186036493, 23.7627121779407], [-62.0056531117107, 23.778373377269], [-62.0684005600706, 23.7627121779407], [-62.1311480075322, 23.7470490944663], [-62.1938954558921, 23.7627121779407], [-62.228121336489, 23.8044711831258], [-62.2395299639535, 23.8305637467999], [-62.2509385905197, 23.8827331268904], [-62.2509385905197, 23.9088099346088], [-62.2452342767875, 23.9765850061655], [-62.2338256502213, 24.0651601633873], [-62.2338256502213, 24.1380585327006], [-62.2338256502213, 24.2057126828141], [-62.2452342767875, 24.2577299169602], [-62.2908687848489, 24.3201225152123], [-62.3479119194765, 24.3772887710843], [-62.4163636806704, 24.4240419483188], [-62.473406815298, 24.4292356774582], [-62.5304499499256, 24.4084594789872], [-62.5989017120178, 24.4084594789872], [-62.6502405329131, 24.4188480061862], [-62.6901707272423, 24.4448155808529], [-62.7072836675408, 24.4863525743206], [-62.7415095481377, 24.5330653028957], [-62.7928483690331, 24.5434435509282], [-62.855595817393, 24.5486323522619], [-62.9069346382883, 24.5797606552978], [-62.9696820866482, 24.6212530285109], [-63.019620449287, 24.6191414735513], [-63.1065856099342, 24.6316239711533], [-63.1978546251587, 24.673099134294], [-63.2777150138171, 24.7508278902724], [-63.3575754024754, 24.8388617405812], [-63.4716616717307, 25.0095722281075], [-63.6713126424782, 25.1903698527857]]}, "properties": {"OBJECTID": 18, "id": 18, "name": " ", "size": 0, "continent": "Westeros", "S2": 0, "Type": null, "Shape__Length": 482186.52506166295}}, {"type": "Feature", "id": 19, "geometry": {"type": "LineString", "coordinates": [[-60.7408326180429, 1.20854934359878], [-60.898393060289, 1.18604562382822], [-61.0634563800101, 1.19354688455484], [-61.1985081871363, 1.14103763788535], [-61.2585312132244, 0.998507836316842], [-61.2885427258193, 0.885979900516451], [-61.3935830203506, 0.803457216704186], [-61.5736520968183, 0.795955069149571], [-61.6786923913496, 0.810959350482993], [-61.7987384417292, 0.870975907557815], [-61.8962758587855, 0.885979900516451], [-62.0013161533169, 0.84846980734139], [-62.06884205688, 0.780950734125599], [-62.1138593262215, 0.690923631638027], [-62.1663794730379, 0.608397283807787], [-62.2339053766011, 0.533372232441684], [-62.3464485495057, 0.465848899962581], [-62.3989686963222, 0.420832979429913], [-62.5190147476001, 0.28578377119352], [-62.6015464079098, 0.218258524771911], [-62.6990838240678, 0.188247200458101], [-62.8041241185991, 0.173241519316789], [-62.9016615347571, 0.210755698985765], [-63.0367133418833, 0.278280983722613], [-63.1342507589396, 0.28578377119352], [-63.2617996876925, 0.18074436188629], [-63.3743428605971, 0.120721546253556], [-63.4418687641602, 0.0381899733363194], [-63.5168975460966, -0.104364651623619], [-63.5244004244699, -0.171890355053303], [-63.4718802767551, -0.269427037000125], [-63.4493716425335, -0.366962937263614], [-63.4493716425335, -0.487005633129787], [-63.5168975460966, -0.547026211876887], [-63.6819608658177, -0.532021120447015], [-63.8245155513172, -0.509513416103167], [-64.0045846277849, -0.577036280252145], [-64.1396364349111, -0.682070219313685], [-64.2521796078157, -0.727084083763866], [-64.4172429275368, -0.86212287231622], [-64.5072774662198, -0.959647950917361], [-64.5973120040045, -1.04216701129538], [-64.6873465426875, -1.139686736004], [-64.7548724462506, -1.28971053574755], [-64.7548724462506, -1.41722385234802], [-64.7698782020989, -1.52972979313492], [-64.7848839588455, -1.64222983461929], [-64.8073925930671, -1.73972476334616], [-64.9199357659717, -1.80721831786823], [-65.0925019640661, -1.8372146534684], [-65.2500624063122, -1.82221654856942], [-65.3475998224702, -1.91220327116042], [-65.4451372386282, -2.06966855009301], [-65.5426746547862, -2.23461538237425], [-65.692732218659, -2.3545651563291], [-65.8202811483102, -2.45951275677588], [-66.0453674932211, -2.54946128452662], [-66.2179336913155, -2.61691856677836], [-66.3454826209667, -2.74432789948051], [-66.4055056461566, -2.84174943574887], [-66.4205114029031, -2.93916275015825], [-66.4280142803781, -3.066536519002], [-66.4580257938714, -3.14894679732827], [-66.5030430623146, -3.20138631767686], [-66.5780718442509, -3.29876684234933], [-66.7356322864971, -3.32123792644614], [-66.953215753933, -3.34370850001741], [-67.0807646826859, -3.37366846238307], [-67.0824519038424, -3.37337232219673], [-67.1257819520274, -3.39613782834424], [-67.343365418565, -3.50847674755147], [-67.5084287391844, -3.55340855870915], [-67.6734920589055, -3.60582623701326], [-67.7710294750635, -3.65824089442639], [-67.9285899173096, -3.77054763724543], [-68.0786474811824, -3.95020807627337], [-68.2662194351251, -4.04750802086513], [-68.5213172935292, -4.09241176053252], [-68.563108568955, -4.09899353111842], [-68.6563691006554, -4.19717731588435], [-68.7389007609651, -4.24955484469423], [-68.8739525680913, -4.31689214752456], [-68.9939986193692, -4.46650907756705], [-69.0690274013056, -4.60861691444792], [-69.1365533048687, -4.73574197875414], [-69.2791079903682, -4.85536776856712], [-69.3616396497796, -4.87779525782889], [-69.4591770668359, -4.90769741118927], [-69.5567144829939, -5.00487011408277], [-69.7667950720565, -5.176755526833], [-69.9318583917776, -5.26641642841072], [-70.1494418592135, -5.26641642841072], [-70.3970368392443, -5.25894517728699], [-70.5846087940853, -5.20664391738878], [-70.772180748028, -5.09455519263611], [-70.9321362712981, -4.92380274263333]]}, "properties": {"OBJECTID": 19, "id": 19, "name": "Mander", "size": 0, "continent": "Westeros", "S2": 0, "Type": null, "Shape__Length": 1529758.7103947983}}, {"type": "Feature", "id": 20, "geometry": {"type": "LineString", "coordinates": [[-64.8073925930671, -1.73972476334616], [-64.6723407859409, -1.73222532852809], [-64.4097400500618, -1.71722637086054], [-64.2296709735941, -1.72472586402413], [-64.1246306790628, -1.64972961719545], [-64.0195903845315, -1.61223042504305], [-63.877035699032, -1.5822305733589], [-63.7719954045007, -1.48472810028312], [-63.6069320838813, -1.37972063605304], [-63.4193601299386, -1.3272151440704], [-63.2392910534709, -1.3422168285046], [-62.9991989509151, -1.3647191836236], [-62.7290953366627, -1.43972549218181], [-62.4589917224103, -1.46972733163945], [-62.1738823514113, -1.55223028688694], [-61.9112816146338, -1.6047305030241], [-61.6261722436348, -1.58973057660465], [-61.4836175581353, -1.5672304838455], [-61.3785772636041, -1.45472646133113], [-61.2135139438829, -1.39472199477997], [-60.9659189638521, -1.37972063605304], [-60.7858498873844, -1.31971426721384], [-60.4782318821638, -1.2146996770394], [-60.2981628056961, -1.139686736004]]}, "properties": {"OBJECTID": 20, "id": 20, "name": "Blueburn", "size": 0, "continent": "Westeros", "S2": 0, "Type": null, "Shape__Length": 529273.6708060865}}, {"type": "Feature", "id": 21, "geometry": {"type": "LineString", "coordinates": [[-66.5780718442509, -3.29876684234933], [-66.4205114029031, -3.29876684234933], [-66.1954250570939, -3.32123792644614], [-66.0528703715944, -3.38864809732183], [-65.8803041735, -3.51596553366898], [-65.7302466096272, -3.64326558865977], [-65.6347669454259, -3.7238891602358], [-65.5783133266103, -3.7296375521497], [-65.515164102248, -3.72063529453345], [-65.4301314827799, -3.63577784225374], [-65.2950796747554, -3.55340855870915], [-65.1525249892559, -3.53094292445956], [-64.8223983498137, -3.53094292445956], [-64.6723407859409, -3.55340855870915], [-64.4922717094732, -3.64326558865977], [-64.4172429275368, -3.77803424266139], [-64.4022371716885, -3.92026732337185], [-64.4022371716885, -4.07744412600477], [-64.3722256590936, -4.18969452465914], [-64.3122026330055, -4.26451920075404], [-64.1996594601009, -4.25703705953746], [-64.0646076529747, -4.22710776594445], [-63.9820759935633, -4.29444703935786], [-63.884538576507, -4.32437370322304], [-63.787001160349, -4.30192881501723], [-63.7494867693808, -4.20466003628997], [-63.7419838910075, -4.10737911620526], [-63.6669551099694, -4.06247621184618], [-63.5694176929131, -4.04002382109977], [-63.4268630074136, -4.02505521455071], [-63.3143198354073, -4.04002382109977], [-63.2392910534709, -4.1148626888174], [-63.119245002193, -4.12234619021478], [-63.0067018292884, -4.08492797862205], [-62.8641471437889, -4.01757080802116], [-62.7140895808144, -3.99511717783361], [-62.6015464079098, -3.99511717783361], [-62.4890032350052, -4.01757080802116], [-62.353951427879, -4.03253955228593]]}, "properties": {"OBJECTID": 21, "id": 21, "name": "Cockleswent", "size": 0, "continent": "Westeros", "S2": 0, "Type": null, "Shape__Length": 578534.7017923763}}, {"type": "Feature", "id": 22, "geometry": {"type": "LineString", "coordinates": [[-68.5901133106995, 3.65811161502413], [-68.6281420671179, 3.30699576386892], [-68.5045486083089, 3.01272131506427], [-68.4402767575394, 2.70361817188792], [-68.3909311320711, 2.44481528820414], [-68.3785947263778, 2.17363500432796], [-68.3662583197862, 1.87774660773149], [-68.4032675386628, 1.58180810585787], [-68.4156039452544, 1.38449183048662], [-68.4032675386628, 1.16249150506161], [-68.3415855075012, 0.829459328714764], [-68.3249052964549, 0.756490398666034], [-68.3415855075012, 0.484063169629444], [-68.3415855075012, 0.18799484080054], [-68.3539219140929, -0.00938732101518335], [-68.5883136321475, -0.317795847375848], [-68.7610233199388, -0.515173035148771], [-68.7769578439594, -0.658576198044924], [-68.8037155633738, -0.680777894635227], [-68.8364381771231, -0.817110437593585], [-68.8139295429015, -1.00465860528955], [-68.7464036393384, -1.19219600788497], [-68.7088892483702, -1.33471599817618], [-68.7163921267435, -1.50722906341041], [-68.6563691006554, -1.73972476334616], [-68.6188547096872, -1.9047045545411], [-68.5888431970923, -2.03217819097749], [-68.6263575880605, -2.24211253596198], [-68.5963460754656, -2.36955816232878], [-68.5063115376809, -2.50448779225794], [-68.4462885115928, -2.6019283705102], [-68.3412482170615, -2.72933925856265], [-68.3037338260933, -2.89420379809898], [-68.3412482170615, -3.066536519002], [-68.3937683647763, -3.16392978904484], [-68.4418436655333, -3.26678610290278], [-68.4594377767356, -3.31092286632692], [-68.5141847932425, -3.33373994747006], [-68.6338604664338, -3.50098790142133], [-68.6263575880605, -3.68070338265585], [-68.6113518322122, -3.82295251325586], [-68.6179125215829, -3.91132015791434], [-68.6191330149487, -3.91886908595518], [-68.6563691006554, -4.19717731588435]]}, "properties": {"OBJECTID": 22, "id": 22, "name": " ", "size": 0, "continent": "Westeros", "S2": 0, "Type": null, "Shape__Length": 924975.4629515675}}, {"type": "Feature", "id": 25, "geometry": {"type": "LineString", "coordinates": [[-62.4096561886159, -13.2698088238533], [-62.4558708915699, -13.2265054660864], [-62.4447183270805, -13.0918124068233], [-62.433309699616, -12.9917832768417], [-62.4903528342436, -12.9139549601673], [-62.5588045963358, -12.8027296226272], [-62.5473959688713, -12.7248426555128], [-62.5245787148405, -12.6357997019093], [-62.5930304769327, -12.5578616530861], [-62.672890865591, -12.4798999813045], [-62.6957081187234, -12.3573413855391], [-62.8212030154432, -12.2904669881399], [-62.889654776637, -12.2124253673643], [-62.889654776637, -12.0562732214016], [-62.9466979112647, -11.9335183918417], [-63.0836014345506, -11.9781629736478], [-63.1748704497752, -11.9111933414291], [-63.2090963303721, -11.7101857007096], [-63.2661394649997, -11.4866724251467], [-63.4714947503779, -11.2965465894903], [-63.5855810196331, -11.083903864405], [-63.7004248947613, -11.0538485460308], [-63.7402579039532, -10.9748817494257]]}, "properties": {"OBJECTID": 25, "id": 25, "name": "Brimstone", "size": 0, "continent": "Westeros", "S2": 0, "Type": null, "Shape__Length": 338563.61545405246}}, {"type": "Feature", "id": 26, "geometry": {"type": "LineString", "coordinates": [[-53.1038827133873, -12.505727297591], [-53.4046963441484, -12.4228516913007], [-53.5025183924025, -12.433510204143], [-53.6476690024606, -12.4362499301635], [-53.8264322078812, -12.4551646669065], [-53.9060775398606, -12.4449089630265], [-54.1391806363182, -12.3414220225712], [-54.3090858915904, -12.2465597639521], [-54.4183106995136, -12.0864024993691], [-54.5032633275988, -11.9320863128211], [-54.6488964039314, -11.8014423964744], [-54.8612779736953, -11.7301557915068], [-55.3042452478771, -11.6766787425311], [-55.8139610154903, -11.7063894904814], [-56.0230427785682, -11.6978588211173], [-56.2277074768852, -11.6633383306138]]}, "properties": {"OBJECTID": 26, "id": 26, "name": "Greenblood", "size": 0, "continent": "Westeros", "S2": 0, "Type": null, "Shape__Length": 382950.9207653763}}, {"type": "Feature", "id": 27, "geometry": {"type": "LineString", "coordinates": [[-56.2245426618336, -11.6633383306138], [-56.5046377195616, -11.7286977478743], [-56.5146894040602, -11.7301557915068], [-56.648186390923, -11.7479791740677], [-56.7816833777858, -11.8073821124391], [-57.0001329918355, -11.8905245883792], [-57.1821743374758, -11.9439599220345], [-57.3763517734842, -12.0092554573695], [-57.5765972537784, -12.0804688990291], [-57.7465025090505, -12.1220013334792], [-57.9649521239986, -12.1160685244052], [-58.0923810656773, -12.0448645389769], [-58.2865585016857, -12.0151906319256], [-58.4928720262656, -12.0151906319256], [-58.7477299105213, -12.0211256756313], [-58.9601114802853, -11.9914491509641], [-59.1603569605794, -11.8667721790014], [-59.5365757413298, -11.516185871526], [-59.833909939179, -11.4626678214981], [-60.2222648102975, -11.2722996227884]]}, "properties": {"OBJECTID": 27, "id": 27, "name": "Vaith", "size": 0, "continent": "Westeros", "S2": 0, "Type": null, "Shape__Length": 481820.25668408314}}, {"type": "Feature", "id": 28, "geometry": {"type": "LineString", "coordinates": [[-56.276000546335, -11.6746084870099], [-56.4715170003262, -11.450919495675], [-56.6080503332734, -11.3717865335397], [-56.6436912077666, -11.3614533667412], [-56.6877190879255, -11.3157454779098], [-56.9062090893321, -11.2782505493826], [-57.0579102108487, -11.2722996227884], [-57.2338835113049, -11.2722996227884], [-57.555489888992, -11.3020530207953], [-57.7314631894483, -11.3674996174766], [-57.9074364908028, -11.3853460849952], [-58.1258861057509, -11.3437025897722], [-58.3382676755148, -11.3437025897722], [-58.4839007518474, -11.3080033304803], [-58.6416699176498, -11.1770680897255], [-58.7994390843504, -11.0520292633969], [-58.9025958470896, -10.9031040427603], [-59.0045525181013, -10.7600466619177], [-59.1392495957931, -10.7183332696325]]}, "properties": {"OBJECTID": 28, "id": 28, "name": "Scourge", "size": 0, "continent": "Westeros", "S2": 0, "Type": null, "Shape__Length": 366824.86158805055}}, {"type": "Feature", "id": 29, "geometry": {"type": "LineString", "coordinates": [[-61.6468706566763, -8.8109710285826], [-61.7010240314091, -8.82378114565086], [-61.7509111101267, -8.8300597533769], [-61.8292157712231, -8.81123302050705], [-61.9621379988991, -8.73929434580937], [-62.1235435620396, -8.70801232271795], [-62.2564657906139, -8.73616626139749], [-62.345080609364, -8.79872294950768], [-62.4336954281141, -8.84563353246191], [-62.5318046920191, -8.84876069262227], [-62.652067660387, -8.85814201364178], [-62.7881547040129, -8.83312462718098], [-62.8989232281243, -8.80810554309294], [-63.0729880505729, -8.78308476514552], [-63.2407232438166, -8.83312462718098], [-63.402128806957, -8.85501493322132], [-63.5572047399943, -8.89253813990238], [-63.6553140038992, -8.88941135256132], [-63.7597528970091, -8.89879163448108], [-63.9021695707382, -8.89879163448108]]}, "properties": {"OBJECTID": 29, "id": 29, "name": " ", "size": 0, "continent": "Westeros", "S2": 0, "Type": null, "Shape__Length": 260257.76776532494}}, {"type": "Feature", "id": 30, "geometry": {"type": "LineString", "coordinates": [[-60.1604110796441, -6.26224192488639], [-60.3808421023261, -6.28320119554585], [-60.5044357273235, -6.29883060459666], [-60.6433344753308, -6.32644191798058], [-60.7914931381352, -6.40006485708609], [-60.9859513848065, -6.48287797548106], [-61.1433699642047, -6.51967945040549], [-61.2452290458371, -6.50127904921281], [-61.4304273750164, -6.50127904921281], [-61.6248856216877, -6.58407552337475], [-61.8008240342732, -6.68525244599817], [-61.9582426145697, -6.67605540436762], [-62.1619607769364, -6.67605540436762], [-62.3934586890842, -6.72203887892599], [-62.6064367680446, -6.79560338010879], [-62.707914942437, -6.79560338010879], [-63.0046131761842, -6.71284253084368]]}, "properties": {"OBJECTID": 30, "id": 30, "name": " ", "size": 0, "continent": "Westeros", "S2": 0, "Type": null, "Shape__Length": 329821.49990872154}}, {"type": "Feature", "id": 32, "geometry": {"type": "LineString", "coordinates": [[-54.7048728700075, 1.68584355517411], [-54.7560682218672, 1.63672333829137], [-54.9842407603777, 1.47706157531485], [-55.0946432344855, 1.42612294140138], [-55.1450506057375, 1.40779859383845], [-55.2392025958815, 1.40152367984582], [-55.2466522903967, 1.39904118961066], [-55.2920904159572, 1.36451825695351], [-55.3036823141127, 1.32975217478098], [-55.3036823141127, 1.26035963906608], [-55.2922736875465, 1.16911114488883], [-55.2767392048816, 1.141931330019], [-55.2767392048816, 1.13301712094408], [-55.2862463944353, 1.0968966431422], [-55.2900492702569, 1.074083484007], [-55.3052607726446, 1.05317127184816], [-55.3318809015985, 1.02085212392358], [-55.3489938418969, 0.988532650247228], [-55.3508952798077, 0.9714222130705], [-55.3508952798077, 0.925793961458716], [-55.3451909669737, 0.882066334832243], [-55.3470924048845, 0.836436959552638], [-55.3585010314507, 0.790807054637641], [-55.372841274014, 0.747790205762683], [-55.3835427027711, 0.7014210568793], [-55.4491108260888, 0.577251067319032], [-55.4405858373987, 0.461852410064632], [-55.4862203445618, 0.176641458833398], [-55.5087146192136, 0.0796943929241415], [-55.5220246836906, 0.0302570342304491], [-55.546743375632, -0.0210817856812385], [-55.5733635054843, -0.0667162782435874], [-55.5942793216042, -0.0952378172266964], [-55.6113922619027, -0.114252163574553], [-55.6437167045888, -0.131365064499061], [-55.6893512126503, -0.144675090328113], [-55.7482957842903, -0.15228081642733], [-55.7977331681733, -0.144675090328113], [-55.8851993075763, -0.131365064499061], [-55.9650596962347, -0.118055031580833], [-56.0430186469823, -0.116153597641667], [-56.1304847863853, -0.13706936257787], [-56.181823608179, -0.154182247538105], [-56.2350638669851, -0.182703690853539], [-56.2730926234035, -0.211225089793607], [-56.3073185040004, -0.23784501409786], [-56.3489706052359, -0.296460398868545], [-56.3455774303542, -0.371108973353464], [-56.3304587374101, -0.393786507410551], [-56.293550060675, -0.48108700125116], [-56.2746904837488, -0.552750472264942]]}, "properties": {"OBJECTID": 32, "id": 32, "name": "Wendwater", "size": 0, "continent": "Westeros", "S2": 0, "Type": null, "Shape__Length": 370165.5907086258}}, {"type": "Feature", "id": 33, "geometry": {"type": "LineString", "coordinates": [[-55.4491108260888, 0.577251067319032], [-55.5132884534665, 0.589642929364933], [-55.6000554152192, 0.642246800097536], [-55.6960762802432, 0.659704013046442], [-55.8357429943937, 0.729532233492559], [-55.863762677899, 0.755308177608942], [-55.8871007454871, 0.769893178500324], [-55.9346366914592, 0.806017080104765], [-56.0144970792193, 0.847844354689387], [-56.1198831532697, 0.879456584558962], [-56.1849097775241, 0.892460354260272], [-56.2437656998187, 0.916980598056273], [-56.2634346354596, 0.93500535096356], [-56.3560822547265, 1.0381708154915]]}, "properties": {"OBJECTID": 33, "id": 33, "name": " ", "size": 0, "continent": "Westeros", "S2": 0, "Type": null, "Shape__Length": 115937.85801326261}}, {"type": "Feature", "id": 47, "geometry": {"type": "LineString", "coordinates": [[-41.552161226554, -2.70185340521657], [-41.4361777711142, -2.63116369031485], [-41.3432919330071, -2.55102612551184], [-41.2841827639558, -2.43291960388257], [-41.2208515112725, -2.33589577177814], [-41.0815227541117, -2.23886523629416], [-40.9717485823749, -2.19245704077699], [-40.9253056642196, -2.13338998588499], [-40.9126394133236, -2.00681016877362], [-40.8801408636607, -1.86212644436836], [-40.8454916726474, -1.83325328530502], [-40.7346457164534, -1.73085745272618], [-40.6445833776073, -1.66634473706069], [-40.5833168981131, -1.62279400231498]]}, "properties": {"OBJECTID": 47, "id": 47, "name": " ", "size": 0, "continent": "Essos", "S2": 1, "Type": null, "Shape__Length": 170162.30637963692}}, {"type": "Feature", "id": 58, "geometry": {"type": "LineString", "coordinates": [[-33.420962806136, -7.54902274848576], [-33.2054153559185, -7.44201737293885], [-33.1221053215848, -7.44673781991915], [-32.9091442863603, -7.41657037313801], [-32.7266062550129, -7.35622928363212], [-32.6809717478498, -7.20534080647678], [-32.6809717478498, -7.06949818100226], [-32.6809717478498, -6.81279815538887], [-32.5288567221761, -6.70705789682615], [-32.3158956860533, -6.66173359657512], [-32.0420886394813, -6.66173359657512], [-31.9356081218691, -6.60129468550541], [-31.9356081218691, -6.51062250445848], [-31.9660311266445, -6.29899077427674], [-31.9508196242568, -6.13264800070561], [-31.7226470857463, -5.98138221933767], [-31.5248975520112, -6.02676639536574], [-31.3575710239498, -5.98138221933767], [-31.2510905063375, -5.83007458374618], [-31.1293984854393, -5.572758502758], [-30.9164374493164, -5.49705560453646], [-30.7186879164796, -5.51219695836926], [-30.5969958955814, -5.42134307910495], [-30.5513613884183, -5.22444639847325], [-30.5057268803568, -5.01233467155085], [-30.4905153779691, -4.76983707942671], [-30.5209383827445, -4.64855588671065], [-30.6122073979691, -4.45142965994317], [-30.6274189012551, -4.2997580424114], [-30.4600923722954, -4.16322774198111], [-30.3231888499077, -4.16322774198111], [-30.1102278137849, -4.20874051164152], [-29.9429012857235, -4.26942006224233], [-29.714728747213, -4.48176026779534], [-29.4713447054165, -4.52725381600464], [-29.2279606645182, -4.26942006224233], [-29.2127491621305, -4.04184756578666], [-29.3496526854165, -3.89009685436711], [-29.4104986958657, -3.73831880772359], [-29.3648641878042, -3.60169607030113], [-29.1975376597428, -3.58651448619695], [-28.98457662362, -3.57133264995583], [-28.7868270898849, -3.5409682244133], [-28.6955580746604, -3.38913133225848], [-28.5890775570481, -3.20689569646619], [-28.4217510289867, -2.91829024098444], [-28.2240014952516, -2.50804094888779], [-28.0154729506582, -2.42702171316817], [-27.8975392473467, -2.43322316804724], [-27.7220219101691, -2.53843445663575], [-27.5785991709325, -2.58402337632477], [-27.5058365887263, -2.58402337632477], [-27.3417343459849, -2.3712615460439]]}, "properties": {"OBJECTID": 58, "id": 58, "name": "Selhoru", "size": 0, "continent": "Essos", "S2": 1, "Type": null, "Shape__Length": 1182669.018219476}}, {"type": "Feature", "id": 62, "geometry": {"type": "MultiLineString", "coordinates": [[[-36.3595822955792, -2.83595170368871], [-36.5263575392288, -2.70005457558383], [-36.7014715463186, -2.60937725642526], [-36.8182142174123, -2.52771342395141], [-36.8182142174123, -2.35514307870858], [-36.7848591681434, -2.21874121521053], [-36.8098754548705, -2.05486991241289], [-36.9016018392371, -1.9819719483805]], [[-36.3595822955792, -2.83595170368871], [-36.4346311548622, -2.66379125832898], [-36.3429047704956, -2.46416155841894], [-36.2261620994018, -2.26422440813407], [-36.2845334353979, -2.00020026505799], [-36.2511783861289, -1.85430227513575], [-36.142774477577, -1.68997165454017], [-36.1677907643042, -1.54372610240756], [-36.2845334353979, -1.39731668633346]], [[-34.1770294023829, -4.51664738557943], [-34.3466312786173, -4.50450739806728], [-34.5291693090664, -4.51967175625941], [-34.7877648532506, -4.44384681300959], [-34.8942453708629, -4.26183537903491], [-34.9855143860874, -4.04943436515959], [-35.0767834022103, -3.98873799264903], [-35.213686924598, -3.83697759334653], [-35.2441099302717, -3.74590834326069], [-35.3201674431085, -3.53337696277365], [-35.5331284792313, -3.42709283112417], [-35.7613010177419, -3.45746094712316], [-36.0378873395135, -3.40377665088858], [-36.2428396244855, -3.20667740773518], [-36.3595822955792, -2.83595170368871]]]}, "properties": {"OBJECTID": 62, "id": 62, "name": "Lhorulu", "size": 0, "continent": "Essos", "S2": 1, "Type": null, "Shape__Length": 653455.5987401182}}, {"type": "Feature", "id": 63, "geometry": {"type": "LineString", "coordinates": [[-35.6243974944559, 1.499217532264], [-35.8392171646645, 1.46920090611207], [-36.0399420848089, 1.3955913259496], [-36.1917475878666, 1.41582596838667], [-36.3240838094485, 1.48060575292546], [-36.5237347801961, 1.46920090611207], [-36.7500486846208, 1.31673469021959], [-37.0847017407436, 1.33194212929465], [-37.57146982254, 1.60565895072878], [-37.8756998738874, 1.78811685554525], [-37.9973918947857, 2.13777556632625], [-38.0886609100102, 2.41136662174946], [-38.2711989413576, 2.51774863090681], [-38.4537369718067, 2.57853447509498], [-38.5450059870312, 2.71529190234022], [-38.575428992705, 2.86722641068399], [-38.6210634998681, 3.07990058740889], [-38.7579670231541, 3.14065696593716], [-38.9405050536032, 3.14065696593716], [-39.0013510640523, 3.27734578942909], [-38.9969108802491, 3.33053943747011], [-39.0651471796237, 3.43531640278245]]}, "properties": {"OBJECTID": 63, "id": 63, "name": "Rhoyne", "size": 0, "continent": "Essos", "S2": 1, "Type": null, "Shape__Length": 524697.97972002}}, {"type": "Feature", "id": 64, "geometry": {"type": "LineString", "coordinates": [[-39.0651471796237, 3.43531640278245], [-39.1902286123609, 3.53988340913932], [-39.3945282865504, 3.62549829780901], [-39.5071015772715, 3.6588075820529], [-39.6738768209211, 3.61122539404954], [-39.8114663974711, 3.56841569713859], [-39.9824110232899, 3.6683260234096], [-40.1742025536666, 3.89220176425627], [-40.3069731663839, 4.00704890619531], [-40.8571543778102, 4.0818867708879], [-41.054903910647, 4.18809009754415], [-41.2982879515452, 4.33978404363293], [-41.3591339619944, 4.53694046005154], [-41.3591339619944, 4.73404305731083], [-41.4504029772189, 4.91593414565176], [-41.5264604900558, 5.0068611837247], [-41.6177295061786, 5.08262406954644], [-41.8763250494645, 5.14322796995928]]}, "properties": {"OBJECTID": 64, "id": 64, "name": "Little Rhoyne", "size": 0, "continent": "Essos", "S2": 1, "Type": null, "Shape__Length": 408275.98853017366}}, {"type": "Feature", "id": 65, "geometry": {"type": "LineString", "coordinates": [[-39.0651471796237, 3.43531640278245], [-39.0546963601697, 3.60217128262749], [-39.1230430849506, 3.70247702046034], [-39.1230430849506, 3.82390662986796], [-39.0469855721137, 4.05154036608847], [-39.1230430849506, 4.23360141841304], [-39.0774085768891, 4.44595173746372], [-39.0621970745014, 4.61275564717428], [-39.2447351049505, 4.73404305731083], [-39.3816386282365, 4.82499469377398], [-39.5033306491348, 5.02201446714986], [-39.7162916852576, 5.15837804602097], [-39.8684067109313, 5.40072937015121], [-39.9140412180944, 5.56728996967139], [-40.020521736605, 5.64298381908934], [-40.203059767054, 5.7186677889978], [-40.4160208031769, 5.77920776398851], [-40.5377128231768, 5.94565911458682], [-40.598558833626, 6.05155657667769], [-40.6898278488505, 6.18767992168937], [-40.8723658801979, 6.30864904772298], [-41.054903910647, 6.45982069511935], [-41.2374419419944, 6.5353896534767], [-41.4960374852803, 6.77713296173465], [-41.6329410085663, 6.94326146571219], [-41.7089985214032, 7.21498099480494], [-41.7089985214032, 7.44128965148128], [-41.8611135470768, 7.72777932688858], [-41.8306905414031, 8.01407474532386], [-41.8763250494645, 8.34532279697549], [-41.8611135470768, 8.48075307749902], [-41.8763250494645, 8.64621410295327], [-41.90674805424, 8.82663416284031], [-41.9980170703628, 9.05203503314954], [-42.1349205927505, 9.27729472318579], [-42.4087276393224, 9.59241465242319], [-42.5152081569347, 9.93720990796924], [-42.7283306463652, 10.1561883180011]]}, "properties": {"OBJECTID": 65, "id": 65, "name": "Upper Rhoyne", "size": 0, "continent": "Essos", "S2": 1, "Type": null, "Shape__Length": 934994.7773881466}}, {"type": "Feature", "id": 66, "geometry": {"type": "LineString", "coordinates": [[-35.6243974944559, 1.499217532264], [-35.6548204992313, 2.07697071072114], [-35.8221470272927, 2.42656456933586], [-35.8982045401295, 2.532945360251], [-35.943839048191, 2.77606805787828], [-35.943839048191, 2.97356862485371], [-36.0198965610278, 3.14065696593716], [-36.0959540738646, 3.32290462015869], [-36.1568000843138, 3.53548422146657], [-36.2328575971506, 3.73283600527212], [-36.263280601926, 3.85426136680367], [-36.2024345914769, 4.05154036608847], [-36.0655310690892, 4.23360141841304], [-35.943839048191, 4.41561965565668], [-35.7765125201296, 4.47628257169401], [-35.7156665096804, 4.68856274108537], [-35.7004550072927, 4.87046595711591], [-35.7613010177419, 5.08262406954644], [-35.8909111830165, 5.25864592430255], [-35.8855493286301, 5.33180152864543], [-35.7917240225173, 5.41587315574291], [-35.7004550072927, 5.43101656186463], [-35.5787629863945, 5.46130223239931], [-35.5787629863945, 5.58242952345795], [-35.5787629863945, 5.76407337473956], [-35.5787629863945, 5.91539893698966], [-35.7075271695384, 6.16216981354674], [-35.8465025815688, 6.36575283744034], [-35.8245590954587, 6.55472203988951], [-35.7806721232386, 6.70003435873009], [-35.7733576278686, 6.89613716494173], [-35.7953011139786, 7.03408692755307], [-35.934276526009, 7.24456257461034], [-36.0001069834408, 7.49120181443159], [-36.0293649649208, 7.65071783926189], [-36.0439939556609, 7.88987968492185], [-36.0513084510309, 8.09993820986829], [-35.9854779927008, 8.27369702352811], [-35.8830750584188, 8.38225748687947], [-35.8026156093486, 8.52695757118666], [-35.7953011139786, 8.66437193424454], [-35.8830750584188, 8.81619252826024], [-36.0147359741808, 8.97517576172592], [-36.2707433121314, 9.1990791086866], [-36.519436154712, 9.43005656917497], [-36.680355051954, 9.75460630873641]]}, "properties": {"OBJECTID": 66, "id": 66, "name": "Noyne", "size": 0, "continent": "Essos", "S2": 1, "Type": null, "Shape__Length": 1052157.481116845}}, {"type": "Feature", "id": 67, "geometry": {"type": "LineString", "coordinates": [[-36.2024345914769, 4.05154036608847], [-36.3241266123752, 4.12740422354116], [-36.4153956275997, 4.26394081354814], [-36.5522991508857, 4.35495177953079], [-36.7044141765594, 4.38528633382711], [-36.7956831917839, 4.6734019753725], [-36.8108946941716, 4.71888328266108], [-36.9477982174576, 4.82499469377398], [-37.0694902383559, 5.02201446714986], [-37.3432972840295, 5.21897472437167], [-37.5562583201523, 5.55215002593772], [-37.6018928282137, 5.76407337473956], [-37.6018928282137, 6.00617446936987], [-37.6323158329892, 6.15743329223407], [-37.7844308586628, 6.23304661848077], [-37.8300653667243, 6.41447389375458], [-37.8275301161766, 6.43714780059277], [-37.7692193562751, 6.61094719523803], [-37.6931618434383, 6.77713296173465], [-37.708373345826, 6.91306060477097], [-37.7540078538874, 7.04894916099888]]}, "properties": {"OBJECTID": 67, "id": 67, "name": " ", "size": 0, "continent": "Essos", "S2": 1, "Type": null, "Shape__Length": 419305.8085139751}}, {"type": "Feature", "id": 71, "geometry": {"type": "LineString", "coordinates": [[-23.0583386405061, -23.4750762303454], [-23.1296352098978, -23.4395386694613], [-23.1588208778959, -23.3321524216712], [-23.2130228317227, -23.1247633442649], [-23.2964104544458, -23.0863163942874], [-23.4882019848225, -23.0209267189448], [-23.6299609426433, -22.9477996000669], [-23.58409775046, -22.8014041007231], [-23.5799283691891, -22.5660059813616], [-23.6549772293705, -22.3649533709802], [-23.7091791840956, -22.2875307452048]]}, "properties": {"OBJECTID": 71, "id": 71, "name": " ", "size": 0, "continent": "Essos", "S2": 0, "Type": null, "Shape__Length": 183069.0877975105}}, {"type": "Feature", "id": 72, "geometry": {"type": "LineString", "coordinates": [[-26.01386307792, -21.0881417364625], [-26.0689840954191, -21.1542746352208], [-26.0773228579609, -21.2324654549422], [-26.2190818157817, -21.2871671872766], [-26.402534584515, -21.341842722765], [-26.4859222063398, -21.423806956972], [-26.4984303501525, -21.5602833451228], [-26.5776485907064, -21.7355134773843]]}, "properties": {"OBJECTID": 72, "id": 72, "name": " ", "size": 0, "continent": "Essos", "S2": 1, "Type": null, "Shape__Length": 110548.45913274956}}, {"type": "Feature", "id": 74, "geometry": {"type": "MultiLineString", "coordinates": [[[-43.7523171620032, 13.7925624438006], [-43.8137884187547, 13.8805943136419], [-43.8477241363283, 13.9876398726259], [-43.9410473605541, 14.1193198583584], [-44.0683063023535, 14.2509237642185], [-44.1446616677925, 14.3413569785601], [-44.1955652441529, 14.5303264864505], [-44.1785973853661, 14.628855323716], [-44.1767724075607, 14.7921592033984]], [[-43.7523171620032, 13.7925624438006], [-43.8035406437077, 13.641767367024], [-43.8227494496837, 13.5069783852897], [-43.7459142266778, 13.3643974270251], [-43.7395112913525, 13.2377768676675], [-43.7587200964302, 13.0717559551107], [-43.7034973357421, 12.8901924924109], [-43.5932062518312, 12.8074775672634]], [[-42.2542454522638, 12.247250420917], [-42.2828944622195, 12.3200325518475], [-42.3206168320406, 12.4432115035296], [-42.3884882680861, 12.6005718104915], [-42.5242311392789, 12.7826577873415], [-42.6260382928981, 13.0307450817285], [-42.8381365295299, 13.2620692387029], [-43.0332669073749, 13.4024089833763], [-43.2208735362875, 13.4594357691935], [-43.406558658926, 13.4990535304108], [-43.5026026870096, 13.530755555743], [-43.5858408453408, 13.6179719551447], [-43.6946907440751, 13.7528643209334], [-43.7523171620032, 13.7925624438006]], [[-43.5932062518312, 12.8074775672634], [-43.5547886398791, 12.6657765002889], [-43.5355798348014, 12.461343418378], [-43.5739974458552, 12.3592359559429]], [[-43.5932062518312, 12.8074775672634], [-43.4715504824462, 12.7051239135059], [-43.3627005828136, 12.6107082029064], [-43.2922682951331, 12.5084944623309], [-43.2858653598078, 12.4377737055077]], [[-41.7202014068198, 11.9088199517721], [-41.896420358777, 12.036949941179], [-41.9812596536094, 12.1282057590575], [-42.0576150181501, 12.1945540281092], [-42.2542454522638, 12.247250420917], [-42.3612017553797, 11.9727382692647], [-42.4013103685991, 11.8830408892772], [-42.4165898402161, 11.8026618803761], [-42.4471487834502, 11.7484394642193]]]}, "properties": {"OBJECTID": 74, "id": 74, "name": " ", "size": 0, "continent": "Essos", "S2": 1, "Type": null, "Shape__Length": 752569.5630365042}}, {"type": "Feature", "id": 89, "geometry": {"type": "LineString", "coordinates": [[43.3058622514944, -8.8841968276002], [43.5329915306514, -8.8962587835661], [43.7018979662271, -9.01543535299461], [43.8145022560121, -9.08692245479964], [44.0397108364803, -9.09486458787498], [44.1844877815162, -9.14251367847707], [44.281005744574, -9.27748470249543], [44.160358290078, -9.42827319698791], [44.0155813459404, -9.49174344224908], [43.7662432749323, -9.38066284594412], [43.6134231660837, -9.30129774958848], [43.4606030581334, -9.31717221469432], [43.3801714218027, -9.42033859347672], [43.3158261130975, -9.4838103025753], [43.1147470240675, -9.52347416212883], [42.8814952797865, -9.53140638209892], [42.7849773167287, -9.57899582291244], [42.7688909891033, -9.69001186003964], [42.8412794616212, -9.78513925396294], [42.9860564066571, -9.92777920818049], [43.1067038602548, -10.0941139058434], [43.2112649871253, -10.1337047926114], [43.3158261130975, -10.1574569787606], [43.3560419312629, -10.1891238159083], [43.4284304037808, -10.3632349466223], [43.3721282588883, -10.4739826873165], [43.2675671320178, -10.6005030701718], [43.1308333507946, -10.6400299994127], [43.0182290610097, -10.6716478554833], [42.937797424679, -10.6716478554833], [42.8332362978085, -10.6479347713487], [42.7367183347506, -10.51352588571], [42.7447614985634, -10.3632349466223], [42.6884593536709, -10.2841054177818], [42.6321572087784, -10.260362685243], [42.5597687362605, -10.315759617376], [42.4712939370154, -10.4581639946092], [42.3506464825194, -10.5767844618531], [42.2460853565471, -10.6637436990877], [42.1013084115113, -10.6479347713487], [41.9806609579136, -10.5767844618531], [41.876099831043, -10.5767844618531], [41.7816308442999, -10.6200111778786], [41.783117760911, -10.63147342386], [41.7795818679852, -10.6321250225869], [41.6911070687401, -10.8296876373949], [41.6428480867621, -11.0271200228627], [41.5704596142441, -11.0981633667712], [41.393510015754, -11.1534073624629], [41.2487330707181, -11.2086408582678], [41.1522151076603, -11.2875275411665], [41.1280856171204, -11.3900478065677], [41.1119992903932, -11.5240569788871], [41.0637403084152, -11.6186132727462], [40.8707043822995, -11.7761356986407], [40.7420137648891, -11.9414371114525], [40.6937547838094, -12.0594479122443], [40.6696252923712, -12.2638767328072], [40.5168051844209, -12.4995591185033], [40.3961577308232, -12.6565616533593], [40.1789923132694, -12.7977814149411], [39.9537837328011, -12.8213103808935], [39.6320571892751, -12.8369951374515], [39.3505464639144, -12.8762027451983], [39.1575105377987, -13.0016257954537], [39.0127335936612, -13.1896413885271], [38.9242587935178, -13.4713932809615], [38.9001293029779, -13.8074952526044], [38.9805609393086, -14.1275141177815], [39.0770789023664, -14.3380134900572], [39.2379421741294, -14.5327442895274], [39.3907622820797, -14.6105887303421], [39.5677118805699, -14.6572821751801], [39.7527046437711, -14.641718797472], [40.0020427147792, -14.5405299702636], [40.2031218047076, -14.5405299702636], [40.4122440575504, -14.6028055248708], [40.5087296947327, -14.6868214017841], [40.5563644841322, -14.7051905672771], [40.5811504931261, -14.7428609583299], [40.7500569287018, -14.8517307589987], [41.0637403084152, -14.8439561584614], [41.321121543236, -14.8517307589987], [41.4417689968337, -14.9760862290567], [41.4980711426245, -15.0926039585802], [41.4980711426245, -15.2090578212592], [41.4739416511863, -15.3176900783442], [41.3613373614013, -15.4572772204213], [41.294590939485, -15.5144534694323], [41.2270299010145, -15.5907677662716], [41.2165604163655, -15.6200100614021], [41.2326467439909, -15.9064149221226], [41.2165604163655, -16.1074290482205], [41.2246035801782, -16.3622690892835], [41.2165604163655, -16.5396886052865], [41.1119992903932, -16.7246482045546], [40.9109202004649, -16.8555529119331], [40.7339706010764, -16.886340882732], [40.5891936569388, -16.9940591852099], [40.2674671134128, -17.3245200098515], [39.9457405698867, -17.7463361121646], [39.7285751523329, -18.0295466983802], [39.5918413720081, -18.3428430371376], [39.5033665718647, -18.5488510390347], [39.2781579913964, -18.7698423261568], [39.0288199203883, -18.9372980699629], [38.8438271580854, -19.1501807796729], [38.7070933768623, -19.3931392547107], [38.6829638863224, -19.6281599853774], [38.7231797035894, -19.8552725638398], [38.7794818493802, -20.1424820880574], [38.7875250131929, -20.3462320656589], [38.7875250131929, -20.5572448862272], [38.7392660312149, -20.7228366229171], [38.6588343948842, -20.9483518355244], [38.6025322499917, -21.0759933698899], [38.6266617405316, -21.2335169800632], [38.6186185776172, -21.525614103723], [38.6105754138045, -21.7499056586718], [38.6105754138045, -21.854455535041], [38.4255826515015, -22.0185936074654], [38.2814264396321, -22.1142795798771]]}, "properties": {"OBJECTID": 89, "id": null, "name": null, "size": null, "continent": "Essos", "S2": null, "Type": null, "Shape__Length": 2583111.62535823}}, {"type": "Feature", "id": 92, "geometry": {"type": "LineString", "coordinates": [[40.6088951762718, 3.81879924105685], [40.5637991471378, 3.74896156170618], [40.5555557524415, 3.62830893578489], [40.5635532162607, 3.47664914969574], [40.5235658971643, 3.33294893889339], [40.475581115147, 3.20519776823022], [40.4515887236891, 3.02152767174565], [40.4515887236891, 2.88575143088606], [40.4355937960506, 2.78989956663817], [40.3876090131349, 2.71800552528861], [40.2596495920264, 2.59018339425922], [40.0917028527198, 2.46234836092748], [40.0357206059848, 2.23860791998878], [40.0677104612619, 2.07877220612903], [40.0917028527198, 1.91892030701557], [40.0917028527198, 1.8469820023669], [39.8357840114011, 1.63914427319811], [39.6598398073769, 1.57518973465563], [39.4599032127932, 1.50323853618581], [39.3959235022389, 1.45526974619266], [39.3523188893773, 1.41366020582444], [39.2757992957347, 1.10456682023687], [39.2599666182095, 0.951542279741229], [39.2679640820288, 0.399757778535049], [39.2599666182095, 0.127847146879888], [39.1240097332817, -0.0400994839607901], [38.8440985005052, -0.264027538831512], [38.6521593688425, -0.38398755608167], [38.6412107767198, -0.387428464027976], [38.4522227742587, -0.527937307740271], [38.3322608178678, -0.727861795920408], [38.3002709625907, -0.943770215397278]]}, "properties": {"OBJECTID": 92, "id": null, "name": null, "size": null, "continent": "Essos", "S2": null, "Type": null, "Shape__Length": 649325.1405658815}}, {"type": "Feature", "id": 93, "geometry": {"type": "LineString", "coordinates": [[40.0917028527198, 1.8469820023669], [40.5635532162607, 1.2633847203958], [40.5635532162607, 1.04749723175782], [40.3476216940385, 0.631674675115442], [40.3476216940385, 0.391760505504169], [40.363616621677, 0.223816248683804], [40.4675836513277, -0.120074037534787]]}, "properties": {"OBJECTID": 93, "id": null, "name": null, "size": null, "continent": "Essos", "S2": null, "Type": null, "Shape__Length": 245244.19006426827}}, {"type": "Feature", "id": 94, "geometry": {"type": "LineString", "coordinates": [[35.5370415801348, 8.09770944464713], [35.3027267955978, 7.61895292338722], [35.2221246733992, 7.54140510518211], [35.0364692643354, 7.42812910046365], [34.8579544466841, 7.3998055186929], [34.7508455566323, 7.34315290722229], [34.5366277765287, 7.18732116233693], [34.4438000719968, 7.02434900961424], [34.4723624430366, 6.81169096582779], [34.5866119253992, 6.40738321302845], [34.6080337032299, 6.25834584194422], [34.5080654063872, 5.96014451839942], [34.4009565163354, 5.73993910295211], [34.1867387353334, 5.48411010489582], [33.965380362919, 5.22817138866271], [33.7368813972955, 5.06459987712742], [33.4726794683214, 4.95790041942892], [33.2227587248672, 4.78002986067158], [32.9942597592437, 4.50957871983409], [32.8014637569707, 4.3315950352918], [32.6372301248393, 4.13932565798671], [32.5372618279966, 4.01824306331587], [32.4515747157755, 3.939885889033]]}, "properties": {"OBJECTID": 94, "id": null, "name": null, "size": null, "continent": "Essos", "S2": null, "Type": null, "Shape__Length": 630956.5441994619}}, {"type": "Feature", "id": 99, "geometry": {"type": "LineString", "coordinates": [[-8.27761228634436, -8.68896229559309], [-8.05873568866709, -8.55571354336489], [-7.84615842900333, -8.47395582939785], [-7.6217713219298, -8.46227473337706], [-7.38557436654821, -8.46227473337706], [-7.01946908606607, -8.47395582939785], [-6.75965243586497, -8.41554680906063], [-6.62974411076442, -8.35712897820872], [-6.41716685110065, -8.28701603531288], [-6.00382218008121, -8.21689059357028], [-5.66133659531689, -8.09998736087692], [-5.3660904010899, -8.02982909188561], [-4.99998512150606, -7.98305017152721], [-4.7283586229969, -7.87777806323754], [-4.51578136333313, -7.76077767197119], [-4.20872532169639, -7.5500952126303], [-3.97252836721314, -7.4798447591612], [-3.42927537019481, -7.50326283916054], [-2.92145191720236, -7.50326283916054], [-2.69706481012883, -7.42129406972224], [-2.51991709359264, -7.33931002285262], [-2.34337024847191, -7.22438561889474], [-2.22467089936566, -7.22216378260484], [-2.02390348800995, -7.18701396833264], [-1.82313607665428, -7.10498718159894], [-1.50427018670948, -6.89399433315788], [-1.12635505881758, -6.5655974658452], [-0.677580844670524, -6.31915697060939], [-0.465003585006757, -6.23698381944332], [-0.26423617365108, -6.17828081438395], [-0.0398490656792225, -6.16653943040377], [0.184538041394271, -6.11957129785482], [0.56245316928617, -6.02562267981628], [0.822269819487276, -5.94340428888774], [1.17656525255965, -5.93165779813616], [1.44819175017049, -5.93165779813616], [1.69619855296183, -5.79068052767593], [1.9087758126256, -5.6731725557491], [2.08592352916179, -5.63791547240829], [2.32212048364508, -5.62616263407003], [2.61736667787206, -5.73192956595515], [2.88899317638122, -5.76718087297002], [3.07795074032717, -5.76718087297002], [3.3023378474007, -5.70842748397977], [3.47948556393688, -5.61440955912759], [3.66844312788283, -5.5086212744782], [3.9873090169293, -5.44984184161596], [4.2589355154385, -5.39105665598534], [4.47151277420394, -5.30874784528475], [4.66047033814989, -5.19114481013127], [4.82580820727631, -5.04999225847654], [5.0029559229142, -4.95587342915956], [5.15648394373258, -4.86174119151193], [5.31001196455095, -4.75582671048547], [5.43992028965147, -4.61458212369383], [5.62887785449575, -4.57926655062443], [5.77059602700603, -4.47330942622947], [5.88869450469685, -4.34378548930624], [6.03041267720713, -4.14356861254123], [6.23118008946114, -4.0493312146478], [6.47918689225248, -4.02577014127203]]}, "properties": {"OBJECTID": 99, "id": null, "name": "Skahazadhan", "size": null, "continent": "Essos", "S2": null, "Type": null, "Shape__Length": 1784974.3087002353}}, {"type": "Feature", "id": 103, "geometry": {"type": "LineString", "coordinates": [[-19.2978854708326, 14.0800650466536], [-19.2609519440018, 13.9828534196177], [-19.3065864520633, 13.8204280132055], [-19.2913749487773, 13.643107426853], [-19.2305289392264, 13.5691844151177], [-19.2001059335527, 13.5248195475231], [-19.1088369183282, 13.3768771093219], [-19.0327794054913, 13.1696051958863], [-19.0784139135528, 12.9918036971926], [-19.3713487937577, 12.8898412527876], [-19.3799562468926, 12.8725782576832], [-19.4057809985108, 12.5545515356473], [-19.2637448601191, 12.3323528941675], [-19.0956621015054, 12.3240955615659], [-18.9956162306464, 12.295851546436], [-18.9538478308193, 12.1896934545954], [-19.0829715934019, 11.8573765823864], [-19.3234757136526, 11.1950731649665], [-19.4267747228204, 10.944120675408], [-19.5558984854029, 10.6779709389191], [-19.568810861212, 10.3342863211031], [-19.5429861086955, 10.0537138144034], [-19.4525994753368, 9.69602069791245], [-19.4396870995278, 9.47874227361029], [-19.6075479904359, 9.16893166666939], [-19.6716625129615, 8.66008711983627], [-19.5994666419354, 8.19133634971794], [-19.2875720738541, 7.6738511043307], [-19.1544714263896, 7.27794417037416], [-18.9833420225067, 7.01381079519498], [-18.736155105787, 6.69287643012804], [-18.388290989413, 6.51830244504413], [-18.1171310893372, 6.44271835823842], [-17.5724751592036, 6.30747743044173], [-17.146553086958, 6.33771539000217], [-17.0684193824466, 6.36223781393739], [-16.9808419813058, 6.44271835823842], [-16.7096820812299, 6.77560074941882], [-16.4468239690388, 6.86658539821375], [-15.8992098767932, 6.8212760631724], [-15.3668072869353, 6.89678922584011], [-14.9560967170773, 6.8816875522303], [-14.667078169016, 6.85148276482445]]}, "properties": {"OBJECTID": 103, "id": null, "name": null, "size": null, "continent": "Essos", "S2": null, "Type": null, "Shape__Length": 1433405.776439025}}, {"type": "Feature", "id": 104, "geometry": {"type": "LineString", "coordinates": [[-13.459665152282, -2.93086122821691], [-13.7441713602633, -2.50614229666687], [-13.8760800349739, -2.34964140652214], [-14.0586180663213, -2.21284641565264], [-14.1042525734844, -1.95442206935577], [-14.1042525734844, -1.65034289237151], [-14.1194640758721, -1.37663162894255], [-14.2715791015458, -1.11809758383035], [-14.3780596200563, -0.753070810015085], [-14.3780596200563, -0.616177093433142], [-14.3476366143826, -0.251112105433853], [-14.3780596200563, 0.0683286281930473], [-14.4997516400563, 0.296499859534031], [-14.5847414296482, 0.495879473223049], [-14.9178659699757, 0.735333016715086], [-15.0606336307577, 1.02859266482222], [-15.2034012906414, 1.56347096375689], [-15.5841150524273, 1.77803038772927], [-16.1724498555538, 1.81951659767853], [-16.5377580635793, 2.04303349167535], [-16.5837274923247, 2.0453893980005], [-16.7510540203861, 2.10619547762193], [-17.0400725693458, 2.12139662916877], [-17.3595141230808, 2.0605911373223], [-17.7245901848773, 2.12139662916877], [-17.9527627233879, 2.18219973166128], [-18.2569927747352, 2.19740012556978], [-18.8198183693685, 2.25820014409231], [-19.1392599231036, 2.39499077961852], [-19.1769884535709, 2.47456798739275], [-19.3923997641071, 2.5704336871167]]}, "properties": {"OBJECTID": 104, "id": null, "name": null, "size": null, "continent": "Essos", "S2": null, "Type": null, "Shape__Length": 1057302.8639643544}}, {"type": "Feature", "id": 105, "geometry": {"type": "LineString", "coordinates": [[-18.388290989413, 6.51830244504413], [-18.681979557938, 6.52527244515077], [-19.1080879740112, 6.38927209164735], [-19.3534231215705, 6.20814833204908], [-19.7666191609364, 6.042328915049], [-20.0248666852031, 5.75638770271888], [-20.2056399528187, 5.1863036046133], [-20.4070435905845, 4.83660924029975], [-20.4403187526752, 4.6423783756953], [-20.3309860777476, 4.35330243979386], [-20.1410780710783, 4.03845672447335], [-19.9887272699819, 3.78905440974597], [-19.8461194338619, 3.54237341568869], [-19.6322076783346, 3.33359179511378], [-19.5471087649952, 3.10656494630291], [-19.4987019679321, 2.91637566138245], [-19.4129743839125, 2.76568060391046], [-19.3923997641071, 2.5704336871167], [-19.4026870740098, 2.35802600381684], [-19.4142970193194, 2.33388476736443], [-19.4135423293778, 2.32232240561861], [-19.4515710857962, 2.18932493570041], [-19.6464684622161, 1.97555457751281], [-19.8128442717712, 1.85678118807992], [-19.9934808643096, 1.73799981532381], [-20.1836246464017, 1.67623051670825], [-20.3785220237198, 1.63346601027169], [-20.5401442380489, 1.60970755640009], [-20.6827520750672, 1.53367866292245], [-20.7730703708872, 1.41963029966328], [-20.8443742893963, 1.2770619861698], [-20.9299389917869, 1.12973309750544], [-21.0487788553699, 1.02517252302014], [-21.1676187189529, 0.901596558838007], [-21.2199082592528, 0.782769554402929], [-21.2817049882081, 0.64492604504454], [-21.4433272034356, 0.459544549213539], [-21.6667461467201, 0.28841885436893], [-21.8331219562752, 0.20285494715977], [-22.0945696568765, 0.160072811079427], [-22.3370029792685, 0.117290586649216], [-22.5556683282252, 0.0887690661920752], [-22.6982761652434, 0.0412331521738934], [-22.7458121103173, 0.03172596545633], [-22.8789127577818, -0.00154919501294221], [-22.9644774601724, -0.00630278932813577], [-23.11183889062, -0.082360273814348], [-23.2687075115198, -0.129896136876125], [-23.4018081589842, -0.115635385767197], [-23.5967055354041, -0.082360273814348], [-23.7345597771963, -0.120388970010312], [-23.9389643431698, -0.248735330432592], [-24.1718904760081, -0.386587420258145], [-24.3287590960095, -0.46739627757046], [-24.5759460127292, -0.495916836349515], [-24.9657407664672, -0.4911634183787], [-25.1321165760224, -0.481656571429438], [-25.2652172234868, -0.500670250906946], [-25.5171577345343, -0.633764346148668], [-25.6312440037896, -0.719323075647878], [-25.6311414440319, -0.724271191961448]]}, "properties": {"OBJECTID": 105, "id": null, "name": null, "size": null, "continent": "Essos", "S2": null, "Type": null, "Shape__Length": 1457166.9915662147}}, {"type": "Feature", "id": 106, "geometry": {"type": "LineString", "coordinates": [[-22.7828015455964, 0.0224786074565692], [-22.6482819803946, -0.162264623429134], [-22.4298371759249, -0.256832202961348], [-22.2490639083094, -0.371492536942423], [-22.1114533165717, -0.40201992359193], [-21.9284446003548, -0.530954435806471], [-21.8560219370588, -0.846957355485776], [-21.6680069789337, -1.10008624660332], [-21.4614089588016, -1.21400526823318], [-21.0094757911102, -1.31360226826327], [-20.8545272769095, -1.41312266573838], [-20.6995787618105, -1.58355101946254], [-20.6350168809683, -1.78210022366818], [-20.5058931183858, -1.88126033162932], [-20.3251198516685, -2.079351871863], [-20.247645594119, -2.24890226034948], [-20.144346584053, -2.55916470827232], [-20.2347332183099, -2.74214950657544], [-20.3638569799941, -2.99508218694074], [-20.5494869442775, -3.12952352897868], [-20.727911222528, -3.16345787067136], [-21.3648928929857, -3.20142797930276], [-21.6691229443331, -3.28685555303562], [-21.8022235917975, -3.43870861337293], [-21.8782811046344, -3.60002597158524], [-21.9258170497083, -3.75182799768032], [-22.0303961303081, -3.92257370467878], [-22.1920183446372, -4.06483521146124], [-22.2870902356833, -4.14069780835776], [-22.6008274765844, -4.24499697933644], [-23.0476653640517, -4.32084209149285], [-23.0596923486386, -4.3284472436409], [-23.0824424410255, -4.32780315927017], [-23.713168601374, -4.35876181142961]]}, "properties": {"OBJECTID": 106, "id": null, "name": null, "size": null, "continent": "Essos", "S2": null, "Type": null, "Shape__Length": 927971.577641542}}, {"type": "Feature", "id": 113, "geometry": {"type": "LineString", "coordinates": [[-42.3682300690598, -6.06109353293046], [-42.311314918309, -6.12115028617868], [-42.3377520577446, -6.24818607004459], [-42.4233167601352, -6.41827103253877], [-42.4461340132676, -6.50895989046195], [-42.417612446403, -6.59396582819397], [-42.3377520577446, -6.67895718868543], [-42.2293701022216, -6.72994493247324], [-42.143805399831, -6.72994493247324], [-42.0525363846064, -6.71294961106684], [-41.9612673693819, -6.63929638006766], [-41.8814069807236, -6.53729681153651], [-41.8794453044848, -6.53465632981123], [-41.8243638460959, -6.49762467444225], [-41.761616397736, -6.46361749475326], [-41.6589387559453, -6.45794940851658], [-41.5220352326593, -6.48062137120042], [-41.4193575899703, -6.52596223596959], [-41.2710454401181, -6.51462740300066], [-41.2482281860874, -6.45794940851658], [-41.2368195595212, -6.38425853513424], [-41.2140023054904, -6.23684509036925], [-41.1227332902659, -6.129093606561], [-40.9801254532477, -6.10073431968012], [-40.7291356616048, -6.08939018497767], [-40.6150493923495, -6.06102879951343], [-40.4838501827958, -5.98728223903025], [-40.3070164651806, -5.93054733397928], [-40.1301827475655, -5.99862851446505], [-40.0389137323409, -6.10073431968012], [-40.0160964783102, -6.17446532642536], [-40.0446180460732, -6.27653744437347], [-40.113069807267, -6.38425853513424], [-40.2043388224916, -6.44661304657912], [-40.3298337192113, -6.52596223596959], [-40.358355286076, -6.58829921688526], [-40.3469466595098, -6.67329155576687], [-40.2670862708514, -6.7752628770591], [-40.1073654935348, -6.8205765644809], [-40.010392164578, -6.83756809355792], [-39.8506713881596, -6.83756809355792], [-39.7137678648736, -6.84889544374109], [-39.6010298743333, -6.87399521453465]]}, "properties": {"OBJECTID": 113, "id": null, "name": null, "size": null, "continent": "Essos", "S2": null, "Type": null, "Shape__Length": 560668.2685674032}}, {"type": "Feature", "id": 114, "geometry": {"type": "LineString", "coordinates": [[-30.767767595708, -12.4320656652397], [-31.1266270624135, -12.1185687284621], [-31.3043307651436, -12.0553817627074], [-31.3955997803682, -11.921464194516], [-31.6541953245524, -11.8321490418439], [-31.8063103502261, -11.6832257177378], [-31.9127908678384, -11.5193175996436], [-32.0801173958998, -11.4000515635595], [-32.3691359448594, -11.2807354486428], [-32.5212509705331, -11.2210587660029], [-32.6581544938191, -11.0568844814668], [-32.7190005042682, -10.937427156517], [-32.8711155299419, -10.773094818575], [-32.9928075499419, -10.5937208846273], [-33.0840765651664, -10.4890374500032], [-33.1144995708401, -10.309497908165], [-33.1753455812893, -10.0399971359901], [-33.2057685860647, -9.90516215612406], [-33.2818260989015, -9.60533146727875], [-33.2818260989015, -9.36527518157114], [-33.2818260989015, -9.17010703370947], [-33.2818260989015, -9.01990450587776], [-33.5151851909606, -8.5520751003032], [-33.4569130756844, -8.22278557002157], [-33.420962806136, -7.54902274848576], [-33.5556331454735, -7.55984719040821], [-33.7229596735349, -7.52968757091633], [-33.9207092063717, -7.46936204353816], [-34.0119782224945, -7.3486860688295], [-34.0728242320453, -7.15251791458919], [-34.1184587401068, -7.03175699576861], [-34.2553622633927, -6.91096467386347], [-34.3314197762296, -6.75993091706968], [-34.3314197762296, -6.59373930108985], [-34.2857852681682, -6.23094781969324], [-34.3162082738419, -5.8376409429178], [-34.240150761005, -5.62574473303516], [-34.1336702424945, -5.38348324711987], [-34.0271897248822, -5.17142508256634], [-33.9967667192085, -5.01991129327691], [-34.1032472377191, -4.89867486635265], [-34.1640932481682, -4.70161900899301], [-34.1793047505559, -4.51967175625941], [-34.0880357353314, -4.39834809459599], [-33.9207092063717, -4.27700467049497], [-33.8142286887594, -4.11012618515492], [-33.783805683984, -3.9735631964972], [-33.7990171863717, -3.86733186391042], [-33.9663437144331, -3.74590834326069], [-34.0728242320453, -3.53337696277365], [-34.0576127296576, -3.33598273530948], [-33.8294401911471, -3.00184187192127], [-33.7068464485532, -2.88757214791516], [-33.646902160698, -2.71318299552066], [-33.6609840657519, -2.38483263614229]]}, "properties": {"OBJECTID": 114, "id": 57, "name": "Rhoyne", "size": 0, "continent": "Essos", "S2": 1, "Type": null, "Shape__Length": 1387294.4476548345}}, {"type": "Feature", "id": 122, "geometry": {"type": "LineString", "coordinates": [[-40.3249456866114, -9.09779985020891], [-40.293668657987, -9.14672682445991], [-40.2769082606235, -9.15864066589255], [-40.2442611197311, -9.19803184665009], [-40.2188688988373, -9.24994988275821], [-40.1934766779436, -9.27143096940813], [-40.1553883461539, -9.29470066293017], [-40.1136725543648, -9.3215483871263], [-40.070143032576, -9.34839404651332], [-40.046564541682, -9.36271088567581], [-40.0102899407902, -9.39134279277225], [-39.9740153390001, -9.4002897785232], [-39.9341132772107, -9.4002897785232], [-39.8434267736338, -9.37165861013349], [-39.8107796327414, -9.35734213950923], [-39.7872011418474, -9.34481474488615], [-39.752740270057, -9.32691768419464], [-39.7327892391622, -9.30901970530037], [-39.7073970182685, -9.26248067571476], [-39.6620537664801, -9.21056448580438], [-39.6353743828534, -9.17618048579103], [-39.633034085587, -9.17117469825354], [-39.6239654355886, -9.13894343775564], [-39.609455594693, -9.09775480495533], [-39.6091323601925, -9.09562700877746], [-39.5888200080259, -9.03914132947244]]}, "properties": {"OBJECTID": 122, "id": null, "name": null, "size": null, "continent": "Essos", "S2": null, "Type": null, "Shape__Length": 117669.36661279743}}, {"type": "Feature", "id": 125, "geometry": {"type": "LineString", "coordinates": [[-71.3129206900727, 34.7944919376746], [-71.2272269168438, 34.9610240919739], [-71.1977405881101, 34.9932381380624], [-70.933562464491, 35.2902739074279], [-70.7684511370045, 35.4518359612297], [-70.4382284820314, 35.6399158230526], [-70.2731171545449, 35.7471918144181], [-70.1410280927354, 35.9613104602039], [-70.0419612957045, 36.1748501385585], [-70.0419612957045, 36.3878094576141], [-70.0089390300275, 36.52061371336], [-69.9098722338949, 36.785539232356], [-69.843827702541, 36.9176598636246], [-69.6456941102759, 37.0759029767638], [-69.4475605171124, 37.1549009818473], [-69.2494269239489, 37.3914000187353], [-69.183382392595, 37.5486529365297], [-69.269508829499, 37.6128900539573], [-69.5119421509927, 37.7257713554134], [-69.5803580523387, 37.8633092327613], [-69.7781434459217, 38.0222032052301], [-69.8874761208492, 38.298790255241], [-69.9017369047307, 38.4478595693314], [-69.8687043982595, 38.6019433909201], [-69.8874761208492, 38.7228274269084], [-69.9064904990584, 38.8451085446366], [-70.0538519304044, 39.0632093562781]]}, "properties": {"OBJECTID": 125, "id": 41, "name": " ", "size": 0, "continent": "Westeros", "S2": 1, "Type": null, "Shape__Length": 718002.063358047}}, {"type": "Feature", "id": 130, "geometry": {"type": "LineString", "coordinates": [[-58.5140811459191, 42.5360359063271], [-58.6050614282383, 42.4895353499885], [-58.6169720738094, 42.4280247061348], [-58.6169720738094, 42.3884502447927], [-58.6467486886356, 42.3444493403962], [-58.6765253034618, 42.3224373322373], [-58.7301232094303, 42.3224373322373], [-58.7896764381844, 42.3224373322373], [-58.8790062817647, 42.3444493403962], [-58.9564254797738, 42.353251987169], [-59.027889354099, 42.353251987169], [-59.1053085521082, 42.3356454616099], [-59.1767724273317, 42.2739837967867], [-59.2303703333002, 42.2299027783014], [-59.2899235620543, 42.2122617454513], [-59.4149853432464, 42.2078507164772], [-59.4924045412555, 42.2078507164772], [-59.5579130927952, 42.1946157833937], [-59.5698237383663, 42.1460639785383], [-59.5698237383663, 42.0576925046815], [-59.6234216443348, 42.0223094319763], [-59.7306174571702, 41.982479926574], [-59.9450090810442, 41.9603416506445], [-60.1117581226336, 42.0046105072662], [-60.1951326434283, 41.9780528870671], [-60.2249092573562, 41.9249044064295], [-60.2350843775614, 41.9047131992537], [-60.3226371936095, 41.8746314570564], [-60.4859166253647, 41.8678767097026], [-60.5796511135989, 41.8723799536922], [-60.6915277608172, 41.9083944884851], [-60.752001624397, 41.9308932606575], [-60.8245702603333, 41.9308932606575], [-60.9092336695247, 41.9083944884851], [-60.9394706008654, 41.8768828811096], [-60.9757549188336, 41.8521128558721], [-61.0513472480837, 41.8138130330002], [-61.1390343496904, 41.7687250810581], [-61.1783423609723, 41.7055486735334], [-61.2085792932114, 41.642310127523], [-61.2630057701637, 41.5699614370629], [-61.3265033270572, 41.5065897914264], [-61.3692253074229, 41.4818627319903]]}, "properties": {"OBJECTID": 130, "id": null, "name": null, "size": null, "continent": "Westeros", "S2": null, "Type": null, "Shape__Length": 417104.23373572336}}, {"type": "Feature", "id": 139, "geometry": {"type": "LineString", "coordinates": [[-39.9139468887013, -35.1862447120026], [-40.2980378308653, -35.1940722624274], [-40.9684602103442, -35.1888542641162], [-41.6229368880654, -35.1440276571765], [-41.9913847385516, -35.1556146250137], [-42.3173193753474, -35.2193134483057], [-42.5865697275221, -35.3350014859134], [-42.8274779369371, -35.5082234032231], [-43.0114178943883, -35.6901460055929], [-43.188840251958, -35.8075910159839], [-43.4793472105288, -35.8592906256285], [-43.698998814446, -35.9511178288296], [-43.9824202375515, -36.0943843649243], [-44.1737296987091, -36.1630597267932], [-44.4996643355049, -36.1916567227523], [-44.7405725449199, -36.2431050055844], [-44.9247964706122, -36.3459000249584], [-45.0594216462504, -36.5396985121906], [-45.0806782535447, -36.7046143660323], [-45.1586191445618, -36.7954513053806], [-45.2365600364773, -36.8805132242357], [-45.2932443210984, -37.0220727285692], [-45.2850793834623, -37.1935434513977], [-45.2872601040017, -37.207657049433], [-45.4420405676673, -37.3494762328835], [-45.5908368151345, -37.5351233094922], [-45.6050078860652, -37.6978871635123], [-45.5908368151345, -37.9218038550072], [-45.4420405676673, -38.1728976127434], [-45.307415392029, -38.4619765798748], [-45.1657046800272, -38.6503660007609], [-44.9743952197679, -38.7609525580574], [-44.9541156749738, -38.7686974148681], [-44.9283703595795, -38.7817570203062], [-44.7951332490403, -38.8775349440045]]}, "properties": {"OBJECTID": 139, "id": null, "name": null, "size": null, "continent": null, "S2": null, "Type": null, "Shape__Length": 1015112.5065187027}}, {"type": "Feature", "id": 140, "geometry": {"type": "LineString", "coordinates": [[-40.1822189629552, -0.398603573815636], [-40.1484422947976, -0.229722832922165], [-40.0260018721648, -0.065062176370433], [-40.0302239557968, 0.133375614503295], [-39.8275639459527, 0.285369562262799], [-39.7431222760078, 0.399363763676268], [-39.7684547769015, 0.513356384242945], [-39.9500043685856, 0.580906636638282], [-40.1568864611633, 0.59357222223616]]}, "properties": {"OBJECTID": 140, "id": 47, "name": " ", "size": 0, "continent": "Essos", "S2": 1, "Type": null, "Shape__Length": 165738.26408661398}}, {"type": "Feature", "id": 142, "geometry": {"type": "MultiLineString", "coordinates": [[[4.44662622666174, 9.11849698455663], [4.33212843108999, 9.07481175269114], [4.21778671959547, 9.09483646573965], [4.10912397496917, 9.16709035255764], [3.96424031636573, 9.22492047911424], [3.80122852597137, 9.16490668556894], [3.63255720286167, 8.96284411783566], [3.60214106211335, 8.57752378903501], [3.51642284842047, 8.41070267481115], [3.41687911604229, 8.30948100243402], [3.33669111000321, 8.28759178952817], [3.22608696321578, 8.27391041343463]], [[4.44662622666174, 9.11849698455663], [4.44312836481179, 8.95154496907024], [4.458699865253, 8.74320606940724], [4.55333672466481, 8.53924340030409], [4.75518929190057, 8.32316114061514], [4.96044114256194, 8.26588146025812], [5.12294807976663, 8.23833661284246], [5.29161940377466, 8.18633838482692], [5.5930157042869, 8.06863318052728], [5.81193482910806, 7.84020891991921], [5.86676096742855, 7.59199265478746], [5.8246303057935, 7.32340140535107]], [[4.93896498611383, 11.4683494594036], [4.86405690451395, 11.1792366094094], [4.71669547316801, 10.978641566956], [4.58359482570354, 10.8386106578391], [4.44662622666174, 10.7260162438816], [4.39820463883747, 10.5256394723191], [4.38869744928369, 10.3900752042123], [4.39820463883747, 10.2731622061357], [4.34116150420982, 9.98771390884317], [4.33796348203541, 9.69677906542982], [4.4104053117863, 9.50828273201479], [4.44662622666174, 9.11849698455663]], [[3.30993785431748, 13.8779011642448], [3.47043477693796, 13.7238976840544], [3.66836710885023, 13.5936064792278], [3.76414081859346, 13.463243592346], [3.71944642083306, 13.1898726793669], [3.74498607682449, 13.0219704609296], [4.07061668869386, 12.7294254035634], [4.07061668869386, 12.5362848139583], [3.91781752855767, 12.3578453718886], [3.78329556036246, 12.1058741983673], [3.80245030213143, 11.9247683221427], [4.00038263494203, 11.8372944943065], [4.70272316976526, 11.8872829799997], [4.85596110481546, 11.7810465221559], [4.93896498611383, 11.4683494594036], [5.16828695586132, 11.4029927226131], [5.39645949437184, 11.3517307157215], [5.54985785954864, 11.4036415418139], [5.75510970931168, 11.5061866188646], [5.93621428279053, 11.5354986589358], [6.14752743408479, 11.4542454800674], [6.32807534942986, 11.262008229074], [6.38844354058949, 11.1304086147779], [6.48503264662456, 11.0719586890512], [6.59369539125086, 11.013532629106]]]}, "properties": {"OBJECTID": 142, "id": null, "name": null, "size": null, "continent": null, "S2": null, "Type": null, "Shape__Length": 1437610.708586969}}, {"type": "Feature", "id": 145, "geometry": {"type": "LineString", "coordinates": [[5.82008311108037, 5.7195244426782], [6.0314857669163, 5.37334483404904], [6.20628373321437, 5.17050974677828], [6.22233269092401, 4.63217262424591], [6.26702708868441, 4.46032241535042], [6.33726114153791, 4.28206492567858], [6.34364605576034, 4.14197624606116], [6.33087622821381, 4.04007794003322], [6.26702708868441, 3.9126870930668], [6.08824949764281, 3.63235991168296], [5.89031716483221, 3.23083240537332], [5.89031716483221, 2.91842236789125], [5.8966993975835, 2.91186092410824]]}, "properties": {"OBJECTID": 145, "id": null, "name": null, "size": null, "continent": null, "S2": null, "Type": null, "Shape__Length": 342398.6873966139}}, {"type": "Feature", "id": 150, "geometry": {"type": "LineString", "coordinates": [[-9.84350519923697, 4.2177817276305], [-10.0697774164426, 4.07174763479421], [-10.1374893673893, 3.82312853812426], [-10.0968621971806, 3.68348222864939], [-9.96143829618563, 3.60596370838859], [-9.85309917503034, 3.46654325822565]]}, "properties": {"OBJECTID": 150, "id": null, "name": null, "size": null, "continent": null, "S2": null, "Type": null, "Shape__Length": 112029.41691321564}}, {"type": "Feature", "id": 152, "geometry": {"type": "LineString", "coordinates": [[-10.2012805997188, 6.14514495613817], [-10.3502468901845, 6.28761286103713], [-10.5804675219658, 6.31929261436685], [-10.7971457642764, 6.36682603682518], [-10.8919424941644, 6.43022968328548], [-11.0002816153197, 6.50952563934547]]}, "properties": {"OBJECTID": 152, "id": null, "name": null, "size": null, "continent": null, "S2": null, "Type": null, "Shape__Length": 101283.57268660476}}, {"type": "Feature", "id": 156, "geometry": {"type": "LineString", "coordinates": [[-11.010722802139, -15.137257220374], [-10.9639950291054, -15.2370705711671], [-10.8654924100056, -15.4270642114235], [-10.5655071579888, -15.6039474422743], [-10.3595471348462, -15.7548248238419], [-10.1849288540629, -15.8840591833337], [-9.84464707654069, -16.000299249913], [-9.44168181430013, -16.000299249913], [-9.07005829352041, -15.918507704115], [-8.8148469599296, -15.8711394679147], [-8.50590692566493, -15.8280677696478], [-8.19696689050196, -15.8452975518011], [-7.86563989612598, -15.9098961276057], [-7.6417703057927, -15.9357297504173], [-7.4492424578186, -16.0046031425584], [-7.34178505467422, -16.0777551082534], [-7.30596592029275, -16.1852826153956], [-7.35073983782042, -16.3915710330625], [-7.53431290264829, -16.5547280376166], [-7.67758944017414, -16.692016431397], [-7.76265988500386, -16.9063319399998], [-7.80295641140756, -17.2102411353748], [-7.82770428512105, -17.3039010268392], [-7.85137668140333, -17.4283503246057], [-7.86563989612598, -17.5691513121629], [-7.87011728814824, -17.7099580600444]]}, "properties": {"OBJECTID": 156, "id": null, "name": "Worm River", "size": null, "continent": null, "S2": null, "Type": null, "Shape__Length": 664775.4882685848}}, {"type": "Feature", "id": 158, "geometry": {"type": "LineString", "coordinates": [[-7.30596592029275, -16.1852826153956], [-7.08209632995948, -16.1422786175322], [-6.86718152277239, -16.1078686907299], [-6.59736033974364, -16.1332682546186], [-6.25650268193719, -16.2746049374739], [-6.00079846341127, -16.2746049374739], [-5.85344348915557, -16.2406883536529], [-5.73209233489017, -16.2025203952435]]}, "properties": {"OBJECTID": 158, "id": null, "name": null, "size": null, "continent": null, "S2": null, "Type": null, "Shape__Length": 180727.67084777114}}, {"type": "Feature", "id": 163, "geometry": {"type": "LineString", "coordinates": [[26.9304582749775, -26.0194594099975], [27.0764276724676, -25.6495192704131], [27.0786954954535, -25.6409326985118], [27.1059014463469, -25.5243735722563], [27.1671148363062, -25.3401022436906], [27.2147252508189, -25.1309216936547], [27.221526738093, -24.9152139523651], [27.1809673673322, -24.7820694193799], [27.1603133481337, -24.6558660650927], [27.1127029345194, -24.5321770257373], [27.071894007281, -24.4145594392666], [27.031085080941, -24.2968321522059], [26.9562687155349, -24.1603798148003], [26.922261276469, -24.0424171530156], [26.9358642519157, -23.9305630108337], [26.9630702037074, -23.8559396784309], [26.9902761546008, -23.7874971766052], [27.0174821054942, -23.7065641028653], [27.0242835927684, -23.6505040803709], [27.0242835927684, -23.5819536439567], [26.9698716909816, -23.5008933172364], [26.9154597891948, -23.438505258209], [26.8269737681952, -23.3914951671907], [26.8174248968123, -23.3879894873195], [26.7114151556977, -23.3323779681528], [26.622995814845, -23.2761585586329], [26.5530602398211, -23.227967161946], [26.53863859552, -23.1972562301981], [26.5345764739923, -23.1636485641913], [26.5345764739923, -23.1011021105908], [26.537827287461, -23.0760150776083], [26.5621656911017, -23.031225660079], [26.5834617946241, -23.0074252246129], [26.6230117015508, -22.9752179521326], [26.779690177851, -22.909379226449], [26.8755226446003, -22.8645345519796], [26.9485378564206, -22.8168708634322], [26.9728762609596, -22.7874231880958], [26.986566612839, -22.7621772614476], [26.9911300634655, -22.722896542674], [26.9896089138556, -22.6934285988117], [26.9804820117043, -22.6723761872071], [26.9561436080636, -22.6414934702788], [26.9302840539147, -22.6246454241302], [26.8846495458533, -22.6091995679583], [26.8329304366571, -22.6049867608562], [26.7949016802387, -22.5895386976212], [26.7720844271063, -22.5740889013201], [26.761436375345, -22.5530182059189], [26.7477460225673, -22.5263240390672], [26.7477460225673, -22.4940031442638], [26.7583940743285, -22.4644861670748], [26.7599152248368, -22.4391808950807], [26.761436375345, -22.4082459605286], [26.7507883235838, -22.3815238829905], [26.7310133696713, -22.3562034949691], [26.7021115154042, -22.3477623420071], [26.657998157851, -22.3519829819922], [26.638885356626, -22.3604002338768], [26.6365987902917, -22.3608701524485], [26.5889883757791, -22.3797390456323], [26.5345764739923, -22.4111815138755], [26.4325541576929, -22.4740451014025], [26.3509363041144, -22.4991825540519], [26.2421124996425, -22.5117495679359], [26.1400901833431, -22.4866143983737], [26.0584723306629, -22.4551890167028], [25.9996158020055, -22.3908903757445], [25.9790266285942, -22.3556116742173], [25.9428470380185, -22.2161238296803], [25.9028445248173, -22.0122953998929], [25.9233059676767, -21.8604553033409], [25.9392953473201, -21.8002892150345], [25.9701240231929, -21.7143917119087], [26.0229731815755, -21.6311722142646], [26.1081190471598, -21.5219592189163], [26.1800526235977, -21.4686880754906], [26.3194139357044, -21.383473281565], [26.3386000987454, -21.3593529944552], [26.3606205812551, -21.329271518452], [26.3826410637647, -21.281401914423], [26.4061295785016, -21.2266747154729], [26.4149377709665, -21.1910911422082], [26.4193418676481, -21.1376997167014], [26.4193418676481, -21.0801797403768], [26.4031935140472, -21.0130449605733], [26.3826410637647, -20.9294267777195], [26.3914492562296, -20.8553651515057], [26.3929172884568, -20.7936192515872], [26.3987894173656, -20.7620504698248], [26.4384262866017, -20.7043861175055], [26.4692549615763, -20.6631838559662], [26.4986156052219, -20.6425785330205], [26.5294442810948, -20.6315878860719], [26.6468868547792, -20.6013595133684], [26.7188204312171, -20.5931143713858], [26.7848818787461, -20.5889916327736], [26.8538793907296, -20.576622748355], [26.9520209903915, -20.5534090779142], [26.9883559679518, -20.5408077857756]]}, "properties": {"OBJECTID": 163, "id": null, "name": null, "size": null, "continent": null, "S2": null, "Type": null, "Shape__Length": 912169.9219845128}}, {"type": "Feature", "id": 166, "geometry": {"type": "LineString", "coordinates": [[27.1809673673322, -24.7820694193799], [27.3044353225128, -24.6192046590049], [27.4349898390349, -24.5379716495577], [27.6356533341768, -24.3670916825851], [27.6568219550824, -24.3092296524283], [27.6908293941483, -24.210015763502], [27.7112338577675, -24.0920988829437], [27.7112338577675, -24.0237815455971], [27.7180353450417, -23.9492121119258], [27.7316383204884, -23.8683798895408], [27.779248735001, -23.7874971766052], [27.9016755149196, -23.7563750238237], [28.0309037830107, -23.7563750238237], [28.1465290747568, -23.7688247782778], [28.2553528792287, -23.7937207137475], [28.3437722200814, -23.7999439520156], [28.4185885854875, -23.7501497004324], [28.486603462721, -23.6691934271386], [28.5138094145127, -23.6006527735432], [28.5410153654061, -23.5570173275616], [28.5682213162995, -23.3698443636364], [28.5478168526803, -23.2699104918025], [28.5274123899594, -23.1761543529524], [28.5070079263402, -23.1136137343258], [28.4661990000001, -23.0510439643889], [28.4253900727616, -22.9821836220327], [28.3641766828023, -22.9195528358766], [28.3027401118006, -22.8629547177552], [28.2111440343541, -22.8149031536645], [28.1259722757301, -22.743951934181], [28.0277899482498, -22.6529981926312], [28.0155171567533, -22.5164275574688], [28.0646083209426, -22.3340714206783], [28.1014266945337, -22.2541962662882]]}, "properties": {"OBJECTID": 166, "id": null, "name": null, "size": null, "continent": null, "S2": null, "Type": null, "Shape__Length": 429753.12358998077}}, {"type": "Feature", "id": 167, "geometry": {"type": "LineString", "coordinates": [[20.1356233353831, -19.8436881022101], [20.4390619889314, -19.7195164116899], [20.4551132041074, -19.7100354077867], [20.5592986914587, -19.6718880893013], [20.6343785372291, -19.6507691521838], [20.7974718964479, -19.644090979032], [20.9682537798766, -19.629128215457], [21.0516588847135, -19.5879734327207], [21.1747807073371, -19.5056323185123], [21.274072499109, -19.4569564834303], [21.3574776048442, -19.4269948585087], [21.4647127405328, -19.400773902206], [21.6300349169895, -19.3597332351766], [21.7403491073662, -19.3423862177137], [21.8737180339953, -19.3033274213536], [21.9289051755841, -19.2078111243636], [21.9748944606905, -19.0035679152944], [22.0576751744212, -18.8817716309397], [22.1680494584971, -18.7947200014037], [22.3382098128521, -18.6989112009322], [22.601658728141, -18.6182704007489], [22.6834540564803, -18.6112234637214], [22.8486908768153, -18.6248399544422], [23.0602415875865, -18.6858421558211], [23.1369204444441, -18.7241740488821], [23.2360783135768, -18.7476499009158], [23.4028885241489, -18.7514108072212], [23.5299820187308, -18.7363666801647], [23.6256822265209, -18.697521334341], [23.7040915781789, -18.6204818164609], [23.8006690770822, -18.4504275072113], [23.9018455037774, -18.3849770481184], [24.0214176452339, -18.3937052134384], [24.2267666415068, -18.4846148506359], [24.3170467795884, -18.5495409339964], [24.4435403172399, -18.6231516118166], [24.4982561271722, -18.6421067828143], [24.5553253048582, -18.6554856305056], [24.6100411138921, -18.6538133323128], [24.6422729932731, -18.6466289715338], [24.7848397772829, -18.5812535450421], [24.8998129891507, -18.4766007126534], [24.9917915593637, -18.3675193909963], [25.0055883454346, -18.2103211647739], [24.9917915593637, -18.0486083437278], [24.996390488054, -17.9392585794232], [25.1573529859267, -17.8210849095557], [25.2907219125558, -17.7115949252758], [25.3781015540785, -17.5406571748738], [25.3827004827688, -17.4090567339111], [25.3505079828349, -17.321270375802], [25.2539304839316, -17.2422267660726], [25.0975669147493, -17.2158713651478], [24.9136432814835, -17.2278493776613], [24.8538237040443, -17.2510110642473], [24.7066579922425, -17.2510110642473], [24.3755351400149, -17.1016212801856], [24.2329683569034, -17.0708496408942], [23.9800272888178, -17.0928299014098], [23.837460504808, -17.0400729266382], [23.6259097940369, -16.9477124076927], [23.5293322951336, -16.8377002421246], [23.4676295578048, -16.7239138154982]]}, "properties": {"OBJECTID": 167, "id": null, "name": null, "size": null, "continent": null, "S2": null, "Type": null, "Shape__Length": 1015304.0523076456}}, {"type": "Feature", "id": 170, "geometry": {"type": "LineString", "coordinates": [[19.8372755863651, -18.9414965805267], [20.0479434176036, -18.8164871377569], [20.2089059154763, -18.5768942902576], [20.3514726994861, -18.323867523338], [20.3468737707958, -18.1054433844112], [20.2594941292731, -17.9086285146371], [20.3330769847248, -17.6677801901864], [20.4359202740574, -17.5553458914505]]}, "properties": {"OBJECTID": 170, "id": null, "name": null, "size": null, "continent": null, "S2": null, "Type": null, "Shape__Length": 192080.64953704714}}, {"type": "Feature", "id": 171, "geometry": {"type": "LineString", "coordinates": [[32.0256586236147, -24.6419025676655], [31.8880526069968, -24.7157384139458], [31.6079781602146, -24.7920403274453], [31.3839186031482, -24.8290183166174], [31.0927825561806, -24.8126538981338], [30.8841451088253, -24.8126538981338], [30.7000532426663, -24.7568615993969], [30.6018709151861, -24.6563640874642], [30.4791430047128, -24.5669558201678], [30.3705583335662, -24.4796007306327], [30.2941743936163, -24.3683233106178], [30.2582327658611, -24.1861580264169]]}, "properties": {"OBJECTID": 171, "id": null, "name": null, "size": null, "continent": null, "S2": null, "Type": null, "Shape__Length": 241746.61091885998}}, {"type": "Feature", "id": 177, "geometry": {"type": "LineString", "coordinates": [[-43.8502143237881, -29.6395453355877], [-44.0337359124552, -29.5646948640734], [-44.4460855932963, -29.5162154831814], [-44.6355435547881, -29.3997702190184], [-44.7414171211871, -29.2783311126531], [-44.9253027898524, -29.1762105892134], [-45.0200317705983, -29.1080737125593], [-45.1314776298238, -28.9960365820907], [-45.2026631872094, -28.9014745902713]]}, "properties": {"OBJECTID": 177, "id": null, "name": null, "size": null, "continent": null, "S2": null, "Type": null, "Shape__Length": 185414.54931786546}}, {"type": "Feature", "id": 178, "geometry": {"type": "LineString", "coordinates": [[-47.6179415781185, -27.5807622764776], [-47.6923772985925, -27.3750512606278], [-47.7934194837467, -27.2256717683734], [-47.8745052481144, -27.1586993103633], [-47.9266318106656, -27.0401105623284], [-47.9497991722985, -26.9265592465957], [-48.0250930964826, -26.8335672021962], [-48.1293462224832, -26.7560143159237], [-48.2335993484839, -26.6628793217579], [-48.2973095923007, -26.6162825244406], [-48.3436443146682, -26.5748467329221]]}, "properties": {"OBJECTID": 178, "id": null, "name": null, "size": null, "continent": null, "S2": null, "Type": null, "Shape__Length": 153896.33415858852}}, {"type": "Feature", "id": 212, "geometry": {"type": "LineString", "coordinates": [[39.3523188893773, 1.41366020582444], [38.9960503121732, 1.37531951307931], [38.5961771230058, 1.41529497372686], [38.2842760349522, 1.44727484775933], [38.052349584193, 1.60716725429697], [37.9323876278021, 1.88694809402495], [37.7324510323201, 2.04680308126028], [37.5005245824592, 2.04680308126028]]}, "properties": {"OBJECTID": 212, "id": null, "name": null, "size": null, "continent": null, "S2": null, "Type": null, "Shape__Length": 239110.88926246512}}, {"type": "Feature", "id": 213, "geometry": {"type": "LineString", "coordinates": [[42.1152733684916, -4.62419546604302], [41.7868980746459, -4.59484665071958], [41.5341346025936, -4.54055338787475], [41.3698383453104, -4.39112660253006], [41.1170748732581, -4.37753359374729], [40.8769495752576, -4.37753359374729], [40.7000151439227, -4.47265400553736], [40.4598898459222, -4.62198453757602], [40.2576790682804, -4.77113879464049]]}, "properties": {"OBJECTID": 213, "id": null, "name": null, "size": null, "continent": null, "S2": null, "Type": null, "Shape__Length": 227037.32779464283}}, {"type": "Feature", "id": 214, "geometry": {"type": "LineString", "coordinates": [[40.8769495752576, -4.37753359374729], [40.662100623564, -4.18707806782585], [40.6494624495123, -3.94178535207457], [40.6651296070565, -3.81489860572957], [40.5910904541528, -3.72344697475585], [40.4219753246652, -3.69601766283761], [40.2829554154856, -3.66868077722851]]}, "properties": {"OBJECTID": 214, "id": null, "name": null, "size": null, "continent": null, "S2": null, "Type": null, "Shape__Length": 121637.55105437317}}, {"type": "Feature", "id": 215, "geometry": {"type": "LineString", "coordinates": [[44.1654511628172, -1.00007734783784], [44.1262846065481, -0.829640508899271], [44.1719191137112, -0.681341293447904], [44.3886830256555, -0.624301863824297], [44.4115002796863, -0.453180088505348], [44.3826688964565, -0.276188151002582]]}, "properties": {"OBJECTID": 215, "id": null, "name": null, "size": null, "continent": null, "S2": null, "Type": null, "Shape__Length": 100876.6971723138}}, {"type": "Feature", "id": 216, "geometry": {"type": "LineString", "coordinates": [[44.337075767492, -2.48676026124423], [44.5160793593878, -2.53443231748736], [44.9115784259597, -2.58002137950659], [45.1093279596948, -2.67119457043233], [45.3120616718163, -2.74892596228871], [45.6873650576141, -2.80794159481183], [45.9459606009, -2.79274825738722], [46.219767647472, -2.64080424774349]]}, "properties": {"OBJECTID": 216, "id": null, "name": null, "size": null, "continent": null, "S2": null, "Type": null, "Shape__Length": 219357.46516797837}}, {"type": "Feature", "id": 217, "geometry": {"type": "LineString", "coordinates": [[43.9509204087702, -6.60614819935373], [43.9845530581232, -6.55316136838491], [44.0597342823667, -6.50664226042859], [44.2118493080404, -6.47641430969132], [44.5008678570001, -6.3403662500642], [44.6073483746123, -6.17403660410607], [44.6529828826737, -5.9168794217481], [44.774674903572, -5.7504195061655], [45.0028474420825, -5.70501283376136], [45.5656730367158, -5.52335047635834], [45.7622253739937, -5.40425352519926], [45.9611721032877, -5.35677766076262]]}, "properties": {"OBJECTID": 217, "id": null, "name": null, "size": null, "continent": null, "S2": null, "Type": null, "Shape__Length": 284247.8582710848}}, {"type": "Feature", "id": 218, "geometry": {"type": "LineString", "coordinates": [[-17.6527658184252, 12.6192382035089], [-17.771739822938, 12.5146054292528], [-17.9052536127881, 12.4051865769932], [-18.061019700797, 12.3505085857452], [-18.1277765961712, 12.1866003059218], [-18.2167857897041, 12.1047168463516], [-18.3280472813956, 12.0501540419635], [-18.4838133694044, 12.0501540419635], [-18.4393087730871, 12.2685308815189], [-18.3725518777129, 12.432533431131], [-18.3948041758715, 12.5967245924833], [-18.5505702638803, 12.5693462972035], [-18.5950748610959, 12.432533431131], [-18.7063363527874, 12.4051865769932], [-18.7730932472634, 12.3778449625492], [-18.8843547389549, 12.3231774471482], [-18.9956162306464, 12.295851546436]]}, "properties": {"OBJECTID": 218, "id": null, "name": null, "size": null, "continent": null, "S2": null, "Type": null, "Shape__Length": 266360.79777205165}}, {"type": "Feature", "id": 219, "geometry": {"type": "LineString", "coordinates": [[-19.4057809985108, 12.5545515356473], [-19.530706533122, 12.6351075854155], [-19.7299420752714, 12.6514969102378], [-19.9758925643088, 12.6358201511378], [-20.1127960875948, 12.6209766375461], [-20.1584305956562, 12.5021976071687], [-20.1584305956562, 12.3833639527876], [-20.1584305956562, 12.2347458088592], [-20.2953341189422, 12.130663285518], [-20.3713916317791, 12.0265401072779], [-20.4170261389422, 11.8628366178523], [-20.4474491446159, 11.6692422130576], [-20.5082951541667, 11.5649429410309], [-20.5843526670036, 11.5649429410309], [-20.8125252055141, 11.8032836348959], [-20.9494287288001, 11.7586104035892], [-21.1167552568615, 11.5649429410309], [-21.2536587801474, 11.5649429410309], [-21.2992932882089, 11.6543447093233], [-21.2992932882089, 11.8330617470194], [-21.247134026083, 11.9861712005114], [-21.4231441969918, 12.1074079781945]]}, "properties": {"OBJECTID": 219, "id": null, "name": null, "size": null, "continent": null, "S2": null, "Type": null, "Shape__Length": 395501.151931326}}, {"type": "Feature", "id": 221, "geometry": {"type": "LineString", "coordinates": [[-59.163521775631, -11.8667721790014], [-59.3516311655571, -11.9083375348993], [-59.4851281524198, -11.9498965319307], [-59.6489653634063, -12.0211256756313], [-59.8006664849229, -12.0923359672511], [-59.9518471306488, -12.1037815596736], [-60.0980006827721, -12.0923359672511]]}, "properties": {"OBJECTID": 221, "id": null, "name": null, "size": null, "continent": "Westeros", "S2": null, "Type": null, "Shape__Length": 108954.37901160799}}, {"type": "Feature", "id": 222, "geometry": {"type": "LineString", "coordinates": [[-72.1982633474787, -8.51065025563097], [-72.1528679871156, -8.40644798439419], [-72.1460442656398, -8.27366737385809], [-72.1213132874402, -7.94926071309966], [-72.071851331041, -7.80839999849108], [-71.991475652566, -7.70425497759094], [-71.9049172293165, -7.58782730455501], [-71.911099974091, -7.48975847766017], [-71.9729274191409, -7.39166757754032], [-71.9791101639154, -7.30582015481064], [-71.9791101639154, -7.21382247574329], [-71.8669493894541, -7.11525574551597], [-71.8668251901796, -7.1140905958854], [-71.8765775712969, -6.96142451309006]]}, "properties": {"OBJECTID": 222, "id": 23, "name": "Honeywine", "size": 0, "continent": "Westeros", "S2": 0, "Type": null, "Shape__Length": 190015.099166843}}, {"type": "Feature", "id": 223, "geometry": {"type": "LineString", "coordinates": [[-71.8765775712969, -6.96142451309006], [-71.9545966184387, -6.81367896475021], [-72.0667489999402, -6.72189149202379], [-72.1155109046284, -6.64535311982904], [-72.1336787760909, -6.51404577933335], [-72.1398615208653, -6.39117424887504], [-72.0965823092406, -6.28056461371755], [-72.0594858423904, -6.17607836831261], [-72.044728228173, -6.06749479570529], [-72.0521204278151, -6.05195426267378], [-72.0667489999402, -5.96989687701531], [-72.027739475471, -5.89292189327662]]}, "properties": {"OBJECTID": 223, "id": 23, "name": "Honeywine", "size": 0, "continent": "Westeros", "S2": 0, "Type": null, "Shape__Length": 132537.7624539802}}, {"type": "Feature", "id": 224, "geometry": {"type": "LineString", "coordinates": [[-71.8765775712969, -6.96142451309006], [-71.8497585229997, -6.86464441348076], [-71.7441658723665, -6.77197741745343], [-71.5834145154166, -6.53247392803266], [-71.5336290936499, -6.44665539318895]]}, "properties": {"OBJECTID": 224, "id": 23, "name": "Honeywine", "size": 0, "continent": "Westeros", "S2": 0, "Type": null, "Shape__Length": 70301.24505387952}}, {"type": "Feature", "id": 225, "geometry": {"type": "LineString", "coordinates": [[-72.1528679871156, -8.40644798439419], [-72.0223893755401, -8.40213260776039], [-71.8554552738156, -8.34096395248029], [-71.6947039168656, -8.32261148557797], [-71.5339525599157, -8.28590397364755], [-71.4288459032411, -8.26143039492468], [-71.3422874799916, -8.21859798245479], [-71.237180823317, -8.1635209451926], [-71.1815361230416, -8.11455719968884], [-71.1011604445666, -8.11455719968884], [-71.0146020213171, -8.13903982047626], [-70.915678109417, -8.19412023990221], [-70.8291196861676, -8.23695529825596], [-70.7611094972415, -8.26754893141686], [-70.6312718623673, -8.2797857212911], [-70.5261652056927, -8.2797857212911], [-70.4272412937926, -8.24919303561581], [-70.3406828705431, -8.21859798245479]]}, "properties": {"OBJECTID": 225, "id": null, "name": null, "size": null, "continent": "Westeros", "S2": null, "Type": null, "Shape__Length": 213728.6769808638}}, {"type": "Feature", "id": 227, "geometry": {"type": "LineString", "coordinates": [[-67.2925898314713, -8.67727122667312], [-67.5398996116707, -8.25531176267193], [-67.7191992020458, -8.13291930514271], [-67.9340871657756, -8.06349652457984], [-68.0998776420748, -7.95210764799087], [-68.2266585948031, -7.85076146929981], [-68.3189254191194, -7.67361919956539], [-68.3251081638938, -7.55105409921178], [-68.3791188879562, -7.47965841911425]]}, "properties": {"OBJECTID": 227, "id": 24, "name": "Torentine", "size": 0, "continent": "Westeros", "S2": 0, "Type": null, "Shape__Length": 190938.9675083137}}, {"type": "Feature", "id": 228, "geometry": {"type": "LineString", "coordinates": [[-67.9381624062997, -10.1274299484585], [-67.8043032052396, -9.99932248209576], [-67.7933921366447, -9.95848767424346], [-67.7253819468203, -9.8488566921507], [-67.5955443128444, -9.73918927922444], [-67.496620400046, -9.67824734102529], [-67.4100619776948, -9.59900630187297], [-67.2987725762458, -9.46486392692918], [-67.175117686146, -9.3672728967483], [-67.1442039640702, -9.25134794493928], [-67.1442039640702, -9.09875696404371], [-67.2183968977707, -8.8789118368288], [-67.2925898314713, -8.67727122667312]]}, "properties": {"OBJECTID": 228, "id": 24, "name": "Torentine", "size": 0, "continent": "Westeros", "S2": 0, "Type": null, "Shape__Length": 203449.4301814093}}, {"type": "Feature", "id": 229, "geometry": {"type": "LineString", "coordinates": [[-67.2925898314713, -8.67727122667312], [-67.2322288456985, -8.55445888197813], [-67.1442039640702, -8.5060971520795], [-67.0390973073956, -8.3898996455186], [-66.9649043736951, -8.24919303561581], [-66.9216251620704, -8.05946585625871], [-66.9092596725214, -7.85740046076867], [-66.8165185053958, -7.74714134298539], [-66.7608738051204, -7.58782730455501], [-66.8165185053958, -7.42845423374862], [-66.7917875271962, -7.31195266307007], [-66.6990463600706, -7.177018154754], [-66.6990463600706, -7.01136208217926], [-66.7153555058191, -6.88832332389111]]}, "properties": {"OBJECTID": 229, "id": 24, "name": "Torentine", "size": 0, "continent": "Westeros", "S2": 0, "Type": null, "Shape__Length": 224802.28530472578}}, {"type": "Feature", "id": 234, "geometry": {"type": "LineString", "coordinates": [[-62.4214773314421, -3.68070338265585], [-62.5265176259734, -3.8154662973347], [-62.549026260195, -3.90529654477255], [-62.6015464079098, -3.99511717783361]]}, "properties": {"OBJECTID": 234, "id": null, "name": null, "size": null, "continent": "Westeros", "S2": null, "Type": null, "Shape__Length": 40980.1264321387}}, {"type": "Feature", "id": 242, "geometry": {"type": "LineString", "coordinates": [[-64.6826585882576, 5.27884460275124], [-64.4735004279563, 5.17470038280124], [-64.2594544506508, 5.04160686879177], [-64.0426905387064, 5.00751251029435], [-63.8487438816911, 5.00751251029435], [-63.6662058503437, 4.99614732877825], [-63.4950764464608, 4.93931847201346], [-63.3125384160118, 4.85974990045417], [-63.2828867146208, 4.84043167079105], [-62.9588709807814, 4.75743366603679]]}, "properties": {"OBJECTID": 242, "id": 1, "name": "Blackwater Rush", "size": 2, "continent": "Westeros", "S2": 0, "Type": null, "Shape__Length": 203945.52740318357}}, {"type": "Feature", "id": 243, "geometry": {"type": "LineString", "coordinates": [[-63.1254762748574, 6.07196240697555], [-63.1071831315319, 6.02951620267197], [-63.0501399969043, 5.90470129639919], [-63.0615486234705, 5.84795791448711], [-63.1300003846643, 5.73445393678572], [-63.1414090121289, 5.57551052467418], [-63.0501399969043, 5.4733098061857], [-62.9816882348122, 5.39380826285119], [-62.9132364736183, 5.30293660987211], [-62.9360537276491, 5.18932825530651], [-62.83337608496, 5.10979020549878], [-62.7649243237662, 5.04160686879177], [-62.6280208004802, 4.89385187600418], [-62.6736553076433, 4.83701429026549], [-62.8676019655569, 4.83701429026549], [-62.966529247936, 4.81012967741771], [-62.9588709807814, 4.75743366603679]]}, "properties": {"OBJECTID": 243, "id": 1, "name": "Blackwater Rush", "size": 2, "continent": "Westeros", "S2": 0, "Type": null, "Shape__Length": 207090.06440938826}}, {"type": "Feature", "id": 244, "geometry": {"type": "LineString", "coordinates": [[-62.9588709807814, 4.75743366603679], [-62.8676019655569, 4.59824497074235], [-62.7192898157047, 4.4048966957891], [-62.5823862924188, 4.25700809533824], [-62.5823862924188, 4.12047029427039], [-62.5823862924188, 3.94976516550653], [-62.4568913965973, 3.7562569734807], [-62.342805127342, 3.72210395153347], [-62.2857619927144, 3.7334884396397], [-62.1260412153977, 3.79040865891209], [-61.9663204389793, 3.79040865891209], [-61.6925133924074, 3.71071931626806], [-61.4871581079276, 3.71071931626806], [-61.2361683153863, 3.65379394642668], [-60.9965871503096, 3.51715842894467], [-60.8140491189622, 3.34633595573149], [-60.7570059843346, 3.18687474484748], [-60.6429197150793, 3.05017398997042], [-60.4033385500026, 2.93624338392996], [-60.2436177726859, 2.89066786294133], [-60.1751660114921, 2.83369589006995], [-60.072488368803, 2.76532582551184], [-59.935584845517, 2.58298665240351], [-59.8899503383539, 2.42341833529998], [-59.7074123070065, 2.27523088676184], [-59.5362829031236, 2.27523088676184], [-59.3537448726745, 2.27523088676184], [-59.0457119455057, 2.14982957282309], [-58.8844248036758, 2.20671330992903], [-58.6920549828349, 2.20819187460834], [-58.4316909990127, 2.21793531754817]]}, "properties": {"OBJECTID": 244, "id": 1, "name": "Blackwater Rush", "size": 2, "continent": "Westeros", "S2": 0, "Type": null, "Shape__Length": 654694.1450965331}}, {"type": "Feature", "id": 245, "geometry": {"type": "LineString", "coordinates": [[-60.9937665193692, 5.70989725511802], [-60.9637546734994, 5.52142194937589], [-60.9737698962789, 5.39380826285119], [-60.9737698962789, 5.20069001851944], [-60.8482749995591, 5.0756994384485], [-60.7684146117991, 5.00751251029435], [-60.7798232383653, 4.9279521137517], [-60.8140491189622, 4.78017193282563], [-60.8825008810544, 4.64373113871158], [-60.9509526422482, 4.5186372039312], [-60.9281353882175, 4.41627153640853], [-60.8482749995591, 4.32526796290082], [-60.7227801037377, 4.24563085898009], [-60.6315110885131, 4.1773639380092], [-60.5288334458241, 4.09771169383], [-60.3805212959719, 4.02943202179152], [-60.3805212959719, 3.92700179479392], [-60.4489730571657, 3.74487278103556], [-60.4375644305995, 3.6310227838641], [-60.346295415375, 3.53993242723062], [-60.3006609073135, 3.43744507732228], [-60.2436177726859, 3.35772506361181], [-60.1067142493999, 3.32355734240026], [-60.072488368803, 3.23243766677653], [-60.1181228768644, 3.10713479462938], [-60.1720096810283, 3.03180150619552], [-60.1751660114921, 2.83369589006995]]}, "properties": {"OBJECTID": 245, "id": 1, "name": "Blackwater Rush", "size": 2, "continent": "Westeros", "S2": 0, "Type": null, "Shape__Length": 392249.77014036366}}, {"type": "Feature", "id": 247, "geometry": {"type": "LineString", "coordinates": [[-72.2773791522425, 5.12117277876312], [-72.0264435766219, 5.49865531909893], [-71.9043183539576, 5.61628547284804], [-71.7152212349357, 5.71037252379613], [-71.5970355353224, 5.74565119835741], [-71.4788498357091, 5.82012120862506], [-71.3527850899939, 5.89850003318666], [-71.2464179604317, 5.9886219793519], [-71.1676274940229, 6.06697681191837], [-71.084897504563, 6.13356947189585], [-70.998227991154, 6.20015381557804]]}, "properties": {"OBJECTID": 247, "id": null, "name": null, "size": null, "continent": "Westeros", "S2": null, "Type": null, "Shape__Length": 190920.84063400183}}, {"type": "Feature", "id": 251, "geometry": {"type": "LineString", "coordinates": [[-65.103692843499, 8.99822174074474], [-65.3461250986925, 9.0315899400119], [-65.4594870392662, 9.02538741468914], [-65.6398983082801, 8.95314604479998], [-65.8338449661937, 8.78406264418731], [-65.913705354852, 8.70513057101353], [-66.0962433853012, 8.70513057101353], [-66.2445555360516, 8.75023666158907], [-66.3814590584393, 8.6825754848942], [-66.5183625817253, 8.6825754848942], [-66.6324488509805, 8.78406264418731], [-66.6418441912983, 8.79334766841259], [-66.678083359042, 8.93060609978208], [-66.8492127629249, 8.97568459292114], [-67.0203421668078, 8.93060609978208], [-67.1458370626292, 8.86297791826027], [-67.2941492124814, 8.85170534122656], [-67.4310527357674, 8.85170534122656], [-67.5565476324871, 8.77278765922124], [-67.624999393681, 8.6600190436597], [-67.6592252742779, 8.58106086745794], [-67.7276770363701, 8.47951910142776], [-67.8417633056253, 8.46823502112844], [-68.0357099626406, 8.51336935365167], [-68.2866997551818, 8.4908028513071], [-68.5262809211569, 8.40052360315809], [-68.7886793402643, 8.28764502157144], [-68.9369914901165, 8.17473403758232], [-69.0738950134025, 7.9714139833005]]}, "properties": {"OBJECTID": 251, "id": 5, "name": "Tumblestone", "size": 0, "continent": "Westeros", "S2": 0, "Type": null, "Shape__Length": 520958.5792425069}}, {"type": "Feature", "id": 252, "geometry": {"type": "LineString", "coordinates": [[-65.103692843499, 8.99822174074474], [-65.2634136199174, 8.81788554123446], [-65.457360277831, 8.51336935365167], [-65.5258120390248, 8.08438220931929], [-65.5600379205201, 7.88101691887425], [-65.6398983082801, 7.79060010788512], [-65.7996190855968, 7.6888578667096], [-65.8566622202244, 7.57578233207764], [-65.8566622202244, 7.4287398190476], [-65.8338449661937, 7.30428074890355], [-65.8452535936582, 7.19110604458282], [-65.947931235449, 7.07790312746901], [-66.0163829975411, 6.96467243254168], [-66.0277916241073, 6.84008710402099], [-65.947931235449, 6.69280803814615], [-65.811027712163, 6.62481803873375], [-65.731167324403, 6.47747434767095], [-65.7882104590306, 6.38677985690724], [-65.9593398629135, 6.36410371391995], [-66.1190606393319, 6.36410371391995], [-66.2559641626178, 6.34142657081016], [-66.3814590584393, 6.28472935483357], [-66.5754057163529, 6.28472935483357], [-66.6552661050113, 6.20534288288793], [-66.7076898679877, 6.15860391836613], [-66.8217761372429, 6.11134021788421]]}, "properties": {"OBJECTID": 252, "id": 5, "name": "Red Fork", "size": 0, "continent": "Westeros", "S2": 0, "Type": null, "Shape__Length": 467864.76693405514}}, {"type": "Feature", "id": 253, "geometry": {"type": "LineString", "coordinates": [[-60.910459361441, 9.438618904017], [-61.5213839885245, 9.42615697411333], [-61.8636427962903, 9.44866540348291], [-62.2287188580868, 9.4374113720768], [-62.4568913965973, 9.47117236050356], [-62.7763329503324, 9.6961602650577], [-63.0501399969043, 9.75238380176748], [-63.4038074312363, 9.77487056490734], [-63.7688834930328, 9.75238380176748], [-63.9742387775126, 9.71865081426902], [-64.054099166171, 9.57243537078035], [-64.1681854354262, 9.34736593276885], [-64.270863077217, 9.32485092363183], [-64.4077666005029, 9.33610861046392], [-64.5446701237889, 9.36987948565151], [-64.6587563930442, 9.29107568729282], [-64.8070685428963, 9.17846810310036], [-64.8869289315547, 9.13341502935105], [-65.00101520081, 9.05455846124977], [-65.103692843499, 8.99822174074474]]}, "properties": {"OBJECTID": 253, "id": 5, "name": "Red Fork", "size": 0, "continent": "Westeros", "S2": 0, "Type": null, "Shape__Length": 515741.32748607517}}, {"type": "Feature", "id": 257, "geometry": {"type": "LineString", "coordinates": [[-60.910459361441, 9.438618904017], [-61.0422216574727, 9.57243537078035], [-61.2247596888201, 9.77487056490734], [-61.3502545846416, 9.94347259526377], [-61.4500946245196, 10.1054045122921], [-61.5107504715046, 10.1810868796648], [-61.5272563312323, 10.2195647838071], [-61.6354702577797, 10.2804144445931], [-61.8180082882289, 10.3589829656122], [-61.9891376921117, 10.4038704326844], [-62.1374498428622, 10.4711895195371], [-62.2515361121175, 10.5721407190908], [-62.4340741425666, 10.7515273810779], [-62.5823862924188, 10.897200642133], [-62.8105588309293, 11.0428026346513], [-62.9360537276491, 11.0987842326339], [-63.1984521467565, 11.1547551026444], [-63.3239470425779, 11.2219059139706], [-63.4722591924301, 11.3337891974808], [-63.643388596313, 11.4456287079149], [-63.8943783888543, 11.5350685247063], [-64.1339595548293, 11.6021297049639], [-64.3050889587122, 11.6691747750497], [-64.4648097351306, 11.7808805165912], [-64.5332614972227, 11.9706758594719], [-64.660369623564, 12.1447363929716], [-64.8235466330038, 12.3549358421233]]}, "properties": {"OBJECTID": 257, "id": 4, "name": "Blue Fork", "size": 0, "continent": "Westeros", "S2": 0, "Type": null, "Shape__Length": 567731.3817506806}}, {"type": "Feature", "id": 260, "geometry": {"type": "LineString", "coordinates": [[-52.3065112156607, 12.250992722426], [-52.603157816042, 12.2370183735379], [-52.7538173329018, 12.0975823408111], [-53.3353897964359, 12.0845793472456], [-53.464208386045, 12.309892981767], [-53.5184477915343, 12.4423403865557], [-53.803204672599, 12.5747202716105]]}, "properties": {"OBJECTID": 260, "id": null, "name": null, "size": null, "continent": "Westeros", "S2": null, "Type": null, "Shape__Length": 201676.92863023005}}, {"type": "Feature", "id": 261, "geometry": {"type": "LineString", "coordinates": [[-54.4146225906561, 15.4957049383909], [-54.5930411529264, 15.4437762683888], [-54.6998007806907, 15.4108441273976], [-54.789478867869, 15.3779067688005], [-54.8748865707991, 15.3573182736003], [-54.9602942728309, 15.3367277463216], [-55.0542427460539, 15.2873022046888], [-55.1097577529585, 15.2255038895681], [-55.1652727589647, 15.1678090891491], [-55.2293285361623, 15.1265888684854], [-55.3147362381941, 15.1018528862489], [-55.4428477925892, 15.0812373658904], [-55.5538778055, 15.0771140218569], [-55.6350151232836, 15.0771140218569], [-55.7161524401688, 15.064743510189], [-55.7887489876594, 15.0441243942412], [-55.8314528382261, 15.0070049593378], [-55.8869678451307, 14.9657535810202], [-55.9168605411562, 14.9203678942937], [-55.9339420817422, 14.8667179142964], [-55.9552940074747, 14.8006688618708], [-55.9937274737933, 14.7222094810976], [-56.0150793986275, 14.6809037189602], [-56.0265874076102, 14.6657227856212], [-56.0962167164111, 14.6189304500125], [-56.1693987570577, 14.5649882494457], [-56.3117771975901, 14.5059219961815], [-56.5871409679555, 14.420217201165], [-56.7253526673656, 14.3220598056127]]}, "properties": {"OBJECTID": 261, "id": null, "name": null, "size": null, "continent": "Westeros", "S2": null, "Type": null, "Shape__Length": 306360.1137526888}}, {"type": "Feature", "id": 262, "geometry": {"type": "LineString", "coordinates": [[-54.5298813284438, 16.1870777790905], [-54.6632766026602, 16.1122995903099], [-54.763102088034, 16.0620576482559], [-54.8534203847523, 16.0163721450449], [-54.9199707080354, 15.9935254687119], [-55.0197961934092, 15.9752462477486], [-55.1956791925181, 15.9478242867135], [-55.3192726504288, 15.9158272578044], [-55.4048373528194, 15.8929691168529], [-55.485648459984, 15.8426720701395], [-55.6187491074484, 15.7786395265737], [-55.7138209984945, 15.7420404150138], [-55.8326608620775, 15.7145867547324], [-55.9166360333021, 15.7081197392965], [-56.1368909134248, 15.6413589136804], [-56.2414699940247, 15.5864208245525], [-56.3412954793984, 15.5314680371524], [-56.450628154326, 15.4948247028707], [-56.5324128906298, 15.4870978684326], [-56.6502791250735, 15.462756454287], [-56.6555544654098, 15.4621209042896], [-56.8270515542301, 15.4621209042896], [-56.935530366107, 15.4555862625989], [-57.044009177984, 15.3640796669661], [-57.0372292520732, 15.2790732810481], [-56.9829898456856, 15.213660290403], [-56.9287504401963, 15.1089572816672], [-56.935530366107, 15.0434916349988], [-57.0711288807286, 14.9452554831243], [-57.2813065785718, 14.9387048048669], [-57.5186039791596, 14.8993965374038], [-57.5728433855472, 14.8600810933641], [-57.7830210833903, 14.7158633441242], [-57.8054026015076, 14.6364651598568], [-57.8339241683723, 14.5674643260044]]}, "properties": {"OBJECTID": 262, "id": null, "name": null, "size": null, "continent": "Westeros", "S2": null, "Type": null, "Shape__Length": 464882.33544355584}}, {"type": "Feature", "id": 265, "geometry": {"type": "LineString", "coordinates": [[-70.1596388596841, 20.4389301896277], [-70.1941427931159, 20.4882707039998], [-70.2181893808332, 20.5858500663858], [-70.1941427931159, 20.6983641110267], [-70.0258166817901, 20.9456008481836], [-69.977723507254, 21.1251535389755], [-69.9709185866188, 21.3344759592713], [-69.9932299840416, 21.3687629983151], [-70.0114676402286, 21.3664984607453], [-70.012210360119, 21.3697976381485], [-70.0498632695074, 21.3791477917828], [-70.1300185607005, 21.4015379854749], [-70.170096206297, 21.4463080829862], [-70.1620806773574, 21.5432628019121], [-70.1139875019228, 21.6177993221163], [-70.0258166817901, 21.6997451308612], [-69.9536769195367, 21.7593128137437], [-69.8013818660902, 21.8114142693462], [-69.6971799871799, 21.8411780219697], [-69.6170246959868, 21.9155602818513], [-69.6170246959868, 22.0344910901007], [-69.6490868126437, 22.1533220687273], [-69.6891644582402, 22.2943036036064], [-69.7073474815866, 22.3139299870272], [-69.7006330446567, 22.3238597985506], [-69.7532886906557, 22.4277340005899], [-69.8093973950298, 22.538828147998], [-69.7693197494333, 22.6350375022445], [-69.6490868126437, 22.6350375022445], [-69.552900462673, 22.694209814079], [-69.5288538749558, 22.7533565812104], [-69.5128228170765, 22.8346415802333], [-69.4246519960454, 22.8937274706301], [-69.2723569425989, 22.9011113993721], [-69.1841861224662, 22.8494154608073], [-69.1120463602128, 22.7385722866738], [-69.0238755391817, 22.6720231876579], [-68.9597513067662, 22.6424354362128], [-68.8475338989163, 22.6128413099863], [-68.7112699033491, 22.5758396978134], [-68.6391301410956, 22.5832408163316], [-68.6070680244387, 22.664626847996], [-68.5669903788422, 22.731179540151], [-68.5669903788422, 22.8124777508355], [-68.5509593200646, 22.9158780508467], [-68.4948506165887, 22.9970658596391], [-68.4948506165887, 23.0708306174516], [-68.4708040288715, 23.2108721963915], [-68.3826332087388, 23.2329706387833], [-68.2704158008888, 23.2697932448233], [-68.1341518053216, 23.3581259656817], [-67.9257480475009, 23.4611065104226], [-67.6692511151441, 23.6815084695574], [-67.6291734695476, 23.8135716286946], [-67.6135079846664, 23.9432484219044]]}, "properties": {"OBJECTID": 265, "id": 9, "name": " ", "size": 0, "continent": "Westeros", "S2": 0, "Type": null, "Shape__Length": 701536.768916339}}, {"type": "Feature", "id": 273, "geometry": {"type": "LineString", "coordinates": [[-68.6146197576888, 20.2031914722953], [-68.5586533716084, 20.263775677191], [-68.489042572594, 20.3756823019795], [-68.5487089711076, 20.4781921215189], [-68.5785421708135, 20.5899429434895], [-68.4790981729915, 20.6923093264135], [-68.3398765758609, 20.7388166961855], [-68.2503769776414, 20.7853097764492], [-68.1086692812839, 20.875930083364], [-68.0813221817032, 20.9525661439002], [-68.0216557831896, 21.0361243716323], [-67.8824341860591, 21.0918038455795], [-67.8128233870446, 21.1103590358517], [-67.782990188237, 21.1474624565679], [-67.7929345878395, 21.2401803268985], [-67.8028789874421, 21.2679843329594], [-67.782990188237, 21.3235765862131], [-67.6531720818387, 21.4051822734141], [-67.6338241915039, 21.4532099157251], [-67.6437685911064, 21.5364848533217], [-67.6736017899141, 21.6382004896997], [-67.6934905900175, 21.7490813518718], [-67.6934905900175, 21.8414167431651], [-67.6736017899141, 21.9152421516346], [-67.5841021925929, 21.9613636148724], [-67.4747137942699, 21.9613636148724], [-67.3454365976402, 21.9613636148724], [-67.2957145987292, 22.0627781180098], [-67.2062150005097, 22.1364884720644]]}, "properties": {"OBJECTID": 273, "id": 8, "name": " ", "size": 0, "continent": "Westeros", "S2": 0, "Type": null, "Shape__Length": 334116.305048147}}, {"type": "Feature", "id": 276, "geometry": {"type": "LineString", "coordinates": [[-68.7376525671492, 23.7936883333733], [-68.5984309700186, 23.6480202370111], [-68.568597771211, 23.5021897905579], [-68.489042572594, 23.4474616732978], [-68.4708040288715, 23.2108721963915]]}, "properties": {"OBJECTID": 276, "id": null, "name": null, "size": null, "continent": "Westeros", "S2": null, "Type": null, "Shape__Length": 81379.76984296294}}, {"type": "Feature", "id": 278, "geometry": {"type": "LineString", "coordinates": [[-60.7944372200536, 28.0726218432521], [-60.801938383543, 28.1392341103065], [-60.8609875433366, 28.1648577284328], [-60.9257633058614, 28.162968290339], [-60.9560594343827, 28.1983783656669], [-60.8800019215459, 28.2486396101549], [-60.8514803546812, 28.3072477999061], [-60.7944372200536, 28.357457707146], [-60.7849300304998, 28.3825537613156], [-60.7849300304998, 28.4160059292132], [-60.8419731651274, 28.5162990159816], [-60.8419731651274, 28.5915392330797], [-60.8134515982628, 28.6248423162325], [-60.7157993064446, 28.6318177186331], [-60.6135091529516, 28.6129145838658], [-60.5704396144024, 28.6270922546166], [-60.5422952168879, 28.6831363268009]]}, "properties": {"OBJECTID": 278, "id": 15, "name": " ", "size": 0, "continent": "Westeros", "S2": 0, "Type": null, "Shape__Length": 128244.50924026777}}, {"type": "Feature", "id": 279, "geometry": {"type": "LineString", "coordinates": [[-56.7022815602154, 25.3098406757526], [-56.7094826765184, 25.2186681680397], [-56.7526893797267, 25.1209074642663], [-56.7310860281226, 24.9904381384637], [-56.6878793258126, 24.8924951434615], [-56.6302703890999, 24.8010115276692], [-56.6230692718985, 24.7487048365575], [-56.6734770914099, 24.7029184158844], [-56.7166837937198, 24.6178418384379]]}, "properties": {"OBJECTID": 279, "id": null, "name": null, "size": null, "continent": "Westeros", "S2": null, "Type": null, "Shape__Length": 92166.39384334709}}, {"type": "Feature", "id": 280, "geometry": {"type": "LineString", "coordinates": [[-56.7166837937198, 24.6178418384379], [-56.6734770914099, 24.2900857224907], [-56.6734770914099, 24.1915930692796], [-56.6230692718985, 24.1061711888429], [-56.4790469305659, 24.0667264637821], [-56.4358402273577, 23.9812212924248], [-56.3638290571405, 23.8429776352069], [-56.3566279399391, 23.6979926778303], [-56.3494268227378, 23.5726486324489]]}, "properties": {"OBJECTID": 280, "id": null, "name": null, "size": null, "continent": "Westeros", "S2": null, "Type": null, "Shape__Length": 143996.15538039536}}, {"type": "Feature", "id": 281, "geometry": {"type": "LineString", "coordinates": [[-56.3494268227378, 23.5726486324489], [-56.1549966609955, 23.4802132032773], [-55.8741530946334, 23.3017619790916], [-55.6403802780803, 23.1286442680524]]}, "properties": {"OBJECTID": 281, "id": null, "name": "Broken Branch", "size": null, "continent": "Westeros", "S2": null, "Type": null, "Shape__Length": 95825.37013496438}}, {"type": "Feature", "id": 282, "geometry": {"type": "LineString", "coordinates": [[-56.3494268227378, 23.5726486324489], [-56.5294547500772, 23.6188419762609], [-56.5706213451393, 23.6411280557112], [-56.5897979429191, 23.655348352676], [-56.8044940929796, 23.7886066961263], [-56.8718827312723, 23.822456642139], [-57.0962890955305, 23.8604672306117], [-57.2397202187437, 23.8522686883816], [-57.3786691187951, 23.8399699008184], [-57.5265824642718, 23.7784584759696], [-57.6565669197961, 23.7579481956976], [-57.7731047067331, 23.7497431782538], [-57.9255002753716, 23.7456404760456], [-58.0599669531594, 23.7169179402892], [-58.145129182455, 23.6799796703809], [-58.2930425279317, 23.6594538942891], [-58.3032848070858, 23.6622682789541], [-58.3513373723813, 23.6650190404773], [-58.4593541286053, 23.6913986162463]]}, "properties": {"OBJECTID": 282, "id": null, "name": null, "size": null, "continent": "Westeros", "S2": null, "Type": null, "Shape__Length": 247519.10149554553}}, {"type": "Feature", "id": 283, "geometry": {"type": "LineString", "coordinates": [[-56.7166837937198, 24.6178418384379], [-56.846303901548, 24.7356247213044], [-56.954320657772, 24.8010115276692], [-57.0839407656001, 24.8010115276692], [-57.3575832147609, 24.8075483140324], [-57.5088066732949, 24.8140847556996], [-57.6024211951162, 24.8532961625271], [-57.6096223123175, 25.0100173878181], [-57.6888346006344, 25.1078667846985], [-57.7752480052543, 25.1469846474726]]}, "properties": {"OBJECTID": 283, "id": null, "name": null, "size": null, "continent": "Westeros", "S2": null, "Type": null, "Shape__Length": 153011.45930011035}}, {"type": "Feature", "id": 284, "geometry": {"type": "LineString", "coordinates": [[-63.045104265102, 34.3574717616643], [-62.9752317455228, 34.3961257857793], [-62.8409278388713, 34.4772181313472], [-62.6944386590898, 34.5688286117232], [-62.513003125599, 34.696788987697], [-62.3466872201985, 34.865323247829], [-62.1825312617965, 35.0441237389561], [-62.1044646111312, 35.1413261832602], [-62.0756878652336, 35.1722057385876], [-61.9838161541153, 35.2260626675204], [-61.8887784942715, 35.2789780892156], [-61.7527018441534, 35.3371451431377], [-61.6008196941407, 35.3860783877058], [-61.5667842698587, 35.4024990073899], [-61.5041293057523, 35.4538606134785], [-61.4512718693944, 35.5112491458374], [-61.3833509379733, 35.5729084569123], [-61.3257769726746, 35.6040618143884], [-61.2307148013999, 35.6287911757477], [-61.1925609213405, 35.6657483616353], [-61.1581298547529, 35.708518991843], [-61.131830314761, 35.7708535664765], [-61.131830314761, 35.8356227909639], [-61.1432389422255, 35.9095800666967], [-61.2002820768531, 35.9926994462556], [-61.3485942267053, 36.0941709736105], [-61.534991570532, 36.1945190292725], [-61.6816786788149, 36.3011382036751], [-61.814503252433, 36.4366112774093], [-61.8505738117878, 36.5262554019425], [-61.9532514535786, 36.5904033232619], [-62.0673377228338, 36.6544979696421], [-62.1700153655229, 36.7185393044661], [-62.2498757541812, 36.8373316555113], [-62.352553395972, 37.0561564698631], [-62.455231038661, 37.1380536218781], [-62.6605863231408, 37.2107767459062], [-62.8431243535899, 37.2652731390376], [-62.9914365043404, 37.3378736916374], [-63.0712968921004, 37.4194655080793], [-63.2310176694171, 37.5823826731756], [-63.2424262959833, 37.6637078864288], [-63.2880608040448, 37.7720030448494], [-63.3222866846417, 37.898147208665], [-63.3222866846417, 37.9971090907581], [-63.2978840496616, 38.170750936615], [-63.3522661911613, 38.3760858622445], [-63.3742780103184, 38.5089380515159], [-63.3733805017214, 38.5594866481846], [-63.3573814364427, 38.5907564721675], [-63.3059026158052, 38.6201298088332], [-63.2793216264482, 38.627959848093], [-63.1625659082233, 38.6237374737646], [-63.0460693404831, 38.6256428744546], [-62.9734484145124, 38.6422969278258], [-62.8718906107582, 38.7001791068145], [-62.8136240300024, 38.7850114631945], [-62.7916122117436, 38.8949412499926], [-62.7980862756732, 39.0077196539392], [-62.8434047267733, 39.0730890880127], [-63.0028451309066, 39.1830627761191], [-63.2196090428509, 39.3244112673272], [-63.2418449647219, 39.3436333264307], [-63.299469430611, 39.4566665686327], [-63.3451039386724, 39.6414026095064], [-63.4477815813615, 39.7379727256795], [-63.6645454924075, 39.7818235692548], [-63.8470835237549, 39.8519268294182], [-63.9611697930101, 39.9919187509671], [-63.995395673607, 40.0879971113666], [-63.9725784195763, 40.2187948032414], [-63.9497611655456, 40.331948960934], [-63.9921052210781, 40.5172989930902], [-64.0062510915702, 40.537868381024], [-64.0648520010202, 40.571261541976], [-64.1049328149747, 40.5836870377094], [-64.1678791422537, 40.5836870377094], [-64.2089917306009, 40.5916454256477], [-64.3429691050365, 40.6458836155591], [-64.3651855909581, 40.6613100503209], [-64.4289234965974, 40.7740311783338], [-64.4403321231636, 40.9465994533592], [-64.4517407506281, 41.0757305050498], [-64.4517407506281, 41.1874393040436], [-64.4136336602186, 41.2250063863955], [-64.4045376376552, 41.3002181138062], [-64.3915604052792, 41.4462935668868], [-64.4132912637548, 41.4816702359543], [-64.6022871713903, 41.5625280770927], [-64.6479216794518, 41.6762451760963], [-64.624665536421, 41.7225494050991], [-64.6479216794518, 41.8124409375996]]}, "properties": {"OBJECTID": 284, "id": 35, "name": "Milkwater", "size": 0, "continent": "Westeros", "S2": 1, "Type": null, "Shape__Length": 1420148.0156489566}}, {"type": "Feature", "id": 288, "geometry": {"type": "LineString", "coordinates": [[-63.3522661911613, 38.3760858622445], [-63.4325445901759, 38.4359503187766], [-63.5775636329775, 38.5069116124137], [-63.7342359926489, 38.5180563224626], [-63.8024231227364, 38.5483084121162], [-63.8256080338567, 38.5760805314819], [-63.8460744435013, 38.6625751747234], [-63.8770761052535, 38.6955307125867], [-64.0954887877652, 38.8425188651036], [-64.3284801248184, 38.939280642964], [-64.5693903042388, 38.9493389546131], [-64.7451599925527, 38.9218239702918], [-64.8060815198763, 38.9178184613922], [-64.9955358818187, 38.9374696794332], [-65.0279820067, 38.9545200915804], [-65.2107472740851, 39.1401340570747], [-65.3020162893096, 39.269793600713], [-65.3020162893096, 39.5048183344258], [-65.2814491632503, 39.5515028403768], [-65.2589011055641, 39.5688863982698], [-65.2360838515335, 39.5908690271968], [-65.1733364031736, 39.6611665763893], [-65.1733364031736, 39.7226183346738], [-65.2246752249672, 39.7971647677621], [-65.2715932845342, 39.8327756404413], [-65.347650797371, 39.9494880398178], [-65.4541313149833, 39.9844630013174]]}, "properties": {"OBJECTID": 288, "id": null, "name": null, "size": null, "continent": "Westeros", "S2": null, "Type": null, "Shape__Length": 397368.2159505083}}, {"type": "Feature", "id": 292, "geometry": {"type": "LineString", "coordinates": [[-32.916750037105, 7.13951944477511], [-33.1790305631112, 7.31236007636445], [-33.2082162311092, 7.40538698177733], [-33.2123856123801, 7.49847594543142], [-33.256164113928, 7.63331994259615], [-33.3541445702009, 7.72410639984087], [-33.3562292608364, 7.81249572711906], [-33.3145354490257, 7.90094086121886], [-33.3458058076591, 7.99681942795785], [-33.3770761662926, 8.07061677648867], [-33.4643641293506, 8.0893824786931], [-33.5556331454735, 8.22490086640128], [-33.6316906583103, 8.48075307749902]]}, "properties": {"OBJECTID": 292, "id": 69, "name": "Darkwater", "size": 0, "continent": "Essos", "S2": 1, "Type": null, "Shape__Length": 186777.79352969152}}, {"type": "Feature", "id": 293, "geometry": {"type": "LineString", "coordinates": [[-30.984054506728, 4.5865907050031], [-31.0690727001509, 4.71676971728617], [-31.2434847546945, 4.74920249979643], [-31.4868687955927, 4.74920249979643], [-31.6541953245524, 4.84015212204154], [-31.7606758421647, 5.0068611837247], [-31.9127908678384, 5.14322796995928], [-32.0074409872821, 5.26587339265897], [-32.0561733643469, 5.36903837276995], [-32.0649058935121, 5.67325860045424], [-32.0649058935121, 5.8851371025292], [-32.2322324215735, 6.23304661848077], [-32.4451934576963, 6.45982069511935], [-32.7950580171051, 6.89795944995219], [-32.916750037105, 7.13951944477511], [-32.8559040266559, 7.33569325572078], [-32.7037890009822, 7.53178063502646], [-32.5820969809823, 7.83327955905089], [-32.3691359448594, 8.0893824786931], [-32.3843474472471, 8.36037293902342], [-32.559767569643, 8.48328893279797], [-32.5786396843556, 8.51421617764126], [-32.6161641139971, 8.57840727228302], [-32.6161641139971, 8.74148511138141], [-32.5994865898118, 8.88990115249501], [-32.5786396843556, 8.9641675847087]]}, "properties": {"OBJECTID": 293, "id": 69, "name": "Darkwater", "size": 0, "continent": "Essos", "S2": 1, "Type": null, "Shape__Length": 624245.2697621133}}, {"type": "Feature", "id": 295, "geometry": {"type": "LineString", "coordinates": [[-33.8294401911471, 6.26328890474551], [-33.4947871350243, 6.23304661848077], [-33.2209800884524, 6.05155657667769], [-33.053653560391, 5.91539893698966], [-32.8406925242682, 5.91539893698966], [-32.4908279657577, 5.80947532766455], [-32.2626554272472, 5.62784583555973], [-32.0561733643469, 5.36903837276995]]}, "properties": {"OBJECTID": 295, "id": null, "name": null, "size": null, "continent": null, "S2": null, "Type": null, "Shape__Length": 232011.80644342344}}, {"type": "Feature", "id": 296, "geometry": {"type": "LineString", "coordinates": [[-33.7319302077413, -1.23791339517604], [-33.6164791550243, -1.01045690063717], [-33.6164791550243, -0.812732493553032], [-33.6012676526366, -0.599787758917965], [-33.4035181197998, -0.447679132904457], [-33.2514030941261, -0.402045881569692], [-33.1601340780033, -0.265144711332727], [-33.1297110732278, -0.0521846143513945], [-32.9319615394927, 0.160776203562731], [-32.5668854785945, 0.328101149411431], [-32.3691359448594, 0.495423297045297], [-32.2626554272472, 0.601898918207574], [-32.1865979144103, 0.738793039078181], [-32.0344828887367, 0.830053491183802], [-31.9127908678384, 0.860473185029797], [-31.8215218526138, 0.890892637207425], [-31.7606758421647, 1.08861256775671], [-31.608560816491, 1.21028007798277], [-31.5629263084296, 1.46880473109923], [-31.4868687955927, 1.62086442362043], [-31.2282732523068, 1.78811685554525], [-30.9088316985717, 1.9249484830455], [-30.6806591600612, 1.94015133337652], [-30.6046016472244, 2.00096135843013], [-30.4524866215507, 2.16817709470157], [-30.3612176063262, 2.24417822596212], [-30.0874105597542, 2.41136662174946], [-29.8896610260191, 2.38097021745031], [-29.6006424779577, 2.36577176377011], [-29.3572584361612, 2.532945360251], [-28.8857018567525, 2.51774863090681], [-28.8794617680218, 2.5040336151089], [-28.6779380308924, 2.5174531676232]]}, "properties": {"OBJECTID": 296, "id": 68, "name": "Qhoyne", "size": 0, "continent": "Essos", "S2": 1, "Type": null, "Shape__Length": 786733.2106432625}}, {"type": "Feature", "id": 297, "geometry": {"type": "LineString", "coordinates": [[-28.6779380308924, 2.5174531676232], [-28.4445682821191, 2.30497629320042], [-28.3685107692823, 2.24417822596212], [-28.2163957436086, 2.16817709470157], [-28.0490692155472, 2.35057314352712], [-27.9121656922612, 2.4569599509428], [-27.7448391641998, 2.47215738282868], [-27.5470896313631, 2.48735464157728], [-27.3797631024034, 2.39616850350008], [-27.2580710824034, 2.27457758034212], [-27.1363790615051, 2.19857801325905], [-26.9386295286683, 2.19857801325905], [-26.7865145029946, 2.22897831165692], [-26.6648224820964, 2.36577176377011]]}, "properties": {"OBJECTID": 297, "id": 68, "name": "Qhoyne", "size": 0, "continent": "Essos", "S2": 1, "Type": null, "Shape__Length": 268599.37193562964}}, {"type": "Feature", "id": 298, "geometry": {"type": "LineString", "coordinates": [[-28.6779380308924, 2.5174531676232], [-28.4749912877928, 2.68490267279808], [-28.4597797854051, 2.83684108845769], [-28.3228762621192, 3.03433102542597], [-28.3685107692823, 3.21659746003329], [-28.4141452773437, 3.42920032852923], [-28.2772417540577, 3.52030154552402], [-28.0947037236086, 3.61139385232081], [-28.0490692155472, 3.73283600527212], [-28.0186462107718, 3.86943832907817], [-27.7296276618121, 3.85426136680367], [-27.6535701489753, 4.06671371088119], [-27.4937198938834, 4.27303103259168], [-27.5775126361385, 4.41561965565668]]}, "properties": {"OBJECTID": 298, "id": 68, "name": "Qhoyne", "size": 0, "continent": "Essos", "S2": 1, "Type": null, "Shape__Length": 294341.587316181}}, {"type": "Feature", "id": 299, "geometry": {"type": "LineString", "coordinates": [[-27.3265228435972, -3.60169607030113], [-27.3113113412095, -3.85974339829751], [-27.4177918588218, -4.05702109251735], [-27.5546953821077, -4.16322774198111], [-27.9045599415165, -4.04184756578666], [-28.1631554848025, -3.84456626198675], [-28.3152705104761, -3.81421118169907], [-28.4217510289867, -3.90527317290235], [-28.4673855361498, -4.07219433424232], [-28.4825970385375, -4.23908088279773], [-28.5586545513744, -4.36043037198821], [-28.7107695770481, -4.36043037198821], [-28.9085191107832, -4.20874051164152], [-28.9541536188446, -4.07219433424232], [-29.2127491621305, -4.04184756578666]]}, "properties": {"OBJECTID": 299, "id": null, "name": null, "size": null, "continent": null, "S2": null, "Type": null, "Shape__Length": 327241.49475890957}}, {"type": "Feature", "id": 300, "geometry": {"type": "LineString", "coordinates": [[-29.4713447054165, -6.08727272268607], [-29.7755747567638, -6.05702040698763], [-29.8972667776621, -5.96625332129057], [-29.9429012857235, -5.84520720082643], [-29.9429012857235, -5.69386278893745], [-29.8668437728867, -5.61817556652294], [-29.8212092648253, -5.52733792695998], [-29.7907862600498, -5.46677174265258], [-29.8212092648253, -5.33047552530331], [-29.9124782800498, -5.31532961958646], [-30.1102278137849, -5.37591099781459], [-30.1710738242341, -5.49705560453646], [-30.2167083313972, -5.61817556652294], [-30.3079773466217, -5.72413489399012], [-30.42966936752, -5.7392703458567], [-30.5817843931937, -5.64845164285306], [-30.7186879164796, -5.51219695836926]]}, "properties": {"OBJECTID": 300, "id": null, "name": null, "size": null, "continent": null, "S2": null, "Type": null, "Shape__Length": 262397.5005058122}}, {"type": "Feature", "id": 301, "geometry": {"type": "LineString", "coordinates": [[-31.3043307651436, -12.0553817627074], [-31.2982801122418, -11.9827850802379], [-31.286861198169, -11.8095933174613], [-31.2468949984649, -11.6586595836453], [-31.1041585703087, -11.5300216187674], [-30.9328748565213, -11.4013247106594], [-30.8015573433362, -11.2389716445498], [-30.65882091518, -11.0485102807134], [-30.4190237160572, -10.9252045291085], [-30.2591589172409, -10.7850221861622], [-30.0821657459679, -10.5605948164594], [-29.8880442040348, -10.3528534058678], [-29.6596659198831, -10.251740066413], [-29.4655443770517, -10.2180284314096], [-29.288551206677, -10.1224927501341], [-29.1629431500792, -10.0100614286315], [-29.0658823791126, -9.86946754503416], [-29.0144972653357, -9.67816365844009], [-29.0544634650398, -9.55432058104336], [-29.0658823791126, -9.3008654224577], [-29.0944296647439, -9.13179293308132], [-29.1401053219335, -9.0190332767586], [-29.2200377213417, -8.91751944841774], [-29.2371660929001, -8.79905099286122], [-29.1515242360063, -8.69747639484586], [-28.9003081228107, -8.60716472224043], [-28.7747000662129, -8.54506293142271], [-28.723314952436, -8.46036238475032], [-28.7290244090233, -8.34175036205338], [-28.7689906087274, -8.2683057926766], [-28.8831797512523, -8.20614969433076], [-28.9916594362917, -8.13267995433174], [-29.0944296647439, -8.02527691537932], [-29.2086188072688, -7.91219041734928], [-29.3741930635707, -7.91219041734928], [-29.5055105776541, -7.98570019780679], [-29.6539564623976, -8.0422371873224], [-29.7909834330682, -8.03658384178669], [-29.8823347474475, -7.98570019780679], [-29.9508482327828, -7.84997959030094], [-29.9280104037388, -7.7594745057762], [-29.8709158324763, -7.66894993747728], [-29.7510172333641, -7.61236228595549], [-29.6311186342519, -7.57840610544902], [-29.5911524336495, -7.56708678330697], [-29.4940916626829, -7.49916462611091], [-29.4655443770517, -7.43689333404909], [-29.3913214351291, -7.29533492382693], [-29.288551206677, -7.22170679622524], [-29.0087878078501, -7.22170679622524], [-28.7861189802858, -7.26701783997591], [-28.6040213623795, -7.29889345565459]]}, "properties": {"OBJECTID": 301, "id": 56, "name": "Volaena", "size": 0, "continent": "Essos", "S2": 1, "Type": null, "Shape__Length": 937412.847274718}}, {"type": "Feature", "id": 304, "geometry": {"type": "LineString", "coordinates": [[-27.9011531275139, -7.97439185906484], [-28.095274669447, -7.83301138122543], [-28.2893962113801, -7.74815999587084], [-28.5349028670902, -7.7142146437964], [-28.6319636380567, -7.79341620796134], [-28.6376730955423, -7.92350047129132], [-28.546321781163, -8.04789045404437], [-28.5234839530173, -8.13267995433174], [-28.5291934105029, -8.18354506217786], [-28.5977068958382, -8.234403676095], [-28.6890582093192, -8.25700540985584], [-28.7689906087274, -8.2683057926766]]}, "properties": {"OBJECTID": 304, "id": null, "name": null, "size": null, "continent": null, "S2": null, "Type": null, "Shape__Length": 168580.75057901634}}, {"type": "Feature", "id": 305, "geometry": {"type": "LineString", "coordinates": [[-29.7966928905538, -7.23303498375123], [-29.8594969184035, -7.35196371012066], [-30.0079428040453, -7.41424703268715], [-30.1278414031575, -7.41424703268715], [-30.2249021741241, -7.44255472630512], [-30.3105440310178, -7.49916462611091], [-30.3505102307219, -7.58406565542521], [-30.3276724025762, -7.65763300758111], [-30.2420305456825, -7.68592476828975], [-30.1050035750118, -7.69158289388977], [-29.9736860609285, -7.69158289388977], [-29.8709158324763, -7.66894993747728]]}, "properties": {"OBJECTID": 305, "id": null, "name": null, "size": null, "continent": null, "S2": null, "Type": null, "Shape__Length": 139896.9545051893}}, {"type": "Feature", "id": 306, "geometry": {"type": "LineString", "coordinates": [[-28.2323016401176, -9.3008654224577], [-28.3522002392299, -9.42480009074952], [-28.4264231820508, -9.50364448144947], [-28.5006461248717, -9.57684087372017], [-28.5577406961342, -9.61624778934394], [-28.6776392952464, -9.61061851028271], [-28.8032473518442, -9.60498913845481], [-28.8888892087379, -9.61624778934394], [-29.0144972653357, -9.67816365844009]]}, "properties": {"OBJECTID": 306, "id": null, "name": null, "size": null, "continent": null, "S2": null, "Type": null, "Shape__Length": 103526.16177981086}}, {"type": "Feature", "id": 307, "geometry": {"type": "LineString", "coordinates": [[-39.3835400661473, -0.966730341226775], [-39.4900205846578, -0.966730341226775], [-39.6193183563008, -0.852658470197046], [-39.7105873715253, -0.738583219050055], [-39.8170678891376, -0.685347072490305], [-39.9615771640666, -0.685347072490305], [-40.1315539602697, -0.698357427575641]]}, "properties": {"OBJECTID": 307, "id": null, "name": null, "size": null, "continent": null, "S2": null, "Type": null, "Shape__Length": 95628.86504770615}}, {"type": "Feature", "id": 308, "geometry": {"type": "LineString", "coordinates": [[-38.5614965457548, -5.22656702083467], [-38.5672008585887, -5.35720700009875], [-38.5158620376933, -5.4537490733881], [-38.4759318433642, -5.53892036932919], [-38.4759318433642, -5.61840250662417], [-38.5272706642596, -5.69219764038054], [-38.6185396803824, -5.7262537452006], [-38.7041043818747, -5.74895668848478], [-38.8353035914284, -5.80571007639236], [-38.9037553535206, -5.87380659246593], [-38.9094596663545, -5.99295540667929], [-38.8809380994898, -6.08939018497767], [-38.7953733970992, -6.18580765087368], [-38.7440345762039, -6.25952680484403], [-38.7212173221732, -6.35591306123912], [-38.7896690842653, -6.42960802815662], [-38.8752337857576, -6.46361749475326], [-38.9436855478497, -6.49762467444225], [-38.9779114284467, -6.54296400343835], [-38.9950243687451, -6.59396582819397], [-39.029250249342, -6.63929638006766], [-39.0463631896405, -6.70728437169811], [-39.0715184735898, -6.79501378277692]]}, "properties": {"OBJECTID": 308, "id": null, "name": null, "size": null, "continent": null, "S2": null, "Type": null, "Shape__Length": 230630.84751966293}}, {"type": "Feature", "id": 309, "geometry": {"type": "LineString", "coordinates": [[-39.0214859001356, -7.51716544397387], [-38.8467122188929, -7.53933874172433], [-38.7440345762039, -7.61284747624264], [-38.6641741875455, -7.67503733607272], [-38.5786094860532, -7.65242389007986], [-38.4279269624406, -7.5073502505193], [-38.3333240072443, -7.35834122403412], [-38.2420549911214, -7.33571130484191], [-38.1393773493307, -7.33571130484191], [-38.0195867663431, -7.28478978242591], [-37.9511350051493, -7.20556704116512], [-37.9340220648508, -7.05274133844698], [-37.9055004970879, -6.91119105251725], [-37.8883875567894, -6.79792025477358]]}, "properties": {"OBJECTID": 309, "id": null, "name": null, "size": null, "continent": null, "S2": null, "Type": null, "Shape__Length": 192429.76633097176}}, {"type": "Feature", "id": 310, "geometry": {"type": "LineString", "coordinates": [[-40.526326906021, -9.31382051182348], [-40.706318407574, -9.48554924735505], [-40.7918831090663, -9.59805710482836], [-40.7975874227986, -9.68803652232227], [-40.7519529147371, -9.80047685324655], [-40.6492752729464, -9.95221078004077], [-40.603640764885, -10.075793772507], [-40.5580062577218, -10.221785313035], [-40.4838501827958, -10.3452642849855], [-40.4153984207036, -10.4967402359283], [-40.3697639135405, -10.5752541894688], [-40.2784948974176, -10.6481420249766], [-40.2385647030885, -10.7210124313671], [-40.2271560765223, -10.810674991795], [-40.2328603902545, -10.9339172325023], [-40.2328603902545, -11.0850990537498], [-40.2556776442852, -11.197035281956], [-40.2885707600721, -11.3587707226079]]}, "properties": {"OBJECTID": 310, "id": null, "name": null, "size": null, "continent": null, "S2": null, "Type": null, "Shape__Length": 261086.37220613303}}, {"type": "Feature", "id": 314, "geometry": {"type": "LineString", "coordinates": [[-22.6482819803946, -0.162264623429134], [-22.7719568804673, -0.322415126271952], [-22.924071906141, -0.474526428623538], [-23.1332300664423, -0.569594362232673], [-23.2948522807714, -0.759725263226316], [-23.4469673064451, -1.12094919670446], [-23.6751398449556, -1.41559953181976], [-23.8652836270477, -1.6151805760117], [-23.979369896303, -1.82424441410764]]}, "properties": {"OBJECTID": 314, "id": null, "name": null, "size": null, "continent": null, "S2": null, "Type": null, "Shape__Length": 242169.8295495711}}, {"type": "Feature", "id": 315, "geometry": {"type": "LineString", "coordinates": [[-14.3020021072195, 4.33860866836104], [-14.7127126761791, 4.30827223550215], [-15.108211742751, 4.20208524864954], [-15.382018789323, 3.98966825375275], [-15.5949798254458, 3.74683887095636], [-15.7775178558949, 3.62539862657694], [-15.9448443839563, 3.54949015675663], [-16.2338629329159, 3.23060800409994], [-16.3099204457528, 3.03315392246106], [-16.2338629329159, 2.72930881330032], [-16.1425939176914, 2.56216070784836], [-16.1425939176914, 2.39499077961852], [-16.2338629329159, 2.2430003755238], [-16.3251319481405, 2.16699918408835], [-16.5377580635793, 2.04303349167535]]}, "properties": {"OBJECTID": 315, "id": null, "name": null, "size": null, "continent": null, "S2": null, "Type": null, "Shape__Length": 417606.3474394844}}, {"type": "Feature", "id": 316, "geometry": {"type": "LineString", "coordinates": [[-15.6710373382826, -1.80238882875715], [-15.4428647997721, -1.60472679623297], [-15.0777887379756, -1.42225252338717], [-14.8039816914037, -1.10288893851938], [-14.5605976505054, -0.874750529885181], [-14.3780596200563, -0.616177093433142]]}, "properties": {"OBJECTID": 316, "id": null, "name": null, "size": null, "continent": null, "S2": null, "Type": null, "Shape__Length": 198257.97401897286}}, {"type": "Feature", "id": 317, "geometry": {"type": "LineString", "coordinates": [[-18.4645497509247, 13.8290764693876], [-18.6496396848902, 13.8287366182322], [-18.8017547105639, 13.7825739532561], [-18.9310528684824, 13.6878466826989], [-19.0014056813114, 13.5054073182093], [-19.1088369183282, 13.3768771093219]]}, "properties": {"OBJECTID": 317, "id": null, "name": null, "size": null, "continent": null, "S2": null, "Type": null, "Shape__Length": 97645.95082801893}}, {"type": "Feature", "id": 318, "geometry": {"type": "LineString", "coordinates": [[-21.6358170913007, -11.1147097372871], [-20.9521111449508, -10.9549509029829], [-20.8036652602074, -10.8540363210807], [-20.7123139458281, -10.7530876473104], [-20.6894761176824, -10.6633271180364], [-20.7123139458281, -10.5735401027892], [-20.8379220024259, -10.4724983186829], [-20.8835976596155, -10.371423586157], [-20.9178544027324, -10.2815519661625], [-20.940692230878, -10.2253692005522], [-20.8835976596155, -10.1017322031841], [-20.8036652602074, -10.0567614763042], [-20.4953545757493, -10.0680047457955], [-20.2898141197433, -9.9892936559338], [-19.9929223493581, -9.84306548462346], [-19.8444764646146, -9.82056307043726], [-19.6046792654918, -9.76430034816955], [-19.5019090370397, -9.73053814755551], [-19.3648820663691, -9.68551657369891], [-19.2849496669609, -9.59545533696249], [-19.1479226962903, -9.46031866550954], [-19.1250848672463, -9.31386067079975], [-19.1707605244359, -9.13352045289618], [-19.2050172666545, -9.00948348336647], [-19.2278550956984, -8.94180896730159], [-19.3192064091794, -8.79513781818737], [-19.2963685810338, -8.5919589449498], [-19.3420442382234, -8.43385550245427], [-19.3877198945147, -8.30958591125537], [-19.593260351419, -8.14006402791069], [-19.6960305789728, -8.01570228317609], [-19.7074494930457, -7.76686529902683], [-19.7074494930457, -7.49523872043646], [-19.7188684080168, -7.23477075755427], [-19.8102197214978, -7.01948789675152], [-19.7988008074249, -6.84945720798952], [-19.7988008074249, -6.73606964122583], [-19.7645440643081, -6.63399815207737]]}, "properties": {"OBJECTID": 318, "id": null, "name": null, "size": null, "continent": null, "S2": null, "Type": null, "Shape__Length": 753462.7568886223}}, {"type": "Feature", "id": 319, "geometry": {"type": "LineString", "coordinates": [[-19.2278550956984, -8.94180896730159], [-19.1479226962903, -8.76128234224211], [-19.0451524678382, -8.58066801325064], [-18.8852876681235, -8.4677402991234], [-18.6226526408551, -8.34348154686548], [-18.4970445842573, -8.26438717534016], [-18.428531098922, -8.12876000122473], [-18.3714365276595, -7.99308695520914], [-18.3714365276595, -7.86868033569121], [-18.4171121848491, -7.65370854501327], [-18.4399500129948, -7.5178808262094], [-18.451368927966, -7.40465855741533], [-18.4171121848491, -7.3027336365358], [-18.3485986995138, -7.17812720221185]]}, "properties": {"OBJECTID": 319, "id": null, "name": null, "size": null, "continent": null, "S2": null, "Type": null, "Shape__Length": 244854.89954153527}}, {"type": "Feature", "id": 320, "geometry": {"type": "LineString", "coordinates": [[-20.8036652602074, -10.0567614763042], [-20.7465706889449, -9.80931128942362], [-20.7465706889449, -9.62923111787624], [-20.9178544027324, -9.4715820940514], [-21.1348137728111, -9.25751426608627], [-21.2832596575546, -9.09969644422723], [-21.3517731437882, -8.93052865596181], [-21.4202866291235, -8.82899019835252], [-21.5915703420127, -8.69356215272263], [-21.7057594845377, -8.60324954136166], [-21.7628540558001, -8.524208326232], [-21.7628540558001, -8.41126398554916], [-21.7171783986105, -8.27568734575781], [-21.6943405704648, -8.11745565598316], [-21.682921656392, -8.00439477609781], [-21.682921656392, -7.92523346315121]]}, "properties": {"OBJECTID": 320, "id": null, "name": null, "size": null, "continent": null, "S2": null, "Type": null, "Shape__Length": 287896.6031227614}}, {"type": "Feature", "id": 321, "geometry": {"type": "LineString", "coordinates": [[-21.8198099981497, -12.2079396632407], [-21.7628540558001, -12.3974677650441], [-21.8656242842523, -12.5201179043341], [-21.9683945118061, -12.6092814331513], [-21.9569755977333, -12.7541058998074], [-21.9912323408501, -12.8431875422625], [-22.1168403974479, -12.9433666502012], [-22.2538673681185, -12.9767507576733], [-22.3452186815995, -12.9767507576733]]}, "properties": {"OBJECTID": 321, "id": null, "name": null, "size": null, "continent": null, "S2": null, "Type": null, "Shape__Length": 127271.93049364345}}, {"type": "Feature", "id": 322, "geometry": {"type": "LineString", "coordinates": [[-24.000822617502, -14.5185910336885], [-23.8639342748459, -14.4410634094721], [-23.7154883901025, -14.4410634094721], [-23.6012992475775, -14.3083263891335], [-23.6355559906943, -14.1755108911429], [-23.6012992475775, -14.0536949809588], [-23.544204676315, -13.9872225658294], [-23.4642722769069, -13.9428969418454], [-23.3272453062362, -13.9318142045968]]}, "properties": {"OBJECTID": 322, "id": null, "name": null, "size": null, "continent": null, "S2": null, "Type": null, "Shape__Length": 119734.17928507781}}, {"type": "Feature", "id": 323, "geometry": {"type": "LineString", "coordinates": [[-24.2153429726511, -15.4411143579231], [-23.9551469603123, -15.423148972932], [-23.7610254183792, -15.3570923046129], [-23.4869714770379, -15.3350687620173], [-23.3613634204401, -15.3130428968464], [-23.1786607925798, -15.2579680975036], [-22.9959581647195, -15.1587970902369], [-22.8589311940489, -15.103681964399], [-22.6990663943343, -15.0595795562262], [-22.5506205095908, -15.0154680122333], [-22.4364313670658, -14.9823783741], [-22.3564989676577, -14.8720426944613], [-22.3450800535849, -14.7395653944491], [-22.3793367958034, -14.6180570185426], [-22.402174623949, -14.5296450239117], [-22.402174623949, -14.3859001796249], [-22.2423098251327, -14.2973957545214], [-22.0481882831996, -14.2199257831521], [-21.888323483485, -14.1202825374142]]}, "properties": {"OBJECTID": 323, "id": null, "name": null, "size": null, "continent": null, "S2": null, "Type": null, "Shape__Length": 344363.33043068455}}, {"type": "Feature", "id": 324, "geometry": {"type": "LineString", "coordinates": [[-24.4856562635723, -13.9315573615038], [-24.6191429449621, -13.962159938039], [-24.7617507819804, -14.0673157218159], [-24.9785146930264, -14.1226414770169], [-25.1610527243738, -14.1060451593596], [-25.3536334444906, -14.2165784443044]]}, "properties": {"OBJECTID": 324, "id": null, "name": null, "size": null, "continent": null, "S2": null, "Type": null, "Shape__Length": 105481.19533239744}}, {"type": "Feature", "id": 325, "geometry": {"type": "LineString", "coordinates": [[-23.3727823345129, -11.9734620052299], [-23.6012992475775, -11.7610042273764], [-23.7154883901025, -11.7162838414511], [-23.8410964467003, -11.6380057587432], [-23.8639342748459, -11.5597056442647], [-24.0123801604877, -11.4590019196959], [-24.172244959304, -11.526141742738], [-24.195082788348, -11.6603731799584], [-24.2065017024209, -11.8280711759883], [-24.195082788348, -11.9621556740156], [-24.2065017024209, -12.0850081085218], [-24.2635962736833, -12.1743199555787], [-24.400623244354, -12.1743199555787], [-24.4691367296893, -12.1296677717571], [-24.514812386879, -12.0738420269502], [-24.5033934728061, -11.906295168053], [-24.4577178156165, -11.7721831904304], [-24.5033934728061, -11.7051026126995], [-24.6175826144328, -11.6827387984448], [-24.7317717569577, -11.7162838414511], [-24.8345419854099, -11.7051026126995], [-24.9715689560805, -11.5932655255829], [-24.8802176425995, -11.3694573564081], [-24.6632582716224, -11.2574870928608], [-24.3663665012372, -11.26868608657], [-24.2293395305665, -11.2462876634285], [-24.1608260452312, -11.0446238912554], [-24.1441932993679, -10.8062650410078], [-23.9096099320356, -10.5510892360473], [-23.7269073041753, -10.427580264784], [-23.4300155346884, -10.4051188060485]]}, "properties": {"OBJECTID": 325, "id": null, "name": null, "size": null, "continent": null, "S2": null, "Type": null, "Shape__Length": 575696.7457610308}}, {"type": "Feature", "id": 326, "geometry": {"type": "LineString", "coordinates": [[-24.1441932993679, -10.8062650410078], [-24.3213456494143, -10.7418299742016], [-24.4120421584268, -10.4837268160777], [-24.286434101829, -10.2366065503258], [-24.1494071311584, -10.0005392669097], [-24.0580558176774, -9.68551657369891], [-23.9667045032981, -9.48284515408879], [-23.8068397044818, -9.40399599587029], [-23.544204676315, -9.35893125502184], [-23.3729209634259, -9.25751426608627], [-23.2016372496385, -9.08842106362213]]}, "properties": {"OBJECTID": 326, "id": null, "name": null, "size": null, "continent": null, "S2": null, "Type": null, "Shape__Length": 274794.36494621047}}, {"type": "Feature", "id": 328, "geometry": {"type": "LineString", "coordinates": [[-8.37113006140618, 8.14038098394149], [-8.33942305237435, 7.92229888047849], [-8.40433771600157, 7.77389897471454], [-8.45411784758959, 7.59630022272852], [-8.43420579549337, 7.45811699604073], [-8.34460155791631, 7.32976490664454], [-8.24504129384195, 7.17174238354238], [-8.20654465889096, 7.04759033681319], [-8.24504129384195, 6.88518755433106], [-8.34460155791631, 6.54900672202073], [-8.30477745282554, 6.41051280493931], [-8.24504129384195, 6.37093616956974], [-8.08574487258063, 6.35114670556274], [-7.91649242482207, 6.33135648074689], [-7.74723997616517, 6.25218802182624], [-7.66759176508536, 6.18290578197672], [-7.49833931732677, 5.97500500164905], [-7.39877905415074, 5.72740131165544], [-7.41869110624696, 5.52924083647347], [-7.49833931732677, 5.32110095236294], [-7.69745984457716, 5.14263916419006], [-7.71737189757168, 5.02363673241823], [-7.68750381807988, 4.91453206674443], [-7.61781163349735, 4.75580258334469], [-7.61781163349735, 4.59703650650696], [-7.61815524717836, 4.58778872285862], [-7.61781163349735, 4.37867562777812], [-7.63772368649187, 4.20989839935525]]}, "properties": {"OBJECTID": 328, "id": null, "name": null, "size": null, "continent": "Essos", "S2": null, "Type": null, "Shape__Length": 527246.8333069815}}, {"type": "Feature", "id": 329, "geometry": {"type": "LineString", "coordinates": [[-8.30477745282554, 6.41051280493931], [-8.23508526824301, 6.21259928727101], [-8.22512924174573, 6.10371497040985], [-8.35455758441356, 5.9452983787995], [-8.5038979791776, 5.95520076503519], [-8.63332632184543, 5.86607289903586], [-8.6432823483427, 5.79674136435827], [-8.73870246861372, 5.65556042322143]]}, "properties": {"OBJECTID": 329, "id": null, "name": null, "size": null, "continent": null, "S2": null, "Type": null, "Shape__Length": 119630.71646596}}, {"type": "Feature", "id": 331, "geometry": {"type": "LineString", "coordinates": [[-10.2661146449392, 6.83576385018526], [-10.1267302757741, 6.5588976840614], [-10.081869413005, 6.34293158346245], [-10.2012805997188, 6.14514495613817]]}, "properties": {"OBJECTID": 331, "id": null, "name": null, "size": null, "continent": null, "S2": null, "Type": null, "Shape__Length": 85231.34129096294}}, {"type": "Feature", "id": 332, "geometry": {"type": "LineString", "coordinates": [[-10.2012805997188, 6.14514495613817], [-10.2760706714365, 5.91559015278191], [-10.2462025919447, 5.73730755130034], [-10.1964224603567, 5.55896919554523], [-10.1020097970835, 5.39439379706088]]}, "properties": {"OBJECTID": 332, "id": null, "name": null, "size": null, "continent": null, "S2": null, "Type": null, "Shape__Length": 89134.51804385221}}, {"type": "Feature", "id": 334, "geometry": {"type": "LineString", "coordinates": [[-7.91649242482207, 2.89825933232264], [-7.876668318833, 2.73915568881084], [-7.85675626673678, 2.57008493234296]]}, "properties": {"OBJECTID": 334, "id": null, "name": null, "size": null, "continent": null, "S2": null, "Type": null, "Shape__Length": 37249.584794364375}}, {"type": "Feature", "id": 336, "geometry": {"type": "LineString", "coordinates": [[-7.85675626673678, 2.57008493234296], [-7.78706408215424, 2.40099177808155], [-7.65763573948642, 2.3512544493067], [-7.4684712387333, 2.34130676942953], [-7.33904289606548, 2.36120205826874], [-7.26935071148291, 2.33135901983421], [-7.24943865848839, 2.13238964446578], [-7.25939468498567, 1.97319550272119], [-7.27930673708189, 1.84383898456303], [-7.20961455339765, 1.72442460767925], [-7.16979044740858, 1.63485887877414]]}, "properties": {"OBJECTID": 336, "id": null, "name": null, "size": null, "continent": null, "S2": null, "Type": null, "Shape__Length": 160851.31685857498}}, {"type": "Feature", "id": 337, "geometry": {"type": "LineString", "coordinates": [[-7.33904289606548, 2.36120205826874], [-7.2195705789966, 2.46067418080988], [-7.07023018423255, 2.44078034020442], [-6.89102170907838, 2.27167105071149], [-6.74168131431434, 2.10254195992297], [-6.57242886565744, 1.99309562929137], [-6.37330833930538, 1.75427892418903], [-6.2538360222365, 1.71447306407027]]}, "properties": {"OBJECTID": 337, "id": null, "name": null, "size": null, "continent": null, "S2": null, "Type": null, "Shape__Length": 157735.68180653112}}, {"type": "Feature", "id": 338, "geometry": {"type": "LineString", "coordinates": [[-7.85675626673678, 2.57008493234296], [-8.00609666150082, 2.51040747756165], [-8.0160526879981, 2.37114959601632], [-8.00609666150082, 2.24182613798634], [-7.99614063500358, 2.14233874349476], [-8.08574487258063, 2.08264318592144], [-8.16539308366044, 2.0129955144364], [-8.2948214263283, 1.92344415062178]]}, "properties": {"OBJECTID": 338, "id": null, "name": null, "size": null, "continent": null, "S2": null, "Type": null, "Shape__Length": 100342.83766750529}}, {"type": "Feature", "id": 339, "geometry": {"type": "LineString", "coordinates": [[3.47948556393688, -5.61440955912759], [3.6212037364472, -5.72017864522776], [3.89283023495636, -5.73192956595515], [4.15264688515743, -5.73192956595515], [4.32979460169362, -5.76718087297002], [4.47151277420394, -5.84942538155477], [4.58961125189473, -6.03736715127767], [4.66047033814989, -6.1430558821229], [4.75494912012286, -6.17828081438395], [4.88485744612171, -6.19002193790525]]}, "properties": {"OBJECTID": 339, "id": null, "name": null, "size": null, "continent": null, "S2": null, "Type": null, "Shape__Length": 182061.83298073686}}, {"type": "Feature", "id": 341, "geometry": {"type": "LineString", "coordinates": [[2.08592352916179, -5.63791547240829], [2.2276417016721, -5.49686585149899], [2.39297957079853, -5.28522901641782], [2.4874583527715, -5.1205724294082], [2.57012728643642, -4.96763902092689], [2.69852589837891, -4.74112877098339], [3.08976058773693, -4.50863018900481], [3.36138708624609, -4.42621242764415], [3.5621544976018, -4.29668032550035], [3.71568251842014, -4.02577014127203]]}, "properties": {"OBJECTID": 341, "id": null, "name": null, "size": null, "continent": null, "S2": null, "Type": null, "Shape__Length": 265627.2104938503}}, {"type": "Feature", "id": 342, "geometry": {"type": "LineString", "coordinates": [[-0.26423617365108, -6.17828081438395], [-0.26423617365108, -5.94340428888774], [-0.193377086497593, -5.73192956595515], [-0.0752786088068009, -5.5086212744782], [-0.00441952255164419, -5.41457141639531], [0.141084791064733, -5.25520102622774], [0.243587280239668, -5.02646382174028], [0.326256213904585, -4.80290184600873], [0.408925148467799, -4.69697826984734], [0.503403930440774, -4.52040339632675]]}, "properties": {"OBJECTID": 342, "id": null, "name": null, "size": null, "continent": null, "S2": null, "Type": null, "Shape__Length": 208646.4854353663}}, {"type": "Feature", "id": 343, "geometry": {"type": "LineString", "coordinates": [[-2.69706481012883, -7.42129406972224], [-2.33095952964669, -7.59692251385551], [-2.11838226998293, -7.70226523250297], [-1.79951638093646, -7.74907583392577], [-1.17359445025321, -7.74907583392577], [-0.866538408616473, -7.73737366976501], [-0.642151301542945, -7.66715388546616], [-0.429574041879178, -7.65544945903805], [-0.169757391678106, -7.70226523250297], [0.149108498266727, -7.71396836946451], [0.609692559823509, -7.71396836946451], [0.822269819487276, -7.83098184547104], [1.07027662227862, -7.84268139441983], [1.21199479568723, -7.94796246470088], [1.34190312078778, -8.07660262409584], [1.47181144588834, -8.08829516247611], [1.70800840126992, -8.13506191765802], [2.05049398603424, -8.29870239713945], [2.2866909405175, -8.5440349399882], [2.38116972249047, -8.66080479629939], [2.56677538824374, -8.72716670776978], [2.84175378494558, -8.78920976469456], [3.07795074032717, -8.67247979718255], [3.19604921711966, -8.56739178773681], [3.33776739052827, -8.50899698767863], [3.44405601991098, -8.48563657151189]]}, "properties": {"OBJECTID": 343, "id": null, "name": null, "size": null, "continent": null, "S2": null, "Type": null, "Shape__Length": 740761.3006616351}}, {"type": "Feature", "id": 344, "geometry": {"type": "LineString", "coordinates": [[2.38116972249047, -8.66080479629939], [2.4874583527715, -8.91757025620976], [2.68822576412721, -9.11585661366044], [2.85356363235534, -9.23244438946812], [3.07795074032717, -9.23244438946812], [3.23147876114554, -9.23244438946812], [3.43224617250125, -9.20912990303245], [3.5621544976018, -9.10419573432196], [3.65663327957474, -9.05754841669436]]}, "properties": {"OBJECTID": 344, "id": null, "name": null, "size": null, "continent": null, "S2": null, "Type": null, "Shape__Length": 180490.78396456587}}, {"type": "Feature", "id": 345, "geometry": {"type": "LineString", "coordinates": [[-6.75965243586497, -8.41554680906063], [-6.49768670648382, -8.59297851608472], [-6.29906837340986, -8.89423532156018], [-6.13373050518172, -9.01089504495476], [-5.90934339810823, -9.15083696593359], [-5.66133659531689, -9.37229879345676], [-5.53142827021633, -9.55868358121311], [-5.41332979252554, -9.83806883189393], [-5.37790024939796, -10.0009349646742], [-5.37790024939796, -10.1520947659172], [-5.38971009680772, -10.2334590049685], [-5.55504796503585, -10.3264211628294], [-5.72038583416228, -10.3496574188912], [-5.94477294123581, -10.4193558472608], [-6.05106157061851, -10.5935335040675], [-6.11011080946391, -10.8024159107357], [-6.15735020089958, -10.9415903471452], [-6.2282092871547, -11.069109547025], [-6.29906837340986, -11.1618159595695], [-6.41716685110065, -11.3239808453585], [-6.44078654681847, -11.4629062533833], [-6.45259639422823, -11.5786253060064], [-6.40535700369089, -11.8214789813323], [-6.38173730797307, -11.9601561321041], [-6.36992745966501, -12.0872144440233], [-6.36992745966501, -12.2257547079458], [-6.42897669851041, -12.3296123386979], [-6.4880259373558, -12.3988279278057]]}, "properties": {"OBJECTID": 345, "id": null, "name": "Worm River", "size": null, "continent": null, "S2": null, "Type": null, "Shape__Length": 579966.6828736833}}, {"type": "Feature", "id": 346, "geometry": {"type": "LineString", "coordinates": [[-5.38971009680772, -10.2334590049685], [-5.16532298973419, -10.3148023910795], [-4.98817527319801, -10.3496574188912], [-4.85826694809745, -10.3961247647993], [-4.79921770925206, -10.4541992220161], [-4.79921770925206, -10.5587058409688], [-4.79921770925206, -10.6515708056586], [-4.79921770925206, -10.732804443436], [-4.77559801353424, -10.8372156005517], [-4.70473892727908, -10.9415903471452], [-4.62206999271587, -11.0575191761266]]}, "properties": {"OBJECTID": 346, "id": null, "name": null, "size": null, "continent": null, "S2": null, "Type": null, "Shape__Length": 145354.80641196232}}, {"type": "Feature", "id": 347, "geometry": {"type": "LineString", "coordinates": [[-6.2282092871547, -11.069109547025], [-6.14554035259149, -11.1965732485635], [-6.03925172320878, -11.2892389177188], [-5.94477294123581, -11.3355605508635], [-5.83848431095474, -11.3355605508635], [-5.74400552898177, -11.3818746787993], [-5.69676613844446, -11.4281812707242], [-5.63771689959907, -11.5091995890247]]}, "properties": {"OBJECTID": 347, "id": null, "name": null, "size": null, "continent": null, "S2": null, "Type": null, "Shape__Length": 87067.35106515656}}, {"type": "Feature", "id": 348, "geometry": {"type": "LineString", "coordinates": [[-31.7606758421647, 1.08861256775671], [-31.9280023702261, 1.10382128605244], [-32.1023692404092, 1.14668247374372], [-32.1242847251335, 1.19488647478593], [-32.0908220945245, 1.27312737408057], [-32.0116038530723, 1.45114269184194], [-32.0032650914288, 1.58715760945053], [-31.9532325179746, 1.7468011992575], [-31.890691801606, 1.91134089266267], [-31.8073041788828, 2.02428590962307], [-31.7954454262907, 2.14488207560892], [-31.6694068269402, 2.25937798314494], [-31.5933493141033, 2.54814191129212], [-31.6846183293279, 2.77606805787828], [-31.745464339777, 2.88241876924091], [-31.7910988469401, 3.11027921471895], [-31.7758873445524, 3.26215905039761], [-31.6237723188787, 3.53548422146657], [-31.5325033036542, 3.74801510465883], [-31.4564457908173, 3.88461501944248], [-31.3803882779805, 4.03636673667248], [-31.2941285086304, 4.17864467877361], [-31.3043307651436, 4.37011920964918], [-31.2891192627559, 4.44595173746372], [-31.196858625137, 4.53426987755179], [-31.0767017109733, 4.56088735350683], [-30.984054506728, 4.5865907050031], [-30.853888012103, 4.66532672681347], [-30.7496534839237, 4.72053142048662], [-30.688155113322, 4.8177940356573], [-30.6235297054196, 4.91392396260625], [-30.5359727023239, 5.01974507479569], [-30.4776013672262, 5.14009583606105], [-30.4254841031366, 5.25091208186214]]}, "properties": {"OBJECTID": 348, "id": 69, "name": "Darkwater", "size": 0, "continent": "Essos", "S2": 1, "Type": null, "Shape__Length": 578525.2623625346}}, {"type": "Feature", "id": 350, "geometry": {"type": "LineString", "coordinates": [[-7.86563989612598, -15.9098961276057], [-7.8745946801705, -15.7720608394321], [-7.89250424736122, -15.6255081750034], [-7.88802685533896, -15.5478789398354], [-7.85220772095749, -15.4659052118606], [-7.7984790193853, -15.3795820104499], [-7.69102161624092, -15.3148161126066], [-7.57013203702976, -15.232750530093], [-7.52088072747983, -15.1981870119551], [-7.45371984984086, -15.1549746486215], [-7.38655897310022, -15.033933135009], [-7.31492070343898, -14.969061166975]]}, "properties": {"OBJECTID": 350, "id": null, "name": null, "size": null, "continent": null, "S2": null, "Type": null, "Shape__Length": 137019.31950762865}}, {"type": "Feature", "id": 352, "geometry": {"type": "LineString", "coordinates": [[34.7508455566323, 7.34315290722229], [34.6080337032299, 7.39272433928257], [34.3795347376064, 7.42812910046365], [34.222441698684, 7.42812910046365], [34.0582080674509, 7.42812910046365], [33.9082556217377, 7.30774135522668], [33.7083190262557, 7.10229942139127], [33.5155230239828, 6.87549841381686], [33.3727111705804, 6.69823459040178], [33.1584933904768, 6.44286192361703], [32.9799785737237, 6.30093233138025], [32.7229172370604, 6.09506567794984], [32.5301212347875, 5.97434832109817], [32.3587470112436, 5.90332564090497], [32.1373886379309, 5.85360434116614]]}, "properties": {"OBJECTID": 352, "id": null, "name": null, "size": null, "continent": null, "S2": null, "Type": null, "Shape__Length": 361342.6424013414}}, {"type": "Feature", "id": 354, "geometry": {"type": "LineString", "coordinates": [[44.5625164699347, -10.030758363897], [44.4338258525243, -10.1099508464155], [44.2086172720561, -10.1099508464155], [44.0718834908329, -10.0465984146957], [43.9190633828826, -9.95154651663903], [43.7662432749323, -9.89608677947473], [43.6053800031693, -9.8564669433426], [43.5088620401115, -9.92777920818049], [43.5088620401115, -10.0228380488244], [43.492775712486, -10.0941139058434], [43.3560419312629, -10.1891238159083]]}, "properties": {"OBJECTID": 354, "id": null, "name": null, "size": null, "continent": null, "S2": null, "Type": null, "Shape__Length": 166555.6055787796}}, {"type": "Feature", "id": 355, "geometry": {"type": "LineString", "coordinates": [[42.7206320080235, -8.85652460980885], [42.7528046623761, -8.99160316860049], [42.6402003716928, -9.15839529386337], [42.5597687362605, -9.26954666034308], [42.5999845544258, -9.34098255818111], [42.6884593536709, -9.34098255818111], [42.7849773167287, -9.2854225650004], [42.8654089521611, -9.29336024682314], [42.9056247703264, -9.38066284594412], [42.8814952797865, -9.53140638209892]]}, "properties": {"OBJECTID": 355, "id": null, "name": null, "size": null, "continent": null, "S2": null, "Type": null, "Shape__Length": 122184.65039722717}}, {"type": "Feature", "id": 356, "geometry": {"type": "LineString", "coordinates": [[42.7849773167287, -11.5240569788871], [42.9538837523044, -11.334849156527], [43.2353944776652, -11.1534073624629], [43.2997397863704, -10.9876440723814], [43.2032218233126, -10.900778416753], [43.0182290610097, -10.8849819293677], [42.9297542608663, -10.8375874484756], [42.937797424679, -10.6716478554833]]}, "properties": {"OBJECTID": 356, "id": null, "name": null, "size": null, "continent": null, "S2": null, "Type": null, "Shape__Length": 151461.7519094023}}, {"type": "Feature", "id": 357, "geometry": {"type": "LineString", "coordinates": [[41.6428480867621, -9.82476764605426], [41.7715387041725, -9.99115485224886], [41.876099831043, -10.0069968365273], [41.948488303561, -10.1257870056169], [41.9404451397482, -10.2761913723352], [41.8680566672303, -10.3948811718182], [41.8037113585251, -10.4818917314286], [41.7816308442999, -10.6200111778786]]}, "properties": {"OBJECTID": 357, "id": null, "name": null, "size": null, "continent": null, "S2": null, "Type": null, "Shape__Length": 111785.09824231968}}, {"type": "Feature", "id": 358, "geometry": {"type": "LineString", "coordinates": [[47.8923861958785, -13.0408075304398], [47.5947891428923, -13.0643135951405], [47.4178395444022, -13.2131332178508], [47.3374079080715, -13.3931618452416], [47.1845878001212, -13.4948577295381], [46.9995950378183, -13.5495991361089], [46.7422138029975, -13.604327941349], [46.5170052216309, -13.674674956676], [46.3480987869535, -13.7840618533624], [46.2435376600829, -13.940239922047], [46.2274513324574, -14.2678688442861], [46.1952786781049, -14.5716699470302], [46.1148470426725, -14.8517307589987], [46.05854489778, -15.0071638431767], [45.9620269347222, -15.1702469906057], [45.8333363173118, -15.325447371287], [45.7609478447939, -15.4340192021678], [45.5437824281383, -15.5735280861744], [45.1737969026342, -15.7439103869132], [44.9003293401879, -15.7516516565833], [44.5303438155821, -15.7051996189285], [44.281005744574, -15.5967703900067], [44.1120993089983, -15.4030044564061], [43.9592792010479, -15.0149325403963], [43.7823296016594, -14.9061451208527], [43.492775712486, -14.8672791198518], [43.1871354956871, -14.7661947984161], [42.9136679341391, -14.6650634494932], [42.664329863131, -14.6650634494932], [42.3989054644975, -14.7661947984161], [42.0128336122662, -14.9760862290567], [41.8680566672303, -15.0848380917437], [41.6991502316545, -15.1935343460979], [41.6106754324095, -15.2323408903463], [41.4739416511863, -15.3176900783442]]}, "properties": {"OBJECTID": 358, "id": null, "name": null, "size": null, "continent": null, "S2": null, "Type": null, "Shape__Length": 967650.7723042773}}, {"type": "Feature", "id": 359, "geometry": {"type": "LineString", "coordinates": [[49.219508188148, -14.1665102607885], [49.0264722620324, -14.3302207221453], [48.6725730641538, -14.4704489831902], [48.3991055017075, -14.6650634494932], [48.3186738662751, -14.8672791198518], [48.3347601930022, -15.1547206617179], [48.3025875386497, -15.3176900783442], [48.181940085052, -15.4340192021678], [48.0371631400161, -15.4727811165097], [47.8199977233606, -15.4960347821691], [47.4258827073166, -15.4727811165097], [47.2087172906611, -15.441772165031], [46.9432928920275, -15.3332043772862], [46.8306886022425, -15.3099324968564], [46.565264203609, -15.2633809749158], [46.3239692955153, -15.2866580285041], [46.0826743883199, -15.3564736662424], [45.7609478447939, -15.4340192021678]]}, "properties": {"OBJECTID": 359, "id": null, "name": null, "size": null, "continent": null, "S2": null, "Type": null, "Shape__Length": 481502.53299785615}}, {"type": "Feature", "id": 360, "geometry": {"type": "LineString", "coordinates": [[48.0485915106539, -18.1756985485269], [48.2294743987853, -18.2738752376501], [48.4586262186348, -18.3916992855853], [48.5922981128733, -18.4551096855836], [48.7355180008407, -18.4822784088324], [48.9933137973853, -18.4551096855836], [49.1651776629462, -18.5003884999749], [49.2224656172349, -18.5184966751176], [49.3943294827957, -18.6361530222644], [49.5948373250518, -18.8079657130356], [49.6998652416968, -18.8983231222237], [49.8048931592401, -19.0157148336991], [49.8526331215965, -19.1059598070219], [49.8430851296641, -19.2232046728264], [49.7857971744772, -19.3313565137104], [49.6807692569339, -19.3944120573689], [49.5661933474583, -19.4484402324906], [49.4325214523215, -19.5024504239289], [49.2320136100655, -19.5384472059819], [48.4968181881605, -19.5384472059819], [48.0767065188856, -19.5474451486791], [47.8475546990361, -19.6014222610266], [47.6374988639494, -19.7272983847522], [47.4560870064563, -19.8620556904914], [47.2937711346243, -19.9608050442143], [47.0837152995377, -19.9518303795748], [46.930947419638, -19.9338795185956], [46.7399875702126, -19.8620556904914], [46.5967676822452, -19.8530754216959], [46.4917397647019, -19.8530754216959], [46.4058078328197, -19.8710354500081], [46.2339439681572, -20.0594926234986], [46.1002720730204, -20.2298067411925], [46.0811760882575, -20.3909850691077], [46.1480120353767, -20.7396257385324], [46.1480120353767, -20.9002671680245], [46.1384640425461, -21.1409068386976], [46.0238881330705, -21.301116739561], [45.8902162379338, -21.5233408112642], [45.8711202531709, -21.6742594869737], [45.9379562002901, -21.9224869688722], [46.0047921483077, -22.0287381421865], [46.0429841178334, -22.1614400465163], [46.0716280954269, -22.2851823309166]]}, "properties": {"OBJECTID": 360, "id": null, "name": null, "size": null, "continent": null, "S2": null, "Type": null, "Shape__Length": 978473.3954254363}}, {"type": "Feature", "id": 361, "geometry": {"type": "LineString", "coordinates": [[50.6737604762818, -17.7836002791265], [50.4255126716694, -17.9290090579054], [50.1390728966329, -18.0652214548823], [49.8717291072576, -18.1378249546481], [49.6712212650016, -18.1741154136201], [49.5280013770342, -18.2285369532771], [49.403877474728, -18.292007236406], [49.2797535724218, -18.4007593452521], [49.2224656172349, -18.5184966751176]]}, "properties": {"OBJECTID": 361, "id": null, "name": null, "size": null, "continent": null, "S2": null, "Type": null, "Shape__Length": 188658.27369375512}}, {"type": "Feature", "id": 362, "geometry": {"type": "LineString", "coordinates": [[46.4058078328197, -18.3373289325106], [46.6445076446015, -18.5094428266142], [46.6636036302627, -18.6452001438892], [46.6540556374321, -18.7627687867521], [46.5681237046517, -18.907356185143], [46.4439998023455, -19.0698677123119], [46.3771638552263, -19.1961555703012], [46.3867118480568, -19.3043252499549], [46.4439998023455, -19.4484402324906], [46.4630957871084, -19.5654395279819], [46.472643779939, -19.7093221357374], [46.4058078328197, -19.8710354500081]]}, "properties": {"OBJECTID": 362, "id": null, "name": null, "size": null, "continent": null, "S2": null, "Type": null, "Shape__Length": 205573.7222311115}}, {"type": "Feature", "id": 363, "geometry": {"type": "LineString", "coordinates": [[52.4496870798909, -21.1052810502686], [52.3451687361841, -21.2577952427], [52.2566335548806, -21.3608979806067], [52.191891282448, -21.4167154404963], [52.0486713953789, -21.4700378815749], [51.7908755979359, -21.372265197491], [51.4757918462043, -21.2121327118224], [51.3421199510674, -21.1320011937732], [51.1989000639984, -21.1052810502686], [51.0652281688616, -21.1052810502686], [50.8838163113684, -21.2210335322294], [50.596598903418, -21.4309664402949], [50.4726496497727, -21.5298293659438], [50.3664074318492, -21.5751190789949], [50.215897623723, -21.5627687414569], [49.9635723570528, -21.5462999879216], [49.6139333098146, -21.6565125233216], [49.298849558083, -21.887052261652], [49.0124097830465, -22.143753672617], [48.840545918384, -22.258675322808], [48.6686820537214, -22.2940168833452], [48.4013382634478, -22.2498385373574], [48.067158526055, -22.1083742593302], [47.8093627295103, -21.9402010174847], [47.5324709473044, -21.9136291186754], [47.1982912099116, -22.0021828053158], [46.56812370555, -22.2144858228656], [46.0811760882575, -22.2851823309166], [45.7183523732712, -22.3381812680491], [45.1836647936223, -22.6028731477904], [44.9258689970776, -22.7262224253021], [44.6107852444477, -22.7966578636428], [44.314797477479, -22.9813776047964], [44.1429336128164, -23.1921769553554], [44.0283577024425, -23.38511831071], [43.9424257705603, -23.5602761355134], [43.9424257705603, -23.79636905976], [44.1142896352229, -23.9709768024743], [44.3529894470047, -24.1366353343712], [44.5344013044978, -24.2846744732399], [44.5916892596848, -24.4325412305139], [44.5439492973284, -24.6236410488052], [44.314797477479, -24.9010832714616], [44.0856456576294, -25.1779032530252], [43.9424257705603, -25.4023578248307], [43.7705619049995, -25.5230455143377], [43.5127661084548, -25.6952460502608], [43.2099532707407, -25.8553976260289]]}, "properties": {"OBJECTID": 363, "id": null, "name": null, "size": null, "continent": null, "S2": null, "Type": null, "Shape__Length": 1479483.6057893927}}, {"type": "Feature", "id": 364, "geometry": {"type": "LineString", "coordinates": [[49.7857971744772, -20.9181056298792], [49.7285092192903, -21.1052810502686], [49.6330292945775, -21.2210335322294], [49.4898094075084, -21.3633735279228], [49.4229734594909, -21.4700378815749], [49.3943294827957, -21.5943809679139], [49.4286319303976, -21.7921382855459]]}, "properties": {"OBJECTID": 364, "id": null, "name": null, "size": null, "continent": null, "S2": null, "Type": null, "Shape__Length": 117938.85934408025}}, {"type": "Feature", "id": 365, "geometry": {"type": "LineString", "coordinates": [[53.3279092492822, -22.6496019581229], [53.2260937907382, -22.3837978982061], [53.0888642598525, -22.2486561875096], [52.8602507563353, -22.1172199455023], [52.7037362207779, -22.0395443107224], [52.5165230270102, -21.9047707167325], [52.3733031399411, -21.7806953473779], [52.2778232152284, -21.6565125233216], [52.1680983735771, -21.550417351804], [52.0486713953789, -21.4700378815749]]}, "properties": {"OBJECTID": 365, "id": null, "name": null, "size": null, "continent": null, "S2": null, "Type": null, "Shape__Length": 206517.7276799162}}, {"type": "Feature", "id": 366, "geometry": {"type": "LineString", "coordinates": [[50.7024044538753, -23.1395081289041], [50.6928564610447, -22.9110378337418], [50.6928564610447, -22.6733720288641], [50.6928564610447, -22.5323381348694], [50.6546644915189, -22.4264680622122], [50.5305405892127, -22.3205171906863], [50.4255126716694, -22.241001195128], [50.3300327469567, -22.1260650766968], [50.282292783702, -22.0375888143951], [50.1677168742264, -21.9402010174847], [50.0340449790896, -21.8427464949942], [49.8430851296641, -21.7984269910659], [49.6521252793404, -21.8072919892645], [49.4286319303976, -21.7921382855459]]}, "properties": {"OBJECTID": 366, "id": null, "name": null, "size": null, "continent": null, "S2": null, "Type": null, "Shape__Length": 254397.5288712708}}, {"type": "Feature", "id": 367, "geometry": {"type": "LineString", "coordinates": [[48.2772143611416, -24.3803726964936], [48.3058583387351, -24.093061719945], [48.281403910489, -23.9505997244748], [48.1751616925654, -23.812976207706], [48.0423589201609, -23.6833147709769], [47.8952946613924, -23.5865297291892], [47.8189107214426, -23.5077532123296], [47.809362728612, -23.3938817192258], [47.8571026909684, -23.2886825908523], [47.9812265932746, -23.1307279783687], [48.2103784131241, -22.9462122895818], [48.3822422786849, -22.7966578636428], [48.6018461057039, -22.629314467239], [48.7259700080101, -22.5058782077197], [48.7259700080101, -22.4264680622122], [48.6686820537214, -22.2940168833452]]}, "properties": {"OBJECTID": 367, "id": null, "name": null, "size": null, "continent": null, "S2": null, "Type": null, "Shape__Length": 318112.8459022499}}, {"type": "Feature", "id": 368, "geometry": {"type": "LineString", "coordinates": [[54.9782076686413, -27.2742601474248], [55.1676985965074, -27.5322094703303], [55.3992986201536, -27.7783785244083], [55.6561640998305, -27.8528656132315], [55.9972477701691, -27.8640342682367], [56.3467532594841, -27.8454192040184], [56.62888419609, -27.8565886260865], [56.8941714956416, -27.9235809842462], [57.1805133417357, -28.0908802218487], [57.3952697274291, -28.3209547591232], [57.513175193098, -28.4950351815511], [57.513175193098, -28.6577443303497], [57.422688089463, -28.8389732984085]]}, "properties": {"OBJECTID": 368, "id": null, "name": null, "size": null, "continent": null, "S2": null, "Type": null, "Shape__Length": 395346.97414177295}}, {"type": "Feature", "id": 369, "geometry": {"type": "LineString", "coordinates": [[51.6244059404846, -28.8076740162488], [51.7122474714719, -29.0212611019604], [51.741527981801, -29.2088531576904], [51.7317678113918, -29.3790939912145], [51.6439262804046, -29.4980934758251], [51.4292025385903, -29.5830076235456], [51.0875965850505, -29.6932892824714], [50.8143118216797, -29.8288545426442], [50.6093482502744, -29.9726913793287], [50.5507872296163, -30.0825439772943], [50.5800677399453, -30.1922747038895], [50.8533525024179, -30.3103096575266], [51.0485559043123, -30.3945334298195], [51.1461576057086, -30.5291404945011], [51.1656779456286, -30.6299736014494], [51.0485559043123, -30.755867359451], [50.7069499507725, -30.873219886316], [50.3165431469836, -30.9402140537885], [50.101819404271, -31.015526400897], [50.053018554022, -31.1074940531612], [50.0139778732838, -31.2828214217059], [50.0139778732838, -31.5160849263506], [49.9261363431948, -31.6906514889228], [49.701652430073, -31.8234346522519], [49.4478880075205, -31.9063273176698], [48.9696396727444, -31.956027117026], [48.5401921882174, -32.0801589738236], [48.0717040229522, -32.2784196453429], [47.7886590900706, -32.3856303951414], [47.5934556881762, -32.476247926382], [47.3884921158726, -32.7229230824041], [47.3104107552945, -32.9279659876254], [47.1444878637292, -33.0916590228626], [46.6857598688731, -33.3284733760533], [46.2172717036079, -33.5402440285658], [45.9049462603972, -33.6459353573326], [45.748783539241, -33.7271482002473], [45.6414216683338, -33.8812410046566], [45.4754987758701, -34.1401375233739], [45.2998157138957, -34.2773548226383], [45.0655716321614, -34.4062962533112], [44.6946851682925, -34.6394965970151], [44.538522446238, -34.8079577233676], [44.3725995546727, -35.0480201656574], [44.2652376837655, -35.2953456191113], [44.1871563222891, -35.4147488665371], [44.0114732612129, -35.5419175923072], [43.7577088377621, -35.6371620366062], [43.4356232250405, -35.7243698535832], [43.2989808438043, -35.835223687354], [42.9671350597753, -36.0091099977515], [42.6840901268937, -36.1432146140959], [42.2858544901324, -36.4241012924316]]}, "properties": {"OBJECTID": 369, "id": null, "name": null, "size": null, "continent": null, "S2": null, "Type": null, "Shape__Length": 1676127.4742391384}}, {"type": "Feature", "id": 370, "geometry": {"type": "LineString", "coordinates": [[47.7105777294925, -29.7865101045335], [47.5153743275981, -30.0403073863493], [47.486093817269, -30.217579844092], [47.4763336468598, -30.38611431624], [47.486093817269, -30.5879725504716], [47.4958539876781, -30.7055295617811], [47.534894667518, -30.8061788529848], [47.3299310952145, -30.9736935451253], [47.1640082036491, -31.0907792767822], [47.0468861623328, -31.2828214217059], [47.0468861623328, -31.5160849263506], [47.0468861623328, -31.6823462199943], [46.9883251416747, -31.8151412866139], [46.7248005496113, -32.0636177786052], [46.5003166364895, -32.2701674067121], [46.4417556167297, -32.4927140542135], [46.4124751064006, -32.7147115259529], [46.3734344256624, -32.8296044685009], [46.2367920444261, -32.9771057941135], [46.0025479617935, -33.1652216875868], [45.8659055805573, -33.3529348151255], [45.7878242190809, -33.4507118270918], [45.748783539241, -33.7271482002473]]}, "properties": {"OBJECTID": 370, "id": null, "name": null, "size": null, "continent": null, "S2": null, "Type": null, "Shape__Length": 592571.524031581}}, {"type": "Feature", "id": 371, "geometry": {"type": "LineString", "coordinates": [[48.8915583121663, -30.3018832938432], [48.6475540591246, -30.5039158413256], [48.3254684464031, -30.6551654858693], [48.0814641933613, -30.7474795521939], [47.866740451547, -30.7894112792831], [47.534894667518, -30.8061788529848]]}, "properties": {"OBJECTID": 371, "id": null, "name": null, "size": null, "continent": null, "S2": null, "Type": null, "Shape__Length": 169687.10739266148}}, {"type": "Feature", "id": 372, "geometry": {"type": "LineString", "coordinates": [[14.1604025779037, -23.5149856631375], [14.1159249247568, -23.7002369041546], [14.0148393500761, -23.8778311027901], [13.9380143139655, -23.9554521235846], [13.764147125371, -24.01086712931], [13.6104970513533, -24.0182539947801], [13.4325864396638, -24.0551819540346], [13.2668060972593, -24.1326960813001], [13.2021113295355, -24.2654681437713], [13.2021113295355, -24.4128301339547], [13.2142415988206, -24.5305960468288], [13.0929389086648, -24.6372260865768], [12.7896821846227, -24.8392054671986], [12.5592070744944, -25.0408557940204], [12.4096004235718, -25.1031171995827], [12.1023002764346, -25.1177623403584], [11.9446067793219, -25.0884703056327], [11.7464790530556, -25.1287450444364], [11.5604815960743, -25.2604603859137], [11.3768866491844, -25.3938144289515]]}, "properties": {"OBJECTID": 372, "id": null, "name": null, "size": null, "continent": null, "S2": null, "Type": null, "Shape__Length": 430941.0808472363}}, {"type": "Feature", "id": 373, "geometry": {"type": "LineString", "coordinates": [[14.10379465637, -25.1067786492422], [13.9501445823523, -24.8685569207452], [13.7762773937578, -24.6960175480681], [13.6347575890251, -24.5820839523683], [13.5134548997676, -24.5195601744135], [13.3961956327068, -24.5195601744135], [13.3153271735013, -24.5342744554281], [13.2142415988206, -24.5305960468288]]}, "properties": {"OBJECTID": 373, "id": null, "name": null, "size": null, "continent": null, "S2": null, "Type": null, "Shape__Length": 132624.4586635087}}, {"type": "Feature", "id": 374, "geometry": {"type": "LineString", "coordinates": [[25.8931266731429, -18.6837016897375], [25.7620615075009, -18.7476499009158], [25.6786564017658, -18.7739744829493], [25.5674495950172, -18.7551716288712], [25.4363844293752, -18.6686515400969], [25.337092636705, -18.5896163615069], [25.2099991430213, -18.559498064576], [25.0868773203977, -18.5519676597668], [24.9504012029475, -18.5856126874806], [24.8354279901814, -18.6248399544422], [24.7477131503953, -18.6376469326651], [24.6422729932731, -18.6466289715338]]}, "properties": {"OBJECTID": 374, "id": null, "name": null, "size": null, "continent": null, "S2": null, "Type": null, "Shape__Length": 150276.7487963562}}, {"type": "Feature", "id": 375, "geometry": {"type": "LineString", "coordinates": [[23.9192058436984, -19.6889708982148], [23.8596307688149, -19.625387307386], [23.7404806181496, -19.5355794022666], [23.5696987356193, -19.4269948585087], [23.434661898019, -19.3857886004889], [23.3353701062471, -19.400773902206], [23.2559366724702, -19.4831683664062], [23.1837771993828, -19.5941226487523], [23.1816476271191, -19.5938736210265], [23.0712733430432, -19.7454437284013], [22.9057119173786, -19.7757405243436], [22.8137333471656, -19.7324576263009], [22.7355515630236, -19.6588497859228], [22.6435729928106, -19.5288712159814], [22.5791879938412, -19.4334870430857], [22.5102040661815, -19.3727588225282], [22.3676372821717, -19.316348057139], [22.2434662129232, -19.3206880389159], [22.0595090724973, -19.3206880389159], [21.8737180339953, -19.3033274213536]]}, "properties": {"OBJECTID": 375, "id": null, "name": null, "size": null, "continent": null, "S2": null, "Type": null, "Shape__Length": 284562.76608571573}}, {"type": "Feature", "id": 391, "geometry": {"type": "LineString", "coordinates": [[-8.8603252482682, -39.2674299825678], [-9.15104542915816, -39.3172017346675], [-9.30150278914648, -39.3248471857968], [-9.51221445098438, -39.3144099988992], [-9.71634137285647, -39.2543762954777], [-9.8285915323834, -39.2326630859247], [-10.0234502686696, -39.2806712536599], [-10.1602885068923, -39.5185859945603], [-10.0576598277761, -39.7293840159003], [-9.98924070956306, -39.8870608852195], [-10.0063454886672, -40.0443759368949], [-10.040555048672, -40.2405104095023], [-10.2287076251053, -40.3057626975519], [-10.48527932065, -40.3057626975519], [-10.6221175588727, -40.2666188800172], [-10.6734318979816, -40.1751951700405], [-10.7760605761995, -40.0705599109616], [-10.9128988135239, -39.9788719927262], [-11.1181561699596, -39.9395394556399], [-11.2378896281799, -39.8739349610406], [-11.3063087472913, -39.8345421134314], [-11.2207848481775, -39.6899083070459], [-11.1352609499621, -39.5581595293835], [-11.1352609499621, -39.4525799745862], [-11.2036800690734, -39.3336113130513], [-11.4089374255091, -39.3071462895824], [-11.6826139010563, -39.2541862085417], [-11.8468197860252, -39.2117893199107], [-11.8707664774896, -39.2011860954531], [-12.1615477330391, -39.2011860954531], [-12.3668050894748, -39.3336113130513], [-12.3668050894748, -39.5053898032671], [-12.3688003519254, -39.5101962433043], [-12.3366991028581, -39.8070019462768], [-12.4888141285318, -39.9937165239787], [-12.6129275501936, -40.0957686397509], [-12.7017751646546, -40.3076427539506]]}, "properties": {"OBJECTID": 391, "id": null, "name": null, "size": null, "continent": null, "S2": null, "Type": null, "Shape__Length": 820827.7372564924}}, {"type": "Feature", "id": 392, "geometry": {"type": "LineString", "coordinates": [[-8.8451137458805, -39.2755777932044], [-8.82560258314946, -39.4048854479782], [-8.77297869259576, -39.5145847915533], [-8.57300790723403, -39.6281643907916], [-8.30462606514062, -39.7253701829419], [-7.9520459965443, -39.7698771089047], [-7.66787698647629, -39.8588046862222], [-7.42054469988568, -39.9435827424612], [-7.01490231706293, -39.9476085617212], [-6.82674973973129, -39.9344942351473], [-6.67854784011392, -39.9072621339902], [-6.46805227700078, -39.8789994514455], [-6.33614421314455, -39.8418152013722], [-6.21432653320941, -39.7691488992219], [-6.11884781223917, -39.7068237291695], [-5.99703013320233, -39.6288655552578], [-5.79948795039771, -39.5326378610209], [-5.66450079232758, -39.4857926723126], [-5.45608723298884, -39.3985217079396], [-5.33663862605359, -39.3357268181393], [-5.30506429100271, -39.2502010283148], [-5.26296517909871, -39.1319223086388], [-5.12088067361556, -39.046147970138], [-4.97879616813241, -38.9807260958571], [-4.79987494007011, -38.8537990608375], [-4.76004681412016, -38.79469073482], [-4.73230303198468, -38.7266991061721], [-4.69988954738925, -38.6773633537973], [-4.62869161391398, -38.4745975801895], [-4.6525280461604, -38.339696589825], [-4.6104289333581, -38.2447010340448], [-4.48413159495122, -38.1206069951703], [-4.21048736353296, -38.0336154569847], [-4.11050197085206, -38.0045952873937]]}, "properties": {"OBJECTID": 392, "id": null, "name": null, "size": null, "continent": null, "S2": null, "Type": null, "Shape__Length": 710858.2351834946}}, {"type": "Feature", "id": 396, "geometry": {"type": "LineString", "coordinates": [[-8.9462386955167, -36.8964960105958], [-8.88035897267806, -36.9903556989428], [-8.86603729380011, -37.0726737080975], [-8.87176596535129, -37.2187963939704], [-8.92045967353635, -37.3782945883131], [-8.92709188677, -37.489616424945], [-8.65959111051062, -37.7484782093237], [-8.60609095561807, -37.7915612407701], [-8.37425695048479, -37.9923873262689], [-8.34337297432302, -38.014032892862], [-8.05640060162933, -38.1731532490003], [-7.90245758430252, -38.4013911971298], [-7.90245758430252, -38.6823402370468], [-8.09061016163416, -38.8423894156304], [-8.36428663718124, -38.9355855852754], [-8.58664877272109, -39.0552294940981], [-8.74124477812286, -39.1854557608654], [-8.8603252482682, -39.2674299825678]]}, "properties": {"OBJECTID": 396, "id": null, "name": null, "size": null, "continent": null, "S2": null, "Type": null, "Shape__Length": 437209.1783782732}}, {"type": "Feature", "id": 397, "geometry": {"type": "LineString", "coordinates": [[-8.9462386955167, -36.8964960105958], [-8.73427784722448, -36.859836481961], [-8.42492958166378, -36.7933462483638], [-8.26739111310784, -36.6441066580243], [-8.15568201696138, -36.4968799895393], [-8.00673655573223, -36.388581786969], [-7.9167779004362, -36.3467351963494], [-7.81482605786917, -36.3239918908255], [-7.62291556000608, -36.3355297312838], [-7.47397009877693, -36.3609069654269], [-7.33361764487455, -36.4001100560454], [-7.15602882588944, -36.4116366152417], [-7.02140504353823, -36.388581786969], [-6.89250993273822, -36.3216841177108], [-6.82949454567518, -36.2685864785509], [-6.75215747883583, -36.2085195553911]]}, "properties": {"OBJECTID": 397, "id": null, "name": null, "size": null, "continent": null, "S2": null, "Type": null, "Shape__Length": 285767.8055947142}}, {"type": "Feature", "id": 398, "geometry": {"type": "LineString", "coordinates": [[-11.3653634883178, -36.5184574424854], [-11.650579161456, -36.6100902685858], [-11.8787516999665, -36.7625699341931], [-11.9738235910125, -36.907145382929], [-11.9262876459386, -37.0438593540891], [-11.8499310201633, -37.2489799830158], [-11.8042965130002, -37.4303892094992], [-11.7787028224461, -37.5787791246232]]}, "properties": {"OBJECTID": 398, "id": null, "name": null, "size": null, "continent": null, "S2": null, "Type": null, "Shape__Length": 186554.7305057214}}, {"type": "Feature", "id": 399, "geometry": {"type": "LineString", "coordinates": [[-11.3653634883178, -36.5184574424854], [-11.6678922742475, -36.4589589757769], [-11.8799713884418, -36.3562824583726], [-12.0891720130049, -36.2625580681738]]}, "properties": {"OBJECTID": 399, "id": null, "name": null, "size": null, "continent": null, "S2": null, "Type": null, "Shape__Length": 88866.57972088006}}, {"type": "Feature", "id": 400, "geometry": {"type": "LineString", "coordinates": [[-10.3497632336422, -36.2986026283134], [-10.3914913422322, -36.3922010619472], [-10.4749475594121, -36.4772189566047], [-10.6001318842837, -36.5366909865409], [-10.7983403996368, -36.604618248029], [-10.9945831136873, -36.5948256799363], [-11.1754145723704, -36.5322744849098], [-11.3653634883178, -36.5184574424854]]}, "properties": {"OBJECTID": 400, "id": null, "name": null, "size": null, "continent": null, "S2": null, "Type": null, "Shape__Length": 133947.96487180403}}, {"type": "Feature", "id": 401, "geometry": {"type": "LineString", "coordinates": [[-10.3497632336422, -36.2986026283134], [-10.2466471457209, -36.388581786969], [-9.90006251417916, -36.5245063650675], [-9.76830306850186, -36.5774293484955], [-9.61649327149711, -36.7222066099202], [-9.48473382492151, -36.8346228502907], [-9.35297437834589, -36.8964960105958], [-9.1725212235852, -36.9010772141879], [-9.06654079898992, -36.8919145319967], [-8.9462386955167, -36.8964960105958]]}, "properties": {"OBJECTID": 401, "id": null, "name": null, "size": null, "continent": null, "S2": null, "Type": null, "Shape__Length": 186305.77389474394}}, {"type": "Feature", "id": 402, "geometry": {"type": "LineString", "coordinates": [[-11.4639898566363, -33.6587600110869], [-11.414142382843, -33.8501104146949], [-11.4313615282625, -33.891358514118], [-11.4815838250064, -33.9291135581217], [-11.5384625877, -34.025132737634], [-11.630121332519, -34.1366344938713], [-11.653036019622, -34.2550920896534], [-11.6072066463142, -34.363925987844], [-11.4611255208606, -34.4537257766886], [-11.3580094329393, -34.5245522173106], [-11.266350687222, -34.6448190287961], [-11.2463003367929, -34.720191638691], [-11.1861492855054, -34.828419483063], [-11.0515255031542, -34.941201435402], [-10.8997157061494, -35.0256862621701], [-10.7708205953494, -35.1217988525036], [-10.6361968129982, -35.2341769694087], [-10.5720327070622, -35.2830775654256], [-10.4439638612706, -35.3214540468255], [-10.4085175196473, -35.3334800940932], [-10.3067981970083, -35.3861078208451], [-10.1549884000036, -35.4654655999134], [-10.0833251580758, -35.5278673631841], [-10.0833800056138, -35.6984171783429], [-10.1263450422477, -35.856436771796], [-10.210240012782, -36.0325035508775], [-10.3449891164035, -36.1957878992339], [-10.3367157781639, -36.2737632945532], [-10.3497632336422, -36.2986026283134]]}, "properties": {"OBJECTID": 402, "id": null, "name": null, "size": null, "continent": null, "S2": null, "Type": null, "Shape__Length": 454917.02703709574}}, {"type": "Feature", "id": 403, "geometry": {"type": "LineString", "coordinates": [[-11.4639898566363, -33.6587600110869], [-12.0597717015529, -33.3769723059514]]}, "properties": {"OBJECTID": 403, "id": null, "name": null, "size": null, "continent": null, "S2": null, "Type": null, "Shape__Length": 76251.36020964288}}, {"type": "Feature", "id": 404, "geometry": {"type": "LineString", "coordinates": [[-12.4349996908506, -33.5323079069537], [-12.5590394569473, -33.6117873189801], [-12.5868094878553, -33.6587600110869], [-12.5568668149573, -33.7146459982424], [-12.4037036098573, -33.7245041070378], [-12.3515434736707, -33.7681368425478], [-12.3202473926774, -33.8989281707024], [-12.3828395555623, -33.9686181054527], [-12.5152010925672, -33.9610121822307], [-12.5914800976137, -34.0208557343033], [-12.706232395787, -34.0469649735041], [-12.8339279071363, -34.0192969920003], [-13.0359404625276, -33.9574207589533]]}, "properties": {"OBJECTID": 404, "id": null, "name": null, "size": null, "continent": null, "S2": null, "Type": null, "Shape__Length": 165846.9939621304}}, {"type": "Feature", "id": 405, "geometry": {"type": "LineString", "coordinates": [[-12.4349996908506, -33.5323079069537], [-12.643640232902, -33.4535823167303], [-12.6538276142125, -33.4432053723474], [-12.6709720251903, -33.3856604704479], [-12.6709720251903, -33.2808302156346], [-12.7423055656459, -33.2658460505864], [-12.9218541932723, -33.2733714713602]]}, "properties": {"OBJECTID": 405, "id": null, "name": null, "size": null, "continent": null, "S2": null, "Type": null, "Shape__Length": 77357.66120515563}}, {"type": "Feature", "id": 406, "geometry": {"type": "LineString", "coordinates": [[-12.0597717015529, -33.3769723059514], [-12.2201989176023, -33.39704928093], [-12.2504527758979, -33.4266727417894], [-12.3724075279657, -33.5323079069537], [-12.4349996908506, -33.5323079069537]]}, "properties": {"OBJECTID": 406, "id": null, "name": null, "size": null, "continent": null, "S2": null, "Type": null, "Shape__Length": 49789.3701622257}}, {"type": "Feature", "id": 407, "geometry": {"type": "LineString", "coordinates": [[-12.0597717015529, -33.3769723059514], [-12.1538044286648, -33.137217405835], [-12.3057883389346, -33.1110695121468]]}, "properties": {"OBJECTID": 407, "id": null, "name": null, "size": null, "continent": null, "S2": null, "Type": null, "Shape__Length": 50861.59424010934}}, {"type": "Feature", "id": 408, "geometry": {"type": "LineString", "coordinates": [[-10.8853940272714, -33.0798694592373], [-11.0007840807874, -33.4634744898821], [-11.0633762436723, -33.5771619554872], [-11.2824488133204, -33.6033803400045], [-11.4639898566363, -33.6587600110869]]}, "properties": {"OBJECTID": 408, "id": null, "name": null, "size": null, "continent": null, "S2": null, "Type": null, "Shape__Length": 115528.80111457434}}, {"type": "Feature", "id": 410, "geometry": {"type": "LineString", "coordinates": [[43.2880231239, -39.7499553322474], [43.4569912719392, -39.7290818926935], [43.6492589246878, -39.6921049100138], [43.8415265765382, -39.6498212352605], [44.0681277379363, -39.6128017930462], [44.2672620920555, -39.5387034936716], [44.356529216161, -39.4804278461145], [44.5144633593619, -39.4061881666882], [44.7616646266683, -39.3424911838027], [45.0637995085324, -39.3106209033105], [45.2766672662911, -39.2946803167831], [45.434601409492, -39.2681046068545], [45.5582020431452, -39.2308816753514], [45.7298695899856, -39.1670249782157], [45.9221372418359, -39.1190943729054], [46.1212715959552, -39.0924521587134], [46.3204059500744, -39.0924521587134], [46.4508732859964, -39.103110252633], [46.6843411496634, -39.1457265162048], [46.9590092242487, -39.1350748676562], [47.1169433665513, -39.0924521587134], [47.1787436833779, -39.0604682112756], [47.3572779324872, -38.9804449303549], [47.4740118638715, -38.9217036411183], [47.6868796216301, -38.8842974775786], [47.8448137648311, -38.8522193678225], [47.9958812057631, -38.8415234483342], [48.174415453974, -38.8201267854391], [48.4284834235493, -38.8415234483342], [48.6550845849474, -38.8896424213618], [48.8130187281484, -38.937728820165], [48.8542189390666, -38.9537503792407], [49.0327531872775, -39.0071294201449], [49.2387542436657, -39.0391375261762], [49.5271557218903, -39.0444708010418], [49.8224239023839, -39.0284697679629], [50.0558917660509, -39.0231352846469], [50.2206926106224, -39.0071294201449], [50.4060935611022, -38.9751068246388], [50.591494511582, -38.9644294066938], [50.7150951452352, -38.959090094497], [50.9210962007249, -38.959090094497], [51.0378301330076, -38.9697683172121], [51.1888975739397, -39.0231352846469], [51.3078396819716, -39.0693227591138], [51.4841657544332, -39.1350748676562]]}, "properties": {"OBJECTID": 410, "id": null, "name": null, "size": null, "continent": null, "S2": null, "Type": null, "Shape__Length": 951426.5108004303}}, {"type": "Feature", "id": 411, "geometry": {"type": "LineString", "coordinates": [[49.0327531872775, -39.0071294201449], [49.0404757585351, -39.0503415394192], [48.9778195727198, -39.1670249782157], [48.9160192558932, -39.2308816753514], [48.8748190449749, -39.2627882545912], [48.7718185163317, -39.3584208776517], [48.7306183054134, -39.4114936247796], [48.7031514981346, -39.5069228354044], [48.7031514981346, -39.5651762641921], [48.7031514981346, -39.6286696940901], [48.8061520258795, -39.6973885491257], [48.9984196786281, -39.755481886959], [49.1426204172913, -39.8398938892382], [49.2456209459346, -39.8925987680881], [49.3005545604923, -39.9663175623798], [49.4035550882372, -40.0399569500138], [49.5683559328086, -40.1712582382172]]}, "properties": {"OBJECTID": 411, "id": null, "name": null, "size": null, "continent": null, "S2": null, "Type": null, "Shape__Length": 227468.7635054272}}, {"type": "Feature", "id": 412, "geometry": {"type": "LineString", "coordinates": [[-4.12102674950181, -40.2414878462446], [-4.07892763669952, -40.0564569350013], [-4.09471480377579, -39.959719049939], [-4.16312586140577, -39.8224391291045], [-4.32625992329009, -39.6970326256877], [-4.48413159495122, -39.6322173626778], [-4.58411698763208, -39.4861608226007], [-4.63674087818579, -39.3723487430139], [-4.72093910379038, -39.3235152453175], [-4.86828599770009, -39.3072298299898], [-5.09456872788954, -39.311301538681], [-5.33663862605359, -39.3275860063049]]}, "properties": {"OBJECTID": 412, "id": null, "name": null, "size": null, "continent": null, "S2": null, "Type": null, "Shape__Length": 230237.34962443908}}, {"type": "Feature", "id": 413, "geometry": {"type": "LineString", "coordinates": [[-3.7000356232755, -38.4469330678476], [-3.83159535010891, -38.3768349062909], [-3.98946702177004, -38.3314410440032], [-4.16838825073066, -38.3314410440032], [-4.31047275621382, -38.3438240110523], [-4.42624531597095, -38.3933347088785], [-4.62869161391398, -38.4663574284557]]}, "properties": {"OBJECTID": 413, "id": null, "name": null, "size": null, "continent": null, "S2": null, "Type": null, "Shape__Length": 111750.93447620916}}, {"type": "Feature", "id": 414, "geometry": {"type": "LineString", "coordinates": [[-6.67854784011392, -39.9072621339902], [-6.50097273660659, -40.0090203914434], [-6.5162191277633, -40.1023794117486], [-6.72966860665217, -40.1490109514279], [-7.08033560684978, -40.1490109514279], [-7.23279952021349, -40.1839636112291], [-7.53772734694094, -40.3352170986318], [-7.69019126030469, -40.4397329013611], [-7.75117682582985, -40.5324996435943], [-7.78166960904156, -40.6251381361066], [-7.75117682582985, -40.7523065356408], [-7.62920569567785, -40.8446401767492], [-7.62920569567785, -40.9022834716624], [-7.62920569567785, -41.0519210885979]]}, "properties": {"OBJECTID": 414, "id": null, "name": null, "size": null, "continent": null, "S2": null, "Type": null, "Shape__Length": 281054.06390920846}}, {"type": "Feature", "id": 415, "geometry": {"type": "LineString", "coordinates": [[-6.65343664997034, -43.1333529792485], [-6.91262530232933, -43.0219890394627], [-6.9888572590112, -42.932752178739], [-7.15656756353162, -42.8880851885559], [-7.26329230342524, -42.8880851885559], [-7.44624899910237, -42.9104227302493], [-7.56822013015269, -42.9773867969101], [-7.69019126030469, -43.0331345408314], [-7.88839434803685, -43.0554194722614], [-8.02561187024389, -43.088831690989], [-8.08659743576901, -43.1110963830355], [-8.25430774028947, -43.2889224137121], [-8.33053969697134, -43.3665583088145], [-8.40677165365321, -43.4330243778004], [-8.42201804480992, -43.5878282875567], [-8.62022113164375, -43.6871353952764], [-8.72694587153737, -43.7422350886703]]}, "properties": {"OBJECTID": 415, "id": null, "name": null, "size": null, "continent": null, "S2": null, "Type": null, "Shape__Length": 306945.0987799786}}, {"type": "Feature", "id": 416, "geometry": {"type": "LineString", "coordinates": [[-5.61668203873765, -44.4103707411896], [-5.40323256074708, -44.6060837575806], [-5.40323256074708, -44.7253626414956], [-5.4337253430605, -44.8335850052727], [-5.38798616869204, -44.9523953141429], [-5.34224699522192, -45.0386486440337], [-5.37273977753533, -45.1570349912841], [-5.47946451742895, -45.2215059087192], [-5.55569647411079, -45.2751758904048], [-5.5709428652675, -45.3930713496601], [-5.54045008205578, -45.5427651579403], [-5.47946451742895, -45.6067979558634], [-5.22027586417162, -45.702710257589], [-4.99157999412601, -45.7878277387295], [-4.9763336029693, -45.947073235231], [-4.94584082065589, -46.0318176385373], [-4.91534803744417, -46.0952907980732], [-4.51894186287814, -46.358976887692], [-4.44270990619627, -46.5375600279827], [-4.44270990619627, -46.6632662484757], [-4.56468103724656, -46.7573545372177], [-4.59517381955998, -46.8304209319823], [-4.54943464608985, -46.9346294257047], [-4.21401403615066, -47.0282440254726], [-4.15302847062553, -47.1631757713026], [-4.21401403615066, -47.2874247368164], [-4.21401403615066, -47.4113825256739], [-4.1072892971554, -47.5247547955315], [-3.8938398182665, -47.5967734785789], [-3.84810064389807, -47.6789593346847], [-3.84810064389807, -47.9043040549029], [-3.83285425274133, -48.0675775751524], [-3.74137590490279, -48.1896938580015], [-3.7566222960595, -48.2709434267195], [-3.74137590490279, -48.6248943308348], [-3.71088312258937, -48.7054511409851], [-3.52792642601388, -48.8059661163625], [-3.49743364370046, -48.916300362396], [-3.49743364370046, -49.0263914464969], [-3.34496973033676, -49.1063050342859], [-3.28398416481159, -49.1860901270134], [-3.26873777365488, -49.3949150288233], [-3.31447694712501, -49.5830900321839], [-3.17725942581631, -49.740992427518], [-2.90282438140227, -49.9670798791023], [-2.75036046803853, -50.0748349241019], [-2.62838933788653, -50.1725843894882], [-2.5674037723614, -50.2603882851748], [-2.5674037723614, -50.3772088638867], [-2.59789655467482, -50.4840422873333], [-2.6893749025134, -50.6003130233146], [-2.7046212945684, -50.7066428040796], [-2.62838933788653, -50.8223645334629], [-2.41493985899766, -50.9858139671949], [-1.98804090121992, -51.2633162523684], [-1.66786668333572, -51.4061982143785], [-1.46966359650189, -51.4727241257033], [-1.21047494324456, -51.4917137336101], [-1.01227185641069, -51.5675931116253], [-0.966532682042239, -51.6717208368092], [-0.997025464355655, -51.8039016507499], [-1.07325742103753, -51.907486889843], [-1.08850381309257, -52.038977953661], [-1.08850381309257, -52.1513776167311], [-1.16473576977444, -52.2821528286919], [-1.24096772645627, -52.3846347982265], [-1.37818524776498, -52.459018052723], [-1.43917081329014, -52.4961626302087], [-1.34769246545156, -52.6074082978954], [-1.24096772645627, -52.6536774516251], [-1.22572133440127, -52.7368386794156], [-1.1494893777194, -52.9118813957375], [-0.997025464355655, -53.0953757651085], [-0.951286290885531, -53.2324850942048], [-0.981779073198947, -53.5688179879169], [-0.966532682042239, -53.7044126252985], [-0.859807943046952, -53.8575600965583], [-0.707344029683242, -53.9114787649309], [-0.661604855314788, -53.9114787649309]]}, "properties": {"OBJECTID": 416, "id": null, "name": null, "size": null, "continent": null, "S2": null, "Type": null, "Shape__Length": 1951601.8662647502}}, {"type": "Feature", "id": 417, "geometry": {"type": "LineString", "coordinates": [[-3.74137590490279, -48.6248943308348], [-3.94096582075374, -48.792119882091], [-4.06646071657519, -48.8447037598582], [-4.06646071657519, -48.9347192367603], [-4.11209522463663, -49.0320531722183], [-4.22618149389187, -49.114264204598], [-4.32885913658094, -49.1739686086572], [-4.39731089777477, -49.2782782647334], [-4.43153677837167, -49.4565827106437], [-4.38590227120856, -49.5676947313595], [-4.21477286732566, -49.7449492043447], [-4.16913835926425, -49.818614747905], [-4.02082620941208, -49.8406925724919], [-3.94096582075374, -49.8701139973768], [-3.86110543209539, -49.9876206140728], [-3.80406229746774, -50.1706514678775], [-3.83828817806467, -50.3311409077808], [-3.9067399401568, -50.4693106359096], [-3.96378307478442, -50.5925949211287], [-3.97519170135064, -50.7733104354693], [-3.92955719418752, -50.9605167691738], [-3.83828817806467, -51.1684375926583], [-3.84969680552918, -51.2470599202694], [-3.86110543209539, -51.3611801614269], [-3.99800895538136, -51.6876968232549], [-4.11209522463663, -51.850077929546], [-4.32885913658094, -52.0960598177343], [-4.4657626589686, -52.3476625066602], [-4.47717128643311, -52.4729296917147], [-4.44294540583621, -52.5423689090277], [-4.39731089777477, -52.6601639259561], [-4.34026776314715, -52.7707406146245], [-4.21477286732566, -52.908567561929], [-4.16913835926425, -52.9910538695587], [-4.20336423986115, -53.1076403431521], [-4.27181600195332, -53.1965820092758], [-4.59125755568839, -53.3807187871924], [-4.76238695957128, -53.4894626549341], [-4.83083872076508, -53.5572863296617], [-4.85365597479581, -53.6250014508909], [-4.84224734822963, -53.760106350577], [-4.94492499002036, -53.8880546915574], [-5.03619400524491, -53.9820825353871]]}, "properties": {"OBJECTID": 417, "id": null, "name": null, "size": null, "continent": null, "S2": null, "Type": null, "Shape__Length": 1067485.9147435792}}, {"type": "Feature", "id": 418, "geometry": {"type": "LineString", "coordinates": [[-3.83285425274133, -48.0675775751524], [-3.57588975895722, -48.1796332773116], [-3.43898623567126, -48.2176553824553], [-3.22222232462525, -48.2328563236702], [-3.01686704014542, -48.2024499271382], [-2.83432900879802, -48.1415829510916], [-2.58333921625678, -48.0577728750649], [-2.4008011858077, -48.0348918667433], [-2.22967178192481, -48.0501470019022], [-2.08135963207263, -48.0958853022035], [-1.70487494370994, -48.0958853022035], [-1.2827557472858, -48.0882650755581], [-1.07740046280597, -48.133969499192], [-0.712324401009494, -48.2404551016485], [-0.518377743095877, -48.3315524136539], [-0.381474219809914, -48.3997687838891], [-0.278796578019148, -48.4300578453394], [0.0292363491497117, -48.4300578453394], [0.291634768257162, -48.4376272910637], [0.428538291543125, -48.3770401458717], [0.896291996028669, -48.3770401458717], [1.19291629573305, -48.3770401458717], [1.54658373006502, -48.4830202869092], [1.78616489604005, -48.5359274841569], [2.00292880708606, -48.596325221467], [2.05997194171371, -48.6340371820991], [2.36800486888257, -48.6641864699137], [2.56195152679619, -48.6641864699137], [2.71026367664837, -48.6114133862576], [2.89280170799577, -48.4981422657555], [3.00688797725101, -48.4678937988681], [3.34914678501681, -48.4678937988681], [3.66858833875188, -48.4678937988681], [3.96521263845623, -48.4905818403356], [4.18197655040057, -48.5434811464731], [4.4329663429418, -48.5208167785086], [4.6725475080185, -48.4905818403356], [4.87790279249833, -48.5283726952443], [5.04903219638123, -48.596325221467], [5.22016160026409, -48.6566508381827], [5.37988237758081, -48.6717209750908], [5.63087217012204, -48.6867866065292], [5.80200157400494, -48.6867866065292], [5.93890509639257, -48.6340371820991], [6.06439999311236, -48.5887794490467], [6.23552939699525, -48.5887794490467], [6.42947605490887, -48.6566508381827], [6.63483133938867, -48.7244309728141], [6.86300387789919, -48.8146625841212]]}, "properties": {"OBJECTID": 418, "id": null, "name": null, "size": null, "continent": null, "S2": null, "Type": null, "Shape__Length": 1268471.125395334}}, {"type": "Feature", "id": 419, "geometry": {"type": "LineString", "coordinates": [[10.0346021630158, -49.7006961077285], [10.2057315668987, -49.7006961077285], [10.4339041054092, -49.7596912739281], [10.6164421358583, -49.8480496083635], [10.7419370325781, -49.9949552672259], [10.8674319283995, -50.0609168107171], [10.913066436461, -50.1194732583908], [10.9701095710886, -50.2071738092356], [11.1526476015377, -50.345704059155], [11.4264546481097, -50.5128595240524], [11.6089926785587, -50.6215561796815], [11.7458962018447, -50.7011077428518], [11.9170256057276, -50.7372230032939], [12.0425205015491, -50.7733104354693], [12.1337895176719, -50.9101890104997], [12.2821016675241, -51.010790072404], [12.4646396979732, -51.096846243468], [12.5445000866316, -51.1254961024811], [12.8525330138004, -51.1827425454299], [13.0008451636526, -51.2542007495191], [13.0921141788772, -51.2970224425351], [13.2062004481324, -51.3255480664318], [13.3316953448522, -51.3683032566763]]}, "properties": {"OBJECTID": 419, "id": null, "name": null, "size": null, "continent": null, "S2": null, "Type": null, "Shape__Length": 489399.9821090805}}, {"type": "Feature", "id": 420, "geometry": {"type": "LineString", "coordinates": [[-3.43898623567126, -48.2176553824553], [-3.40476035507433, -48.3315524136539], [-3.1651791899976, -48.4527628001508], [-2.98264115865019, -48.5736845227803], [-2.66319960491512, -48.7620471829341], [-2.12699413923574, -48.9571977882958], [-1.64783180908228, -49.1739686086572], [-1.33979888191343, -49.3154783555236], [-1.06599183534147, -49.3823677752694], [-0.837819296830948, -49.3972197415655], [-0.609646758320431, -49.3823677752694], [-0.506969116529698, -49.2708348768307], [-0.404291473840635, -49.2112473364612], [-0.25597932398846, -49.1814266019934], [0.0748708572111541, -49.2186997114552], [0.348677902884783, -49.2708348768307], [0.55403318826291, -49.3972197415655], [0.713753964681264, -49.4565827106437], [0.953335130656323, -49.5306854344651], [1.30700256498829, -49.5898868524894], [1.52376647693263, -49.6933166695024], [1.75193901544315, -49.7670606281184], [1.8774339112646, -49.8406925724919], [2.19687546499968, -49.906865590739], [2.57336015336237, -49.9509305691136], [2.90421033456195, -49.9289031157063], [3.09815699247557, -49.906865590739], [3.24646914232774, -49.8480496083635], [3.47464168083826, -49.7965268450952], [3.66858833875188, -49.818614747905], [4.03366440054836, -49.9435892038163], [4.51282673070182, -50.1121576152914], [4.82085965787067, -50.2071738092356], [5.01480631578429, -50.2874246632043], [5.27720473489174, -50.3820924062349], [5.47115139280533, -50.454785418694], [5.6194635426575, -50.4910900976202]]}, "properties": {"OBJECTID": 420, "id": null, "name": null, "size": null, "continent": null, "S2": null, "Type": null, "Shape__Length": 1165230.5997920865}}, {"type": "Feature", "id": 421, "geometry": {"type": "LineString", "coordinates": [[-7.62920569567785, -41.0519210885979], [-7.65101375806388, -41.1534916972759], [-7.71773545564865, -41.2431411234119], [-7.75586214011113, -41.3040325829717], [-7.77015964712144, -41.375596865115], [-7.76062797578123, -41.4863660602557], [-7.71773545564865, -41.5470302013795], [-7.68437460685625, -41.6112008380296], [-7.67484293551607, -41.714452720626], [-7.64148208672366, -41.8033300538374], [-7.5271020333362, -41.8920842763592], [-7.42225365039062, -42.0196739915167], [-7.30787359700316, -42.1010558918713], [-7.23162022807817, -42.1682057387257], [-7.18396187227548, -42.2141093456288], [-7.16013269392499, -42.3199134950963], [-7.1363035164728, -42.4044289401404], [-6.97903094295275, -42.4782866847533], [-6.89801173835766, -42.5590785945384], [-6.79792919108218, -42.6152200461831], [-6.73120749349741, -42.6607977425899], [-6.67401746635455, -42.6958347914438], [-6.64542245323225, -42.7658496164698], [-6.56916908430726, -42.8008273888088], [-6.46432070136168, -42.8497630680729], [-6.37853566109651, -42.9056421227735], [-6.34517481230411, -42.961470570619], [-6.32611146962372, -43.0311849542956], [-6.29751645650142, -43.097340356151], [-6.23556059368845, -43.1460407571146], [-6.15930722476347, -43.2433252507145], [-6.11641470463089, -43.3023151652993], [-6.07352218449827, -43.3716418549442], [-6.04492717137601, -43.4685662369106], [-6.0353955000358, -43.5135140973239], [-5.98773714423311, -43.5722415922611], [-5.97820547379123, -43.620562453507], [-5.96867380245102, -43.6757387796923], [-6.04492717137601, -43.6826322567533], [-6.12594637597106, -43.620562453507], [-6.18790223878406, -43.5204261831418], [-6.24509226502863, -43.4270462158421], [-6.31181396351174, -43.3820340317539], [-6.37853566109651, -43.3335219707104], [-6.43095985256931, -43.284971125582], [-6.4833840440421, -43.2190186665941], [-6.53580823461656, -43.1669004897012], [-6.65343664997034, -43.1333529792485], [-6.61682743921165, -43.198176737014], [-6.53580823461656, -43.3057833796624], [-6.46908653703178, -43.409737795162], [-6.40713067421878, -43.5100577571739], [-6.35947231841609, -43.610211250177], [-6.26415560770905, -43.6791856172225], [-6.22126308757647, -43.7824986666451], [-6.17837056744385, -43.8512750192014], [-6.12118054030099, -43.8890682453908], [-6.07828802016838, -43.9302698877321], [-6.07828802016838, -44.0057321519925], [-6.0401613357059, -44.087945275323], [-5.92101544664833, -44.1939683365072], [-5.81616706370275, -44.2929788268293], [-5.69702117464518, -44.357757413479], [-5.61668203873765, -44.4103707411896], [-5.54928027246535, -44.3918226735028], [-5.53021692978493, -44.3168529442316], [-5.59217279259793, -44.2349584050362], [-5.66366032585281, -44.1939683365072], [-5.68748950330501, -44.132429738902], [-5.68748950330501, -44.0537036741602], [-5.68748950330501, -44.0023041288966], [-5.66842616152292, -43.9611524016281], [-5.6255336413903, -43.9096726320806], [-5.59693862826804, -43.8684567291545], [-5.58740695692783, -43.8237739843048], [-5.59217279259793, -43.7756166744463], [-5.61123613438002, -43.727420551569], [-5.63983114840062, -43.655053597237], [-5.63983114840062, -43.6136618488317], [-5.61600197005013, -43.5791469482667], [-5.56834361424744, -43.5411576918141], [-5.53974860112514, -43.4962304171666], [-5.53021692978493, -43.4131998751126], [-5.54928027246535, -43.3577828493993], [-5.59693862826804, -43.3057833796624], [-5.63029947706041, -43.260681160767], [-5.65889449018271, -43.1564715131789], [-5.67319199719302, -43.0903799921064], [-5.72561618866578, -43.0416352903679], [-5.78280621491038, -43.0172484051413], [-5.83523040638317, -42.9823931900258], [-5.85429374906356, -42.9475182030529], [-5.85429374906356, -42.8812012625611], [-5.85905958383533, -42.8357853985275], [-5.91624961097823, -42.755352431138], [-5.982971308563, -42.6958347914438], [-6.04492717137601, -42.6678067329523], [-6.07352218449827, -42.6327538799766], [-6.08305385583848, -42.5976812736388], [-6.10688303329068, -42.4501606669261], [-6.13547804731127, -42.3692279875075], [-6.13547804731127, -42.284665176968], [-6.21649725190636, -42.2352843811082], [-6.29275062083132, -42.1999887093645], [-6.37853566109651, -42.1399407968065], [-6.43572568823941, -42.0479925693598], [-6.47385237270189, -41.9913427968216], [-6.48814987881387, -41.9417328509164], [-6.51197905716436, -41.8707944931118], [-6.51674489283447, -41.8139870618677], [-6.54057407028666, -41.7891179521278], [-6.63589078189204, -41.7535739119394], [-6.70737831514692, -41.7464627402814], [-6.88371423134738, -41.6931038460962], [-6.89324590268756, -41.6468236374195], [-6.95996760027233, -41.6254523201144], [-7.04575264053753, -41.607637475439], [-7.12200600946252, -41.5862531674096], [-7.20302521405757, -41.52919370971], [-7.21255688539778, -41.4292184635056], [-7.23638606374828, -41.375596865115], [-7.29834192566295, -41.3469805883492], [-7.36029778847595, -41.3255101241319], [-7.4603803348531, -41.246724546273], [-7.5223361976661, -41.1965387458435], [-7.56046288212857, -41.149903166268], [-7.56999455346878, -41.1068254748373], [-7.56999455346878, -41.0709057964399], [-7.62920569567785, -41.0519210885979]]}, "properties": {"OBJECTID": 421, "id": null, "name": null, "size": null, "continent": null, "S2": null, "Type": null, "Shape__Length": 1461201.5852302534}}, {"type": "Feature", "id": 422, "geometry": {"type": "LineString", "coordinates": [[-4.21401403615066, -47.4113825256739], [-4.19552386892718, -47.5495310097247], [-4.16155505023199, -47.6335305180666], [-4.14645779648044, -47.6767503786295], [-4.18797524294972, -47.7580083769467], [-4.30497895458354, -47.8315389896318], [-4.38801384572552, -47.899905002064], [-4.44840285893513, -47.9707078560666], [-4.54276068994161, -48.0363665635198], [-4.57672950953514, -48.0742085727151], [-4.70505616103347, -48.1246213267253], [-4.79186536606248, -48.1447725867831], [-4.84470575239631, -48.172467657521], [-4.9692580900076, -48.182534885375], [-5.07493886177691, -48.1598808422928], [-5.19571688639945, -48.1548452511739], [-5.2636545246882, -48.1170625650791]]}, "properties": {"OBJECTID": 422, "id": null, "name": null, "size": null, "continent": null, "S2": null, "Type": null, "Shape__Length": 211221.7522798146}}, {"type": "Feature", "id": 423, "geometry": {"type": "LineString", "coordinates": [[-3.75320486037694, -48.3504950734298], [-3.85206136179983, -48.4110304376563], [-3.89357880737081, -48.46111219492], [-3.98038801329816, -48.4911375534177], [-4.06719721832718, -48.5211451439237], [-4.09739172403366, -48.5636254854384], [-4.14645779648044, -48.6210421462523], [-4.184200929961, -48.6584526467311], [-4.2294926885207, -48.6734090780051], [-4.36914227988355, -48.7033086262514], [-4.56918088355767, -48.7107807394715], [-4.65976440157544, -48.7580783604025], [-4.67486165442866, -48.8177591298115], [-4.68995890818021, -48.8575068799544], [-4.74279929361574, -48.8823332086938], [-4.92019201756082, -48.9071472199218], [-4.99567828272533, -48.9245096995842], [-5.23346001898172, -48.9170693757183], [-5.35046373061552, -48.8972230935568], [-5.47879038121555, -48.8301836894703], [-5.5655995871429, -48.792900768774], [-5.67128035801389, -48.7655423384513], [-5.73921799720093, -48.7555901214253], [-5.80715563638798, -48.7182517432302], [-5.88264190155252, -48.6958354035323], [-5.912836407259, -48.6609456934263], [-5.95057954073957, -48.6360096759111], [-6.00341992617506, -48.6110613268988], [-6.03361443277987, -48.5885972680506]]}, "properties": {"OBJECTID": 423, "id": null, "name": null, "size": null, "continent": null, "S2": null, "Type": null, "Shape__Length": 317725.14618673583}}, {"type": "Feature", "id": 424, "geometry": {"type": "LineString", "coordinates": [[-35.115514254007, -51.9020221433445], [-35.5571580771116, -52.0628951593547], [-35.7212748384246, -52.1133158425157], [-35.9059061959123, -52.1385048227341], [-36.1520813383309, -52.1259121124078], [-36.4392856713023, -52.0502810856876], [-36.7880337892046, -52.0755056714759], [-36.9931797410704, -52.1385048227341], [-37.1778110985581, -52.213986355577], [-37.3214132645946, -52.2767898186098], [-37.4239862409767, -52.3269686010433], [-37.6291321928425, -52.4146446898642], [-37.8753073352611, -52.5146329263227], [-38.0189095012976, -52.5770102845015], [-38.5522889766876, -52.6143941574173], [-38.8805225002119, -52.6766297446934], [-39.2702998095653, -52.7760225478036]]}, "properties": {"OBJECTID": 424, "id": null, "name": null, "size": null, "continent": null, "S2": null, "Type": null, "Shape__Length": 510059.57315352844}}, {"type": "Feature", "id": 425, "geometry": {"type": "LineString", "coordinates": [[-37.3214132645946, -52.2767898186098], [-37.6496467881189, -52.213986355577], [-37.9163365258139, -52.1636795662813], [-38.2855992389926, -52.1510939738925], [-38.6138327625169, -52.1510939738925], [-38.7984641191062, -52.1636795662813], [-39.0036100718703, -52.2014149942716], [-39.4959603567075, -52.3520366712917]]}, "properties": {"OBJECTID": 425, "id": null, "name": null, "size": null, "continent": null, "S2": null, "Type": null, "Shape__Length": 252850.21916305381}}, {"type": "Feature", "id": 426, "geometry": {"type": "LineString", "coordinates": [[-37.3214132645946, -52.2767898186098], [-37.3214132645946, -52.4646671973686], [-37.4445008362531, -52.5770102845015], [-37.7111905739481, -52.6641897118717], [-37.7932489541554, -52.713928595679], [-37.9778803116431, -52.7636108353488], [-38.2035408587853, -52.7884307221251], [-38.3881722153747, -52.8008353587401], [-38.572803571964, -52.8132364580759], [-38.7574349294517, -52.8380280460797], [-38.9625808813175, -52.8999451450811], [-39.4139019756019, -53.1467306233325]]}, "properties": {"OBJECTID": 426, "id": null, "name": null, "size": null, "continent": null, "S2": null, "Type": null, "Shape__Length": 309461.4362377832}}, {"type": "Feature", "id": 427, "geometry": {"type": "LineString", "coordinates": [[-21.0211064066545, -51.6962422562839], [-20.6430473623659, -51.6065417098373], [-20.4789306010529, -51.5937991624523], [-20.3148138388416, -51.6447479012596], [-20.0686386964231, -51.6447479012596], [-19.7814343643499, -51.6320160788671], [-19.5968030068623, -51.5427932117469], [-19.4532008408257, -51.4533950610116], [-19.2890840786144, -51.3894318518032], [-19.0634235314722, -51.3766284665251], [-18.4890148664277, -51.3766284665251], [-18.3043835089401, -51.3638214998147], [-18.1402667476271, -51.274072402771], [-17.7094602477208, -51.0940471114865], [-17.5248288911314, -50.9521051178929], [-17.4427705109241, -50.6929144329549], [-17.1350515826763, -50.666916201144], [-16.7247596780464, -50.6148765231861], [-16.5811575120099, -50.4845251239107], [-16.540128321457, -50.3669006039536], [-16.540128321457, -50.2883218959442], [-16.540128321457, -50.143923330499], [-16.540128321457, -50.0122724956063], [-16.437555345075, -49.9331084199934], [-16.1093218224491, -49.7611393163259], [-15.9862342507906, -49.6417252436954], [-16.0682926318963, -49.4953759964612], [-16.2324093932092, -49.4020161488535], [-16.2939531790384, -49.2147628548876], [-16.2324093932092, -49.0402472357619], [-16.1913802026564, -48.9055863243649], [-16.2324093932092, -48.7975956340275], [-16.4785845356278, -48.7029126639191], [-16.6221867025627, -48.5401837762535], [-16.6632158931155, -48.3496700682599], [-16.6221867025627, -48.0762673384676], [-16.4170407497986, -47.9802314010739], [-16.0888072271727, -47.9390183544933], [-15.7810882989248, -47.8564936177582], [-15.4938839659534, -47.7600484831349], [-15.3502817999169, -47.6772386596409], [-15.2477088235348, -47.5112240686452], [-15.1451358471528, -47.3168745160396], [-15.1246212518764, -47.2054955231582], [-14.8989607047342, -47.1078466668371], [-14.8374169198032, -47.0799140314829]]}, "properties": {"OBJECTID": 427, "id": null, "name": null, "size": null, "continent": null, "S2": null, "Type": null, "Shape__Length": 1342421.7267764886}}, {"type": "Feature", "id": 428, "geometry": {"type": "LineString", "coordinates": [[-17.0518549552573, -43.5668595358338], [-17.1350515826763, -43.7401366811245], [-17.2171099628836, -43.843796908262], [-17.2171099628836, -43.9177298404357], [-17.1965953676072, -44.0210818055023], [-17.0940223921234, -44.1095260567927], [-16.8273326544284, -44.183128653049], [-16.6837304874936, -44.2272461573585], [-16.4990991309042, -44.24194464989], [-16.4170407497986, -44.3447312981992], [-16.2118947979328, -44.3740658679484], [-15.9657196555142, -44.3740658679484], [-15.8016028942012, -44.3153820419059], [-15.5964569423355, -44.3007019064145], [-15.4323401801242, -44.2566394711102], [-15.2682234188112, -44.2272461573585], [-15.0220482763926, -44.2566394711102], [-14.7963877292505, -44.2566394711102], [-14.673300157592, -44.183128653049]]}, "properties": {"OBJECTID": 428, "id": null, "name": null, "size": null, "continent": null, "S2": null, "Type": null, "Shape__Length": 383479.2090551083}}, {"type": "Feature", "id": 429, "geometry": {"type": "LineString", "coordinates": [[-16.6477994185361, -43.5668595358338], [-16.4785845356278, -43.7845845086629], [-16.3760115601441, -43.8585908336921], [-16.1093218224491, -43.9029505935332], [-15.904175869685, -43.9325054173617], [-15.7605737036484, -43.9325054173617], [-15.6169715376119, -43.9325054173617], [-15.4528547754006, -44.0210818055023], [-15.2682234188112, -44.0505779046529], [-15.0630774669455, -44.0653204487124], [-14.8579315141814, -44.0653204487124], [-14.673300157592, -44.183128653049], [-14.2835228491368, -44.1978381592082], [-14.1194060869255, -44.3594004189132], [-14.0578623019946, -44.5058896765423], [-14.139920682202, -44.6666037379235], [-14.1604352774784, -44.7395086923962], [-14.0168331114418, -44.8268734463291], [-13.873230944507, -44.9141059899239], [-13.7911725642996, -45.0881744374946], [-13.6680849926412, -45.2472726008015], [-13.6270558020884, -45.3194430486424], [-13.4629390407754, -45.4203274362068], [-13.2372784936332, -45.5641358558134], [-13.1347055172511, -45.6359023681938], [-13.0731617314219, -45.7791600209336], [-13.0731617314219, -45.9077780165894], [-13.1141909219747, -46.0218555122235], [-13.0321325408691, -46.1072594807058], [-12.744928208796, -46.206730467511], [-12.4987530663774, -46.2918482076172], [-12.2525779230605, -46.3201914360936], [-11.9858881853655, -46.3343575472432], [-11.8628006146053, -46.4334176083047], [-11.8628006146053, -46.532297938127], [-11.6166254721867, -46.6450839902266], [-11.5345670910811, -46.7154561072606], [-11.3294211392153, -46.7154561072606], [-11.1242751873496, -46.7857365733595], [-10.9806730204147, -46.8699521743999], [-10.9806730204147, -46.9960282111852], [-10.8781000449309, -47.1078466668371], [-10.6319249025123, -47.2333622390608], [-10.5498665214067, -47.3307804160628], [-10.6319249025123, -47.4557688136939], [-10.8575854496545, -47.6219589820639], [-10.9806730204147, -47.7600484831349], [-11.0217022109675, -47.9252733659672], [-10.9806730204147, -48.1310646814816], [-10.8781000449309, -48.3087527095643], [-10.5703811166831, -48.4314063075533], [-10.4883227355775, -48.5401837762535], [-10.2011184026061, -48.6351727173123], [-10.0370016412931, -48.7435129269384], [-10.0164870460167, -48.878610487422], [-10.0164870460167, -48.9594943378952], [-10.1806038073297, -49.1208692322998], [-10.2216329978825, -49.241556904315], [-10.2421475931589, -49.4020161488535], [-10.1806038073297, -49.5486446705572], [-10.0575162365695, -49.6948343980859], [-9.89339947525654, -49.8008788014603], [-9.70876811776889, -49.9858989396421], [-9.56516595173231, -50.1833481032583], [-9.44207838007385, -50.3145292361147], [-9.33950540459013, -50.5106242376288], [-8.99075728578949, -50.6539116839371], [-8.88818430940744, -50.718898263485], [-8.90869890468385, -50.8097282978414], [-9.19590323765526, -50.9779450823177], [-9.31899080931372, -51.0811612498544], [-9.70876811776889, -51.2612367665713], [-9.58568054700872, -51.3894318518032], [-9.25744702348449, -51.4917300259253], [-9.07281566689513, -51.7337705995565], [-9.05230107161872, -51.8733098728219], [-9.2779616187609, -52.0250422521388], [-9.46259297535026, -52.0628951593547], [-9.68825352249248, -52.0628951593547], [-9.81134109415094, -51.9112911015133], [-10.1190600223988, -51.8733098728219], [-10.3036913789881, -51.8733098728219], [-10.6114103072359, -51.8733098728219], [-10.8781000449309, -51.898634258705], [-10.8575854496545, -52.0881126224461], [-10.7960416638253, -52.213986355577], [-10.7550124732725, -52.3144292361491], [-10.8781000449309, -52.4146446898642], [-11.0217022109675, -52.5645419043107], [-10.9806730204147, -52.7636108353488], [-10.6934686874433, -53.0358518607266], [-10.4970325499424, -53.1655882161773]]}, "properties": {"OBJECTID": 429, "id": null, "name": null, "size": null, "continent": null, "S2": null, "Type": null, "Shape__Length": 2506957.045630529}}, {"type": "Feature", "id": 430, "geometry": {"type": "LineString", "coordinates": [[4.42899283392871, -42.6333107250166], [4.44630257354633, -42.8442491822343], [4.34372959806261, -42.9944800690025], [4.3232150027862, -43.0994237136786], [4.20012743112774, -43.1742735274575], [3.91292309815633, -43.263972353069], [3.62571876608322, -43.3087722777646], [3.46160200387193, -43.3535392073289], [3.11285388596962, -43.3535392073289], [2.70256198133975, -43.4131771147849], [2.47690143419754, -43.4876419909988], [2.25124088705536, -43.5768788153575], [2.10763872012049, -43.6065950799734], [1.94352195880753, -43.6808215448321], [1.8819781729783, -43.7845845086629], [1.75889060221817, -43.9325054173617]]}, "properties": {"OBJECTID": 430, "id": null, "name": null, "size": null, "continent": null, "S2": null, "Type": null, "Shape__Length": 402340.679243158}}, {"type": "Feature", "id": 431, "geometry": {"type": "LineString", "coordinates": [[5.10249513407156, -43.0058078912449], [4.81556528762338, -43.0844427575216], [4.71181563859338, -43.1060884535454], [4.60300590712872, -43.0695996392145], [4.46658010880917, -43.1308198932482], [4.3232150027862, -43.0994237136786]]}, "properties": {"OBJECTID": 431, "id": null, "name": null, "size": null, "continent": null, "S2": null, "Type": null, "Shape__Length": 93940.72734117645}}, {"type": "Feature", "id": 432, "geometry": {"type": "LineString", "coordinates": [[10.8463680303949, 26.5045740294003], [10.6883664901914, 26.4564595783236], [10.3729121384893, 26.3959255777686], [10.1025226946866, 26.3656466648154], [9.91273000295359, 26.3015272353839], [9.75300922653521, 26.2094428191295], [9.67314883787686, 26.1753189674967], [9.41455329369264, 26.1275287903018]]}, "properties": {"OBJECTID": 432, "id": null, "name": null, "size": null, "continent": null, "S2": null, "Type": null, "Shape__Length": 167778.86244335896}}, {"type": "Feature", "id": 433, "geometry": {"type": "LineString", "coordinates": [[7.61346721818829, 23.4478028260972], [7.55114422919001, 23.5045500395946], [7.47888959217469, 23.5777639132764], [7.43705795993477, 23.6613869381374], [7.40989447779475, 23.7636187947186], [7.45987521396549, 23.8562992486392], [7.50931259784843, 23.9640713506752], [7.56255285665456, 24.0543914510539], [7.63100461784839, 24.2209692682336], [7.69565350411903, 24.3630822310094], [7.73368226053742, 24.480811102367], [7.76030238949133, 24.650285507287], [7.74889376292516, 24.8229817581639], [7.74509088710363, 24.9609657044817], [7.76410526531286, 25.0781306023566], [7.78692251934355, 25.140113753324], [7.86678290800189, 25.2433490849748], [7.97326342561415, 25.3018102267253], [8.08734969486942, 25.3155616948769], [8.22425321815539, 25.3155616948769], [8.33453661158914, 25.2914956017497], [8.47144013487513, 25.2639856445905], [8.62735803637033, 25.2123876745973], [8.80609319099791, 25.1538835183686], [8.98482834652379, 25.1297854110519], [9.14068446369038, 25.1297854110519], [9.20122454658131, 25.1480539952573]]}, "properties": {"OBJECTID": 433, "id": null, "name": null, "size": null, "continent": null, "S2": null, "Type": null, "Shape__Length": 392084.2636132132}}, {"type": "Feature", "id": 434, "geometry": {"type": "LineString", "coordinates": [[7.40989447779475, 23.7636187947186], [7.32677456650102, 23.7728011461588], [7.23550555127647, 23.7797613721377], [7.04916464500587, 23.7797613721377], [6.82099210649535, 23.8110777759943], [6.68408858320935, 23.863254997834], [6.49014192529577, 23.9710213016725], [6.37985853186202, 24.0578640340828], [6.25816651096373, 24.1238252447151], [6.14027736678529, 24.1585280238947], [5.9995709676778, 24.1619977837508], [5.8626674443918, 24.2279052960852], [5.75238405095805, 24.3249699848725], [5.69727165998071, 24.3730880795124], [5.66872078647822, 24.3873295045765]]}, "properties": {"OBJECTID": 434, "id": null, "name": null, "size": null, "continent": null, "S2": null, "Type": null, "Shape__Length": 215558.93371637128}}, {"type": "Feature", "id": 435, "geometry": {"type": "LineString", "coordinates": [[68.9211476591087, 17.0367567643446], [69.3377697687636, 16.4928858804297], [69.366339626363, 16.2736074684981], [69.223490338366, 15.9991649094994], [69.1377807655679, 15.7793388258374], [69.1949204807667, 15.3940708725638], [69.223490338366, 15.2287363368404], [69.3377697687636, 15.0080883135573], [69.6520382014585, 14.8700673009581], [69.8234573470549, 14.8148341198036], [69.8805970622536, 14.5108011157644], [69.7663176318561, 14.2063499817929], [69.7663176318561, 13.8737540389652], [69.8234573470549, 13.4573388071094], [70.0234463502505, 13.2071401156666], [70.0520162078499, 13.0401981173139], [70.0234463502505, 12.7895741651275], [69.9377367774524, 12.4271232014921], [69.8520272046542, 12.1200381848136], [69.909166919853, 11.6727396838849], [69.9377367774524, 11.4488178283667], [69.8234573470549, 11.1126034980798], [69.6234683438591, 10.9443501473306], [69.5377587719593, 10.8040659374584], [69.366339626363, 10.3828230914545], [69.1949204807667, 10.017285545954], [68.9092219056711, 9.84843594255342], [68.7949424752736, 9.62316894179199], [68.7949424752736, 9.31318214818763], [68.6520931872766, 8.97470108799291], [68.309254896084, 8.55115660636875], [68.2235453241841, 8.2968022400561]]}, "properties": {"OBJECTID": 435, "id": null, "name": null, "size": null, "continent": null, "S2": null, "Type": null, "Shape__Length": 1135341.7337600815}}, {"type": "Feature", "id": 436, "geometry": {"type": "LineString", "coordinates": [[69.9377367774524, 11.4488178283667], [70.4805640709424, 11.3367901801394], [71.0519612220318, 11.0284888597116], [71.4805090860226, 10.6637161495013], [71.7376378035188, 10.4952109853173], [71.8804870915157, 10.1016774930768], [72.2804650970088, 9.98915000765187], [72.9661416784957, 9.70766185844], [73.5089689728841, 9.4259369341143], [73.9375168359765, 9.34137427385368], [74.4517742718672, 9.31318214818763]]}, "properties": {"OBJECTID": 436, "id": null, "name": null, "size": null, "continent": null, "S2": null, "Type": null, "Shape__Length": 582423.3971779634}}, {"type": "Feature", "id": 437, "geometry": {"type": "LineString", "coordinates": [[69.3377697687636, 16.4928858804297], [69.8234573470549, 16.081537571224], [70.4234243557436, 15.8892818775907], [70.9662516492336, 16.1089875495341], [71.3947995132244, 16.1913146759429], [71.8804870915157, 16.1638761076632], [72.4804541002045, 16.081537571224], [72.9661416784957, 15.9167582769456], [73.3946895424865, 15.7793388258374], [73.5375388304835, 15.6693361264922], [73.7375278327809, 15.3665241980235], [73.9946565511753, 15.2287363368404], [74.194645554371, 14.9804912137446], [74.2232154119704, 14.8148341198036], [74.1375058391722, 14.6490502510384], [74.194645554371, 14.3171073579101], [74.3089249838702, 14.2340444248508], [74.4803441294666, 14.0678270496463]]}, "properties": {"OBJECTID": 437, "id": null, "name": null, "size": null, "continent": null, "S2": null, "Type": null, "Shape__Length": 739065.1801561934}}, {"type": "Feature", "id": 438, "geometry": {"type": "LineString", "coordinates": [[71.3026944754908, 19.6751866794443], [72.0804760947114, 19.5623448299498], [72.2518952403077, 19.5623448299498], [72.4518842426051, 19.4276850545971], [72.737582818599, 19.4276850545971], [72.9090019641953, 19.3198767671512], [73.0232813936945, 19.15803100904]]}, "properties": {"OBJECTID": 438, "id": null, "name": null, "size": null, "continent": null, "S2": null, "Type": null, "Shape__Length": 211716.14836386166}}, {"type": "Feature", "id": 439, "geometry": {"type": "LineString", "coordinates": [[72.4518842426051, 19.4276850545971], [72.4233143850057, 19.1040470365808], [72.5375938154033, 18.8879353407375]]}, "properties": {"OBJECTID": 439, "id": null, "name": null, "size": null, "continent": null, "S2": null, "Type": null, "Shape__Length": 66743.0719357004}}, {"type": "Feature", "id": 440, "geometry": {"type": "LineString", "coordinates": [[-61.2307148013999, 35.6287911757477], [-61.0633785535672, 35.6025158173138], [-60.9416865326689, 35.5901467662271], [-60.8199945126689, 35.5530281455374], [-60.6374564813215, 35.5468400373861], [-60.546187466097, 35.5158923314537], [-60.4625242025155, 35.4415691500527], [-60.3712551863926, 35.3919822016283], [-60.2571689171373, 35.373379229261], [-60.1126596431067, 35.37958069619], [-59.7932180893716, 35.3609748649661], [-59.6182858096672, 35.3919822016283]]}, "properties": {"OBJECTID": 440, "id": null, "name": null, "size": null, "continent": "Westeros", "S2": null, "Type": null, "Shape__Length": 189069.40028108278}}, {"type": "Feature", "id": 441, "geometry": {"type": "LineString", "coordinates": [[-61.2002820768531, 35.9926994462556], [-61.0481670511795, 36.0711207475343], [-60.9188692795365, 36.1755609659656], [-60.8656290198321, 36.224661208764], [-60.8276002634137, 36.2614661759876], [-60.8047830102812, 36.2921237411265], [-60.7135139941584, 36.3288969240333], [-60.6602737353523, 36.3595279918586]]}, "properties": {"OBJECTID": 441, "id": null, "name": null, "size": null, "continent": "Westeros", "S2": null, "Type": null, "Shape__Length": 79629.25335886575}}, {"type": "Feature", "id": 442, "geometry": {"type": "LineString", "coordinates": [[-61.8505738117878, 36.5262554019425], [-61.8239536819356, 36.6651752284324], [-61.7859249255172, 36.7200634481813], [-61.7707134231295, 36.7931867692435], [-61.7555019207418, 36.8418969141278], [-61.7402904174557, 36.9149039883048], [-61.7402904174557, 36.969613479641], [-61.732684666711, 37.0303557164276], [-61.7174731643233, 37.0971161109904], [-61.6870501586496, 37.1456322126102], [-61.6414156514865, 37.2122910666372], [-61.6109926458128, 37.2667863653654], [-61.6033868950681, 37.3091443529906], [-61.6566271538742, 37.3696143894892]]}, "properties": {"OBJECTID": 442, "id": null, "name": null, "size": null, "continent": "Westeros", "S2": null, "Type": null, "Shape__Length": 124224.43524011526}}, {"type": "Feature", "id": 443, "geometry": {"type": "LineString", "coordinates": [[-59.0303097810888, 37.9266272965885], [-59.10870047384, 38.0016041900449], [-59.1923637374216, 38.0195818339369], [-59.3140557583198, 38.0195818339369], [-59.4433535299628, 38.0555238936675], [-59.5346225451873, 38.0974339983369], [-59.6258915613102, 38.2230201506163], [-59.694343322504, 38.3125920545606], [-59.7704008353409, 38.3543544648476], [-59.8768813529531, 38.3841700197295], [-59.960544617433, 38.4258911564183], [-60.0746308866882, 38.4854509941019], [-60.1126596431067, 38.5449616499884], [-60.1202653947497, 38.6519568176184], [-60.1430826478821, 38.723198292668], [-60.1887171559435, 38.794368812376], [-60.3180149275865, 38.794368812376], [-60.4321011968417, 38.77658283648], [-60.5309759637093, 38.8002964852378], [-60.6070334765461, 38.8595460902073], [-60.6602737353523, 38.9364968308082], [-60.6983024917707, 39.0429062991372], [-60.7363312481891, 39.1255585838871]]}, "properties": {"OBJECTID": 443, "id": null, "name": "Antler River", "size": null, "continent": "Westeros", "S2": null, "Type": null, "Shape__Length": 286759.3016832388}}, {"type": "Feature", "id": 444, "geometry": {"type": "LineString", "coordinates": [[-59.6258915613102, 38.2230201506163], [-59.6334973120549, 38.3782078912006], [-59.6715260684733, 38.4556772215048], [-59.7171605765348, 38.5211632912421], [-59.7627950836979, 38.5806444267383], [-59.7780065869839, 38.6341353665281], [-59.7323720789225, 38.7350649743503], [-59.694343322504, 38.7647230546654], [-59.6411030636979, 38.8121503511212], [-59.6030743072795, 38.9009914657665], [-59.6258915613102, 38.9660710623819], [-59.701949074147, 39.0606256550652], [-59.7247663272795, 39.09605102824], [-59.7399778305655, 39.1609513401569], [-59.7627950836979, 39.2081139973419], [-59.7627950836979, 39.2787986362821]]}, "properties": {"OBJECTID": 444, "id": null, "name": null, "size": null, "continent": "Westeros", "S2": null, "Type": null, "Shape__Length": 163916.3886408726}}, {"type": "Feature", "id": 445, "geometry": {"type": "LineString", "coordinates": [[-58.0046136618707, 36.927163023306], [-58.2340390762163, 36.9331448500774], [-58.4089713559208, 36.94530299974], [-58.5762978839821, 36.9331448500774], [-58.6903841532374, 36.8662403602966], [-58.7664416660742, 36.8418969141278], [-58.9794027021971, 36.823634242501], [-59.0858832198093, 36.8358098418413], [-59.245603997126, 36.8784091755201], [-59.3520845147383, 36.9209847606847], [-59.5041995404119, 36.9513813474571], [-59.6334973120549, 36.9817658086867], [-59.7627950836979, 37.0121381406689], [-59.8920928562392, 37.0303557164276], [-59.960544617433, 37.0667777604801], [-60.0289963786268, 37.127442318314], [-60.0974481407189, 37.2001756505583], [-60.1735056535558, 37.2365160632495], [-60.2495631663926, 37.3091443529906]]}, "properties": {"OBJECTID": 445, "id": null, "name": null, "size": null, "continent": "Westeros", "S2": null, "Type": null, "Shape__Length": 274905.99883296096}}, {"type": "Feature", "id": 448, "geometry": {"type": "LineString", "coordinates": [[-69.183382392595, 37.5486529365297], [-69.13771446451, 37.5815827886097], [-69.0282161150913, 37.6201398554771], [-68.8578853485302, 37.6851595824514], [-68.7788032072335, 37.7405018410031], [-68.7483869991115, 37.7501223616913], [-68.6358470287009, 37.8678722152492], [-68.617597303648, 38.0237810700262], [-68.5963059585016, 38.1745768180222], [-68.6054308205789, 38.3298333623102], [-68.617597303648, 38.4037619264188]]}, "properties": {"OBJECTID": 448, "id": null, "name": null, "size": null, "continent": "Westeros", "S2": null, "Type": null, "Shape__Length": 153631.1800804435}}, {"type": "Feature", "id": 449, "geometry": {"type": "LineString", "coordinates": [[-55.7696497060794, 13.4273953852375], [-55.9524411333039, 13.3873320873623], [-56.1558389052363, 13.4203083040085], [-56.2710976430239, 13.4203083040085], [-56.3795764549009, 13.3807363014069], [-56.4609355640331, 13.3675441877044], [-56.589754152744, 13.3807363014069], [-56.7253526673656, 13.4400918608742], [-56.9219705142856, 13.4400918608742], [-57.0575690289072, 13.4071183597816], [-57.1389281380394, 13.3807363014069], [-57.2202872471717, 13.3081707545624], [-57.2541868758271, 13.235583461987], [-57.3219861331379, 13.1893802764672], [-57.4643645736702, 13.1695762366645], [-57.4847043505041, 13.0903440799], [-57.4304649450148, 12.9846615847277], [-57.4914842764149, 12.9053701843838], [-57.6474225687687, 12.8657150446282], [-57.8033608611225, 12.8326643041735], [-57.8304805638672, 12.7334860627109], [-57.8440404147904, 12.6541155143604], [-57.898279821178, 12.5945713889617], [-58.0067586330549, 12.5945713889617], [-58.1830367022427, 12.5879545201694], [-58.2915155141196, 12.5879545201694], [-58.3796545491626, 12.5482497285601], [-58.4203341037288, 12.4953004801558], [-58.4203341037288, 12.4290986730604], [-58.3932144000858, 12.309892981767]]}, "properties": {"OBJECTID": 449, "id": null, "name": null, "size": null, "continent": "Westeros", "S2": null, "Type": null, "Shape__Length": 386772.2850901788}}, {"type": "Feature", "id": 450, "geometry": {"type": "LineString", "coordinates": [[-57.1389281380394, 13.3807363014069], [-57.1457080639502, 13.4862471430577], [-57.2880865044825, 13.506025250286], [-57.4847043505041, 13.5587588486524], [-57.5796233114579, 13.5983013699372], [-57.6474225687687, 13.6444259675121], [-57.7084419001688, 13.6839541659124], [-57.8304805638672, 13.677366594109], [-58.0203184848764, 13.6246593848047], [-58.1152374449319, 13.6180701561663], [-58.2101564049873, 13.611480743942], [-58.2982954400303, 13.611480743942], [-58.3660946973411, 13.677366594109], [-58.494913286052, 13.7168892606988], [-58.5966121729165, 13.7168892606988], [-58.7186508357166, 13.7037157771798], [-58.8949289049043, 13.7168892606988], [-59.0779869000028, 13.7300620058305], [-59.1593460091351, 13.7300620058305], [-59.2610448951013, 13.7300620058305], [-59.376303632889, 13.7432340110474], [-59.5119021475106, 13.7827455797919], [-59.5593616279874, 13.8485833347251], [-59.5932612566429, 13.9407248496489], [-59.6475006630305, 13.9867818335774], [-59.7424196230859, 14.0065177196909], [-59.8712382117968, 14.0065177196909], [-59.9390374691076, 14.0196740357918], [-60.061076132806, 14.0788681130217], [-60.1424352419383, 14.1511956012195], [-60.1153155391936, 14.2629291427017], [-60.1153155391936, 14.3154904998624], [-60.2373542019937, 14.3877422718812], [-60.2915936083814, 14.4205762687757], [-60.3458330138707, 14.5321756131801]]}, "properties": {"OBJECTID": 450, "id": null, "name": null, "size": null, "continent": "Westeros", "S2": null, "Type": null, "Shape__Length": 431356.8079290058}}, {"type": "Feature", "id": 451, "geometry": {"type": "LineString", "coordinates": [[-58.2982954400303, 13.611480743942], [-58.5084731378735, 13.519209744877], [-58.6033920979289, 13.4466860174976], [-58.6305118015719, 13.3807363014069], [-58.6847512070612, 13.3081707545624], [-58.8203497216828, 13.2487827643578], [-58.840689499415, 13.235583461987], [-58.9423883853812, 13.1563726528425], [-58.9898478658581, 13.0903440799], [-59.0915467518243, 13.0639276906773], [-59.1864657118797, 13.0639276906773], [-59.2949445237567, 13.0044804886154], [-59.3830835587997, 12.9582339216285], [-59.4915623706767, 12.9053701843838], [-59.6068211084643, 12.845885121633], [-59.6814002916859, 12.7797740887939], [-59.7695393258306, 12.7070319659152], [-59.8373385831414, 12.6541155143604], [-59.8780181377075, 12.5879545201694], [-59.9593772468398, 12.5217764623665], [-60.0339564300613, 12.4820614714562], [-60.0542962068952, 12.3761250823939], [-60.1220954642061, 12.2568952661185], [-60.1559950928615, 12.1574958719987], [-60.2509140538152, 12.0779495849748]]}, "properties": {"OBJECTID": 451, "id": null, "name": null, "size": null, "continent": "Westeros", "S2": null, "Type": null, "Shape__Length": 293252.87747225864}}, {"type": "Feature", "id": 452, "geometry": {"type": "LineString", "coordinates": [[-56.8270515542301, 15.4621209042896], [-56.8404229071656, 15.5452076096328], [-56.8689444749286, 15.6550911341153], [-56.8736980692563, 15.700858536089], [-56.902219636121, 15.7511908109268], [-56.9354947982117, 15.7877882725569], [-57.0163059053762, 15.8243791258819], [-57.0828562295576, 15.8380989895889], [-57.1969424988129, 15.8380989895889], [-57.2492320391128, 15.8335258054886], [-57.3965934695604, 15.7923624906797], [-57.5962444412063, 15.705434712327], [-57.7008235209078, 15.6230478533215], [-57.7377247164732, 15.5796080973334], [-57.7491214547349, 15.5274559778946], [-57.7898010093011, 15.4359810988254], [-57.8914998952673, 15.3510040122384], [-57.9931987812334, 15.31831129129], [-58.0745578903657, 15.2659923116094], [-58.155916999498, 15.1940324275561], [-58.2237162568088, 15.1351378916673], [-58.325415142775, 15.1089572816672], [-58.3728746232519, 15.0893197033904]]}, "properties": {"OBJECTID": 452, "id": null, "name": null, "size": null, "continent": "Westeros", "S2": null, "Type": null, "Shape__Length": 234803.51921993177}}, {"type": "Feature", "id": 453, "geometry": {"type": "LineString", "coordinates": [[-53.6981190625532, 11.1558915465869], [-53.8981236335528, 11.1082869032772], [-54.0337221481744, 11.081674080876], [-54.1489808859621, 11.0750204965149], [-54.2438998460175, 11.0750204965149], [-54.3659385097159, 11.121592405214], [-54.487977172516, 11.1415495181668], [-54.5083169502483, 11.161505263047], [-54.5286567270822, 11.2546139008867], [-54.5354366529929, 11.3343973573374], [-54.6439154648699, 11.3875739687887], [-54.7998537572237, 11.4141585512288], [-54.9083325691006, 11.4340953533509], [-55.050711009633, 11.4806090993804], [-55.1863095242545, 11.5138285104988], [-55.2541087815653, 11.5536866248292], [-55.3625875934423, 11.6333858325756], [-55.4443169566936, 11.6984192266716]]}, "properties": {"OBJECTID": 453, "id": null, "name": null, "size": null, "continent": "Westeros", "S2": null, "Type": null, "Shape__Length": 224460.61725748438}}, {"type": "Feature", "id": 454, "geometry": {"type": "LineString", "coordinates": [[-54.2438998460175, 11.0750204965149], [-54.257459697839, 10.975198632857], [-54.4066180642821, 10.9485737593255], [-54.4472976179499, 10.862026416881], [-54.4947570984268, 10.7954344536706], [-54.6167957621252, 10.7621329312555], [-54.7523942767468, 10.8020943158456], [-54.854093162713, 10.8087540303234], [-54.942232197756, 10.7155046205266], [-55.0303712319007, 10.588905947217], [-55.1388500437777, 10.4689220941309]]}, "properties": {"OBJECTID": 454, "id": null, "name": null, "size": null, "continent": "Westeros", "S2": null, "Type": null, "Shape__Length": 139493.02866770094}}, {"type": "Feature", "id": 456, "geometry": {"type": "LineString", "coordinates": [[-68.3415855075012, 0.829459328714764], [-68.5883136321475, 0.989812346789944], [-68.7980325379171, 0.977477758162255], [-68.9460694134235, 1.07615314792147], [-69.057097069155, 1.23649371792441], [-69.2174703503547, 1.35982609347455], [-69.4025164438394, 1.4091573108652], [-69.6862537873623, 1.53248070516586], [-69.8096178496854, 1.66812821374593], [-69.8959726931319, 1.86541678217103], [-69.8589634742553, 2.17363500432796], [-69.871299880847, 2.30923161640536], [-69.9206455063152, 2.56806130597765]]}, "properties": {"OBJECTID": 456, "id": null, "name": null, "size": null, "continent": "Westeros", "S2": null, "Type": null, "Shape__Length": 299450.50424042915}}, {"type": "Feature", "id": 457, "geometry": {"type": "LineString", "coordinates": [[-57.4063707429943, -5.2034538607083], [-57.2730152111443, -5.01417723949812], [-57.115306298043, -4.76889483516551], [-57.0967864648556, -4.63046312117503], [-57.1245662146367, -4.51046702392506], [-57.1616058801133, -4.41814881338433], [-57.2727248774411, -4.35351921293506], [-57.3931037922611, -4.23347814839888], [-57.4023637088548, -4.12265447294522], [-57.4023637088548, -4.00257806688767], [-57.3745839590736, -3.86400651744626], [-57.3468042092925, -3.7531329389267], [-57.3005046272223, -3.65148644900407], [-57.2171653787772, -3.54058625467347], [-57.1338261303321, -3.47588831373087], [-57.0597467984808, -3.35572328272063], [-57.0134472164105, -3.2262982756439]]}, "properties": {"OBJECTID": 457, "id": null, "name": null, "size": null, "continent": "Westeros", "S2": null, "Type": null, "Shape__Length": 257175.5948734637}}, {"type": "Feature", "id": 458, "geometry": {"type": "LineString", "coordinates": [[-57.4023637088548, -4.00257806688767], [-57.5690422048466, -3.92867610693899], [-57.6523814532917, -3.8178109303644], [-57.6986810353619, -3.74389283281935], [-57.7264607851431, -3.65148644900407], [-57.7357207017368, -3.57755448216073]]}, "properties": {"OBJECTID": 458, "id": null, "name": null, "size": null, "continent": "Westeros", "S2": null, "Type": null, "Shape__Length": 64563.97159907363}}, {"type": "Feature", "id": 459, "geometry": {"type": "LineString", "coordinates": [[-57.1245662146367, -4.51046702392506], [-56.9023282190826, -4.42738115570701], [-56.7078699724114, -4.35351921293506], [-56.5597113096069, -4.26118160375252], [-56.494891893451, -4.17806826850426], [-56.4763720611618, -4.00257806688767]]}, "properties": {"OBJECTID": 459, "id": null, "name": null, "size": null, "continent": "Westeros", "S2": null, "Type": null, "Shape__Length": 100482.15187681095}}, {"type": "Feature", "id": 460, "geometry": {"type": "LineString", "coordinates": [[-64.8184771703609, 14.5577270904155], [-64.6455353498152, 14.8634051725752], [-64.556529708221, 15.0210645026178], [-64.4601069297524, 15.1571312584816], [-64.4156041094044, 15.2716459690412], [-64.3933526987813, 15.3717951204431], [-64.3785184250325, 15.5290750635175], [-64.3711012881581, 15.657669538315], [-64.3636841512837, 15.7362152893634], [-64.3414327406606, 15.8575444751621], [-64.3191813300375, 15.9645390842527], [-64.2895127834383, 16.0999835342126], [-64.3340156037862, 16.2495778204869], [-64.348849877535, 16.3350092562778], [-64.3636841512837, 16.4132886273512], [-64.3859355619069, 16.4844243687166], [-64.40818697253, 16.5342038495498], [-64.4378555191292, 16.5697527640717], [-64.512026887873, 16.6479372644448]]}, "properties": {"OBJECTID": 460, "id": null, "name": null, "size": null, "continent": "Westeros", "S2": null, "Type": null, "Shape__Length": 260673.37899747476}}, {"type": "Feature", "id": 461, "geometry": {"type": "LineString", "coordinates": [[-65.7882104590306, 6.38677985690724], [-65.9967849515525, 6.22785210203588], [-66.0992297652929, 6.18696012223739], [-66.1562728999206, 6.10188697525761], [-66.1182441435021, 5.91278745519547], [-66.1562728999206, 5.77092027232908], [-66.289373547385, 5.65740091750721], [-66.3464166820127, 5.54385927775651], [-66.3654310602219, 5.43029579467084], [-66.4240718216329, 5.25067807945575]]}, "properties": {"OBJECTID": 461, "id": null, "name": null, "size": null, "continent": "Westeros", "S2": null, "Type": null, "Shape__Length": 158713.8759105265}}, {"type": "Feature", "id": 462, "geometry": {"type": "LineString", "coordinates": [[-66.3814590584393, 6.28472935483357], [-66.4985317076863, 6.0546182688239], [-66.6411395438063, 5.90333076542213], [-66.8502977041076, 5.76146118757555], [-66.8978336500798, 5.61009458340288], [-66.8502977041076, 5.38297133453006], [-66.8598048936613, 5.26937766347539], [-66.9738911629166, 5.20310506700188], [-67.0879774321719, 5.20310506700188]]}, "properties": {"OBJECTID": 462, "id": null, "name": null, "size": null, "continent": "Westeros", "S2": null, "Type": null, "Shape__Length": 164098.36139165825}}, {"type": "Feature", "id": 463, "geometry": {"type": "LineString", "coordinates": [[-41.7089985214032, 7.44128965148128], [-41.6019099458532, 7.7615926643738], [-41.5448668112256, 7.98761344977511], [-41.3927517855519, 8.23232808691383], [-41.221622381669, 8.32640909970138], [-40.8793635739032, 8.45808448740109], [-40.7462629264387, 8.51450306542426]]}, "properties": {"OBJECTID": 463, "id": null, "name": null, "size": null, "continent": null, "S2": null, "Type": null, "Shape__Length": 175179.5872536748}}, {"type": "Feature", "id": 464, "geometry": {"type": "LineString", "coordinates": [[-35.8465025815688, 6.36575283744034], [-36.0366794602909, 6.68550505926839], [-36.1683403769512, 6.95422621805176], [-36.4682346871218, 7.28809708690822], [-36.687669547324, 7.50570570361333], [-36.9363623899046, 7.92610436719848], [-37.119224774155, 8.25198132833397], [-37.1631117463751, 8.5341911451777], [-37.0753378019349, 8.75836340915358], [-37.133853764895, 9.06186461170124]]}, "properties": {"OBJECTID": 464, "id": null, "name": null, "size": null, "continent": null, "S2": null, "Type": null, "Shape__Length": 350504.0446619984}}, {"type": "Feature", "id": 465, "geometry": {"type": "LineString", "coordinates": [[-33.7319302077413, -1.23791339517604], [-33.8294401911471, -1.16254453247576], [-33.9359207096577, -1.02566600175213], [-34.1945162529436, -0.858362148053672], [-34.4683232995156, -0.675840553677546], [-34.4835348019033, -0.52373390732987], [-34.4074772890664, -0.295567351545841], [-34.4074772890664, -0.113030558700665], [-34.5291693090664, 0.191199064467881], [-34.7725533508629, 0.541055937192551], [-35.0159373917612, 0.708372459799286], [-35.3353789454962, 0.677951681719453], [-35.5027054735576, 0.754003250701885], [-35.6577162401092, 1.20821707049918], [-35.6243974944559, 1.499217532264]]}, "properties": {"OBJECTID": 465, "id": 63, "name": "Rhoyne", "size": 0, "continent": "Essos", "S2": 1, "Type": null, "Shape__Length": 427086.80055913003}}, {"type": "Feature", "id": 466, "geometry": {"type": "LineString", "coordinates": [[25.5674495950172, -18.7551716288712], [25.5714212669755, -18.864198955099], [25.5356762211471, -18.9844227429362], [25.4403561004352, -19.1758499685279], [25.3172342787099, -19.325833611083]]}, "properties": {"OBJECTID": 466, "id": null, "name": null, "size": null, "continent": null, "S2": null, "Type": null, "Shape__Length": 74820.71655701166}}, {"type": "Feature", "id": 467, "geometry": {"type": "LineString", "coordinates": [[25.9701240231929, -21.7143917119087], [25.9348912506385, -21.6530049251622], [25.8952543823007, -21.6161603115822], [25.8438732561453, -21.5915920175898], [25.7910240977628, -21.5738456563692], [25.7425790360618, -21.5601931302956], [25.6882618463504, -21.5479047569404], [25.6354126879678, -21.5342497889412], [25.6001799154133, -21.5219592189163], [25.5620110793028, -21.5028384887112], [25.5370545323387, -21.4850812737137], [25.5194381465106, -21.4618570313385], [25.4930135673193, -21.4112973599237]]}, "properties": {"OBJECTID": 467, "id": null, "name": null, "size": null, "continent": null, "S2": null, "Type": null, "Shape__Length": 67861.63960775481}}, {"type": "Feature", "id": 468, "geometry": {"type": "LineString", "coordinates": [[-42.8133068660064, -32.7223085621223], [-42.6999382967643, -32.6746073037815], [-42.5369709783664, -32.5970384141158], [-42.4023458018298, -32.5194023138462], [-42.2252074125012, -32.4715928824246], [-41.9630425957919, -32.4117953758014], [-41.8524899799624, -32.3223093788508], [-41.806548354075, -32.3000403949205]]}, "properties": {"OBJECTID": 468, "id": null, "name": null, "size": null, "continent": null, "S2": null, "Type": null, "Shape__Length": 126983.3225257986}}, {"type": "Feature", "id": 469, "geometry": {"type": "LineString", "coordinates": [[-46.6818349272758, -32.126295429916], [-46.6274121477893, -32.1871325563967], [-46.4768242994211, -32.2756508501174], [-46.3378201314202, -32.3444484879211], [-46.2684856416108, -32.3580190412724], [-46.164765197709, -32.3758978370737], [-46.0017978793111, -32.4536577962192], [-45.8459160963785, -32.6030076389135], [-45.6546066352209, -32.7759419917516], [-45.5686659438664, -32.822052429642], [-45.505810388652, -32.8474029736627], [-45.2932443210984, -32.8533554608895], [-45.167663216654, -32.8582621106522]]}, "properties": {"OBJECTID": 469, "id": null, "name": null, "size": null, "continent": null, "S2": null, "Type": null, "Shape__Length": 203227.30680773372}}, {"type": "Feature", "id": 470, "geometry": {"type": "LineString", "coordinates": [[-57.4117913184541, 43.8801662165392], [-57.5327225884776, 43.8639348476976], [-57.6919073895733, 43.8687167493381], [-57.7781324902417, 43.9069581523081], [-57.8709902910306, 43.9308465606421], [-57.8577248907895, 43.9594999912247], [-57.8776229911511, 43.9881396095593], [-57.997011592422, 43.9881396095593], [-58.215890693704, 44.0024542395442], [-58.3817081949202, 44.0024542395442], [-58.5143621955338, 43.9785946045521], [-58.706710497232, 43.9594999912247], [-58.8219161957904, 43.9631366585454]]}, "properties": {"OBJECTID": 470, "id": null, "name": null, "size": null, "continent": null, "S2": null, "Type": null, "Shape__Length": 169186.80906710197}}, {"type": "Feature", "id": 471, "geometry": {"type": "LineString", "coordinates": [[-59.6129143289342, 43.3910593119944], [-59.6750847049455, 43.359700953322], [-59.7480444053728, 43.3355843827626], [-59.8674330057454, 43.3162842270713], [-60.0000870072574, 43.301805086207], [-60.0531486073232, 43.3211098408726], [-60.1924353089556, 43.325935071424], [-60.2454969090214, 43.301805086207], [-60.3317220096898, 43.301805086207], [-60.4039124629764, 43.2804192831736]]}, "properties": {"OBJECTID": 471, "id": null, "name": null, "size": null, "continent": null, "S2": null, "Type": null, "Shape__Length": 93259.2813696017}}, {"type": "Feature", "id": 472, "geometry": {"type": "LineString", "coordinates": [[-60.4799699758132, 43.2693441937501], [-60.6301935115196, 43.2583469700218], [-60.8159091130973, 43.2390222880689], [-60.9021342137657, 43.2341901602659], [-60.988359314434, 43.2921504101058], [-61.0808243268649, 43.3246994841985]]}, "properties": {"OBJECTID": 472, "id": null, "name": null, "size": null, "continent": null, "S2": null, "Type": null, "Shape__Length": 71814.66746582814}}]}