{"type": "FeatureCollection", "features": [{"type": "Feature", "id": 135, "geometry": {"type": "LineString", "coordinates": [[-73.3912377426511, -10.2630282487285], [-73.0915399551185, -10.4031976838806], [-72.8203523501009, -10.634277168358], [-72.5762835054953, -10.9006898338697], [-72.3954917685175, -11.1225185520647], [-72.2960563127755, -11.2378030083046], [-72.0610270549739, -11.2821309409392], [-71.8802353179961, -11.3264520337917], [-71.7265623414302, -11.4150735939226], [-71.5276914308444, -11.583378166055], [-71.3197809334547, -11.7604314386112], [-71.1841871313951, -11.8400683696481], [-70.9762766340054, -11.893146778149], [-70.8316432442435, -11.893146778149], [-70.6413308699321, -11.923635561695]]}, "properties": {"OBJECTID": 135, "id": null, "name": null, "size": 4, "continent": "Westeros", "S2": null, "type": null, "Shape__Length": 373103.4543352163}}, {"type": "Feature", "id": 136, "geometry": {"type": "LineString", "coordinates": [[-70.3038414452835, -8.42703310505587], [-70.2079117520743, -8.89717081458574], [-70.1627138180544, -9.33451514037731], [-70.1807929916624, -9.539611724556], [-70.3525451409379, -9.76240285712171], [-70.415822249464, -9.99394757911316], [-70.415822249464, -10.3765235791643], [-70.4971785306998, -10.6786955958659], [-70.5333368779157, -10.9184422648076], [-70.4610201834839, -11.2023357540425], [-70.3796639022481, -11.3796282786349], [-70.3525451409379, -11.5036674861352], [-70.4610201834839, -11.6276520673417], [-70.5514160515236, -11.7692811275251], [-70.6413308699321, -11.923635561695]]}, "properties": {"OBJECTID": 136, "id": null, "name": null, "size": 4, "continent": "Westeros", "S2": null, "type": null, "Shape__Length": 419042.7753709463}}, {"type": "Feature", "id": 137, "geometry": {"type": "LineString", "coordinates": [[-70.3038414452835, -8.42703310505587], [-70.6327723336577, -8.45930327239158], [-71.1570683709832, -8.49506657612721], [-71.7898394499563, -8.51294697862657], [-72.0926473783774, -8.49309589238462]]}, "properties": {"OBJECTID": 137, "id": null, "name": null, "size": 4, "continent": "Westeros", "S2": null, "type": null, "Shape__Length": 199549.97073135068}}, {"type": "Feature", "id": 138, "geometry": {"type": "LineString", "coordinates": [[-72.0926473783774, -8.49309589238462], [-72.1514229239119, -8.8793087430025], [-72.2598979655596, -9.15607204228543], [-72.3593334213016, -9.36127377199422], [-72.5762835054953, -9.539611724556], [-72.7661148292771, -9.7445850039577], [-72.9378669785526, -9.94052867262582], [-73.1186587155304, -10.065159128834], [-73.3912377426511, -10.2630282487285]]}, "properties": {"OBJECTID": 138, "id": null, "name": null, "size": 4, "continent": "Westeros", "S2": null, "type": null, "Shape__Length": 257385.3392863125}}, {"type": "Feature", "id": 139, "geometry": {"type": "LineString", "coordinates": [[-73.9180082199694, -6.28297635487567], [-73.9304980282688, -6.57503421247926], [-73.9076807751364, -6.77899653800543], [-73.7821858784166, -6.93757438843399], [-73.4969702052785, -7.10741995364435], [-73.3942925634877, -7.3903557149644], [-73.2916149207987, -7.6165742522219], [-73.1775286515434, -7.69572271543001], [-72.9721733670636, -7.71833385460938], [-72.7325922010886, -7.83137134528809], [-72.5842800512364, -7.91047936922567], [-72.4131506473535, -8.03476126489538], [-72.3218816321289, -8.13641818095041], [-72.2534298709351, -8.27192058005178]]}, "properties": {"OBJECTID": 139, "id": null, "name": null, "size": 4, "continent": "Westeros", "S2": null, "type": null, "Shape__Length": 319733.36724605935}}, {"type": "Feature", "id": 140, "geometry": {"type": "LineString", "coordinates": [[-72.2534298709351, -8.27192058005178], [-72.4061593379749, -8.47254200391173]]}, "properties": {"OBJECTID": 140, "id": null, "name": "Roseroad", "size": 2, "continent": "Westeros", "S2": null, "type": null, "Shape__Length": 28260.040790630723}}, {"type": "Feature", "id": 141, "geometry": {"type": "LineString", "coordinates": [[-72.4061593379749, -8.47254200391173], [-72.7896353357162, -8.62175107080345], [-73.0976682628851, -8.7119778944598], [-73.4855615787123, -8.79090851536261], [-73.7023254897583, -8.86982232537352], [-73.8278203864781, -9.03886605624904], [-74.0207979041339, -9.22603384076444]]}, "properties": {"OBJECTID": 141, "id": null, "name": null, "size": 4, "continent": "Westeros", "S2": null, "type": null, "Shape__Length": 205175.645645065}}, {"type": "Feature", "id": 142, "geometry": {"type": "LineString", "coordinates": [[-73.9180082199694, -6.28297635487567], [-73.588239220503, -6.25759401226032], [-73.0634423822881, -6.28027482596356], [-72.7896353357162, -6.29161486207198], [-72.5728714246702, -6.2008876788042], [-72.4017420207873, -6.13283203301379], [-72.1621608548123, -6.11014488354342], [-71.980211647574, -6.18089351082969]]}, "properties": {"OBJECTID": 142, "id": null, "name": null, "size": 4, "continent": "Westeros", "S2": null, "type": null, "Shape__Length": 221039.78738446085}}, {"type": "Feature", "id": 143, "geometry": {"type": "LineString", "coordinates": [[-71.980211647574, -6.18089351082969], [-71.9225796897355, -6.52969779126057], [-71.8769451816741, -6.81298194000468], [-71.7609610713625, -7.10794246373354]]}, "properties": {"OBJECTID": 143, "id": null, "name": null, "size": 4, "continent": "Westeros", "S2": null, "type": null, "Shape__Length": 107255.18057036871}}, {"type": "Feature", "id": 144, "geometry": {"type": "LineString", "coordinates": [[-71.7609610713625, -7.10794246373354], [-71.5917295085359, -7.45823360405095], [-71.4662346127145, -7.76355250335792]]}, "properties": {"OBJECTID": 144, "id": null, "name": null, "size": 4, "continent": "Westeros", "S2": null, "type": null, "Shape__Length": 80618.9390991097}}, {"type": "Feature", "id": 145, "geometry": {"type": "LineString", "coordinates": [[-68.6450461194684, -4.37579487727426], [-68.9791539431295, -4.75865232306797], [-69.1388747195478, -4.92917046350557], [-69.4583162741812, -5.17918416629019], [-69.5495852894058, -5.40638369957251], [-69.6180370505996, -5.59943642814326], [-69.6750801852272, -5.72431906349805], [-69.7663492004518, -5.8491744193787], [-69.9032527237378, -6.00804085721814]]}, "properties": {"OBJECTID": 145, "id": null, "name": "Roseroad", "size": 2, "continent": "Westeros", "S2": null, "type": null, "Shape__Length": 234239.34197132688}}, {"type": "Feature", "id": 146, "geometry": {"type": "LineString", "coordinates": [[-69.9032527237378, -6.00804085721814], [-70.1884683968759, -6.2008876788042], [-70.291146039565, -6.30295465073074]]}, "properties": {"OBJECTID": 146, "id": null, "name": "Roseroad", "size": 2, "continent": "Westeros", "S2": null, "type": null, "Shape__Length": 54559.759937220726}}, {"type": "Feature", "id": 147, "geometry": {"type": "LineString", "coordinates": [[-70.291146039565, -6.30295465073074], [-70.4965013240448, -6.54103228308642], [-70.6334048473307, -6.80165373996905], [-70.7360824891215, -7.01684336849104], [-70.9300291470351, -7.19797868837234], [-71.0897499243518, -7.41298284201075], [-71.2608793282347, -7.63918959765205], [-71.4662346127145, -7.76355250335792]]}, "properties": {"OBJECTID": 147, "id": null, "name": "Roseroad", "size": 2, "continent": "Westeros", "S2": null, "type": null, "Shape__Length": 212935.96469167582}}, {"type": "Feature", "id": 148, "geometry": {"type": "LineString", "coordinates": [[-71.4662346127145, -7.76355250335792], [-71.6601812706281, -7.89917914887417], [-72.0366659589908, -8.07994527884573], [-72.2534298709351, -8.27192058005178]]}, "properties": {"OBJECTID": 148, "id": null, "name": "Roseroad", "size": 2, "continent": "Westeros", "S2": null, "type": null, "Shape__Length": 105382.25969533915}}, {"type": "Feature", "id": 149, "geometry": {"type": "LineString", "coordinates": [[-72.0926473783774, -8.49309589238462], [-72.4061593379749, -8.47254200391173]]}, "properties": {"OBJECTID": 149, "id": null, "name": null, "size": 4, "continent": "Westeros", "S2": null, "type": null, "Shape__Length": 34976.578414248645}}, {"type": "Feature", "id": 150, "geometry": {"type": "LineString", "coordinates": [[-70.3038414452835, -8.42703310505587], [-70.1656511428452, -8.15900511706605], [-70.0857907550852, -8.04605774083993], [-70.1314252622483, -7.82006896935953], [-70.1656511428452, -7.57133998357925], [-70.1656511428452, -7.28851935001027], [-70.1656511428452, -6.90359787424146], [-70.1770597703097, -6.69968796692466], [-70.2112856509066, -6.50702803987029], [-70.291146039565, -6.30295465073074]]}, "properties": {"OBJECTID": 150, "id": null, "name": null, "size": 4, "continent": "Westeros", "S2": null, "type": null, "Shape__Length": 247730.51649197825}}, {"type": "Feature", "id": 151, "geometry": {"type": "LineString", "coordinates": [[-68.6450461194684, -4.37579487727426], [-68.5684433732715, -4.08755191157744], [-68.4201312234193, -3.80301243395154], [-68.3174535816286, -3.55253973829904], [-68.1805500583426, -3.3247781560609], [-68.0664637890874, -3.07417978939149], [-67.986603400429, -2.9260709546346]]}, "properties": {"OBJECTID": 151, "id": null, "name": "Roseroad", "size": 2, "continent": "Westeros", "S2": null, "type": null, "Shape__Length": 178323.05969493886}}, {"type": "Feature", "id": 152, "geometry": {"type": "LineString", "coordinates": [[-67.986603400429, -2.9260709546346], [-67.849699877143, -2.6297955556731], [-67.6899791007247, -2.24225352003296], [-67.5758928314694, -2.01423852410724], [-67.4503979347496, -1.86601143445245], [-67.2906771583313, -1.75198204284294]]}, "properties": {"OBJECTID": 152, "id": null, "name": "Roseroad", "size": 2, "continent": "Westeros", "S2": null, "type": null, "Shape__Length": 154940.1974228553}}, {"type": "Feature", "id": 153, "geometry": {"type": "LineString", "coordinates": [[-67.2906771583313, -1.75198204284294], [-67.0853218729531, -1.66075350988926], [-66.7544716926519, -1.63794570931225], [-66.4806646460799, -1.59232933379636], [-66.1384058383141, -1.4440692888991], [-65.8417815386098, -1.23877039167219], [-65.6592435072624, -1.05626904710154], [-65.3740278341242, -0.942200145999293], [-65.1002207884506, -0.919385902939492], [-64.6895102185926, -0.885164266587168], [-64.4499290535159, -0.828127509939767], [-64.2481193008849, -0.878041634924435]]}, "properties": {"OBJECTID": 153, "id": null, "name": "Roseroad", "size": 2, "continent": "Westeros", "S2": null, "type": null, "Shape__Length": 364473.7146298647}}, {"type": "Feature", "id": 154, "geometry": {"type": "LineString", "coordinates": [[-64.2481193008849, -0.878041634924435], [-63.9821753499287, -0.793905058565803], [-63.2634318529019, -0.73686701588352], [-62.8983557920037, -0.73686701588352]]}, "properties": {"OBJECTID": 154, "id": null, "name": "Roseroad", "size": 2, "continent": "Westeros", "S2": null, "type": null, "Shape__Length": 151953.11621505278}}, {"type": "Feature", "id": 155, "geometry": {"type": "LineString", "coordinates": [[-62.8983557920037, -0.73686701588352], [-62.5332797302072, -0.61138083035989], [-62.0997519072169, -0.520116274083365], [-61.6205895761651, -0.451666978379898], [-61.2555135143686, -0.383217037127976], [-61.0045237218274, -0.337583433961231], [-60.7991684373476, -0.326174997904595]]}, "properties": {"OBJECTID": 155, "id": null, "name": "Roseroad", "size": 2, "continent": "Westeros", "S2": null, "type": null, "Shape__Length": 238815.4795086185}}, {"type": "Feature", "id": 156, "geometry": {"type": "LineString", "coordinates": [[-60.7991684373476, -0.326174997904595], [-60.4797268836125, -0.212090006102066], [-60.1488767024129, -0.0523697067487661], [-59.7153488794226, 0.175802548615383], [-59.4187245797182, 0.415380351738243], [-59.1563261597125, 0.780435917005953], [-58.9737881292634, 1.12264701769807], [-58.7456155907529, 1.35076625522998], [-58.5858948134361, 1.48762775046009], [-58.437582663584, 1.51043719551973], [-58.163775617012, 1.51043719551973]]}, "properties": {"OBJECTID": 156, "id": null, "name": "Roseroad", "size": 2, "continent": "Westeros", "S2": null, "type": null, "Shape__Length": 375390.42482725484}}, {"type": "Feature", "id": 157, "geometry": {"type": "LineString", "coordinates": [[-56.0436116976648, 11.7968629591033], [-56.5779764749029, 11.6404196333884], [-56.9544611632656, 11.4951200116419], [-57.1598164477454, 11.3609307192731], [-57.2182696993155, 11.1713847462244]]}, "properties": {"OBJECTID": 157, "id": null, "name": "High Road", "size": 2, "continent": "Westeros", "S2": null, "type": null, "Shape__Length": 157083.67845030327}}, {"type": "Feature", "id": 158, "geometry": {"type": "LineString", "coordinates": [[-57.2182696993155, 11.1713847462244], [-57.2853113444652, 11.0027856683176], [-57.3879889862559, 10.9019782701989], [-57.5477097635726, 10.845959374657], [-57.707430539991, 10.7338901486063], [-57.7758823020831, 10.6105660032905], [-57.844334063277, 10.4086558039501], [-57.8899685713384, 10.2066148185748], [-57.9356030785015, 10.0830819835124], [-58.0382807211906, 9.98197439844856], [-58.163775617012, 9.99321013107562], [-58.300679140298, 10.0606163621297], [-58.437582663584, 10.0493829642424], [-58.4603999176147, 9.92578992483332], [-58.4832171716454, 9.7796652962337], [-58.5060344256761, 9.61098016041699], [-58.5744861868699, 9.50972860129622], [-58.677163829559, 9.46471826584851], [-58.8026587253805, 9.45346476020512], [-59.0878743985186, 9.53223154977489], [-59.3616814450906, 9.59973147686577], [-59.5898539836011, 9.63347640348184], [-59.7153488794226, 9.62222846913415], [-59.8864782833055, 9.49847657205589], [-60.0690163137546, 9.31839410127026]]}, "properties": {"OBJECTID": 158, "id": null, "name": "High Road", "size": 2, "continent": "Westeros", "S2": null, "type": null, "Shape__Length": 465096.7817529262}}, {"type": "Feature", "id": 159, "geometry": {"type": "LineString", "coordinates": [[-60.0690163137546, 9.31839410127026], [-60.2857802256989, 9.18327117400716], [-60.3998664949541, 9.03682986835759], [-60.468318256148, 8.89032901066875], [-60.6166304068985, 8.75504540022267], [-60.8105770639138, 8.68738509535881], [-60.9474805871997, 8.7099398918914], [-61.0843841104857, 8.76632092468224]]}, "properties": {"OBJECTID": 159, "id": null, "name": "River Road", "size": 2, "continent": "Westeros", "S2": null, "type": null, "Shape__Length": 144877.2327274512}}, {"type": "Feature", "id": 160, "geometry": {"type": "LineString", "coordinates": [[-61.0843841104857, 8.76632092468224], [-61.3125566489962, 8.86778519077901], [-61.5407291875067, 8.92414213759525], [-61.791718980048, 8.95795213135427], [-62.0769346531861, 9.0030272299643], [-62.3279244457274, 9.0706293353324], [-62.5218711027427, 9.16074565657396], [-62.7500436412532, 9.21705676665978], [-63.0466679418559, 9.21705676665978], [-63.4459698842493, 9.18327117400716], [-63.6463157638528, 9.16963104808022]]}, "properties": {"OBJECTID": 160, "id": null, "name": "River Road", "size": 2, "continent": "Westeros", "S2": null, "type": null, "Shape__Length": 293379.618598633}}, {"type": "Feature", "id": 161, "geometry": {"type": "LineString", "coordinates": [[-65.3773909971905, 8.83085028163324], [-65.5679744920378, 8.78887094489436], [-65.71628664189, 8.61971257903238], [-65.8075556580129, 8.54074600154036], [-66.0243195690589, 8.52946372332542], [-66.2867179881663, 8.52946372332542], [-66.4236215114523, 8.47304734543875], [-66.5605250347382, 8.30374876643814], [-66.6517940499628, 8.07790395580939], [-66.7772889466826, 7.88583633550903], [-66.8571493344426, 7.70498527025566], [-66.902783842504, 7.51274639377733], [-66.9940528577286, 7.42225146426258]]}, "properties": {"OBJECTID": 161, "id": null, "name": "River Road", "size": 2, "continent": "Westeros", "S2": null, "type": null, "Shape__Length": 266524.9357320066}}, {"type": "Feature", "id": 162, "geometry": {"type": "LineString", "coordinates": [[-66.9940528577286, 7.42225146426258], [-67.2336340237036, 7.29779057252787], [-67.4732151887803, 7.32042241786286], [-67.7470222353523, 7.32042241786286], [-67.8953343852045, 7.29779057252787], [-68.0892810431181, 7.18461423836063], [-68.2832277001334, 7.0600877300063], [-68.477174358047, 6.98082609504728], [-68.9107021810373, 6.94685270379054], [-69.0476057043233, 6.92420241157459]]}, "properties": {"OBJECTID": 162, "id": null, "name": "River Road", "size": 2, "continent": "Westeros", "S2": null, "type": null, "Shape__Length": 242055.60942941243}}, {"type": "Feature", "id": 163, "geometry": {"type": "LineString", "coordinates": [[-69.0476057043233, 6.92420241157459], [-69.3556386314922, 6.81093470922123], [-69.7321233198548, 6.7769491625247], [-69.9945217389623, 6.70897089369821], [-70.1884683968759, 6.64098313536845], [-70.2797374121005, 6.58431949041151]]}, "properties": {"OBJECTID": 163, "id": null, "name": "River Road", "size": 2, "continent": "Westeros", "S2": null, "type": null, "Shape__Length": 143713.37223515462}}, {"type": "Feature", "id": 164, "geometry": {"type": "LineString", "coordinates": [[-70.2797374121005, 6.58431949041151], [-70.4508668159833, 6.34626217712512], [-70.5763617127031, 6.14212530104527], [-70.747491116586, 6.06271745157949], [-70.884394639872, 5.92656259473806], [-70.964255027632, 5.74497065780705], [-71.0555240437549, 5.6655058652377], [-71.2722879548009, 5.63144616952453], [-71.4320087321176, 5.56332079943294], [-71.6145467625667, 5.47247471535171], [-71.7721380664344, 5.3647255953647], [-71.968214197797, 5.34753886007386], [-72.1213945319728, 5.2618662110881], [-72.1986226484396, 5.1030880238685]]}, "properties": {"OBJECTID": 164, "id": null, "name": "River Road", "size": 2, "continent": "Westeros", "S2": null, "type": null, "Shape__Length": 286783.65170166286}}, {"type": "Feature", "id": 165, "geometry": {"type": "LineString", "coordinates": [[-72.1986226484396, 5.1030880238685], [-72.1632153044793, 4.83993010382787], [-72.1507522282461, 4.64289497786983], [-72.1621608548123, 4.47230675699747], [-72.1900034597138, 4.32686258488912], [-72.2691599500751, 4.14271856588959]]}, "properties": {"OBJECTID": 165, "id": null, "name": "Ocean Road", "size": 2, "continent": "Westeros", "S2": null, "type": null, "Shape__Length": 109709.26177192577}}, {"type": "Feature", "id": 166, "geometry": {"type": "LineString", "coordinates": [[-72.2691599500751, 4.14271856588959], [-72.3446988861597, 3.91478291962338], [-72.504419662578, 3.75541986106976], [-72.7325922010886, 3.49354651943398], [-72.8352698437776, 3.32271983885836], [-72.8923129784053, 3.25438080036283], [-73.052033755722, 3.19742805726241], [-73.1661200249772, 3.10629711337498], [-73.1661200249772, 2.99237239768713], [-73.0748510088544, 2.83285800047772], [-72.9949906210943, 2.6391325190831], [-72.9835819936298, 2.38838445027255], [-73.0063992476605, 2.22879335921679]]}, "properties": {"OBJECTID": 166, "id": null, "name": "Ocean Road", "size": 2, "continent": "Westeros", "S2": null, "type": null, "Shape__Length": 260379.55936921612}}, {"type": "Feature", "id": 167, "geometry": {"type": "LineString", "coordinates": [[-73.0063992476605, 2.22879335921679], [-73.0406251282574, 2.05778373714354], [-73.1090768903496, 1.89815817869702], [-73.2231631596048, 1.79553388624159], [-73.3486580554263, 1.61307668271311], [-73.4513356981154, 1.51043719551973], [-73.4741529512478, 1.37357706101617], [-73.4741529512478, 1.25952092770664], [-73.3600666819925, 1.08842750868436], [-73.3356502686526, 1.0334999989645], [-73.3627222412112, 0.931995049571368], [-73.3912438080759, 0.884465077096549], [-73.4863156991219, 0.703845910779015], [-73.5338516450941, 0.580260235859108], [-73.5148372668849, 0.475685610744913], [-73.4673013209127, 0.371109400044263], [-73.4102581862851, 0.247517767110529], [-73.3691677926137, 0.17120755136132], [-73.3912438080759, 0.104910641352917], [-73.4197653758389, 0.0193459981152624], [-73.4482869427035, -0.0757258705168489], [-73.4673013209127, -0.170797530650777], [-73.4958228886757, -0.284882879034476], [-73.4958228886757, -0.398967097934444], [-73.4482869427035, -0.522556536362862], [-73.3912438080759, -0.608117064756294], [-73.3042403297903, -0.695114909057208], [-73.2459804127373, -0.782497510627409], [-73.0634423822881, -0.919385902939492], [-72.9721733670636, -1.04486233830582], [-72.915130232436, -1.27298805103193], [-72.8010439631807, -1.39844882124336], [-72.5684248134211, -1.58387724645434]]}, "properties": {"OBJECTID": 167, "id": null, "name": "Ocean Road", "size": 2, "continent": "Westeros", "S2": null, "type": null, "Shape__Length": 497056.9440991405}}, {"type": "Feature", "id": 168, "geometry": {"type": "LineString", "coordinates": [[-72.5684248134211, -1.58387724645434], [-72.2990643780982, -1.80899763459127], [-72.0823004670522, -2.03704151880015], [-71.9225796897355, -2.11684943730443], [-71.6829985246588, -2.16245212758321], [-71.4662346127145, -2.19665324703794], [-71.238062074204, -2.35624792183504], [-71.0212981622597, -2.60700212411756], [-70.8273515052444, -2.86910075269679], [-70.5877703392693, -3.09696396411004], [-70.4280495628509, -3.3247781560609], [-70.3253719201619, -3.51837899514235], [-70.154242516279, -3.871310741848], [-69.9945217389623, -4.0078907336904], [-69.6408543046303, -4.15582662911088], [-69.4012731395536, -4.21271771539434], [-69.0247884502926, -4.21271771539434], [-68.8194331658128, -4.24685037346061], [-68.6450461194684, -4.37579487727426]]}, "properties": {"OBJECTID": 168, "id": null, "name": "Ocean Road", "size": 2, "continent": "Westeros", "S2": null, "type": null, "Shape__Length": 568600.9021907944}}, {"type": "Feature", "id": 169, "geometry": {"type": "LineString", "coordinates": [[-58.5144653733324, 2.39418942457816], [-58.5710376838516, 2.39546407883273], [-58.7591323315255, 2.39546407883273], [-58.8163785285265, 2.38729317303529], [-58.9799390925414, 2.37095121496966], [-59.1516776835443, 2.34643791777282], [-59.3724844436619, 2.40363493678211], [-59.6505374016788, 2.4853407924941], [-59.7568517677944, 2.6078900419312], [-59.7813858514534, 2.66507564045241], [-59.9613024712409, 2.89379090090229], [-60.1248630343576, 3.00813145464994], [-60.2109033470804, 3.05856261756453], [-60.2629629716682, 3.06072867660064], [-60.4569096295818, 3.12908059605433], [-60.6736735415261, 3.41383117834764], [-60.8105770639138, 3.59602770181277], [-61.0273409758581, 3.76680391594825], [-61.2897393949655, 3.8464881080742], [-61.5749550681037, 3.85787095909522], [-61.8145362340787, 3.89201859719166], [-62.0198915185585, 3.80095518619219], [-62.1111605337831, 3.66434211206697], [-62.2594726836352, 3.53909511241109]]}, "properties": {"OBJECTID": 169, "id": null, "name": "Gold Road", "size": 2, "continent": "Westeros", "S2": null, "type": null, "Shape__Length": 498620.9428200809}}, {"type": "Feature", "id": 170, "geometry": {"type": "LineString", "coordinates": [[-62.2594726836352, 3.53909511241109], [-62.384967580355, 3.47077139168986], [-62.5218711027427, 3.4252194925136]]}, "properties": {"OBJECTID": 170, "id": null, "name": "Gold Road", "size": 2, "continent": "Westeros", "S2": null, "type": null, "Shape__Length": 31977.4888281792}}, {"type": "Feature", "id": 171, "geometry": {"type": "LineString", "coordinates": [[-62.5218711027427, 3.4252194925136], [-62.7728608952839, 3.35688758921852], [-63.0694851958866, 3.27716099965657], [-63.4916043914124, 3.26577096505869], [-63.8680890806734, 3.26577096505869], [-64.0962616191839, 3.20881886123308], [-64.4042945454545, 3.11768891594933], [-64.6781015920264, 3.06072867660064], [-65.3512105809918, 3.00376540922578], [-65.8645987926405, 2.93540557079497], [-66.3437611227939, 2.95819265341501], [-66.6289767959321, 3.02655107612524], [-66.8571493344426, 3.09490518788332]]}, "properties": {"OBJECTID": 171, "id": null, "name": "Gold Road", "size": 2, "continent": "Westeros", "S2": null, "type": null, "Shape__Length": 490578.8383797562}}, {"type": "Feature", "id": 172, "geometry": {"type": "LineString", "coordinates": [[-66.8571493344426, 3.09490518788332], [-66.9826442311624, 3.18603712768002], [-67.0282787383255, 3.31133032465424], [-67.03968736579, 3.57325508934106], [-67.1195477544484, 3.67572734216478], [-67.2906771583313, 3.78957157940508], [-67.4960324428111, 3.85787095909522], [-67.5987100846018, 3.9603097059339], [-67.7127963538571, 4.07411565193988], [-67.9637861463983, 4.11963354809058], [-68.2490018195365, 4.16514883897874], [-68.4087225968532, 4.27892548595531], [-68.5798520007361, 4.49505418188279], [-68.7281641505882, 4.65426607597148], [-68.9449280625326, 4.66563699124673], [-69.4811335273136, 4.56329218164198], [-69.9146613512023, 4.46093277988179], [-70.3025546661312, 4.36993465528491], [-70.6448134738969, 4.34718339023609], [-70.8729860124075, 4.34718339023609]]}, "properties": {"OBJECTID": 172, "id": null, "name": "Gold Road", "size": 2, "continent": "Westeros", "S2": null, "type": null, "Shape__Length": 536859.8339771829}}, {"type": "Feature", "id": 173, "geometry": {"type": "LineString", "coordinates": [[-70.8729860124075, 4.34718339023609], [-71.2038361936071, 4.48368055751445], [-71.4434173586838, 4.58603674531865], [-71.7058157777912, 4.67700772146008], [-71.8997624357048, 4.756597641612], [-72.0830961686798, 4.89151374615269], [-72.1986226484396, 5.1030880238685]]}, "properties": {"OBJECTID": 173, "id": null, "name": "Gold Road", "size": 2, "continent": "Westeros", "S2": null, "type": null, "Shape__Length": 175434.6350136976}}, {"type": "Feature", "id": 174, "geometry": {"type": "LineString", "coordinates": [[-70.8729860124075, 4.34718339023609], [-71.1810189395763, 4.21066149782418], [-71.3179224628623, 4.11963354809058], [-71.4776432392807, 4.108254316648], [-71.6601812706281, 4.09687492377498], [-71.7742675398834, 4.01721466335018], [-71.8754484276123, 3.77202829980651]]}, "properties": {"OBJECTID": 174, "id": null, "name": null, "size": 3, "continent": "Westeros", "S2": null, "type": null, "Shape__Length": 139113.00246103446}}, {"type": "Feature", "id": 175, "geometry": {"type": "LineString", "coordinates": [[-71.8754484276123, 3.77202829980651], [-72.0252573324246, 3.93754662402832], [-72.2691599500751, 4.14271856588959]]}, "properties": {"OBJECTID": 175, "id": null, "name": null, "size": 3, "continent": "Westeros", "S2": null, "type": null, "Shape__Length": 60399.37465541759}}, {"type": "Feature", "id": 176, "geometry": {"type": "LineString", "coordinates": [[-58.163775617012, 1.51043719551973], [-58.2664532597011, 1.33936077225702], [-58.2664532597011, 1.19108482294079], [-58.1980014985073, 1.04280089506402], [-58.083915229252, 0.84888075587159], [-58.0496893477568, 0.700582205481064], [-58.0496893477568, 0.369746915999141], [-58.083915229252, 0.152985388655754], [-58.083915229252, -0.0181438331405453], [-58.0154634671598, -0.223498551124315], [-57.947011705966, -0.291949615748953], [-57.9584203325322, -0.417442082678811], [-58.0040548405936, -0.542932546144273], [-58.0843007798837, -0.789670660947412]]}, "properties": {"OBJECTID": 176, "id": null, "name": null, "size": 3, "continent": "Westeros", "S2": null, "type": null, "Shape__Length": 271861.31170305284}}, {"type": "Feature", "id": 177, "geometry": {"type": "LineString", "coordinates": [[-58.083915229252, -0.748274684293438], [-58.2094101250735, -1.03345558719443], [-58.2436360056704, -1.17033376126198], [-58.2094101250735, -1.37563825306667], [-58.1865928710427, -1.47828403985514], [-58.2436360056704, -1.63794570931225], [-58.3349050217932, -1.76338530237501], [-58.4147654095533, -1.96863157899616], [-58.4261740370178, -2.1852529605923], [-58.4946257982116, -2.37904569610913], [-58.5516689328392, -2.58420828058], [-58.6201206949314, -2.77794254692419], [-58.7393564469584, -3.08390926243563]]}, "properties": {"OBJECTID": 177, "id": null, "name": null, "size": 3, "continent": "Westeros", "S2": null, "type": null, "Shape__Length": 276238.7718172355}}, {"type": "Feature", "id": 178, "geometry": {"type": "LineString", "coordinates": [[-64.7184531070036, -6.76675868003238], [-64.6956553050921, -6.91329699983095], [-64.665458939873, -7.15305002716169], [-64.6503607563651, -7.44757362595407], [-64.6503607563651, -7.69202796387765], [-64.665458939873, -7.89646338844333], [-64.6700569154508, -8.00117683914124]]}, "properties": {"OBJECTID": 178, "id": null, "name": "Prince Pass", "size": 3, "continent": "Westeros", "S2": null, "type": null, "Shape__Length": 139086.0218508888}}, {"type": "Feature", "id": 179, "geometry": {"type": "LineString", "coordinates": [[-64.6700569154508, -8.00117683914124], [-64.6916899923077, -8.12594525771867], [-64.7201573224887, -8.29097422385038], [-64.7303242267023, -8.46599020222094], [-64.7262574644779, -8.6911808007286], [-64.6998235149599, -8.8961475396812], [-64.6347553310472, -9.1311150412395], [-64.5754239493374, -9.24161372784689]]}, "properties": {"OBJECTID": 179, "id": null, "name": "Prince Pass", "size": 3, "continent": "Westeros", "S2": null, "type": null, "Shape__Length": 142977.77088313553}}, {"type": "Feature", "id": 180, "geometry": {"type": "LineString", "coordinates": [[-64.5754239493374, -9.24161372784689], [-64.4557578629668, -9.28938178999296], [-64.282917431674, -9.30299539142321], [-63.9843010989625, -9.30619851483828]]}, "properties": {"OBJECTID": 180, "id": null, "name": "Prince Pass", "size": 3, "continent": "Westeros", "S2": null, "type": null, "Shape__Length": 66914.95680343748}}, {"type": "Feature", "id": 181, "geometry": {"type": "LineString", "coordinates": [[-54.5849545429933, -2.61204812188404], [-54.8552738086095, -2.40184309441653], [-55.0378118399569, -2.25365336693405], [-55.2545757510029, -2.19665324703794], [-55.4827482895134, -2.16245212758321], [-55.6310604402639, -2.1282502372287], [-55.7907812166823, -2.0712454062832]]}, "properties": {"OBJECTID": 181, "id": null, "name": "Boneway", "size": 2, "continent": "Westeros", "S2": null, "type": null, "Shape__Length": 150774.43204840788}}, {"type": "Feature", "id": 182, "geometry": {"type": "LineString", "coordinates": [[-55.7907812166823, -2.0712454062832], [-55.9733192480297, -1.98003343293887], [-56.1444486519126, -1.91162114664339], [-56.2471262937033, -1.90021883152049], [-56.3612125629585, -1.90021883152049]]}, "properties": {"OBJECTID": 182, "id": null, "name": "Boneway", "size": 2, "continent": "Westeros", "S2": null, "type": null, "Shape__Length": 67436.4025750865}}, {"type": "Feature", "id": 183, "geometry": {"type": "LineString", "coordinates": [[-56.3612125629585, -1.90021883152049], [-56.5779764749029, -2.05984419160434], [-56.7947403859489, -2.25365336693405], [-57.000095671327, -2.43603847692715]]}, "properties": {"OBJECTID": 183, "id": null, "name": "Boneway", "size": 2, "continent": "Westeros", "S2": null, "type": null, "Shape__Length": 92937.68626676124}}, {"type": "Feature", "id": 184, "geometry": {"type": "LineString", "coordinates": [[-57.000095671327, -2.43603847692715], [-57.2510854629699, -2.61839889217898], [-57.3879889862559, -2.72096508021306], [-57.5819356441695, -2.77794254692419], [-57.8557426907415, -2.76654727207686], [-58.0725066017875, -2.76654727207686], [-58.2436360056704, -2.89188917659272], [-58.3577222749256, -2.9716450337401], [-58.5060344256761, -2.99443136988675], [-58.7393564469584, -3.08390926243563]]}, "properties": {"OBJECTID": 184, "id": null, "name": "Boneway", "size": 2, "continent": "Westeros", "S2": null, "type": null, "Shape__Length": 214391.69950430605}}, {"type": "Feature", "id": 185, "geometry": {"type": "LineString", "coordinates": [[-58.7213021333276, -3.08390926243563], [-58.8188302923466, -3.22226806512746], [-58.9100993075712, -3.4272775925748], [-59.0127769502602, -3.52976604957052], [-59.2067236081738, -3.56392637170334], [-59.4234875192198, -3.65501433021991], [-59.628842804598, -3.7802451247289], [-59.8227894616133, -3.88269325974402], [-59.948284358333, -3.91683989171838], [-60.0737792541545, -4.01927138043925], [-60.1194137622159, -4.08755191157744], [-60.1308223887821, -4.20133982866419], [-60.1308223887821, -4.4061159538692], [-60.165048269379, -4.5198562731351], [-60.2563172855019, -4.67906263847899], [-60.3704035547572, -4.77002152996386], [-60.5643502117725, -4.8723358710582], [-60.7468882431199, -4.97463464004493], [-60.792522750283, -5.06555354408496], [-60.7811141237168, -5.17918416629019], [-60.7354796156553, -5.32687337676693]]}, "properties": {"OBJECTID": 185, "id": null, "name": "Boneway", "size": 2, "continent": "Westeros", "S2": null, "type": null, "Shape__Length": 375821.69433426176}}, {"type": "Feature", "id": 186, "geometry": {"type": "LineString", "coordinates": [[-60.7354796156553, -5.32687337676693], [-60.5985760932677, -5.50859589355721], [-60.4046294353541, -5.58808212832016], [-60.2335000314712, -5.67891032103014], [-60.1080051347514, -5.78107491518978], [-60.0395533735576, -5.91726563365668], [-60.0281447469914, -6.01938670035852], [-60.1194137622159, -6.09880094706138], [-60.2449086580374, -6.1895456780077], [-60.4160380619203, -6.22357094725207], [-60.5985760932677, -6.22357094725207], [-60.7354796156553, -6.28027482596356], [-60.8153400043137, -6.43901265836182], [-60.895200392972, -6.5523665169283]]}, "properties": {"OBJECTID": 186, "id": null, "name": "Boneway", "size": 2, "continent": "Westeros", "S2": null, "type": null, "Shape__Length": 239340.80001593483}}, {"type": "Feature", "id": 187, "geometry": {"type": "LineString", "coordinates": [[-60.895200392972, -6.5523665169283], [-61.169007439544, -6.96022403701726], [-61.3287282159624, -7.22061555704974], [-61.4428144852176, -7.3903557149644], [-61.4998576198453, -7.45823360405095], [-61.7280301583558, -7.62788207392657], [-61.9676113243308, -7.76355250335792], [-62.115923474183, -7.91047936922567], [-62.2186011159737, -8.05735390195176], [-62.2300097434383, -8.17029810619481], [-62.1501493547799, -8.33965436047447], [-61.9904285774632, -8.50893726493194], [-61.8192991735803, -8.6555886670985], [-61.659578397162, -8.8021829500016], [-61.3743627240238, -9.05013283505014], [-61.1918246926764, -9.16278113923944], [-61.032103916258, -9.27539373110733], [-60.8672819666672, -9.40970117820261]]}, "properties": {"OBJECTID": 187, "id": null, "name": "Boneway", "size": 2, "continent": "Westeros", "S2": null, "type": null, "Shape__Length": 449072.63294209697}}, {"type": "Feature", "id": 188, "geometry": {"type": "LineString", "coordinates": [[-59.1473795251842, 34.840875943188], [-59.0894740752575, 34.5971311218394], [-59.0218864475529, 34.3277902191389], [-59.0444156567877, 34.1694972513866], [-59.0782094701909, 33.898781994348], [-59.1345324937272, 33.5145762267048], [-59.1795909121969, 33.3265362695935], [-59.2133847256, 33.1569525764622], [-59.2359139348349, 32.958689740566], [-59.1795909121969, 32.6746840892238], [-59.1683263071303, 32.5038456622555], [-59.2246493297683, 32.2850790210837], [-59.3147661667078, 32.0848734970403], [-59.3823537944123, 31.9320408531278]]}, "properties": {"OBJECTID": 188, "id": null, "name": "King's Road", "size": 1, "continent": "Westeros", "S2": null, "type": null, "Shape__Length": 395365.1226728661}}, {"type": "Feature", "id": 189, "geometry": {"type": "LineString", "coordinates": [[-59.3823537944123, 31.9320408531278], [-59.5513228632247, 31.6735590353412], [-59.6189104909293, 31.4912317452379], [-59.7315565362053, 31.3566573781768], [-60.0244362553601, 31.1447938434225], [-60.3060513703468, 30.9421178256938], [-60.5651372752002, 30.7099607884441], [-60.6439895079714, 30.4772436488632], [-60.7341063440125, 30.3120648223864], [-61.0044568548309, 30.0198930509893], [-61.4550410377315, 29.5898140633957], [-61.8830960122956, 29.1972351594208], [-62.356209404431, 28.7735302791602], [-62.4913846598402, 28.5857605224746], [-62.5477076824782, 28.4471888376425], [-62.4688554506053, 28.3084353474559], [-62.4012678229008, 28.1496380525382], [-62.4012678229008, 27.9707092392122], [-62.4575908455388, 27.7416455995811], [-62.5815014958813, 27.5320789431097], [-62.5702368917131, 27.3821432534882], [-62.4913846598402, 27.2520343516086], [-62.2886217767265, 27.0616012551122], [-62.0971234986793, 26.8808921450761], [-62.0745942894444, 26.7099566989102], [-62.0745942894444, 26.5689933219702], [-62.1083881037459, 26.3874996275305], [-62.2097695448536, 26.2158265791236], [-62.2322987540885, 26.0034097957283], [-62.2548279633233, 25.800750270479], [-62.2773571725582, 25.668835308325], [-62.3787386136659, 25.5774239317008], [-62.5139138690751, 25.5571008001787], [-62.6793611637829, 25.5413882719207]]}, "properties": {"OBJECTID": 189, "id": null, "name": "King's Road", "size": 1, "continent": "Westeros", "S2": null, "type": null, "Shape__Length": 1007666.4099358129}}, {"type": "Feature", "id": 190, "geometry": {"type": "LineString", "coordinates": [[-62.6793611637829, 25.5413882719207], [-62.8293227965665, 25.465604066334], [-62.8969104242711, 25.3231374662918], [-62.9307042385726, 25.1499167550005], [-62.9644980519757, 24.9560258173853], [-62.9982918653788, 24.8436332742635], [-63.0433502838485, 24.720906716402], [-63.2301379636325, 24.5648099473205]]}, "properties": {"OBJECTID": 190, "id": null, "name": "King's Road", "size": 1, "continent": "Westeros", "S2": null, "type": null, "Shape__Length": 142404.86675452895}}, {"type": "Feature", "id": 191, "geometry": {"type": "LineString", "coordinates": [[-63.2301379636325, 24.5648099473205], [-63.2911715845337, 24.331475514447], [-63.3362300030035, 24.0848994821142], [-63.3362300030035, 23.8687554696725], [-63.2911715845337, 23.6522500572647], [-63.1447317249563, 23.3319915930159], [-63.0433502838485, 23.1146020613721], [-63.0208210746137, 22.9487351190644], [-63.0208210746137, 22.5227746519067], [-63.0208210746137, 22.1581069039027], [-63.0546148889151, 21.7924915060524], [-63.0208210746137, 21.5936221394977], [-62.975762656144, 21.4573958719901]]}, "properties": {"OBJECTID": 191, "id": null, "name": "King's Road", "size": 1, "continent": "Westeros", "S2": null, "type": null, "Shape__Length": 384531.7831312679}}, {"type": "Feature", "id": 192, "geometry": {"type": "LineString", "coordinates": [[-62.975762656144, 21.4573958719901], [-62.8969104242711, 21.1320356132582], [-62.8518520058014, 20.9638271537156], [-62.8743812150362, 20.7427662922583], [-62.8969104242711, 20.5108318125279], [-62.919439633506, 20.3524927837443]]}, "properties": {"OBJECTID": 192, "id": null, "name": "King's Road", "size": 1, "continent": "Westeros", "S2": null, "type": null, "Shape__Length": 133662.43632546114}}, {"type": "Feature", "id": 193, "geometry": {"type": "LineString", "coordinates": [[-62.919439633506, 20.3524927837443], [-62.8969104242711, 19.9929910624528], [-62.8405874016331, 19.653884868932], [-62.7955289831634, 19.3672048736517], [-62.7955289831634, 19.1651639439905], [-62.80679358823, 18.994831829463], [-62.7617351697602, 18.7710063446697], [-62.6378245194177, 18.4614254540913], [-62.5251784732434, 18.151285120309], [-62.4913846598402, 17.9585063903937], [-62.4575908455388, 17.7869707750903], [-62.4801200547736, 17.550840313234], [-62.5251784732434, 17.2391071447827], [-62.5815014958813, 16.9052923831426], [-62.6040307051162, 16.6896131271794], [-62.6265599143511, 16.5060940473727], [-62.6040307051162, 16.2467118702436], [-62.5477076824782, 15.9761578230338], [-62.4913846598402, 15.7377671101752]]}, "properties": {"OBJECTID": 193, "id": null, "name": "King's Road", "size": 1, "continent": "Westeros", "S2": null, "type": null, "Shape__Length": 549855.4509387341}}, {"type": "Feature", "id": 194, "geometry": {"type": "LineString", "coordinates": [[-62.4913846598402, 15.7377671101752], [-62.4115242711819, 15.4740542788634], [-62.377298390585, 15.2100050012433], [-62.3887070171512, 15.0448056531344], [-62.4001156437174, 14.7912515768898], [-62.5256105404371, 14.4711307435267], [-62.594062301631, 14.2058531704572], [-62.6739226902893, 13.9181180225158]]}, "properties": {"OBJECTID": 194, "id": null, "name": "King's Road", "size": 1, "continent": "Westeros", "S2": null, "type": null, "Shape__Length": 215801.85563420298}}, {"type": "Feature", "id": 195, "geometry": {"type": "LineString", "coordinates": [[-62.6739226902893, 13.9181180225158], [-62.7423744514831, 13.441464827894], [-62.7537830789476, 13.0861281532218], [-62.7309658249169, 12.8749034489098], [-62.6511054362586, 12.6189723058501], [-62.4913846598402, 12.2178719546876], [-62.3088466284928, 11.950132265208], [-62.0464482093854, 11.6262603504074], [-61.8068670443087, 11.3579428039808], [-61.6699635210227, 11.1229575143363], [-61.5786945057981, 10.9213904753005], [-61.4874254896753, 10.8205554608399], [-61.2022098165371, 10.5963566127103], [-61.0653062941494, 10.4280995106525], [-60.9398113974297, 10.2597514227078], [-60.7458647395161, 10.0463820922349], [-60.4150145592148, 9.68670629598192], [-60.0690163137546, 9.31839410127026]]}, "properties": {"OBJECTID": 195, "id": null, "name": "King's Road", "size": 1, "continent": "Westeros", "S2": null, "type": null, "Shape__Length": 627393.3295203284}}, {"type": "Feature", "id": 196, "geometry": {"type": "LineString", "coordinates": [[-60.0690163137546, 9.31839410127026], [-59.8674004669692, 9.04508700443465], [-59.7875400783109, 8.88731799700225], [-59.7533141977139, 8.52644980345876], [-59.6962710630863, 8.13136017994367]]}, "properties": {"OBJECTID": 196, "id": null, "name": "King's Road", "size": 1, "continent": "Westeros", "S2": null, "type": null, "Shape__Length": 143723.8352003883}}, {"type": "Feature", "id": 197, "geometry": {"type": "LineString", "coordinates": [[-59.6962710630863, 8.13136017994367], [-59.6506365550249, 7.92801834665605]]}, "properties": {"OBJECTID": 197, "id": null, "name": "King's Road", "size": 1, "continent": "Westeros", "S2": null, "type": null, "Shape__Length": 23417.6897459619}}, {"type": "Feature", "id": 198, "geometry": {"type": "LineString", "coordinates": [[-59.6506365550249, 7.92801834665605], [-59.5593675398003, 7.65673992923598], [-59.4566898971113, 7.31739963301376], [-59.3882381359174, 7.0117722071105], [-59.3654208818867, 6.80790859157664], [-59.3654208818867, 6.55862455669433], [-59.2855604932284, 6.24117414225456], [-59.2171087320346, 5.99161331124571], [-59.0573879547178, 5.76464065862199]]}, "properties": {"OBJECTID": 198, "id": null, "name": "King's Road", "size": 1, "continent": "Westeros", "S2": null, "type": null, "Shape__Length": 254593.47679202334}}, {"type": "Feature", "id": 199, "geometry": {"type": "LineString", "coordinates": [[-59.0573879547178, 5.76464065862199], [-58.8063981621766, 5.50351006714874], [-58.6466773857582, 5.24226475583017], [-58.4185048472477, 4.96954446480104], [-58.2701926973956, 4.65122850356143], [-58.0876546660481, 4.34414453560313], [-57.8480735009714, 4.01417453008633]]}, "properties": {"OBJECTID": 199, "id": null, "name": "King's Road", "size": 1, "continent": "Westeros", "S2": null, "type": null, "Shape__Length": 238830.2246934771}}, {"type": "Feature", "id": 200, "geometry": {"type": "LineString", "coordinates": [[-57.8480735009714, 4.01417453008633], [-57.8979539195794, 3.57303238160029], [-57.9657041630117, 3.17573196582246], [-58.0608218223232, 3.02967332025454], [-58.2074462803016, 2.88692398117664], [-58.36424719428, 2.73664216726991], [-58.4497884138108, 2.55414562858334], [-58.5144653733324, 2.39418942457816]]}, "properties": {"OBJECTID": 200, "id": null, "name": "King's Road", "size": 1, "continent": "Westeros", "S2": null, "type": null, "Shape__Length": 202556.850154571}}, {"type": "Feature", "id": 201, "geometry": {"type": "LineString", "coordinates": [[-63.186933607722, 26.5209607702023], [-63.1074505132796, 26.3302197861032], [-62.9886106496967, 26.1383423477234], [-62.8317420296952, 25.9675194183868], [-62.7271629490954, 25.8435173985839], [-62.6843805983493, 25.7322325330574], [-62.6793611637829, 25.5413882719207]]}, "properties": {"OBJECTID": 201, "id": null, "name": null, "size": 3, "continent": "Westeros", "S2": null, "type": null, "Shape__Length": 137381.08999701054}}, {"type": "Feature", "id": 202, "geometry": {"type": "LineString", "coordinates": [[-60.1858365651529, 21.442532160518], [-60.4124238718343, 21.439713071857], [-60.5281561107099, 21.4307358057418], [-60.6567474867393, 21.3678794935005], [-60.9750111434227, 21.2600630569511], [-61.1068173050881, 21.230100013907], [-61.3061339381582, 21.1551657838381], [-61.4765175121832, 21.077193935103], [-61.6243975948416, 20.945148427679], [-61.7369150498779, 20.8850891666947], [-61.9490908210002, 20.8520463258211], [-62.0423195685092, 20.8280106074524], [-62.1676961606994, 20.803971053481], [-62.2641396938443, 20.7769219745489], [-62.3991606384506, 20.7528742793226], [-62.5116780934869, 20.7017602332101], [-62.6081216257336, 20.6235524776381], [-62.6820616675119, 20.5453045258028], [-62.8119229011286, 20.4337066264288]]}, "properties": {"OBJECTID": 202, "id": null, "name": null, "size": 3, "continent": "Westeros", "S2": null, "type": null, "Shape__Length": 325019.137811371}}, {"type": "Feature", "id": 203, "geometry": {"type": "LineString", "coordinates": [[-62.4913846598402, 15.7377671101752], [-62.5384269977335, 15.5612993025701], [-62.6298512220762, 15.4011044935648], [-62.6797189816252, 15.3049282656454], [-62.7295867402759, 15.2568235612929], [-62.8958126039422, 15.1365136609182], [-63.1119062262592, 15.0241627213397], [-63.2199530374176, 14.9117526196318], [-63.3944901940426, 14.6867565371016], [-63.4692918324679, 14.566127359196]]}, "properties": {"OBJECTID": 203, "id": null, "name": null, "size": 3, "continent": "Westeros", "S2": null, "type": null, "Shape__Length": 179138.1603897157}}, {"type": "Feature", "id": 204, "geometry": {"type": "LineString", "coordinates": [[-63.4692918324679, 14.566127359196], [-63.6521402820516, 14.4454321504462], [-63.8349887316353, 14.3488287778075], [-64.0427710609936, 14.3005114447944], [-64.1840630448853, 14.2521837223064], [-64.406462980634, 14.1705980357428]]}, "properties": {"OBJECTID": 204, "id": null, "name": null, "size": 3, "continent": "Westeros", "S2": null, "type": null, "Shape__Length": 114758.58895314127}}, {"type": "Feature", "id": 205, "geometry": {"type": "LineString", "coordinates": [[-64.3835340803865, 14.1796727311644], [-64.6411841683955, 14.0668317959201], [-64.7907874461443, 13.9539351485977], [-64.8240326188775, 13.8248427167555], [-64.8240326188775, 13.5826018686791], [-64.8572777916108, 13.420970108306], [-64.9154568432202, 13.2996747726284], [-65.0110189494084, 13.0378978137088]]}, "properties": {"OBJECTID": 205, "id": null, "name": null, "size": 3, "continent": "Westeros", "S2": null, "type": null, "Shape__Length": 161531.81584215284}}, {"type": "Feature", "id": 206, "geometry": {"type": "LineString", "coordinates": [[-64.9902584816454, 13.0488058788012], [-64.9237681361789, 12.8625124150635], [-64.9154568432202, 12.7409419908431], [-64.9487020159535, 12.6112025658217], [-64.9819471886867, 12.440819873196], [-64.9653246027692, 12.3190493863492], [-64.840655204795, 12.1728502104917], [-64.8240326188775, 12.0428277655498], [-64.882211670487, 11.9371381269715], [-64.9902584816454, 11.7907306305053], [-64.9985697755025, 11.6523851237826], [-64.973635895728, 11.4976821481117], [-64.9570133089122, 11.3184462512496], [-64.932079430036, 11.2124812384803], [-64.9130311673743, 10.9778265100461]]}, "properties": {"OBJECTID": 206, "id": null, "name": null, "size": 3, "continent": "Westeros", "S2": null, "type": null, "Shape__Length": 249316.62357872678}}, {"type": "Feature", "id": 207, "geometry": {"type": "LineString", "coordinates": [[-64.9130311673743, 10.9778265100461], [-64.9487020159535, 10.6820802161461], [-65.0068810684612, 10.4287902701386], [-65.0816827068865, 10.2325529249959], [-65.1731069312292, 10.0689289725303], [-65.283758288078, 9.92766048244631], [-65.2479085696544, 9.80695851746295], [-65.1731069312292, 9.69228097242662], [-65.1647956382704, 9.57756421202178], [-65.2395972766957, 9.43821321106767], [-65.3310215019367, 9.32341120621921], [-65.36426667467, 9.21677550973308], [-65.36426667467, 9.07728027907963], [-65.3773909971905, 8.83085028163324]]}, "properties": {"OBJECTID": 207, "id": null, "name": null, "size": 3, "continent": "Westeros", "S2": null, "type": null, "Shape__Length": 261144.10739440104}}, {"type": "Feature", "id": 208, "geometry": {"type": "LineString", "coordinates": [[-65.3773909971905, 8.83085028163324], [-65.2063521039624, 8.60916947433807], [-65.0401262411945, 8.4612231148727], [-64.8323439118362, 8.35433755441199], [-64.7907874461443, 8.26387303406668], [-64.7824761522872, 8.05819503097717], [-64.7824761522872, 7.91827409212278]]}, "properties": {"OBJECTID": 208, "id": null, "name": null, "size": 3, "continent": "Westeros", "S2": null, "type": null, "Shape__Length": 132419.76767841098}}, {"type": "Feature", "id": 209, "geometry": {"type": "LineString", "coordinates": [[-64.7824761522872, 7.91827409212278], [-64.5663825299702, 7.86064572342787], [-64.3502889076533, 7.78654035358543], [-64.0677049398698, 7.77007070864363], [-63.9845920084858, 7.77007070864363], [-63.7762427694197, 7.7871969193976]]}, "properties": {"OBJECTID": 209, "id": null, "name": null, "size": 3, "continent": "Westeros", "S2": null, "type": null, "Shape__Length": 114404.45345242202}}, {"type": "Feature", "id": 210, "geometry": {"type": "LineString", "coordinates": [[-63.7762427694197, 7.7871969193976], [-63.5690273497693, 7.86064572342787], [-63.4609805386108, 7.88534457959583], [-63.3446224344936, 7.88534457959583]]}, "properties": {"OBJECTID": 210, "id": null, "name": null, "size": 3, "continent": "Westeros", "S2": null, "type": null, "Shape__Length": 49795.84630356237}}, {"type": "Feature", "id": 211, "geometry": {"type": "LineString", "coordinates": [[-63.3446224344936, 7.88534457959583], [-63.0537271737514, 7.84417900205213], [-62.7212754473172, 7.81124360547366], [-62.2890882026832, 7.81947769920832], [-61.8735235439667, 7.84417900205213], [-61.599250869142, 7.81124360547366], [-61.2169313840571, 7.75360041858219], [-61.0008377608418, 7.74536503171528], [-60.817989311258, 7.73712948295669]]}, "properties": {"OBJECTID": 211, "id": null, "name": null, "size": 3, "continent": "Westeros", "S2": null, "type": null, "Shape__Length": 282621.17831102613}}, {"type": "Feature", "id": 212, "geometry": {"type": "LineString", "coordinates": [[-60.817989311258, 7.73712948295669], [-60.6185182757568, 7.75360041858219], [-60.3608681877479, 7.78654035358543], [-60.0949068058819, 7.78654035358543], [-59.9453035290314, 7.83594539721938], [-59.7790776653651, 7.88534457959583], [-59.6506365550249, 7.92801834665605]]}, "properties": {"OBJECTID": 212, "id": null, "name": null, "size": 3, "continent": "Westeros", "S2": null, "type": null, "Shape__Length": 132762.3892795511}}, {"type": "Feature", "id": 213, "geometry": {"type": "LineString", "coordinates": [[-61.0843841104857, 8.76632092468224], [-60.9177248294578, 8.59273382778938], [-60.8678570708071, 8.4612231148727], [-60.8761683637658, 8.34611437059906], [-60.9343474162736, 8.21451999078263], [-61.0008377608418, 8.10756738824636], [-61.0257716406163, 8.02527677750404], [-61.0091490546988, 7.91827409212278], [-60.9011022435403, 7.84417900205213], [-60.817989311258, 7.73712948295669]]}, "properties": {"OBJECTID": 213, "id": null, "name": null, "size": 3, "continent": "Westeros", "S2": null, "type": null, "Shape__Length": 137658.6637059874}}, {"type": "Feature", "id": 214, "geometry": {"type": "LineString", "coordinates": [[-59.0314703936561, 34.2604886390555], [-59.1121271603734, 34.2384555599618], [-59.20364135728, 34.1843988832589], [-59.3409126517416, 34.1357182370768], [-59.6416021532967, 34.1357182370768], [-59.8246305462116, 34.1248965042984], [-60.0130052275057, 34.1244662678518]]}, "properties": {"OBJECTID": 214, "id": null, "name": null, "size": 4, "continent": "Westeros", "S2": null, "type": null, "Shape__Length": 113469.69199336178}}, {"type": "Feature", "id": 215, "geometry": {"type": "LineString", "coordinates": [[-59.3823537944123, 31.9320408531278], [-59.0859802477415, 31.8775065012684], [-58.8898783985106, 31.8386423393425], [-58.7068500055957, 31.7664225977386], [-58.5434317976039, 31.6440760989176], [-58.3930870468263, 31.4992769651656], [-58.2231321111256, 31.4100581391229], [-58.0466404468178, 31.3263383653722], [-57.9093691523562, 31.2369551369645], [-57.837465141271, 31.1586753673404], [-57.7525517282412, 31.0379118517986]]}, "properties": {"OBJECTID": 215, "id": null, "name": null, "size": 4, "continent": "Westeros", "S2": null, "type": null, "Shape__Length": 223312.35537649534}}, {"type": "Feature", "id": 216, "geometry": {"type": "LineString", "coordinates": [[-67.3399812277344, 29.3680220790369], [-67.0401991593636, 29.255611557471], [-66.8785769441361, 29.2058322774964], [-66.6789259733886, 28.9898428859399], [-66.5173037581611, 28.7817344155819], [-66.3651887324875, 28.7233894011529], [-66.0419443029309, 28.606601682643], [-65.5570776590452, 28.4228156640365], [-65.3384123091901, 28.3140645178297], [-65.0341822578427, 28.04589569194], [-64.7204450178399, 27.7602319253801], [-64.4922724793294, 27.5665622659088], [-64.2450855626097, 27.4316335324539], [-64.0264202127546, 27.3049878627094], [-63.8172620524533, 27.1274409614337], [-63.3989457318506, 26.7375439364637], [-63.186933607722, 26.5209607702023]]}, "properties": {"OBJECTID": 216, "id": null, "name": null, "size": 4, "continent": "Westeros", "S2": null, "type": null, "Shape__Length": 596901.6401365381}}, {"type": "Feature", "id": 217, "geometry": {"type": "LineString", "coordinates": [[-63.186933607722, 26.5209607702023], [-63.4654960560321, 26.4399839565399], [-63.8647979984255, 26.2269690541734], [-64.0454345909638, 26.1843190986849], [-64.425722155148, 26.0733561711034], [-64.7774881524676, 25.9024385622859], [-65.1577757166518, 25.705576843467], [-65.4429913897899, 25.6541679012833], [-65.7186998733743, 25.5684370944554], [-65.9373652232294, 25.5169691204833], [-66.1655377617399, 25.6113101839033], [-66.3176527874136, 25.6198829581249], [-66.5077965695057, 25.5169691204833], [-66.6979403515978, 25.2936865199273], [-66.8975913223453, 25.0183119250451], [-67.055930507823, 24.7869467966153]]}, "properties": {"OBJECTID": 217, "id": null, "name": null, "size": 4, "continent": "Westeros", "S2": null, "type": null, "Shape__Length": 511221.9053756255}}, {"type": "Feature", "id": 218, "geometry": {"type": "LineString", "coordinates": [[-67.049706348019, 24.7768511588506], [-66.6979403515978, 24.7595859132863], [-66.2796240309952, 24.6386620682197], [-65.7947573862111, 24.4743638091137], [-65.3098907423254, 24.3445029233159], [-64.8725600435136, 24.3271780548097], [-64.3116358858928, 24.3531644685239], [-63.8552908088717, 24.4743638091137], [-63.5795823252873, 24.5262707188939], [-63.2301379636325, 24.5648099473205]]}, "properties": {"OBJECTID": 218, "id": null, "name": null, "size": 4, "continent": "Westeros", "S2": null, "type": null, "Shape__Length": 436638.33831982006}}, {"type": "Feature", "id": 219, "geometry": {"type": "LineString", "coordinates": [[-57.1769000885925, 27.7714948107239], [-57.3618806508756, 27.5328455934484], [-57.5615316216231, 27.3472191838416], [-57.7231538368506, 27.1528221191667], [-57.7801969714782, 26.983505680138], [-57.8182257278966, 26.720561369398], [-57.8752688625242, 26.5335861129638], [-57.9798479422257, 26.2781283618416], [-58.0559054550626, 26.0818955221385], [-58.1890061025271, 25.9366419581525], [-58.3125995613361, 25.816886699777], [-58.3696426959637, 25.7484006747885], [-58.3601355064099, 25.6113101839033], [-58.2840779935731, 25.4740622750702], [-58.2276908222407, 25.3230884006069]]}, "properties": {"OBJECTID": 219, "id": null, "name": null, "size": 4, "continent": "Westeros", "S2": null, "type": null, "Shape__Length": 347383.467884657}}, {"type": "Feature", "id": 220, "geometry": {"type": "LineString", "coordinates": [[-58.2276908222407, 25.3230884006069], [-58.578800856265, 25.3194709707931], [-59.0826818783599, 25.3538417005429], [-59.2918400386612, 25.4139669698995], [-59.5675485231439, 25.5941627916724], [-59.6816347923992, 25.6541679012833], [-59.9288217091189, 25.6027367955766], [-60.1379798694203, 25.5341275665313], [-60.2900948950939, 25.5341275665313], [-60.5658033786783, 25.6541679012833], [-60.8700334300257, 25.7312729928865], [-61.0126412670439, 25.7569635903091], [-61.3549000748097, 25.705576843467], [-61.5925798019757, 25.662737597903], [-61.7922307736215, 25.6455975882002], [-61.9158242315323, 25.6884429939853], [-62.2548279633233, 25.800750270479]]}, "properties": {"OBJECTID": 220, "id": null, "name": null, "size": 4, "continent": "Westeros", "S2": null, "type": null, "Shape__Length": 470652.55308852706}}, {"type": "Feature", "id": 221, "geometry": {"type": "LineString", "coordinates": [[-58.2276908222407, 25.3230884006069], [-58.4647145870098, 25.0786031888307], [-58.6263368013389, 24.932130173135], [-58.7023943141757, 24.8113744455422], [-58.7309158819387, 24.578156181023], [-58.7879590165663, 24.3098508176579], [-58.845002151194, 24.1190952389676], [-59.0066243655231, 23.8063362797301], [-59.1112034461229, 23.6496731927699], [-59.3488831732889, 23.3706979092454], [-59.5485341449347, 23.1348547597778], [-59.6150844682178, 22.8197514550364], [-59.7576923052361, 22.3808972278294], [-59.8622713849376, 22.1257241723789], [-60.0143864106112, 21.8524412049149], [-60.0809367347926, 21.6405073282114], [-60.1858365651529, 21.442532160518]]}, "properties": {"OBJECTID": 221, "id": null, "name": null, "size": 4, "continent": "Westeros", "S2": null, "type": null, "Shape__Length": 529139.9167971093}}, {"type": "Feature", "id": 222, "geometry": {"type": "LineString", "coordinates": [[-55.6217401155606, 22.5995056502124], [-55.926295095631, 22.3896879910634], [-56.19249639056, 22.2225686716902], [-56.5347551983258, 22.1433372235626], [-57.2287800034111, 21.9671078045745], [-57.7136466472968, 21.8612649870931]]}, "properties": {"OBJECTID": 222, "id": null, "name": null, "size": 4, "continent": "Westeros", "S2": null, "type": null, "Shape__Length": 252929.7679529711}}, {"type": "Feature", "id": 223, "geometry": {"type": "LineString", "coordinates": [[-57.7136466472968, 21.8612649870931], [-58.1414701574532, 21.7818313390086], [-58.7023943141757, 21.7111866833378], [-59.177753769406, 21.6405073282114], [-59.7291707374731, 21.5344234322217], [-60.1858365651529, 21.442532160518]]}, "properties": {"OBJECTID": 223, "id": null, "name": null, "size": 4, "continent": "Westeros", "S2": null, "type": null, "Shape__Length": 279865.670425317}}, {"type": "Feature", "id": 224, "geometry": {"type": "LineString", "coordinates": [[-57.7136466472968, 21.8612649870931], [-58.0844270228256, 21.4636577252334], [-58.3601355064099, 21.180251999461], [-58.483728965219, 21.0383446844784], [-58.5978152344742, 20.8252302288516], [-58.6738727473111, 20.6740913221066], [-58.7974662052218, 20.5673143126603], [-59.0161315550769, 20.4070088013136], [-59.1682465807505, 20.3089620240675]]}, "properties": {"OBJECTID": 224, "id": null, "name": null, "size": 4, "continent": "Westeros", "S2": null, "type": null, "Shape__Length": 249010.49992498074}}, {"type": "Feature", "id": 225, "geometry": {"type": "LineString", "coordinates": [[-60.1858365651529, 21.442532160518], [-59.8622713849376, 21.2865932394213], [-59.66262041419, 21.1713867702004], [-59.6150844682178, 20.9318253570691], [-59.5295197667255, 20.7096669994429], [-59.3298687950797, 20.5228018218602], [-59.1682465807505, 20.3089620240675]]}, "properties": {"OBJECTID": 225, "id": null, "name": null, "size": 4, "continent": "Westeros", "S2": null, "type": null, "Shape__Length": 186434.50163686337}}, {"type": "Feature", "id": 226, "geometry": {"type": "LineString", "coordinates": [[-59.177753769406, 20.3267933396767], [-58.9590884204492, 20.0233826466824], [-58.8069733947755, 19.8178011165218], [-58.6818141113409, 19.6261917745771]]}, "properties": {"OBJECTID": 226, "id": null, "name": null, "size": 4, "continent": "Westeros", "S2": null, "type": null, "Shape__Length": 99695.45504434066}}, {"type": "Feature", "id": 227, "geometry": {"type": "LineString", "coordinates": [[-67.6186053822197, 21.6640989455123], [-67.315907642948, 21.5609516893565], [-66.9736488351822, 21.4194116928611], [-66.6218828387609, 21.313166554473], [-66.3366671656228, 21.3662987580424], [-66.1084946271123, 21.4371117158425], [-65.7472214411373, 21.4990448821042], [-65.4524985784454, 21.5344234322217], [-65.1862972835164, 21.5521094761873], [-64.9961535014243, 21.4813523788003], [-64.7299522064954, 21.3574447282622], [-64.6158659372401, 21.3308794275801], [-64.1785352384283, 21.3308794275801], [-63.8933195652901, 21.3308794275801], [-63.5700751357335, 21.3840052125305], [-63.3038738408046, 21.454809592129], [-62.975762656144, 21.4573958719901]]}, "properties": {"OBJECTID": 227, "id": null, "name": null, "size": 4, "continent": "Westeros", "S2": null, "type": null, "Shape__Length": 534921.6201314946}}, {"type": "Feature", "id": 228, "geometry": {"type": "LineString", "coordinates": [[-63.4692918324679, 14.566127359196], [-63.2658450843862, 14.4967940140457], [-63.0471797354294, 14.3586836892688], [-62.885557520202, 14.2204880895722], [-62.7619640622913, 14.0360959418062], [-62.6739226902893, 13.9181180225158]]}, "properties": {"OBJECTID": 228, "id": null, "name": null, "size": 4, "continent": "Westeros", "S2": null, "type": null, "Shape__Length": 119020.30882909484}}, {"type": "Feature", "id": 229, "geometry": {"type": "LineString", "coordinates": [[-71.2661444583195, 8.39292843266134], [-70.9761754486701, 8.25546079933542], [-70.8430748012056, 8.13312920196739], [-70.7670172883688, 7.8318473305127], [-70.7289885319504, 7.60574237106804], [-70.519830371649, 7.49264497185554], [-70.1300356179111, 7.39837468592092], [-69.9147938401303, 7.29136332961696]]}, "properties": {"OBJECTID": 229, "id": null, "name": null, "size": 4, "continent": "Westeros", "S2": null, "type": null, "Shape__Length": 214659.9748191382}}, {"type": "Feature", "id": 230, "geometry": {"type": "LineString", "coordinates": [[-69.9147938401303, 7.29136332961696], [-69.6831977304438, 7.18147699242048], [-69.4835467587979, 7.07770653607116], [-69.2743885984966, 7.03996601998724], [-69.0476057043233, 6.92420241157459]]}, "properties": {"OBJECTID": 230, "id": null, "name": null, "size": 4, "continent": "Westeros", "S2": null, "type": null, "Shape__Length": 105720.94010766667}}, {"type": "Feature", "id": 231, "geometry": {"type": "LineString", "coordinates": [[-69.9147938401303, 7.29136332961696], [-70.0729924832835, 7.01165861676435], [-70.1965859420925, 6.78513803957878], [-70.2797374121005, 6.58431949041151]]}, "properties": {"OBJECTID": 231, "id": null, "name": null, "size": 4, "continent": "Westeros", "S2": null, "type": null, "Shape__Length": 89208.5011474104}}, {"type": "Feature", "id": 232, "geometry": {"type": "LineString", "coordinates": [[-70.2797374121005, 6.58431949041151], [-70.4722944256769, 6.58684496777662], [-70.7480029101596, 6.39792068521028], [-71.0046970155347, 6.28453244437211], [-71.3184342564359, 6.19947501842308], [-71.6511858746479, 6.06713626842051], [-71.9078799809214, 5.90639559348114], [-72.202602842715, 5.63208388962109], [-72.5163400836161, 5.47121983599211], [-72.6114119746622, 5.41443389163778]]}, "properties": {"OBJECTID": 232, "id": null, "name": null, "size": 4, "continent": "Westeros", "S2": null, "type": null, "Shape__Length": 296408.88384207507}}, {"type": "Feature", "id": 233, "geometry": {"type": "LineString", "coordinates": [[-72.1986226484396, 5.1030880238685], [-72.3927466248071, 5.23457680211147], [-72.6114119746622, 5.41443389163778]]}, "properties": {"OBJECTID": 233, "id": null, "name": null, "size": 4, "continent": "Westeros", "S2": null, "type": null, "Shape__Length": 57707.171562814256}}, {"type": "Feature", "id": 234, "geometry": {"type": "LineString", "coordinates": [[-72.6114119746622, 5.41443389163778], [-72.9346564042187, 5.39550405525752], [-73.314943968403, 5.36710819328311], [-73.4575518045229, 5.33871100999962], [-73.771289045424, 5.12095608154276], [-74.1135478531898, 4.84629016181327], [-74.2656628788635, 4.75155156239578], [-74.5130921224193, 4.66320471024317]]}, "properties": {"OBJECTID": 234, "id": null, "name": null, "size": 4, "continent": "Westeros", "S2": null, "type": null, "Shape__Length": 235409.3024279022}}, {"type": "Feature", "id": 235, "geometry": {"type": "LineString", "coordinates": [[-63.6463157638528, 9.16963104808022], [-63.6410442323733, 8.97886793807513]]}, "properties": {"OBJECTID": 235, "id": null, "name": null, "size": 4, "continent": "Westeros", "S2": null, "type": null, "Shape__Length": 21512.804856150215}}, {"type": "Feature", "id": 236, "geometry": {"type": "LineString", "coordinates": [[-63.6410442323733, 8.97886793807513], [-63.7221901614072, 8.72560906428058], [-63.7126829727518, 8.46239691229259], [-63.5794979186849, 8.20541643679002]]}, "properties": {"OBJECTID": 236, "id": null, "name": null, "size": 4, "continent": "Westeros", "S2": null, "type": null, "Shape__Length": 92072.61884597977}}, {"type": "Feature", "id": 237, "geometry": {"type": "LineString", "coordinates": [[-63.5890895139428, 8.18018426462915], [-63.6366254599149, 8.05782962525444], [-63.7412045396164, 7.92602172518892], [-63.7762427694197, 7.7871969193976]]}, "properties": {"OBJECTID": 237, "id": null, "name": null, "size": 4, "continent": "Westeros", "S2": null, "type": null, "Shape__Length": 49664.58868127069}}, {"type": "Feature", "id": 238, "geometry": {"type": "LineString", "coordinates": [[-63.6463157638528, 9.16963104808022], [-63.7768200645505, 9.16074565657396], [-63.959358095898, 9.1044256203123], [-64.2103478884392, 9.05936319972407], [-64.415703172919, 8.96922143162141], [-64.5411980687405, 8.90160040010252], [-64.8264137418786, 8.85651276206184], [-65.1230380424813, 8.86778519077901], [-65.3773909971905, 8.83085028163324]]}, "properties": {"OBJECTID": 238, "id": null, "name": "River Road", "size": 2, "continent": "Westeros", "S2": null, "type": null, "Shape__Length": 198995.6009241744}}, {"type": "Feature", "id": 239, "geometry": {"type": "LineString", "coordinates": [[-63.7762427694197, 7.7871969193976], [-63.9788842676807, 7.57747079787541], [-64.0391906197145, 7.4142345427162]]}, "properties": {"OBJECTID": 239, "id": null, "name": null, "size": 4, "continent": "Westeros", "S2": null, "type": null, "Shape__Length": 52135.42277254199}}, {"type": "Feature", "id": 240, "geometry": {"type": "LineString", "coordinates": [[-64.0391906197145, 7.4142345427162], [-64.3211430754465, 7.37008966009645], [-64.6443875050031, 7.28522377414735], [-64.910588799932, 7.23806910220976], [-65.053196636052, 7.11544396581088], [-65.1577757166518, 7.03053041016857], [-65.3384123091901, 6.98334949423863], [-65.5000345244175, 6.99278605882924]]}, "properties": {"OBJECTID": 240, "id": null, "name": null, "size": 4, "continent": "Westeros", "S2": null, "type": null, "Shape__Length": 173965.3860282707}}, {"type": "Feature", "id": 241, "geometry": {"type": "LineString", "coordinates": [[-64.7824761522872, 7.91827409212278], [-65.0341822578427, 7.61516581461892], [-65.2528476076978, 7.43608523168843], [-65.3954554438177, 7.27579323526124], [-65.4524985784454, 7.0965756377415], [-65.5000345244175, 6.99278605882924]]}, "properties": {"OBJECTID": 241, "id": null, "name": null, "size": 4, "continent": "Westeros", "S2": null, "type": null, "Shape__Length": 133542.33899955606}}, {"type": "Feature", "id": 242, "geometry": {"type": "LineString", "coordinates": [[-65.5000345244175, 6.99278605882924], [-65.6046136041191, 6.83233873398817], [-65.7585601536216, 6.65020710136467]]}, "properties": {"OBJECTID": 242, "id": null, "name": null, "size": 4, "continent": "Westeros", "S2": null, "type": null, "Shape__Length": 48084.80418278239}}, {"type": "Feature", "id": 243, "geometry": {"type": "LineString", "coordinates": [[-65.7585601536216, 6.65020710136467], [-65.5855992259098, 6.49239168803521], [-65.5285560912822, 6.36957596581536], [-65.6521495500912, 6.21837786059899], [-65.8327861426296, 6.04822806358225], [-65.9088436554664, 5.9914994901671], [-66.4602606235335, 5.9914994901671], [-66.5743468927888, 5.934765021177], [-66.688433162044, 5.94422117353568], [-66.9238248828763, 6.09073160839594]]}, "properties": {"OBJECTID": 243, "id": null, "name": null, "size": 4, "continent": "Westeros", "S2": null, "type": null, "Shape__Length": 220635.70651917154}}, {"type": "Feature", "id": 244, "geometry": {"type": "LineString", "coordinates": [[-66.9940528577286, 7.42225146426258], [-66.812026620853, 7.15317829308927], [-66.8215338095085, 6.94560133285036], [-66.8880841336899, 6.6057334746589], [-66.8690697554807, 6.39792068521028], [-66.9238248828763, 6.09073160839594]]}, "properties": {"OBJECTID": 244, "id": null, "name": null, "size": 4, "continent": "Westeros", "S2": null, "type": null, "Shape__Length": 156802.13060927537}}, {"type": "Feature", "id": 245, "geometry": {"type": "LineString", "coordinates": [[-62.5218711027427, 3.4252194925136], [-62.6573849816915, 3.5757923955317], [-62.8285143855744, 3.68964941313722], [-62.8380215751281, 3.85092177556567], [-62.8380215751281, 4.05009826151771], [-62.980629411248, 4.17337358032348], [-63.1042228700571, 4.33455048200265], [-63.2088019497586, 4.47673690221352], [-63.3609169754322, 4.57151255824242], [-63.4845104342413, 4.65679994028219], [-63.5320463793151, 4.78944857929328], [-63.5628551314533, 5.01678737992949]]}, "properties": {"OBJECTID": 245, "id": null, "name": null, "size": 4, "continent": "Westeros", "S2": null, "type": null, "Shape__Length": 227126.1515448182}}, {"type": "Feature", "id": 246, "geometry": {"type": "LineString", "coordinates": [[-63.5628551314533, 5.01678737992949], [-63.4845104342413, 5.32924498901424], [-63.4750032446875, 5.56585107115086], [-63.4654960560321, 5.75506760072529], [-63.4654960560321, 5.84965238430262], [-63.5700751357335, 5.96313298962744], [-63.8647979984255, 6.07659012270958], [-64.2260711844005, 6.24673084963842], [-64.6158659372401, 6.41681629145477], [-64.9486175563504, 6.61517745737469], [-65.243340418144, 6.69072280256089], [-65.7585601536216, 6.65020710136467]]}, "properties": {"OBJECTID": 246, "id": null, "name": null, "size": 4, "continent": "Westeros", "S2": null, "type": null, "Shape__Length": 373166.8242435364}}, {"type": "Feature", "id": 247, "geometry": {"type": "LineString", "coordinates": [[-62.2594726836352, 3.53909511241109], [-61.8587810969046, 3.26261403258602], [-61.6211013697387, 3.02529220993943], [-61.6401157479479, 2.62647664107626], [-61.6876516930217, 2.14203119306741], [-61.6401157479479, 1.93300538714126], [-61.468986344065, 1.72395384139993], [-61.4024360198836, 1.59090890983934], [-61.4024360198836, 1.3818212419729], [-61.3644072634652, 1.22024074730127], [-61.1772190284893, 0.947773074939863]]}, "properties": {"OBJECTID": 247, "id": null, "name": null, "size": 4, "continent": "Westeros", "S2": null, "type": null, "Shape__Length": 339472.0932783321}}, {"type": "Feature", "id": 248, "geometry": {"type": "LineString", "coordinates": [[-61.1772190284893, 0.947773074939863], [-61.0031340774902, 0.659394288170231], [-60.9270765646533, 0.4597529399753], [-60.9651053210717, 0.298134313204252], [-61.0411628339086, 0.117498983679596], [-60.984119699281, -0.0346159575301358], [-60.8795406195795, -0.205744921345844], [-60.7991684373476, -0.326174997904595]]}, "properties": {"OBJECTID": 248, "id": null, "name": null, "size": 4, "continent": "Westeros", "S2": null, "type": null, "Shape__Length": 158113.1289505974}}, {"type": "Feature", "id": 249, "geometry": {"type": "LineString", "coordinates": [[-60.8129902953981, -0.300815872562796], [-60.8510190518165, -0.433913754208851], [-61.0316556452531, -0.643062560991801], [-61.0601772121178, -0.890227158503365], [-61.2122922377915, -1.05182611000178], [-61.3263785070468, -1.22292173382836], [-61.4879026433132, -1.36936878484038]]}, "properties": {"OBJECTID": 249, "id": null, "name": null, "size": 4, "continent": "Westeros", "S2": null, "type": null, "Shape__Length": 145749.62145732073}}, {"type": "Feature", "id": 250, "geometry": {"type": "LineString", "coordinates": [[-61.4879026433132, -1.36936878484038], [-61.7827235840678, -1.27044642520585], [-62.0108961225783, -1.17539620003042], [-62.2675902288518, -1.08034273950755], [-62.55280590199, -0.909239192259315], [-62.7429496840821, -0.833190477439391], [-62.8983557920037, -0.73686701588352]]}, "properties": {"OBJECTID": 250, "id": null, "name": null, "size": 4, "continent": "Westeros", "S2": null, "type": null, "Shape__Length": 172784.81284233058}}, {"type": "Feature", "id": 251, "geometry": {"type": "LineString", "coordinates": [[-64.2481193008849, -0.878041634924435], [-64.330650264102, -1.13737518941932], [-64.3496646423112, -1.27995126016145], [-64.4827652897756, -1.4130151251971], [-64.5873443703755, -1.54607136795448], [-64.6443875050031, -1.71713132599131], [-64.7014306396307, -1.84066519542039], [-64.815516908886, -1.96419050679099], [-65.0093559037128, -2.09583651484264]]}, "properties": {"OBJECTID": 251, "id": null, "name": null, "size": 4, "continent": "Westeros", "S2": null, "type": null, "Shape__Length": 166159.01848107876}}, {"type": "Feature", "id": 252, "geometry": {"type": "LineString", "coordinates": [[-64.9961535014243, -2.08770668479594], [-65.2148188512794, -2.23971321232496], [-65.3859482551623, -2.3632069532204], [-65.4905273348638, -2.50568604517243], [-65.7662358193465, -2.71462709030345], [-66.1180018157677, -2.82857988545078], [-66.2511024632322, -2.93302678991529], [-66.3072623221702, -3.19824759766417]]}, "properties": {"OBJECTID": 252, "id": null, "name": null, "size": 4, "continent": "Westeros", "S2": null, "type": null, "Shape__Length": 201591.13326902923}}, {"type": "Feature", "id": 253, "geometry": {"type": "LineString", "coordinates": [[-66.3072623221702, -3.19824759766417], [-66.6028684605517, -3.17036929409701], [-66.9261128901083, -3.06594506009426], [-67.1067494826466, -3.04695773020322], [-67.3729507775756, -3.08493205296664], [-67.5726017492215, -3.0754385983392], [-67.772252719969, -2.98999373921141], [-67.986603400429, -2.9260709546346]]}, "properties": {"OBJECTID": 253, "id": null, "name": null, "size": 4, "continent": "Westeros", "S2": null, "type": null, "Shape__Length": 192359.5844428357}}, {"type": "Feature", "id": 254, "geometry": {"type": "LineString", "coordinates": [[-66.8571493344426, 3.09490518788332], [-67.049706348019, 2.90186406877216], [-67.2303429414557, 2.71194850058935], [-67.3634435889201, 2.55049673796449], [-67.6486592620583, 2.55999447359791], [-67.8197886659412, 2.56949213973728], [-67.9814108802703, 2.46501398814157], [-68.2367295634359, 2.33386306142608]]}, "properties": {"OBJECTID": 254, "id": null, "name": null, "size": 4, "continent": "Westeros", "S2": null, "type": null, "Shape__Length": 187111.1106287171}}, {"type": "Feature", "id": 255, "geometry": {"type": "LineString", "coordinates": [[-68.2367295634359, 2.33386306142608], [-68.5803637943096, 2.37952574852554], [-68.9321297907308, 2.4365185092652], [-69.1983310856598, 2.55049673796449], [-69.5596042716348, 2.55999447359791], [-69.7782696214898, 2.55999447359791], [-70.063485294628, 2.39852359998275], [-70.3487009677662, 2.2845326064854], [-70.5958878844859, 2.2180336524649], [-70.8525819898611, 2.11352929185063], [-71.1643617972665, 1.9486051732375]]}, "properties": {"OBJECTID": 255, "id": null, "name": null, "size": 4, "continent": "Westeros", "S2": null, "type": null, "Shape__Length": 344383.08421415166}}, {"type": "Feature", "id": 256, "geometry": {"type": "LineString", "coordinates": [[-71.1643617972665, 1.9486051732375], [-71.4895636603188, 1.96151048424186], [-71.6892146310663, 2.00901789543753], [-71.8318224680846, 2.12302998377792], [-71.9744303042045, 2.16103216666757], [-72.2121100322688, 2.15153170990794], [-72.3547178683887, 2.25603342629611], [-72.5163400836161, 2.3320299787777], [-72.6779622979452, 2.31303122026949], [-72.8395845131727, 2.24653357571316], [-73.0063992476605, 2.22879335921679]]}, "properties": {"OBJECTID": 256, "id": null, "name": null, "size": 4, "continent": "Westeros", "S2": null, "type": null, "Shape__Length": 218133.58897473858}}, {"type": "Feature", "id": 257, "geometry": {"type": "LineString", "coordinates": [[-71.1643617972665, 1.9486051732375], [-71.2518839322545, 1.72395384139993], [-71.3089270668821, 1.55289446480293], [-71.3754773910635, 1.43884709398489], [-71.4610420925558, 1.3628123175963], [-71.480056470765, 1.14419943009732], [-71.4895636603188, 0.992110882501688], [-71.6131571182295, 0.954087611327578], [-71.7272433874847, 0.92556988080652], [-71.7652721439032, 0.859027631509709], [-71.7557649552477, 0.478766680375583], [-71.7557649552477, 0.279120176339648], [-71.8128080898753, 0.136513315086555], [-71.9934446824137, -0.082151877459633], [-72.0409806283859, -0.215252046727237], [-72.0409806283859, -0.452927562905782], [-72.0695021952505, -0.652569142854019], [-72.2216172209242, -0.833190477439391], [-72.3737322465979, -1.0613316821735], [-72.4783113271977, -1.24193171337189], [-72.5684248134211, -1.58387724645434]]}, "properties": {"OBJECTID": 257, "id": null, "name": null, "size": 4, "continent": "Westeros", "S2": null, "type": null, "Shape__Length": 449108.70677135844}}, {"type": "Feature", "id": 258, "geometry": {"type": "LineString", "coordinates": [[-67.2906771583313, -1.75198204284294], [-67.5440801814585, -1.62209980845454], [-67.7912670981782, -1.57458235898701], [-68.1810618519162, -1.59358947041837], [-68.3902200122175, -1.56507873859216], [-68.6580860264034, -1.53198803777452]]}, "properties": {"OBJECTID": 258, "id": null, "name": null, "size": 4, "continent": "Westeros", "S2": null, "type": null, "Shape__Length": 156709.73916956058}}, {"type": "Feature", "id": 259, "geometry": {"type": "LineString", "coordinates": [[-68.6580860264034, -1.53198803777452], [-68.95114416894, -1.49855220089649], [-69.3219245444688, -1.4795442437343], [-69.7117192973084, -1.40351080724502], [-70.1520301768383, -1.39755030905904], [-70.5008159934398, -1.31797024327725], [-70.786031666578, -1.34648410018907], [-71.1853336089714, -1.4795442437343], [-71.5370996053926, -1.52706382712539], [-71.869851224503, -1.54607136795448], [-72.1455597080874, -1.56507873859216], [-72.5684248134211, -1.58387724645434]]}, "properties": {"OBJECTID": 259, "id": null, "name": null, "size": 4, "continent": "Westeros", "S2": null, "type": null, "Shape__Length": 440482.66484984197}}, {"type": "Feature", "id": 260, "geometry": {"type": "LineString", "coordinates": [[-68.6450461194684, -4.37579487727426], [-68.4187415790822, -4.61209224351179], [-68.3141624993807, -4.82054208011668], [-68.2761337429622, -5.02892798057605], [-68.162047473707, -5.23724720886215], [-68.0479612044517, -5.44549703334871], [-67.9623965020611, -5.65367472698743], [-67.895846178778, -5.83340441499041], [-67.8197886659412, -5.94688834461452], [-67.8074685332292, -6.15506975114604]]}, "properties": {"OBJECTID": 260, "id": null, "name": null, "size": 4, "continent": "Westeros", "S2": null, "type": null, "Shape__Length": 224415.42901364577}}, {"type": "Feature", "id": 261, "geometry": {"type": "LineString", "coordinates": [[-67.8074685332292, -6.15506975114604], [-68.1050043390793, -6.1643334014488], [-68.4377559572914, -6.13597598952111], [-68.7039572522203, -6.09816376037015], [-68.856072277894, -6.04144042260174], [-69.245867031632, -6.05089472604495], [-69.5025611370071, -6.05089472604495], [-69.7307336755177, -6.01307652083851], [-69.9032527237378, -6.00804085721814]]}, "properties": {"OBJECTID": 261, "id": null, "name": null, "size": 4, "continent": "Westeros", "S2": null, "type": null, "Shape__Length": 235277.5560085721}}, {"type": "Feature", "id": 262, "geometry": {"type": "LineString", "coordinates": [[-59.6962710630863, 8.13136017994367], [-59.301347228215, 8.07665583808271], [-59.0921890679137, 7.98251603605735], [-58.7594374488034, 7.94485402663055], [-58.6453511795481, 7.91660525071394], [-58.5312649102928, 7.69996745652346], [-58.4076714523821, 7.4455123621898], [-58.2460492371547, 7.33237348440541], [-58.0463982664071, 7.22863757582707], [-57.8657616729705, 7.20034181436278], [-57.6756178908784, 7.14374500256088], [-57.4284309741587, 7.04940143702557], [-57.2097656252019, 6.9550386574336], [-56.9145729013956, 6.90979644296059]]}, "properties": {"OBJECTID": 262, "id": null, "name": null, "size": 4, "continent": "Westeros", "S2": null, "type": null, "Shape__Length": 358353.8584975967}}, {"type": "Feature", "id": 263, "geometry": {"type": "LineString", "coordinates": [[-56.9145729013956, 6.90979644296059], [-56.7058846022087, 6.64350832315239], [-56.553769576535, 6.41681629145477], [-56.4872192532519, 6.1522149540231], [-56.4301761186243, 5.72668908443982], [-56.3446114162337, 5.36710819328311], [-56.287568281606, 5.13042525284482], [-56.2495395251876, 4.79892250557289], [-56.2278575629113, 4.55727415249187]]}, "properties": {"OBJECTID": 263, "id": null, "name": null, "size": 4, "continent": "Westeros", "S2": null, "type": null, "Shape__Length": 279864.7007621565}}, {"type": "Feature", "id": 264, "geometry": {"type": "LineString", "coordinates": [[-56.9145729013956, 6.90979644296059], [-57.1717368687835, 6.62462126045917], [-57.3523734613218, 6.41681629145477], [-57.399909407294, 6.27508230208179], [-57.4569525419216, 6.18057149879454], [-57.6566035126692, 6.07659012270958], [-57.8182257278966, 5.934765021177], [-57.9257220056349, 5.81569360326709]]}, "properties": {"OBJECTID": 264, "id": null, "name": null, "size": 4, "continent": "Westeros", "S2": null, "type": null, "Shape__Length": 169746.3704728235}}, {"type": "Feature", "id": 265, "geometry": {"type": "LineString", "coordinates": [[-59.0573879547178, 5.76464065862199], [-58.7594374488034, 5.75506760072529], [-58.5217577216374, 5.85910998673189], [-58.3696426959637, 5.92530870747413], [-58.2080204807363, 5.90639559348114], [-58.0654126446163, 5.86856742985616], [-57.9257220056349, 5.81569360326709]]}, "properties": {"OBJECTID": 265, "id": null, "name": null, "size": 4, "continent": "Westeros", "S2": null, "type": null, "Shape__Length": 131757.7537633462}}, {"type": "Feature", "id": 266, "geometry": {"type": "LineString", "coordinates": [[-57.9257220056349, 5.81569360326709], [-57.856254484315, 5.64154510709358], [-57.7897041601336, 5.48068363705241], [-57.7897041601336, 5.35764261239015], [-57.7136466472968, 5.18723731841236], [-57.5425172434139, 5.08307799821623], [-57.4379381637124, 4.92207149216471], [-57.3323349991971, 4.80896634563981]]}, "properties": {"OBJECTID": 266, "id": null, "name": null, "size": 4, "continent": "Westeros", "S2": null, "type": null, "Shape__Length": 136038.67850252334}}, {"type": "Feature", "id": 267, "geometry": {"type": "LineString", "coordinates": [[-56.8209733410153, 2.89535247586967], [-56.7153917917624, 3.17718441861702], [-56.3541186057874, 3.81297803857855], [-56.2590467147414, 4.19233731075033], [-56.2278575629113, 4.55727415249187]]}, "properties": {"OBJECTID": 267, "id": null, "name": null, "size": 4, "continent": "Westeros", "S2": null, "type": null, "Shape__Length": 199590.63878613856}}, {"type": "Feature", "id": 268, "geometry": {"type": "LineString", "coordinates": [[-56.2278575629113, 4.55727415249187], [-56.6678558457902, 4.59994282317985], [-57.0956793559466, 4.71365246186491], [-57.3323349991971, 4.80896634563981]]}, "properties": {"OBJECTID": 268, "id": null, "name": null, "size": 4, "continent": "Westeros", "S2": null, "type": null, "Shape__Length": 126915.51596781198}}, {"type": "Feature", "id": 269, "geometry": {"type": "LineString", "coordinates": [[-57.3323349991971, 4.80896634563981], [-57.5139956765492, 4.62837195224739], [-57.6566035126692, 4.44830180033474], [-57.7801969714782, 4.16389154367746], [-57.8480735009714, 4.01417453008633]]}, "properties": {"OBJECTID": 269, "id": null, "name": null, "size": 4, "continent": "Westeros", "S2": null, "type": null, "Shape__Length": 107123.65976789632}}, {"type": "Feature", "id": 270, "geometry": {"type": "LineString", "coordinates": [[-54.7935700885237, -0.893099073203021], [-54.9755761851705, -1.1088591022659], [-55.1563240160905, -1.47340597492702]]}, "properties": {"OBJECTID": 270, "id": null, "name": null, "size": 4, "continent": "Westeros", "S2": null, "type": null, "Shape__Length": 76730.13988388395}}, {"type": "Feature", "id": 271, "geometry": {"type": "LineString", "coordinates": [[-58.0843007798837, -0.789670660947412], [-57.8277329165521, -0.890227158503365], [-57.5710388111769, -1.08984822414684], [-57.2573015702757, -1.39400645156307], [-56.9340571407192, -1.64110647742487], [-56.648841467581, -1.77414798522741], [-56.3612125629585, -1.90021883152049]]}, "properties": {"OBJECTID": 271, "id": null, "name": null, "size": 4, "continent": "Westeros", "S2": null, "type": null, "Shape__Length": 230824.3704631397}}, {"type": "Feature", "id": 272, "geometry": {"type": "LineString", "coordinates": [[-55.7907812166823, -2.0712454062832], [-55.6220650442837, -2.27771242177559], [-55.5460075314468, -2.45819469394526], [-55.5174859645822, -2.61016091008862], [-55.5269931532376, -2.71462709030345]]}, "properties": {"OBJECTID": 272, "id": null, "name": null, "size": 4, "continent": "Westeros", "S2": null, "type": null, "Shape__Length": 80430.70956780727}}, {"type": "Feature", "id": 273, "geometry": {"type": "LineString", "coordinates": [[-54.5849545429933, -2.61204812188404], [-54.9850833747243, -2.58166861140558], [-55.1942415350256, -2.60066354831501], [-55.3938925057732, -2.65764663455056], [-55.5269931532376, -2.71462709030345]]}, "properties": {"OBJECTID": 273, "id": null, "name": null, "size": 4, "continent": "Westeros", "S2": null, "type": null, "Shape__Length": 107284.47292629442}}, {"type": "Feature", "id": 274, "geometry": {"type": "LineString", "coordinates": [[-55.5269931532376, -2.71462709030345], [-55.6410794224929, -2.94252148407054], [-55.6220650442837, -3.17036929409701], [-55.565021909656, -3.30325757504494], [-55.528533476489, -3.59832450689387]]}, "properties": {"OBJECTID": 274, "id": null, "name": null, "size": 4, "continent": "Westeros", "S2": null, "type": null, "Shape__Length": 103162.44468082592}}, {"type": "Feature", "id": 275, "geometry": {"type": "LineString", "coordinates": [[-57.000095671327, -2.43603847692715], [-56.8675068174361, -2.84757094156516], [-56.7724349263901, -3.10391870674122], [-56.7344061699716, -3.29376613685158], [-56.7819421150455, -3.5215350924412], [-56.8579996278823, -3.75873512986614], [-57.010114653556, -3.98638653939045], [-57.0481434099744, -4.10967163634577], [-57.0576505995282, -4.39410202766471], [-57.0861721663929, -4.57418561809596], [-57.1812440574389, -4.76369835023669], [-57.2002584356481, -4.9436871068495], [-57.1799192624821, -5.38952954144118]]}, "properties": {"OBJECTID": 275, "id": null, "name": null, "size": 4, "continent": "Westeros", "S2": null, "type": null, "Shape__Length": 344777.06996659853}}, {"type": "Feature", "id": 276, "geometry": {"type": "LineString", "coordinates": [[-51.175546435793, -4.21450161312438], [-51.4484090278112, -4.28982310852088], [-51.6385528099033, -4.35618408995461], [-51.7716534573678, -4.49836636416195], [-51.9237684830414, -4.64052088631876], [-52.0568691305059, -4.73527471975299], [-52.2945488576719, -4.81106845433453], [-52.484692639764, -4.87738105439135], [-52.7033579896191, -4.96263047801743], [-52.941037716785, -5.08574904269038], [-53.1977318230585, -5.28458290725226], [-53.3878756051506, -5.45496124165474], [-53.5970337654519, -5.59690630136212], [-53.7301344129164, -5.67259630100542], [-54.053378842473, -5.81448818174409], [-54.2961453266477, -5.9304231605634]]}, "properties": {"OBJECTID": 276, "id": null, "name": null, "size": 4, "continent": "Westeros", "S2": null, "type": null, "Shape__Length": 402474.23272620613}}, {"type": "Feature", "id": 277, "geometry": {"type": "LineString", "coordinates": [[-60.7354796156553, -5.32687337676693], [-61.0354678662485, -5.25902207678716], [-61.2180058975959, -5.30446282325454], [-61.3798591217852, -5.42004205625159]]}, "properties": {"OBJECTID": 277, "id": null, "name": null, "size": 4, "continent": "Westeros", "S2": null, "type": null, "Shape__Length": 77363.27210619173}}, {"type": "Feature", "id": 278, "geometry": {"type": "LineString", "coordinates": [[-61.3798591217852, -5.42004205625159], [-61.5488560778972, -5.59974485370953], [-61.6287164665556, -5.75868159560565], [-61.674350974617, -5.99700298610557], [-61.6629423471525, -6.40530951544897]]}, "properties": {"OBJECTID": 278, "id": null, "name": null, "size": 4, "continent": "Westeros", "S2": null, "type": null, "Shape__Length": 120294.44103677661}}, {"type": "Feature", "id": 279, "geometry": {"type": "LineString", "coordinates": [[-60.7354796156553, -6.28027482596356], [-61.0468764937131, -6.28058287043529], [-61.3206835393867, -6.30326268265157], [-61.6629423471525, -6.40530951544897]]}, "properties": {"OBJECTID": 279, "id": null, "name": null, "size": 4, "continent": "Westeros", "S2": null, "type": null, "Shape__Length": 105027.91777540419}}, {"type": "Feature", "id": 280, "geometry": {"type": "LineString", "coordinates": [[-61.6629423471525, -6.40530951544897], [-61.9937925283521, -6.4960006951211], [-62.4159117247762, -6.65467080120564], [-62.7307397728588, -6.7553483482743]]}, "properties": {"OBJECTID": 280, "id": null, "name": null, "size": 4, "continent": "Westeros", "S2": null, "type": null, "Shape__Length": 125265.61600541243}}, {"type": "Feature", "id": 281, "geometry": {"type": "LineString", "coordinates": [[-62.7307397728588, -6.7553483482743], [-63.0547948322463, -6.69999575587085], [-63.3856450134459, -6.7226566560387], [-63.6252261785226, -6.77930427660974], [-63.841990090467, -6.813289656856], [-64.3667869286818, -6.75664602399892], [-64.7184531070036, -6.76675868003238]]}, "properties": {"OBJECTID": 281, "id": null, "name": null, "size": 4, "continent": "Westeros", "S2": null, "type": null, "Shape__Length": 223293.38847007244}}, {"type": "Feature", "id": 282, "geometry": {"type": "LineString", "coordinates": [[-64.2402905047434, -7.85408260234534], [-64.4216699474278, -7.84851045545852], [-64.5294969695824, -7.88411458217514], [-64.6700569154508, -8.00117683914124]]}, "properties": {"OBJECTID": 282, "id": null, "name": null, "size": 4, "continent": "Westeros", "S2": null, "type": null, "Shape__Length": 53297.16589636072}}, {"type": "Feature", "id": 283, "geometry": {"type": "LineString", "coordinates": [[-60.2018454903402, -6.86536326014654], [-60.453627893406, -6.84727262875608], [-60.6133486698244, -6.84727262875608], [-60.807295327738, -6.69999575587085], [-60.895200392972, -6.5523665169283]]}, "properties": {"OBJECTID": 283, "id": null, "name": null, "size": 4, "continent": "Westeros", "S2": null, "type": null, "Shape__Length": 92282.68559699737}}, {"type": "Feature", "id": 284, "geometry": {"type": "LineString", "coordinates": [[-67.6557928340352, -10.1433436039783], [-67.305449734888, -10.1303432507821], [-66.8947391659284, -10.1640337838398], [-66.6437493733871, -10.1640337838398], [-66.4954372235349, -10.2201767753507], [-66.3471250736828, -10.3099849131286]]}, "properties": {"OBJECTID": 284, "id": null, "name": null, "size": 4, "continent": "Westeros", "S2": null, "type": null, "Shape__Length": 149921.17355435813}}, {"type": "Feature", "id": 285, "geometry": {"type": "LineString", "coordinates": [[-66.3471250736828, -10.3099849131286], [-66.3014905656214, -10.4670874262102], [-66.2444474309937, -10.6577477187287], [-66.2444474309937, -10.8146725721598], [-66.2672646850244, -11.0163123647717], [-66.3357164462183, -11.184240169802], [-66.3014905656214, -11.3520707179842], [-66.1874042963661, -11.5533370498331], [-66.0505007730801, -11.7209487712374], [-65.8451454886003, -11.8772946784955], [-65.6544475187414, -12.1536457386159]]}, "properties": {"OBJECTID": 285, "id": null, "name": null, "size": 4, "continent": "Westeros", "S2": null, "type": null, "Shape__Length": 239174.98699429227}}, {"type": "Feature", "id": 286, "geometry": {"type": "LineString", "coordinates": [[-64.5754239493374, -9.24161372784689], [-64.818369065303, -9.53457048556267], [-65.0807674844104, -9.79324508377854], [-65.2975313963547, -9.92812610733782], [-65.5257039348652, -9.93936369456902], [-65.7881023539727, -10.1078809277716], [-65.9706403853201, -10.2089489690713], [-66.1531784157692, -10.2763098501404], [-66.3471250736828, -10.3099849131286]]}, "properties": {"OBJECTID": 286, "id": null, "name": null, "size": 4, "continent": "Westeros", "S2": null, "type": null, "Shape__Length": 239801.91709070187}}, {"type": "Feature", "id": 287, "geometry": {"type": "LineString", "coordinates": [[-63.9843010989625, -9.30619851483828], [-63.9627220458885, -9.56832189249514], [-63.9855392999192, -9.77075956275007], [-63.9969479264854, -9.90564977501441], [-63.9170875387254, -9.99554583085493], [-63.734549507378, -10.0854170347851], [-63.380882073046, -10.1528040004743], [-63.1184836539386, -10.2201767753507], [-62.9245369960249, -10.175263173507], [-62.6621385769175, -9.96183771084494], [-62.3426970222841, -9.95060089646758], [-61.9662123339214, -9.95060089646758], [-61.7608570494416, -9.92812610733782], [-61.566910391528, -9.8606924942004], [-61.3045119724205, -9.65830923027987], [-61.110565314507, -9.5008157388526], [-60.8672819666672, -9.40970117820261]]}, "properties": {"OBJECTID": 287, "id": null, "name": null, "size": 4, "continent": "Westeros", "S2": null, "type": null, "Shape__Length": 451963.5363889346}}, {"type": "Feature", "id": 288, "geometry": {"type": "LineString", "coordinates": [[-65.6544475187414, -12.1536457386159], [-65.3089400229209, -12.0893347623108], [-64.784143184706, -12.0558658434504], [-64.430475750374, -12.0781789209967], [-63.9627220458885, -11.9665950061744], [-63.6204632381227, -11.8884588255227], [-63.2896130578214, -11.8326335217177]]}, "properties": {"OBJECTID": 288, "id": null, "name": null, "size": 4, "continent": "Westeros", "S2": null, "type": null, "Shape__Length": 267242.1720056779}}, {"type": "Feature", "id": 289, "geometry": {"type": "LineString", "coordinates": [[-63.2896130578214, -11.8326335217177], [-63.0043973846833, -11.7656281159092], [-62.6279126954223, -11.7767968200516], [-62.2400193804934, -11.7432893493489], [-61.8635346921307, -11.6762621960005], [-61.4756413763035, -11.6762621960005], [-61.1447911951039, -11.6986063857041], [-60.8938014034609, -11.6986063857041], [-60.6085857303228, -11.7097778037555]]}, "properties": {"OBJECTID": 289, "id": null, "name": null, "size": 4, "continent": "Westeros", "S2": null, "type": null, "Shape__Length": 300339.1669160253}}, {"type": "Feature", "id": 290, "geometry": {"type": "LineString", "coordinates": [[-60.8672819666672, -9.40970117820261], [-60.7454892527105, -9.66955596173761], [-60.6770374915166, -9.8606924942004], [-60.6998547455473, -9.96183771084494], [-60.7797151342057, -10.1303432507821], [-60.8139410148026, -10.197720765656], [-60.756897880175, -10.366102012781], [-60.6428116109197, -10.5343927910589], [-60.5971771028583, -10.6353232497292], [-60.6085857303228, -10.725011202511], [-60.6884461180828, -10.9155095749306], [-60.7683065067412, -11.0834950685778], [-60.8025323873381, -11.184240169802], [-60.8025323873381, -11.2849502576002], [-60.6884461180828, -11.5198026264711], [-60.6085857303228, -11.7097778037555]]}, "properties": {"OBJECTID": 290, "id": null, "name": null, "size": 4, "continent": "Westeros", "S2": null, "type": null, "Shape__Length": 282920.69026249246}}, {"type": "Feature", "id": 291, "geometry": {"type": "LineString", "coordinates": [[-60.6085857303228, -11.7097778037555], [-60.483090833603, -12.0000750369673], [-60.346187310317, -12.1674126054536], [-60.2435096685263, -12.2231684601435], [-60.0153371300158, -12.2343182221796], [-59.6616696947855, -12.1897163544455], [-59.4449057837395, -12.1339534731099], [-59.2851850064228, -12.1004901384069], [-59.0785103995228, -12.1948037152066]]}, "properties": {"OBJECTID": 291, "id": null, "name": null, "size": 4, "continent": "Westeros", "S2": null, "type": null, "Shape__Length": 206978.6359936199}}, {"type": "Feature", "id": 292, "geometry": {"type": "LineString", "coordinates": [[-59.0785103995228, -12.1948037152066], [-58.5778501368605, -12.2566163353593], [-58.2584085831254, -12.3346448652357], [-58.0188274180487, -12.3346448652357], [-57.7792462520737, -12.2677646848205], [-57.4255788177417, -12.2120182271758], [-57.1517717711697, -12.2008675254349], [-56.8779647254961, -12.1897163544455], [-56.7068353216132, -12.1562600282566], [-56.4672541556382, -12.1339534731099]]}, "properties": {"OBJECTID": 292, "id": null, "name": null, "size": 4, "continent": "Westeros", "S2": null, "type": null, "Shape__Length": 294347.9468039984}}, {"type": "Feature", "id": 293, "geometry": {"type": "LineString", "coordinates": [[-60.8672819666672, -9.40970117820261], [-60.3918218183785, -9.34324976178514], [-59.9240681147912, -9.41078683858471], [-59.3080022604535, -9.59082096969319], [-58.8744744374632, -9.68080231616925], [-58.6463018989526, -9.72578396584843], [-58.4181293604421, -9.68080231616925], [-58.2698172105899, -9.64706212398799], [-58.0758705526763, -9.65830923027987], [-57.5967082216246, -9.82697050809651], [-57.0906438720794, -10.0003780806538]]}, "properties": {"OBJECTID": 293, "id": null, "name": null, "size": 4, "continent": "Westeros", "S2": null, "type": null, "Shape__Length": 433589.38196107146}}, {"type": "Feature", "id": 294, "geometry": {"type": "LineString", "coordinates": [[-57.0906438720794, -10.0003780806538], [-56.7866957102715, -10.265084031376], [-56.5242972902658, -10.5456089257622], [-56.455845529072, -10.7025916979899], [-56.455845529072, -11.0387083075337], [-56.455845529072, -11.184240169802], [-56.3988023944443, -11.3185124546277], [-56.2089336576276, -11.6139003970703]]}, "properties": {"OBJECTID": 294, "id": null, "name": null, "size": 4, "continent": "Westeros", "S2": null, "type": null, "Shape__Length": 218437.3910173663}}, {"type": "Feature", "id": 295, "geometry": {"type": "LineString", "coordinates": [[-56.8382589473929, -13.1206035338375], [-56.7410612022101, -12.8801864519891], [-56.5699317983272, -12.6242606511588], [-56.4672541556382, -12.4683539385832], [-56.4444369025057, -12.2454675146375], [-56.4672541556382, -12.1339534731099]]}, "properties": {"OBJECTID": 295, "id": null, "name": null, "size": 4, "continent": "Westeros", "S2": null, "type": null, "Shape__Length": 124009.86792921534}}, {"type": "Feature", "id": 296, "geometry": {"type": "LineString", "coordinates": [[-56.4672541556382, -12.1339534731099], [-56.4900714096689, -12.0112341235033], [-56.455845529072, -11.9442726808077]]}, "properties": {"OBJECTID": 296, "id": null, "name": null, "size": 4, "continent": "Westeros", "S2": null, "type": null, "Shape__Length": 22718.49610618563}}, {"type": "Feature", "id": 297, "geometry": {"type": "LineString", "coordinates": [[-56.455845529072, -11.9442726808077], [-56.3417592598167, -11.7879650694285], [-56.2089336576276, -11.6139003970703]]}, "properties": {"OBJECTID": 297, "id": null, "name": null, "size": 4, "continent": "Westeros", "S2": null, "type": null, "Shape__Length": 46552.03858942814}}, {"type": "Feature", "id": 298, "geometry": {"type": "LineString", "coordinates": [[-56.2089336576276, -11.6139003970703], [-55.9995004520509, -11.5533370498331], [-55.6230157636882, -11.5086235951647], [-55.3149828365193, -11.4974441206189], [-54.9384981481566, -11.5533370498331], [-54.5848307129263, -11.6092188352823], [-54.390884055911, -11.5645142997025], [-54.0828511287422, -11.4639030354638]]}, "properties": {"OBJECTID": 298, "id": null, "name": null, "size": 4, "continent": "Westeros", "S2": null, "type": null, "Shape__Length": 241430.81061008197}}, {"type": "Feature", "id": 299, "geometry": {"type": "LineString", "coordinates": [[-54.0828511287422, -11.4639030354638], [-53.9801734860531, -11.3073254925387], [-53.8204527096348, -11.2178141041212], [-53.558054289629, -11.0946906880316], [-53.5010111550014, -10.993914716769], [-53.4325593938075, -10.7922597341568], [-53.3070644979861, -10.6016834573311], [-53.1359350941032, -10.4558684428784], [-52.9191711821589, -10.2987602918753], [-52.7936762863374, -10.2314041858452], [-52.5997296284238, -10.197720765656], [-52.5426864937961, -10.1303432507821], [-52.5567685147327, -9.97709119350632]]}, "properties": {"OBJECTID": 299, "id": null, "name": null, "size": 4, "continent": "Westeros", "S2": null, "type": null, "Shape__Length": 257216.24084148192}}, {"type": "Feature", "id": 300, "geometry": {"type": "LineString", "coordinates": [[-54.0828511287422, -11.4639030354638], [-53.8546785902317, -11.6986063857041], [-53.5808715436597, -11.7991328653928], [-53.2614299899246, -11.8996225137299], [-52.9876229433527, -11.91078574447], [-52.5997296284238, -11.8884588255227], [-52.3829657164795, -11.8772946784955], [-52.2232449400611, -11.9331108275348], [-51.9654433880104, -12.0443665425241]]}, "properties": {"OBJECTID": 300, "id": null, "name": null, "size": 4, "continent": "Westeros", "S2": null, "type": null, "Shape__Length": 254906.46006866932}}, {"type": "Feature", "id": 301, "geometry": {"type": "LineString", "coordinates": [[-56.455845529072, -11.9442726808077], [-55.9995004520509, -12.0223927485265], [-55.4975208669684, -12.11164504976], [-55.2579397018917, -12.2008675254349], [-54.9270895206921, -12.4015079781312], [-54.5848307129263, -12.4349331074966], [-54.425109936508, -12.4683539385832], [-54.01439936665, -12.6353932248334], [-53.7405923209764, -12.6687880332088], [-53.4062400711164, -12.7442088184174]]}, "properties": {"OBJECTID": 301, "id": null, "name": null, "size": 4, "continent": "Westeros", "S2": null, "type": null, "Shape__Length": 355179.1332635519}}, {"type": "Feature", "id": 302, "geometry": {"type": "LineString", "coordinates": [[-21.6243379442898, 11.8449946509373], [-21.5832763676743, 11.3239081674009], [-21.6946296842559, 10.7118267594808]]}, "properties": {"OBJECTID": 302, "id": null, "name": null, "size": 1, "continent": null, "S2": null, "type": null, "Shape__Length": 129904.18554341955}}, {"type": "Feature", "id": 303, "geometry": {"type": "LineString", "coordinates": [[-21.6946296842559, 10.7118267594808], [-21.8727949889897, 9.9230532705974], [-22.0064189679893, 9.48401363832647], [-22.1623136103051, 9.22031813943097], [-22.2291255993557, 9.06640436954046], [-22.3182082526209, 8.71435535725108], [-22.4072909049879, 8.05337919929194], [-22.4072909049879, 7.50173656893924], [-22.3850202416715, 7.12621651006615], [-22.1177722836725, 6.75038849991055], [-21.9396069789386, 6.48492137817133], [-21.895065652306, 6.24145349478613], [-21.895065652306, 6.08646017349492], [-21.9396069789386, 5.90927025534523], [-22.1400429469888, 5.59905238898564], [-22.6522681996707, 5.08905529714537], [-22.9640574843023, 4.68964289059883], [-23.1644934523525, 4.26779335979135], [-23.2313054423014, 3.66792954301454], [-23.2090347789851, 3.24555777021842], [-23.1755730763358, 2.85183302410887]]}, "properties": {"OBJECTID": 303, "id": null, "name": null, "size": 1, "continent": null, "S2": null, "type": null, "Shape__Length": 958615.158607096}}, {"type": "Feature", "id": 304, "geometry": {"type": "LineString", "coordinates": [[-44.3486869623582, 2.34668459743099], [-43.4530675933732, 2.8230093617857], [-43.2303609620067, 2.91198046557789], [-42.896301014957, 3.00094454129556], [-42.0722864776435, 3.04542387756009], [-41.3596252560131, 3.15661412196621], [-40.5801520453322, 3.33449358957502], [-40.137804049046, 3.55893067753273]]}, "properties": {"OBJECTID": 304, "id": null, "name": null, "size": 1, "continent": null, "S2": null, "type": null, "Shape__Length": 494541.7525952644}}, {"type": "Feature", "id": 305, "geometry": {"type": "LineString", "coordinates": [[-40.137804049046, 3.55893067753273], [-39.6002428666011, 3.82349111767113], [-39.0880176139193, 4.24558412964279], [-38.7094163402369, 4.77842163219867], [-38.4198977189216, 5.22213864827316], [-38.1081084342899, 5.5103880593176], [-37.595883181608, 5.82065391500192], [-37.1281992555588, 6.19717431717698], [-36.6159740028769, 6.63979456010964], [-36.0541979998216, 6.94988184286441]]}, "properties": {"OBJECTID": 305, "id": null, "name": null, "size": 1, "continent": null, "S2": null, "type": null, "Shape__Length": 600948.0485292998}}, {"type": "Feature", "id": 306, "geometry": {"type": "LineString", "coordinates": [[-36.0541979998216, 6.94988184286441], [-35.6583354865638, 6.57342623910238], [-35.3020048761978, 6.13074859222169], [-34.9456742658318, 5.97572321310351], [-34.3220956974667, 5.77634049236536], [-33.7653291181522, 5.46605091641753], [-33.4758104968368, 5.06687204229082], [-32.9190439175224, 4.57865361729768], [-32.4290893281568, 4.20116375626604]]}, "properties": {"OBJECTID": 306, "id": null, "name": null, "size": 1, "continent": null, "S2": null, "type": null, "Shape__Length": 518292.75431337}}, {"type": "Feature", "id": 307, "geometry": {"type": "LineString", "coordinates": [[-32.4290893281568, 4.20116375626604], [-32.1173904122461, 4.12004700721269], [-31.7586499911804, 4.07069191857578], [-31.4679465468025, 4.00282374019985], [-31.0164284304167, 3.83004320880487], [-30.7071694475138, 3.58932681370623], [-30.4692709697963, 3.26779246758508], [-30.3579176541131, 2.97870419263964], [-30.2465643384299, 2.75627655198387], [-30.0515404019629, 2.63822638992885], [-29.7788804114823, 2.64504693053883], [-29.2351308626058, 2.61680336671076]]}, "properties": {"OBJECTID": 307, "id": null, "name": null, "size": 1, "continent": null, "S2": null, "type": null, "Shape__Length": 430085.984738735}}, {"type": "Feature", "id": 308, "geometry": {"type": "LineString", "coordinates": [[-29.2351308626058, 2.61680336671076], [-29.358800279362, 2.34161839780947], [-29.5134297703644, 2.13766349330742], [-29.8103183948495, 1.98931548216573], [-30.1505032764919, 1.84713610639701], [-30.447391900977, 1.69258042800234], [-30.6886139080904, 1.51328048088309], [-30.8246878605677, 1.30923157251144], [-30.9916877117845, 1.08661390959505], [-31.1153913049456, 0.888717664987929], [-31.2638356176374, 0.727919049916053], [-31.4493910073791, 0.610408671327829], [-31.7091685539159, 0.474340847539817], [-31.9998719982938, 0.37538070516255], [-32.2596495439323, 0.282604550341859]]}, "properties": {"OBJECTID": 308, "id": null, "name": null, "size": 1, "continent": null, "S2": null, "type": null, "Shape__Length": 441464.6452470091}}, {"type": "Feature", "id": 309, "geometry": {"type": "LineString", "coordinates": [[-29.2351308626058, 2.61680336671076], [-28.9015907274919, 2.80596352620497], [-28.4452456504709, 2.86293687104301], [-28.0573523346437, 2.84014786974434], [-27.6466417656841, 2.79456852257858], [-27.2359311958261, 2.66921627598826], [-26.9393068961218, 2.61223371930102], [-26.5856394608915, 2.61223371930102], [-26.1749288919319, 2.66921627598826], [-25.7870355761046, 2.72619619077448], [-25.4675940223696, 2.82875320068607], [-25.0911093340069, 2.93130114085355], [-24.7374418996749, 3.01105416867463], [-24.3039140757863, 3.05662471650452], [-23.9388380148881, 3.05662471650452], [-23.5623533256271, 2.99966123313613], [-23.1755730763358, 2.85183302410887]]}, "properties": {"OBJECTID": 309, "id": null, "name": null, "size": 1, "continent": null, "S2": null, "type": null, "Shape__Length": 692564.3614125395}}, {"type": "Feature", "id": 310, "geometry": {"type": "LineString", "coordinates": [[-23.1755730763358, 2.85183302410887], [-22.6952976796464, 2.76038284886007], [-22.3416302453144, 2.72619619077448], [-21.9195110488903, 2.69200856225938], [-21.4289400912723, 2.70340454620487], [-21.0410467754451, 2.68061247263548], [-20.618927579021, 2.56664581011474], [-20.2994860252859, 2.44127076031036], [-19.9115927094587, 2.28168567714496], [-19.5236993945298, 2.0878800962702], [-19.0901715715395, 1.96246360989813], [-18.7479127637737, 1.89405061317295], [-18.2915676867526, 1.82563491588354], [-17.8808571168947, 1.81423204326993], [-17.2077481288276, 1.80282909967154], [-16.774220304939, 1.76861984119477], [-16.4433701246377, 1.677392101298], [-16.0897026894074, 1.50632880475325], [-15.7474438816417, 1.40368428184409], [-15.4622282085035, 1.35806302770789], [-15.1146241786588, 1.35910929327169]]}, "properties": {"OBJECTID": 310, "id": null, "name": null, "size": 1, "continent": null, "S2": null, "type": null, "Shape__Length": 922983.5620181296}}, {"type": "Feature", "id": 311, "geometry": {"type": "LineString", "coordinates": [[-7.97559622823613, -8.75242156688269], [-8.47634565497864, -8.4819725076953], [-9.56016521290364, -8.23741218079809], [-9.90242402066943, -8.14331001395239], [-10.4158122323181, -8.14331001395239], [-11.4425886556154, -8.29386275964142], [-11.9179481108457, -8.42554915895882], [-12.6404944827957, -8.80154675208862], [-13.3250120983273, -9.1959331809313], [-13.7052996625115, -9.28977068673586], [-14.5220025440296, -9.27479505569628]]}, "properties": {"OBJECTID": 311, "id": null, "name": "Demon Road", "size": 1, "continent": null, "S2": null, "type": null, "Shape__Length": 768136.4214519268}}, {"type": "Feature", "id": 312, "geometry": {"type": "LineString", "coordinates": [[-14.5220025440296, -9.27479505569628], [-15.0743348935746, -9.28977068673586], [-15.8919531565706, -9.43985831985627], [-16.7856289324035, -9.68361092264704], [-17.5462040607719, -10.0395454729025], [-18.6110092404877, -10.6381234838544]]}, "properties": {"OBJECTID": 312, "id": null, "name": "Demon Road", "size": 1, "continent": null, "S2": null, "type": null, "Shape__Length": 487560.1988558216}}, {"type": "Feature", "id": 313, "geometry": {"type": "LineString", "coordinates": [[-18.6110092404877, -10.6381234838544], [-19.2194693431824, -10.843617097428], [-19.808915067668, -10.9743124678073], [-20.3983607921535, -11.0489696341272], [-21.0638640294758, -11.104950052922], [-21.4669618857473, -11.1511363350413]]}, "properties": {"OBJECTID": 313, "id": null, "name": "Demon Road", "size": 1, "continent": null, "S2": null, "type": null, "Shape__Length": 324585.9076286808}}, {"type": "Feature", "id": 314, "geometry": {"type": "LineString", "coordinates": [[-21.4669618857473, -11.1511363350413], [-21.8814822924719, -11.0676309631798], [-22.7886266944125, -10.8818691815048], [-23.5301874445717, -10.7604734936897], [-24.1819052577148, -10.6927507782299], [-25.1139265880376, -10.8996364328023], [-25.8499415860953, -11.1151830566952], [-26.4829618191007, -11.3287638786465], [-27.1915435215313, -11.6418847088037]]}, "properties": {"OBJECTID": 314, "id": null, "name": "Demon Road", "size": 1, "continent": null, "S2": null, "type": null, "Shape__Length": 659822.4393819363}}, {"type": "Feature", "id": 315, "geometry": {"type": "LineString", "coordinates": [[-27.1915435215313, -11.6418847088037], [-28.0801695886744, -11.9805426222692], [-28.9358166080888, -12.3151370076171], [-29.4682191979467, -12.4451425888958], [-29.9816074095954, -12.4637095179614], [-30.4379524866165, -12.4080047488593], [-30.8182284131262, -12.2938840213272]]}, "properties": {"OBJECTID": 315, "id": null, "name": "Demon Road", "size": 1, "continent": null, "S2": null, "type": null, "Shape__Length": 422502.5791862617}}, {"type": "Feature", "id": 316, "geometry": {"type": "LineString", "coordinates": [[-30.8182284131262, -12.2938840213272], [-31.1034557239388, -12.0735276160239], [-31.388671397077, -11.7013963785855], [-31.5788151791691, -11.5337728836593], [-31.8830452305164, -11.3846901163951], [-32.1492465254454, -11.2355291994842], [-32.4813565066944, -11.1362332373899]]}, "properties": {"OBJECTID": 316, "id": null, "name": "Demon Road", "size": 1, "continent": null, "S2": null, "type": null, "Shape__Length": 232508.57125602377}}, {"type": "Feature", "id": 317, "geometry": {"type": "LineString", "coordinates": [[-21.4669618857473, -11.1511363350413], [-21.2614646467914, -11.6382296578221], [-21.2044215121637, -11.8988350384606], [-21.2234358903729, -12.1963639172897], [-21.4516084288834, -12.7533255076676], [-21.6417522109755, -13.3275673690934], [-21.7368241020216, -13.7527418430389], [-21.77485285844, -14.2140130348624], [-21.7558384802308, -15.0969984455077], [-21.7368241020216, -15.8117412224272], [-21.6607665891848, -16.2868448548809], [-21.5656946981387, -16.7061726273069], [-21.5276659417203, -17.2335777797942], [-21.5656946981387, -17.4876522023898], [-21.679780967394, -17.8861940980186], [-21.9079535059045, -18.3740919010558], [-22.1616729084883, -18.9254645690153]]}, "properties": {"OBJECTID": 317, "id": null, "name": null, "size": 4, "continent": null, "S2": null, "type": null, "Shape__Length": 926982.6146250847}}, {"type": "Feature", "id": 318, "geometry": {"type": "LineString", "coordinates": [[6.16060609793445, 5.8012780169316], [6.47064217027054, 5.67078861368713], [6.93141928517178, 5.64021966510727], [7.22324479091658, 5.65550434173228], [7.42291487332181, 5.68607248168267], [7.80689580240616, 5.60964910573097], [8.12943978229804, 5.59436322424035], [8.31375062807888, 5.57907694417677], [8.46734299971262, 5.71663899791319], [8.74380926883303, 5.9763876130517], [8.85132392879701, 6.05276105114956], [8.97419782538534, 6.05276105114956]]}, "properties": {"OBJECTID": 318, "id": null, "name": "Steel Road", "size": 2, "continent": null, "S2": null, "type": null, "Shape__Length": 337747.690480285}}, {"type": "Feature", "id": 319, "geometry": {"type": "LineString", "coordinates": [[8.95883858876098, 6.05276105114956], [9.35817875446972, 6.03748722233795], [9.91111129181221, 6.05276105114956], [10.064703663446, 6.02221296376354], [10.448684591632, 5.86944692279639], [10.8480247582391, 5.77776712476593], [11.0476948406443, 5.7472038818111], [11.416316532206, 5.73192164488882], [11.7542197496205, 5.68607248168267], [12.1228414411822, 5.62493458578307], [12.4453854210741, 5.59436322424035], [13.1519103300504, 5.60964910573097], [13.5358912591347, 5.60964910573097], [13.7816390532097, 5.56379026482982], [14.1041830339999, 5.39561081114184], [14.5188824363331, 5.0744126438354], [14.8414264171232, 4.6918261268073], [14.9489410770872, 4.6612099183742], [15.4711551402826, 4.6612099183742], [15.7476214085047, 4.64590131294151], [16.1162431000664, 4.59997350749252], [16.346631657517, 4.47748495829586], [16.3773501316641, 4.26308098129938], [16.3312724199943, 3.98733124177764], [16.2698354717002, 3.75746883384584], [16.3159131833699, 3.55820561337416], [16.3619908950397, 3.4662232898723], [16.3927093691868, 3.26689788428025], [16.4387870799583, 3.12888003758778], [16.592379451592, 3.06753289077814], [16.8995641948595, 3.11354358519199], [17.1760304639799, 3.20555891437794], [17.4217782580549, 3.25156349089765], [17.6521668155055, 3.22089400485156], [17.8979146095806, 3.15955226898659], [18.1436624036556, 2.85279061448922], [18.3740509611062, 2.63800822387956], [18.5122840952172, 2.5612910788303], [18.7273134160435, 2.59197849579392], [19.0344981584126, 2.66869376428861], [19.3962466753438, 2.92734027912885]]}, "properties": {"OBJECTID": 319, "id": null, "name": "Steel Road", "size": 2, "continent": null, "S2": null, "type": null, "Shape__Length": 1397943.2592018533}}, {"type": "Feature", "id": 320, "geometry": {"type": "LineString", "coordinates": [[19.3962466753438, 2.92734027912885], [19.8946154390227, 3.11354358519199], [20.1403632330976, 3.19022359492655], [20.4629072138879, 3.40489675730277], [20.8161696679268, 3.55820561337416], [21.0619174620018, 3.61952207556196], [21.4766168652333, 3.5888643589196], [21.6455684743897, 3.55820561337416], [21.7684423709781, 3.45089202626631], [21.737723896831, 3.26689788428025], [21.7070054226839, 3.0215202162264], [21.7684423709781, 2.88347060858034], [22.0602678767229, 2.62266516872372], [22.3060156716962, 2.40784314012895], [22.6439188891108, 2.22368289753043], [23.0432590548195, 2.08554752545428], [23.3658030347114, 2.00880036113737], [23.5193954063452, 1.94740002557147], [23.6422693038318, 1.80924119911269], [23.6576285404562, 1.62501319809164], [23.6576285404562, 1.27186417828396], [23.6576285404562, 1.10294891151105], [23.7651432004202, 0.94938121886903], [23.8726578603841, 0.857237259106318], [23.9033763354295, 0.657584722798848], [23.8880170979068, 0.304335274547679], [23.8880170979068, 0.0893073486367963], [23.9648132837237, -0.156440214896083], [24.2105610777987, -0.402184900520915], [24.2566387894685, -0.571130354055968], [24.3487942128081, -0.847575166250852], [24.4716681093964, -0.909004894418158], [24.7174159043697, -0.939719370598105], [24.8863675126279, -1.10864392598215], [24.947804460922, -1.27755884482851], [25.16283378085, -1.55394044956804], [25.3932223383006, -1.81493442585043], [25.5314554733099, -1.99914310884685], [25.5775331840814, -2.19867913038879], [25.6389701332739, -2.35215035111322], [25.807921741532, -2.4902600467976], [26.0383102989826, -2.59766873068352], [26.3301358047274, -2.72041030576746], [26.4990874129856, -2.75109376928677], [26.7141167338118, -2.78177644323424], [26.8523498679229, -2.90449906865087], [26.775553682106, -3.07322078932418], [26.7141167338118, -3.30325259678169], [26.7141167338118, -3.45657775705148], [26.8216313937758, -3.57922009611778], [26.9291460537397, -3.76315264625866], [27.0059422395566, -3.90107668113045], [27.2209715594845, -4.05429902312858], [27.4052824052654, -4.29939392106111], [27.4206416418897, -4.54441002169015], [27.3899231677427, -4.81995340415168], [27.4206416418897, -5.11068345143248], [27.5435155393764, -5.29423495030098], [27.9428557050852, -5.60003214161096], [28.2193219742056, -5.84455514905942], [28.4036328199864, -6.13478718133814], [28.4970854770716, -6.46403622191709]]}, "properties": {"OBJECTID": 320, "id": null, "name": "Steel Road", "size": 2, "continent": null, "S2": null, "type": null, "Shape__Length": 1780064.4469793814}}, {"type": "Feature", "id": 321, "geometry": {"type": "LineString", "coordinates": [[28.4970854770716, -6.46403622191709], [28.5879436657672, -6.73002374550778], [28.5725844282445, -6.92827709471601], [28.4957882424277, -7.11120628509577], [28.4957882424277, -7.26359171865813], [28.6033029023916, -7.46161542324031], [28.6186621399143, -7.61388050338457], [28.5111474799504, -7.78130959701754], [28.4036328199864, -7.94867185976575], [28.4497105316562, -8.11596589177648], [28.5418659540974, -8.26799098953238], [28.5418659540974, -8.43515088114455], [28.4650697682806, -8.64779510031086], [28.3114773966468, -8.92101814355192], [28.1578850250131, -9.1182191468362], [27.988933416755, -9.45169469817873], [27.8660595192683, -9.72429872518646], [27.8507002826439, -10.0420556444827], [27.8353410451212, -10.3595008047189], [27.7892633334514, -10.5860512503146], [27.6510301993404, -10.7671713191582], [27.4206416418897, -10.963261879762], [27.2824085077787, -11.1592225225813], [27.1439318826149, -11.4319794151335]]}, "properties": {"OBJECTID": 321, "id": null, "name": "Steel Road", "size": 2, "continent": null, "S2": null, "type": null, "Shape__Length": 622003.5617038993}}, {"type": "Feature", "id": 322, "geometry": {"type": "LineString", "coordinates": [[27.1439318826149, -11.4319794151335], [26.8984275795927, -11.671104739032], [26.7448352079589, -11.8515459345514], [26.668039022142, -12.0168457175959], [26.668039022142, -12.1970570031532], [26.6987574962891, -12.3471396191512], [26.7141167338118, -12.5571105717345], [26.668039022142, -12.7069851304679], [26.5144466505083, -12.8567713396587], [26.2840580930577, -12.9316310103855], [25.9922325873129, -12.9765360442307], [25.4393000499704, -12.9615685989796], [25.1935522558954, -13.0363968043608], [25.0706783584087, -13.21589197674], [24.947804460922, -13.4101961173475], [24.8710082751052, -13.4848867953965], [24.6559789551773, -13.5595541322453], [24.3948719235795, -13.6640489630018], [24.0723279436876, -13.9176286755353], [23.7805024379429, -14.0815619248035], [23.596191592162, -14.1113553753367], [23.4118807463812, -14.0815619248035], [23.3811622722341, -13.9623493319121], [23.4733176946754, -13.7535791137573], [23.6422693038318, -13.4998221342377], [23.6422693038318, -13.2756944594958], [23.4733176946754, -13.0962430883891], [23.1968514264533, -12.9915025885361], [22.8128704973689, -12.9615685989796], [22.5210449916241, -12.9765360442307], [22.0756271142456, -13.0363968043608], [21.6916461851612, -13.0363968043608], [21.2462283077827, -12.9765360442307], [20.8161696679268, -12.8118448117823], [20.524344162182, -12.7669102704277], [20.1256632943148, -12.7628867979256]]}, "properties": {"OBJECTID": 322, "id": null, "name": "Steel Road", "size": 2, "continent": null, "S2": null, "type": null, "Shape__Length": 1093312.7861030719}}, {"type": "Feature", "id": 323, "geometry": {"type": "LineString", "coordinates": [[-7.97559622823613, -8.75242156688269], [-7.5274475316827, -8.85675450377869], [-7.11440813694284, -8.81788440853219], [-6.80954572643269, -8.75813425839087], [-6.49768670648382, -8.59297851608472], [-6.3946618514627, -8.51312735854075]]}, "properties": {"OBJECTID": 323, "id": null, "name": "Stone Road", "size": 2, "continent": null, "S2": null, "type": null, "Shape__Length": 185994.20321815496}}, {"type": "Feature", "id": 324, "geometry": {"type": "LineString", "coordinates": [[-6.3946618514627, -8.51312735854075], [-6.18998663477211, -8.29274483711579], [-5.91462703797946, -8.13701107288346], [-5.52125618631683, -8.02017095386514], [-5.32457076003635, -7.94225885553235], [-5.1278853346542, -7.94225885553235], [-4.89186282311763, -8.05912141497704], [-4.73791080916326, -8.06951693737226], [-4.61650322722328, -8.0396466514858], [-4.47882342837781, -7.8838150726514], [-4.4093450554093, -7.61989932650706], [-4.28213800299562, -7.43547618726038], [-4.06578403453628, -7.35745666259765], [-3.84943006517861, -7.35745666259765], [-3.55440192710537, -7.20137659490813], [-3.14136253236555, -7.02572233814101], [-2.82666585031679, -6.86952943410224], [-2.62998042493464, -6.57653033297716], [-2.37428937121918, -6.26380763266547], [-2.1776039449387, -6.18559730698488], [-1.86290726288993, -6.16604291220837], [-1.6268847522517, -6.14648779551885], [-1.39086224071514, -5.99002117911706], [-1.11550264482079, -5.79437497825229], [-0.899148676361414, -5.63780908016107], [-0.66312616482485, -5.44204243549483], [-0.466440738544402, -5.2853831157104], [-0.289423855341111, -5.24621204706849], [0.141084791064733, -5.25520102622774]]}, "properties": {"OBJECTID": 324, "id": null, "name": "Stone Road", "size": 2, "continent": null, "S2": null, "type": null, "Shape__Length": 874825.9936406276}}, {"type": "Feature", "id": 325, "geometry": {"type": "LineString", "coordinates": [[0.141084791064733, -5.25520102622774], [0.575992018496318, -5.30496772175168], [0.792345986955692, -5.26579788946334], [1.12671121118331, -5.10909406020693], [1.28405955220771, -5.05032018074053], [1.61842477643534, -5.05032018074053], [1.91345291540691, -5.05032018074053], [2.12980688386625, -4.99154097273088], [2.34616085232562, -4.89356395038429], [2.61069759777916, -4.74233855725055]]}, "properties": {"OBJECTID": 325, "id": null, "name": "Stone Road", "size": 2, "continent": null, "S2": null, "type": null, "Shape__Length": 288488.87886074313}}, {"type": "Feature", "id": 326, "geometry": {"type": "LineString", "coordinates": [[2.61069759777916, -4.74233855725055], [3.0148913007809, -4.73677099363131], [3.48693632295573, -4.75637208157832], [3.91964425987445, -4.71716934913974], [4.31301511243538, -4.59954794385922], [4.74572304935409, -4.38385859561229], [5.4144534978094, -4.14849021763487], [5.82749289254922, -4.08963700705951], [6.12252103152076, -3.95229614705029]]}, "properties": {"OBJECTID": 326, "id": null, "name": "Stone Road", "size": 2, "continent": null, "S2": null, "type": null, "Shape__Length": 407164.07594244834}}, {"type": "Feature", "id": 327, "geometry": {"type": "LineString", "coordinates": [[6.12252103152076, -3.95229614705029], [6.4175491704923, -3.87380539106653], [6.59456605369559, -3.87380539106653], [7.00760544843542, -4.01115934678083], [7.47965047061025, -4.20733904288991], [7.73534152432567, -4.24656912707201], [8.10904383380941, -4.22695433268613], [8.32539780226878, -4.07001830715825], [8.62042594124032, -3.91305168843473], [8.87611699495578, -3.91305168843473], [9.28915638969563, -3.97191768065121], [9.83987558238263, -4.07001830715825], [10.1742408066103, -4.10925522756217], [10.7052914562201, -4.08963700705951], [11.0396566804477, -4.08963700705951], [11.4723646173664, -4.28579721688488], [11.7870612994152, -4.30541050774034], [12.2197692363339, -4.28579721688488], [12.5738030027405, -4.24656912707201], [12.9715723069697, -4.24362895378868]]}, "properties": {"OBJECTID": 327, "id": null, "name": "Stone Road", "size": 2, "continent": null, "S2": null, "type": null, "Shape__Length": 787752.3394512588}}, {"type": "Feature", "id": 328, "geometry": {"type": "LineString", "coordinates": [[12.9715723069697, -4.24362895378868], [13.1835278237608, -4.44268926679131], [13.2622019942729, -4.59954794385922], [13.2425334511957, -4.77597261249301], [13.1441907385046, -4.93275649666789], [13.1441907385046, -5.12868415923248], [13.2031963659396, -5.36371780221864], [13.360544706964, -5.44204243549483], [13.6359043037567, -5.4224622281319], [13.8915953574721, -5.30496772175168], [14.4226460070819, -5.10909406020693], [14.7176741460535, -5.10909406020693], [14.9930337428461, -5.14827365621353], [15.2683933387405, -5.3245517071076], [15.4060731366876, -5.55951021662953], [15.7404383609153, -5.81394268701544], [16.0944721282201, -5.91177098187647], [16.5271800651389, -5.93133457418255], [17.0778992578259, -5.89220669695743], [17.597540157077, -5.83946801394326]]}, "properties": {"OBJECTID": 328, "id": null, "name": "Stone Road", "size": 2, "continent": null, "S2": null, "type": null, "Shape__Length": 672411.1773722966}}, {"type": "Feature", "id": 329, "geometry": {"type": "LineString", "coordinates": [[17.597540157077, -5.83946801394326], [18.0613263874316, -5.99002117911706], [18.4743657821714, -6.12693196095407], [18.769393921143, -6.3224576955149]]}, "properties": {"OBJECTID": 329, "id": null, "name": "Stone Road", "size": 2, "continent": null, "S2": null, "type": null, "Shape__Length": 142246.41346946592}}, {"type": "Feature", "id": 330, "geometry": {"type": "LineString", "coordinates": [[18.769393921143, -6.3224576955149], [19.1824333158828, -6.67421627901189], [19.6151412528015, -6.94763237186898], [19.870832306517, -7.10379919003938], [20.0281806475413, -7.31844174628229], [19.969175019208, -7.45497890752322], [19.870832306517, -7.63046403981811], [19.8314952212609, -7.90329725362064], [19.9298379348503, -8.07859524035502], [20.2642031581796, -8.29274483711579], [20.6772425529194, -8.48732518430812], [20.9329336066349, -8.66236329089536], [20.9329336066349, -8.77901022214938], [20.7952538086877, -8.89562049043172], [20.4412200422812, -9.14814805217847], [20.2642031581796, -9.49750490668384], [20.1855289885657, -9.92401188162267], [20.1855289885657, -10.233851636433], [20.2445346160007, -10.5627250529672], [20.4018829570251, -10.8719319515138], [20.5788998402283, -11.0843265001136], [20.6772425529194, -11.2772787740841], [20.6575740107405, -11.3929881189514], [20.5002256697162, -11.5664637412188], [20.421551499204, -11.7783434584411], [20.3822144139479, -12.143931416261], [20.362545871769, -12.355359397075], [20.1256632943148, -12.7628867979256]]}, "properties": {"OBJECTID": 330, "id": null, "name": "Stone Road", "size": 2, "continent": null, "S2": null, "type": null, "Shape__Length": 930770.7340584002}}, {"type": "Feature", "id": 331, "geometry": {"type": "LineString", "coordinates": [[20.1256632943148, -12.7628867979256], [19.9888435622853, -13.2376313048245], [19.9101693917731, -13.3907503643459], [19.7134839654926, -13.5628928877826], [19.4971299970332, -13.6393607430938], [18.8874051769112, -13.6202460955683], [18.5923770379397, -13.6584738442438], [18.3760230694804, -13.7731198442836], [18.1400005579438, -13.9258936729932], [17.7269611632039, -13.9449833257158], [17.4712701094885, -14.0022427991722], [17.2352475988502, -14.2502016447673], [16.9205509168015, -14.3454981803561], [16.4288373524478, -14.3836054622412], [15.9174552450169, -14.478845203475], [15.3273989670738, -14.6311436930362], [15.0913764555372, -14.7833365707526], [14.95369665759, -14.8784030453055], [14.4423145501591, -14.8974113208774], [13.7539155586266, -14.9354228385121], [13.1048536532486, -15.0304221743404], [12.5541344605616, -15.1253792345301], [12.1017579805656, -15.1253792345301], [11.6493815005697, -15.0304221743404], [11.4526960751875, -15.0684100849821], [11.3543533615981, -15.3151655566849], [11.3231914520773, -15.4954192091509], [11.3356002008971, -15.5922539428042], [11.3730893968166, -15.6825079454996], [11.4301714752084, -15.7531549009814], [11.6887185858258, -15.9024015654243], [11.8513559682912, -15.9866064052335], [11.947293908933, -16.0848247244416], [11.9793941851248, -16.1482153981678], [12.0935275898814, -16.5178694676544], [12.1447379633692, -16.574710227833], [12.3603523704147, -16.7261976513462], [12.4529548169992, -16.845884098204], [12.5541344605616, -17.0152741290677], [12.5831064966086, -17.1814231493009], [12.6307857238686, -17.2907144497051], [12.7493246293735, -17.4491008776984], [12.7729531968531, -17.5304272794047], [12.7706365630079, -17.5966864407029], [12.7704884290209, -17.5973924510876], [12.7311513437648, -17.9532538833548], [12.6929238557511, -18.2076327924401], [12.6946038796055, -18.2344419444132], [12.750819886842, -18.6255476567395], [12.809825514277, -19.0165012895475], [12.9671738553014, -19.4992665420006], [13.0438126275344, -19.6725571303247], [13.0701019860209, -19.8367552411209], [13.0888001689282, -20.3054665361918]]}, "properties": {"OBJECTID": 331, "id": null, "name": "Sand Road", "size": 2, "continent": null, "S2": null, "type": null, "Shape__Length": 1750499.2235056092}}, {"type": "Feature", "id": 332, "geometry": {"type": "LineString", "coordinates": [[13.0888001689282, -20.3054665361918], [12.7114828015859, -19.980595696663], [12.4951288322283, -19.7030827877242], [12.1607636088989, -19.5178059483035], [12.0427523531307, -19.4250876908127], [11.8263983846713, -19.239492565906], [11.5117017026225, -19.0908651412489], [11.0986623078827, -18.8490611149423], [10.9806510530127, -18.755966461912], [10.8626397972445, -18.5323300289918], [10.703648373785, -18.1056915995683]]}, "properties": {"OBJECTID": 332, "id": null, "name": "Sand Road", "size": 2, "continent": null, "S2": null, "type": null, "Shape__Length": 383337.920957822}}, {"type": "Feature", "id": 333, "geometry": {"type": "LineString", "coordinates": [[10.703648373785, -18.1056915995683], [10.3709262319924, -18.1589530365354], [9.93821829507369, -18.1776409980875], [9.70219578353712, -18.1402630746924]]}, "properties": {"OBJECTID": 333, "id": null, "name": "Sand Road", "size": 2, "continent": null, "S2": null, "type": null, "Shape__Length": 112415.11326251582}}, {"type": "Feature", "id": 334, "geometry": {"type": "LineString", "coordinates": [[9.70219578353712, -18.1402630746924], [9.24981930443952, -18.0841812120024], [8.7581057391875, -17.8971124369729], [8.26639217393548, -17.8409532210207], [7.69600443906959, -17.8035038948468], [6.96826836317933, -17.74731516814], [6.35854354215903, -17.74731516814], [5.74881872203702, -17.8035038948468], [5.19139642826069, -17.6547169091321]]}, "properties": {"OBJECTID": 334, "id": null, "name": "Sand Road", "size": 2, "continent": null, "S2": null, "type": null, "Shape__Length": 510299.870006436}}, {"type": "Feature", "id": 335, "geometry": {"type": "LineString", "coordinates": [[5.19139642826069, -17.6547169091321], [4.92273993255738, -17.3722751758662], [4.60804325140692, -17.165674213062], [4.37202073987035, -16.9588428744253], [3.89997571769555, -16.7517836013299], [3.60494757872401, -16.6387469855848], [3.38859361026464, -16.3558645814589], [3.11323401347199, -16.1670478751985], [2.79853733232153, -15.9591410222905], [2.56251482078496, -15.7888746636495], [2.38549793758171, -15.5995219385633], [2.14947542694347, -15.2582476327817], [1.87411583015079, -15.0874014993021], [1.48074497848816, -14.9164179198394], [1.26439101002882, -14.764318271174], [1.14637975426054, -14.4598005160136], [1.14637975426054, -14.1739354091819], [1.02836849849226, -13.9640713983969], [0.98903141323614, -13.7922220578278], [0.98903141323614, -13.4290149582184], [0.930025785801164, -13.2184846280505], [0.6940032742646, -13.0269355332762], [0.221958252089769, -12.7777003430761], [-0.171412599572829, -12.6242022267794], [-0.446772196365509, -12.355359397075], [-0.753073616332643, -11.8931497404859]]}, "properties": {"OBJECTID": 335, "id": null, "name": "Sand Road", "size": 2, "continent": null, "S2": null, "type": null, "Shape__Length": 992281.7051216672}}, {"type": "Feature", "id": 336, "geometry": {"type": "LineString", "coordinates": [[-0.753073616332643, -11.8931497404859], [-0.958154303796423, -11.6242651505186], [-1.21384535751188, -11.3737064841203], [-1.43019932597122, -11.1422256539114], [-1.76456455019888, -10.9684938572803], [-2.07926123224764, -10.833298420145], [-2.1776039449387, -10.6400563186545], [-2.23660957237367, -10.3112646979682], [-2.29561520070698, -10.1757794381246], [-2.57097479660133, -9.90463706342369], [-2.72832313762569, -9.73021247111366], [-2.84633439339398, -9.38109155542826], [-2.97275922609588, -8.95404984703753]]}, "properties": {"OBJECTID": 336, "id": null, "name": "Sand Road", "size": 2, "continent": null, "S2": null, "type": null, "Shape__Length": 434781.5593814231}}, {"type": "Feature", "id": 337, "geometry": {"type": "LineString", "coordinates": [[-2.97275922609588, -8.95404984703753], [-3.27904233031272, -8.87618801132632], [-3.77075589556475, -8.77901022214938], [-4.00677840620298, -8.66236329089536], [-4.53782905671108, -8.44841692941518], [-4.68897888034125, -8.40569753207024], [-5.04156646424322, -8.39023555324052], [-5.26556513260137, -8.40950474969129], [-5.56059327157291, -8.48732518430812], [-5.85562141054445, -8.52622949682548], [-6.3946618514627, -8.51312735854075]]}, "properties": {"OBJECTID": 337, "id": null, "name": "Sand Road", "size": 2, "continent": null, "S2": null, "type": null, "Shape__Length": 393200.6255118873}}, {"type": "Feature", "id": 338, "geometry": {"type": "LineString", "coordinates": [[-15.1146241786588, 1.35910929327169], [-14.6833832310232, 1.43021486233616], [-14.1811053136383, 1.49500379734998], [-13.9218650988803, 1.5112007360385], [-13.6140173432376, 1.68935879938763], [-13.2413595345791, 1.83511241355048], [-12.9173092650087, 1.86750052569943], [-12.7228791041648, 1.83511241355048], [-12.4798414024361, 1.75413958985198], [-12.3178162676509, 1.75413958985198], [-11.8803484050783, 1.88369435811767], [-11.4266780285781, 2.04562419456882], [-11.0864252459783, 2.20753768640105], [-10.6890021533578, 2.48979365468809]]}, "properties": {"OBJECTID": 338, "id": null, "name": null, "size": 2, "continent": null, "S2": null, "type": null, "Shape__Length": 523490.0043845404}}, {"type": "Feature", "id": 339, "geometry": {"type": "LineString", "coordinates": [[-10.6890021533578, 2.48979365468809], [-10.3249071147337, 2.2561083532447], [-9.9360467921475, 1.98085414901141], [-9.53098395563365, 1.81891813730219], [-8.85047839133246, 1.55979082037901], [-8.60744068960381, 1.5112007360385], [-7.84592255746085, 1.44641227125988], [-7.42465720791765, 1.46260956366711], [-7.04033669140137, 1.38205063729518]]}, "properties": {"OBJECTID": 339, "id": null, "name": null, "size": 2, "continent": null, "S2": null, "type": null, "Shape__Length": 434160.47065779637}}, {"type": "Feature", "id": 340, "geometry": {"type": "LineString", "coordinates": [[-17.7453079655963, 11.949187893068], [-17.5188230830269, 11.4634765846155], [-17.4054054891264, 11.2569707127877], [-17.2433803543412, 11.0344140544033], [-17.1947728143548, 10.7639401888742], [-17.1137602465131, 10.4772914133819], [-17.0327476795696, 10.3179269477439], [-16.7735074648116, 10.0787292383142], [-16.6438873569834, 9.87128073200712], [-16.5466722761123, 9.66370144247527], [-16.4818622230966, 9.40804361326404], [-16.3198370883114, 9.10420466284883], [-16.0930019005104, 8.84813950574003], [-15.801356657897, 8.78409516618859], [-15.5259139292113, 8.73605464698781], [-15.1532561205528, 8.76808234995258], [-15.0655544428823, 8.80275142958521], [-14.9389648124449, 8.78785844663936], [-14.5375606092674, 8.4476826851633], [-14.2459153675524, 8.22324387631897], [-13.9218650988803, 8.09493583472084], [-13.6302198571653, 8.04680974615428], [-13.1927519936943, 8.03076644515772], [-12.9335117789363, 7.99867794201507], [-12.6904740772077, 7.91844565642172], [-12.4636388885084, 7.74187982986464], [-12.1071835928793, 7.58130118159151], [-11.8803484050783, 7.4527950594403], [-11.7993358381349, 7.35639068293981], [-11.7669308111779, 7.16351936117932], [-11.6049056763927, 6.97056640452769], [-11.3780704885917, 6.79362298833101], [-11.0864252459783, 6.5522318885323], [-10.9244001120914, 6.47174200927005], [-10.6651598964351, 6.45564248932051], [-10.308704600806, 6.37513723363981], [-10.081869413005, 6.34293158346245], [-9.88743925126279, 6.32682800354032], [-9.74161663040527, 6.19798139976089], [-9.5147814426043, 6.03687896076814], [-9.35275630781909, 6.00465268213704], [-9.12042736240531, 5.94739933323883]]}, "properties": {"OBJECTID": 340, "id": null, "name": null, "size": 2, "continent": null, "S2": null, "type": null, "Shape__Length": 1290062.8277922599}}, {"type": "Feature", "id": 341, "geometry": {"type": "LineString", "coordinates": [[-9.12042736240531, 5.94739933323883], [-8.85235890209034, 5.79674136435827], [-8.6731504278345, 5.67786754250639], [-8.41429374249885, 5.459868870703], [-8.27490937333375, 5.11289062093641], [-8.17534911015772, 4.82525130655493], [-8.14626851270859, 4.75807281010923], [-8.04592076748989, 4.62680787786472], [-7.85315842329404, 4.4540145108102], [-7.70317708237142, 4.30746224581731], [-7.56819387509189, 4.15988449954819], [-7.46520668732897, 4.04120391321825]]}, "properties": {"OBJECTID": 341, "id": null, "name": null, "size": 2, "continent": null, "S2": null, "type": null, "Shape__Length": 290429.1069303156}}, {"type": "Feature", "id": 342, "geometry": {"type": "LineString", "coordinates": [[-7.46520668732897, 4.04120391321825], [-7.47326474880236, 3.66381080480951], [-7.47326474880236, 3.46975735513161], [-7.55427731574579, 3.19478060106396], [-7.57430138146975, 3.14679641591659], [-7.57798752840661, 3.09710729267371], [-7.57798752840661, 2.84854178811175], [-7.50829534382404, 2.67948630660918], [-7.40873507974972, 2.58997680077433], [-7.2195705789966, 2.46067418080988], [-7.09014223632878, 2.23187769780299], [-7.09014223632878, 1.90354320108893], [-7.04033669140137, 1.38205063729518]]}, "properties": {"OBJECTID": 342, "id": null, "name": null, "size": 2, "continent": null, "S2": null, "type": null, "Shape__Length": 319775.25492884277}}, {"type": "Feature", "id": 343, "geometry": {"type": "LineString", "coordinates": [[-32.2596495439323, 0.282604550341859], [-32.4781579608022, -0.039924663764284], [-32.6703249142041, -0.312159640145565], [-32.9745892569408, -0.632426596510001], [-33.1027005589093, -0.776540879663054], [-33.0866866462756, -1.08076489955455], [-33.1187144715431, -1.25688121895799], [-33.294867511413, -1.51302875923967], [-33.3268953375788, -1.65709878773758], [-33.3268953375788, -2.10524554384288], [-33.3589231628464, -2.29727060197692], [-33.4389927269136, -2.52126705888913], [-33.4710205521811, -2.69723739938171], [-33.4870344648149, -2.9851331976547], [-33.4870344648149, -3.19301145429506], [-33.55109011535, -3.4008476454762], [-33.647173592051, -3.62462106489779], [-33.5991318541497, -3.78442553248886], [-33.4710205521811, -3.97615187572238], [-33.4710205521811, -4.07199846184883], [-33.5190622900825, -4.24768736806931], [-33.5991318541497, -4.43930231376866], [-33.6702233669082, -4.55573766320119], [-33.8015836902064, -4.6477052231545], [-34.0386486238667, -4.64510005957154]]}, "properties": {"OBJECTID": 343, "id": null, "name": null, "size": 2, "continent": null, "S2": null, "type": null, "Shape__Length": 638746.0947536846}}, {"type": "Feature", "id": 344, "geometry": {"type": "LineString", "coordinates": [[-34.0386486238667, -4.64510005957154], [-33.7912988075516, -5.07764763454622], [-33.647173592051, -5.47629785775517], [-33.647173592051, -5.81095946722701], [-33.647173592051, -6.11357753738098], [-33.5991318541497, -6.28869980388144], [-33.5030483774487, -6.43193787234005], [-33.5030483774487, -6.57513558363948], [-33.55109011535, -6.75009891561627], [-33.5991318541497, -6.84550691872627], [-33.5991318541497, -6.9885830880907], [-33.4229788133815, -7.21105866980246], [-33.2628396861454, -7.43342500535326], [-33.2628396861454, -7.7350272567869], [-33.2308118608779, -7.95712306450969], [-33.4912900196744, -8.24767147806347]]}, "properties": {"OBJECTID": 344, "id": null, "name": null, "size": 2, "continent": null, "S2": null, "type": null, "Shape__Length": 443443.98426540283}}, {"type": "Feature", "id": 345, "geometry": {"type": "LineString", "coordinates": [[-33.4912900196744, -8.24767147806347], [-33.7112292434844, -8.43263347365327], [-33.8553544580867, -8.52766645862363], [-33.8713683707205, -8.74931775941796], [-33.8713683707205, -8.90755955856313], [-33.7752848940195, -9.20802937506429], [-33.6311596794172, -9.47665469358392], [-33.5671040288821, -9.63457182737267], [-33.5439391960067, -9.98906778209753]]}, "properties": {"OBJECTID": 345, "id": null, "name": null, "size": 2, "continent": null, "S2": null, "type": null, "Shape__Length": 223402.7308059551}}, {"type": "Feature", "id": 346, "geometry": {"type": "LineString", "coordinates": [[-33.5439391960067, -9.98906778209753], [-33.4389927269136, -10.3442682483011], [-33.4389927269136, -10.627704428916], [-33.3909509881139, -10.8794272361815], [-33.3429092502126, -11.0523637541781], [-33.2147979482441, -11.1937815470548], [-33.0066170822084, -11.2880217697859], [-32.6879027784762, -11.480127714813]]}, "properties": {"OBJECTID": 346, "id": null, "name": null, "size": 2, "continent": null, "S2": null, "type": null, "Shape__Length": 211907.6010423158}}, {"type": "Feature", "id": 347, "geometry": {"type": "LineString", "coordinates": [[-32.6879027784762, -11.480127714813], [-32.4813565066944, -11.1362332373899]]}, "properties": {"OBJECTID": 347, "id": null, "name": null, "size": 3, "continent": null, "S2": null, "type": null, "Shape__Length": 45307.74455980816}}, {"type": "Feature", "id": 348, "geometry": {"type": "LineString", "coordinates": [[-22.6050409597458, -20.5291981889794], [-22.8389483762679, -20.8282354193128], [-23.1449958523857, -21.1140102107763], [-23.2674148430124, -21.3042219199351], [-23.328624338775, -21.7218195025086], [-23.3694306680856, -21.9490915909686], [-23.512252824266, -22.2515562956043], [-23.7577558373076, -22.9104965487293]]}, "properties": {"OBJECTID": 348, "id": null, "name": null, "size": 2, "continent": null, "S2": null, "type": null, "Shape__Length": 320499.900228456}}, {"type": "Feature", "id": 349, "geometry": {"type": "LineString", "coordinates": [[-23.7577558373076, -22.9104965487293], [-23.8183003003838, -23.4922566672143], [-23.8591066305927, -23.7913080110146], [-24.0835414462927, -24.1455392237824], [-24.1651541067105, -24.4616533951595], [-24.2467667671284, -24.7584497902015], [-24.4507984172747, -25.2207757482795], [-24.5493639705467, -25.5319470592826]]}, "properties": {"OBJECTID": 349, "id": null, "name": null, "size": 2, "continent": null, "S2": null, "type": null, "Shape__Length": 335427.831927428}}, {"type": "Feature", "id": 350, "geometry": {"type": "LineString", "coordinates": [[-22.1616729084883, -18.9254645690153], [-22.3581180372269, -18.6693216715887], [-22.7253750082089, -18.5339606880909], [-23.0110193196714, -18.4178515633738], [-23.2558573000267, -18.1660133845003], [-23.4598889510713, -17.8555598316924], [-23.6435174365623, -17.7972891113571], [-23.8475490876069, -17.7195652239115], [-24.214806058589, -17.3304428202616], [-24.4596440398425, -17.0380578003383], [-24.6636756899889, -16.9404940138194], [-25.0105294963156, -16.8624065194099], [-25.2145611473602, -16.7061348497743], [-25.3777864681959, -16.4323519978742], [-25.3777864681959, -16.1385846110599], [-25.3981896328512, -15.844380734395], [-25.336980137987, -15.5890564713851], [-25.1737548171513, -15.2743754004741], [-25.0921421567334, -15.0183485714829], [-25.0921421567334, -14.6830813017395], [-25.153351652496, -14.3670651375988], [-25.1737548171513, -14.0506018858984], [-25.2757706422245, -13.7535195738761], [-25.6022212838959, -13.138361683121], [-25.6838339443137, -12.8202519007085], [-25.7858497693869, -12.5814049620113], [-25.8674624298047, -12.0631454961966], [-26.1123004110583, -11.7636904495199], [-26.471404276115, -11.3400960117812]]}, "properties": {"OBJECTID": 350, "id": null, "name": null, "size": 2, "continent": null, "S2": null, "type": null, "Shape__Length": 1110350.7567763617}}, {"type": "Feature", "id": 351, "geometry": {"type": "LineString", "coordinates": [[-18.1972600805537, -12.8600137154488], [-18.2482362345009, -12.3310449285552], [-18.2482362345009, -11.9720172441426], [-18.3094457293651, -11.6324966989124], [-18.4114615553366, -11.2325307206352], [-18.6110092404877, -10.6381234838544]]}, "properties": {"OBJECTID": 351, "id": null, "name": null, "size": 4, "continent": null, "S2": null, "type": null, "Shape__Length": 258477.29690765447}}, {"type": "Feature", "id": 352, "geometry": {"type": "LineString", "coordinates": [[-7.97559622823613, -8.75242156688269], [-8.43431383317765, -9.02330045083118], [-8.67915181353291, -9.32543250610315], [-8.82197396971331, -9.68764521164436], [-8.84237713436863, -10.0092846886171], [-8.90358663013116, -10.1699856555376], [-9.25044043645788, -10.4108851965674], [-9.43406892194892, -10.651598788934], [-9.61769740743992, -10.6916993543104], [-10.0092264450721, -10.5494148270104]]}, "properties": {"OBJECTID": 352, "id": null, "name": null, "size": 2, "continent": null, "S2": null, "type": null, "Shape__Length": 351541.9602066604}}, {"type": "Feature", "id": 353, "geometry": {"type": "LineString", "coordinates": [[-9.98495437842196, -10.611492944315], [-10.0869702043934, -10.8720860597652], [-10.0053575439756, -11.1925032740133], [-9.96455121376665, -11.3525796685758], [-10.0869702043934, -11.6524800860643], [-10.1277765346024, -11.9320955457254], [-10.0053575439756, -12.1515916391377], [-9.76051956272202, -12.3310449285552], [-9.59729424278463, -12.5900380330641], [-9.67890690230415, -12.8487699280773], [-9.71971323251308, -13.0078575533043], [-9.76051956272202, -13.4051279299437], [-9.82172905848458, -13.603518464357], [-10.0665670388398, -14.0393898506006], [-10.1481796992577, -14.4744336597832], [-10.2705986898845, -14.8889091882343], [-10.556243001347, -15.1647854279901], [-11.1595591710618, -15.3399154480637]]}, "properties": {"OBJECTID": 353, "id": null, "name": null, "size": 2, "continent": null, "S2": null, "type": null, "Shape__Length": 645235.5215330098}}, {"type": "Feature", "id": 354, "geometry": {"type": "LineString", "coordinates": [[13.0888001689282, -20.3054665361918], [13.1326993133204, -20.2483314150285], [13.1498004075352, -20.2042034083727], [13.2028606879758, -20.1108091507708], [13.3023487140266, -19.9861967473987], [13.3686740650266, -19.9176178447762], [13.4814271616367, -19.8427705636889], [13.5941802582468, -19.7554041273569], [13.7334634941788, -19.6929702107808], [13.8528491256194, -19.6617441141124], [14.0982529242294, -19.5805278191986], [14.2640663012802, -19.5242771452835], [14.4497772828224, -19.5180258605134], [14.569162914263, -19.5305281882112], [14.7681389672628, -19.5930253043949], [14.9604824845339, -19.6180173627367], [15.1793561420252, -19.5930253043949], [15.3982297995166, -19.5117743331193], [15.603838387347, -19.4930183026175], [15.8160795100078, -19.5180258605134], [15.9619952816687, -19.5680293651395], [16.2206641499397, -19.7117029465133], [16.4196402020413, -19.8989093406273], [16.4497445600124, -19.9272137730967], [16.6358180710606, -20.0646009426569], [16.8583325887204, -20.3181919358649], [17.0172715308042, -20.3778002645841], [17.1444226837527, -20.3479989750787], [17.351043307294, -20.1243065123304], [17.6053456131909, -19.9152376840497], [17.7324967670376, -19.7657332242655], [17.8596479199861, -19.6160884487053], [17.9073296023418, -19.3463771001224], [18.1298441200016, -19.0762192445012], [18.4636158973896, -18.8357083463078], [18.4949899817939, -18.8267999263563], [18.626673654577, -18.7662503862628], [18.7839518533474, -18.7143470469416], [18.9316980403161, -18.6827459064042], [19.1080402635881, -18.6850033264409], [19.4249796643039, -18.7143470469416], [19.6847269924128, -18.7527119228323], [19.9087292755917, -18.8294155007028], [20.0660074752603, -18.9331351970829], [20.1184335415171, -18.9894776207662], [20.1295472448873, -19.02205195361], [20.1165808875162, -19.1813333543817], [20.1165808875162, -19.3763671734707], [20.2278381463461, -19.4812889154031], [20.2278381463461, -19.6609965616612], [20.2374145654655, -20.0169588649391]]}, "properties": {"OBJECTID": 354, "id": null, "name": null, "size": 2, "continent": null, "S2": null, "type": null, "Shape__Length": 1089880.010696725}}, {"type": "Feature", "id": 355, "geometry": {"type": "LineString", "coordinates": [[20.2484463209223, -20.0169588649391], [20.5090661027166, -20.2734706115666], [20.6362172556651, -20.7052329856411], [20.747474514495, -20.9132323882747], [20.9382012439177, -20.9874481796916], [21.1925035507129, -20.9874481796916], [21.4150180683727, -20.9726079667567], [21.5580631154397, -21.0764584657735], [21.653426480151, -21.2839416940941], [21.9077287869463, -21.4911326377801], [22.1143494104875, -21.6093953502392], [22.4481211869772, -21.7275614473885], [22.7977868584838, -21.9193742046685], [22.8772563290766, -22.0814758292638], [23.004407482025, -22.3169279723239], [23.2110281055663, -22.478571521406], [23.4017548358873, -22.5226234600674], [23.6401632476656, -22.4638844255005], [23.8944655535626, -22.3316306005787], [24.1487678603578, -22.2581019792001], [24.3712823780176, -22.272810797885], [24.5461152133217, -22.4345055639613], [24.5302213192032, -22.6840269484921], [24.5302213192032, -22.9184565173904], [24.5461152133217, -23.0501454475437], [24.4825396368475, -23.1817057131142], [24.4825396368475, -23.2839410475874], [24.6414785780331, -23.4298553855081], [24.8798869907097, -23.6047401930432], [25.086507614251, -23.8956965461126], [25.1977648730809, -24.0844683030582], [25.3408099201479, -24.2149939250496], [25.5474305445875, -24.2874504689076], [25.6904755916545, -24.4467092742862], [25.9606717916699, -24.6635562777801], [26.2149740984652, -24.7934840641988], [26.5487458749549, -24.995323525828], [26.7712603926147, -25.2974615867582], [26.91430544058, -25.5701775030369], [27.1138903007125, -25.9370515509905]]}, "properties": {"OBJECTID": 355, "id": null, "name": null, "size": 2, "continent": null, "S2": null, "type": null, "Shape__Length": 1196334.1001689765}}, {"type": "Feature", "id": 356, "geometry": {"type": "LineString", "coordinates": [[-19.883004667263, -22.8909935739462], [-20.1689627620509, -22.972028343402], [-20.3633929228948, -23.0039908068365], [-20.5439352156845, -23.0039908068365], [-20.689757836542, -22.9784214409859], [-20.8629043391234, -22.8731350122051]]}, "properties": {"OBJECTID": 356, "id": null, "name": null, "size": 3, "continent": null, "S2": null, "type": null, "Shape__Length": 115010.98635397262}}, {"type": "Feature", "id": 357, "geometry": {"type": "LineString", "coordinates": [[-23.7577558373076, -22.9104965487293], [-24.0089584479261, -22.7416759293992], [-24.1825568057904, -22.6263537126351], [-24.3353233615734, -22.5943025629947], [-24.4672581134783, -22.5301778841022], [-24.6234376214522, -22.4747276111242]]}, "properties": {"OBJECTID": 357, "id": null, "name": null, "size": 3, "continent": null, "S2": null, "type": null, "Shape__Length": 111082.75206130849}}, {"type": "Feature", "id": 358, "geometry": {"type": "LineString", "coordinates": [[-23.7577558373076, -22.9104965487293], [-23.5437148474485, -22.9784214409859], [-23.3701164895842, -22.9912067295177], [-23.1479105908352, -22.9975989195079], [-22.953480429093, -22.9464529280582], [-22.6447399663485, -22.6850035291095]]}, "properties": {"OBJECTID": 358, "id": null, "name": null, "size": 3, "continent": null, "S2": null, "type": null, "Shape__Length": 138517.6972910958}}, {"type": "Feature", "id": 359, "geometry": {"type": "LineString", "coordinates": [[-26.2386719251549, -21.1521947043146], [-26.0713069447077, -21.3579721322951], [-25.8768767829655, -21.4807944275868], [-25.737998096135, -21.5518547853876], [-25.6893905561487, -21.6938710372271], [-25.6893905561487, -21.812301477743]]}, "properties": {"OBJECTID": 359, "id": null, "name": null, "size": 3, "continent": null, "S2": null, "type": null, "Shape__Length": 106683.04235373143}}, {"type": "Feature", "id": 360, "geometry": {"type": "LineString", "coordinates": [[-7.46520668732897, 4.04120391321825], [-7.17124325858161, 4.07511444694636], [-6.74907235602804, 4.11971198790234], [-6.2775157766193, 4.28658842400396], [-5.82117069959823, 4.45342843645446], [-5.51694064825087, 4.5140882269215], [-5.2279220992912, 4.5140882269215], [-5.04538406884213, 4.45342843645446], [-4.77157702227017, 4.45342843645446], [-4.40650096047369, 4.54441622475754], [-4.11748241151402, 4.63539253003888], [-3.8740983706158, 4.57474294670111], [-3.25042676553336, 4.52925238479837], [-2.8092931909, 4.52925238479837], [-2.30731360671585, 4.5140882269215], [-2.01829505775619, 4.54441622475754], [-1.60758448789827, 4.58990582747036], [-1.22729692371405, 4.75667601466467], [-0.968701380428123, 4.84762464023326], [-0.223337754447425, 4.84762464023326], [0.30906483541046, 4.92340581974739], [0.628506389145531, 4.98402455405497], [1.06963996377886, 5.15069703396224], [1.32823550706482, 5.25673867838344], [1.6933115688613, 5.30217959222261], [2.11923364110693, 5.31732582141133], [2.52994421006655, 5.27188602010643], [2.77332825096477, 5.16584693187156], [3.1688273175367, 5.13554677495696], [3.47305736888406, 5.19614564109482], [3.80771042590514, 5.39305135758767], [4.02067146202798, 5.52933342778016], [4.34011301576302, 5.55961409822137], [4.8573041032332, 5.54447395718531], [5.32886068264197, 5.57475385073524], [5.69393674443845, 5.54447395718531], [5.89168627727527, 5.6353089421128], [6.16060609793445, 5.8012780169316]]}, "properties": {"OBJECTID": 360, "id": null, "name": null, "size": 3, "continent": null, "S2": null, "type": null, "Shape__Length": 1564921.5717773724}}, {"type": "Feature", "id": 361, "geometry": {"type": "LineString", "coordinates": [[-7.04033669140137, 1.38205063729518], [-6.67301484319119, 1.24819365796309], [-6.42963080229297, 1.20256958735357], [-6.20145826378245, 1.24819365796309], [-6.00370873004734, 1.40026801287074], [-5.72990168437368, 1.61315529455821], [-5.3648256225772, 1.76520417315404], [-5.19749909451579, 1.76520417315404], [-4.81721153033161, 1.70438605463534], [-4.52819298137195, 1.64356601420495], [-4.22396293002458, 1.68918122127475], [-3.95015588345262, 1.79561249153604], [-3.58507982165614, 1.8868343751057], [-3.28084977030877, 1.96284896667127], [-2.9918312222474, 1.97805147434954], [-2.62675516045092, 1.99325384271489], [-2.32252510910356, 2.11486764790191], [-2.03350656014389, 2.29727031205429], [-1.74448801118423, 2.51004385282658], [-1.44025795983686, 2.64680873959206], [-1.07518189804038, 2.73797699515758], [-0.862220862815865, 2.78355853641883], [-0.390664282508796, 3.01143922014618], [0.172161312124497, 3.22408492083293], [0.537237373920977, 3.37594766466011], [1.03921695810516, 3.46705398340981], [1.55640804557534, 3.46705398340981], [1.96711861543326, 3.51260386564506], [2.33219467633144, 3.66442059429623], [2.66684773335255, 3.8465665748246], [2.95586628231218, 3.99832523493546], [3.24488483037355, 4.16522727517363], [3.60996089217003, 4.30175722391702], [3.95982545157884, 4.36242939316728], [4.14236348202791, 4.42309666071686], [4.38574752292617, 4.55957974574357], [4.58349705666128, 4.71119718175191], [4.75082358472265, 4.78699356907819], [5.23759166741742, 4.93856102371491], [5.52661021547875, 5.13554677495696], [5.7699942572753, 5.34761716169802], [6.01337829817353, 5.52933342778016], [6.16060609793445, 5.8012780169316]]}, "properties": {"OBJECTID": 361, "id": null, "name": null, "size": 3, "continent": null, "S2": null, "type": null, "Shape__Length": 1609738.2348421686}}, {"type": "Feature", "id": 362, "geometry": {"type": "LineString", "coordinates": [[6.47064217027054, 5.67078861368713], [6.56099239041911, 5.46876744652281], [6.78916492892967, 5.19614564109482], [6.94127995460333, 4.95371588130773], [7.01733746744018, 4.75667601466467], [7.12381798505244, 4.5140882269215], [7.30635601639985, 4.2259102238738], [7.51931705252266, 3.9679757157487], [7.77791259580858, 3.72514013302252], [7.91481611909455, 3.51260386564506], [7.93002762148225, 3.31520535626892], [7.91481611909455, 3.02662961033776], [7.94523912386996, 2.78355853641883], [8.05171964238054, 2.5556337773783], [8.32552668805417, 2.28207095436345], [8.73623725791209, 2.00845607159612], [9.11652482209631, 1.73479535830059], [9.28385135015768, 1.55233250189644], [9.31427435493309, 1.44588844366772], [9.26863984776998, 1.32423200173783], [9.10131331881028, 1.20256958735357], [9.02525580597346, 1.09611050792575], [9.04046730925946, 0.928810162112345], [9.10131331881028, 0.79192210698267], [9.13173632448402, 0.68545045309731], [9.05567881164717, 0.472500412369215], [8.78187176507521, 0.213909727866528], [8.69060274985069, 0.122641115922595], [8.67539124746298, 0.0313721927813994], [8.82750627313665, -0.0598968108640882], [9.11652482209631, -0.151165661625007], [9.43596637583139, -0.16637710556424], [9.69456191911731, -0.1815885377764], [10.0748494833015, -0.288068146638597], [10.2117530065875, -0.379335604237484], [10.4551370474857, -0.69876260682244], [10.7593670988331, -0.91170248932407], [10.9723281349559, -1.03337695607628], [11.2005006734664, -1.17025513375667], [11.2613466839156, -1.47440380860423], [11.3221926943647, -1.71769324276199], [11.3374041967524, -1.82412288875259], [11.2765581863033, -1.96095170212493], [11.0788086525682, -2.14337258279422], [10.9571166325682, -2.35616934441515], [10.9875396373436, -2.46255571514299], [11.2157121758541, -2.62971699458502], [11.5807882376506, -2.8424351359279], [11.8698067866103, -2.99435283335316], [11.9458642994471, -3.19181418553582], [12.1131908275085, -3.51070905276792], [12.3109403612436, -3.78396124571277], [12.615170412591, -4.02677994089496], [12.9715723069697, -4.24362895378868]]}, "properties": {"OBJECTID": 362, "id": null, "name": null, "size": 3, "continent": null, "S2": null, "type": null, "Shape__Length": 1573814.202886704}}, {"type": "Feature", "id": 363, "geometry": {"type": "LineString", "coordinates": [[19.3962466753438, 2.92734027912885], [19.7949996240295, 2.82913831375915], [20.1448641834382, 2.78355853641883], [20.342613716275, 2.76836488410118], [20.4643057371733, 2.69239372055125], [20.4338827314996, 2.57083006022704], [20.2817677058259, 2.44925481830607], [20.1296526801522, 2.34286741125037], [19.9927491577646, 2.26687143599005], [19.9166916449277, 2.17567101032894], [20.0535951673154, 2.11486764790191], [20.2209216962751, 1.96284896667127], [20.2969792091119, 1.85642760106759], [20.342613716275, 1.74999982736366], [20.2513447010505, 1.61315529455821], [20.1904986906014, 1.44588844366772], [20.2057101929891, 1.17215311540106], [20.3274022138873, 0.944019633820892], [20.4186712291119, 0.77671202893351], [20.4186712291119, 0.655029530208819], [20.342613716275, 0.502922315511962], [20.2969792091119, 0.335600326699209], [20.2817677058259, 0.0313721927813994], [20.342613716275, -0.120742741955623], [20.5555747523979, -0.257645486303666], [20.7685357885207, -0.394546759695841], [20.7837472909084, -0.485813071835936], [20.753324286133, -0.607499531103393], [20.5555747523979, -0.729183249214201], [20.3578252186627, -0.866073474126854], [20.2513447010505, -1.04858594875585], [20.2817677058259, -1.26150358928424], [20.3578252186627, -1.44399066996504], [20.5099402443364, -1.50481653262941], [20.6772667732961, -1.52002273570001], [20.7229012804593, -1.64166841605652], [20.6468437676224, -1.79371504447694], [20.4338827314996, -1.94574903812734], [20.342613716275, -2.06736641776576], [20.3121907114996, -2.23457498802921], [20.342613716275, -2.41696257545982], [20.3882482243365, -2.59932565927757], [20.3578252186627, -2.70569207590181], [20.2209216962751, -2.88801259421657], [19.9014801416417, -3.14624946344331], [19.6124615935803, -3.37405257893943], [19.4755580702944, -3.58662072627364], [19.3842890550698, -3.79913945359286], [19.4451350646206, -4.0571272743291], [19.5211925774575, -4.22401700451935], [19.7797881216417, -4.40603754238273], [19.9471146497031, -4.58801353482715], [19.9623261520908, -4.66382328452794], [19.8558456344786, -4.83057574743324], [19.8406341320909, -4.98213335092765], [19.764576619254, -5.10335432783756], [19.4451350646206, -5.14880631941142], [18.8823094699873, -5.20940391524131], [18.3803298849049, -5.20940391524131], [18.1825803520681, -5.36087219798688], [18.0152538240067, -5.55772464792771], [17.597540157077, -5.83946801394326]]}, "properties": {"OBJECTID": 363, "id": null, "name": null, "size": 3, "continent": null, "S2": null, "type": null, "Shape__Length": 1504152.5848936157}}, {"type": "Feature", "id": 364, "geometry": {"type": "LineString", "coordinates": [[12.9715723069697, -4.24362895378868], [12.8585544534892, -4.49703122074377], [12.599958909305, -4.63350035946655], [12.4174208788559, -4.63350035946655], [12.2957288579576, -4.76994315932749], [12.2805173555699, -4.90635885090713], [11.9762873042226, -5.08820294725201], [11.7633262680997, -5.26999566930487], [11.5655767352629, -5.391161380708], [11.4615946929672, -5.75788238788898]]}, "properties": {"OBJECTID": 364, "id": null, "name": null, "size": 3, "continent": null, "S2": null, "type": null, "Shape__Length": 258764.08678906455}}, {"type": "Feature", "id": 365, "geometry": {"type": "LineString", "coordinates": [[11.4615946929672, -5.75788238788898], [11.1396546630173, -5.72424081175451], [10.6833095859962, -5.72424081175451], [10.3638680322612, -5.81504745847246], [9.98358046807697, -5.95122988150795], [9.77061943195416, -6.11762917738772], [9.63371590866816, -6.34445359089101], [9.46638938060679, -6.58628954844021], [9.37512036538224, -6.76758944190407], [9.20779383732087, -6.90351980050956], [8.81229477074895, -6.99411840027859], [8.40158420089102, -7.08469942845788], [8.06693114476825, -7.26580787939002], [7.77791259580858, -7.47700873418258], [7.58016306207348, -7.68810746333328], [7.38241352923666, -7.76347458029308], [7.00212596505248, -7.68810746333328], [6.62183840086826, -7.70318196148003], [5.81562876443842, -7.71825592407468], [5.42012969786653, -7.85389727146511], [5.14632265129457, -7.91416814599213], [4.65955456949809, -7.97443020828871], [4.53786254859983, -7.97443020828871], [4.29447850770161, -8.17022026139939], [4.0967289748648, -8.33581386734103], [3.76207591784373, -8.35086437591068], [3.32094234321036, -8.33581386734103], [3.00150078947533, -8.39601241656625], [2.80375125663851, -8.51638144787691], [2.32505103783353, -8.94205305574546]]}, "properties": {"OBJECTID": 365, "id": null, "name": null, "size": 3, "continent": null, "S2": null, "type": null, "Shape__Length": 1143771.5715733476}}, {"type": "Feature", "id": 366, "geometry": {"type": "LineString", "coordinates": [[2.32505103783353, -8.94205305574546], [2.01275312259637, -8.99747384820071], [1.73894607692274, -8.96742394412056], [1.34344700945252, -8.89228832138006], [0.841467425268345, -8.80210523230812], [0.658929393920939, -8.77203930651294], [0.339487840185868, -8.81713727965485], [-0.0560112263860204, -8.92234442834692], [-0.436298790570238, -8.92234442834692], [-0.694894333856163, -8.95239805931951], [-1.01433588848957, -9.10262880722257], [-1.22729692371405, -9.17772058681159], [-1.36420044700004, -9.22276803232566], [-1.65321899595971, -9.22276803232566], [-1.98787205208245, -9.07258767268087], [-2.27689060104211, -8.96742394412056], [-2.52027464194037, -8.95239805931951], [-2.97275922609588, -8.95404984703753]]}, "properties": {"OBJECTID": 366, "id": null, "name": null, "size": 3, "continent": null, "S2": null, "type": null, "Shape__Length": 606576.1757833803}}, {"type": "Feature", "id": 367, "geometry": {"type": "LineString", "coordinates": [[2.32505103783353, -8.94205305574546], [2.08881063543322, -9.17772058681159], [1.87584959931041, -9.34286636707401], [1.73894607692274, -9.41790683420349], [1.63246555841219, -9.65792618822491], [1.55640804557534, -9.8827891195752], [1.41950452228934, -10.0625690039136], [1.16090897900342, -10.2272793843895], [0.993582450942045, -10.3619789735249], [0.902313435717491, -10.556442678109], [0.826255922880641, -10.6760516913444], [0.537237373920977, -10.7507834620571], [0.324276337798164, -10.825496729994], [0.126526804063055, -10.9300639870134], [0.0504692912262043, -11.0495242936411], [0.00483478406309245, -11.258462541972], [-0.0103767183246115, -11.4672492268331], [-0.0560112263860204, -11.6311878476315], [-0.208126252059721, -11.765247730779], [-0.466721795345646, -11.8545847519828], [-0.753073616332643, -11.8931497404859]]}, "properties": {"OBJECTID": 367, "id": null, "name": null, "size": 3, "continent": null, "S2": null, "type": null, "Shape__Length": 517508.2960207005}}, {"type": "Feature", "id": 368, "geometry": {"type": "LineString", "coordinates": [[2.32505103783353, -8.94205305574546], [2.5907902205157, -9.19273703891286], [2.80375125663851, -9.38789259649232], [3.06234679992444, -9.71790446987701], [3.24488483037355, -10.0176333450329], [3.42742286172095, -10.1224734840691], [3.62517239455773, -10.1823667836299], [3.82292192829284, -10.2123092221044], [4.03588296441569, -10.3320507074946], [4.2640555029262, -10.4816633742672], [4.49222804143672, -10.6013015404415], [4.73561208233494, -10.7358385843926], [4.79645809278409, -10.8852539402433], [4.81166959517179, -11.1689359819611], [4.79645809278409, -11.3181314628252], [4.8420925999472, -11.6460865928238], [4.93336161607005, -11.8099198816575], [5.14632265129457, -12.0480477477034], [5.32886068264197, -12.1670327843711], [5.70914824682616, -12.3899858155965], [5.93732078533671, -12.6721192134054], [6.04380130294893, -12.9391157618939], [6.13507031817349, -13.1613949925336], [6.28718534384719, -13.2650565477722], [6.45451187280689, -13.3390734759964], [6.53056938564371, -13.4870392208775], [6.59141539519452, -13.8565508453323], [6.59141539519452, -14.1074843925842], [6.71310741609282, -14.3286673746526], [6.83479943699107, -14.5643556577812], [6.86522244176648, -14.82920402074], [6.88043394415419, -15.1524674098502], [6.91600201917669, -15.4428140389351]]}, "properties": {"OBJECTID": 368, "id": null, "name": null, "size": 3, "continent": null, "S2": null, "type": null, "Shape__Length": 976001.395441999}}, {"type": "Feature", "id": 369, "geometry": {"type": "LineString", "coordinates": [[6.91600201917669, -15.4428140389351], [7.16945249311385, -15.6510828927262], [7.41283653401207, -15.8853079564056], [7.74748959103318, -16.0607983381319], [7.94523912386996, -16.2361341103881], [8.0060851343191, -16.3821280649286], [8.02129663670681, -16.6883586372157], [8.05171964238054, -16.8631280940123], [8.21904617044192, -16.9650024819397], [8.56891072895239, -17.0959026459645], [8.9035637859735, -17.1831183960883], [9.23821684209628, -17.5170637117632], [9.5120238886682, -17.8359160152503], [9.70219578353712, -18.1402630746924]]}, "properties": {"OBJECTID": 369, "id": null, "name": null, "size": 3, "continent": null, "S2": null, "type": null, "Shape__Length": 468210.6333211668}}, {"type": "Feature", "id": 370, "geometry": {"type": "LineString", "coordinates": [[6.91600201917669, -15.4428140389351], [6.69789591370511, -15.7389489584783], [6.46972337519459, -16.0169401781225], [6.3328198519086, -16.2215287381224], [6.28718534384719, -16.3821280649286], [6.3480313542963, -16.6154907332472], [6.3328198519086, -16.7757634543216], [6.08943581101038, -16.9359011369738], [5.87647477488756, -17.0813627111803], [5.5874562259279, -17.241239444449], [5.43534120025423, -17.3864619221511], [5.19139642826069, -17.6547169091321]]}, "properties": {"OBJECTID": 370, "id": null, "name": null, "size": 3, "continent": null, "S2": null, "type": null, "Shape__Length": 341659.24113194604}}, {"type": "Feature", "id": 371, "geometry": {"type": "LineString", "coordinates": [[2.06040238565177, -19.9544469251382], [2.25613716349459, -19.7940186026746], [2.34740617961748, -19.5361814340028], [2.438675194842, -19.4071079262854], [2.78853975335248, -19.2492122522772], [2.83417426141392, -19.0767890000664], [2.80375125663851, -18.9041861180937], [2.74290524618937, -18.7746169039826], [2.62154844421578, -18.5490916888377]]}, "properties": {"OBJECTID": 371, "id": null, "name": null, "size": 3, "continent": null, "S2": null, "type": null, "Shape__Length": 210486.44555302968}}, {"type": "Feature", "id": 372, "geometry": {"type": "LineString", "coordinates": [[2.62154844421578, -18.5490916888377], [2.575578718128, -18.2986814468125], [2.575578718128, -18.1108301462316], [2.6060017229034, -17.9517214719799], [2.66684773335255, -17.7779850000667], [2.68205923574025, -17.6330753854172], [2.54515571245426, -17.4590300273538], [2.46909819961741, -17.2848182301787], [2.4234636924543, -17.0813627111803], [2.438675194842, -16.9359011369738], [2.56036721484196, -16.7903270224886], [2.5907902205157, -16.7320660562849], [2.52994421006655, -16.4842588642809], [2.438675194842, -16.2507383985323], [2.4234636924543, -15.9876960486254], [2.38549793758171, -15.5995219385633]]}, "properties": {"OBJECTID": 372, "id": null, "name": null, "size": 3, "continent": null, "S2": null, "type": null, "Shape__Length": 361281.4461895118}}, {"type": "Feature", "id": 373, "geometry": {"type": "LineString", "coordinates": [[2.62154844421578, -18.5490916888377], [2.94065477902618, -18.4286132727781], [3.32094234321036, -18.2986814468125], [3.59474938978232, -18.1397435162819], [3.68601840500688, -18.0963716709946], [4.14236348202791, -18.1108301462316], [4.46180503576298, -18.0819120033795], [4.76603508711035, -17.9661918339339], [4.94857311845776, -17.8503958271228], [5.19139642826069, -17.6547169091321]]}, "properties": {"OBJECTID": 373, "id": null, "name": null, "size": 3, "continent": null, "S2": null, "type": null, "Shape__Length": 313163.0215510972}}, {"type": "Feature", "id": 374, "geometry": {"type": "LineString", "coordinates": [[5.19139642826069, -17.6547169091321], [5.51139871309105, -17.995129002134], [5.78520575966301, -18.2264549256195], [5.89168627727527, -18.2553491387827], [6.21112783101034, -18.3131231425816], [6.57620389280682, -18.3708778716087], [6.89564544654189, -18.4574737102913], [7.18466399550155, -18.5440258873513], [7.35199052356296, -18.572866879842], [7.58016306207348, -18.7169985555097], [7.70185508297173, -18.9329656806502], [7.71903107871493, -19.3580796009477]]}, "properties": {"OBJECTID": 374, "id": null, "name": null, "size": 3, "continent": null, "S2": null, "type": null, "Shape__Length": 383025.4519170687}}, {"type": "Feature", "id": 375, "geometry": {"type": "LineString", "coordinates": [[7.71903107871493, -19.3580796009477], [8.1582001599928, -19.5935143803181], [8.47764171372784, -19.7797052115019], [8.70581425223839, -19.9942706147229], [8.79708326746291, -20.336966885574], [8.8883522835858, -20.6219685002956], [9.01004430358576, -20.7784928014978], [9.06533969665784, -20.8215690862716], [9.17027935921606, -20.8439871330276], [9.30956259514816, -20.7695873194899], [9.48200850792772, -20.6517126857813], [9.63455681441911, -20.5399575967025], [9.77384005124951, -20.4654087752614], [9.94628596313074, -20.4094733854612], [10.1120993401815, -20.3846066853915], [10.1983222965713, -20.3535176705702], [10.2779127172322, -20.2850998158913], [10.377400743283, -20.1979788643306], [10.4304610246219, -20.1481735593517], [10.4581764325709, -20.1342959486802], [10.71373259167, -20.1228698786207], [10.8120544481751, -20.1321016056484], [10.9105373267966, -20.1056805939184], [11.1092316582419, -19.9656787070248], [11.1634039595795, -19.9147540916771], [11.2796444409883, -19.8588852323052], [11.3526156991401, -19.8512592924606], [11.5503652328752, -19.8226415246942], [11.7633262680997, -19.7653905343089], [11.8491302780887, -19.7452020361551], [11.9173174989061, -19.746890924281], [12.0675563194471, -19.7940186026746], [12.2500943507945, -19.9799753093097], [12.4326323812436, -20.108586279754], [12.6455934173664, -20.1942682898031], [13.0888001689282, -20.3054665361918]]}, "properties": {"OBJECTID": 375, "id": null, "name": null, "size": 3, "continent": null, "S2": null, "type": null, "Shape__Length": 747604.7632275462}}, {"type": "Feature", "id": 376, "geometry": {"type": "LineString", "coordinates": [[14.7194922733064, 18.8355574197046], [14.6282032588887, 19.1150148185465], [14.5997074098924, 19.3571586830539], [14.5997074098924, 19.6392058768656], [14.5284677874014, 19.880567181319], [14.428732315914, 20.134939107392], [14.357492693423, 20.3354672637661], [14.1679188519545, 20.446989641207]]}, "properties": {"OBJECTID": 376, "id": null, "name": null, "size": 4, "continent": null, "S2": null, "type": null, "Shape__Length": 208202.0470838423}}, {"type": "Feature", "id": 377, "geometry": {"type": "LineString", "coordinates": [[9.09329376451987, 27.8569015389604], [9.00027307401715, 27.4799773436217], [8.84354590363869, 27.1888662939756], [8.84354590363869, 27.0112949425336], [8.9005376025298, 26.757134470741], [9.11425647000269, 26.5788829295761], [9.27098363948285, 26.4386331437486], [9.38496703546839, 26.0936603531149], [9.51319835685044, 25.7861610631152], [9.71266929982517, 25.5421568731731], [9.88364439380353, 25.4264020564202], [10.2255945826585, 25.3234154512057], [10.4250655256332, 25.1429780919866], [10.5248009971206, 25.0139306529161], [10.5390489216188, 24.8588945653351], [10.339577978644, 24.5223166226137], [10.2255945826585, 24.2757833480454], [10.0973632621747, 23.9767073227078], [9.86939646930531, 23.794319904565], [9.61293382833782, 23.6247305803251], [9.35647118647201, 23.5333221145684], [9.07151269650812, 23.6247305803251], [8.77230628114772, 23.703029967099], [8.3591164707001, 23.6899833264932], [8.03141420634332, 23.6377837334874], [7.70093670920566, 23.5588230379837]]}, "properties": {"OBJECTID": 377, "id": null, "name": null, "size": 4, "continent": null, "S2": null, "type": null, "Shape__Length": 864826.2123078709}}, {"type": "Feature", "id": 378, "geometry": {"type": "LineString", "coordinates": [[7.70093670920566, 23.5588230379837], [7.33326590503345, 23.5333221145684], [6.96281986718211, 23.4679914315716], [6.74910099970919, 23.3241501296925], [6.4641425097453, 23.2063458231368], [6.23617571687586, 23.0097745436319], [6.13644024538851, 22.8785675616591], [6.14100760458478, 22.7372723363476]]}, "properties": {"OBJECTID": 378, "id": null, "name": null, "size": 4, "continent": null, "S2": null, "type": null, "Shape__Length": 218543.68403434803}}, {"type": "Feature", "id": 379, "geometry": {"type": "LineString", "coordinates": [[-44.3062668976745, 15.1629465534451], [-44.0932818900083, 15.1337724136167], [-44.0937952421589, 15.0115169171418], [-44.0937952421589, 14.7702829528502], [-44.0581356593517, 14.5805537106893], [-43.8798377444173, 14.2870147635449], [-43.6480504543738, 14.0622846812609], [-43.2736248331014, 13.8373335919757], [-42.9705183774434, 13.5775042710997], [-42.8457098367198, 13.4734924934355], [-42.578262963869, 13.1264615225071], [-42.3643054661274, 12.8832470710045], [-42.1325181760839, 12.6745892550928], [-41.8829010946367, 12.4483503638297], [-41.8115819290223, 12.2219140998864], [-41.7224329711059, 11.9080673979177], [-41.6511138054915, 11.6986340658144], [-41.4371563068516, 11.4366196324939], [-41.2053690177063, 11.1918538262863], [-40.9914115190664, 11.0343947679308], [-40.7417944385176, 10.8593412878396], [-40.5634965235832, 10.6491417395056], [-40.4565177742632, 10.3160301229716], [-40.3317092335396, 9.96500528824222], [-40.1534113186052, 9.84205657933077], [-39.7968154878381, 9.64875916477474], [-39.4580494493729, 9.54327731894624], [-39.0836238281005, 9.42017391341729], [-38.6913684145262, 9.29702660970304], [-38.3169427923554, 9.05060252246889], [-38.2277938353374, 8.82162879262197], [-38.1029852946138, 8.57488288390043], [-37.9068575882758, 8.36325860843382], [-37.639410715425, 8.16916862025136], [-37.3719638425743, 8.0456075057957], [-37.140176553429, 7.88668793268654], [-36.9440488461927, 7.72770727580314], [-36.8548998891747, 7.53331638297257], [-36.7835807226619, 7.35652161269496], [-36.5517934335167, 7.21503498651253], [-36.0541979998216, 6.94988184286441]]}, "properties": {"OBJECTID": 379, "id": null, "name": null, "size": 4, "continent": null, "S2": null, "type": null, "Shape__Length": 1384830.3881479665}}, {"type": "Feature", "id": 380, "geometry": {"type": "LineString", "coordinates": [[-32.4290893281568, 4.20116375626604], [-32.5579201348539, 3.84363299831805], [-32.5579201348539, 3.61233633318639], [-32.4866009683411, 3.16737258493414], [-32.3261328448103, 2.75783634423404], [-32.2369838877923, 2.5262956033436], [-32.1834945126831, 2.18781667657696], [-32.2013243040867, 2.0809121607954], [-32.3974520113231, 1.81361997489246], [-32.5579201348539, 1.56411152393319], [-32.5757499262575, 1.47499392570257], [-32.4509413855339, 1.24327200431306], [-32.3974520113231, 1.08283699292529], [-32.3974520113231, 0.868910652897916], [-32.4509413855339, 0.70845778424583], [-32.4509413855339, 0.565828308179955], [-32.2596495439323, 0.282604550341859]]}, "properties": {"OBJECTID": 380, "id": null, "name": null, "size": 4, "continent": null, "S2": null, "type": null, "Shape__Length": 470149.74582566577}}, {"type": "Feature", "id": 381, "geometry": {"type": "LineString", "coordinates": [[-32.4509413855339, 0.565828308179955], [-32.9145159647227, 0.583657202466334], [-33.1463032547662, 0.51234130348386], [-33.4315799190206, 0.458853851384989], [-33.9664736638238, 0.476683048519676], [-34.2517503280782, 0.458853851384989], [-34.5905163665433, 0.619314819763501], [-34.8579632393941, 0.815427058699601], [-35.1788994864557, 0.868910652897916], [-35.375027193692, 0.922393489917914], [-35.6577162401092, 1.20821707049918]]}, "properties": {"OBJECTID": 381, "id": null, "name": null, "size": 4, "continent": null, "S2": null, "type": null, "Shape__Length": 384597.56051947933}}, {"type": "Feature", "id": 382, "geometry": {"type": "LineString", "coordinates": [[-40.137804049046, 3.55893067753273], [-39.7433261136273, 3.13176686614362], [-39.4580494493729, 2.81126256020515], [-39.2619217430349, 2.72221752990226], [-38.8696663294606, 2.54410794347891], [-38.548730082399, 2.31252895496386], [-38.352602376061, 2.11654782278432], [-38.2277938353374, 2.02745716210302], [-37.8711980045703, 1.86708175777327], [-37.5146021747015, 1.84926134215994], [-37.3184744683634, 1.81361997489246], [-37.0510275955127, 1.61758027943287], [-36.7479211398547, 1.33239843453404], [-36.4448146841967, 1.13631633626746], [-36.2130273941532, 1.02935670696523], [-36.0168996878152, 1.10066354754182], [-35.6577162401092, 1.20821707049918]]}, "properties": {"OBJECTID": 382, "id": null, "name": null, "size": 4, "continent": null, "S2": null, "type": null, "Shape__Length": 598853.4695495508}}, {"type": "Feature", "id": 383, "geometry": {"type": "LineString", "coordinates": [[-44.3486869623582, 2.34668459743099], [-43.8620079530137, 2.02745716210302], [-43.6658802457774, 1.72451351767472], [-43.3806035824213, 1.22544635047473], [-43.1488162923778, 0.637143539322051], [-42.9705183774434, 0.0131139684241499], [-42.8457098367198, -0.503943487194784], [-42.8100502539126, -0.610917158066889], [-42.578262963869, -0.771373554413058], [-42.2038373425966, -0.985305788521882], [-41.9542202611495, -1.25270141278002], [-41.7402627625095, -1.53789319538783], [-41.6511138054915, -1.80522601670163], [-41.5619648475751, -2.0725195310085], [-41.2945179747244, -2.30413762309524], [-41.0805604769827, -2.53571804820704]]}, "properties": {"OBJECTID": 383, "id": null, "name": null, "size": 4, "continent": null, "S2": null, "type": null, "Shape__Length": 680500.2325996723}}, {"type": "Feature", "id": 384, "geometry": {"type": "LineString", "coordinates": [[-41.0805604769827, -2.53571804820704], [-41.0627306855792, -2.96313946090312], [-41.0983902683864, -3.15898723442502], [-41.1875392263027, -3.47938468580736], [-41.2766881833208, -3.67513015666704], [-41.3123477670263, -3.79967323895591], [-41.2766881833208, -3.97756060020941], [-41.1697094348991, -4.26209980778877], [-41.1697094348991, -4.36877524468413], [-41.2231988091099, -4.49321072125544], [-41.3480073498335, -4.72424840279491], [-41.5022965832607, -5.09570698872515]]}, "properties": {"OBJECTID": 384, "id": null, "name": null, "size": 4, "continent": null, "S2": null, "type": null, "Shape__Length": 300782.4375898948}}, {"type": "Feature", "id": 385, "geometry": {"type": "LineString", "coordinates": [[-41.5022965832607, -5.09570698872515], [-41.6332840140879, -5.45238404749811], [-41.6867733882987, -5.70081953388278], [-41.7580925548115, -5.89594366980557], [-41.7937521376187, -6.05553976680986], [-41.7402627625095, -6.26826101288507], [-41.6689435968951, -6.51632600214889], [-41.6689435968951, -6.65802266588979], [-41.7046031797023, -6.88819214622471], [-41.7759223462151, -7.02977964394577], [-41.7759223462151, -7.11824998134641], [-41.6867733882987, -7.33050880559771], [-41.5441350561715, -7.57801610933081], [-41.4193265154479, -7.84304463177411], [-41.3658371412371, -8.17850445231106], [-41.3123477670263, -8.4078677713234], [-41.2945179747244, -8.47841397939646], [-41.3658371412371, -8.58420898668174], [-41.4728158905571, -8.74284611169071], [-41.5619648475751, -8.90141571844124], [-41.6154542226843, -9.21834763863529], [-41.6511138054915, -9.49982655423428], [-41.6867733882987, -9.65805725985584], [-42.0433692190658, -10.0620841691827], [-42.2394969254038, -10.4130021815126], [-42.3643054661274, -10.640888121536], [-42.4356246317418, -10.8686038932626]]}, "properties": {"OBJECTID": 385, "id": null, "name": null, "size": 4, "continent": null, "S2": null, "type": null, "Shape__Length": 703859.2201048699}}, {"type": "Feature", "id": 386, "geometry": {"type": "LineString", "coordinates": [[-38.2277938353374, 2.02745716210302], [-38.2277938353374, 1.74233514980495], [-38.2277938353374, 1.33239843453404], [-38.2099640439338, 1.08283699292529], [-38.2099640439338, 0.975875524067949], [-38.3169427923554, 0.744114501569326], [-38.4595811244826, 0.494512199495317], [-38.5309002909954, 0.244900512864299], [-38.5843896652062, 0.155752108840438], [-38.8161769552497, -0.111694501439393], [-38.9766450787805, -0.289991249004453], [-39.0836238281005, -0.593088350891258], [-39.0836238281005, -0.807029753893106], [-39.2440919516313, -1.05661362717787], [-39.4402196579693, -1.25270141278002], [-39.5471984072893, -1.35965234894811], [-39.9751134036708, -1.448774525579], [-40.0999219434961, -1.52006975224264], [-40.2247304842196, -1.89432850958327], [-40.3495390249432, -2.21505799323375], [-40.616985897794, -2.33976792775768], [-41.0805604769827, -2.53571804820704]]}, "properties": {"OBJECTID": 386, "id": null, "name": null, "size": 4, "continent": null, "S2": null, "type": null, "Shape__Length": 660335.6913505353}}, {"type": "Feature", "id": 387, "geometry": {"type": "LineString", "coordinates": [[-33.5439391960067, -9.98906778209753], [-33.1284734633626, -10.1498499630793], [-32.8610265905118, -10.255137137964], [-32.6114095090647, -10.5707873334307], [-32.5579201348539, -10.7810412638675], [-32.4813565066944, -11.1362332373899]]}, "properties": {"OBJECTID": 387, "id": null, "name": null, "size": 4, "continent": null, "S2": null, "type": null, "Shape__Length": 192736.48838964812}}, {"type": "Feature", "id": 388, "geometry": {"type": "LineString", "coordinates": [[-19.1764677972187, 13.9213215871585], [-19.5698948268243, 13.7957694077735], [-19.8823718724173, 13.7148320214823], [-20.0768020332612, 13.6068721133668], [-20.2226246541187, 13.4718529955822], [-20.2990079320102, 13.2962142320681], [-20.347615472895, 13.0663408881682], [-20.4101108818339, 12.8768724032948], [-20.5281577647863, 12.6669366073204], [-20.7156439925015, 12.3686667820398], [-20.9100741533454, 12.1583169843645], [-21.0767285771826, 12.0021432551009], [-21.2433830010197, 11.9138310213556], [-21.6243379442898, 11.8449946509373]]}, "properties": {"OBJECTID": 388, "id": null, "name": null, "size": 4, "continent": null, "S2": null, "type": null, "Shape__Length": 390280.5690060759}}, {"type": "Feature", "id": 389, "geometry": {"type": "LineString", "coordinates": [[-19.1764677972187, 13.9213215871585], [-18.9310528684824, 13.6878466826989], [-18.7505105756927, 13.4583468772885], [-18.6671833637741, 13.2624229005483], [-18.5144168088895, 13.1272107083586], [-18.3269305820727, 12.9851577870087], [-18.2574912382083, 12.7820842855326], [-18.1394443543575, 12.5178447866393], [-18.0422292743847, 12.30083036667], [-17.8686309156221, 12.1107955019352], [-17.7453079655963, 11.949187893068]]}, "properties": {"OBJECTID": 389, "id": null, "name": null, "size": 4, "continent": null, "S2": null, "type": null, "Shape__Length": 281311.6438664942}}, {"type": "Feature", "id": 390, "geometry": {"type": "LineString", "coordinates": [[-17.7453079655963, 11.949187893068], [-17.9658459964933, 11.7779100189793], [-18.3130427131201, 11.6215177552484], [-18.6463515607944, 11.4514265691057], [-18.9171649995299, 11.2539926681339], [-19.0213240153264, 11.1926924281724], [-19.4101843379126, 11.185880487334], [-19.8129325285529, 11.1654437060135], [-20.1879049830849, 11.0564232986988], [-20.548989567766, 10.9405446938925], [-20.8892423503657, 10.8109797021399], [-21.2711587389248, 10.7564092386619], [-21.6946296842559, 10.7118267594808]]}, "properties": {"OBJECTID": 390, "id": null, "name": null, "size": 4, "continent": null, "S2": null, "type": null, "Shape__Length": 471818.9383099435}}, {"type": "Feature", "id": 391, "geometry": {"type": "LineString", "coordinates": [[-8.04592076748989, 4.62680787786472], [-8.31842071052624, 4.38255903310294], [-8.47867803179919, 4.29378227722725], [-8.71016082889403, 4.25826867035158], [-8.90603088852708, 4.15171807047448], [-9.12845328305619, 4.0052258650125], [-9.30469937221979, 3.72116785594336], [-9.45383067781326, 3.36935081178886], [-9.56228981029728, 3.08509739048162], [-9.77920807346866, 2.99032901038912], [-10.0367985115461, 2.90909244257806], [-10.2943889496236, 2.800767941752], [-10.4706350387872, 2.66534826958106], [-10.6890021533578, 2.48979365468809]]}, "properties": {"OBJECTID": 391, "id": null, "name": null, "size": 4, "continent": null, "S2": null, "type": null, "Shape__Length": 399071.94970154105}}, {"type": "Feature", "id": 392, "geometry": {"type": "LineString", "coordinates": [[-10.6890021533578, 2.48979365468809], [-10.6332486841695, 2.16053049653983], [-10.6688614225296, 1.91139889782715], [-10.5442168396168, 1.73342534375127], [-10.2415085658017, 1.34182704685438], [-9.99221939907772, 0.914558025442009], [-9.77854297071374, 0.505043835846016], [-9.74293023325198, 0.202341682659608], [-9.689511126161, -0.0291406934852875], [-9.44022195943693, -0.438682896642017], [-9.10190094726183, -0.901615563937847], [-9.06628820980003, -1.38229062963098], [-9.04848184017084, -1.70268871168106], [-8.88822451889788, -1.93405478603542], [-8.71016082889403, -2.07641846872792], [-8.62112898344292, -2.43226965354361], [-8.56772786781047, -2.88027848896402]]}, "properties": {"OBJECTID": 392, "id": null, "name": null, "size": 4, "continent": null, "S2": null, "type": null, "Shape__Length": 665889.9100507592}}, {"type": "Feature", "id": 393, "geometry": {"type": "LineString", "coordinates": [[-8.56772786781047, -2.88027848896402], [-8.28280797216611, -3.00143064018062], [-7.99790606798029, -3.0725560777638], [-7.62397231834339, -2.94808351750905], [-7.35687678288846, -2.89473383671809], [-6.94733029489144, -2.94808351750905], [-6.59120291398544, -3.0725560777638], [-6.21726916434854, -3.00143064018062], [-5.89675452180262, -2.89473383671809], [-5.59404624798757, -2.71688368482113], [-5.22011249835067, -2.53900733068283], [-4.86398511834297, -2.46784983636141], [-4.54347047489872, -2.37889762427366], [-3.95586029689788, -2.41447920977294], [-3.63534565435197, -2.45005986267797], [-2.95870363179835, -2.73466990701912], [-2.51354440544124, -2.91251734473729], [-1.49858137071248, -3.16145619831013], [-0.537037443074741, -3.37478499869172], [0.335474640010255, -3.16145619831013], [1.27921219801884, -2.91251734473729], [2.2763688640167, -2.93030057283529], [3.36255737546564, -2.89473383671809], [3.62965291092056, -2.85916598416249], [3.89674844637549, -2.78802698532326], [4.09477692946422, -2.73090837565124]]}, "properties": {"OBJECTID": 393, "id": null, "name": null, "size": 4, "continent": null, "S2": null, "type": null, "Shape__Length": 1458880.2062183355}}, {"type": "Feature", "id": 394, "geometry": {"type": "LineString", "coordinates": [[-0.537037443074741, -3.37478499869172], [-0.412392860161873, -3.74799594782338], [-0.269941907619779, -4.05000324025579], [-0.109684586346823, -4.24536020737065], [-0.0384591096266439, -4.38740708274552], [-0.0918782176159265, -4.68916591694916], [-0.145297324706912, -4.88435271941413], [-0.0384591096266439, -5.02627120563812], [0.141084791064733, -5.25520102622774]]}, "properties": {"OBJECTID": 394, "id": null, "name": null, "size": 4, "continent": null, "S2": null, "type": null, "Shape__Length": 236130.0554661865}}, {"type": "Feature", "id": 395, "geometry": {"type": "LineString", "coordinates": [[-7.04033669140137, 1.38205063729518], [-7.08978124743353, 0.80773189364004], [-7.07197487780431, 0.611876959588246], [-7.14320035452452, 0.362597004161684], [-7.32126404452837, 0.148922828477909], [-7.55274684162321, -0.0647534184188878], [-7.64177868707428, -0.474294503245749], [-7.69519779416527, -0.866007063875115], [-7.9622933296202, -1.16866726830243], [-8.26500160343525, -1.61369415894191], [-8.71016082889403, -2.07641846872792]]}, "properties": {"OBJECTID": 395, "id": null, "name": null, "size": 4, "continent": null, "S2": null, "type": null, "Shape__Length": 447997.9713975715}}, {"type": "Feature", "id": 396, "geometry": {"type": "LineString", "coordinates": [[4.75082358472265, 4.78699356907819], [4.89390511237336, 4.31153846132519], [5.03635606401712, 3.86751380664558], [5.03635606401712, 3.7253754882574], [5.00074332655533, 3.44103083482057], [4.91171148110425, 3.17438050519145], [4.91171148110425, 2.99657501695075], [5.03635606401712, 2.76538494927052], [5.14319427819909, 2.48078185546947], [5.17880701655918, 2.26728894861836], [5.19661338529008, 1.94699144912758], [5.21441975491927, 1.7156270401391], [5.30345159947205, 1.50203496698327], [5.37467707619223, 1.25281803203643], [5.35687070656303, 1.11039740862898], [5.21441975491927, 0.772122540375614], [5.07196880237721, 0.540655090840139], [4.82267963565318, 0.166729129582255], [4.48435862437633, -0.331847113226276], [4.2350694576523, -0.741374766866611], [4.14603761220123, -0.955027657628556], [4.16384398183042, -1.22207474797408], [4.14603761220123, -1.54249570143179], [4.05700576764845, -1.79167915642753], [4.00358666055746, -1.98744261435173], [4.07481213637935, -2.36110648686716], [4.09477692946422, -2.73090837565124]]}, "properties": {"OBJECTID": 396, "id": null, "name": null, "size": 4, "continent": null, "S2": null, "type": null, "Shape__Length": 894494.5354613309}}, {"type": "Feature", "id": 397, "geometry": {"type": "LineString", "coordinates": [[4.09477692946422, -2.73090837565124], [4.03919939801926, -3.0725560777638], [3.78991023219352, -3.28590352005894], [3.55842743420035, -3.41033532588081], [3.3981701129274, -3.62360920711126], [3.16668731583256, -4.01447865683225], [2.82836630455575, -4.40516106018442], [2.61069759777916, -4.74233855725055]]}, "properties": {"OBJECTID": 397, "id": null, "name": null, "size": 4, "continent": null, "S2": null, "type": null, "Shape__Length": 287179.8649465036}}, {"type": "Feature", "id": 398, "geometry": {"type": "LineString", "coordinates": [[4.09477692946422, -2.73090837565124], [4.44874588601624, -2.8235970297377], [4.76926052856216, -3.00143064018062], [5.0897751711081, -3.26812626785763], [5.26783886201025, -3.35700934689751], [5.51712802783599, -3.46365834740547], [5.85544904001113, -3.60583826226293], [6.12252103152076, -3.95229614705029]]}, "properties": {"OBJECTID": 398, "id": null, "name": null, "size": 4, "continent": null, "S2": null, "type": null, "Shape__Length": 269976.1338086995}}, {"type": "Feature", "id": 399, "geometry": {"type": "LineString", "coordinates": [[7.05726532974287, 17.2455546014835], [6.8653202665043, 16.9774907763134], [6.80788278494169, 16.881331117023], [6.80788278494169, 16.6751100203241], [6.80788278494169, 16.4824361397293], [6.8653202665043, 16.2757869436116], [6.92275774806695, 16.1103106279359], [6.93711711845757, 15.8342103917703], [6.93711711845757, 15.6821938192413], [6.9658358592389, 15.585396936861], [7.20994515498178, 15.3639759658891], [7.45405445162293, 15.1977556108641], [7.81303871138937, 15.1423196285741], [8.24381982310912, 15.0730042396238], [8.58844471158656, 15.1423196285741], [8.88999148979039, 15.1700394375461], [9.3207726015101, 15.1423196285741], [9.53616315647163, 15.0868691277215], [9.90950678662873, 15.1145961899605], [10.1823348240512, 15.1838979790374], [10.4695222318644, 15.2116123322753], [10.6368317718854, 15.2431895308811]]}, "properties": {"OBJECTID": 399, "id": null, "name": null, "size": 4, "continent": null, "S2": null, "type": null, "Shape__Length": 632984.6432731451}}, {"type": "Feature", "id": 400, "geometry": {"type": "LineString", "coordinates": [[8.88999148979039, 15.1700394375461], [9.0479445640876, 14.8371635000609], [9.11974141604091, 14.4898722734201], [9.17717889760352, 14.0863326480147], [9.13410078643154, 13.779721550764], [9.03358519369694, 13.416844149042], [9.03358519369694, 13.2771289655812], [8.74639778588381, 13.0254394566096], [8.32997604455472, 12.6334152417525], [8.02842926724926, 12.2828842830337], [7.94227304490529, 12.156578031821], [7.84175745217069, 11.8054143031935], [7.78431997060808, 11.49601721466], [7.98535115607727, 11.0030970281601], [8.20074171193713, 10.4387504121315], [8.25817919349978, 10.1985893502719], [8.28689793428107, 9.81678621665033], [8.32997604455472, 9.66110950188471], [8.54536660041461, 9.22200027307905], [8.83255400822774, 8.73976850136942], [8.87563211939973, 8.55521883934057], [8.87563211939973, 8.20006579999479], [8.86127274900907, 7.97260037774049], [8.80383526744642, 7.77346420718701], [8.77511652666513, 7.54576440392852], [8.88999148979039, 7.24672696739387], [8.99050708252499, 6.84770285288798], [9.07666330486892, 6.50541562956604], [9.06230393447826, 6.29136685950844], [8.95883858876098, 6.05276105114956]]}, "properties": {"OBJECTID": 400, "id": null, "name": null, "size": 4, "continent": null, "S2": null, "type": null, "Shape__Length": 1125187.195091095}}, {"type": "Feature", "id": 401, "geometry": {"type": "LineString", "coordinates": [[19.9927491577646, 2.26687143599005], [19.6507107651284, 2.17544164992731], [19.3013708586765, 2.02183523588386], [19.0917669148054, 1.82631528031556], [18.9520309522246, 1.70061250265864], [18.5747438536158, 1.60283798233095], [18.2673247362974, 1.42124456022407], [18.1136151776382, 1.30948754707197], [18.0297735993711, 1.1697843233888], [18.1136151776382, 1.11390104047693], [18.1695095619519, 1.03007414377657], [18.0996415806615, 0.960216704983703], [17.9040112337671, 0.960216704983703], [17.6524865007623, 0.988159858162621], [17.4987769421032, 1.04404545180875], [17.2751994021536, 0.988159858162621], [16.995727476992, 0.69474630261312], [16.869965111388, 0.527072739278632], [16.8420179183328, 0.387341260268322], [17.0236746700472, 0.163766447791956], [17.1494370356512, -0.0318636753715743], [17.1913578247848, -0.157625844684245], [17.163410632628, -0.339280811503738], [17.1214898434944, -0.520932368822898], [17.1354634395728, -0.828329807370557], [17.2472522099967, -0.982020138469939], [17.4708297499463, -1.0937905500108], [17.7922224633431, -1.2334976594192], [17.9738792150575, -1.35922781148325], [17.9179848298455, -1.49892027640418], [17.8341432524767, -1.58273153076116], [17.8341432524767, -1.89000912064216], [17.9738792150575, -1.97380303570247], [18.1695095619519, -2.02966330941669], [18.3232191206111, -2.22515872362669], [18.3232191206111, -2.39270568097557], [18.2254039471639, -2.56023216929461], [18.0018264072143, -2.78356650673832], [17.8201696563983, -2.99290407793463], [17.7223544820527, -3.13244041960914], [17.7223544820527, -3.38355842236172], [17.7922224633431, -3.55093457885388], [17.9319584259239, -3.70433610759311], [17.9459320220023, -3.80194148872956], [17.8341432524767, -3.89953582243577], [17.6804336938175, -4.06681387710728], [17.7083808859743, -4.23405721601585], [17.9319584259239, -4.44306041181314], [18.0018264072143, -4.55450474331821], [18.0577207924263, -4.70771242288505], [17.9878528111359, -4.9026550903102], [17.8061960594215, -5.04186515978388], [17.7363280781312, -5.26453887773677], [17.6944072898959, -5.5149513648035], [17.597540157077, -5.83946801394326]]}, "properties": {"OBJECTID": 401, "id": null, "name": null, "size": 4, "continent": null, "S2": null, "type": null, "Shape__Length": 1338600.490849713}}, {"type": "Feature", "id": 402, "geometry": {"type": "LineString", "coordinates": [[28.4970854770716, -6.46403622191709], [28.0488421106636, -6.58490970263537], [27.6715550120548, -6.62655218889071], [27.2523471243125, -6.80696206011815], [26.7772448522565, -6.84858554500553], [26.5816145044637, -6.9318215999362], [26.1763802127998, -7.0705156095948], [25.7012779407438, -7.05664806894503], [25.5755155742415, -7.15371208414362], [25.5335947860062, -7.22303090698154], [25.617436363375, -7.37549476880188], [25.6453835555319, -7.48634466485151], [25.5894891703199, -7.58331522474105], [25.3798852273471, -7.65256655234958], [25.1982284756327, -7.69411195825898], [24.9606773396047, -7.8602526710648], [24.820941377024, -8.06783491144377], [24.765046991812, -8.15083812285869], [24.5554430479408, -8.05399938096355], [24.3737862971248, -8.02632690160526], [24.2759711236776, -7.95713747265437], [24.3178919119128, -7.81872367162735], [24.4017334892816, -7.66641547152942], [24.4576278744936, -7.51405275197458], [24.4017334892816, -7.30619945751303], [24.2480239306224, -7.04278011279739], [24.0803407758848, -6.83471145245895], [23.9126576211472, -6.973434126704], [23.6611328881425, -7.26461710636802], [23.4934497334049, -7.45863481678017], [23.3816609629809, -7.55561156784286], [23.2279514043217, -7.44477923348858], [23.088215441741, -7.30619945751303], [22.9624530761369, -7.18144088268988], [22.7528491322658, -6.973434126704], [22.5292715923162, -6.84858554500553], [22.2497996671546, -6.82083695722918], [22.082116512417, -6.95956369437359], [21.9843013380715, -7.16757669480922], [21.9284069537578, -7.26461710636802], [21.8445653754907, -7.33391887777783], [21.41138389167, -7.43092321323942], [20.9223080235356, -7.55561156784286], [20.7685984648764, -7.52790613319052], [20.8244928500883, -7.44477923348858], [21.0620439861163, -7.20916798957478], [21.3275423143012, -7.01504295631699], [21.3415159112779, -6.94569285125623], [21.2437007369324, -6.90407787321706], [20.8105192531116, -6.90407787321706], [20.7127040796644, -6.80696206011815], [20.5310473288484, -6.54326372141174], [20.3354169810556, -6.47384604766048], [19.8882619011565, -6.45996136448338], [19.3293180508333, -6.3905322489483], [19.0358725295934, -6.33498216615286], [18.769393921143, -6.3224576955149]]}, "properties": {"OBJECTID": 402, "id": null, "name": null, "size": 4, "continent": null, "S2": null, "type": null, "Shape__Length": 1581798.1590912696}}, {"type": "Feature", "id": 403, "geometry": {"type": "LineString", "coordinates": [[40.5862895913732, 3.31634017698535], [40.7489765267063, 2.84888733681932], [41.0266910354567, 2.39492233483122], [41.5568732809864, 1.78940650488597], [41.8093410168674, 1.58752011567787], [42.3395232623971, 1.25941379266722], [42.9706926020995, 0.880778925600895], [43.2231603379804, 0.527351341765703], [43.4756280738614, 0.426367758256841], [44.1825377348671, 0.224396930512889], [44.510745791153, 0.0476700840972067], [44.7884603008017, -0.280536846664206], [44.9651877162778, -0.734959735459056], [45.0661748104505, -1.16409494667455], [45.2933957725637, -1.44173738223225], [45.6216038297479, -1.71934596063607], [46.1012925277421, -1.92121812387524], [46.3790070373908, -2.14829566789208], [46.5557344519685, -2.50145900078813], [46.7577086412123, -2.95538457018717], [47.0606699246288, -3.33351531641264], [47.4646183013197, -3.7366942256756], [47.8685666789089, -3.96340224559666], [48.0957876419204, -4.08932452353986], [48.2732533108632, -4.48887104146716]]}, "properties": {"OBJECTID": 403, "id": null, "name": null, "size": 4, "continent": null, "S2": null, "type": null, "Shape__Length": 1276536.279338069}}, {"type": "Feature", "id": 404, "geometry": {"type": "LineString", "coordinates": [[48.2732533108632, -4.48887104146716], [48.5597568653865, -4.56682666802253], [49.0671965257503, -4.6679852043519], [49.4054896326594, -5.05562177853134], [49.7268680844028, -5.29146207432804], [50.0482465361461, -5.49353951675018], [50.2173930896007, -5.67871703787266], [50.5895155068414, -6.03207094656648], [51.1646137887666, -6.5700680372997], [51.3845043077186, -6.87243898491106], [51.4771616260956, -7.22613151855547]]}, "properties": {"OBJECTID": 404, "id": null, "name": null, "size": 4, "continent": null, "S2": null, "type": null, "Shape__Length": 490783.27907789435}}, {"type": "Feature", "id": 405, "geometry": {"type": "LineString", "coordinates": [[51.4771616260956, -7.22613151855547], [51.0123818904778, -7.51013640422302], [50.7924913706275, -7.51013640422302], [50.3865396430552, -7.40950746456984], [49.9467586033547, -7.56044215739057], [49.6930387731728, -7.71132409666983], [49.4562335990551, -8.07991812108812], [49.3378310110979, -8.39797921407296], [49.2870870447022, -8.76593447363084], [49.2870870447022, -9.05001498394927], [49.3716603223278, -9.23371275718831], [49.5069775645525, -9.46737127851993], [49.7945267059642, -9.6675237686872], [50.0820758464777, -9.95086879759789], [50.3357956766595, -10.5001843381765], [50.4711129197825, -10.816018038339], [50.5556861965098, -11.3140227168137], [50.7755767154618, -11.744928759216], [50.9278086137505, -11.9601309628526], [51.2999310309913, -12.3239280398399], [51.4690775844458, -12.6707189693002], [51.6551387939645, -12.9511098786488], [51.8242853474191, -13.0664737060275], [52.2978956965529, -13.2641146552872], [52.6869327698577, -13.5931583008797], [52.8729939784781, -13.8067926257769], [52.9406526000396, -14.0202313747752], [53.0252258767669, -14.3809820837574], [53.0928844983284, -14.7247928144831], [53.1605431189915, -15.1333845279303], [53.2620310517829, -15.410778812425], [53.1436284638257, -15.7692099903844], [53.1436284638257, -16.0782559915525], [53.2451163957188, -16.4192747047448], [53.2451163957188, -16.5652434467823], [53.2534124748099, -16.7977680212636]]}, "properties": {"OBJECTID": 405, "id": null, "name": null, "size": 4, "continent": null, "S2": null, "type": null, "Shape__Length": 1428648.9081328046}}, {"type": "Feature", "id": 406, "geometry": {"type": "LineString", "coordinates": [[53.2534124748099, -16.7977680212636], [52.9237379448738, -16.9054058460536], [52.5347008715689, -16.970129551194], [52.3151542223179, -17.0947232222424], [52.2133224198256, -17.2288005835458], [52.1287491430983, -17.4387047336703], [52.1582361563483, -17.5790397497028], [52.2640663862213, -17.6967168142059], [52.4670422500075, -17.9704489191177], [52.5685301819005, -18.0991178230423], [52.9406526000396, -18.3401172074393], [53.363518983676, -18.5326752869942], [53.820214677644, -18.6929749024945], [54.175422439719, -18.981131442563], [54.784350032874, -19.6037550238194], [55.0211552069918, -19.7789355576644], [55.1903017604464, -19.8744075737021], [56.0360345286175, -20.1922312551476], [56.6280474657085, -20.2081055237732], [57.3075427514035, -20.177700235131]]}, "properties": {"OBJECTID": 406, "id": null, "name": null, "size": 4, "continent": null, "S2": null, "type": null, "Shape__Length": 856623.0568337128}}, {"type": "Feature", "id": 407, "geometry": {"type": "LineString", "coordinates": [[48.2732533108632, -4.48887104146716], [47.7647680636111, -4.58368742320957], [47.3757309912045, -4.61740773879725], [46.9190352963382, -4.8534044250121], [46.6822301222205, -4.98822288445546], [46.479254257536, -5.25777601406429], [46.2762783937498, -5.64505276700957], [46.1240464954611, -5.91431122435541], [45.9887292523381, -5.99842789957143], [45.6166068350974, -6.16662214826186], [45.3290576945839, -6.30113921811846], [45.1768257962951, -6.55326418172858], [45.075337864402, -6.8556455648879], [44.9907645876748, -6.9731869985031], [44.6355568247015, -7.22496158705311], [44.466410271247, -7.40950746456984], [44.246519752295, -7.87890757350755], [44.0262324654483, -8.36555836241164]]}, "properties": {"OBJECTID": 407, "id": null, "name": null, "size": 4, "continent": null, "S2": null, "type": null, "Shape__Length": 687940.6154524221}}, {"type": "Feature", "id": 408, "geometry": {"type": "LineString", "coordinates": [[44.0262324654483, -8.36555836241164], [44.2634344074608, -8.71577986087714], [44.482984285257, -9.10160876631885]]}, "properties": {"OBJECTID": 408, "id": null, "name": null, "size": 4, "continent": null, "S2": null, "type": null, "Shape__Length": 97323.27012766246}}, {"type": "Feature", "id": 409, "geometry": {"type": "LineString", "coordinates": [[44.482984285257, -9.10160876631885], [44.8554473445518, -9.36725113629991], [45.1832183713503, -9.62736000621968]]}, "properties": {"OBJECTID": 409, "id": null, "name": null, "size": 4, "continent": null, "S2": null, "type": null, "Shape__Length": 97985.22884638637}}, {"type": "Feature", "id": 410, "geometry": {"type": "LineString", "coordinates": [[45.1832183713503, -9.62736000621968], [45.8834524574436, -10.0780371365471]]}, "properties": {"OBJECTID": 410, "id": null, "name": null, "size": 4, "continent": null, "S2": null, "type": null, "Shape__Length": 93107.64905474428}}, {"type": "Feature", "id": 411, "geometry": {"type": "LineString", "coordinates": [[45.8834524574436, -10.0780371365471], [46.8204548741516, -10.2613609698065], [47.0664768268648, -9.94462341043379], [47.4922331689237, -9.57917317843137], [47.9866598888788, -9.37597418370471], [48.3162777018829, -9.2675525450329], [48.7832362706795, -9.25399747778061], [49.219428424039, -9.36725113629991], [49.5069775645525, -9.46737127851993]]}, "properties": {"OBJECTID": 411, "id": null, "name": null, "size": 4, "continent": null, "S2": null, "type": null, "Shape__Length": 448746.2602904882}}, {"type": "Feature", "id": 412, "geometry": {"type": "LineString", "coordinates": [[36.3828695310985, -24.5303057693922], [36.0490490147165, -24.8176242313436], [35.9632226474567, -25.1094044816479], [35.855939687259, -25.3035390748733], [35.684286951841, -25.6135079006904], [35.5984605845812, -25.8647674653039], [35.5770039925417, -26.2695206646369], [35.641373767762, -26.5961486750486], [35.855939687259, -27.055686131691], [36.0490490147165, -27.6464775100228], [36.0490490147165, -27.8174051101692], [36.0490490147165, -28.0638260074163]]}, "properties": {"OBJECTID": 412, "id": null, "name": null, "size": 4, "continent": null, "S2": null, "type": null, "Shape__Length": 473384.2795422001}}, {"type": "Feature", "id": 413, "geometry": {"type": "LineString", "coordinates": [[35.6546866313893, -28.2228014017819], [36.0490490147165, -28.0638260074163], [36.3494413014734, -28.2151896419939], [36.3494413014734, -28.649164100922], [36.3494413014734, -28.8748766983721], [36.1777885660554, -29.2312533708258], [36.070505606756, -29.6050511104145], [36.027592422677, -29.8658887589615], [35.7915699120387, -30.1260463080953], [35.8773962792985, -30.3299763686229], [35.8083707569462, -30.639481849858]]}, "properties": {"OBJECTID": 413, "id": null, "name": null, "size": 4, "continent": null, "S2": null, "type": null, "Shape__Length": 413840.42003689945}}, {"type": "Feature", "id": 414, "geometry": {"type": "LineString", "coordinates": [[38.4975471461549, -22.8137631301944], [38.8708943120809, -22.5780266218322], [38.9352640881995, -22.4789305267747], [38.8923509041204, -22.0818389163535], [38.742154760742, -21.6038524946246], [38.3344795137875, -21.5240332968324], [38.2057399624486, -21.444170220322], [37.5191290207767, -21.444170220322], [36.703778527766, -21.6636880175276], [35.8884280347553, -22.0619548133707], [35.3949264205409, -22.3599215540485], [34.837055030208, -22.5780266218322], [34.3650100080331, -22.5780266218322], [33.9787913540165, -22.63745011171], [33.6354858831806, -22.7562199669024], [32.7343090220117, -23.5846965391352], [32.2193508157578, -24.1537151407501], [31.6614794254248, -24.3102436873174], [30.6530196049566, -24.3493457143815], [30.2453443589004, -24.4470479305242], [30.0093218473638, -24.5641906708399], [29.7303861526465, -24.9927754129374], [29.6016466013076, -25.1288318636481], [29.2797977225112, -25.458623283399], [28.9364922516753, -25.7102090436649], [28.271337902043, -25.9226748745776], [27.6705533276309, -25.9033755615591], [27.1138903007125, -25.9370515509905]]}, "properties": {"OBJECTID": 414, "id": null, "name": null, "size": 4, "continent": null, "S2": null, "type": null, "Shape__Length": 1659098.4763942568}}, {"type": "Feature", "id": 415, "geometry": {"type": "LineString", "coordinates": [[19.0252642785891, -36.8032092635048], [18.926688658796, -36.6065981435932], [19.0125150269542, -36.5031834118429], [19.1412545782931, -36.3650819661929], [19.2699941296319, -36.2094243669829], [19.312907313711, -36.0708016035802], [19.3558204977901, -35.9145584753258], [19.2699941296319, -35.7231748106594], [19.2699941296319, -35.636029821823], [19.3343639057505, -35.3740245145742], [19.4901300180139, -35.1872379651318]]}, "properties": {"OBJECTID": 415, "id": null, "name": null, "size": 4, "continent": null, "S2": null, "type": null, "Shape__Length": 245335.8957767161}}, {"type": "Feature", "id": 416, "geometry": {"type": "LineString", "coordinates": [[17.4460250568928, -32.976683467669], [17.2316178975543, -32.6172003759564], [17.1887047134752, -32.4543985826385], [17.0385085700968, -32.2731620787202], [16.8239426505997, -31.9460229494441], [16.6737465072213, -31.6907729554572], [16.6308333231422, -31.4897253622764], [16.5450069558824, -31.3981968374703], [16.5020937718034, -31.1047059840331], [16.4806371797638, -30.7365634928421], [16.223158077086, -30.4040277762792], [15.9656789735099, -30.0703556949285], [15.7081998708321, -29.7169217197008], [15.5794603194933, -29.5304016604856], [15.5150905433747, -29.1937980838588], [15.4078075840753, -28.9312284928304], [15.4078075840753, -28.7620814076089], [15.4292641752165, -28.5361250853617], [15.4936339513351, -28.1584533448517], [15.5580037274537, -27.9691152761956], [15.4936339513351, -27.7034831557246], [15.3863509920357, -27.3610042268977], [15.3005246238776, -27.1702784083441], [15.1503284804992, -26.9027142134925], [14.9357625610022, -26.6345145363366], [14.8070230096633, -26.4041266254158], [14.4637175388273, -26.3079954806639], [13.9273027405339, -26.1732778456272], [13.6269104537771, -26.0962263249761], [12.8330165528059, -26.0576815127254], [12.5540808580886, -26.0576815127254], [12.103492427055, -25.8647674653039], [11.8674699164167, -25.7681920532546]]}, "properties": {"OBJECTID": 416, "id": null, "name": null, "size": 4, "continent": null, "S2": null, "type": null, "Shape__Length": 1262685.204016821}}, {"type": "Feature", "id": 417, "geometry": {"type": "LineString", "coordinates": [[11.8674699164167, -25.7681920532546], [11.3548495424521, -25.7504592272873]]}, "properties": {"OBJECTID": 417, "id": null, "name": null, "size": 4, "continent": null, "S2": null, "type": null, "Shape__Length": 57106.716579658714}}, {"type": "Feature", "id": 418, "geometry": {"type": "LineString", "coordinates": [[13.1832525790594, -21.1505813646757], [13.2192352077209, -21.4042222677772], [13.3050615749807, -21.5639483888522], [13.2406917988621, -21.7434301118162], [13.1548654316023, -21.9624923776207], [13.0475824723029, -22.1215987246314], [12.8759297368849, -22.2606696499679], [12.5969940412693, -22.4987554314062], [12.2536885704334, -22.8551160440673], [12.0820358350154, -22.9144191957945], [11.7387303641795, -22.9934497122028], [11.5456210376203, -23.0724339974875], [11.2666853420047, -23.3288121644185], [11.0735760145472, -23.5256903440259], [11.0092062393269, -23.8204556381701], [10.9877496472874, -24.2320034723783], [11.0950326065867, -24.4861076391197], [11.2023155667844, -24.661726092367], [11.4168814853831, -25.0122212938304], [11.5241644455808, -25.1676773573211], [11.5027078535412, -25.4392486551993], [11.3548495424521, -25.7504592272873]]}, "properties": {"OBJECTID": 418, "id": null, "name": null, "size": 4, "continent": null, "S2": null, "type": null, "Shape__Length": 701267.6611976249}}, {"type": "Feature", "id": 419, "geometry": {"type": "LineString", "coordinates": [[11.8674699164167, -25.7681920532546], [12.0820358350154, -26.4425566915312], [12.318058346552, -26.8644387792771], [12.360971530631, -27.055686131691], [12.4467978978909, -27.4181580858203], [12.5540808580886, -27.8174051101692], [12.6399072253484, -27.950163138846], [13.0261258802634, -28.1962808885292], [13.1548654316023, -28.4795600329209], [13.4338011263196, -28.8184943244783], [13.6054538617375, -29.0063165840623], [13.5625406785568, -29.2874106162766], [13.5410840865172, -29.6423551331142], [13.583997269698, -29.7914329560753], [13.7341934139748, -30.0517851869117], [13.8200197812346, -30.1817055270054], [14.1633252520705, -30.3484944771159], [14.1418686600309, -30.5149996414501], [14.0989554759519, -30.6996714247989], [14.1633252520705, -30.8839904715748], [14.1633252520705, -31.1230758698682], [14.3349779874885, -31.3798804080038], [14.5066307229064, -31.6542511286718], [14.8928493778214, -31.9824295838059], [15.2361548486573, -32.2550184582495], [15.5150905433747, -32.4000657862161], [15.7296564628717, -32.5629659064452], [16.2875278523063, -32.6352712378978], [16.6952030992608, -32.6714020131909], [17.2316178975543, -32.6172003759564]]}, "properties": {"OBJECTID": 419, "id": null, "name": null, "size": 4, "continent": null, "S2": null, "type": null, "Shape__Length": 1195753.1566130398}}, {"type": "Feature", "id": 420, "geometry": {"type": "LineString", "coordinates": [[10.7263424274678, -28.0422070863664], [10.494248033073, -28.3474571024189], [10.5371612171521, -28.5361250853617], [10.5586178091916, -28.7056379875114], [10.6229875844119, -28.8372918448294], [10.6229875844119, -28.9875496691712], [10.54096725684, -29.2027140790582]]}, "properties": {"OBJECTID": 420, "id": null, "name": null, "size": 4, "continent": null, "S2": null, "type": null, "Shape__Length": 158589.38732993382}}, {"type": "Feature", "id": 421, "geometry": {"type": "LineString", "coordinates": [[14.4759580583473, -20.4494267463167], [14.6782834583244, -20.6029919165812], [14.9572191530417, -20.5427272560465], [15.2790680318381, -20.5427272560465], [15.622373502674, -20.6431551270758], [15.8154828301315, -20.8638627898226], [16.0663371145071, -21.1097616757654]]}, "properties": {"OBJECTID": 421, "id": null, "name": null, "size": 4, "continent": null, "S2": null, "type": null, "Shape__Length": 211161.73038151147}}, {"type": "Feature", "id": 422, "geometry": {"type": "LineString", "coordinates": [[10.703648373785, -18.1056915995683], [10.4756406905022, -18.3134642441773], [10.2360130061685, -18.4184281690462], [9.94108662655569, -18.5058492346312], [9.62772734731877, -18.5495430443773], [9.24985292299073, -18.5670174398078], [9.08395683445853, -18.6543625387889], [8.89962784720051, -18.8986892227657], [8.70608241013048, -19.0642797233481], [8.48488762542087, -19.2035962565182], [8.31899153599037, -19.2906092690085], [8.07019233737174, -19.3595914211508], [7.71903107871493, -19.3580796009477]]}, "properties": {"OBJECTID": 422, "id": null, "name": null, "size": 4, "continent": null, "S2": null, "type": null, "Shape__Length": 380483.2665182655}}, {"type": "Feature", "id": 423, "geometry": {"type": "LineString", "coordinates": [[-11.1595591710618, -15.3399154480637], [-11.033270568771, -15.7321734512621], [-10.9375985842505, -16.077208668424], [-10.9136805885696, -16.3069007456072], [-10.853885598918, -16.456056518694], [-10.5070746557051, -16.7654743377676], [-10.196140707361, -17.0057855991545], [-10.1004687237389, -17.0629573314489], [-10.0645917297683, -17.382794094629], [-10.1124277211302, -17.804578288274], [-10.1841817099697, -18.1231061519541], [-10.2200587039403, -18.327569117697], [-10.1483047159991, -18.6564729071542], [-9.98087874353748, -19.1090873207715], [-9.71778078655534, -19.3462169199019], [-9.71778078655534, -19.4815652950917], [-9.74169878313462, -19.6168006573374], [-9.74169878313462, -19.8081893500403], [-9.82541176936547, -19.9319066528708], [-10.0167557375081, -20.1790503714667], [-10.2884518231124, -20.3914651879151]]}, "properties": {"OBJECTID": 423, "id": null, "name": null, "size": 4, "continent": null, "S2": null, "type": null, "Shape__Length": 677415.9098880778}}, {"type": "Feature", "id": 424, "geometry": {"type": "LineString", "coordinates": [[-16.4016913802693, -15.3712415100848], [-16.3430656880972, -15.6400645635118], [-16.3311066907059, -15.8587550497752], [-16.0799677320134, -16.1920881297226], [-15.8168697759296, -16.5133936583744], [-15.6853207974385, -16.6967579669152], [-15.6853207974385, -16.8799464253281], [-15.6853207974385, -17.0172213438435], [-15.7929517793503, -17.2686302629315], [-15.953008355005, -17.5657157516625]]}, "properties": {"OBJECTID": 424, "id": null, "name": null, "size": 4, "continent": null, "S2": null, "type": null, "Shape__Length": 285874.39251758915}}, {"type": "Feature", "id": 425, "geometry": {"type": "LineString", "coordinates": [[-10.7464540528808, -36.399244712466], [-10.6064757904134, -36.1884475276581], [-10.5599685753416, -35.9779696004316], [-10.569270018356, -35.812199191749], [-10.6994902187602, -35.6007172076628], [-10.7925046480054, -35.456892364746], [-11.0343421636836, -35.2824440316827], [-11.3040840075064, -35.0847880809708], [-11.5180171941415, -34.8713909277931], [-11.7598547098196, -34.6880370453763], [-11.9644864534404, -34.5349311922074], [-12.0109936685121, -34.3431522780323], [-12.0575008826855, -34.0893311847358], [-12.131912425902, -33.8424726787009], [-12.1784196409737, -33.6413733902744], [-12.159816754945, -33.3854541943613], [-12.1484604812953, -32.9159854801803]]}, "properties": {"OBJECTID": 425, "id": null, "name": null, "size": 4, "continent": null, "S2": null, "type": null, "Shape__Length": 540327.2010232111}}, {"type": "Feature", "id": 426, "geometry": {"type": "LineString", "coordinates": [[-58.5144653733324, 2.39418942457816], [-58.5014659462807, 2.21793531754817], [-58.4574510854052, 2.02770174230118], [-58.3611694259795, 1.88546795273496], [-58.19991934235, 1.65042368565856], [-58.163775617012, 1.51043719551973], [-57.9446067093379, 1.26086249124534], [-57.6825753238893, 0.992164542505796], [-57.4474189526783, 0.891396867056845], [-57.3063251290534, 0.830934918962845], [-57.1517937987588, 0.703290070699279], [-57.0375749902699, 0.589078544138119], [-56.9031999199798, 0.521894170440851], [-56.7688248505881, 0.447990534266714], [-56.661324795434, 0.192682103713316], [-56.6142935211918, -0.0357551486563457], [-56.526949725144, -0.163411245494934], [-56.2402167723381, -0.34652247831889], [-56.1036682560659, -0.459031709410389], [-55.9625744333393, -0.667302891470639], [-55.8953868981943, -0.909154948978215], [-55.8491628437782, -1.04120758680187], [-55.7005430478906, -1.25846708464852], [-55.5258554566932, -1.36593893263994], [-55.2705428245794, -1.45997286985639], [-55.1563240160905, -1.47340597492702], [-55.0756989742758, -1.68160827930166], [-54.9950739324611, -1.90321852077481], [-54.8808551230738, -2.01737046720535], [-54.739761299449, -2.19194014785021], [-54.6456987509645, -2.33963712002078], [-54.5849545429933, -2.61204812188404]]}, "properties": {"OBJECTID": 426, "id": null, "name": null, "size": 2, "continent": "Westeros", "S2": null, "type": null, "Shape__Length": 749880.7681265735}}, {"type": "Feature", "id": 428, "geometry": {"type": "LineString", "coordinates": [[-56.8209733410153, 2.89535247586967], [-57.0534822342519, 2.96811643314502], [-57.3645443605089, 3.00015271061074], [-57.5488323594371, 3.00979814082652], [-57.8387798831815, 3.04075929590779], [-58.0608218223232, 3.02967332025454]]}, "properties": {"OBJECTID": 428, "id": null, "name": null, "size": 2, "continent": "Westeros", "S2": null, "type": null, "Shape__Length": 139687.0273450827}}]}