{"type": "FeatureCollection", "metadata": {"totalFeatures": 293, "majorHighways": 105, "kingdomPaths": 188}, "features": [{"type": "Feature", "id": "gis_road_0_0", "properties": {"gisId": 135, "name": "Kingdom Path (Westeros)", "rawName": null, "category": "kingdom_path", "size": 4, "continent": "Westeros", "lengthMiles": 201, "vertexCount": 15}, "geometry": {"type": "LineString", "coordinates": [[931.9, 5494.0], [952.5, 5503.7], [971.1, 5519.9], [987.9, 5538.5], [1000.3, 5554.0], [1007.1, 5562.1], [1023.2, 5565.1], [1035.7, 5568.2], [1046.2, 5574.4], [1059.9, 5586.2], [1074.1, 5598.5], [1083.4, 5604.1], [1097.7, 5607.8], [1107.7, 5607.8], [1120.7, 5609.9]], "leafletCoordinates": [[2806.0, 931.9], [2796.3, 952.5], [2780.1, 971.1], [2761.5, 987.9], [2746.0, 1000.3], [2737.9, 1007.1], [2734.9, 1023.2], [2731.8, 1035.7], [2725.6, 1046.2], [2713.8, 1059.9], [2701.5, 1074.1], [2695.9, 1083.4], [2692.2, 1097.7], [2692.2, 1107.7], [2690.1, 1120.7]]}}, {"type": "Feature", "id": "gis_road_1_0", "properties": {"gisId": 136, "name": "Kingdom Path (Westeros)", "rawName": null, "category": "kingdom_path", "size": 4, "continent": "Westeros", "lengthMiles": 227, "vertexCount": 15}, "geometry": {"type": "LineString", "coordinates": [[1144.0, 5365.4], [1150.6, 5398.2], [1153.7, 5428.8], [1152.4, 5443.2], [1140.6, 5458.8], [1136.3, 5475.0], [1136.2, 5501.7], [1130.7, 5522.8], [1128.2, 5539.6], [1133.1, 5559.5], [1138.7, 5571.9], [1140.6, 5580.5], [1133.1, 5589.2], [1126.9, 5599.1], [1120.7, 5609.9]], "leafletCoordinates": [[2934.6, 1144.0], [2901.8, 1150.6], [2871.2, 1153.7], [2856.8, 1152.4], [2841.2, 1140.6], [2825.0, 1136.3], [2798.3, 1136.2], [2777.2, 1130.7], [2760.4, 1128.2], [2740.5, 1133.1], [2728.1, 1138.7], [2719.5, 1140.6], [2710.8, 1133.1], [2700.9, 1126.9], [2690.1, 1120.7]]}}, {"type": "Feature", "id": "gis_road_2_0", "properties": {"gisId": 137, "name": "Kingdom Path (Westeros)", "rawName": null, "category": "kingdom_path", "size": 4, "continent": "Westeros", "lengthMiles": 108, "vertexCount": 5}, "geometry": {"type": "LineString", "coordinates": [[1144.0, 5365.4], [1121.4, 5367.7], [1085.4, 5370.2], [1041.9, 5371.5], [1021.2, 5370.1]], "leafletCoordinates": [[2934.6, 1144.0], [2932.3, 1121.4], [2929.8, 1085.4], [2928.5, 1041.9], [2929.9, 1021.2]]}}, {"type": "Feature", "id": "gis_road_3_0", "properties": {"gisId": 138, "name": "Kingdom Path (Westeros)", "rawName": null, "category": "kingdom_path", "size": 4, "continent": "Westeros", "lengthMiles": 139, "vertexCount": 9}, "geometry": {"type": "LineString", "coordinates": [[1021.2, 5370.1], [1017.1, 5397.1], [1009.6, 5416.5], [1002.8, 5430.8], [987.9, 5443.3], [974.9, 5457.7], [963.1, 5471.4], [950.6, 5480.1], [931.9, 5494.0]], "leafletCoordinates": [[2929.9, 1021.2], [2902.9, 1017.1], [2883.5, 1009.6], [2869.2, 1002.8], [2856.7, 987.9], [2842.3, 974.9], [2828.6, 963.1], [2819.9, 950.6], [2806.0, 931.9]]}}, {"type": "Feature", "id": "gis_road_4_0", "properties": {"gisId": 139, "name": "Kingdom Path (Westeros)", "rawName": null, "category": "kingdom_path", "size": 4, "continent": "Westeros", "lengthMiles": 173, "vertexCount": 14}, "geometry": {"type": "LineString", "coordinates": [[895.9, 5215.7], [895.0, 5236.1], [896.6, 5250.3], [905.2, 5261.4], [924.8, 5273.3], [931.8, 5293.1], [938.8, 5308.9], [946.7, 5314.4], [960.8, 5316.0], [977.2, 5323.9], [987.4, 5329.4], [999.2, 5338.1], [1005.4, 5345.2], [1010.1, 5354.6]], "leafletCoordinates": [[3084.3, 895.9], [3063.9, 895.0], [3049.7, 896.6], [3038.6, 905.2], [3026.7, 924.8], [3006.9, 931.8], [2991.1, 938.8], [2985.6, 946.7], [2984.0, 960.8], [2976.1, 977.2], [2970.6, 987.4], [2961.9, 999.2], [2954.8, 1005.4], [2945.4, 1010.1]]}}, {"type": "Feature", "id": "gis_road_5_0", "properties": {"gisId": 140, "name": "Roseroad", "rawName": "Roseroad", "category": "major_highway", "size": 2, "continent": "Westeros", "lengthMiles": 15, "vertexCount": 2}, "geometry": {"type": "LineString", "coordinates": [[1010.1, 5354.6], [999.6, 5368.7]], "leafletCoordinates": [[2945.4, 1010.1], [2931.3, 999.6]]}}, {"type": "Feature", "id": "gis_road_6_0", "properties": {"gisId": 141, "name": "Kingdom Path (Westeros)", "rawName": null, "category": "kingdom_path", "size": 4, "continent": "Westeros", "lengthMiles": 111, "vertexCount": 7}, "geometry": {"type": "LineString", "coordinates": [[999.6, 5368.7], [973.3, 5379.1], [952.1, 5385.5], [925.5, 5391.0], [910.6, 5396.5], [902.0, 5408.4], [888.7, 5421.5]], "leafletCoordinates": [[2931.3, 999.6], [2920.9, 973.3], [2914.5, 952.1], [2909.0, 925.5], [2903.5, 910.6], [2891.6, 902.0], [2878.5, 888.7]]}}, {"type": "Feature", "id": "gis_road_7_0", "properties": {"gisId": 142, "name": "Kingdom Path (Westeros)", "rawName": null, "category": "kingdom_path", "size": 4, "continent": "Westeros", "lengthMiles": 119, "vertexCount": 8}, "geometry": {"type": "LineString", "coordinates": [[895.9, 5215.7], [918.5, 5213.9], [954.5, 5215.4], [973.4, 5216.2], [988.2, 5209.8], [1000.0, 5205.1], [1016.4, 5203.5], [1028.9, 5208.4]], "leafletCoordinates": [[3084.3, 895.9], [3086.1, 918.5], [3084.6, 954.5], [3083.8, 973.4], [3090.2, 988.2], [3094.9, 1000.0], [3096.5, 1016.4], [3091.6, 1028.9]]}}, {"type": "Feature", "id": "gis_road_8_0", "properties": {"gisId": 143, "name": "Kingdom Path (Westeros)", "rawName": null, "category": "kingdom_path", "size": 4, "continent": "Westeros", "lengthMiles": 58, "vertexCount": 4}, "geometry": {"type": "LineString", "coordinates": [[1028.9, 5208.4], [1032.9, 5232.8], [1036.0, 5252.6], [1044.0, 5273.2]], "leafletCoordinates": [[3091.6, 1028.9], [3067.2, 1032.9], [3047.4, 1036.0], [3026.8, 1044.0]]}}, {"type": "Feature", "id": "gis_road_9_0", "properties": {"gisId": 144, "name": "Kingdom Path (Westeros)", "rawName": null, "category": "kingdom_path", "size": 4, "continent": "Westeros", "lengthMiles": 44, "vertexCount": 3}, "geometry": {"type": "LineString", "coordinates": [[1044.0, 5273.2], [1055.6, 5297.7], [1064.2, 5319.0]], "leafletCoordinates": [[3026.8, 1044.0], [3002.3, 1055.6], [2981.0, 1064.2]]}}, {"type": "Feature", "id": "gis_road_10_0", "properties": {"gisId": 145, "name": "Roseroad", "rawName": "Roseroad", "category": "major_highway", "size": 2, "continent": "Westeros", "lengthMiles": 128, "vertexCount": 9}, "geometry": {"type": "LineString", "coordinates": [[1258.0, 5082.0], [1235.1, 5108.8], [1224.1, 5120.7], [1202.1, 5138.2], [1195.9, 5154.1], [1191.2, 5167.6], [1187.2, 5176.3], [1181.0, 5185.1], [1171.6, 5196.2]], "leafletCoordinates": [[3218.0, 1258.0], [3191.2, 1235.1], [3179.3, 1224.1], [3161.8, 1202.1], [3145.9, 1195.9], [3132.4, 1191.2], [3123.7, 1187.2], [3114.9, 1181.0], [3103.8, 1171.6]]}}, {"type": "Feature", "id": "gis_road_11_0", "properties": {"gisId": 146, "name": "Roseroad", "rawName": "Roseroad", "category": "major_highway", "size": 2, "continent": "Westeros", "lengthMiles": 30, "vertexCount": 3}, "geometry": {"type": "LineString", "coordinates": [[1171.6, 5196.2], [1152.0, 5209.7], [1144.9, 5216.8]], "leafletCoordinates": [[3103.8, 1171.6], [3090.3, 1152.0], [3083.2, 1144.9]]}}, {"type": "Feature", "id": "gis_road_12_0", "properties": {"gisId": 147, "name": "Roseroad", "rawName": "Roseroad", "category": "major_highway", "size": 2, "continent": "Westeros", "lengthMiles": 116, "vertexCount": 8}, "geometry": {"type": "LineString", "coordinates": [[1144.9, 5216.8], [1130.8, 5233.5], [1121.4, 5251.7], [1114.4, 5266.8], [1101.0, 5279.5], [1090.1, 5294.5], [1078.3, 5310.3], [1064.2, 5319.0]], "leafletCoordinates": [[3083.2, 1144.9], [3066.5, 1130.8], [3048.3, 1121.4], [3033.2, 1114.4], [3020.5, 1101.0], [3005.5, 1090.1], [2989.7, 1078.3], [2981.0, 1064.2]]}}, {"type": "Feature", "id": "gis_road_13_0", "properties": {"gisId": 148, "name": "Roseroad", "rawName": "Roseroad", "category": "major_highway", "size": 2, "continent": "Westeros", "lengthMiles": 57, "vertexCount": 4}, "geometry": {"type": "LineString", "coordinates": [[1064.2, 5319.0], [1050.9, 5328.5], [1025.0, 5341.2], [1010.1, 5354.6]], "leafletCoordinates": [[2981.0, 1064.2], [2971.5, 1050.9], [2958.8, 1025.0], [2945.4, 1010.1]]}}, {"type": "Feature", "id": "gis_road_14_0", "properties": {"gisId": 149, "name": "Kingdom Path (Westeros)", "rawName": null, "category": "kingdom_path", "size": 4, "continent": "Westeros", "lengthMiles": 19, "vertexCount": 2}, "geometry": {"type": "LineString", "coordinates": [[1021.2, 5370.1], [999.6, 5368.7]], "leafletCoordinates": [[2929.9, 1021.2], [2931.3, 999.6]]}}, {"type": "Feature", "id": "gis_road_15_0", "properties": {"gisId": 150, "name": "Kingdom Path (Westeros)", "rawName": null, "category": "kingdom_path", "size": 4, "continent": "Westeros", "lengthMiles": 135, "vertexCount": 10}, "geometry": {"type": "LineString", "coordinates": [[1144.0, 5365.4], [1153.5, 5346.6], [1159.0, 5338.7], [1155.9, 5322.9], [1153.5, 5305.5], [1153.5, 5285.8], [1153.5, 5258.8], [1152.7, 5244.6], [1150.4, 5231.1], [1144.9, 5216.8]], "leafletCoordinates": [[2934.6, 1144.0], [2953.4, 1153.5], [2961.3, 1159.0], [2977.1, 1155.9], [2994.5, 1153.5], [3014.2, 1153.5], [3041.2, 1153.5], [3055.4, 1152.7], [3068.9, 1150.4], [3083.2, 1144.9]]}}, {"type": "Feature", "id": "gis_road_16_0", "properties": {"gisId": 151, "name": "Roseroad", "rawName": "Roseroad", "category": "major_highway", "size": 2, "continent": "Westeros", "lengthMiles": 98, "vertexCount": 7}, "geometry": {"type": "LineString", "coordinates": [[1258.0, 5082.0], [1263.3, 5061.8], [1273.5, 5041.9], [1280.5, 5024.4], [1289.9, 5008.5], [1297.8, 4990.9], [1303.3, 4980.6]], "leafletCoordinates": [[3218.0, 1258.0], [3238.2, 1263.3], [3258.1, 1273.5], [3275.6, 1280.5], [3291.5, 1289.9], [3309.1, 1297.8], [3319.4, 1303.3]]}}, {"type": "Feature", "id": "gis_road_17_0", "properties": {"gisId": 152, "name": "Roseroad", "rawName": "Roseroad", "category": "major_highway", "size": 2, "continent": "Westeros", "lengthMiles": 85, "vertexCount": 6}, "geometry": {"type": "LineString", "coordinates": [[1303.3, 4980.6], [1312.7, 4959.8], [1323.7, 4932.7], [1331.5, 4916.8], [1340.1, 4906.4], [1351.1, 4898.4]], "leafletCoordinates": [[3319.4, 1303.3], [3340.2, 1312.7], [3367.3, 1323.7], [3383.2, 1331.5], [3393.6, 1340.1], [3401.6, 1351.1]]}}, {"type": "Feature", "id": "gis_road_18_0", "properties": {"gisId": 153, "name": "Roseroad", "rawName": "Roseroad", "category": "major_highway", "size": 2, "continent": "Westeros", "lengthMiles": 197, "vertexCount": 12}, "geometry": {"type": "LineString", "coordinates": [[1351.1, 4898.4], [1365.2, 4892.0], [1387.9, 4890.4], [1406.7, 4887.2], [1430.2, 4876.8], [1450.6, 4862.4], [1463.2, 4849.7], [1482.7, 4841.7], [1501.5, 4840.1], [1529.8, 4837.6], [1546.2, 4833.6], [1560.1, 4837.1]], "leafletCoordinates": [[3401.6, 1351.1], [3408.0, 1365.2], [3409.6, 1387.9], [3412.8, 1406.7], [3423.2, 1430.2], [3437.6, 1450.6], [3450.3, 1463.2], [3458.3, 1482.7], [3459.9, 1501.5], [3462.4, 1529.8], [3466.4, 1546.2], [3462.9, 1560.1]]}}, {"type": "Feature", "id": "gis_road_19_0", "properties": {"gisId": 154, "name": "Roseroad", "rawName": "Roseroad", "category": "major_highway", "size": 2, "continent": "Westeros", "lengthMiles": 82, "vertexCount": 4}, "geometry": {"type": "LineString", "coordinates": [[1560.1, 4837.1], [1578.3, 4831.2], [1627.7, 4827.2], [1652.8, 4827.2]], "leafletCoordinates": [[3462.9, 1560.1], [3468.8, 1578.3], [3472.8, 1627.7], [3472.8, 1652.8]]}}, {"type": "Feature", "id": "gis_road_20_0", "properties": {"gisId": 155, "name": "Roseroad", "rawName": "Roseroad", "category": "major_highway", "size": 2, "continent": "Westeros", "lengthMiles": 129, "vertexCount": 7}, "geometry": {"type": "LineString", "coordinates": [[1652.8, 4827.2], [1677.8, 4818.4], [1707.6, 4812.0], [1740.5, 4807.2], [1765.6, 4802.3], [1782.8, 4799.1], [1796.9, 4798.3]], "leafletCoordinates": [[3472.8, 1652.8], [3481.6, 1677.8], [3488.0, 1707.6], [3492.8, 1740.5], [3497.7, 1765.6], [3500.9, 1782.8], [3501.7, 1796.9]]}}, {"type": "Feature", "id": "gis_road_21_0", "properties": {"gisId": 156, "name": "Roseroad", "rawName": "Roseroad", "category": "major_highway", "size": 2, "continent": "Westeros", "lengthMiles": 204, "vertexCount": 11}, "geometry": {"type": "LineString", "coordinates": [[1796.9, 4798.3], [1818.9, 4790.3], [1841.6, 4779.1], [1871.4, 4763.2], [1891.7, 4746.4], [1909.8, 4720.8], [1922.3, 4696.9], [1938.0, 4680.9], [1949.0, 4671.4], [1959.1, 4669.8], [1977.9, 4669.7]], "leafletCoordinates": [[3501.7, 1796.9], [3509.7, 1818.9], [3520.9, 1841.6], [3536.8, 1871.4], [3553.6, 1891.7], [3579.2, 1909.8], [3603.1, 1922.3], [3619.1, 1938.0], [3628.6, 1949.0], [3630.2, 1959.1], [3630.3, 1977.9]]}}, {"type": "Feature", "id": "gis_road_22_0", "properties": {"gisId": 157, "name": "High Road", "rawName": "High Road", "category": "major_highway", "size": 2, "continent": "Westeros", "lengthMiles": 85, "vertexCount": 5}, "geometry": {"type": "LineString", "coordinates": [[2123.8, 3950.3], [2087.1, 3961.3], [2061.3, 3971.4], [2047.2, 3980.8], [2043.2, 3994.1]], "leafletCoordinates": [[4349.7, 2123.8], [4338.7, 2087.1], [4328.6, 2061.3], [4319.2, 2047.2], [4305.9, 2043.2]]}}, {"type": "Feature", "id": "gis_road_23_0", "properties": {"gisId": 158, "name": "High Road", "rawName": "High Road", "category": "major_highway", "size": 2, "continent": "Westeros", "lengthMiles": 251, "vertexCount": 25}, "geometry": {"type": "LineString", "coordinates": [[2043.2, 3994.1], [2038.5, 4005.9], [2031.5, 4012.9], [2020.5, 4016.9], [2009.5, 4024.7], [2004.8, 4033.3], [2000.1, 4047.5], [1997.0, 4061.6], [1993.9, 4070.2], [1986.8, 4077.3], [1978.2, 4076.5], [1968.8, 4071.8], [1959.4, 4072.6], [1957.8, 4081.3], [1956.2, 4091.5], [1954.7, 4103.3], [1950.0, 4110.4], [1942.9, 4113.5], [1934.3, 4114.3], [1914.7, 4108.8], [1895.9, 4104.1], [1880.2, 4101.8], [1871.6, 4102.6], [1859.9, 4111.2], [1847.3, 4123.8]], "leafletCoordinates": [[4305.9, 2043.2], [4294.1, 2038.5], [4287.1, 2031.5], [4283.1, 2020.5], [4275.3, 2009.5], [4266.7, 2004.8], [4252.5, 2000.1], [4238.4, 1997.0], [4229.8, 1993.9], [4222.7, 1986.8], [4223.5, 1978.2], [4228.2, 1968.8], [4227.4, 1959.4], [4218.7, 1957.8], [4208.5, 1956.2], [4196.7, 1954.7], [4189.6, 1950.0], [4186.5, 1942.9], [4185.7, 1934.3], [4191.2, 1914.7], [4195.9, 1895.9], [4198.2, 1880.2], [4197.4, 1871.6], [4188.8, 1859.9], [4176.2, 1847.3]]}}, {"type": "Feature", "id": "gis_road_24_0", "properties": {"gisId": 159, "name": "River Road", "rawName": "River Road", "category": "major_highway", "size": 2, "continent": "Westeros", "lengthMiles": 78, "vertexCount": 8}, "geometry": {"type": "LineString", "coordinates": [[1847.3, 4123.8], [1832.4, 4133.3], [1824.6, 4143.6], [1819.9, 4153.8], [1809.7, 4163.3], [1796.4, 4168.0], [1787.0, 4166.4], [1777.6, 4162.5]], "leafletCoordinates": [[4176.2, 1847.3], [4166.7, 1832.4], [4156.4, 1824.6], [4146.2, 1819.9], [4136.7, 1809.7], [4132.0, 1796.4], [4133.6, 1787.0], [4137.5, 1777.6]]}}, {"type": "Feature", "id": "gis_road_25_0", "properties": {"gisId": 160, "name": "River Road", "rawName": "River Road", "category": "major_highway", "size": 2, "continent": "Westeros", "lengthMiles": 158, "vertexCount": 11}, "geometry": {"type": "LineString", "coordinates": [[1777.6, 4162.5], [1761.9, 4155.4], [1746.3, 4151.5], [1729.0, 4149.2], [1709.4, 4146.0], [1692.2, 4141.3], [1678.9, 4135.0], [1663.2, 4131.1], [1642.9, 4131.1], [1615.4, 4133.5], [1601.7, 4134.5]], "leafletCoordinates": [[4137.5, 1777.6], [4144.6, 1761.9], [4148.5, 1746.3], [4150.8, 1729.0], [4154.0, 1709.4], [4158.7, 1692.2], [4165.0, 1678.9], [4168.9, 1663.2], [4168.9, 1642.9], [4166.5, 1615.4], [4165.5, 1601.7]]}}, {"type": "Feature", "id": "gis_road_26_0", "properties": {"gisId": 161, "name": "River Road", "rawName": "River Road", "category": "major_highway", "size": 2, "continent": "Westeros", "lengthMiles": 144, "vertexCount": 13}, "geometry": {"type": "LineString", "coordinates": [[1482.8, 4158.2], [1469.7, 4161.2], [1459.5, 4173.0], [1453.2, 4178.6], [1438.4, 4179.4], [1420.3, 4179.4], [1410.9, 4183.3], [1401.5, 4195.2], [1395.3, 4211.0], [1386.6, 4224.4], [1381.1, 4237.1], [1378.0, 4250.5], [1371.7, 4256.8]], "leafletCoordinates": [[4141.8, 1482.8], [4138.8, 1469.7], [4127.0, 1459.5], [4121.4, 1453.2], [4120.6, 1438.4], [4120.6, 1420.3], [4116.7, 1410.9], [4104.8, 1401.5], [4089.0, 1395.3], [4075.6, 1386.6], [4062.9, 1381.1], [4049.5, 1378.0], [4043.2, 1371.7]]}}, {"type": "Feature", "id": "gis_road_27_0", "properties": {"gisId": 162, "name": "River Road", "rawName": "River Road", "category": "major_highway", "size": 2, "continent": "Westeros", "lengthMiles": 131, "vertexCount": 10}, "geometry": {"type": "LineString", "coordinates": [[1371.7, 4256.8], [1355.3, 4265.6], [1338.8, 4264.0], [1320.0, 4264.0], [1309.8, 4265.6], [1296.5, 4273.5], [1283.2, 4282.2], [1269.9, 4287.8], [1240.1, 4290.2], [1230.7, 4291.8]], "leafletCoordinates": [[4043.2, 1371.7], [4034.4, 1355.3], [4036.0, 1338.8], [4036.0, 1320.0], [4034.4, 1309.8], [4026.5, 1296.5], [4017.8, 1283.2], [4012.2, 1269.9], [4009.8, 1240.1], [4008.2, 1230.7]]}}, {"type": "Feature", "id": "gis_road_28_0", "properties": {"gisId": 163, "name": "River Road", "rawName": "River Road", "category": "major_highway", "size": 2, "continent": "Westeros", "lengthMiles": 78, "vertexCount": 6}, "geometry": {"type": "LineString", "coordinates": [[1230.7, 4291.8], [1209.5, 4299.7], [1183.7, 4302.1], [1165.7, 4306.9], [1152.3, 4311.7], [1146.1, 4315.6]], "leafletCoordinates": [[4008.2, 1230.7], [4000.3, 1209.5], [3997.9, 1183.7], [3993.1, 1165.7], [3988.3, 1152.3], [3984.4, 1146.1]]}}, {"type": "Feature", "id": "gis_road_29_0", "properties": {"gisId": 164, "name": "River Road", "rawName": "River Road", "category": "major_highway", "size": 2, "continent": "Westeros", "lengthMiles": 156, "vertexCount": 14}, "geometry": {"type": "LineString", "coordinates": [[1146.1, 4315.6], [1134.3, 4332.3], [1125.7, 4346.6], [1113.9, 4352.1], [1104.5, 4361.7], [1099.0, 4374.4], [1092.8, 4379.9], [1077.9, 4382.3], [1066.9, 4387.1], [1054.4, 4393.5], [1043.6, 4401.0], [1030.1, 4402.2], [1019.6, 4408.2], [1014.3, 4419.3]], "leafletCoordinates": [[3984.4, 1146.1], [3967.7, 1134.3], [3953.4, 1125.7], [3947.9, 1113.9], [3938.3, 1104.5], [3925.6, 1099.0], [3920.1, 1092.8], [3917.7, 1077.9], [3912.9, 1066.9], [3906.5, 1054.4], [3899.0, 1043.6], [3897.8, 1030.1], [3891.8, 1019.6], [3880.7, 1014.3]]}}, {"type": "Feature", "id": "gis_road_30_0", "properties": {"gisId": 165, "name": "Ocean Road", "rawName": "Ocean Road", "category": "major_highway", "size": 2, "continent": "Westeros", "lengthMiles": 60, "vertexCount": 6}, "geometry": {"type": "LineString", "coordinates": [[1014.3, 4419.3], [1016.7, 4437.7], [1017.5, 4451.5], [1016.7, 4463.4], [1014.8, 4473.6], [1009.4, 4486.5]], "leafletCoordinates": [[3880.7, 1014.3], [3862.3, 1016.7], [3848.5, 1017.5], [3836.6, 1016.7], [3826.4, 1014.8], [3813.5, 1009.4]]}}, {"type": "Feature", "id": "gis_road_31_0", "properties": {"gisId": 166, "name": "Ocean Road", "rawName": "Ocean Road", "category": "major_highway", "size": 2, "continent": "Westeros", "lengthMiles": 142, "vertexCount": 13}, "geometry": {"type": "LineString", "coordinates": [[1009.4, 4486.5], [1004.2, 4502.4], [993.2, 4513.6], [977.5, 4531.9], [970.5, 4543.9], [966.6, 4548.7], [955.6, 4552.6], [947.8, 4559.0], [947.8, 4567.0], [954.0, 4578.1], [959.5, 4591.7], [960.3, 4609.2], [958.7, 4620.4]], "leafletCoordinates": [[3813.5, 1009.4], [3797.6, 1004.2], [3786.4, 993.2], [3768.1, 977.5], [3756.1, 970.5], [3751.3, 966.6], [3747.4, 955.6], [3741.0, 947.8], [3733.0, 947.8], [3721.9, 954.0], [3708.3, 959.5], [3690.8, 960.3], [3679.6, 958.7]]}}, {"type": "Feature", "id": "gis_road_32_0", "properties": {"gisId": 167, "name": "Ocean Road", "rawName": "Ocean Road", "category": "major_highway", "size": 2, "continent": "Westeros", "lengthMiles": 272, "vertexCount": 33}, "geometry": {"type": "LineString", "coordinates": [[958.7, 4620.4], [956.4, 4632.3], [951.6, 4643.5], [943.8, 4650.7], [935.2, 4663.5], [928.1, 4670.6], [926.6, 4680.2], [926.6, 4688.2], [934.4, 4700.1], [936.1, 4704.0], [934.2, 4711.1], [932.2, 4714.4], [925.7, 4727.0], [922.4, 4735.7], [923.7, 4743.0], [927.0, 4750.3], [930.9, 4759.0], [933.7, 4764.3], [932.2, 4768.9], [930.3, 4774.9], [928.3, 4781.6], [927.0, 4788.2], [925.0, 4796.2], [925.0, 4804.2], [928.3, 4812.8], [932.2, 4818.8], [938.2, 4824.9], [942.2, 4831.0], [954.7, 4840.5], [961.0, 4849.3], [964.9, 4865.3], [972.7, 4874.0], [988.7, 4887.0]], "leafletCoordinates": [[3679.6, 958.7], [3667.7, 956.4], [3656.5, 951.6], [3649.3, 943.8], [3636.5, 935.2], [3629.4, 928.1], [3619.8, 926.6], [3611.8, 926.6], [3599.9, 934.4], [3596.0, 936.1], [3588.9, 934.2], [3585.6, 932.2], [3573.0, 925.7], [3564.3, 922.4], [3557.0, 923.7], [3549.7, 927.0], [3541.0, 930.9], [3535.7, 933.7], [3531.1, 932.2], [3525.1, 930.3], [3518.4, 928.3], [3511.8, 927.0], [3503.8, 925.0], [3495.8, 925.0], [3487.2, 928.3], [3481.2, 932.2], [3475.1, 938.2], [3469.0, 942.2], [3459.5, 954.7], [3450.7, 961.0], [3434.7, 964.9], [3426.0, 972.7], [3413.0, 988.7]]}}, {"type": "Feature", "id": "gis_road_33_0", "properties": {"gisId": 168, "name": "Ocean Road", "rawName": "Ocean Road", "category": "major_highway", "size": 2, "continent": "Westeros", "lengthMiles": 309, "vertexCount": 19}, "geometry": {"type": "LineString", "coordinates": [[988.7, 4887.0], [1007.2, 4902.7], [1022.0, 4918.6], [1033.0, 4924.2], [1049.5, 4927.4], [1064.3, 4929.8], [1080.0, 4940.9], [1094.9, 4958.4], [1108.2, 4976.7], [1124.6, 4992.7], [1135.6, 5008.6], [1142.7, 5022.1], [1154.4, 5046.8], [1165.4, 5056.3], [1189.6, 5066.7], [1206.1, 5070.6], [1231.9, 5070.6], [1246.0, 5073.0], [1258.0, 5082.0]], "leafletCoordinates": [[3413.0, 988.7], [3397.3, 1007.2], [3381.4, 1022.0], [3375.8, 1033.0], [3372.6, 1049.5], [3370.2, 1064.3], [3359.1, 1080.0], [3341.6, 1094.9], [3323.3, 1108.2], [3307.3, 1124.6], [3291.4, 1135.6], [3277.9, 1142.7], [3253.2, 1154.4], [3243.7, 1165.4], [3233.3, 1189.6], [3229.4, 1206.1], [3229.4, 1231.9], [3227.0, 1246.0], [3218.0, 1258.0]]}}, {"type": "Feature", "id": "gis_road_34_0", "properties": {"gisId": 169, "name": "Gold Road", "rawName": "Gold Road", "category": "major_highway", "size": 2, "continent": "Westeros", "lengthMiles": 270, "vertexCount": 24}, "geometry": {"type": "LineString", "coordinates": [[1953.9, 4608.0], [1950.0, 4607.9], [1937.1, 4607.9], [1933.2, 4608.5], [1921.9, 4609.6], [1910.1, 4611.3], [1895.0, 4607.4], [1875.9, 4601.7], [1868.6, 4593.1], [1866.9, 4589.1], [1854.5, 4573.1], [1843.3, 4565.1], [1837.4, 4561.6], [1833.8, 4561.5], [1820.5, 4556.7], [1805.6, 4536.8], [1796.2, 4524.1], [1781.4, 4512.1], [1763.4, 4506.6], [1743.8, 4505.8], [1727.3, 4503.4], [1713.2, 4509.8], [1706.9, 4519.4], [1696.7, 4528.1]], "leafletCoordinates": [[3692.0, 1953.9], [3692.1, 1950.0], [3692.1, 1937.1], [3691.5, 1933.2], [3690.4, 1921.9], [3688.7, 1910.1], [3692.6, 1895.0], [3698.3, 1875.9], [3706.9, 1868.6], [3710.9, 1866.9], [3726.9, 1854.5], [3734.9, 1843.3], [3738.4, 1837.4], [3738.5, 1833.8], [3743.3, 1820.5], [3763.2, 1805.6], [3775.9, 1796.2], [3787.9, 1781.4], [3793.4, 1763.4], [3794.2, 1743.8], [3796.6, 1727.3], [3790.2, 1713.2], [3780.6, 1706.9], [3771.9, 1696.7]]}}, {"type": "Feature", "id": "gis_road_35_0", "properties": {"gisId": 170, "name": "Gold Road", "rawName": "Gold Road", "category": "major_highway", "size": 2, "continent": "Westeros", "lengthMiles": 17, "vertexCount": 3}, "geometry": {"type": "LineString", "coordinates": [[1696.7, 4528.1], [1688.1, 4532.9], [1678.7, 4536.1]], "leafletCoordinates": [[3771.9, 1696.7], [3767.1, 1688.1], [3763.9, 1678.7]]}}, {"type": "Feature", "id": "gis_road_36_0", "properties": {"gisId": 171, "name": "Gold Road", "rawName": "Gold Road", "category": "major_highway", "size": 2, "continent": "Westeros", "lengthMiles": 265, "vertexCount": 13}, "geometry": {"type": "LineString", "coordinates": [[1678.7, 4536.1], [1661.5, 4540.9], [1641.1, 4546.5], [1612.1, 4547.3], [1586.3, 4547.3], [1570.6, 4551.3], [1549.4, 4557.7], [1530.6, 4561.7], [1484.4, 4565.7], [1449.2, 4570.5], [1416.3, 4569.0], [1396.7, 4564.2], [1381.0, 4559.5]], "leafletCoordinates": [[3763.9, 1678.7], [3759.1, 1661.5], [3753.5, 1641.1], [3752.7, 1612.1], [3752.7, 1586.3], [3748.7, 1570.6], [3742.3, 1549.4], [3738.3, 1530.6], [3734.3, 1484.4], [3729.5, 1449.2], [3731.0, 1416.3], [3735.8, 1396.7], [3740.5, 1381.0]]}}, {"type": "Feature", "id": "gis_road_37_0", "properties": {"gisId": 172, "name": "Gold Road", "rawName": "Gold Road", "category": "major_highway", "size": 2, "continent": "Westeros", "lengthMiles": 291, "vertexCount": 20}, "geometry": {"type": "LineString", "coordinates": [[1381.0, 4559.5], [1372.4, 4553.1], [1369.3, 4544.3], [1368.5, 4526.0], [1363.0, 4518.8], [1351.3, 4510.9], [1337.2, 4506.1], [1330.1, 4499.0], [1322.3, 4491.0], [1305.0, 4487.9], [1285.5, 4484.7], [1274.5, 4476.7], [1262.7, 4461.6], [1252.6, 4450.5], [1237.7, 4449.7], [1200.9, 4456.9], [1171.1, 4464.1], [1144.4, 4470.5], [1120.9, 4472.1], [1105.3, 4472.1]], "leafletCoordinates": [[3740.5, 1381.0], [3746.9, 1372.4], [3755.7, 1369.3], [3774.0, 1368.5], [3781.2, 1363.0], [3789.1, 1351.3], [3793.9, 1337.2], [3801.0, 1330.1], [3809.0, 1322.3], [3812.1, 1305.0], [3815.3, 1285.5], [3823.3, 1274.5], [3838.4, 1262.7], [3849.5, 1252.6], [3850.3, 1237.7], [3843.1, 1200.9], [3835.9, 1171.1], [3829.5, 1144.4], [3827.9, 1120.9], [3827.9, 1105.3]]}}, {"type": "Feature", "id": "gis_road_38_0", "properties": {"gisId": 173, "name": "Gold Road", "rawName": "Gold Road", "category": "major_highway", "size": 2, "continent": "Westeros", "lengthMiles": 95, "vertexCount": 7}, "geometry": {"type": "LineString", "coordinates": [[1105.3, 4472.1], [1082.6, 4462.6], [1066.1, 4455.4], [1048.1, 4449.1], [1034.8, 4443.5], [1022.2, 4434.1], [1014.3, 4419.3]], "leafletCoordinates": [[3827.9, 1105.3], [3837.4, 1082.6], [3844.6, 1066.1], [3850.9, 1048.1], [3856.5, 1034.8], [3865.9, 1022.2], [3880.7, 1014.3]]}}, {"type": "Feature", "id": "gis_road_39_0", "properties": {"gisId": 174, "name": "Kingdom Path (Westeros)", "rawName": null, "category": "kingdom_path", "size": 3, "continent": "Westeros", "lengthMiles": 75, "vertexCount": 7}, "geometry": {"type": "LineString", "coordinates": [[1105.3, 4472.1], [1084.1, 4481.7], [1074.7, 4488.1], [1063.7, 4488.9], [1051.2, 4489.7], [1043.4, 4495.2], [1036.4, 4512.4]], "leafletCoordinates": [[3827.9, 1105.3], [3818.3, 1084.1], [3811.9, 1074.7], [3811.1, 1063.7], [3810.3, 1051.2], [3804.8, 1043.4], [3787.6, 1036.4]]}}, {"type": "Feature", "id": "gis_road_40_0", "properties": {"gisId": 175, "name": "Kingdom Path (Westeros)", "rawName": null, "category": "kingdom_path", "size": 3, "continent": "Westeros", "lengthMiles": 33, "vertexCount": 3}, "geometry": {"type": "LineString", "coordinates": [[1036.4, 4512.4], [1026.1, 4500.8], [1009.4, 4486.5]], "leafletCoordinates": [[3787.6, 1036.4], [3799.2, 1026.1], [3813.5, 1009.4]]}}, {"type": "Feature", "id": "gis_road_41_0", "properties": {"gisId": 176, "name": "Kingdom Path (Westeros)", "rawName": null, "category": "kingdom_path", "size": 3, "continent": "Westeros", "lengthMiles": 149, "vertexCount": 14}, "geometry": {"type": "LineString", "coordinates": [[1977.9, 4669.7], [1970.9, 4681.7], [1970.9, 4692.1], [1975.6, 4702.4], [1983.4, 4716.0], [1985.8, 4726.4], [1985.8, 4749.5], [1983.4, 4764.7], [1983.4, 4776.6], [1988.1, 4791.0], [1992.8, 4795.8], [1992.0, 4804.5], [1988.9, 4813.3], [1983.3, 4830.6]], "leafletCoordinates": [[3630.3, 1977.9], [3618.3, 1970.9], [3607.9, 1970.9], [3597.6, 1975.6], [3584.0, 1983.4], [3573.6, 1985.8], [3550.5, 1985.8], [3535.3, 1983.4], [3523.4, 1983.4], [3509.0, 1988.1], [3504.2, 1992.8], [3495.5, 1992.0], [3486.7, 1988.9], [3469.4, 1983.3]]}}, {"type": "Feature", "id": "gis_road_42_0", "properties": {"gisId": 177, "name": "Kingdom Path (Westeros)", "rawName": null, "category": "kingdom_path", "size": 3, "continent": "Westeros", "lengthMiles": 151, "vertexCount": 13}, "geometry": {"type": "LineString", "coordinates": [[1983.4, 4827.7], [1974.7, 4847.6], [1972.4, 4857.2], [1974.7, 4871.6], [1976.3, 4878.7], [1972.4, 4889.9], [1966.1, 4898.7], [1960.6, 4913.0], [1959.8, 4928.2], [1955.1, 4941.8], [1951.2, 4956.1], [1946.5, 4969.7], [1938.3, 4991.1]], "leafletCoordinates": [[3472.3, 1983.4], [3452.4, 1974.7], [3442.8, 1972.4], [3428.4, 1974.7], [3421.3, 1976.3], [3410.1, 1972.4], [3401.3, 1966.1], [3387.0, 1960.6], [3371.8, 1959.8], [3358.2, 1955.1], [3343.9, 1951.2], [3330.3, 1946.5], [3308.9, 1938.3]]}}, {"type": "Feature", "id": "gis_road_43_0", "properties": {"gisId": 178, "name": "Prince Pass", "rawName": "Prince Pass", "category": "major_highway", "size": 3, "continent": "Westeros", "lengthMiles": 76, "vertexCount": 7}, "geometry": {"type": "LineString", "coordinates": [[1527.6, 5248.9], [1529.2, 5259.2], [1531.2, 5276.0], [1532.3, 5296.6], [1532.2, 5313.6], [1531.2, 5327.9], [1530.9, 5335.3]], "leafletCoordinates": [[3051.1, 1527.6], [3040.8, 1529.2], [3024.0, 1531.2], [3003.4, 1532.3], [2986.4, 1532.2], [2972.1, 1531.2], [2964.7, 1530.9]]}}, {"type": "Feature", "id": "gis_road_44_0", "properties": {"gisId": 179, "name": "Prince Pass", "rawName": "Prince Pass", "category": "major_highway", "size": 3, "continent": "Westeros", "lengthMiles": 78, "vertexCount": 8}, "geometry": {"type": "LineString", "coordinates": [[1530.9, 5335.3], [1529.4, 5344.0], [1527.4, 5355.5], [1526.7, 5367.8], [1527.0, 5383.5], [1528.8, 5397.9], [1533.3, 5414.3], [1537.3, 5422.0]], "leafletCoordinates": [[2964.7, 1530.9], [2956.0, 1529.4], [2944.5, 1527.4], [2932.2, 1526.7], [2916.5, 1527.0], [2902.1, 1528.8], [2885.7, 1533.3], [2878.0, 1537.3]]}}, {"type": "Feature", "id": "gis_road_45_0", "properties": {"gisId": 180, "name": "Prince Pass", "rawName": "Prince Pass", "category": "major_highway", "size": 3, "continent": "Westeros", "lengthMiles": 36, "vertexCount": 4}, "geometry": {"type": "LineString", "coordinates": [[1537.3, 5422.0], [1545.6, 5425.3], [1557.4, 5426.3], [1577.9, 5426.5]], "leafletCoordinates": [[2878.0, 1537.3], [2874.7, 1545.6], [2873.7, 1557.4], [2873.5, 1577.9]]}}, {"type": "Feature", "id": "gis_road_46_0", "properties": {"gisId": 181, "name": "Boneway", "rawName": "Boneway", "category": "major_highway", "size": 2, "continent": "Westeros", "lengthMiles": 82, "vertexCount": 7}, "geometry": {"type": "LineString", "coordinates": [[2223.6, 4957.8], [2205.0, 4943.1], [2192.5, 4932.8], [2177.6, 4928.8], [2162.0, 4926.4], [2151.8, 4924.0], [2140.8, 4920.1]], "leafletCoordinates": [[3342.2, 2223.6], [3356.9, 2205.0], [3367.2, 2192.5], [3371.2, 2177.6], [3373.6, 2162.0], [3376.0, 2151.8], [3379.9, 2140.8]]}}, {"type": "Feature", "id": "gis_road_47_0", "properties": {"gisId": 182, "name": "Boneway", "rawName": "Boneway", "category": "major_highway", "size": 2, "continent": "Westeros", "lengthMiles": 36, "vertexCount": 5}, "geometry": {"type": "LineString", "coordinates": [[2140.8, 4920.1], [2128.3, 4913.7], [2116.5, 4908.9], [2109.5, 4908.1], [2101.6, 4908.1]], "leafletCoordinates": [[3379.9, 2140.8], [3386.3, 2128.3], [3391.1, 2116.5], [3391.9, 2109.5], [3391.9, 2101.6]]}}, {"type": "Feature", "id": "gis_road_48_0", "properties": {"gisId": 183, "name": "Boneway", "rawName": "Boneway", "category": "major_highway", "size": 2, "continent": "Westeros", "lengthMiles": 51, "vertexCount": 4}, "geometry": {"type": "LineString", "coordinates": [[2101.6, 4908.1], [2086.7, 4919.3], [2071.9, 4932.9], [2057.7, 4945.7]], "leafletCoordinates": [[3391.9, 2101.6], [3380.7, 2086.7], [3367.1, 2071.9], [3354.3, 2057.7]]}}, {"type": "Feature", "id": "gis_road_49_0", "properties": {"gisId": 184, "name": "Boneway", "rawName": "Boneway", "category": "major_highway", "size": 2, "continent": "Westeros", "lengthMiles": 116, "vertexCount": 10}, "geometry": {"type": "LineString", "coordinates": [[2057.7, 4945.7], [2040.5, 4958.4], [2031.1, 4965.6], [2017.8, 4969.6], [1999.0, 4968.8], [1984.1, 4968.8], [1972.3, 4977.6], [1964.5, 4983.2], [1954.3, 4984.8], [1938.3, 4991.1]], "leafletCoordinates": [[3354.3, 2057.7], [3341.6, 2040.5], [3334.4, 2031.1], [3330.4, 2017.8], [3331.2, 1999.0], [3331.2, 1984.1], [3322.4, 1972.3], [3316.8, 1964.5], [3315.2, 1954.3], [3308.9, 1938.3]]}}, {"type": "Feature", "id": "gis_road_50_0", "properties": {"gisId": 185, "name": "Boneway", "rawName": "Boneway", "category": "major_highway", "size": 2, "continent": "Westeros", "lengthMiles": 204, "vertexCount": 21}, "geometry": {"type": "LineString", "coordinates": [[1939.5, 4991.1], [1932.8, 5000.7], [1926.6, 5015.1], [1919.5, 5022.3], [1906.2, 5024.7], [1891.3, 5031.0], [1877.2, 5039.8], [1863.9, 5047.0], [1855.3, 5049.4], [1846.6, 5056.5], [1843.5, 5061.3], [1842.7, 5069.3], [1842.7, 5083.6], [1840.3, 5091.6], [1834.1, 5102.7], [1826.2, 5109.1], [1812.9, 5116.2], [1800.4, 5123.4], [1797.2, 5129.8], [1798.0, 5137.7], [1801.2, 5148.0]], "leafletCoordinates": [[3308.9, 1939.5], [3299.3, 1932.8], [3284.9, 1926.6], [3277.7, 1919.5], [3275.3, 1906.2], [3269.0, 1891.3], [3260.2, 1877.2], [3253.0, 1863.9], [3250.6, 1855.3], [3243.5, 1846.6], [3238.7, 1843.5], [3230.7, 1842.7], [3216.4, 1842.7], [3208.4, 1840.3], [3197.3, 1834.1], [3190.9, 1826.2], [3183.8, 1812.9], [3176.6, 1800.4], [3170.2, 1797.2], [3162.3, 1798.0], [3152.0, 1801.2]]}}, {"type": "Feature", "id": "gis_road_51_0", "properties": {"gisId": 186, "name": "Boneway", "rawName": "Boneway", "category": "major_highway", "size": 2, "continent": "Westeros", "lengthMiles": 130, "vertexCount": 14}, "geometry": {"type": "LineString", "coordinates": [[1801.2, 5148.0], [1810.5, 5160.7], [1823.9, 5166.3], [1835.6, 5172.6], [1844.2, 5179.8], [1848.9, 5189.3], [1849.7, 5196.4], [1843.4, 5202.0], [1834.8, 5208.3], [1823.1, 5210.7], [1810.5, 5210.7], [1801.1, 5214.7], [1795.6, 5225.8], [1790.2, 5233.7]], "leafletCoordinates": [[3152.0, 1801.2], [3139.3, 1810.5], [3133.7, 1823.9], [3127.4, 1835.6], [3120.2, 1844.2], [3110.7, 1848.9], [3103.6, 1849.7], [3098.0, 1843.4], [3091.7, 1834.8], [3089.3, 1823.1], [3089.3, 1810.5], [3085.3, 1801.1], [3074.2, 1795.6], [3066.3, 1790.2]]}}, {"type": "Feature", "id": "gis_road_52_0", "properties": {"gisId": 187, "name": "Boneway", "rawName": "Boneway", "category": "major_highway", "size": 2, "continent": "Westeros", "lengthMiles": 243, "vertexCount": 18}, "geometry": {"type": "LineString", "coordinates": [[1790.2, 5233.7], [1771.3, 5262.3], [1760.4, 5280.5], [1752.5, 5292.4], [1748.6, 5297.1], [1732.9, 5309.0], [1716.5, 5318.5], [1706.3, 5328.8], [1699.2, 5339.1], [1698.4, 5347.0], [1703.9, 5358.8], [1714.9, 5370.6], [1726.6, 5380.9], [1737.6, 5391.1], [1757.2, 5408.4], [1769.7, 5416.3], [1780.7, 5424.2], [1792.0, 5433.5]], "leafletCoordinates": [[3066.3, 1790.2], [3037.7, 1771.3], [3019.5, 1760.4], [3007.6, 1752.5], [3002.9, 1748.6], [2991.0, 1732.9], [2981.5, 1716.5], [2971.2, 1706.3], [2960.9, 1699.2], [2953.0, 1698.4], [2941.2, 1703.9], [2929.4, 1714.9], [2919.1, 1726.6], [2908.9, 1737.6], [2891.6, 1757.2], [2883.7, 1769.7], [2875.8, 1780.7], [2866.5, 1792.0]]}}, {"type": "Feature", "id": "gis_road_53_0", "properties": {"gisId": 188, "name": "King's Road", "rawName": "King's Road", "category": "major_highway", "size": 1, "continent": "Westeros", "lengthMiles": 183, "vertexCount": 14}, "geometry": {"type": "LineString", "coordinates": [[1911.3, 2339.0], [1915.3, 2356.1], [1919.9, 2374.9], [1918.4, 2386.0], [1916.1, 2404.9], [1912.2, 2431.8], [1909.1, 2444.9], [1906.8, 2456.8], [1905.2, 2470.6], [1909.1, 2490.5], [1909.8, 2502.4], [1906.0, 2517.7], [1899.8, 2531.7], [1895.1, 2542.4]], "leafletCoordinates": [[5961.0, 1911.3], [5943.9, 1915.3], [5925.1, 1919.9], [5914.0, 1918.4], [5895.1, 1916.1], [5868.2, 1912.2], [5855.1, 1909.1], [5843.2, 1906.8], [5829.4, 1905.2], [5809.5, 1909.1], [5797.6, 1909.8], [5782.3, 1906.0], [5768.3, 1899.8], [5757.6, 1895.1]]}}, {"type": "Feature", "id": "gis_road_54_0", "properties": {"gisId": 189, "name": "King's Road", "rawName": "King's Road", "category": "major_highway", "size": 1, "continent": "Westeros", "lengthMiles": 505, "vertexCount": 34}, "geometry": {"type": "LineString", "coordinates": [[1895.1, 2542.4], [1883.5, 2560.5], [1878.9, 2573.3], [1871.1, 2582.7], [1851.0, 2597.5], [1831.7, 2611.7], [1813.9, 2628.0], [1808.4, 2644.2], [1802.3, 2655.8], [1783.7, 2676.2], [1752.7, 2706.3], [1723.3, 2733.8], [1690.8, 2763.5], [1681.5, 2776.6], [1677.7, 2786.3], [1683.1, 2796.0], [1687.7, 2807.1], [1687.7, 2819.6], [1683.8, 2835.7], [1675.3, 2850.3], [1676.1, 2860.8], [1681.5, 2869.9], [1695.4, 2883.2], [1708.6, 2895.8], [1710.1, 2907.8], [1710.1, 2917.6], [1707.8, 2930.3], [1700.8, 2942.3], [1699.2, 2957.2], [1697.7, 2971.4], [1696.1, 2980.6], [1689.2, 2987.0], [1679.9, 2988.4], [1668.5, 2989.5]], "leafletCoordinates": [[5757.6, 1895.1], [5739.5, 1883.5], [5726.7, 1878.9], [5717.3, 1871.1], [5702.5, 1851.0], [5688.3, 1831.7], [5672.0, 1813.9], [5655.8, 1808.4], [5644.2, 1802.3], [5623.8, 1783.7], [5593.7, 1752.7], [5566.2, 1723.3], [5536.5, 1690.8], [5523.4, 1681.5], [5513.7, 1677.7], [5504.0, 1683.1], [5492.9, 1687.7], [5480.4, 1687.7], [5464.3, 1683.8], [5449.7, 1675.3], [5439.2, 1676.1], [5430.1, 1681.5], [5416.8, 1695.4], [5404.2, 1708.6], [5392.2, 1710.1], [5382.4, 1710.1], [5369.7, 1707.8], [5357.7, 1700.8], [5342.8, 1699.2], [5328.6, 1697.7], [5319.4, 1696.1], [5313.0, 1689.2], [5311.6, 1679.9], [5310.5, 1668.5]]}}, {"type": "Feature", "id": "gis_road_55_0", "properties": {"gisId": 190, "name": "King's Road", "rawName": "King's Road", "category": "major_highway", "size": 1, "continent": "Westeros", "lengthMiles": 72, "vertexCount": 8}, "geometry": {"type": "LineString", "coordinates": [[1668.5, 2989.5], [1658.2, 2994.8], [1653.6, 3004.8], [1651.3, 3016.9], [1648.9, 3030.5], [1646.6, 3038.3], [1643.5, 3046.9], [1630.7, 3057.9]], "leafletCoordinates": [[5310.5, 1668.5], [5305.2, 1658.2], [5295.2, 1653.6], [5283.1, 1651.3], [5269.5, 1648.9], [5261.7, 1646.6], [5253.1, 1643.5], [5242.1, 1630.7]]}}, {"type": "Feature", "id": "gis_road_56_0", "properties": {"gisId": 191, "name": "King's Road", "rawName": "King's Road", "category": "major_highway", "size": 1, "continent": "Westeros", "lengthMiles": 195, "vertexCount": 13}, "geometry": {"type": "LineString", "coordinates": [[1630.7, 3057.9], [1626.5, 3074.2], [1623.4, 3091.4], [1623.4, 3106.5], [1626.5, 3121.7], [1636.5, 3144.1], [1643.5, 3159.3], [1645.0, 3170.9], [1645.0, 3200.6], [1645.0, 3226.1], [1642.7, 3251.7], [1645.0, 3265.6], [1648.1, 3275.1]], "leafletCoordinates": [[5242.1, 1630.7], [5225.8, 1626.5], [5208.6, 1623.4], [5193.5, 1623.4], [5178.3, 1626.5], [5155.9, 1636.5], [5140.7, 1643.5], [5129.1, 1645.0], [5099.4, 1645.0], [5073.9, 1645.0], [5048.3, 1642.7], [5034.4, 1645.0], [5024.9, 1648.1]]}}, {"type": "Feature", "id": "gis_road_57_0", "properties": {"gisId": 192, "name": "King's Road", "rawName": "King's Road", "category": "major_highway", "size": 1, "continent": "Westeros", "lengthMiles": 69, "vertexCount": 6}, "geometry": {"type": "LineString", "coordinates": [[1648.1, 3275.1], [1653.5, 3297.9], [1656.6, 3309.6], [1655.0, 3325.1], [1653.5, 3341.3], [1651.9, 3352.4]], "leafletCoordinates": [[5024.9, 1648.1], [5002.1, 1653.5], [4990.4, 1656.6], [4974.9, 1655.0], [4958.7, 1653.5], [4947.6, 1651.9]]}}, {"type": "Feature", "id": "gis_road_58_0", "properties": {"gisId": 193, "name": "King's Road", "rawName": "King's Road", "category": "major_highway", "size": 1, "continent": "Westeros", "lengthMiles": 287, "vertexCount": 19}, "geometry": {"type": "LineString", "coordinates": [[1651.9, 3352.4], [1653.4, 3377.5], [1657.3, 3401.2], [1660.4, 3421.3], [1660.4, 3435.4], [1659.6, 3447.3], [1662.7, 3463.0], [1671.2, 3484.6], [1678.9, 3506.3], [1681.2, 3519.8], [1683.5, 3531.8], [1682.0, 3548.3], [1678.9, 3570.1], [1675.0, 3593.4], [1673.5, 3608.5], [1671.9, 3621.4], [1673.4, 3639.5], [1677.3, 3658.4], [1681.2, 3675.1]], "leafletCoordinates": [[4947.6, 1651.9], [4922.5, 1653.4], [4898.8, 1657.3], [4878.7, 1660.4], [4864.6, 1660.4], [4852.7, 1659.6], [4837.0, 1662.7], [4815.4, 1671.2], [4793.7, 1678.9], [4780.2, 1681.2], [4768.2, 1683.5], [4751.7, 1682.0], [4729.9, 1678.9], [4706.6, 1675.0], [4691.5, 1673.5], [4678.6, 1671.9], [4660.5, 1673.4], [4641.6, 1677.3], [4624.9, 1681.2]]}}, {"type": "Feature", "id": "gis_road_59_0", "properties": {"gisId": 194, "name": "King's Road", "rawName": "King's Road", "category": "major_highway", "size": 1, "continent": "Westeros", "lengthMiles": 115, "vertexCount": 8}, "geometry": {"type": "LineString", "coordinates": [[1681.2, 3675.1], [1686.6, 3693.5], [1689.0, 3712.0], [1688.2, 3723.5], [1687.4, 3741.3], [1678.8, 3763.7], [1674.1, 3782.2], [1668.6, 3802.3]], "leafletCoordinates": [[4624.9, 1681.2], [4606.5, 1686.6], [4588.0, 1689.0], [4576.5, 1688.2], [4558.7, 1687.4], [4536.3, 1678.8], [4517.8, 1674.1], [4497.7, 1668.6]]}}, {"type": "Feature", "id": "gis_road_60_0", "properties": {"gisId": 195, "name": "King's Road", "rawName": "King's Road", "category": "major_highway", "size": 1, "continent": "Westeros", "lengthMiles": 338, "vertexCount": 18}, "geometry": {"type": "LineString", "coordinates": [[1668.6, 3802.3], [1663.9, 3835.7], [1663.1, 3860.5], [1664.6, 3875.3], [1670.1, 3893.2], [1681.1, 3921.2], [1693.6, 3939.9], [1711.6, 3962.6], [1728.1, 3981.3], [1737.4, 3997.7], [1743.7, 4011.8], [1750.0, 4018.9], [1769.6, 4034.5], [1778.9, 4046.3], [1787.6, 4058.1], [1800.9, 4073.0], [1823.6, 4098.1], [1847.3, 4123.8]], "leafletCoordinates": [[4497.7, 1668.6], [4464.3, 1663.9], [4439.5, 1663.1], [4424.7, 1664.6], [4406.8, 1670.1], [4378.8, 1681.1], [4360.1, 1693.6], [4337.4, 1711.6], [4318.7, 1728.1], [4302.3, 1737.4], [4288.2, 1743.7], [4281.1, 1750.0], [4265.5, 1769.6], [4253.7, 1778.9], [4241.9, 1787.6], [4227.0, 1800.9], [4201.9, 1823.6], [4176.2, 1847.3]]}}, {"type": "Feature", "id": "gis_road_61_0", "properties": {"gisId": 196, "name": "King's Road", "rawName": "King's Road", "category": "major_highway", "size": 1, "continent": "Westeros", "lengthMiles": 78, "vertexCount": 5}, "geometry": {"type": "LineString", "coordinates": [[1847.3, 4123.8], [1861.2, 4142.9], [1866.7, 4154.0], [1869.0, 4179.2], [1872.9, 4206.8]], "leafletCoordinates": [[4176.2, 1847.3], [4157.1, 1861.2], [4146.0, 1866.7], [4120.8, 1869.0], [4093.2, 1872.9]]}}, {"type": "Feature", "id": "gis_road_62_0", "properties": {"gisId": 197, "name": "King's Road", "rawName": "King's Road", "category": "major_highway", "size": 1, "continent": "Westeros", "lengthMiles": 13, "vertexCount": 2}, "geometry": {"type": "LineString", "coordinates": [[1872.9, 4206.8], [1876.0, 4221.0]], "leafletCoordinates": [[4093.2, 1872.9], [4079.0, 1876.0]]}}, {"type": "Feature", "id": "gis_road_63_0", "properties": {"gisId": 198, "name": "King's Road", "rawName": "King's Road", "category": "major_highway", "size": 1, "continent": "Westeros", "lengthMiles": 139, "vertexCount": 9}, "geometry": {"type": "LineString", "coordinates": [[1876.0, 4221.0], [1882.3, 4240.0], [1889.3, 4263.7], [1894.0, 4285.1], [1895.6, 4299.4], [1895.6, 4316.8], [1901.0, 4339.0], [1905.7, 4356.4], [1916.7, 4372.3]], "leafletCoordinates": [[4079.0, 1876.0], [4060.0, 1882.3], [4036.3, 1889.3], [4014.9, 1894.0], [4000.6, 1895.6], [3983.2, 1895.6], [3961.0, 1901.0], [3943.6, 1905.7], [3927.7, 1916.7]]}}, {"type": "Feature", "id": "gis_road_64_0", "properties": {"gisId": 199, "name": "King's Road", "rawName": "King's Road", "category": "major_highway", "size": 1, "continent": "Westeros", "lengthMiles": 130, "vertexCount": 7}, "geometry": {"type": "LineString", "coordinates": [[1916.7, 4372.3], [1933.9, 4390.5], [1944.9, 4408.8], [1960.6, 4427.9], [1970.7, 4450.1], [1983.3, 4471.6], [1999.7, 4494.6]], "leafletCoordinates": [[3927.7, 1916.7], [3909.5, 1933.9], [3891.2, 1944.9], [3872.1, 1960.6], [3849.9, 1970.7], [3828.4, 1983.3], [3805.4, 1999.7]]}}, {"type": "Feature", "id": "gis_road_65_0", "properties": {"gisId": 200, "name": "King's Road", "rawName": "King's Road", "category": "major_highway", "size": 1, "continent": "Westeros", "lengthMiles": 111, "vertexCount": 8}, "geometry": {"type": "LineString", "coordinates": [[1999.7, 4494.6], [1996.3, 4525.5], [1991.6, 4553.3], [1985.1, 4563.5], [1975.0, 4573.5], [1964.2, 4584.0], [1958.3, 4596.8], [1953.9, 4608.0]], "leafletCoordinates": [[3805.4, 1999.7], [3774.5, 1996.3], [3746.7, 1991.6], [3736.5, 1985.1], [3726.5, 1975.0], [3716.0, 1964.2], [3703.2, 1958.3], [3692.0, 1953.9]]}}, {"type": "Feature", "id": "gis_road_66_0", "properties": {"gisId": 201, "name": "Kingdom Path (Westeros)", "rawName": null, "category": "kingdom_path", "size": 3, "continent": "Westeros", "lengthMiles": 69, "vertexCount": 7}, "geometry": {"type": "LineString", "coordinates": [[1633.7, 2921.1], [1639.2, 2934.4], [1647.3, 2947.8], [1658.1, 2959.7], [1665.3, 2968.4], [1668.2, 2976.2], [1668.5, 2989.5]], "leafletCoordinates": [[5378.9, 1633.7], [5365.6, 1639.2], [5352.2, 1647.3], [5340.3, 1658.1], [5331.6, 1665.3], [5323.8, 1668.2], [5310.5, 1668.5]]}}, {"type": "Feature", "id": "gis_road_67_0", "properties": {"gisId": 202, "name": "Kingdom Path (Westeros)", "rawName": null, "category": "kingdom_path", "size": 3, "continent": "Westeros", "lengthMiles": 174, "vertexCount": 19}, "geometry": {"type": "LineString", "coordinates": [[1839.7, 3276.0], [1824.1, 3276.2], [1816.1, 3276.9], [1807.3, 3281.3], [1785.5, 3288.8], [1776.4, 3290.9], [1762.7, 3296.2], [1751.0, 3301.6], [1740.9, 3310.9], [1733.1, 3315.1], [1718.6, 3317.4], [1712.1, 3319.1], [1703.5, 3320.8], [1696.9, 3322.7], [1687.6, 3324.4], [1679.9, 3328.0], [1673.3, 3333.4], [1668.2, 3338.9], [1659.3, 3346.7]], "leafletCoordinates": [[5024.0, 1839.7], [5023.8, 1824.1], [5023.1, 1816.1], [5018.7, 1807.3], [5011.2, 1785.5], [5009.1, 1776.4], [5003.8, 1762.7], [4998.4, 1751.0], [4989.1, 1740.9], [4984.9, 1733.1], [4982.6, 1718.6], [4980.9, 1712.1], [4979.2, 1703.5], [4977.3, 1696.9], [4975.6, 1687.6], [4972.0, 1679.9], [4966.6, 1673.3], [4961.1, 1668.2], [4953.3, 1659.3]]}}, {"type": "Feature", "id": "gis_road_68_0", "properties": {"gisId": 203, "name": "Kingdom Path (Westeros)", "rawName": null, "category": "kingdom_path", "size": 3, "continent": "Westeros", "lengthMiles": 96, "vertexCount": 10}, "geometry": {"type": "LineString", "coordinates": [[1681.2, 3675.1], [1677.9, 3687.4], [1671.6, 3698.6], [1668.2, 3705.4], [1664.8, 3708.7], [1653.4, 3717.2], [1638.5, 3725.0], [1631.1, 3732.9], [1619.1, 3748.6], [1614.0, 3757.1]], "leafletCoordinates": [[4624.9, 1681.2], [4612.6, 1677.9], [4601.4, 1671.6], [4594.6, 1668.2], [4591.3, 1664.8], [4582.8, 1653.4], [4575.0, 1638.5], [4567.1, 1631.1], [4551.4, 1619.1], [4542.9, 1614.0]]}}, {"type": "Feature", "id": "gis_road_69_0", "properties": {"gisId": 204, "name": "Kingdom Path (Westeros)", "rawName": null, "category": "kingdom_path", "size": 3, "continent": "Westeros", "lengthMiles": 62, "vertexCount": 6}, "geometry": {"type": "LineString", "coordinates": [[1614.0, 3757.1], [1601.4, 3765.5], [1588.9, 3772.3], [1574.6, 3775.7], [1564.9, 3779.1], [1549.6, 3784.8]], "leafletCoordinates": [[4542.9, 1614.0], [4534.5, 1601.4], [4527.7, 1588.9], [4524.3, 1574.6], [4520.9, 1564.9], [4515.2, 1549.6]]}}, {"type": "Feature", "id": "gis_road_70_0", "properties": {"gisId": 205, "name": "Kingdom Path (Westeros)", "rawName": null, "category": "kingdom_path", "size": 3, "continent": "Westeros", "lengthMiles": 87, "vertexCount": 8}, "geometry": {"type": "LineString", "coordinates": [[1551.2, 3784.1], [1533.5, 3792.1], [1523.2, 3800.0], [1520.9, 3809.0], [1520.9, 3825.9], [1518.6, 3837.2], [1514.6, 3845.7], [1508.1, 3864.0]], "leafletCoordinates": [[4515.9, 1551.2], [4507.9, 1533.5], [4500.0, 1523.2], [4491.0, 1520.9], [4474.1, 1520.9], [4462.8, 1518.6], [4454.3, 1514.6], [4436.0, 1508.1]]}}, {"type": "Feature", "id": "gis_road_71_0", "properties": {"gisId": 206, "name": "Kingdom Path (Westeros)", "rawName": null, "category": "kingdom_path", "size": 3, "continent": "Westeros", "lengthMiles": 134, "vertexCount": 15}, "geometry": {"type": "LineString", "coordinates": [[1509.5, 3863.3], [1514.1, 3876.3], [1514.6, 3884.8], [1512.3, 3893.9], [1510.0, 3905.8], [1511.2, 3914.3], [1519.7, 3924.5], [1520.9, 3933.6], [1516.9, 3941.0], [1509.5, 3951.2], [1508.9, 3960.9], [1510.6, 3971.7], [1511.7, 3984.3], [1513.4, 3991.7], [1514.7, 4008.1]], "leafletCoordinates": [[4436.7, 1509.5], [4423.7, 1514.1], [4415.2, 1514.6], [4406.1, 1512.3], [4394.2, 1510.0], [4385.7, 1511.2], [4375.5, 1519.7], [4366.4, 1520.9], [4359.0, 1516.9], [4348.8, 1509.5], [4339.1, 1508.9], [4328.3, 1510.6], [4315.7, 1511.7], [4308.3, 1513.4], [4291.9, 1514.7]]}}, {"type": "Feature", "id": "gis_road_72_0", "properties": {"gisId": 207, "name": "Kingdom Path (Westeros)", "rawName": null, "category": "kingdom_path", "size": 3, "continent": "Westeros", "lengthMiles": 141, "vertexCount": 14}, "geometry": {"type": "LineString", "coordinates": [[1514.7, 4008.1], [1512.3, 4028.8], [1508.3, 4046.5], [1503.1, 4060.2], [1496.8, 4071.7], [1489.2, 4081.5], [1491.7, 4090.0], [1496.8, 4098.0], [1497.4, 4106.0], [1492.3, 4115.8], [1486.0, 4123.8], [1483.7, 4131.3], [1483.7, 4141.0], [1482.8, 4158.2]], "leafletCoordinates": [[4291.9, 1514.7], [4271.2, 1512.3], [4253.5, 1508.3], [4239.8, 1503.1], [4228.3, 1496.8], [4218.5, 1489.2], [4210.0, 1491.7], [4202.0, 1496.8], [4194.0, 1497.4], [4184.2, 1492.3], [4176.2, 1486.0], [4168.7, 1483.7], [4159.0, 1483.7], [4141.8, 1482.8]]}}, {"type": "Feature", "id": "gis_road_73_0", "properties": {"gisId": 208, "name": "Kingdom Path (Westeros)", "rawName": null, "category": "kingdom_path", "size": 3, "continent": "Westeros", "lengthMiles": 72, "vertexCount": 7}, "geometry": {"type": "LineString", "coordinates": [[1482.8, 4158.2], [1494.5, 4173.7], [1505.9, 4184.1], [1520.2, 4191.5], [1523.1, 4197.9], [1523.6, 4212.2], [1523.6, 4222.0]], "leafletCoordinates": [[4141.8, 1482.8], [4126.3, 1494.5], [4115.9, 1505.9], [4108.5, 1520.2], [4102.1, 1523.1], [4087.8, 1523.6], [4078.0, 1523.6]]}}, {"type": "Feature", "id": "gis_road_74_0", "properties": {"gisId": 209, "name": "Kingdom Path (Westeros)", "rawName": null, "category": "kingdom_path", "size": 3, "continent": "Westeros", "lengthMiles": 62, "vertexCount": 6}, "geometry": {"type": "LineString", "coordinates": [[1523.6, 4222.0], [1538.5, 4226.0], [1553.3, 4231.2], [1572.7, 4232.4], [1578.4, 4232.3], [1592.7, 4231.1]], "leafletCoordinates": [[4078.0, 1523.6], [4074.0, 1538.5], [4068.8, 1553.3], [4067.6, 1572.7], [4067.7, 1578.4], [4068.9, 1592.7]]}}, {"type": "Feature", "id": "gis_road_75_0", "properties": {"gisId": 210, "name": "Kingdom Path (Westeros)", "rawName": null, "category": "kingdom_path", "size": 3, "continent": "Westeros", "lengthMiles": 27, "vertexCount": 4}, "geometry": {"type": "LineString", "coordinates": [[1592.7, 4231.1], [1606.9, 4226.0], [1614.4, 4224.3], [1622.4, 4224.2]], "leafletCoordinates": [[4068.9, 1592.7], [4074.0, 1606.9], [4075.7, 1614.4], [4075.8, 1622.4]]}}, {"type": "Feature", "id": "gis_road_76_0", "properties": {"gisId": 211, "name": "Kingdom Path (Westeros)", "rawName": null, "category": "kingdom_path", "size": 3, "continent": "Westeros", "lengthMiles": 152, "vertexCount": 9}, "geometry": {"type": "LineString", "coordinates": [[1622.4, 4224.2], [1642.3, 4227.1], [1665.2, 4229.4], [1694.8, 4228.8], [1723.4, 4227.0], [1742.2, 4229.3], [1768.5, 4233.3], [1783.3, 4233.9], [1795.9, 4234.5]], "leafletCoordinates": [[4075.8, 1622.4], [4072.9, 1642.3], [4070.6, 1665.2], [4071.2, 1694.8], [4073.0, 1723.4], [4070.7, 1742.2], [4066.7, 1768.5], [4066.1, 1783.3], [4065.5, 1795.9]]}}, {"type": "Feature", "id": "gis_road_77_0", "properties": {"gisId": 212, "name": "Kingdom Path (Westeros)", "rawName": null, "category": "kingdom_path", "size": 3, "continent": "Westeros", "lengthMiles": 72, "vertexCount": 7}, "geometry": {"type": "LineString", "coordinates": [[1795.9, 4234.5], [1809.6, 4233.3], [1827.2, 4231.0], [1845.5, 4231.0], [1855.8, 4227.5], [1867.2, 4224.0], [1876.0, 4221.0]], "leafletCoordinates": [[4065.5, 1795.9], [4066.7, 1809.6], [4069.0, 1827.2], [4069.0, 1845.5], [4072.5, 1855.8], [4076.0, 1867.2], [4079.0, 1876.0]]}}, {"type": "Feature", "id": "gis_road_78_0", "properties": {"gisId": 213, "name": "Kingdom Path (Westeros)", "rawName": null, "category": "kingdom_path", "size": 3, "continent": "Westeros", "lengthMiles": 75, "vertexCount": 10}, "geometry": {"type": "LineString", "coordinates": [[1777.6, 4162.5], [1789.0, 4174.6], [1792.5, 4183.8], [1791.9, 4191.9], [1787.9, 4201.1], [1783.3, 4208.6], [1781.6, 4214.3], [1782.7, 4221.8], [1790.2, 4227.0], [1795.9, 4234.5]], "leafletCoordinates": [[4137.5, 1777.6], [4125.4, 1789.0], [4116.2, 1792.5], [4108.1, 1791.9], [4098.9, 1787.9], [4091.4, 1783.3], [4085.7, 1781.6], [4078.2, 1782.7], [4073.0, 1790.2], [4065.5, 1795.9]]}}, {"type": "Feature", "id": "gis_road_79_0", "properties": {"gisId": 214, "name": "Kingdom Path (Westeros)", "rawName": null, "category": "kingdom_path", "size": 4, "continent": "Westeros", "lengthMiles": 61, "vertexCount": 7}, "geometry": {"type": "LineString", "coordinates": [[1919.3, 2379.6], [1913.7, 2381.1], [1907.5, 2384.9], [1898.0, 2388.3], [1877.4, 2388.3], [1864.8, 2389.1], [1851.9, 2389.2]], "leafletCoordinates": [[5920.4, 1919.3], [5918.9, 1913.7], [5915.1, 1907.5], [5911.7, 1898.0], [5911.7, 1877.4], [5910.9, 1864.8], [5910.8, 1851.9]]}}, {"type": "Feature", "id": "gis_road_80_0", "properties": {"gisId": 215, "name": "Kingdom Path (Westeros)", "rawName": null, "category": "kingdom_path", "size": 4, "continent": "Westeros", "lengthMiles": 116, "vertexCount": 11}, "geometry": {"type": "LineString", "coordinates": [[1895.1, 2542.4], [1915.5, 2546.2], [1928.9, 2548.9], [1941.5, 2554.0], [1952.7, 2562.5], [1963.0, 2572.6], [1974.7, 2578.9], [1986.8, 2584.7], [1996.3, 2591.0], [2001.2, 2596.4], [2007.0, 2604.9]], "leafletCoordinates": [[5757.6, 1895.1], [5753.8, 1915.5], [5751.1, 1928.9], [5746.0, 1941.5], [5737.5, 1952.7], [5727.4, 1963.0], [5721.1, 1974.7], [5715.3, 1986.8], [5709.0, 1996.3], [5703.6, 2001.2], [5695.1, 2007.0]]}}, {"type": "Feature", "id": "gis_road_81_0", "properties": {"gisId": 216, "name": "Kingdom Path (Westeros)", "rawName": null, "category": "kingdom_path", "size": 4, "continent": "Westeros", "lengthMiles": 310, "vertexCount": 17}, "geometry": {"type": "LineString", "coordinates": [[1348.6, 2722.2], [1369.2, 2730.0], [1380.3, 2733.5], [1394.0, 2748.6], [1405.1, 2763.2], [1415.5, 2767.2], [1437.7, 2775.4], [1471.0, 2788.2], [1486.0, 2795.8], [1506.9, 2814.5], [1528.4, 2834.5], [1544.1, 2848.0], [1561.1, 2857.4], [1576.1, 2866.3], [1590.4, 2878.7], [1619.2, 2905.9], [1633.7, 2921.1]], "leafletCoordinates": [[5577.8, 1348.6], [5570.0, 1369.2], [5566.5, 1380.3], [5551.4, 1394.0], [5536.8, 1405.1], [5532.8, 1415.5], [5524.6, 1437.7], [5511.8, 1471.0], [5504.2, 1486.0], [5485.5, 1506.9], [5465.5, 1528.4], [5452.0, 1544.1], [5442.6, 1561.1], [5433.7, 1576.1], [5421.3, 1590.4], [5394.1, 1619.2], [5378.9, 1633.7]]}}, {"type": "Feature", "id": "gis_road_82_0", "properties": {"gisId": 217, "name": "Kingdom Path (Westeros)", "rawName": null, "category": "kingdom_path", "size": 4, "continent": "Westeros", "lengthMiles": 270, "vertexCount": 16}, "geometry": {"type": "LineString", "coordinates": [[1633.7, 2921.1], [1614.6, 2926.7], [1587.1, 2941.7], [1574.7, 2944.6], [1548.6, 2952.4], [1524.5, 2964.4], [1498.3, 2978.2], [1478.8, 2981.8], [1459.8, 2987.8], [1444.8, 2991.4], [1429.1, 2984.8], [1418.7, 2984.3], [1405.6, 2991.5], [1392.6, 3007.1], [1378.8, 3026.4], [1368.0, 3042.5]], "leafletCoordinates": [[5378.9, 1633.7], [5373.3, 1614.6], [5358.3, 1587.1], [5355.4, 1574.7], [5347.6, 1548.6], [5335.6, 1524.5], [5321.8, 1498.3], [5318.2, 1478.8], [5312.2, 1459.8], [5308.6, 1444.8], [5315.2, 1429.1], [5315.7, 1418.7], [5308.5, 1405.6], [5292.9, 1392.6], [5273.6, 1378.8], [5257.5, 1368.0]]}}, {"type": "Feature", "id": "gis_road_83_0", "properties": {"gisId": 218, "name": "Kingdom Path (Westeros)", "rawName": null, "category": "kingdom_path", "size": 4, "continent": "Westeros", "lengthMiles": 235, "vertexCount": 10}, "geometry": {"type": "LineString", "coordinates": [[1368.4, 3043.2], [1392.6, 3044.4], [1421.3, 3052.9], [1454.6, 3064.3], [1487.9, 3073.4], [1517.9, 3074.6], [1556.4, 3072.7], [1587.8, 3064.2], [1606.7, 3060.6], [1630.7, 3057.9]], "leafletCoordinates": [[5256.8, 1368.4], [5255.6, 1392.6], [5247.1, 1421.3], [5235.7, 1454.6], [5226.6, 1487.9], [5225.4, 1517.9], [5227.3, 1556.4], [5235.8, 1587.8], [5239.4, 1606.7], [5242.1, 1630.7]]}}, {"type": "Feature", "id": "gis_road_84_0", "properties": {"gisId": 219, "name": "Kingdom Path (Westeros)", "rawName": null, "category": "kingdom_path", "size": 4, "continent": "Westeros", "lengthMiles": 175, "vertexCount": 15}, "geometry": {"type": "LineString", "coordinates": [[2046.5, 2833.3], [2033.8, 2850.0], [2020.0, 2862.9], [2008.9, 2876.5], [2005.0, 2888.4], [2002.4, 2906.8], [1998.5, 2919.9], [1991.3, 2937.7], [1986.0, 2951.5], [1976.9, 2961.6], [1968.4, 2970.0], [1964.5, 2974.8], [1965.1, 2984.4], [1970.4, 2994.0], [1974.2, 3004.5]], "leafletCoordinates": [[5466.7, 2046.5], [5450.0, 2033.8], [5437.1, 2020.0], [5423.5, 2008.9], [5411.6, 2005.0], [5393.2, 2002.4], [5380.1, 1998.5], [5362.3, 1991.3], [5348.5, 1986.0], [5338.4, 1976.9], [5330.0, 1968.4], [5325.2, 1964.5], [5315.6, 1965.1], [5306.0, 1970.4], [5295.5, 1974.2]]}}, {"type": "Feature", "id": "gis_road_85_0", "properties": {"gisId": 220, "name": "Kingdom Path (Westeros)", "rawName": null, "category": "kingdom_path", "size": 4, "continent": "Westeros", "lengthMiles": 252, "vertexCount": 17}, "geometry": {"type": "LineString", "coordinates": [[1974.2, 3004.5], [1950.1, 3004.8], [1915.5, 3002.4], [1901.2, 2998.2], [1882.2, 2985.7], [1874.4, 2981.5], [1857.4, 2985.1], [1843.1, 2989.9], [1832.6, 2989.9], [1813.7, 2981.5], [1792.8, 2976.1], [1783.0, 2974.4], [1759.5, 2978.0], [1743.2, 2981.0], [1729.5, 2982.2], [1721.0, 2979.2], [1697.7, 2971.4]], "leafletCoordinates": [[5295.5, 1974.2], [5295.2, 1950.1], [5297.6, 1915.5], [5301.8, 1901.2], [5314.3, 1882.2], [5318.5, 1874.4], [5314.9, 1857.4], [5310.1, 1843.1], [5310.1, 1832.6], [5318.5, 1813.7], [5323.9, 1792.8], [5325.6, 1783.0], [5322.0, 1759.5], [5319.0, 1743.2], [5317.8, 1729.5], [5320.8, 1721.0], [5328.6, 1697.7]]}}, {"type": "Feature", "id": "gis_road_86_0", "properties": {"gisId": 221, "name": "Kingdom Path (Westeros)", "rawName": null, "category": "kingdom_path", "size": 4, "continent": "Westeros", "lengthMiles": 271, "vertexCount": 17}, "geometry": {"type": "LineString", "coordinates": [[1974.2, 3004.5], [1957.9, 3021.6], [1946.8, 3031.9], [1941.6, 3040.3], [1939.7, 3056.7], [1935.7, 3075.4], [1931.8, 3088.8], [1920.7, 3110.6], [1913.5, 3121.6], [1897.2, 3141.1], [1883.5, 3157.6], [1878.9, 3179.7], [1869.1, 3210.4], [1861.9, 3228.2], [1851.4, 3247.3], [1846.9, 3262.2], [1839.7, 3276.0]], "leafletCoordinates": [[5295.5, 1974.2], [5278.4, 1957.9], [5268.1, 1946.8], [5259.7, 1941.6], [5243.3, 1939.7], [5224.6, 1935.7], [5211.2, 1931.8], [5189.4, 1920.7], [5178.4, 1913.5], [5158.9, 1897.2], [5142.4, 1883.5], [5120.3, 1878.9], [5089.6, 1869.1], [5071.8, 1861.9], [5052.7, 1851.4], [5037.8, 1846.9], [5024.0, 1839.7]]}}, {"type": "Feature", "id": "gis_road_87_0", "properties": {"gisId": 222, "name": "Kingdom Path (Westeros)", "rawName": null, "category": "kingdom_path", "size": 4, "continent": "Westeros", "lengthMiles": 135, "vertexCount": 6}, "geometry": {"type": "LineString", "coordinates": [[2153.1, 3194.8], [2132.2, 3209.5], [2113.9, 3221.2], [2090.4, 3226.8], [2042.7, 3239.2], [2009.4, 3246.6]], "leafletCoordinates": [[5105.2, 2153.1], [5090.5, 2132.2], [5078.8, 2113.9], [5073.2, 2090.4], [5060.8, 2042.7], [5053.4, 2009.4]]}}, {"type": "Feature", "id": "gis_road_88_0", "properties": {"gisId": 223, "name": "Kingdom Path (Westeros)", "rawName": null, "category": "kingdom_path", "size": 4, "continent": "Westeros", "lengthMiles": 151, "vertexCount": 6}, "geometry": {"type": "LineString", "coordinates": [[2009.4, 3246.6], [1980.1, 3252.2], [1941.5, 3257.1], [1908.9, 3262.1], [1871.0, 3269.6], [1839.7, 3276.0]], "leafletCoordinates": [[5053.4, 2009.4], [5047.8, 1980.1], [5042.9, 1941.5], [5037.9, 1908.9], [5030.4, 1871.0], [5024.0, 1839.7]]}}, {"type": "Feature", "id": "gis_road_89_0", "properties": {"gisId": 224, "name": "Kingdom Path (Westeros)", "rawName": null, "category": "kingdom_path", "size": 4, "continent": "Westeros", "lengthMiles": 131, "vertexCount": 9}, "geometry": {"type": "LineString", "coordinates": [[2009.4, 3246.6], [1984.0, 3274.4], [1965.0, 3294.2], [1956.5, 3304.2], [1948.7, 3319.1], [1943.5, 3329.7], [1935.0, 3337.1], [1919.9, 3348.4], [1909.5, 3355.2]], "leafletCoordinates": [[5053.4, 2009.4], [5025.6, 1984.0], [5005.8, 1965.0], [4995.8, 1956.5], [4980.9, 1948.7], [4970.3, 1943.5], [4962.9, 1935.0], [4951.6, 1919.9], [4944.8, 1909.5]]}}, {"type": "Feature", "id": "gis_road_90_0", "properties": {"gisId": 225, "name": "Kingdom Path (Westeros)", "rawName": null, "category": "kingdom_path", "size": 4, "continent": "Westeros", "lengthMiles": 98, "vertexCount": 7}, "geometry": {"type": "LineString", "coordinates": [[1839.7, 3276.0], [1861.9, 3286.9], [1875.6, 3294.9], [1878.8, 3311.7], [1884.7, 3327.2], [1898.4, 3340.3], [1909.5, 3355.2]], "leafletCoordinates": [[5024.0, 1839.7], [5013.1, 1861.9], [5005.1, 1875.6], [4988.3, 1878.8], [4972.8, 1884.7], [4959.7, 1898.4], [4944.8, 1909.5]]}}, {"type": "Feature", "id": "gis_road_91_0", "properties": {"gisId": 226, "name": "Kingdom Path (Westeros)", "rawName": null, "category": "kingdom_path", "size": 4, "continent": "Westeros", "lengthMiles": 52, "vertexCount": 4}, "geometry": {"type": "LineString", "coordinates": [[1908.8, 3354.0], [1923.9, 3375.2], [1934.3, 3389.5], [1942.9, 3402.9]], "leafletCoordinates": [[4946.0, 1908.8], [4924.8, 1923.9], [4910.5, 1934.3], [4897.1, 1942.9]]}}, {"type": "Feature", "id": "gis_road_92_0", "properties": {"gisId": 227, "name": "Kingdom Path (Westeros)", "rawName": null, "category": "kingdom_path", "size": 4, "continent": "Westeros", "lengthMiles": 288, "vertexCount": 17}, "geometry": {"type": "LineString", "coordinates": [[1329.2, 3261.0], [1350.0, 3268.1], [1373.5, 3278.0], [1397.7, 3285.4], [1417.3, 3281.7], [1432.9, 3276.7], [1457.7, 3272.4], [1478.0, 3269.9], [1496.3, 3268.6], [1509.3, 3273.6], [1527.6, 3282.2], [1535.4, 3284.1], [1565.5, 3284.1], [1585.1, 3284.0], [1607.3, 3280.3], [1625.5, 3275.3], [1648.1, 3275.1]], "leafletCoordinates": [[5039.0, 1329.2], [5031.9, 1350.0], [5022.0, 1373.5], [5014.6, 1397.7], [5018.3, 1417.3], [5023.3, 1432.9], [5027.6, 1457.7], [5030.1, 1478.0], [5031.4, 1496.3], [5026.4, 1509.3], [5017.8, 1527.6], [5015.9, 1535.4], [5015.9, 1565.5], [5016.0, 1585.1], [5019.7, 1607.3], [5024.7, 1625.5], [5024.9, 1648.1]]}}, {"type": "Feature", "id": "gis_road_93_0", "properties": {"gisId": 228, "name": "Kingdom Path (Westeros)", "rawName": null, "category": "kingdom_path", "size": 4, "continent": "Westeros", "lengthMiles": 64, "vertexCount": 6}, "geometry": {"type": "LineString", "coordinates": [[1614.0, 3757.1], [1627.9, 3761.9], [1643.0, 3771.6], [1654.1, 3781.2], [1662.5, 3794.1], [1668.6, 3802.3]], "leafletCoordinates": [[4542.9, 1614.0], [4538.1, 1627.9], [4528.4, 1643.0], [4518.8, 1654.1], [4505.9, 1662.5], [4497.7, 1668.6]]}}, {"type": "Feature", "id": "gis_road_94_0", "properties": {"gisId": 229, "name": "Kingdom Path (Westeros)", "rawName": null, "category": "kingdom_path", "size": 4, "continent": "Westeros", "lengthMiles": 116, "vertexCount": 8}, "geometry": {"type": "LineString", "coordinates": [[1078.4, 4189.2], [1098.3, 4198.8], [1107.4, 4207.4], [1112.6, 4228.4], [1115.3, 4244.2], [1129.6, 4252.1], [1156.4, 4258.7], [1171.2, 4266.2]], "leafletCoordinates": [[4110.8, 1078.4], [4101.2, 1098.3], [4092.6, 1107.4], [4071.6, 1112.6], [4055.8, 1115.3], [4047.9, 1129.6], [4041.3, 1156.4], [4033.8, 1171.2]]}}, {"type": "Feature", "id": "gis_road_95_0", "properties": {"gisId": 230, "name": "Kingdom Path (Westeros)", "rawName": null, "category": "kingdom_path", "size": 4, "continent": "Westeros", "lengthMiles": 57, "vertexCount": 5}, "geometry": {"type": "LineString", "coordinates": [[1171.2, 4266.2], [1187.1, 4273.8], [1200.8, 4281.1], [1215.1, 4283.7], [1230.7, 4291.8]], "leafletCoordinates": [[4033.8, 1171.2], [4026.2, 1187.1], [4018.9, 1200.8], [4016.3, 1215.1], [4008.2, 1230.7]]}}, {"type": "Feature", "id": "gis_road_96_0", "properties": {"gisId": 231, "name": "Kingdom Path (Westeros)", "rawName": null, "category": "kingdom_path", "size": 4, "continent": "Westeros", "lengthMiles": 49, "vertexCount": 4}, "geometry": {"type": "LineString", "coordinates": [[1171.2, 4266.2], [1160.3, 4285.7], [1151.8, 4301.6], [1146.1, 4315.6]], "leafletCoordinates": [[4033.8, 1171.2], [4014.3, 1160.3], [3998.4, 1151.8], [3984.4, 1146.1]]}}, {"type": "Feature", "id": "gis_road_97_0", "properties": {"gisId": 232, "name": "Kingdom Path (Westeros)", "rawName": null, "category": "kingdom_path", "size": 4, "continent": "Westeros", "lengthMiles": 161, "vertexCount": 10}, "geometry": {"type": "LineString", "coordinates": [[1146.1, 4315.6], [1132.8, 4315.5], [1113.9, 4328.7], [1096.3, 4336.6], [1074.7, 4342.6], [1051.9, 4351.9], [1034.2, 4363.1], [1014.0, 4382.3], [992.5, 4393.6], [985.9, 4397.6]], "leafletCoordinates": [[3984.4, 1146.1], [3984.5, 1132.8], [3971.3, 1113.9], [3963.4, 1096.3], [3957.4, 1074.7], [3948.1, 1051.9], [3936.9, 1034.2], [3917.7, 1014.0], [3906.4, 992.5], [3902.4, 985.9]]}}, {"type": "Feature", "id": "gis_road_98_0", "properties": {"gisId": 233, "name": "Kingdom Path (Westeros)", "rawName": null, "category": "kingdom_path", "size": 4, "continent": "Westeros", "lengthMiles": 31, "vertexCount": 3}, "geometry": {"type": "LineString", "coordinates": [[1014.3, 4419.3], [1000.9, 4410.1], [985.9, 4397.6]], "leafletCoordinates": [[3880.7, 1014.3], [3889.9, 1000.9], [3902.4, 985.9]]}}, {"type": "Feature", "id": "gis_road_99_0", "properties": {"gisId": 234, "name": "Kingdom Path (Westeros)", "rawName": null, "category": "kingdom_path", "size": 4, "continent": "Westeros", "lengthMiles": 127, "vertexCount": 8}, "geometry": {"type": "LineString", "coordinates": [[985.9, 4397.6], [963.7, 4398.9], [937.6, 4400.9], [927.8, 4402.9], [906.3, 4418.2], [882.7, 4437.4], [872.3, 4444.0], [855.3, 4450.2]], "leafletCoordinates": [[3902.4, 985.9], [3901.1, 963.7], [3899.1, 937.6], [3897.1, 927.8], [3881.8, 906.3], [3862.6, 882.7], [3856.0, 872.3], [3849.8, 855.3]]}}, {"type": "Feature", "id": "gis_road_100_0", "properties": {"gisId": 235, "name": "Kingdom Path (Westeros)", "rawName": null, "category": "kingdom_path", "size": 4, "continent": "Westeros", "lengthMiles": 12, "vertexCount": 2}, "geometry": {"type": "LineString", "coordinates": [[1601.7, 4134.5], [1602.0, 4147.8]], "leafletCoordinates": [[4165.5, 1601.7], [4152.2, 1602.0]]}}, {"type": "Feature", "id": "gis_road_101_0", "properties": {"gisId": 236, "name": "Kingdom Path (Westeros)", "rawName": null, "category": "kingdom_path", "size": 4, "continent": "Westeros", "lengthMiles": 50, "vertexCount": 4}, "geometry": {"type": "LineString", "coordinates": [[1602.0, 4147.8], [1596.4, 4165.5], [1597.1, 4183.9], [1606.2, 4201.9]], "leafletCoordinates": [[4152.2, 1602.0], [4134.5, 1596.4], [4116.1, 1597.1], [4098.1, 1606.2]]}}, {"type": "Feature", "id": "gis_road_102_0", "properties": {"gisId": 237, "name": "Kingdom Path (Westeros)", "rawName": null, "category": "kingdom_path", "size": 4, "continent": "Westeros", "lengthMiles": 27, "vertexCount": 4}, "geometry": {"type": "LineString", "coordinates": [[1605.6, 4203.6], [1602.3, 4212.2], [1595.1, 4221.4], [1592.7, 4231.1]], "leafletCoordinates": [[4096.4, 1605.6], [4087.8, 1602.3], [4078.6, 1595.1], [4068.9, 1592.7]]}}, {"type": "Feature", "id": "gis_road_103_0", "properties": {"gisId": 238, "name": "River Road", "rawName": "River Road", "category": "major_highway", "size": 2, "continent": "Westeros", "lengthMiles": 107, "vertexCount": 9}, "geometry": {"type": "LineString", "coordinates": [[1601.7, 4134.5], [1592.7, 4135.1], [1580.2, 4139.0], [1562.9, 4142.2], [1548.8, 4148.5], [1540.2, 4153.3], [1520.6, 4156.4], [1500.3, 4155.7], [1482.8, 4158.2]], "leafletCoordinates": [[4165.5, 1601.7], [4164.9, 1592.7], [4161.0, 1580.2], [4157.8, 1562.9], [4151.5, 1548.8], [4146.7, 1540.2], [4143.6, 1520.6], [4144.3, 1500.3], [4141.8, 1482.8]]}}, {"type": "Feature", "id": "gis_road_104_0", "properties": {"gisId": 239, "name": "Kingdom Path (Westeros)", "rawName": null, "category": "kingdom_path", "size": 4, "continent": "Westeros", "lengthMiles": 28, "vertexCount": 3}, "geometry": {"type": "LineString", "coordinates": [[1592.7, 4231.1], [1578.8, 4245.8], [1574.6, 4257.2]], "leafletCoordinates": [[4068.9, 1592.7], [4054.2, 1578.8], [4042.8, 1574.6]]}}, {"type": "Feature", "id": "gis_road_105_0", "properties": {"gisId": 240, "name": "Kingdom Path (Westeros)", "rawName": null, "category": "kingdom_path", "size": 4, "continent": "Westeros", "lengthMiles": 94, "vertexCount": 8}, "geometry": {"type": "LineString", "coordinates": [[1574.6, 4257.2], [1555.3, 4260.3], [1533.1, 4266.3], [1514.8, 4269.6], [1505.0, 4278.2], [1497.8, 4284.1], [1485.4, 4287.4], [1474.3, 4286.8]], "leafletCoordinates": [[4042.8, 1574.6], [4039.7, 1555.3], [4033.7, 1533.1], [4030.4, 1514.8], [4021.8, 1505.0], [4015.9, 1497.8], [4012.6, 1485.4], [4013.2, 1474.3]]}}, {"type": "Feature", "id": "gis_road_106_0", "properties": {"gisId": 241, "name": "Kingdom Path (Westeros)", "rawName": null, "category": "kingdom_path", "size": 4, "continent": "Westeros", "lengthMiles": 73, "vertexCount": 6}, "geometry": {"type": "LineString", "coordinates": [[1523.6, 4222.0], [1506.3, 4243.2], [1491.3, 4255.8], [1481.5, 4267.0], [1477.6, 4279.5], [1474.3, 4286.8]], "leafletCoordinates": [[4078.0, 1523.6], [4056.8, 1506.3], [4044.2, 1491.3], [4033.0, 1481.5], [4020.5, 1477.6], [4013.2, 1474.3]]}}, {"type": "Feature", "id": "gis_road_107_0", "properties": {"gisId": 242, "name": "Kingdom Path (Westeros)", "rawName": null, "category": "kingdom_path", "size": 4, "continent": "Westeros", "lengthMiles": 26, "vertexCount": 3}, "geometry": {"type": "LineString", "coordinates": [[1474.3, 4286.8], [1467.1, 4298.0], [1456.5, 4310.8]], "leafletCoordinates": [[4013.2, 1474.3], [4002.0, 1467.1], [3989.2, 1456.5]]}}, {"type": "Feature", "id": "gis_road_108_0", "properties": {"gisId": 243, "name": "Kingdom Path (Westeros)", "rawName": null, "category": "kingdom_path", "size": 4, "continent": "Westeros", "lengthMiles": 119, "vertexCount": 10}, "geometry": {"type": "LineString", "coordinates": [[1456.5, 4310.8], [1468.4, 4321.8], [1472.3, 4330.4], [1463.8, 4341.0], [1451.4, 4352.9], [1446.2, 4356.8], [1408.3, 4356.9], [1400.5, 4360.8], [1392.7, 4360.2], [1376.5, 4350.0]], "leafletCoordinates": [[3989.2, 1456.5], [3978.2, 1468.4], [3969.6, 1472.3], [3959.0, 1463.8], [3947.1, 1451.4], [3943.2, 1446.2], [3943.1, 1408.3], [3939.2, 1400.5], [3939.8, 1392.7], [3950.0, 1376.5]]}}, {"type": "Feature", "id": "gis_road_109_0", "properties": {"gisId": 244, "name": "Kingdom Path (Westeros)", "rawName": null, "category": "kingdom_path", "size": 4, "continent": "Westeros", "lengthMiles": 86, "vertexCount": 6}, "geometry": {"type": "LineString", "coordinates": [[1371.7, 4256.8], [1384.2, 4275.7], [1383.6, 4290.2], [1379.0, 4313.9], [1380.3, 4328.5], [1376.5, 4350.0]], "leafletCoordinates": [[4043.2, 1371.7], [4024.3, 1384.2], [4009.8, 1383.6], [3986.1, 1379.0], [3971.5, 1380.3], [3950.0, 1376.5]]}}, {"type": "Feature", "id": "gis_road_110_0", "properties": {"gisId": 245, "name": "Kingdom Path (Westeros)", "rawName": null, "category": "kingdom_path", "size": 4, "continent": "Westeros", "lengthMiles": 124, "vertexCount": 12}, "geometry": {"type": "LineString", "coordinates": [[1678.7, 4536.1], [1669.4, 4525.6], [1657.7, 4517.6], [1657.0, 4506.3], [1657.0, 4492.4], [1647.2, 4483.8], [1638.8, 4472.5], [1631.6, 4462.6], [1621.1, 4456.0], [1612.7, 4450.0], [1609.4, 4440.8], [1607.3, 4424.9]], "leafletCoordinates": [[3763.9, 1678.7], [3774.4, 1669.4], [3782.4, 1657.7], [3793.7, 1657.0], [3807.6, 1657.0], [3816.2, 1647.2], [3827.5, 1638.8], [3837.4, 1631.6], [3844.0, 1621.1], [3850.0, 1612.7], [3859.2, 1609.4], [3875.1, 1607.3]]}}, {"type": "Feature", "id": "gis_road_111_0", "properties": {"gisId": 246, "name": "Kingdom Path (Westeros)", "rawName": null, "category": "kingdom_path", "size": 4, "continent": "Westeros", "lengthMiles": 202, "vertexCount": 12}, "geometry": {"type": "LineString", "coordinates": [[1607.3, 4424.9], [1612.7, 4403.0], [1613.3, 4386.5], [1614.0, 4373.2], [1614.0, 4366.6], [1606.8, 4358.7], [1586.6, 4350.8], [1561.8, 4338.9], [1535.0, 4327.0], [1512.2, 4313.2], [1491.9, 4307.9], [1456.5, 4310.8]], "leafletCoordinates": [[3875.1, 1607.3], [3897.0, 1612.7], [3913.5, 1613.3], [3926.8, 1614.0], [3933.4, 1614.0], [3941.3, 1606.8], [3949.2, 1586.6], [3961.1, 1561.8], [3973.0, 1535.0], [3986.8, 1512.2], [3992.1, 1491.9], [3989.2, 1456.5]]}}, {"type": "Feature", "id": "gis_road_112_0", "properties": {"gisId": 247, "name": "Kingdom Path (Westeros)", "rawName": null, "category": "kingdom_path", "size": 4, "continent": "Westeros", "lengthMiles": 186, "vertexCount": 11}, "geometry": {"type": "LineString", "coordinates": [[1696.7, 4528.1], [1724.3, 4547.4], [1740.6, 4564.0], [1739.3, 4591.9], [1736.0, 4625.8], [1739.2, 4640.4], [1751.0, 4655.0], [1755.5, 4664.3], [1755.5, 4678.9], [1758.1, 4690.2], [1771.0, 4709.3]], "leafletCoordinates": [[3771.9, 1696.7], [3752.6, 1724.3], [3736.0, 1740.6], [3708.1, 1739.3], [3674.2, 1736.0], [3659.6, 1739.2], [3645.0, 1751.0], [3635.7, 1755.5], [3621.1, 1755.5], [3609.8, 1758.1], [3590.7, 1771.0]]}}, {"type": "Feature", "id": "gis_road_113_0", "properties": {"gisId": 248, "name": "Kingdom Path (Westeros)", "rawName": null, "category": "kingdom_path", "size": 4, "continent": "Westeros", "lengthMiles": 87, "vertexCount": 8}, "geometry": {"type": "LineString", "coordinates": [[1771.0, 4709.3], [1782.9, 4729.4], [1788.2, 4743.4], [1785.5, 4754.7], [1780.3, 4767.3], [1784.2, 4778.0], [1791.4, 4789.9], [1796.9, 4798.3]], "leafletCoordinates": [[3590.7, 1771.0], [3570.6, 1782.9], [3556.6, 1788.2], [3545.3, 1785.5], [3532.7, 1780.3], [3522.0, 1784.2], [3510.1, 1791.4], [3501.7, 1796.9]]}}, {"type": "Feature", "id": "gis_road_114_0", "properties": {"gisId": 249, "name": "Kingdom Path (Westeros)", "rawName": null, "category": "kingdom_path", "size": 4, "continent": "Westeros", "lengthMiles": 80, "vertexCount": 7}, "geometry": {"type": "LineString", "coordinates": [[1796.0, 4796.6], [1793.4, 4805.9], [1780.9, 4820.5], [1779.0, 4837.8], [1768.5, 4849.1], [1760.7, 4861.1], [1749.6, 4871.3]], "leafletCoordinates": [[3503.4, 1796.0], [3494.1, 1793.4], [3479.5, 1780.9], [3462.2, 1779.0], [3450.9, 1768.5], [3438.9, 1760.7], [3428.7, 1749.6]]}}, {"type": "Feature", "id": "gis_road_115_0", "properties": {"gisId": 250, "name": "Kingdom Path (Westeros)", "rawName": null, "category": "kingdom_path", "size": 4, "continent": "Westeros", "lengthMiles": 93, "vertexCount": 7}, "geometry": {"type": "LineString", "coordinates": [[1749.6, 4871.3], [1729.4, 4864.4], [1713.7, 4857.8], [1696.1, 4851.2], [1676.5, 4839.2], [1663.4, 4833.9], [1652.8, 4827.2]], "leafletCoordinates": [[3428.7, 1749.6], [3435.6, 1729.4], [3442.2, 1713.7], [3448.8, 1696.1], [3460.8, 1676.5], [3466.1, 1663.4], [3472.8, 1652.8]]}}, {"type": "Feature", "id": "gis_road_116_0", "properties": {"gisId": 251, "name": "Kingdom Path (Westeros)", "rawName": null, "category": "kingdom_path", "size": 4, "continent": "Westeros", "lengthMiles": 91, "vertexCount": 9}, "geometry": {"type": "LineString", "coordinates": [[1560.1, 4837.1], [1554.4, 4855.3], [1553.1, 4865.2], [1543.9, 4874.5], [1536.7, 4883.9], [1532.8, 4895.8], [1528.9, 4904.5], [1521.1, 4913.1], [1507.8, 4922.3]], "leafletCoordinates": [[3462.9, 1560.1], [3444.7, 1554.4], [3434.8, 1553.1], [3425.5, 1543.9], [3416.1, 1536.7], [3404.2, 1532.8], [3395.5, 1528.9], [3386.9, 1521.1], [3377.7, 1507.8]]}}, {"type": "Feature", "id": "gis_road_117_0", "properties": {"gisId": 252, "name": "Kingdom Path (Westeros)", "rawName": null, "category": "kingdom_path", "size": 4, "continent": "Westeros", "lengthMiles": 110, "vertexCount": 8}, "geometry": {"type": "LineString", "coordinates": [[1508.7, 4921.8], [1493.6, 4932.4], [1481.9, 4941.0], [1474.7, 4951.0], [1455.8, 4965.6], [1431.6, 4973.6], [1422.5, 4980.9], [1418.6, 4999.5]], "leafletCoordinates": [[3378.2, 1508.7], [3367.6, 1493.6], [3359.0, 1481.9], [3349.0, 1474.7], [3334.4, 1455.8], [3326.4, 1431.6], [3319.1, 1422.5], [3300.5, 1418.6]]}}, {"type": "Feature", "id": "gis_road_118_0", "properties": {"gisId": 253, "name": "Kingdom Path (Westeros)", "rawName": null, "category": "kingdom_path", "size": 4, "continent": "Westeros", "lengthMiles": 104, "vertexCount": 8}, "geometry": {"type": "LineString", "coordinates": [[1418.6, 4999.5], [1398.3, 4997.6], [1376.1, 4990.3], [1363.7, 4989.0], [1345.4, 4991.6], [1331.7, 4991.0], [1318.0, 4985.0], [1303.3, 4980.6]], "leafletCoordinates": [[3300.5, 1418.6], [3302.4, 1398.3], [3309.7, 1376.1], [3311.0, 1363.7], [3308.4, 1345.4], [3309.0, 1331.7], [3315.0, 1318.0], [3319.4, 1303.3]]}}, {"type": "Feature", "id": "gis_road_119_0", "properties": {"gisId": 254, "name": "Kingdom Path (Westeros)", "rawName": null, "category": "kingdom_path", "size": 4, "continent": "Westeros", "lengthMiles": 102, "vertexCount": 8}, "geometry": {"type": "LineString", "coordinates": [[1381.0, 4559.5], [1367.8, 4573.0], [1355.4, 4586.3], [1346.2, 4597.6], [1326.6, 4596.9], [1314.9, 4596.2], [1303.8, 4603.6], [1286.2, 4612.8]], "leafletCoordinates": [[3740.5, 1381.0], [3727.0, 1367.8], [3713.7, 1355.4], [3702.4, 1346.2], [3703.1, 1326.6], [3703.8, 1314.9], [3696.4, 1303.8], [3687.2, 1286.2]]}}, {"type": "Feature", "id": "gis_road_120_0", "properties": {"gisId": 255, "name": "Kingdom Path (Westeros)", "rawName": null, "category": "kingdom_path", "size": 4, "continent": "Westeros", "lengthMiles": 186, "vertexCount": 11}, "geometry": {"type": "LineString", "coordinates": [[1286.2, 4612.8], [1262.7, 4609.6], [1238.5, 4605.6], [1220.2, 4597.7], [1195.4, 4597.0], [1180.4, 4597.0], [1160.8, 4608.3], [1141.2, 4616.3], [1124.2, 4621.0], [1106.6, 4628.3], [1085.2, 4639.9]], "leafletCoordinates": [[3687.2, 1286.2], [3690.4, 1262.7], [3694.4, 1238.5], [3702.3, 1220.2], [3703.0, 1195.4], [3703.0, 1180.4], [3691.7, 1160.8], [3683.7, 1141.2], [3679.0, 1124.2], [3671.7, 1106.6], [3660.1, 1085.2]]}}, {"type": "Feature", "id": "gis_road_121_0", "properties": {"gisId": 256, "name": "Kingdom Path (Westeros)", "rawName": null, "category": "kingdom_path", "size": 4, "continent": "Westeros", "lengthMiles": 118, "vertexCount": 11}, "geometry": {"type": "LineString", "coordinates": [[1085.2, 4639.9], [1062.9, 4639.0], [1049.2, 4635.7], [1039.4, 4627.7], [1029.6, 4625.1], [1013.2, 4625.7], [1003.5, 4618.4], [992.4, 4613.1], [981.3, 4614.5], [970.2, 4619.1], [958.7, 4620.4]], "leafletCoordinates": [[3660.1, 1085.2], [3661.0, 1062.9], [3664.3, 1049.2], [3672.3, 1039.4], [3674.9, 1029.6], [3674.3, 1013.2], [3681.6, 1003.5], [3686.9, 992.4], [3685.5, 981.3], [3680.9, 970.2], [3679.6, 958.7]]}}, {"type": "Feature", "id": "gis_road_122_0", "properties": {"gisId": 257, "name": "Kingdom Path (Westeros)", "rawName": null, "category": "kingdom_path", "size": 4, "continent": "Westeros", "lengthMiles": 246, "vertexCount": 21}, "geometry": {"type": "LineString", "coordinates": [[1085.2, 4639.9], [1079.2, 4655.6], [1075.3, 4667.5], [1070.7, 4675.5], [1064.8, 4680.8], [1063.5, 4696.1], [1062.8, 4706.8], [1054.3, 4709.4], [1046.5, 4711.4], [1043.9, 4716.1], [1044.5, 4742.7], [1044.5, 4756.6], [1040.6, 4766.6], [1028.2, 4781.9], [1024.9, 4791.2], [1024.9, 4807.9], [1023.0, 4821.8], [1012.5, 4834.5], [1002.1, 4850.4], [994.9, 4863.1], [988.7, 4887.0]], "leafletCoordinates": [[3660.1, 1085.2], [3644.4, 1079.2], [3632.5, 1075.3], [3624.5, 1070.7], [3619.2, 1064.8], [3603.9, 1063.5], [3593.2, 1062.8], [3590.6, 1054.3], [3588.6, 1046.5], [3583.9, 1043.9], [3557.3, 1044.5], [3543.4, 1044.5], [3533.4, 1040.6], [3518.1, 1028.2], [3508.8, 1024.9], [3492.1, 1024.9], [3478.2, 1023.0], [3465.5, 1012.5], [3449.6, 1002.1], [3436.9, 994.9], [3413.0, 988.7]]}}, {"type": "Feature", "id": "gis_road_123_0", "properties": {"gisId": 258, "name": "Kingdom Path (Westeros)", "rawName": null, "category": "kingdom_path", "size": 4, "continent": "Westeros", "lengthMiles": 85, "vertexCount": 6}, "geometry": {"type": "LineString", "coordinates": [[1351.1, 4898.4], [1333.7, 4889.3], [1316.7, 4886.0], [1290.0, 4887.4], [1275.6, 4885.4], [1257.2, 4883.1]], "leafletCoordinates": [[3401.6, 1351.1], [3410.7, 1333.7], [3414.0, 1316.7], [3412.6, 1290.0], [3414.6, 1275.6], [3416.9, 1257.2]]}}, {"type": "Feature", "id": "gis_road_124_0", "properties": {"gisId": 259, "name": "Kingdom Path (Westeros)", "rawName": null, "category": "kingdom_path", "size": 4, "continent": "Westeros", "lengthMiles": 238, "vertexCount": 12}, "geometry": {"type": "LineString", "coordinates": [[1257.2, 4883.1], [1237.1, 4880.8], [1211.6, 4879.5], [1184.9, 4874.2], [1154.6, 4873.8], [1130.7, 4868.3], [1111.1, 4870.3], [1083.7, 4879.6], [1059.5, 4882.9], [1036.6, 4884.3], [1017.7, 4885.6], [988.7, 4887.0]], "leafletCoordinates": [[3416.9, 1257.2], [3419.2, 1237.1], [3420.5, 1211.6], [3425.8, 1184.9], [3426.2, 1154.6], [3431.7, 1130.7], [3429.7, 1111.1], [3420.4, 1083.7], [3417.1, 1059.5], [3415.7, 1036.6], [3414.4, 1017.7], [3413.0, 988.7]]}}, {"type": "Feature", "id": "gis_road_125_0", "properties": {"gisId": 260, "name": "Kingdom Path (Westeros)", "rawName": null, "category": "kingdom_path", "size": 4, "continent": "Westeros", "lengthMiles": 122, "vertexCount": 10}, "geometry": {"type": "LineString", "coordinates": [[1258.0, 5082.0], [1273.6, 5098.5], [1280.7, 5113.1], [1283.3, 5127.6], [1291.2, 5142.2], [1299.0, 5156.7], [1304.9, 5171.3], [1309.4, 5183.9], [1314.6, 5191.8], [1315.5, 5206.4]], "leafletCoordinates": [[3218.0, 1258.0], [3201.5, 1273.6], [3186.9, 1280.7], [3172.4, 1283.3], [3157.8, 1291.2], [3143.3, 1299.0], [3128.7, 1304.9], [3116.1, 1309.4], [3108.2, 1314.6], [3093.6, 1315.5]]}}, {"type": "Feature", "id": "gis_road_126_0", "properties": {"gisId": 261, "name": "Kingdom Path (Westeros)", "rawName": null, "category": "kingdom_path", "size": 4, "continent": "Westeros", "lengthMiles": 127, "vertexCount": 9}, "geometry": {"type": "LineString", "coordinates": [[1315.5, 5206.4], [1295.1, 5207.0], [1272.2, 5205.1], [1253.9, 5202.4], [1243.5, 5198.5], [1216.7, 5199.2], [1199.1, 5199.2], [1183.4, 5196.5], [1171.6, 5196.2]], "leafletCoordinates": [[3093.6, 1315.5], [3093.0, 1295.1], [3094.9, 1272.2], [3097.6, 1253.9], [3101.5, 1243.5], [3100.8, 1216.7], [3100.8, 1199.1], [3103.5, 1183.4], [3103.8, 1171.6]]}}, {"type": "Feature", "id": "gis_road_127_0", "properties": {"gisId": 262, "name": "Kingdom Path (Westeros)", "rawName": null, "category": "kingdom_path", "size": 4, "continent": "Westeros", "lengthMiles": 194, "vertexCount": 14}, "geometry": {"type": "LineString", "coordinates": [[1872.9, 4206.8], [1900.0, 4210.6], [1914.4, 4217.2], [1937.2, 4219.8], [1945.1, 4221.8], [1952.9, 4236.9], [1961.4, 4254.7], [1972.5, 4262.6], [1986.2, 4269.9], [1998.6, 4271.8], [2011.6, 4275.8], [2028.6, 4282.4], [2043.6, 4288.9], [2063.9, 4292.1]], "leafletCoordinates": [[4093.2, 1872.9], [4089.4, 1900.0], [4082.8, 1914.4], [4080.2, 1937.2], [4078.2, 1945.1], [4063.1, 1952.9], [4045.3, 1961.4], [4037.4, 1972.5], [4030.1, 1986.2], [4028.2, 1998.6], [4024.2, 2011.6], [4017.6, 2028.6], [4011.1, 2043.6], [4007.9, 2063.9]]}}, {"type": "Feature", "id": "gis_road_128_0", "properties": {"gisId": 263, "name": "Kingdom Path (Westeros)", "rawName": null, "category": "kingdom_path", "size": 4, "continent": "Westeros", "lengthMiles": 153, "vertexCount": 9}, "geometry": {"type": "LineString", "coordinates": [[2063.9, 4292.1], [2078.2, 4310.7], [2088.6, 4326.5], [2093.2, 4345.0], [2097.1, 4374.8], [2103.0, 4399.9], [2106.9, 4416.5], [2109.5, 4439.7], [2111.0, 4456.6]], "leafletCoordinates": [[4007.9, 2063.9], [3989.3, 2078.2], [3973.5, 2088.6], [3955.0, 2093.2], [3925.2, 2097.1], [3900.1, 2103.0], [3883.5, 2106.9], [3860.3, 2109.5], [3843.4, 2111.0]]}}, {"type": "Feature", "id": "gis_road_129_0", "properties": {"gisId": 264, "name": "Kingdom Path (Westeros)", "rawName": null, "category": "kingdom_path", "size": 4, "continent": "Westeros", "lengthMiles": 92, "vertexCount": 8}, "geometry": {"type": "LineString", "coordinates": [[2063.9, 4292.1], [2046.2, 4312.1], [2033.8, 4326.6], [2030.5, 4336.5], [2026.6, 4343.1], [2012.9, 4350.4], [2001.8, 4360.3], [1994.4, 4368.7]], "leafletCoordinates": [[4007.9, 2063.9], [3987.9, 2046.2], [3973.4, 2033.8], [3963.5, 2030.5], [3956.9, 2026.6], [3949.6, 2012.9], [3939.7, 2001.8], [3931.3, 1994.4]]}}, {"type": "Feature", "id": "gis_road_130_0", "properties": {"gisId": 265, "name": "Kingdom Path (Westeros)", "rawName": null, "category": "kingdom_path", "size": 4, "continent": "Westeros", "lengthMiles": 71, "vertexCount": 7}, "geometry": {"type": "LineString", "coordinates": [[1916.7, 4372.3], [1937.2, 4373.0], [1953.5, 4365.7], [1963.9, 4361.0], [1975.0, 4362.3], [1984.8, 4365.0], [1994.4, 4368.7]], "leafletCoordinates": [[3927.7, 1916.7], [3927.0, 1937.2], [3934.3, 1953.5], [3939.0, 1963.9], [3937.7, 1975.0], [3935.0, 1984.8], [3931.3, 1994.4]]}}, {"type": "Feature", "id": "gis_road_131_0", "properties": {"gisId": 266, "name": "Kingdom Path (Westeros)", "rawName": null, "category": "kingdom_path", "size": 4, "continent": "Westeros", "lengthMiles": 74, "vertexCount": 8}, "geometry": {"type": "LineString", "coordinates": [[1994.4, 4368.7], [1999.2, 4380.8], [2003.7, 4392.1], [2003.7, 4400.7], [2009.0, 4412.6], [2020.7, 4419.9], [2027.9, 4431.1], [2035.1, 4439.0]], "leafletCoordinates": [[3931.3, 1994.4], [3919.2, 1999.2], [3907.9, 2003.7], [3899.3, 2003.7], [3887.4, 2009.0], [3880.1, 2020.7], [3868.9, 2027.9], [3861.0, 2035.1]]}}, {"type": "Feature", "id": "gis_road_132_0", "properties": {"gisId": 267, "name": "Kingdom Path (Westeros)", "rawName": null, "category": "kingdom_path", "size": 4, "continent": "Westeros", "lengthMiles": 109, "vertexCount": 5}, "geometry": {"type": "LineString", "coordinates": [[2070.2, 4572.8], [2077.5, 4553.1], [2102.3, 4508.6], [2108.8, 4482.1], [2111.0, 4456.6]], "leafletCoordinates": [[3727.2, 2070.2], [3746.9, 2077.5], [3791.4, 2102.3], [3817.9, 2108.8], [3843.4, 2111.0]]}}, {"type": "Feature", "id": "gis_road_133_0", "properties": {"gisId": 268, "name": "Kingdom Path (Westeros)", "rawName": null, "category": "kingdom_path", "size": 4, "continent": "Westeros", "lengthMiles": 69, "vertexCount": 4}, "geometry": {"type": "LineString", "coordinates": [[2111.0, 4456.6], [2080.8, 4453.6], [2051.4, 4445.7], [2035.1, 4439.0]], "leafletCoordinates": [[3843.4, 2111.0], [3846.4, 2080.8], [3854.3, 2051.4], [3861.0, 2035.1]]}}, {"type": "Feature", "id": "gis_road_134_0", "properties": {"gisId": 269, "name": "Kingdom Path (Westeros)", "rawName": null, "category": "kingdom_path", "size": 4, "continent": "Westeros", "lengthMiles": 58, "vertexCount": 5}, "geometry": {"type": "LineString", "coordinates": [[2035.1, 4439.0], [2022.7, 4451.7], [2012.9, 4464.3], [2004.4, 4484.2], [1999.7, 4494.6]], "leafletCoordinates": [[3861.0, 2035.1], [3848.3, 2022.7], [3835.7, 2012.9], [3815.8, 2004.4], [3805.4, 1999.7]]}}, {"type": "Feature", "id": "gis_road_135_0", "properties": {"gisId": 270, "name": "Kingdom Path (Westeros)", "rawName": null, "category": "kingdom_path", "size": 4, "continent": "Westeros", "lengthMiles": 42, "vertexCount": 3}, "geometry": {"type": "LineString", "coordinates": [[2209.3, 4837.6], [2196.8, 4852.7], [2184.4, 4878.2]], "leafletCoordinates": [[3462.4, 2209.3], [3447.3, 2196.8], [3421.8, 2184.4]]}}, {"type": "Feature", "id": "gis_road_136_0", "properties": {"gisId": 271, "name": "Kingdom Path (Westeros)", "rawName": null, "category": "kingdom_path", "size": 4, "continent": "Westeros", "lengthMiles": 125, "vertexCount": 7}, "geometry": {"type": "LineString", "coordinates": [[1983.3, 4830.6], [2001.0, 4837.6], [2018.6, 4851.5], [2040.1, 4872.8], [2062.3, 4890.1], [2081.9, 4899.3], [2101.6, 4908.1]], "leafletCoordinates": [[3469.4, 1983.3], [3462.4, 2001.0], [3448.5, 2018.6], [3427.2, 2040.1], [3409.9, 2062.3], [3400.7, 2081.9], [3391.9, 2101.6]]}}, {"type": "Feature", "id": "gis_road_137_0", "properties": {"gisId": 272, "name": "Kingdom Path (Westeros)", "rawName": null, "category": "kingdom_path", "size": 4, "continent": "Westeros", "lengthMiles": 44, "vertexCount": 5}, "geometry": {"type": "LineString", "coordinates": [[2140.8, 4920.1], [2152.4, 4934.5], [2157.6, 4947.1], [2159.6, 4957.7], [2158.9, 4965.0]], "leafletCoordinates": [[3379.9, 2140.8], [3365.5, 2152.4], [3352.9, 2157.6], [3342.3, 2159.6], [3335.0, 2158.9]]}}, {"type": "Feature", "id": "gis_road_138_0", "properties": {"gisId": 273, "name": "Kingdom Path (Westeros)", "rawName": null, "category": "kingdom_path", "size": 4, "continent": "Westeros", "lengthMiles": 58, "vertexCount": 5}, "geometry": {"type": "LineString", "coordinates": [[2223.6, 4957.8], [2196.1, 4955.7], [2181.8, 4957.1], [2168.0, 4961.1], [2158.9, 4965.0]], "leafletCoordinates": [[3342.2, 2223.6], [3344.3, 2196.1], [3342.9, 2181.8], [3338.9, 2168.0], [3335.0, 2158.9]]}}, {"type": "Feature", "id": "gis_road_139_0", "properties": {"gisId": 274, "name": "Kingdom Path (Westeros)", "rawName": null, "category": "kingdom_path", "size": 4, "continent": "Westeros", "lengthMiles": 56, "vertexCount": 5}, "geometry": {"type": "LineString", "coordinates": [[2158.9, 4965.0], [2151.1, 4981.0], [2152.4, 4996.9], [2156.3, 5006.2], [2158.8, 5026.8]], "leafletCoordinates": [[3335.0, 2158.9], [3319.0, 2151.1], [3303.1, 2152.4], [3293.8, 2156.3], [3273.2, 2158.8]]}}, {"type": "Feature", "id": "gis_road_140_0", "properties": {"gisId": 275, "name": "Kingdom Path (Westeros)", "rawName": null, "category": "kingdom_path", "size": 4, "continent": "Westeros", "lengthMiles": 189, "vertexCount": 13}, "geometry": {"type": "LineString", "coordinates": [[2057.7, 4945.7], [2066.8, 4974.4], [2073.4, 4992.3], [2076.0, 5005.6], [2072.7, 5021.5], [2067.5, 5038.1], [2057.0, 5054.1], [2054.4, 5062.7], [2053.7, 5082.6], [2051.8, 5095.2], [2045.2, 5108.4], [2043.9, 5121.0], [2045.3, 5152.2]], "leafletCoordinates": [[3354.3, 2057.7], [3325.6, 2066.8], [3307.7, 2073.4], [3294.4, 2076.0], [3278.5, 2072.7], [3261.9, 2067.5], [3245.9, 2057.0], [3237.3, 2054.4], [3217.4, 2053.7], [3204.8, 2051.8], [3191.6, 2045.2], [3179.0, 2043.9], [3147.8, 2045.3]]}}, {"type": "Feature", "id": "gis_road_141_0", "properties": {"gisId": 276, "name": "Kingdom Path (Westeros)", "rawName": null, "category": "kingdom_path", "size": 4, "continent": "Westeros", "lengthMiles": 218, "vertexCount": 16}, "geometry": {"type": "LineString", "coordinates": [[2457.7, 5069.7], [2438.9, 5075.0], [2425.9, 5079.6], [2416.7, 5089.6], [2406.3, 5099.5], [2397.1, 5106.1], [2380.8, 5111.5], [2367.8, 5116.1], [2352.7, 5122.1], [2336.4, 5130.7], [2318.8, 5144.6], [2305.7, 5156.6], [2291.4, 5166.5], [2282.2, 5171.8], [2260.0, 5181.7], [2243.3, 5189.9]], "leafletCoordinates": [[3230.3, 2457.7], [3225.0, 2438.9], [3220.4, 2425.9], [3210.4, 2416.7], [3200.5, 2406.3], [3193.9, 2397.1], [3188.5, 2380.8], [3183.9, 2367.8], [3177.9, 2352.7], [3169.3, 2336.4], [3155.4, 2318.8], [3143.4, 2305.7], [3133.5, 2291.4], [3128.2, 2282.2], [3118.3, 2260.0], [3110.1, 2243.3]]}}, {"type": "Feature", "id": "gis_road_142_0", "properties": {"gisId": 277, "name": "Kingdom Path (Westeros)", "rawName": null, "category": "kingdom_path", "size": 4, "continent": "Westeros", "lengthMiles": 42, "vertexCount": 4}, "geometry": {"type": "LineString", "coordinates": [[1801.2, 5148.0], [1780.6, 5143.3], [1768.0, 5146.5], [1756.9, 5154.6]], "leafletCoordinates": [[3152.0, 1801.2], [3156.7, 1780.6], [3153.5, 1768.0], [3145.4, 1756.9]]}}, {"type": "Feature", "id": "gis_road_143_0", "properties": {"gisId": 278, "name": "Kingdom Path (Westeros)", "rawName": null, "category": "kingdom_path", "size": 4, "continent": "Westeros", "lengthMiles": 66, "vertexCount": 5}, "geometry": {"type": "LineString", "coordinates": [[1756.9, 5154.6], [1745.3, 5167.2], [1739.8, 5178.3], [1736.7, 5194.9], [1737.4, 5223.5]], "leafletCoordinates": [[3145.4, 1756.9], [3132.8, 1745.3], [3121.7, 1739.8], [3105.1, 1736.7], [3076.5, 1737.4]]}}, {"type": "Feature", "id": "gis_road_144_0", "properties": {"gisId": 279, "name": "Kingdom Path (Westeros)", "rawName": null, "category": "kingdom_path", "size": 4, "continent": "Westeros", "lengthMiles": 57, "vertexCount": 4}, "geometry": {"type": "LineString", "coordinates": [[1801.1, 5214.7], [1779.7, 5214.7], [1760.9, 5216.3], [1737.4, 5223.5]], "leafletCoordinates": [[3085.3, 1801.1], [3085.3, 1779.7], [3083.7, 1760.9], [3076.5, 1737.4]]}}, {"type": "Feature", "id": "gis_road_145_0", "properties": {"gisId": 280, "name": "Kingdom Path (Westeros)", "rawName": null, "category": "kingdom_path", "size": 4, "continent": "Westeros", "lengthMiles": 68, "vertexCount": 4}, "geometry": {"type": "LineString", "coordinates": [[1737.4, 5223.5], [1714.7, 5229.9], [1685.7, 5241.0], [1664.1, 5248.0]], "leafletCoordinates": [[3076.5, 1737.4], [3070.1, 1714.7], [3059.0, 1685.7], [3052.0, 1664.1]]}}, {"type": "Feature", "id": "gis_road_146_0", "properties": {"gisId": 281, "name": "Kingdom Path (Westeros)", "rawName": null, "category": "kingdom_path", "size": 4, "continent": "Westeros", "lengthMiles": 121, "vertexCount": 7}, "geometry": {"type": "LineString", "coordinates": [[1664.1, 5248.0], [1641.8, 5244.2], [1619.1, 5245.8], [1602.7, 5249.8], [1587.8, 5252.2], [1551.7, 5248.2], [1527.6, 5248.9]], "leafletCoordinates": [[3052.0, 1664.1], [3055.8, 1641.8], [3054.2, 1619.1], [3050.2, 1602.7], [3047.8, 1587.8], [3051.8, 1551.7], [3051.1, 1527.6]]}}, {"type": "Feature", "id": "gis_road_147_0", "properties": {"gisId": 282, "name": "Kingdom Path (Westeros)", "rawName": null, "category": "kingdom_path", "size": 4, "continent": "Westeros", "lengthMiles": 29, "vertexCount": 4}, "geometry": {"type": "LineString", "coordinates": [[1560.4, 5325.0], [1547.9, 5324.6], [1540.5, 5327.1], [1530.9, 5335.3]], "leafletCoordinates": [[2975.0, 1560.4], [2975.4, 1547.9], [2972.9, 1540.5], [2964.7, 1530.9]]}}, {"type": "Feature", "id": "gis_road_148_0", "properties": {"gisId": 283, "name": "Kingdom Path (Westeros)", "rawName": null, "category": "kingdom_path", "size": 4, "continent": "Westeros", "lengthMiles": 50, "vertexCount": 5}, "geometry": {"type": "LineString", "coordinates": [[1837.8, 5255.6], [1820.5, 5254.3], [1809.5, 5254.3], [1796.2, 5244.1], [1790.2, 5233.7]], "leafletCoordinates": [[3044.4, 1837.8], [3045.7, 1820.5], [3045.7, 1809.5], [3055.9, 1796.2], [3066.3, 1790.2]]}}, {"type": "Feature", "id": "gis_road_149_0", "properties": {"gisId": 284, "name": "Kingdom Path (Westeros)", "rawName": null, "category": "kingdom_path", "size": 4, "continent": "Westeros", "lengthMiles": 81, "vertexCount": 6}, "geometry": {"type": "LineString", "coordinates": [[1325.8, 5485.2], [1349.8, 5484.3], [1378.1, 5486.6], [1395.3, 5486.6], [1405.5, 5490.5], [1415.7, 5496.8]], "leafletCoordinates": [[2814.8, 1325.8], [2815.7, 1349.8], [2813.4, 1378.1], [2813.4, 1395.3], [2809.5, 1405.5], [2803.2, 1415.7]]}}, {"type": "Feature", "id": "gis_road_150_0", "properties": {"gisId": 285, "name": "Kingdom Path (Westeros)", "rawName": null, "category": "kingdom_path", "size": 4, "continent": "Westeros", "lengthMiles": 129, "vertexCount": 11}, "geometry": {"type": "LineString", "coordinates": [[1415.7, 5496.8], [1418.8, 5507.8], [1422.7, 5521.1], [1422.7, 5532.1], [1421.1, 5546.2], [1416.4, 5558.0], [1418.8, 5569.7], [1426.6, 5583.8], [1436.0, 5595.5], [1450.1, 5606.4], [1463.2, 5625.7]], "leafletCoordinates": [[2803.2, 1415.7], [2792.2, 1418.8], [2778.9, 1422.7], [2767.9, 1422.7], [2753.8, 1421.1], [2742.0, 1416.4], [2730.3, 1418.8], [2716.2, 1426.6], [2704.5, 1436.0], [2693.6, 1450.1], [2674.3, 1463.2]]}}, {"type": "Feature", "id": "gis_road_151_0", "properties": {"gisId": 286, "name": "Kingdom Path (Westeros)", "rawName": null, "category": "kingdom_path", "size": 4, "continent": "Westeros", "lengthMiles": 130, "vertexCount": 9}, "geometry": {"type": "LineString", "coordinates": [[1537.3, 5422.0], [1520.7, 5442.5], [1502.6, 5460.6], [1487.7, 5470.1], [1472.1, 5470.9], [1454.0, 5482.7], [1441.5, 5489.7], [1429.0, 5494.5], [1415.7, 5496.8]], "leafletCoordinates": [[2878.0, 1537.3], [2857.5, 1520.7], [2839.4, 1502.6], [2829.9, 1487.7], [2829.1, 1472.1], [2817.3, 1454.0], [2810.3, 1441.5], [2805.5, 1429.0], [2803.2, 1415.7]]}}, {"type": "Feature", "id": "gis_road_152_0", "properties": {"gisId": 287, "name": "Kingdom Path (Westeros)", "rawName": null, "category": "kingdom_path", "size": 4, "continent": "Westeros", "lengthMiles": 244, "vertexCount": 17}, "geometry": {"type": "LineString", "coordinates": [[1577.9, 5426.5], [1579.4, 5444.8], [1577.8, 5459.0], [1577.1, 5468.4], [1582.5, 5474.7], [1595.1, 5481.0], [1619.4, 5485.7], [1637.4, 5490.4], [1650.7, 5487.2], [1668.7, 5472.3], [1690.7, 5471.5], [1716.5, 5471.4], [1730.6, 5469.8], [1743.9, 5465.1], [1762.0, 5451.0], [1775.3, 5439.9], [1792.0, 5433.5]], "leafletCoordinates": [[2873.5, 1577.9], [2855.2, 1579.4], [2841.0, 1577.8], [2831.6, 1577.1], [2825.3, 1582.5], [2819.0, 1595.1], [2814.3, 1619.4], [2809.6, 1637.4], [2812.8, 1650.7], [2827.7, 1668.7], [2828.5, 1690.7], [2828.6, 1716.5], [2830.2, 1730.6], [2834.9, 1743.9], [2849.0, 1762.0], [2860.1, 1775.3], [2866.5, 1792.0]]}}, {"type": "Feature", "id": "gis_road_153_0", "properties": {"gisId": 288, "name": "Kingdom Path (Westeros)", "rawName": null, "category": "kingdom_path", "size": 4, "continent": "Westeros", "lengthMiles": 144, "vertexCount": 7}, "geometry": {"type": "LineString", "coordinates": [[1463.2, 5625.7], [1486.9, 5621.2], [1522.9, 5618.8], [1547.2, 5620.4], [1579.3, 5612.5], [1602.9, 5607.0], [1625.6, 5603.1]], "leafletCoordinates": [[2674.3, 1463.2], [2678.8, 1486.9], [2681.2, 1522.9], [2679.6, 1547.2], [2687.5, 1579.3], [2693.0, 1602.9], [2696.9, 1625.6]]}}, {"type": "Feature", "id": "gis_road_154_0", "properties": {"gisId": 289, "name": "Kingdom Path (Westeros)", "rawName": null, "category": "kingdom_path", "size": 4, "continent": "Westeros", "lengthMiles": 162, "vertexCount": 9}, "geometry": {"type": "LineString", "coordinates": [[1625.6, 5603.1], [1645.2, 5598.4], [1671.0, 5599.2], [1697.7, 5596.8], [1723.5, 5592.1], [1750.1, 5592.1], [1772.9, 5593.6], [1790.1, 5593.6], [1809.7, 5594.4]], "leafletCoordinates": [[2696.9, 1625.6], [2701.6, 1645.2], [2700.8, 1671.0], [2703.2, 1697.7], [2707.9, 1723.5], [2707.9, 1750.1], [2706.4, 1772.9], [2706.4, 1790.1], [2705.6, 1809.7]]}}, {"type": "Feature", "id": "gis_road_155_0", "properties": {"gisId": 290, "name": "Kingdom Path (Westeros)", "rawName": null, "category": "kingdom_path", "size": 4, "continent": "Westeros", "lengthMiles": 153, "vertexCount": 16}, "geometry": {"type": "LineString", "coordinates": [[1792.0, 5433.5], [1800.3, 5451.7], [1805.0, 5465.1], [1803.5, 5472.1], [1798.0, 5483.9], [1795.6, 5488.6], [1799.5, 5500.4], [1807.4, 5512.2], [1810.5, 5519.2], [1809.7, 5525.5], [1804.2, 5538.8], [1798.7, 5550.6], [1796.4, 5557.6], [1796.4, 5564.7], [1804.2, 5581.1], [1809.7, 5594.4]], "leafletCoordinates": [[2866.5, 1792.0], [2848.3, 1800.3], [2834.9, 1805.0], [2827.9, 1803.5], [2816.1, 1798.0], [2811.4, 1795.6], [2799.6, 1799.5], [2787.8, 1807.4], [2780.8, 1810.5], [2774.5, 1809.7], [2761.2, 1804.2], [2749.4, 1798.7], [2742.4, 1796.4], [2735.3, 1796.4], [2718.9, 1804.2], [2705.6, 1809.7]]}}, {"type": "Feature", "id": "gis_road_156_0", "properties": {"gisId": 291, "name": "Kingdom Path (Westeros)", "rawName": null, "category": "kingdom_path", "size": 4, "continent": "Westeros", "lengthMiles": 112, "vertexCount": 9}, "geometry": {"type": "LineString", "coordinates": [[1809.7, 5594.4], [1818.3, 5614.7], [1827.7, 5626.4], [1834.7, 5630.3], [1850.4, 5631.0], [1874.7, 5627.9], [1889.6, 5624.0], [1900.6, 5621.6], [1914.7, 5628.2]], "leafletCoordinates": [[2705.6, 1809.7], [2685.3, 1818.3], [2673.6, 1827.7], [2669.7, 1834.7], [2669.0, 1850.4], [2672.1, 1874.7], [2676.0, 1889.6], [2678.4, 1900.6], [2671.8, 1914.7]]}}, {"type": "Feature", "id": "gis_road_157_0", "properties": {"gisId": 292, "name": "Kingdom Path (Westeros)", "rawName": null, "category": "kingdom_path", "size": 4, "continent": "Westeros", "lengthMiles": 159, "vertexCount": 10}, "geometry": {"type": "LineString", "coordinates": [[1914.7, 5628.2], [1949.1, 5632.5], [1971.1, 5637.9], [1987.5, 5637.9], [2004.0, 5633.2], [2028.3, 5629.3], [2047.1, 5628.5], [2065.9, 5627.7], [2077.6, 5625.4], [2094.1, 5623.8]], "leafletCoordinates": [[2671.8, 1914.7], [2667.5, 1949.1], [2662.1, 1971.1], [2662.1, 1987.5], [2666.8, 2004.0], [2670.7, 2028.3], [2671.5, 2047.1], [2672.3, 2065.9], [2674.6, 2077.6], [2676.2, 2094.1]]}}, {"type": "Feature", "id": "gis_road_158_0", "properties": {"gisId": 293, "name": "Kingdom Path (Westeros)", "rawName": null, "category": "kingdom_path", "size": 4, "continent": "Westeros", "lengthMiles": 234, "vertexCount": 11}, "geometry": {"type": "LineString", "coordinates": [[1792.0, 5433.5], [1824.6, 5428.9], [1856.8, 5433.6], [1899.1, 5446.1], [1928.8, 5452.4], [1944.5, 5455.5], [1960.2, 5452.4], [1970.4, 5450.0], [1983.7, 5450.8], [2016.6, 5462.5], [2051.3, 5474.6]], "leafletCoordinates": [[2866.5, 1792.0], [2871.1, 1824.6], [2866.4, 1856.8], [2853.9, 1899.1], [2847.6, 1928.8], [2844.5, 1944.5], [2847.6, 1960.2], [2850.0, 1970.4], [2849.2, 1983.7], [2837.5, 2016.6], [2825.4, 2051.3]]}}, {"type": "Feature", "id": "gis_road_159_0", "properties": {"gisId": 294, "name": "Kingdom Path (Westeros)", "rawName": null, "category": "kingdom_path", "size": 4, "continent": "Westeros", "lengthMiles": 118, "vertexCount": 8}, "geometry": {"type": "LineString", "coordinates": [[2051.3, 5474.6], [2072.2, 5493.1], [2090.2, 5512.7], [2094.9, 5523.7], [2094.9, 5547.2], [2094.9, 5557.4], [2098.8, 5566.8], [2111.8, 5587.4]], "leafletCoordinates": [[2825.4, 2051.3], [2806.9, 2072.2], [2787.3, 2090.2], [2776.3, 2094.9], [2752.8, 2094.9], [2742.6, 2094.9], [2733.2, 2098.8], [2712.6, 2111.8]]}}, {"type": "Feature", "id": "gis_road_160_0", "properties": {"gisId": 295, "name": "Kingdom Path (Westeros)", "rawName": null, "category": "kingdom_path", "size": 4, "continent": "Westeros", "lengthMiles": 67, "vertexCount": 6}, "geometry": {"type": "LineString", "coordinates": [[2068.6, 5692.8], [2075.2, 5676.0], [2087.0, 5658.1], [2094.1, 5647.2], [2095.6, 5631.6], [2094.1, 5623.8]], "leafletCoordinates": [[2607.2, 2068.6], [2624.0, 2075.2], [2641.9, 2087.0], [2652.8, 2094.1], [2668.4, 2095.6], [2676.2, 2094.1]]}}, {"type": "Feature", "id": "gis_road_161_0", "properties": {"gisId": 296, "name": "Kingdom Path (Westeros)", "rawName": null, "category": "kingdom_path", "size": 4, "continent": "Westeros", "lengthMiles": 12, "vertexCount": 3}, "geometry": {"type": "LineString", "coordinates": [[2094.1, 5623.8], [2092.5, 5615.2], [2094.9, 5610.5]], "leafletCoordinates": [[2676.2, 2094.1], [2684.8, 2092.5], [2689.5, 2094.9]]}}, {"type": "Feature", "id": "gis_road_162_0", "properties": {"gisId": 297, "name": "Kingdom Path (Westeros)", "rawName": null, "category": "kingdom_path", "size": 4, "continent": "Westeros", "lengthMiles": 25, "vertexCount": 3}, "geometry": {"type": "LineString", "coordinates": [[2094.9, 5610.5], [2102.7, 5599.6], [2111.8, 5587.4]], "leafletCoordinates": [[2689.5, 2094.9], [2700.4, 2102.7], [2712.6, 2111.8]]}}, {"type": "Feature", "id": "gis_road_163_0", "properties": {"gisId": 298, "name": "Kingdom Path (Westeros)", "rawName": null, "category": "kingdom_path", "size": 4, "continent": "Westeros", "lengthMiles": 130, "vertexCount": 8}, "geometry": {"type": "LineString", "coordinates": [[2111.8, 5587.4], [2126.2, 5583.2], [2152.1, 5580.0], [2173.2, 5579.2], [2199.1, 5583.1], [2223.4, 5587.0], [2236.7, 5583.9], [2257.8, 5576.8]], "leafletCoordinates": [[2712.6, 2111.8], [2716.8, 2126.2], [2720.0, 2152.1], [2720.8, 2173.2], [2716.9, 2199.1], [2713.0, 2223.4], [2716.1, 2236.7], [2723.2, 2257.8]]}}, {"type": "Feature", "id": "gis_road_164_0", "properties": {"gisId": 299, "name": "Kingdom Path (Westeros)", "rawName": null, "category": "kingdom_path", "size": 4, "continent": "Westeros", "lengthMiles": 139, "vertexCount": 13}, "geometry": {"type": "LineString", "coordinates": [[2257.8, 5576.8], [2264.9, 5565.8], [2275.9, 5559.6], [2293.9, 5550.9], [2297.8, 5543.9], [2302.5, 5529.8], [2311.1, 5516.5], [2322.9, 5506.2], [2337.8, 5495.2], [2346.4, 5490.5], [2359.7, 5488.2], [2363.6, 5483.5], [2362.7, 5472.7]], "leafletCoordinates": [[2723.2, 2257.8], [2734.2, 2264.9], [2740.4, 2275.9], [2749.1, 2293.9], [2756.1, 2297.8], [2770.2, 2302.5], [2783.5, 2311.1], [2793.8, 2322.9], [2804.8, 2337.8], [2809.5, 2346.4], [2811.8, 2359.7], [2816.5, 2363.6], [2827.3, 2362.7]]}}, {"type": "Feature", "id": "gis_road_165_0", "properties": {"gisId": 300, "name": "Kingdom Path (Westeros)", "rawName": null, "category": "kingdom_path", "size": 4, "continent": "Westeros", "lengthMiles": 137, "vertexCount": 9}, "geometry": {"type": "LineString", "coordinates": [[2257.8, 5576.8], [2273.5, 5593.2], [2292.3, 5600.2], [2314.2, 5607.2], [2333.0, 5608.0], [2359.7, 5606.4], [2374.5, 5605.6], [2385.5, 5609.5], [2403.2, 5617.3]], "leafletCoordinates": [[2723.2, 2257.8], [2706.8, 2273.5], [2699.8, 2292.3], [2692.8, 2314.2], [2692.0, 2333.0], [2693.6, 2359.7], [2694.4, 2374.5], [2690.5, 2385.5], [2682.7, 2403.2]]}}, {"type": "Feature", "id": "gis_road_166_0", "properties": {"gisId": 301, "name": "Kingdom Path (Westeros)", "rawName": null, "category": "kingdom_path", "size": 4, "continent": "Westeros", "lengthMiles": 191, "vertexCount": 10}, "geometry": {"type": "LineString", "coordinates": [[2094.9, 5610.5], [2126.2, 5616.0], [2160.7, 5622.2], [2177.1, 5628.4], [2199.8, 5642.4], [2223.3, 5644.7], [2234.3, 5647.1], [2262.5, 5658.7], [2281.3, 5661.0], [2304.3, 5666.3]], "leafletCoordinates": [[2689.5, 2094.9], [2684.0, 2126.2], [2677.8, 2160.7], [2671.6, 2177.1], [2657.6, 2199.8], [2655.3, 2223.3], [2652.9, 2234.3], [2641.3, 2262.5], [2639.0, 2281.3], [2633.7, 2304.3]]}}, {"type": "Feature", "id": "gis_road_167_0", "properties": {"gisId": 302, "name": "Kingdom Path (Essos)", "rawName": null, "category": "major_highway", "size": 1, "continent": "Essos", "lengthMiles": 70, "vertexCount": 3}, "geometry": {"type": "LineString", "coordinates": [[4487.5, 3944.9], [4490.3, 3981.3], [4482.6, 4024.2]], "leafletCoordinates": [[4355.1, 4487.5], [4318.7, 4490.3], [4275.8, 4482.6]]}}, {"type": "Feature", "id": "gis_road_168_0", "properties": {"gisId": 303, "name": "Kingdom Path (Essos)", "rawName": null, "category": "major_highway", "size": 1, "continent": "Essos", "lengthMiles": 522, "vertexCount": 21}, "geometry": {"type": "LineString", "coordinates": [[4482.6, 4024.2], [4470.3, 4079.3], [4461.2, 4110.0], [4450.4, 4128.5], [4445.8, 4139.2], [4439.7, 4163.9], [4433.6, 4210.1], [4433.6, 4248.7], [4435.1, 4274.9], [4453.4, 4301.2], [4465.7, 4319.8], [4468.7, 4336.8], [4468.7, 4347.6], [4465.6, 4360.0], [4451.9, 4381.7], [4416.7, 4417.4], [4395.3, 4445.4], [4381.5, 4474.9], [4376.9, 4516.8], [4378.4, 4546.4], [4380.7, 4573.9]], "leafletCoordinates": [[4275.8, 4482.6], [4220.7, 4470.3], [4190.0, 4461.2], [4171.5, 4450.4], [4160.8, 4445.8], [4136.1, 4439.7], [4089.9, 4433.6], [4051.3, 4433.6], [4025.1, 4435.1], [3998.8, 4453.4], [3980.2, 4465.7], [3963.2, 4468.7], [3952.4, 4468.7], [3940.0, 4465.6], [3918.3, 4451.9], [3882.6, 4416.7], [3854.6, 4395.3], [3825.1, 4381.5], [3783.2, 4376.9], [3753.6, 4378.4], [3726.1, 4380.7]]}}, {"type": "Feature", "id": "gis_road_169_0", "properties": {"gisId": 304, "name": "Kingdom Path (Essos)", "rawName": null, "category": "major_highway", "size": 1, "continent": "Essos", "lengthMiles": 267, "vertexCount": 8}, "geometry": {"type": "LineString", "coordinates": [[2926.7, 4610.5], [2988.2, 4577.1], [3003.5, 4570.9], [3026.4, 4564.6], [3083.0, 4561.5], [3132.0, 4553.6], [3185.5, 4541.2], [3215.9, 4525.4]], "leafletCoordinates": [[3689.5, 2926.7], [3722.9, 2988.2], [3729.1, 3003.5], [3735.4, 3026.4], [3738.5, 3083.0], [3746.4, 3132.0], [3758.8, 3185.5], [3774.6, 3215.9]]}}, {"type": "Feature", "id": "gis_road_170_0", "properties": {"gisId": 305, "name": "Kingdom Path (Essos)", "rawName": null, "category": "major_highway", "size": 1, "continent": "Essos", "lengthMiles": 326, "vertexCount": 10}, "geometry": {"type": "LineString", "coordinates": [[3215.9, 4525.4], [3252.8, 4506.9], [3288.0, 4477.4], [3314.0, 4440.1], [3333.9, 4409.0], [3355.3, 4388.9], [3390.5, 4367.1], [3422.6, 4340.8], [3457.8, 4309.8], [3496.4, 4288.1]], "leafletCoordinates": [[3774.6, 3215.9], [3793.1, 3252.8], [3822.6, 3288.0], [3859.9, 3314.0], [3891.0, 3333.9], [3911.1, 3355.3], [3932.9, 3390.5], [3959.2, 3422.6], [3990.2, 3457.8], [4011.9, 3496.4]]}}, {"type": "Feature", "id": "gis_road_171_0", "properties": {"gisId": 306, "name": "Kingdom Path (Essos)", "rawName": null, "category": "major_highway", "size": 1, "continent": "Essos", "lengthMiles": 281, "vertexCount": 9}, "geometry": {"type": "LineString", "coordinates": [[3496.4, 4288.1], [3523.6, 4314.4], [3548.0, 4345.3], [3572.5, 4356.1], [3615.3, 4370.0], [3653.5, 4391.7], [3673.4, 4419.6], [3711.6, 4453.7], [3745.3, 4480.1]], "leafletCoordinates": [[4011.9, 3496.4], [3985.6, 3523.6], [3954.7, 3548.0], [3943.9, 3572.5], [3930.0, 3615.3], [3908.3, 3653.5], [3880.4, 3673.4], [3846.3, 3711.6], [3819.9, 3745.3]]}}, {"type": "Feature", "id": "gis_road_172_0", "properties": {"gisId": 307, "name": "Kingdom Path (Essos)", "rawName": null, "category": "major_highway", "size": 1, "continent": "Essos", "lengthMiles": 233, "vertexCount": 12}, "geometry": {"type": "LineString", "coordinates": [[3745.3, 4480.1], [3766.7, 4485.7], [3791.3, 4489.2], [3811.3, 4493.9], [3842.3, 4505.9], [3863.5, 4522.8], [3879.8, 4545.2], [3887.5, 4565.4], [3895.1, 4581.0], [3908.5, 4589.2], [3927.2, 4588.7], [3964.6, 4590.7]], "leafletCoordinates": [[3819.9, 3745.3], [3814.3, 3766.7], [3810.8, 3791.3], [3806.1, 3811.3], [3794.1, 3842.3], [3777.2, 3863.5], [3754.8, 3879.8], [3734.6, 3887.5], [3719.0, 3895.1], [3710.8, 3908.5], [3711.3, 3927.2], [3709.3, 3964.6]]}}, {"type": "Feature", "id": "gis_road_173_0", "properties": {"gisId": 308, "name": "Kingdom Path (Essos)", "rawName": null, "category": "major_highway", "size": 1, "continent": "Essos", "lengthMiles": 240, "vertexCount": 15}, "geometry": {"type": "LineString", "coordinates": [[3964.6, 4590.7], [3956.1, 4609.9], [3945.4, 4624.2], [3925.0, 4634.6], [3901.7, 4644.6], [3881.3, 4655.4], [3864.7, 4667.9], [3855.4, 4682.2], [3843.9, 4697.8], [3835.4, 4711.6], [3825.2, 4722.9], [3812.4, 4731.1], [3794.6, 4740.6], [3774.6, 4747.6], [3756.8, 4754.1]], "leafletCoordinates": [[3709.3, 3964.6], [3690.1, 3956.1], [3675.8, 3945.4], [3665.4, 3925.0], [3655.4, 3901.7], [3644.6, 3881.3], [3632.1, 3864.7], [3617.8, 3855.4], [3602.2, 3843.9], [3588.4, 3835.4], [3577.1, 3825.2], [3568.9, 3812.4], [3559.4, 3794.6], [3552.4, 3774.6], [3545.9, 3756.8]]}}, {"type": "Feature", "id": "gis_road_174_0", "properties": {"gisId": 309, "name": "Kingdom Path (Essos)", "rawName": null, "category": "major_highway", "size": 1, "continent": "Essos", "lengthMiles": 374, "vertexCount": 17}, "geometry": {"type": "LineString", "coordinates": [[3964.6, 4590.7], [3987.5, 4577.4], [4018.8, 4573.4], [4045.4, 4575.0], [4073.6, 4578.2], [4101.8, 4586.9], [4122.2, 4590.9], [4146.5, 4590.8], [4174.7, 4586.8], [4201.3, 4582.8], [4223.3, 4575.6], [4249.1, 4568.4], [4273.4, 4562.8], [4303.2, 4559.6], [4328.3, 4559.6], [4354.1, 4563.6], [4380.7, 4573.9]], "leafletCoordinates": [[3709.3, 3964.6], [3722.6, 3987.5], [3726.6, 4018.8], [3725.0, 4045.4], [3721.8, 4073.6], [3713.1, 4101.8], [3709.1, 4122.2], [3709.2, 4146.5], [3713.2, 4174.7], [3717.2, 4201.3], [3724.4, 4223.3], [3731.6, 4249.1], [3737.2, 4273.4], [3740.4, 4303.2], [3740.4, 4328.3], [3736.4, 4354.1], [3726.1, 4380.7]]}}, {"type": "Feature", "id": "gis_road_175_0", "properties": {"gisId": 310, "name": "Kingdom Path (Essos)", "rawName": null, "category": "major_highway", "size": 1, "continent": "Essos", "lengthMiles": 498, "vertexCount": 21}, "geometry": {"type": "LineString", "coordinates": [[4380.7, 4573.9], [4413.7, 4580.3], [4437.9, 4582.6], [4466.9, 4585.0], [4500.6, 4584.2], [4527.3, 4585.7], [4556.2, 4593.7], [4578.2, 4602.4], [4604.8, 4613.6], [4631.4, 4627.1], [4661.2, 4635.8], [4684.7, 4640.6], [4716.0, 4645.4], [4744.2, 4646.1], [4790.5, 4646.9], [4820.2, 4649.3], [4843.0, 4655.6], [4867.2, 4667.6], [4890.7, 4674.7], [4910.3, 4677.9], [4934.2, 4677.8]], "leafletCoordinates": [[3726.1, 4380.7], [3719.7, 4413.7], [3717.4, 4437.9], [3715.0, 4466.9], [3715.8, 4500.6], [3714.3, 4527.3], [3706.3, 4556.2], [3697.6, 4578.2], [3686.4, 4604.8], [3672.9, 4631.4], [3664.2, 4661.2], [3659.4, 4684.7], [3654.6, 4716.0], [3653.9, 4744.2], [3653.1, 4790.5], [3650.7, 4820.2], [3644.4, 4843.0], [3632.4, 4867.2], [3625.3, 4890.7], [3622.1, 4910.3], [3622.2, 4934.2]]}}, {"type": "Feature", "id": "gis_road_176_0", "properties": {"gisId": 311, "name": "Demon Road", "rawName": "Demon Road", "category": "major_highway", "size": 1, "continent": "Essos", "lengthMiles": 415, "vertexCount": 11}, "geometry": {"type": "LineString", "coordinates": [[5424.2, 5384.5], [5389.8, 5365.6], [5315.4, 5348.6], [5291.9, 5342.0], [5256.6, 5342.0], [5186.1, 5352.6], [5153.4, 5361.9], [5103.8, 5388.2], [5056.8, 5415.8], [5030.7, 5422.4], [4974.6, 5421.4]], "leafletCoordinates": [[2915.5, 5424.2], [2934.4, 5389.8], [2951.4, 5315.4], [2958.0, 5291.9], [2958.0, 5256.6], [2947.4, 5186.1], [2938.1, 5153.4], [2911.8, 5103.8], [2884.2, 5056.8], [2877.6, 5030.7], [2878.6, 4974.6]]}}, {"type": "Feature", "id": "gis_road_177_0", "properties": {"gisId": 312, "name": "Demon Road", "rawName": "Demon Road", "category": "major_highway", "size": 1, "continent": "Essos", "lengthMiles": 263, "vertexCount": 6}, "geometry": {"type": "LineString", "coordinates": [[4974.6, 5421.4], [4936.7, 5422.5], [4880.5, 5433.0], [4819.1, 5450.1], [4766.9, 5475.1], [4693.8, 5517.0]], "leafletCoordinates": [[2878.6, 4974.6], [2877.5, 4936.7], [2867.0, 4880.5], [2849.9, 4819.1], [2824.9, 4766.9], [2783.0, 4693.8]]}}, {"type": "Feature", "id": "gis_road_178_0", "properties": {"gisId": 313, "name": "Demon Road", "rawName": "Demon Road", "category": "major_highway", "size": 1, "continent": "Essos", "lengthMiles": 175, "vertexCount": 6}, "geometry": {"type": "LineString", "coordinates": [[4693.8, 5517.0], [4652.0, 5531.4], [4611.5, 5540.6], [4571.0, 5545.8], [4525.3, 5549.8], [4497.6, 5553.0]], "leafletCoordinates": [[2783.0, 4693.8], [2768.6, 4652.0], [2759.4, 4611.5], [2754.2, 4571.0], [2750.2, 4525.3], [2747.0, 4497.6]]}}, {"type": "Feature", "id": "gis_road_179_0", "properties": {"gisId": 314, "name": "Demon Road", "rawName": "Demon Road", "category": "major_highway", "size": 1, "continent": "Essos", "lengthMiles": 356, "vertexCount": 9}, "geometry": {"type": "LineString", "coordinates": [[4497.6, 5553.0], [4469.2, 5547.2], [4406.9, 5534.3], [4355.9, 5525.8], [4311.2, 5521.1], [4247.2, 5535.6], [4196.6, 5550.8], [4153.2, 5565.7], [4104.5, 5587.7]], "leafletCoordinates": [[2747.0, 4497.6], [2752.8, 4469.2], [2765.7, 4406.9], [2774.2, 4355.9], [2778.9, 4311.2], [2764.4, 4247.2], [2749.2, 4196.6], [2734.3, 4153.2], [2712.3, 4104.5]]}}, {"type": "Feature", "id": "gis_road_180_0", "properties": {"gisId": 315, "name": "Demon Road", "rawName": "Demon Road", "category": "major_highway", "size": 1, "continent": "Essos", "lengthMiles": 228, "vertexCount": 7}, "geometry": {"type": "LineString", "coordinates": [[4104.5, 5587.7], [4043.5, 5611.4], [3984.7, 5634.8], [3948.1, 5644.0], [3912.9, 5645.3], [3881.5, 5641.4], [3855.4, 5633.5]], "leafletCoordinates": [[2712.3, 4104.5], [2688.6, 4043.5], [2665.2, 3984.7], [2656.0, 3948.1], [2654.7, 3912.9], [2658.6, 3881.5], [2666.5, 3855.4]]}}, {"type": "Feature", "id": "gis_road_181_0", "properties": {"gisId": 316, "name": "Demon Road", "rawName": "Demon Road", "category": "major_highway", "size": 1, "continent": "Essos", "lengthMiles": 125, "vertexCount": 7}, "geometry": {"type": "LineString", "coordinates": [[3855.4, 5633.5], [3835.8, 5618.1], [3816.3, 5592.1], [3803.2, 5580.4], [3782.3, 5570.0], [3764.0, 5559.5], [3741.2, 5552.6]], "leafletCoordinates": [[2666.5, 3855.4], [2681.9, 3835.8], [2707.9, 3816.3], [2719.6, 3803.2], [2730.0, 3782.3], [2740.5, 3764.0], [2747.4, 3741.2]]}}, {"type": "Feature", "id": "gis_road_182_0", "properties": {"gisId": 317, "name": "Kingdom Path (Essos)", "rawName": null, "category": "kingdom_path", "size": 4, "continent": "Essos", "lengthMiles": 492, "vertexCount": 17}, "geometry": {"type": "LineString", "coordinates": [[4497.6, 5553.0], [4511.7, 5587.1], [4515.6, 5605.3], [4514.3, 5626.1], [4498.6, 5665.1], [4485.5, 5705.2], [4479.0, 5735.0], [4476.4, 5767.2], [4477.7, 5829.0], [4479.0, 5878.9], [4484.2, 5912.2], [4490.7, 5941.5], [4493.3, 5978.4], [4490.7, 5996.1], [4482.8, 6024.0], [4467.1, 6058.1], [4449.7, 6096.7]], "leafletCoordinates": [[2747.0, 4497.6], [2712.9, 4511.7], [2694.7, 4515.6], [2673.9, 4514.3], [2634.9, 4498.6], [2594.8, 4485.5], [2565.0, 4479.0], [2532.8, 4476.4], [2471.0, 4477.7], [2421.1, 4479.0], [2387.8, 4484.2], [2358.5, 4490.7], [2321.6, 4493.3], [2303.9, 4490.7], [2276.0, 4482.8], [2241.9, 4467.1], [2203.3, 4449.7]]}}, {"type": "Feature", "id": "gis_road_183_0", "properties": {"gisId": 318, "name": "Steel Road", "rawName": "Steel Road", "category": "major_highway", "size": 2, "continent": "Essos", "lengthMiles": 182, "vertexCount": 12}, "geometry": {"type": "LineString", "coordinates": [[6395.3, 4365.9], [6416.6, 4375.0], [6448.2, 4377.1], [6468.3, 4376.0], [6482.0, 4373.9], [6508.4, 4379.2], [6530.5, 4380.3], [6543.2, 4381.3], [6553.7, 4371.7], [6572.7, 4353.5], [6580.1, 4348.2], [6588.5, 4348.2]], "leafletCoordinates": [[3934.1, 6395.3], [3925.0, 6416.6], [3922.9, 6448.2], [3924.0, 6468.3], [3926.1, 6482.0], [3920.8, 6508.4], [3919.7, 6530.5], [3918.7, 6543.2], [3928.3, 6553.7], [3946.5, 6572.7], [3951.8, 6580.1], [3951.8, 6588.5]]}}, {"type": "Feature", "id": "gis_road_184_0", "properties": {"gisId": 319, "name": "Steel Road", "rawName": "Steel Road", "category": "major_highway", "size": 2, "continent": "Essos", "lengthMiles": 757, "vertexCount": 41}, "geometry": {"type": "LineString", "coordinates": [[6587.5, 4348.2], [6614.9, 4349.2], [6652.9, 4348.1], [6663.4, 4350.2], [6689.8, 4360.9], [6717.2, 4367.3], [6730.9, 4369.4], [6756.2, 4370.5], [6779.4, 4373.6], [6804.7, 4377.9], [6826.9, 4380.0], [6875.4, 4378.9], [6901.8, 4378.9], [6918.7, 4382.1], [6940.8, 4393.8], [6969.3, 4416.3], [6991.4, 4443.0], [6998.8, 4445.1], [7034.7, 4445.1], [7053.6, 4446.1], [7079.0, 4449.3], [7094.8, 4457.9], [7096.9, 4472.9], [7093.7, 4492.2], [7089.5, 4508.2], [7092.6, 4522.2], [7095.8, 4528.6], [7097.9, 4542.5], [7101.1, 4552.2], [7111.6, 4556.5], [7132.7, 4553.2], [7151.7, 4546.8], [7168.6, 4543.6], [7184.4, 4545.7], [7201.3, 4550.0], [7218.1, 4571.4], [7233.9, 4586.4], [7243.4, 4591.8], [7258.2, 4589.6], [7279.3, 4584.2], [7304.1, 4566.1]], "leafletCoordinates": [[3951.8, 6587.5], [3950.8, 6614.9], [3951.9, 6652.9], [3949.8, 6663.4], [3939.1, 6689.8], [3932.7, 6717.2], [3930.6, 6730.9], [3929.5, 6756.2], [3926.4, 6779.4], [3922.1, 6804.7], [3920.0, 6826.9], [3921.1, 6875.4], [3921.1, 6901.8], [3917.9, 6918.7], [3906.2, 6940.8], [3883.7, 6969.3], [3857.0, 6991.4], [3854.9, 6998.8], [3854.9, 7034.7], [3853.9, 7053.6], [3850.7, 7079.0], [3842.1, 7094.8], [3827.1, 7096.9], [3807.8, 7093.7], [3791.8, 7089.5], [3777.8, 7092.6], [3771.4, 7095.8], [3757.5, 7097.9], [3747.8, 7101.1], [3743.5, 7111.6], [3746.8, 7132.7], [3753.2, 7151.7], [3756.4, 7168.6], [3754.3, 7184.4], [3750.0, 7201.3], [3728.6, 7218.1], [3713.6, 7233.9], [3708.2, 7243.4], [3710.4, 7258.2], [3715.8, 7279.3], [3733.9, 7304.1]]}}, {"type": "Feature", "id": "gis_road_185_0", "properties": {"gisId": 320, "name": "Steel Road", "rawName": "Steel Road", "category": "major_highway", "size": 2, "continent": "Essos", "lengthMiles": 969, "vertexCount": 62}, "geometry": {"type": "LineString", "coordinates": [[7304.1, 4566.1], [7338.4, 4553.1], [7355.3, 4547.7], [7377.4, 4532.7], [7401.7, 4521.9], [7418.5, 4517.6], [7447.0, 4519.7], [7458.6, 4521.9], [7467.1, 4529.4], [7464.9, 4542.2], [7462.8, 4559.4], [7467.0, 4569.0], [7487.1, 4587.3], [7503.9, 4602.3], [7527.1, 4615.1], [7554.6, 4624.8], [7576.7, 4630.1], [7587.3, 4634.4], [7595.7, 4644.1], [7596.7, 4656.9], [7596.7, 4681.6], [7596.7, 4693.4], [7604.1, 4704.2], [7611.5, 4710.6], [7613.6, 4724.6], [7612.5, 4749.3], [7612.5, 4764.3], [7617.8, 4781.5], [7634.7, 4798.7], [7637.8, 4810.5], [7644.1, 4829.8], [7652.6, 4834.1], [7669.4, 4836.2], [7681.0, 4848.0], [7685.3, 4859.8], [7700.0, 4879.2], [7715.8, 4897.4], [7725.3, 4910.3], [7728.5, 4924.2], [7732.7, 4934.9], [7744.3, 4944.6], [7760.1, 4952.1], [7780.1, 4960.7], [7791.7, 4962.8], [7806.5, 4964.9], [7816.0, 4973.5], [7810.7, 4985.3], [7806.5, 5001.4], [7806.5, 5012.1], [7813.9, 5020.7], [7821.3, 5033.5], [7826.5, 5043.2], [7841.3, 5053.9], [7853.9, 5071.0], [7855.0, 5088.1], [7852.9, 5107.4], [7855.0, 5127.7], [7863.4, 5140.6], [7890.8, 5161.9], [7909.8, 5179.0], [7922.4, 5199.3], [7928.8, 5222.3]], "leafletCoordinates": [[3733.9, 7304.1], [3746.9, 7338.4], [3752.3, 7355.3], [3767.3, 7377.4], [3778.1, 7401.7], [3782.4, 7418.5], [3780.3, 7447.0], [3778.1, 7458.6], [3770.6, 7467.1], [3757.8, 7464.9], [3740.6, 7462.8], [3731.0, 7467.0], [3712.7, 7487.1], [3697.7, 7503.9], [3684.9, 7527.1], [3675.2, 7554.6], [3669.9, 7576.7], [3665.6, 7587.3], [3655.9, 7595.7], [3643.1, 7596.7], [3618.4, 7596.7], [3606.6, 7596.7], [3595.8, 7604.1], [3589.4, 7611.5], [3575.4, 7613.6], [3550.7, 7612.5], [3535.7, 7612.5], [3518.5, 7617.8], [3501.3, 7634.7], [3489.5, 7637.8], [3470.2, 7644.1], [3465.9, 7652.6], [3463.8, 7669.4], [3452.0, 7681.0], [3440.2, 7685.3], [3420.8, 7700.0], [3402.6, 7715.8], [3389.7, 7725.3], [3375.8, 7728.5], [3365.1, 7732.7], [3355.4, 7744.3], [3347.9, 7760.1], [3339.3, 7780.1], [3337.2, 7791.7], [3335.1, 7806.5], [3326.5, 7816.0], [3314.7, 7810.7], [3298.6, 7806.5], [3287.9, 7806.5], [3279.3, 7813.9], [3266.5, 7821.3], [3256.8, 7826.5], [3246.1, 7841.3], [3229.0, 7853.9], [3211.9, 7855.0], [3192.6, 7852.9], [3172.3, 7855.0], [3159.4, 7863.4], [3138.1, 7890.8], [3121.0, 7909.8], [3100.7, 7922.4], [3077.7, 7928.8]]}}, {"type": "Feature", "id": "gis_road_186_0", "properties": {"gisId": 321, "name": "Steel Road", "rawName": "Steel Road", "category": "major_highway", "size": 2, "continent": "Essos", "lengthMiles": 337, "vertexCount": 24}, "geometry": {"type": "LineString", "coordinates": [[7928.8, 5222.3], [7935.1, 5240.9], [7934.0, 5254.8], [7928.7, 5267.6], [7928.7, 5278.2], [7936.1, 5292.1], [7937.2, 5302.7], [7929.8, 5314.4], [7922.4, 5326.1], [7925.5, 5337.8], [7931.9, 5348.5], [7931.9, 5360.2], [7926.6, 5375.0], [7916.0, 5394.1], [7905.5, 5407.9], [7893.9, 5431.3], [7885.4, 5450.3], [7884.4, 5472.6], [7883.3, 5494.8], [7880.1, 5510.6], [7870.6, 5523.3], [7854.8, 5537.0], [7845.3, 5550.7], [7835.8, 5569.8]], "leafletCoordinates": [[3077.7, 7928.8], [3059.1, 7935.1], [3045.2, 7934.0], [3032.4, 7928.7], [3021.8, 7928.7], [3007.9, 7936.1], [2997.3, 7937.2], [2985.6, 7929.8], [2973.9, 7922.4], [2962.2, 7925.5], [2951.5, 7931.9], [2939.8, 7931.9], [2925.0, 7926.6], [2905.9, 7916.0], [2892.1, 7905.5], [2868.7, 7893.9], [2849.7, 7885.4], [2827.4, 7884.4], [2805.2, 7883.3], [2789.4, 7880.1], [2776.7, 7870.6], [2763.0, 7854.8], [2749.3, 7845.3], [2730.2, 7835.8]]}}, {"type": "Feature", "id": "gis_road_187_0", "properties": {"gisId": 322, "name": "Steel Road", "rawName": "Steel Road", "category": "major_highway", "size": 2, "continent": "Essos", "lengthMiles": 589, "vertexCount": 36}, "geometry": {"type": "LineString", "coordinates": [[7835.8, 5569.8], [7818.9, 5586.5], [7808.4, 5599.2], [7803.1, 5610.7], [7803.1, 5623.3], [7805.2, 5633.8], [7806.2, 5648.5], [7803.1, 5659.0], [7792.5, 5669.5], [7776.7, 5674.7], [7756.7, 5677.9], [7718.7, 5676.9], [7701.8, 5682.1], [7693.4, 5694.7], [7684.9, 5708.3], [7679.6, 5713.5], [7664.9, 5718.7], [7646.9, 5726.1], [7624.8, 5743.8], [7604.7, 5755.3], [7592.1, 5757.4], [7579.4, 5755.3], [7577.3, 5747.0], [7583.7, 5732.4], [7595.3, 5714.6], [7595.3, 5698.9], [7583.7, 5686.4], [7564.7, 5679.1], [7538.3, 5677.0], [7518.3, 5678.1], [7487.7, 5682.3], [7461.3, 5682.3], [7430.7, 5678.2], [7401.2, 5666.7], [7381.2, 5663.5], [7353.8, 5663.3]], "leafletCoordinates": [[2730.2, 7835.8], [2713.5, 7818.9], [2700.8, 7808.4], [2689.3, 7803.1], [2676.7, 7803.1], [2666.2, 7805.2], [2651.5, 7806.2], [2641.0, 7803.1], [2630.5, 7792.5], [2625.3, 7776.7], [2622.1, 7756.7], [2623.1, 7718.7], [2617.9, 7701.8], [2605.3, 7693.4], [2591.7, 7684.9], [2586.5, 7679.6], [2581.3, 7664.9], [2573.9, 7646.9], [2556.2, 7624.8], [2544.7, 7604.7], [2542.6, 7592.1], [2544.7, 7579.4], [2553.0, 7577.3], [2567.6, 7583.7], [2585.4, 7595.3], [2601.1, 7595.3], [2613.6, 7583.7], [2620.9, 7564.7], [2623.0, 7538.3], [2621.9, 7518.3], [2617.7, 7487.7], [2617.7, 7461.3], [2621.8, 7430.7], [2633.3, 7401.2], [2636.5, 7381.2], [2636.7, 7353.8]]}}, {"type": "Feature", "id": "gis_road_188_0", "properties": {"gisId": 323, "name": "Stone Road", "rawName": "Stone Road", "category": "major_highway", "size": 2, "continent": "Essos", "lengthMiles": 100, "vertexCount": 6}, "geometry": {"type": "LineString", "coordinates": [[5424.2, 5384.5], [5454.9, 5391.8], [5483.3, 5389.0], [5504.2, 5384.8], [5525.6, 5373.2], [5532.7, 5367.7]], "leafletCoordinates": [[2915.5, 5424.2], [2908.2, 5454.9], [2911.0, 5483.3], [2915.2, 5504.2], [2926.8, 5525.6], [2932.3, 5532.7]]}}, {"type": "Feature", "id": "gis_road_189_0", "properties": {"gisId": 324, "name": "Stone Road", "rawName": "Stone Road", "category": "major_highway", "size": 2, "continent": "Essos", "lengthMiles": 474, "vertexCount": 29}, "geometry": {"type": "LineString", "coordinates": [[5532.7, 5367.7], [5546.8, 5352.2], [5565.7, 5341.3], [5592.7, 5333.1], [5606.2, 5327.7], [5619.7, 5327.7], [5635.9, 5335.8], [5646.5, 5336.5], [5654.8, 5334.4], [5664.3, 5323.5], [5669.1, 5305.1], [5677.8, 5292.2], [5692.7, 5286.7], [5707.5, 5286.7], [5727.8, 5275.8], [5756.2, 5263.5], [5777.8, 5252.5], [5791.3, 5232.0], [5808.9, 5210.1], [5822.4, 5204.6], [5844.0, 5203.3], [5860.2, 5201.9], [5876.4, 5190.9], [5895.3, 5177.2], [5910.2, 5166.3], [5926.4, 5152.6], [5939.9, 5141.6], [5952.1, 5138.8], [5981.6, 5139.4]], "leafletCoordinates": [[2932.3, 5532.7], [2947.8, 5546.8], [2958.7, 5565.7], [2966.9, 5592.7], [2972.3, 5606.2], [2972.3, 5619.7], [2964.2, 5635.9], [2963.5, 5646.5], [2965.6, 5654.8], [2976.5, 5664.3], [2994.9, 5669.1], [3007.8, 5677.8], [3013.3, 5692.7], [3013.3, 5707.5], [3024.2, 5727.8], [3036.5, 5756.2], [3047.5, 5777.8], [3068.0, 5791.3], [3089.9, 5808.9], [3095.4, 5822.4], [3096.7, 5844.0], [3098.1, 5860.2], [3109.1, 5876.4], [3122.8, 5895.3], [3133.7, 5910.2], [3147.4, 5926.4], [3158.4, 5939.9], [3161.2, 5952.1], [3160.6, 5981.6]]}}, {"type": "Feature", "id": "gis_road_190_0", "properties": {"gisId": 325, "name": "Stone Road", "rawName": "Stone Road", "category": "major_highway", "size": 2, "continent": "Essos", "lengthMiles": 156, "vertexCount": 10}, "geometry": {"type": "LineString", "coordinates": [[5981.6, 5139.4], [6011.5, 5142.9], [6026.4, 5140.1], [6049.3, 5129.2], [6060.1, 5125.1], [6083.1, 5125.0], [6103.4, 5125.0], [6118.2, 5120.9], [6133.1, 5114.0], [6151.2, 5103.4]], "leafletCoordinates": [[3160.6, 5981.6], [3157.1, 6011.5], [3159.9, 6026.4], [3170.8, 6049.3], [3174.9, 6060.1], [3175.0, 6083.1], [3175.0, 6103.4], [3179.1, 6118.2], [3186.0, 6133.1], [3196.6, 6151.2]]}}, {"type": "Feature", "id": "gis_road_191_0", "properties": {"gisId": 326, "name": "Stone Road", "rawName": "Stone Road", "category": "major_highway", "size": 2, "continent": "Essos", "lengthMiles": 220, "vertexCount": 9}, "geometry": {"type": "LineString", "coordinates": [[6151.2, 5103.4], [6179.0, 5103.0], [6211.4, 5104.4], [6241.1, 5101.6], [6268.1, 5093.4], [6297.9, 5078.2], [6343.8, 5061.7], [6372.2, 5057.6], [6392.4, 5048.0]], "leafletCoordinates": [[3196.6, 6151.2], [3197.0, 6179.0], [3195.6, 6211.4], [3198.4, 6241.1], [3206.6, 6268.1], [3221.8, 6297.9], [3238.3, 6343.8], [3242.4, 6372.2], [3252.0, 6392.4]]}}, {"type": "Feature", "id": "gis_road_192_0", "properties": {"gisId": 327, "name": "Stone Road", "rawName": "Stone Road", "category": "major_highway", "size": 2, "continent": "Essos", "lengthMiles": 425, "vertexCount": 20}, "geometry": {"type": "LineString", "coordinates": [[6392.4, 5048.0], [6412.7, 5042.5], [6424.8, 5042.5], [6453.2, 5052.0], [6485.6, 5065.7], [6503.2, 5068.5], [6528.8, 5067.1], [6543.7, 5056.1], [6564.0, 5045.1], [6581.5, 5045.1], [6609.9, 5049.2], [6647.7, 5056.0], [6670.7, 5058.7], [6707.1, 5057.3], [6730.1, 5057.3], [6759.8, 5071.0], [6781.4, 5072.3], [6811.1, 5070.9], [6835.4, 5068.2], [6862.8, 5068.0]], "leafletCoordinates": [[3252.0, 6392.4], [3257.5, 6412.7], [3257.5, 6424.8], [3248.0, 6453.2], [3234.3, 6485.6], [3231.5, 6503.2], [3232.9, 6528.8], [3243.9, 6543.7], [3254.9, 6564.0], [3254.9, 6581.5], [3250.8, 6609.9], [3244.0, 6647.7], [3241.3, 6670.7], [3242.7, 6707.1], [3242.7, 6730.1], [3229.0, 6759.8], [3227.7, 6781.4], [3229.1, 6811.1], [3231.8, 6835.4], [3232.0, 6862.8]]}}, {"type": "Feature", "id": "gis_road_193_0", "properties": {"gisId": 328, "name": "Stone Road", "rawName": "Stone Road", "category": "major_highway", "size": 2, "continent": "Essos", "lengthMiles": 364, "vertexCount": 20}, "geometry": {"type": "LineString", "coordinates": [[6862.8, 5068.0], [6877.3, 5081.9], [6882.7, 5092.8], [6881.3, 5105.2], [6874.6, 5116.1], [6874.6, 5129.8], [6878.6, 5146.3], [6889.4, 5151.7], [6908.3, 5150.4], [6925.9, 5142.1], [6962.4, 5128.4], [6982.6, 5128.4], [7001.5, 5131.1], [7020.4, 5143.4], [7029.9, 5159.8], [7052.8, 5177.6], [7077.2, 5184.4], [7106.9, 5185.8], [7144.7, 5183.0], [7180.4, 5179.3]], "leafletCoordinates": [[3232.0, 6862.8], [3218.1, 6877.3], [3207.2, 6882.7], [3194.8, 6881.3], [3183.9, 6874.6], [3170.2, 6874.6], [3153.7, 6878.6], [3148.3, 6889.4], [3149.6, 6908.3], [3157.9, 6925.9], [3171.6, 6962.4], [3171.6, 6982.6], [3168.9, 7001.5], [3156.6, 7020.4], [3140.2, 7029.9], [3122.4, 7052.8], [3115.6, 7077.2], [3114.2, 7106.9], [3117.0, 7144.7], [3120.7, 7180.4]]}}, {"type": "Feature", "id": "gis_road_194_0", "properties": {"gisId": 329, "name": "Stone Road", "rawName": "Stone Road", "category": "major_highway", "size": 2, "continent": "Essos", "lengthMiles": 77, "vertexCount": 4}, "geometry": {"type": "LineString", "coordinates": [[7180.4, 5179.3], [7212.2, 5189.8], [7240.6, 5199.3], [7260.8, 5213.0]], "leafletCoordinates": [[3120.7, 7180.4], [3110.2, 7212.2], [3100.7, 7240.6], [3087.0, 7260.8]]}}, {"type": "Feature", "id": "gis_road_195_0", "properties": {"gisId": 330, "name": "Stone Road", "rawName": "Stone Road", "category": "major_highway", "size": 2, "continent": "Essos", "lengthMiles": 503, "vertexCount": 28}, "geometry": {"type": "LineString", "coordinates": [[7260.8, 5213.0], [7289.2, 5237.6], [7318.9, 5256.7], [7336.5, 5267.6], [7347.3, 5282.6], [7343.2, 5292.1], [7336.4, 5304.4], [7333.7, 5323.5], [7340.5, 5335.7], [7363.4, 5350.7], [7391.8, 5364.3], [7409.3, 5376.5], [7409.3, 5384.6], [7399.9, 5392.8], [7375.6, 5410.5], [7363.4, 5434.9], [7358.0, 5464.8], [7358.0, 5486.4], [7362.0, 5509.4], [7372.8, 5531.0], [7385.0, 5545.9], [7391.7, 5559.4], [7390.4, 5567.5], [7379.5, 5579.6], [7374.1, 5594.4], [7371.4, 5620.0], [7370.1, 5634.8], [7353.8, 5663.3]], "leafletCoordinates": [[3087.0, 7260.8], [3062.4, 7289.2], [3043.3, 7318.9], [3032.4, 7336.5], [3017.4, 7347.3], [3007.9, 7343.2], [2995.6, 7336.4], [2976.5, 7333.7], [2964.3, 7340.5], [2949.3, 7363.4], [2935.7, 7391.8], [2923.5, 7409.3], [2915.4, 7409.3], [2907.2, 7399.9], [2889.5, 7375.6], [2865.1, 7363.4], [2835.2, 7358.0], [2813.6, 7358.0], [2790.6, 7362.0], [2769.0, 7372.8], [2754.1, 7385.0], [2740.6, 7391.7], [2732.5, 7390.4], [2720.4, 7379.5], [2705.6, 7374.1], [2680.0, 7371.4], [2665.2, 7370.1], [2636.7, 7353.8]]}}, {"type": "Feature", "id": "gis_road_196_0", "properties": {"gisId": 331, "name": "Sand Road", "rawName": "Sand Road", "category": "major_highway", "size": 2, "continent": "Essos", "lengthMiles": 934, "vertexCount": 54}, "geometry": {"type": "LineString", "coordinates": [[7353.8, 5663.3], [7344.4, 5696.5], [7339.0, 5707.2], [7325.5, 5719.3], [7310.6, 5724.6], [7268.7, 5723.3], [7248.5, 5726.0], [7233.6, 5734.0], [7217.4, 5744.7], [7189.0, 5746.1], [7171.5, 5750.1], [7155.3, 5767.5], [7133.6, 5774.1], [7099.9, 5776.8], [7064.8, 5783.5], [7024.2, 5794.2], [7008.0, 5804.9], [6998.6, 5811.5], [6963.4, 5812.9], [6916.2, 5815.6], [6871.6, 5822.3], [6833.8, 5828.9], [6802.7, 5829.0], [6771.7, 5822.4], [6758.1, 5825.0], [6751.4, 5842.3], [6749.2, 5854.9], [6750.1, 5861.7], [6752.7, 5868.0], [6756.6, 5872.9], [6774.3, 5883.3], [6785.5, 5889.2], [6792.1, 5896.1], [6794.3, 5900.5], [6802.1, 5926.3], [6805.6, 5930.3], [6820.4, 5940.9], [6826.8, 5949.3], [6833.7, 5961.1], [6835.7, 5972.7], [6839.0, 5980.4], [6847.1, 5991.4], [6848.7, 5997.1], [6848.6, 6001.7], [6848.6, 6001.8], [6845.9, 6026.7], [6843.2, 6044.5], [6843.3, 6046.3], [6847.2, 6073.7], [6851.2, 6101.0], [6862.0, 6134.8], [6867.3, 6146.9], [6869.1, 6158.4], [6870.3, 6191.1]], "leafletCoordinates": [[2636.7, 7353.8], [2603.5, 7344.4], [2592.8, 7339.0], [2580.7, 7325.5], [2575.4, 7310.6], [2576.7, 7268.7], [2574.0, 7248.5], [2566.0, 7233.6], [2555.3, 7217.4], [2553.9, 7189.0], [2549.9, 7171.5], [2532.5, 7155.3], [2525.9, 7133.6], [2523.2, 7099.9], [2516.5, 7064.8], [2505.8, 7024.2], [2495.1, 7008.0], [2488.5, 6998.6], [2487.1, 6963.4], [2484.4, 6916.2], [2477.7, 6871.6], [2471.1, 6833.8], [2471.0, 6802.7], [2477.6, 6771.7], [2475.0, 6758.1], [2457.7, 6751.4], [2445.1, 6749.2], [2438.3, 6750.1], [2432.0, 6752.7], [2427.1, 6756.6], [2416.7, 6774.3], [2410.8, 6785.5], [2403.9, 6792.1], [2399.5, 6794.3], [2373.7, 6802.1], [2369.7, 6805.6], [2359.1, 6820.4], [2350.7, 6826.8], [2338.9, 6833.7], [2327.3, 6835.7], [2319.6, 6839.0], [2308.6, 6847.1], [2302.9, 6848.7], [2298.3, 6848.6], [2298.2, 6848.6], [2273.3, 6845.9], [2255.5, 6843.2], [2253.7, 6843.3], [2226.3, 6847.2], [2199.0, 6851.2], [2165.2, 6862.0], [2153.1, 6867.3], [2141.6, 6869.1], [2108.9, 6870.3]]}}, {"type": "Feature", "id": "gis_road_197_0", "properties": {"gisId": 332, "name": "Sand Road", "rawName": "Sand Road", "category": "major_highway", "size": 2, "continent": "Essos", "lengthMiles": 203, "vertexCount": 11}, "geometry": {"type": "LineString", "coordinates": [[6870.3, 6191.1], [6844.4, 6168.5], [6829.6, 6149.1], [6806.6, 6136.1], [6798.5, 6129.6], [6783.7, 6116.7], [6762.1, 6106.3], [6733.7, 6089.4], [6725.6, 6082.9], [6717.5, 6067.3], [6706.6, 6037.5]], "leafletCoordinates": [[2108.9, 6870.3], [2131.5, 6844.4], [2150.9, 6829.6], [2163.9, 6806.6], [2170.4, 6798.5], [2183.3, 6783.7], [2193.7, 6762.1], [2210.6, 6733.7], [2217.1, 6725.6], [2232.7, 6717.5], [2262.5, 6706.6]]}}, {"type": "Feature", "id": "gis_road_198_0", "properties": {"gisId": 333, "name": "Sand Road", "rawName": "Sand Road", "category": "major_highway", "size": 2, "continent": "Essos", "lengthMiles": 61, "vertexCount": 4}, "geometry": {"type": "LineString", "coordinates": [[6706.6, 6037.5], [6683.8, 6041.2], [6654.1, 6042.5], [6637.8, 6039.9]], "leafletCoordinates": [[2262.5, 6706.6], [2258.8, 6683.8], [2257.5, 6654.1], [2260.1, 6637.8]]}}, {"type": "Feature", "id": "gis_road_199_0", "properties": {"gisId": 334, "name": "Sand Road", "rawName": "Sand Road", "category": "major_highway", "size": 2, "continent": "Essos", "lengthMiles": 275, "vertexCount": 9}, "geometry": {"type": "LineString", "coordinates": [[6637.8, 6039.9], [6606.8, 6036.0], [6573.0, 6023.0], [6539.3, 6019.1], [6500.1, 6016.5], [6450.1, 6012.6], [6408.2, 6012.7], [6366.4, 6016.6], [6328.1, 6006.2]], "leafletCoordinates": [[2260.1, 6637.8], [2264.0, 6606.8], [2277.0, 6573.0], [2280.9, 6539.3], [2283.5, 6500.1], [2287.4, 6450.1], [2287.3, 6408.2], [2283.4, 6366.4], [2293.8, 6328.1]]}}, {"type": "Feature", "id": "gis_road_200_0", "properties": {"gisId": 335, "name": "Sand Road", "rawName": "Sand Road", "category": "major_highway", "size": 2, "continent": "Essos", "lengthMiles": 531, "vertexCount": 26}, "geometry": {"type": "LineString", "coordinates": [[6328.1, 6006.2], [6309.7, 5986.5], [6288.1, 5972.1], [6271.8, 5957.6], [6239.4, 5943.2], [6219.2, 5935.3], [6204.3, 5915.5], [6185.4, 5902.3], [6163.8, 5887.8], [6147.6, 5875.9], [6135.5, 5862.7], [6119.3, 5838.8], [6100.4, 5826.9], [6073.4, 5815.0], [6058.5, 5804.4], [6050.4, 5783.1], [6050.4, 5763.1], [6042.3, 5748.4], [6039.6, 5736.4], [6039.6, 5711.0], [6035.6, 5696.3], [6019.4, 5682.9], [5987.0, 5665.5], [5960.0, 5654.8], [5941.1, 5636.0], [5920.0, 5603.7]], "leafletCoordinates": [[2293.8, 6328.1], [2313.5, 6309.7], [2327.9, 6288.1], [2342.4, 6271.8], [2356.8, 6239.4], [2364.7, 6219.2], [2384.5, 6204.3], [2397.7, 6185.4], [2412.2, 6163.8], [2424.1, 6147.6], [2437.3, 6135.5], [2461.2, 6119.3], [2473.1, 6100.4], [2485.0, 6073.4], [2495.6, 6058.5], [2516.9, 6050.4], [2536.9, 6050.4], [2551.6, 6042.3], [2563.6, 6039.6], [2589.0, 6039.6], [2603.7, 6035.6], [2617.1, 6019.4], [2634.5, 5987.0], [2645.2, 5960.0], [2664.0, 5941.1], [2696.3, 5920.0]]}}, {"type": "Feature", "id": "gis_road_201_0", "properties": {"gisId": 336, "name": "Sand Road", "rawName": "Sand Road", "category": "major_highway", "size": 2, "continent": "Essos", "lengthMiles": 235, "vertexCount": 13}, "geometry": {"type": "LineString", "coordinates": [[5920.0, 5603.7], [5906.0, 5584.9], [5888.4, 5567.4], [5873.6, 5551.2], [5850.6, 5539.1], [5829.0, 5529.7], [5822.3, 5516.1], [5818.2, 5493.2], [5814.2, 5483.7], [5795.3, 5464.7], [5784.5, 5452.6], [5776.4, 5428.1], [5767.7, 5398.3]], "leafletCoordinates": [[2696.3, 5920.0], [2715.1, 5906.0], [2732.6, 5888.4], [2748.8, 5873.6], [2760.9, 5850.6], [2770.3, 5829.0], [2783.9, 5822.3], [2806.8, 5818.2], [2816.3, 5814.2], [2835.3, 5795.3], [2847.4, 5784.5], [2871.9, 5776.4], [2901.7, 5767.7]]}}, {"type": "Feature", "id": "gis_road_202_0", "properties": {"gisId": 337, "name": "Sand Road", "rawName": "Sand Road", "category": "major_highway", "size": 2, "continent": "Essos", "lengthMiles": 212, "vertexCount": 11}, "geometry": {"type": "LineString", "coordinates": [[5767.7, 5398.3], [5746.7, 5392.9], [5712.9, 5386.1], [5696.7, 5378.0], [5660.2, 5363.0], [5649.9, 5360.0], [5625.6, 5359.0], [5610.3, 5360.3], [5590.0, 5365.8], [5569.7, 5368.5], [5532.7, 5367.7]], "leafletCoordinates": [[2901.7, 5767.7], [2907.1, 5746.7], [2913.9, 5712.9], [2922.0, 5696.7], [2937.0, 5660.2], [2940.0, 5649.9], [2941.0, 5625.6], [2939.7, 5610.3], [2934.2, 5590.0], [2931.5, 5569.7], [2932.3, 5532.7]]}}, {"type": "Feature", "id": "gis_road_203_0", "properties": {"gisId": 338, "name": "Kingdom Path (Essos)", "rawName": null, "category": "major_highway", "size": 2, "continent": "Essos", "lengthMiles": 283, "vertexCount": 14}, "geometry": {"type": "LineString", "coordinates": [[4934.2, 4677.8], [4963.8, 4672.8], [4998.3, 4668.2], [5016.1, 4667.1], [5037.2, 4654.6], [5062.8, 4644.4], [5085.1, 4642.1], [5098.4, 4644.4], [5115.1, 4650.0], [5126.3, 4650.0], [5156.3, 4640.9], [5187.5, 4629.6], [5210.8, 4618.2], [5238.1, 4598.5]], "leafletCoordinates": [[3622.2, 4934.2], [3627.2, 4963.8], [3631.8, 4998.3], [3632.9, 5016.1], [3645.4, 5037.2], [3655.6, 5062.8], [3657.9, 5085.1], [3655.6, 5098.4], [3650.0, 5115.1], [3650.0, 5126.3], [3659.1, 5156.3], [3670.4, 5187.5], [3681.8, 5210.8], [3701.5, 5238.1]]}}, {"type": "Feature", "id": "gis_road_204_0", "properties": {"gisId": 339, "name": "Kingdom Path (Essos)", "rawName": null, "category": "major_highway", "size": 2, "continent": "Essos", "lengthMiles": 235, "vertexCount": 9}, "geometry": {"type": "LineString", "coordinates": [[5238.1, 4598.5], [5263.1, 4614.8], [5289.8, 4634.0], [5317.6, 4645.3], [5364.4, 4663.4], [5381.1, 4666.8], [5433.3, 4671.3], [5462.3, 4670.1], [5488.7, 4675.7]], "leafletCoordinates": [[3701.5, 5238.1], [3685.2, 5263.1], [3666.0, 5289.8], [3654.7, 5317.6], [3636.6, 5364.4], [3633.2, 5381.1], [3628.7, 5433.3], [3629.9, 5462.3], [3624.3, 5488.7]]}}, {"type": "Feature", "id": "gis_road_205_0", "properties": {"gisId": 340, "name": "Kingdom Path (Essos)", "rawName": null, "category": "major_highway", "size": 2, "continent": "Essos", "lengthMiles": 697, "vertexCount": 42}, "geometry": {"type": "LineString", "coordinates": [[4753.8, 3937.4], [4769.4, 3971.3], [4777.2, 3985.8], [4788.3, 4001.3], [4791.6, 4020.2], [4797.2, 4040.3], [4802.7, 4051.4], [4820.5, 4068.1], [4829.4, 4082.6], [4836.1, 4097.1], [4840.5, 4115.0], [4851.6, 4136.3], [4867.2, 4154.2], [4887.2, 4158.6], [4906.2, 4162.0], [4931.7, 4159.7], [4937.8, 4157.3], [4946.5, 4158.3], [4974.0, 4182.1], [4994.0, 4197.7], [5016.3, 4206.7], [5036.3, 4210.0], [5066.4, 4211.1], [5084.2, 4213.4], [5100.8, 4219.0], [5116.4, 4231.3], [5140.9, 4242.5], [5156.5, 4251.5], [5162.0, 4258.2], [5164.2, 4271.7], [5175.4, 4285.2], [5190.9, 4297.5], [5211.0, 4314.4], [5222.1, 4320.0], [5239.9, 4321.1], [5264.4, 4326.8], [5279.9, 4329.0], [5293.3, 4330.1], [5303.3, 4339.1], [5318.9, 4350.4], [5330.0, 4352.6], [5346.0, 4356.6]], "leafletCoordinates": [[4362.6, 4753.8], [4328.7, 4769.4], [4314.2, 4777.2], [4298.7, 4788.3], [4279.8, 4791.6], [4259.7, 4797.2], [4248.6, 4802.7], [4231.9, 4820.5], [4217.4, 4829.4], [4202.9, 4836.1], [4185.0, 4840.5], [4163.7, 4851.6], [4145.8, 4867.2], [4141.4, 4887.2], [4138.0, 4906.2], [4140.3, 4931.7], [4142.7, 4937.8], [4141.7, 4946.5], [4117.9, 4974.0], [4102.3, 4994.0], [4093.3, 5016.3], [4090.0, 5036.3], [4088.9, 5066.4], [4086.6, 5084.2], [4081.0, 5100.8], [4068.7, 5116.4], [4057.5, 5140.9], [4048.5, 5156.5], [4041.8, 5162.0], [4028.3, 5164.2], [4014.8, 5175.4], [4002.5, 5190.9], [3985.6, 5211.0], [3980.0, 5222.1], [3978.9, 5239.9], [3973.2, 5264.4], [3971.0, 5279.9], [3969.9, 5293.3], [3960.9, 5303.3], [3949.6, 5318.9], [3947.4, 5330.0], [3943.4, 5346.0]]}}, {"type": "Feature", "id": "gis_road_206_0", "properties": {"gisId": 341, "name": "Kingdom Path (Essos)", "rawName": null, "category": "major_highway", "size": 2, "continent": "Essos", "lengthMiles": 158, "vertexCount": 12}, "geometry": {"type": "LineString", "coordinates": [[5346.0, 4356.6], [5364.4, 4367.1], [5376.7, 4375.4], [5394.4, 4390.6], [5404.0, 4414.9], [5410.8, 4435.0], [5412.8, 4439.7], [5419.7, 4448.9], [5432.9, 4461.0], [5443.2, 4471.2], [5452.5, 4481.5], [5459.6, 4489.8]], "leafletCoordinates": [[3943.4, 5346.0], [3932.9, 5364.4], [3924.6, 5376.7], [3909.4, 5394.4], [3885.1, 5404.0], [3865.0, 5410.8], [3860.3, 5412.8], [3851.1, 5419.7], [3839.0, 5432.9], [3828.8, 5443.2], [3818.5, 5452.5], [3810.2, 5459.6]]}}, {"type": "Feature", "id": "gis_road_207_0", "properties": {"gisId": 342, "name": "Kingdom Path (Essos)", "rawName": null, "category": "major_highway", "size": 2, "continent": "Essos", "lengthMiles": 175, "vertexCount": 13}, "geometry": {"type": "LineString", "coordinates": [[5459.6, 4489.8], [5459.0, 4516.2], [5459.0, 4529.8], [5453.4, 4549.0], [5452.0, 4552.3], [5451.8, 4555.8], [5451.8, 4573.2], [5456.6, 4585.0], [5463.4, 4591.3], [5476.4, 4600.3], [5485.3, 4616.3], [5485.3, 4639.3], [5488.7, 4675.7]], "leafletCoordinates": [[3810.2, 5459.6], [3783.8, 5459.0], [3770.2, 5459.0], [3751.0, 5453.4], [3747.7, 5452.0], [3744.2, 5451.8], [3726.8, 5451.8], [3715.0, 5456.6], [3708.7, 5463.4], [3699.7, 5476.4], [3683.7, 5485.3], [3660.7, 5485.3], [3624.3, 5488.7]]}}, {"type": "Feature", "id": "gis_road_208_0", "properties": {"gisId": 343, "name": "Kingdom Path (Essos)", "rawName": null, "category": "major_highway", "size": 2, "continent": "Essos", "lengthMiles": 349, "vertexCount": 25}, "geometry": {"type": "LineString", "coordinates": [[3756.8, 4754.1], [3741.8, 4776.7], [3728.6, 4795.7], [3707.7, 4818.1], [3698.9, 4828.2], [3700.0, 4849.5], [3697.8, 4861.8], [3685.6, 4879.7], [3683.4, 4889.8], [3683.4, 4921.1], [3681.2, 4934.6], [3675.7, 4950.2], [3673.5, 4962.5], [3672.4, 4982.7], [3672.4, 4997.2], [3668.0, 5011.7], [3661.4, 5027.4], [3664.7, 5038.6], [3673.5, 5052.0], [3673.5, 5058.7], [3670.2, 5071.0], [3664.7, 5084.4], [3659.8, 5092.5], [3650.8, 5099.0], [3634.5, 5098.8]], "leafletCoordinates": [[3545.9, 3756.8], [3523.3, 3741.8], [3504.3, 3728.6], [3481.9, 3707.7], [3471.8, 3698.9], [3450.5, 3700.0], [3438.2, 3697.8], [3420.3, 3685.6], [3410.2, 3683.4], [3378.9, 3683.4], [3365.4, 3681.2], [3349.8, 3675.7], [3337.5, 3673.5], [3317.3, 3672.4], [3302.8, 3672.4], [3288.3, 3668.0], [3272.6, 3661.4], [3261.4, 3664.7], [3248.0, 3673.5], [3241.3, 3673.5], [3229.0, 3670.2], [3215.6, 3664.7], [3207.5, 3659.8], [3201.0, 3650.8], [3201.2, 3634.5]]}}, {"type": "Feature", "id": "gis_road_209_0", "properties": {"gisId": 344, "name": "Kingdom Path (Essos)", "rawName": null, "category": "major_highway", "size": 2, "continent": "Essos", "lengthMiles": 242, "vertexCount": 16}, "geometry": {"type": "LineString", "coordinates": [[3634.5, 5098.8], [3651.5, 5129.0], [3661.3, 5156.9], [3661.3, 5180.3], [3661.3, 5201.5], [3664.6, 5213.7], [3671.2, 5223.7], [3671.2, 5233.7], [3667.9, 5246.0], [3664.6, 5252.6], [3664.6, 5262.6], [3676.7, 5278.2], [3687.7, 5293.7], [3687.7, 5314.8], [3689.9, 5330.3], [3672.0, 5350.7]], "leafletCoordinates": [[3201.2, 3634.5], [3171.0, 3651.5], [3143.1, 3661.3], [3119.7, 3661.3], [3098.5, 3661.3], [3086.3, 3664.6], [3076.3, 3671.2], [3066.3, 3671.2], [3054.0, 3667.9], [3047.4, 3664.6], [3037.4, 3664.6], [3021.8, 3676.7], [3006.3, 3687.7], [2985.2, 3687.7], [2969.7, 3689.9], [2949.3, 3672.0]]}}, {"type": "Feature", "id": "gis_road_210_0", "properties": {"gisId": 345, "name": "Kingdom Path (Essos)", "rawName": null, "category": "major_highway", "size": 2, "continent": "Essos", "lengthMiles": 121, "vertexCount": 9}, "geometry": {"type": "LineString", "coordinates": [[3672.0, 5350.7], [3656.9, 5363.6], [3647.0, 5370.3], [3645.9, 5385.8], [3645.8, 5396.8], [3652.4, 5417.9], [3662.3, 5436.6], [3666.7, 5447.7], [3668.3, 5472.5]], "leafletCoordinates": [[2949.3, 3672.0], [2936.4, 3656.9], [2929.7, 3647.0], [2914.2, 3645.9], [2903.2, 3645.8], [2882.1, 3652.4], [2863.4, 3662.3], [2852.3, 3666.7], [2827.5, 3668.3]]}}, {"type": "Feature", "id": "gis_road_211_0", "properties": {"gisId": 346, "name": "Kingdom Path (Essos)", "rawName": null, "category": "major_highway", "size": 2, "continent": "Essos", "lengthMiles": 114, "vertexCount": 8}, "geometry": {"type": "LineString", "coordinates": [[3668.3, 5472.5], [3675.5, 5497.3], [3675.5, 5517.1], [3678.8, 5534.7], [3682.1, 5546.8], [3690.9, 5556.7], [3705.2, 5563.3], [3727.0, 5576.7]], "leafletCoordinates": [[2827.5, 3668.3], [2802.7, 3675.5], [2782.9, 3675.5], [2765.3, 3678.8], [2753.2, 3682.1], [2743.3, 3690.9], [2736.7, 3705.2], [2723.3, 3727.0]]}}, {"type": "Feature", "id": "gis_road_212_0", "properties": {"gisId": 347, "name": "Kingdom Path (Essos)", "rawName": null, "category": "kingdom_path", "size": 3, "continent": "Essos", "lengthMiles": 24, "vertexCount": 2}, "geometry": {"type": "LineString", "coordinates": [[3727.0, 5576.7], [3741.2, 5552.6]], "leafletCoordinates": [[2723.3, 3727.0], [2747.4, 3741.2]]}}, {"type": "Feature", "id": "gis_road_213_0", "properties": {"gisId": 348, "name": "Kingdom Path (Essos)", "rawName": null, "category": "major_highway", "size": 2, "continent": "Essos", "lengthMiles": 165, "vertexCount": 8}, "geometry": {"type": "LineString", "coordinates": [[4419.2, 6208.9], [4403.1, 6229.8], [4382.1, 6249.8], [4373.7, 6263.1], [4369.5, 6292.3], [4366.7, 6308.2], [4356.8, 6329.4], [4340.0, 6375.5]], "leafletCoordinates": [[2091.1, 4419.2], [2070.2, 4403.1], [2050.2, 4382.1], [2036.9, 4373.7], [2007.7, 4369.5], [1991.8, 4366.7], [1970.6, 4356.8], [1924.5, 4340.0]]}}, {"type": "Feature", "id": "gis_road_214_0", "properties": {"gisId": 349, "name": "Kingdom Path (Essos)", "rawName": null, "category": "major_highway", "size": 2, "continent": "Essos", "lengthMiles": 169, "vertexCount": 8}, "geometry": {"type": "LineString", "coordinates": [[4340.0, 6375.5], [4335.8, 6416.2], [4333.0, 6437.1], [4317.6, 6461.9], [4311.9, 6484.0], [4306.3, 6504.7], [4292.3, 6537.1], [4285.5, 6558.8]], "leafletCoordinates": [[1924.5, 4340.0], [1883.8, 4335.8], [1862.9, 4333.0], [1838.1, 4317.6], [1816.0, 4311.9], [1795.3, 4306.3], [1762.9, 4292.3], [1741.2, 4285.5]]}}, {"type": "Feature", "id": "gis_road_215_0", "properties": {"gisId": 350, "name": "Kingdom Path (Essos)", "rawName": null, "category": "major_highway", "size": 2, "continent": "Essos", "lengthMiles": 592, "vertexCount": 29}, "geometry": {"type": "LineString", "coordinates": [[4449.7, 6096.7], [4436.2, 6078.8], [4411.0, 6069.4], [4391.4, 6061.3], [4374.6, 6043.7], [4360.6, 6022.0], [4348.0, 6017.9], [4334.0, 6012.5], [4308.7, 5985.3], [4291.9, 5964.9], [4277.9, 5958.0], [4254.1, 5952.6], [4240.1, 5941.7], [4228.9, 5922.6], [4228.9, 5902.0], [4227.5, 5881.4], [4231.7, 5863.6], [4242.9, 5841.6], [4248.6, 5823.7], [4248.6, 5800.2], [4244.4, 5778.1], [4243.0, 5756.0], [4236.0, 5735.2], [4213.6, 5692.2], [4208.0, 5670.0], [4201.0, 5653.3], [4195.4, 5617.0], [4178.6, 5596.1], [4153.9, 5566.5]], "leafletCoordinates": [[2203.3, 4449.7], [2221.2, 4436.2], [2230.6, 4411.0], [2238.7, 4391.4], [2256.3, 4374.6], [2278.0, 4360.6], [2282.1, 4348.0], [2287.5, 4334.0], [2314.7, 4308.7], [2335.1, 4291.9], [2342.0, 4277.9], [2347.4, 4254.1], [2358.3, 4240.1], [2377.4, 4228.9], [2398.0, 4228.9], [2418.6, 4227.5], [2436.4, 4231.7], [2458.4, 4242.9], [2476.3, 4248.6], [2499.8, 4248.6], [2521.9, 4244.4], [2544.0, 4243.0], [2564.8, 4236.0], [2607.8, 4213.6], [2630.0, 4208.0], [2646.7, 4201.0], [2683.0, 4195.4], [2703.9, 4178.6], [2733.5, 4153.9]]}}, {"type": "Feature", "id": "gis_road_216_0", "properties": {"gisId": 351, "name": "Kingdom Path (Essos)", "rawName": null, "category": "kingdom_path", "size": 4, "continent": "Essos", "lengthMiles": 139, "vertexCount": 6}, "geometry": {"type": "LineString", "coordinates": [[4722.1, 5672.3], [4718.6, 5635.3], [4718.6, 5610.2], [4714.4, 5586.5], [4707.4, 5558.5], [4693.8, 5517.0]], "leafletCoordinates": [[2627.7, 4722.1], [2664.7, 4718.6], [2689.8, 4718.6], [2713.5, 4714.4], [2741.5, 4707.4], [2783.0, 4693.8]]}}, {"type": "Feature", "id": "gis_road_217_0", "properties": {"gisId": 352, "name": "Kingdom Path (Essos)", "rawName": null, "category": "major_highway", "size": 2, "continent": "Essos", "lengthMiles": 190, "vertexCount": 10}, "geometry": {"type": "LineString", "coordinates": [[5424.2, 5384.5], [5392.6, 5403.5], [5375.8, 5424.6], [5366.0, 5449.9], [5364.6, 5472.4], [5360.4, 5483.7], [5336.6, 5500.5], [5323.9, 5517.4], [5311.3, 5520.2], [5284.4, 5510.3]], "leafletCoordinates": [[2915.5, 5424.2], [2896.5, 5392.6], [2875.4, 5375.8], [2850.1, 5366.0], [2827.6, 5364.6], [2816.3, 5360.4], [2799.5, 5336.6], [2782.6, 5323.9], [2779.8, 5311.3], [2789.7, 5284.4]]}}, {"type": "Feature", "id": "gis_road_218_0", "properties": {"gisId": 353, "name": "Kingdom Path (Essos)", "rawName": null, "category": "major_highway", "size": 2, "continent": "Essos", "lengthMiles": 346, "vertexCount": 18}, "geometry": {"type": "LineString", "coordinates": [[5286.1, 5514.6], [5279.1, 5532.8], [5284.7, 5555.2], [5287.5, 5566.4], [5279.1, 5587.4], [5276.3, 5607.0], [5284.7, 5622.3], [5301.5, 5634.8], [5312.7, 5652.9], [5307.1, 5671.0], [5304.3, 5682.2], [5301.4, 5709.9], [5297.2, 5723.8], [5280.4, 5754.3], [5274.8, 5784.7], [5266.4, 5813.7], [5246.8, 5833.0], [5205.3, 5845.3]], "leafletCoordinates": [[2785.4, 5286.1], [2767.2, 5279.1], [2744.8, 5284.7], [2733.6, 5287.5], [2712.6, 5279.1], [2693.0, 5276.3], [2677.7, 5284.7], [2665.2, 5301.5], [2647.1, 5312.7], [2629.0, 5307.1], [2617.8, 5304.3], [2590.1, 5301.4], [2576.2, 5297.2], [2545.7, 5280.4], [2515.3, 5274.8], [2486.3, 5266.4], [2467.0, 5246.8], [2454.7, 5205.3]]}}, {"type": "Feature", "id": "gis_road_219_0", "properties": {"gisId": 354, "name": "Kingdom Path (Essos)", "rawName": null, "category": "major_highway", "size": 2, "continent": "Essos", "lengthMiles": 579, "vertexCount": 51}, "geometry": {"type": "LineString", "coordinates": [[6870.3, 6191.1], [6873.4, 6187.2], [6874.5, 6184.1], [6878.2, 6177.5], [6885.0, 6168.8], [6889.6, 6164.0], [6897.3, 6158.8], [6905.1, 6152.7], [6914.6, 6148.3], [6922.8, 6146.1], [6939.7, 6140.4], [6951.1, 6136.5], [6963.8, 6136.0], [6972.0, 6136.9], [6985.7, 6141.2], [6998.9, 6143.0], [7013.9, 6141.2], [7029.0, 6135.5], [7043.1, 6134.2], [7057.7, 6135.9], [7067.7, 6139.4], [7085.4, 6149.4], [7099.1, 6162.5], [7101.2, 6164.5], [7113.9, 6174.1], [7129.2, 6191.8], [7140.1, 6196.0], [7148.9, 6193.9], [7163.0, 6178.2], [7180.5, 6163.6], [7189.3, 6153.1], [7198.0, 6142.7], [7201.3, 6123.8], [7216.6, 6104.9], [7239.5, 6088.1], [7241.6, 6087.4], [7250.7, 6083.2], [7261.5, 6079.5], [7271.6, 6077.3], [7283.7, 6077.5], [7305.5, 6079.5], [7323.3, 6082.2], [7338.7, 6087.5], [7349.5, 6094.8], [7353.1, 6098.7], [7353.9, 6101.0], [7353.0, 6112.1], [7353.0, 6125.8], [7360.6, 6133.1], [7360.6, 6145.7], [7361.3, 6170.6]], "leafletCoordinates": [[2108.9, 6870.3], [2112.8, 6873.4], [2115.9, 6874.5], [2122.5, 6878.2], [2131.2, 6885.0], [2136.0, 6889.6], [2141.2, 6897.3], [2147.3, 6905.1], [2151.7, 6914.6], [2153.9, 6922.8], [2159.6, 6939.7], [2163.5, 6951.1], [2164.0, 6963.8], [2163.1, 6972.0], [2158.8, 6985.7], [2157.0, 6998.9], [2158.8, 7013.9], [2164.5, 7029.0], [2165.8, 7043.1], [2164.1, 7057.7], [2160.6, 7067.7], [2150.6, 7085.4], [2137.5, 7099.1], [2135.5, 7101.2], [2125.9, 7113.9], [2108.2, 7129.2], [2104.0, 7140.1], [2106.1, 7148.9], [2121.8, 7163.0], [2136.4, 7180.5], [2146.9, 7189.3], [2157.3, 7198.0], [2176.2, 7201.3], [2195.1, 7216.6], [2211.9, 7239.5], [2212.6, 7241.6], [2216.8, 7250.7], [2220.5, 7261.5], [2222.7, 7271.6], [2222.5, 7283.7], [2220.5, 7305.5], [2217.8, 7323.3], [2212.5, 7338.7], [2205.2, 7349.5], [2201.3, 7353.1], [2199.0, 7353.9], [2187.9, 7353.0], [2174.2, 7353.0], [2166.9, 7360.6], [2154.3, 7360.6], [2129.4, 7361.3]]}}, {"type": "Feature", "id": "gis_road_220_0", "properties": {"gisId": 355, "name": "Kingdom Path (Essos)", "rawName": null, "category": "major_highway", "size": 2, "continent": "Essos", "lengthMiles": 625, "vertexCount": 40}, "geometry": {"type": "LineString", "coordinates": [[7362.0, 6170.6], [7379.9, 6188.5], [7388.6, 6218.7], [7396.3, 6233.2], [7409.4, 6238.4], [7426.8, 6238.4], [7442.1, 6237.3], [7451.9, 6244.6], [7458.5, 6259.1], [7475.9, 6273.5], [7490.1, 6281.8], [7513.0, 6290.0], [7537.0, 6303.4], [7542.5, 6314.8], [7551.2, 6331.2], [7565.4, 6342.5], [7578.5, 6345.6], [7594.9, 6341.5], [7612.3, 6332.2], [7629.8, 6327.0], [7645.1, 6328.1], [7657.1, 6339.4], [7656.0, 6356.8], [7656.0, 6373.2], [7657.1, 6382.4], [7652.7, 6391.6], [7652.7, 6398.8], [7663.6, 6409.0], [7680.0, 6421.2], [7694.1, 6441.5], [7701.8, 6454.7], [7711.6, 6463.8], [7725.8, 6468.9], [7735.6, 6480.0], [7754.2, 6495.2], [7771.6, 6504.2], [7794.5, 6518.3], [7809.8, 6539.4], [7819.6, 6558.5], [7833.3, 6584.1]], "leafletCoordinates": [[2129.4, 7362.0], [2111.5, 7379.9], [2081.3, 7388.6], [2066.8, 7396.3], [2061.6, 7409.4], [2061.6, 7426.8], [2062.7, 7442.1], [2055.4, 7451.9], [2040.9, 7458.5], [2026.5, 7475.9], [2018.2, 7490.1], [2010.0, 7513.0], [1996.6, 7537.0], [1985.2, 7542.5], [1968.8, 7551.2], [1957.5, 7565.4], [1954.4, 7578.5], [1958.5, 7594.9], [1967.8, 7612.3], [1973.0, 7629.8], [1971.9, 7645.1], [1960.6, 7657.1], [1943.2, 7656.0], [1926.8, 7656.0], [1917.6, 7657.1], [1908.4, 7652.7], [1901.2, 7652.7], [1891.0, 7663.6], [1878.8, 7680.0], [1858.5, 7694.1], [1845.3, 7701.8], [1836.2, 7711.6], [1831.1, 7725.8], [1820.0, 7735.6], [1804.8, 7754.2], [1795.8, 7771.6], [1781.7, 7794.5], [1760.6, 7809.8], [1741.5, 7819.6], [1715.9, 7833.3]]}}, {"type": "Feature", "id": "gis_road_221_0", "properties": {"gisId": 356, "name": "Kingdom Path (Essos)", "rawName": null, "category": "kingdom_path", "size": 3, "continent": "Essos", "lengthMiles": 62, "vertexCount": 6}, "geometry": {"type": "LineString", "coordinates": [[4606.1, 6373.9], [4586.4, 6379.6], [4573.1, 6381.8], [4560.7, 6381.8], [4550.7, 6380.0], [4538.8, 6372.7]], "leafletCoordinates": [[1926.1, 4606.1], [1920.4, 4586.4], [1918.2, 4573.1], [1918.2, 4560.7], [1920.0, 4550.7], [1927.3, 4538.8]]}}, {"type": "Feature", "id": "gis_road_222_0", "properties": {"gisId": 357, "name": "Kingdom Path (Essos)", "rawName": null, "category": "kingdom_path", "size": 3, "continent": "Essos", "lengthMiles": 59, "vertexCount": 6}, "geometry": {"type": "LineString", "coordinates": [[4340.0, 6375.5], [4322.7, 6363.7], [4310.8, 6355.6], [4300.3, 6353.4], [4291.3, 6348.9], [4280.5, 6345.1]], "leafletCoordinates": [[1924.5, 4340.0], [1936.3, 4322.7], [1944.4, 4310.8], [1946.6, 4300.3], [1951.1, 4291.3], [1954.9, 4280.5]]}}, {"type": "Feature", "id": "gis_road_223_0", "properties": {"gisId": 358, "name": "Kingdom Path (Essos)", "rawName": null, "category": "kingdom_path", "size": 3, "continent": "Essos", "lengthMiles": 74, "vertexCount": 6}, "geometry": {"type": "LineString", "coordinates": [[4340.0, 6375.5], [4354.7, 6380.2], [4366.6, 6381.1], [4381.8, 6381.5], [4395.2, 6377.9], [4416.4, 6359.6]], "leafletCoordinates": [[1924.5, 4340.0], [1919.8, 4354.7], [1918.9, 4366.6], [1918.5, 4381.8], [1922.1, 4395.2], [1940.4, 4416.4]]}}, {"type": "Feature", "id": "gis_road_224_0", "properties": {"gisId": 359, "name": "Kingdom Path (Essos)", "rawName": null, "category": "kingdom_path", "size": 3, "continent": "Essos", "lengthMiles": 56, "vertexCount": 6}, "geometry": {"type": "LineString", "coordinates": [[4169.7, 6252.7], [4181.1, 6267.0], [4194.5, 6275.6], [4204.0, 6280.6], [4207.4, 6290.5], [4207.4, 6298.8]], "leafletCoordinates": [[2047.3, 4169.7], [2033.0, 4181.1], [2024.4, 4194.5], [2019.4, 4204.0], [2009.5, 4207.4], [2001.2, 4207.4]]}}, {"type": "Feature", "id": "gis_road_225_0", "properties": {"gisId": 360, "name": "Kingdom Path (Essos)", "rawName": null, "category": "kingdom_path", "size": 3, "continent": "Essos", "lengthMiles": 845, "vertexCount": 38}, "geometry": {"type": "LineString", "coordinates": [[5459.6, 4489.8], [5479.8, 4487.4], [5508.7, 4484.3], [5541.1, 4472.6], [5572.5, 4460.9], [5593.4, 4456.6], [5613.2, 4456.6], [5625.7, 4460.8], [5644.5, 4460.8], [5669.6, 4454.4], [5689.5, 4448.0], [5706.2, 4452.3], [5749.0, 4455.4], [5779.3, 4455.4], [5813.8, 4456.4], [5833.6, 4454.3], [5861.8, 4451.1], [5887.9, 4439.4], [5905.7, 4433.0], [5956.9, 4433.0], [5993.5, 4427.6], [6015.4, 4423.4], [6045.7, 4411.7], [6063.5, 4404.3], [6088.5, 4401.1], [6117.8, 4400.0], [6146.0, 4403.1], [6162.7, 4410.5], [6189.8, 4412.6], [6210.7, 4408.4], [6233.7, 4394.6], [6248.4, 4385.1], [6270.3, 4382.9], [6305.8, 4384.0], [6338.2, 4381.8], [6363.3, 4383.9], [6376.8, 4377.5], [6395.3, 4365.9]], "leafletCoordinates": [[3810.2, 5459.6], [3812.6, 5479.8], [3815.7, 5508.7], [3827.4, 5541.1], [3839.1, 5572.5], [3843.4, 5593.4], [3843.4, 5613.2], [3839.2, 5625.7], [3839.2, 5644.5], [3845.6, 5669.6], [3852.0, 5689.5], [3847.7, 5706.2], [3844.6, 5749.0], [3844.6, 5779.3], [3843.6, 5813.8], [3845.7, 5833.6], [3848.9, 5861.8], [3860.6, 5887.9], [3867.0, 5905.7], [3867.0, 5956.9], [3872.4, 5993.5], [3876.6, 6015.4], [3888.3, 6045.7], [3895.7, 6063.5], [3898.9, 6088.5], [3900.0, 6117.8], [3896.9, 6146.0], [3889.5, 6162.7], [3887.4, 6189.8], [3891.6, 6210.7], [3905.4, 6233.7], [3914.9, 6248.4], [3917.1, 6270.3], [3916.0, 6305.8], [3918.2, 6338.2], [3916.1, 6363.3], [3922.5, 6376.8], [3934.1, 6395.3]]}}, {"type": "Feature", "id": "gis_road_226_0", "properties": {"gisId": 361, "name": "Kingdom Path (Essos)", "rawName": null, "category": "kingdom_path", "size": 3, "continent": "Essos", "lengthMiles": 871, "vertexCount": 43}, "geometry": {"type": "LineString", "coordinates": [[5488.7, 4675.7], [5513.9, 4685.1], [5530.6, 4688.2], [5546.3, 4685.0], [5559.9, 4674.4], [5578.7, 4659.5], [5603.7, 4648.8], [5615.2, 4648.8], [5641.3, 4653.1], [5661.2, 4657.3], [5682.1, 4654.1], [5700.9, 4646.6], [5726.0, 4640.2], [5746.8, 4634.9], [5766.7, 4633.8], [5791.8, 4632.7], [5812.7, 4624.2], [5832.5, 4611.4], [5852.4, 4596.5], [5873.3, 4587.0], [5898.3, 4580.6], [5913.0, 4577.4], [5945.4, 4561.4], [5984.0, 4546.5], [6009.1, 4535.8], [6043.6, 4529.4], [6079.1, 4529.4], [6107.3, 4526.2], [6132.4, 4515.6], [6155.3, 4502.8], [6175.2, 4492.2], [6195.0, 4480.5], [6220.1, 4470.9], [6244.1, 4466.7], [6256.7, 4462.4], [6273.4, 4452.9], [6287.0, 4442.2], [6298.5, 4436.9], [6331.9, 4426.3], [6351.8, 4412.5], [6368.5, 4397.7], [6385.2, 4384.9], [6395.3, 4365.9]], "leafletCoordinates": [[3624.3, 5488.7], [3614.9, 5513.9], [3611.8, 5530.6], [3615.0, 5546.3], [3625.6, 5559.9], [3640.5, 5578.7], [3651.2, 5603.7], [3651.2, 5615.2], [3646.9, 5641.3], [3642.7, 5661.2], [3645.9, 5682.1], [3653.4, 5700.9], [3659.8, 5726.0], [3665.1, 5746.8], [3666.2, 5766.7], [3667.3, 5791.8], [3675.8, 5812.7], [3688.6, 5832.5], [3703.5, 5852.4], [3713.0, 5873.3], [3719.4, 5898.3], [3722.6, 5913.0], [3738.6, 5945.4], [3753.5, 5984.0], [3764.2, 6009.1], [3770.6, 6043.6], [3770.6, 6079.1], [3773.8, 6107.3], [3784.4, 6132.4], [3797.2, 6155.3], [3807.8, 6175.2], [3819.5, 6195.0], [3829.1, 6220.1], [3833.3, 6244.1], [3837.6, 6256.7], [3847.1, 6273.4], [3857.8, 6287.0], [3863.1, 6298.5], [3873.7, 6331.9], [3887.5, 6351.8], [3902.3, 6368.5], [3915.1, 6385.2], [3934.1, 6395.3]]}}, {"type": "Feature", "id": "gis_road_227_0", "properties": {"gisId": 362, "name": "Kingdom Path (Essos)", "rawName": null, "category": "kingdom_path", "size": 3, "continent": "Essos", "lengthMiles": 857, "vertexCount": 54}, "geometry": {"type": "LineString", "coordinates": [[6416.6, 4375.0], [6422.8, 4389.1], [6438.5, 4408.2], [6448.9, 4425.1], [6454.1, 4438.9], [6461.4, 4455.9], [6474.0, 4476.0], [6488.6, 4494.0], [6506.3, 4511.0], [6515.7, 4525.9], [6516.8, 4539.7], [6515.7, 4559.8], [6517.8, 4576.8], [6525.1, 4592.8], [6543.9, 4611.9], [6572.1, 4631.0], [6598.2, 4650.1], [6609.7, 4662.9], [6611.8, 4670.3], [6608.6, 4678.8], [6597.1, 4687.3], [6591.9, 4694.8], [6592.9, 4706.5], [6597.1, 4716.0], [6599.2, 4723.5], [6594.0, 4738.4], [6575.2, 4756.5], [6568.9, 4762.9], [6567.8, 4769.3], [6578.3, 4775.6], [6598.1, 4782.0], [6620.1, 4783.0], [6637.8, 4784.1], [6663.9, 4791.5], [6673.3, 4797.9], [6690.0, 4820.2], [6710.9, 4835.1], [6725.6, 4843.6], [6741.2, 4853.1], [6745.4, 4874.4], [6749.6, 4891.4], [6750.6, 4898.9], [6746.4, 4908.4], [6732.8, 4921.2], [6724.5, 4936.1], [6726.6, 4943.5], [6742.2, 4955.2], [6767.3, 4970.1], [6787.1, 4980.7], [6792.3, 4994.5], [6803.8, 5016.8], [6817.4, 5035.8], [6838.3, 5052.8], [6862.8, 5068.0]], "leafletCoordinates": [[3925.0, 6416.6], [3910.9, 6422.8], [3891.8, 6438.5], [3874.9, 6448.9], [3861.1, 6454.1], [3844.1, 6461.4], [3824.0, 6474.0], [3806.0, 6488.6], [3789.0, 6506.3], [3774.1, 6515.7], [3760.3, 6516.8], [3740.2, 6515.7], [3723.2, 6517.8], [3707.2, 6525.1], [3688.1, 6543.9], [3669.0, 6572.1], [3649.9, 6598.2], [3637.1, 6609.7], [3629.7, 6611.8], [3621.2, 6608.6], [3612.7, 6597.1], [3605.2, 6591.9], [3593.5, 6592.9], [3584.0, 6597.1], [3576.5, 6599.2], [3561.6, 6594.0], [3543.5, 6575.2], [3537.1, 6568.9], [3530.7, 6567.8], [3524.4, 6578.3], [3518.0, 6598.1], [3517.0, 6620.1], [3515.9, 6637.8], [3508.5, 6663.9], [3502.1, 6673.3], [3479.8, 6690.0], [3464.9, 6710.9], [3456.4, 6725.6], [3446.9, 6741.2], [3425.6, 6745.4], [3408.6, 6749.6], [3401.1, 6750.6], [3391.6, 6746.4], [3378.8, 6732.8], [3363.9, 6724.5], [3356.5, 6726.6], [3344.8, 6742.2], [3329.9, 6767.3], [3319.3, 6787.1], [3305.5, 6792.3], [3283.2, 6803.8], [3264.2, 6817.4], [3247.2, 6838.3], [3232.0, 6862.8]]}}, {"type": "Feature", "id": "gis_road_228_0", "properties": {"gisId": 363, "name": "Kingdom Path (Essos)", "rawName": null, "category": "kingdom_path", "size": 3, "continent": "Essos", "lengthMiles": 819, "vertexCount": 62}, "geometry": {"type": "LineString", "coordinates": [[7304.1, 4566.1], [7331.5, 4573.0], [7355.5, 4576.1], [7369.1, 4577.2], [7377.5, 4582.5], [7375.4, 4591.0], [7364.9, 4599.5], [7354.5, 4606.9], [7345.1, 4612.3], [7339.9, 4618.6], [7349.3, 4622.9], [7360.7, 4633.5], [7366.0, 4640.9], [7369.1, 4648.4], [7362.8, 4658.0], [7358.6, 4669.7], [7359.7, 4688.8], [7368.0, 4704.8], [7374.3, 4716.4], [7374.3, 4725.0], [7369.1, 4735.6], [7365.9, 4747.3], [7364.9, 4768.6], [7369.0, 4779.2], [7383.7, 4788.8], [7398.3, 4798.3], [7399.3, 4804.7], [7397.2, 4813.2], [7383.7, 4821.7], [7370.1, 4831.3], [7362.8, 4844.1], [7364.8, 4859.0], [7370.1, 4871.7], [7380.5, 4876.0], [7392.0, 4877.0], [7395.1, 4885.5], [7389.9, 4896.2], [7375.3, 4906.8], [7369.0, 4915.3], [7366.9, 4927.0], [7369.0, 4939.8], [7372.1, 4952.5], [7370.0, 4960.0], [7360.6, 4972.7], [7338.7, 4990.8], [7318.8, 5006.8], [7309.4, 5021.6], [7303.1, 5036.5], [7307.3, 5054.5], [7312.5, 5066.2], [7330.3, 5078.9], [7341.8, 5091.6], [7342.8, 5096.9], [7335.5, 5108.6], [7334.4, 5119.2], [7329.2, 5127.7], [7307.3, 5130.9], [7268.6, 5135.1], [7234.2, 5135.2], [7220.6, 5145.8], [7209.1, 5159.6], [7180.4, 5179.3]], "leafletCoordinates": [[3733.9, 7304.1], [3727.0, 7331.5], [3723.9, 7355.5], [3722.8, 7369.1], [3717.5, 7377.5], [3709.0, 7375.4], [3700.5, 7364.9], [3693.1, 7354.5], [3687.7, 7345.1], [3681.4, 7339.9], [3677.1, 7349.3], [3666.5, 7360.7], [3659.1, 7366.0], [3651.6, 7369.1], [3642.0, 7362.8], [3630.3, 7358.6], [3611.2, 7359.7], [3595.2, 7368.0], [3583.6, 7374.3], [3575.0, 7374.3], [3564.4, 7369.1], [3552.7, 7365.9], [3531.4, 7364.9], [3520.8, 7369.0], [3511.2, 7383.7], [3501.7, 7398.3], [3495.3, 7399.3], [3486.8, 7397.2], [3478.3, 7383.7], [3468.7, 7370.1], [3455.9, 7362.8], [3441.0, 7364.8], [3428.3, 7370.1], [3424.0, 7380.5], [3423.0, 7392.0], [3414.5, 7395.1], [3403.8, 7389.9], [3393.2, 7375.3], [3384.7, 7369.0], [3373.0, 7366.9], [3360.2, 7369.0], [3347.5, 7372.1], [3340.0, 7370.0], [3327.3, 7360.6], [3309.2, 7338.7], [3293.2, 7318.8], [3278.4, 7309.4], [3263.5, 7303.1], [3245.5, 7307.3], [3233.8, 7312.5], [3221.1, 7330.3], [3208.4, 7341.8], [3203.1, 7342.8], [3191.4, 7335.5], [3180.8, 7334.4], [3172.3, 7329.2], [3169.1, 7307.3], [3164.9, 7268.6], [3164.8, 7234.2], [3154.2, 7220.6], [3140.4, 7209.1], [3120.7, 7180.4]]}}, {"type": "Feature", "id": "gis_road_229_0", "properties": {"gisId": 364, "name": "Kingdom Path (Essos)", "rawName": null, "category": "kingdom_path", "size": 3, "continent": "Essos", "lengthMiles": 141, "vertexCount": 10}, "geometry": {"type": "LineString", "coordinates": [[6862.8, 5068.0], [6855.0, 5085.7], [6837.2, 5095.2], [6824.7, 5095.3], [6816.3, 5104.8], [6815.3, 5114.3], [6794.4, 5127.1], [6779.8, 5139.8], [6766.2, 5148.3], [6759.0, 5173.9]], "leafletCoordinates": [[3232.0, 6862.8], [3214.3, 6855.0], [3204.8, 6837.2], [3204.7, 6824.7], [3195.2, 6816.3], [3185.7, 6815.3], [3172.9, 6794.4], [3160.2, 6779.8], [3151.7, 6766.2], [3126.1, 6759.0]]}}, {"type": "Feature", "id": "gis_road_230_0", "properties": {"gisId": 365, "name": "Kingdom Path (Essos)", "rawName": null, "category": "kingdom_path", "size": 3, "continent": "Essos", "lengthMiles": 618, "vertexCount": 30}, "geometry": {"type": "LineString", "coordinates": [[6759.0, 5173.9], [6736.9, 5171.6], [6705.6, 5171.6], [6683.6, 5178.0], [6657.5, 5187.5], [6642.9, 5199.2], [6633.5, 5215.1], [6622.0, 5232.0], [6615.7, 5244.7], [6604.2, 5254.2], [6577.1, 5260.5], [6548.8, 5266.9], [6525.9, 5279.6], [6506.0, 5294.4], [6492.4, 5309.1], [6478.8, 5314.4], [6452.7, 5309.2], [6426.6, 5310.3], [6371.2, 5311.4], [6344.1, 5320.9], [6325.3, 5325.1], [6291.8, 5329.3], [6283.5, 5329.3], [6266.8, 5343.0], [6253.2, 5354.6], [6230.2, 5355.7], [6199.9, 5354.7], [6178.0, 5358.9], [6164.4, 5367.3], [6131.5, 5397.1]], "leafletCoordinates": [[3126.1, 6759.0], [3128.4, 6736.9], [3128.4, 6705.6], [3122.0, 6683.6], [3112.5, 6657.5], [3100.8, 6642.9], [3084.9, 6633.5], [3068.0, 6622.0], [3055.3, 6615.7], [3045.8, 6604.2], [3039.5, 6577.1], [3033.1, 6548.8], [3020.4, 6525.9], [3005.6, 6506.0], [2990.9, 6492.4], [2985.6, 6478.8], [2990.8, 6452.7], [2989.7, 6426.6], [2988.6, 6371.2], [2979.1, 6344.1], [2974.9, 6325.3], [2970.7, 6291.8], [2970.7, 6283.5], [2957.0, 6266.8], [2945.4, 6253.2], [2944.3, 6230.2], [2945.3, 6199.9], [2941.1, 6178.0], [2932.7, 6164.4], [2902.9, 6131.5]]}}, {"type": "Feature", "id": "gis_road_231_0", "properties": {"gisId": 366, "name": "Kingdom Path (Essos)", "rawName": null, "category": "kingdom_path", "size": 3, "continent": "Essos", "lengthMiles": 327, "vertexCount": 18}, "geometry": {"type": "LineString", "coordinates": [[6131.5, 5397.1], [6110.1, 5401.0], [6091.3, 5398.9], [6064.1, 5393.7], [6029.6, 5387.4], [6017.1, 5385.3], [5995.2, 5388.5], [5968.0, 5395.9], [5941.9, 5395.9], [5924.1, 5398.0], [5902.2, 5408.6], [5887.6, 5413.8], [5878.2, 5417.0], [5858.3, 5417.0], [5835.3, 5406.5], [5815.5, 5399.2], [5798.8, 5398.1], [5767.7, 5398.3]], "leafletCoordinates": [[2902.9, 6131.5], [2899.0, 6110.1], [2901.1, 6091.3], [2906.3, 6064.1], [2912.6, 6029.6], [2914.7, 6017.1], [2911.5, 5995.2], [2904.1, 5968.0], [2904.1, 5941.9], [2902.0, 5924.1], [2891.4, 5902.2], [2886.2, 5887.6], [2883.0, 5878.2], [2883.0, 5858.3], [2893.5, 5835.3], [2900.8, 5815.5], [2901.9, 5798.8], [2901.7, 5767.7]]}}, {"type": "Feature", "id": "gis_road_232_0", "properties": {"gisId": 367, "name": "Kingdom Path (Essos)", "rawName": null, "category": "kingdom_path", "size": 3, "continent": "Essos", "lengthMiles": 280, "vertexCount": 21}, "geometry": {"type": "LineString", "coordinates": [[6131.5, 5397.1], [6115.3, 5413.6], [6100.6, 5425.2], [6091.2, 5430.4], [6083.9, 5447.2], [6078.7, 5463.0], [6069.3, 5475.5], [6051.5, 5487.1], [6040.0, 5496.5], [6033.8, 5510.1], [6028.5, 5518.5], [6008.7, 5523.7], [5994.1, 5529.0], [5980.5, 5536.3], [5975.2, 5544.6], [5972.1, 5559.3], [5971.1, 5573.9], [5967.9, 5585.3], [5957.5, 5594.7], [5939.7, 5601.0], [5920.0, 5603.7]], "leafletCoordinates": [[2902.9, 6131.5], [2886.4, 6115.3], [2874.8, 6100.6], [2869.6, 6091.2], [2852.8, 6083.9], [2837.0, 6078.7], [2824.5, 6069.3], [2812.9, 6051.5], [2803.5, 6040.0], [2789.9, 6033.8], [2781.5, 6028.5], [2776.3, 6008.7], [2771.0, 5994.1], [2763.7, 5980.5], [2755.4, 5975.2], [2740.7, 5972.1], [2726.1, 5971.1], [2714.7, 5967.9], [2705.3, 5957.5], [2699.0, 5939.7], [2696.3, 5920.0]]}}, {"type": "Feature", "id": "gis_road_233_0", "properties": {"gisId": 368, "name": "Kingdom Path (Essos)", "rawName": null, "category": "kingdom_path", "size": 3, "continent": "Essos", "lengthMiles": 524, "vertexCount": 33}, "geometry": {"type": "LineString", "coordinates": [[6131.5, 5397.1], [6149.7, 5414.7], [6164.4, 5428.3], [6182.1, 5451.4], [6194.6, 5472.3], [6207.2, 5479.6], [6220.8, 5483.8], [6234.3, 5485.9], [6249.0, 5494.2], [6264.6, 5504.7], [6280.3, 5513.0], [6297.0, 5522.4], [6301.2, 5532.9], [6302.2, 5552.7], [6301.2, 5563.2], [6304.3, 5586.1], [6310.5, 5597.5], [6325.2, 5614.2], [6337.7, 5622.5], [6363.8, 5638.1], [6379.5, 5657.8], [6386.8, 5676.4], [6393.0, 5692.0], [6403.5, 5699.2], [6415.0, 5704.4], [6420.2, 5714.7], [6424.3, 5740.6], [6424.3, 5758.1], [6432.7, 5773.6], [6441.0, 5790.0], [6443.1, 5808.6], [6444.2, 5831.2], [6446.6, 5851.5]], "leafletCoordinates": [[2902.9, 6131.5], [2885.3, 6149.7], [2871.7, 6164.4], [2848.6, 6182.1], [2827.7, 6194.6], [2820.4, 6207.2], [2816.2, 6220.8], [2814.1, 6234.3], [2805.8, 6249.0], [2795.3, 6264.6], [2787.0, 6280.3], [2777.6, 6297.0], [2767.1, 6301.2], [2747.3, 6302.2], [2736.8, 6301.2], [2713.9, 6304.3], [2702.5, 6310.5], [2685.8, 6325.2], [2677.5, 6337.7], [2661.9, 6363.8], [2642.2, 6379.5], [2623.6, 6386.8], [2608.0, 6393.0], [2600.8, 6403.5], [2595.6, 6415.0], [2585.3, 6420.2], [2559.4, 6424.3], [2541.9, 6424.3], [2526.4, 6432.7], [2510.0, 6441.0], [2491.4, 6443.1], [2468.8, 6444.2], [2448.5, 6446.6]]}}, {"type": "Feature", "id": "gis_road_234_0", "properties": {"gisId": 369, "name": "Kingdom Path (Essos)", "rawName": null, "category": "kingdom_path", "size": 3, "continent": "Essos", "lengthMiles": 249, "vertexCount": 14}, "geometry": {"type": "LineString", "coordinates": [[6446.6, 5851.5], [6464.0, 5866.0], [6480.7, 5882.4], [6503.7, 5894.6], [6517.2, 5906.9], [6521.4, 5917.1], [6522.5, 5938.5], [6524.5, 5950.7], [6536.0, 5957.8], [6560.1, 5967.0], [6583.0, 5973.0], [6606.0, 5996.4], [6624.8, 6018.7], [6637.8, 6039.9]], "leafletCoordinates": [[2448.5, 6446.6], [2434.0, 6464.0], [2417.6, 6480.7], [2405.4, 6503.7], [2393.1, 6517.2], [2382.9, 6521.4], [2361.5, 6522.5], [2349.3, 6524.5], [2342.2, 6536.0], [2333.0, 6560.1], [2327.0, 6583.0], [2303.6, 6606.0], [2281.3, 6624.8], [2260.1, 6637.8]]}}, {"type": "Feature", "id": "gis_road_235_0", "properties": {"gisId": 370, "name": "Kingdom Path (Essos)", "rawName": null, "category": "kingdom_path", "size": 3, "continent": "Essos", "lengthMiles": 182, "vertexCount": 12}, "geometry": {"type": "LineString", "coordinates": [[6446.6, 5851.5], [6431.6, 5872.2], [6415.9, 5891.6], [6406.5, 5906.0], [6403.4, 5917.2], [6407.6, 5933.5], [6406.5, 5944.7], [6389.8, 5955.9], [6375.2, 5966.1], [6355.3, 5977.3], [6344.9, 5987.5], [6328.1, 6006.2]], "leafletCoordinates": [[2448.5, 6446.6], [2427.8, 6431.6], [2408.4, 6415.9], [2394.0, 6406.5], [2382.8, 6403.4], [2366.5, 6407.6], [2355.3, 6406.5], [2344.1, 6389.8], [2333.9, 6375.2], [2322.7, 6355.3], [2312.5, 6344.9], [2293.8, 6328.1]]}}, {"type": "Feature", "id": "gis_road_236_0", "properties": {"gisId": 371, "name": "Kingdom Path (Essos)", "rawName": null, "category": "kingdom_path", "size": 3, "continent": "Essos", "lengthMiles": 111, "vertexCount": 9}, "geometry": {"type": "LineString", "coordinates": [[6113.0, 6167.2], [6126.5, 6156.0], [6132.7, 6138.0], [6139.0, 6129.0], [6163.0, 6117.9], [6166.2, 6105.8], [6164.1, 6093.8], [6159.9, 6084.7], [6151.6, 6068.9]], "leafletCoordinates": [[2132.8, 6113.0], [2144.0, 6126.5], [2162.0, 6132.7], [2171.0, 6139.0], [2182.1, 6163.0], [2194.2, 6166.2], [2206.2, 6164.1], [2215.3, 6159.9], [2231.1, 6151.6]]}}, {"type": "Feature", "id": "gis_road_237_0", "properties": {"gisId": 372, "name": "Kingdom Path (Essos)", "rawName": null, "category": "kingdom_path", "size": 3, "continent": "Essos", "lengthMiles": 190, "vertexCount": 16}, "geometry": {"type": "LineString", "coordinates": [[6151.6, 6068.9], [6148.4, 6051.4], [6148.5, 6038.3], [6150.5, 6027.2], [6154.7, 6015.0], [6155.8, 6004.9], [6146.4, 5992.7], [6141.2, 5980.5], [6138.0, 5966.3], [6139.1, 5956.1], [6147.4, 5946.0], [6149.5, 5941.9], [6145.4, 5924.6], [6139.1, 5908.2], [6138.1, 5889.8], [6135.5, 5862.7]], "leafletCoordinates": [[2231.1, 6151.6], [2248.6, 6148.4], [2261.7, 6148.5], [2272.8, 6150.5], [2285.0, 6154.7], [2295.1, 6155.8], [2307.3, 6146.4], [2319.5, 6141.2], [2333.7, 6138.0], [2343.9, 6139.1], [2354.0, 6147.4], [2358.1, 6149.5], [2375.4, 6145.4], [2391.8, 6139.1], [2410.2, 6138.1], [2437.3, 6135.5]]}}, {"type": "Feature", "id": "gis_road_238_0", "properties": {"gisId": 373, "name": "Kingdom Path (Essos)", "rawName": null, "category": "kingdom_path", "size": 3, "continent": "Essos", "lengthMiles": 168, "vertexCount": 10}, "geometry": {"type": "LineString", "coordinates": [[6151.6, 6068.9], [6173.5, 6060.5], [6199.6, 6051.4], [6218.4, 6040.3], [6224.7, 6037.2], [6256.0, 6038.2], [6278.0, 6036.2], [6298.9, 6028.1], [6311.4, 6019.9], [6328.1, 6006.2]], "leafletCoordinates": [[2231.1, 6151.6], [2239.5, 6173.5], [2248.6, 6199.6], [2259.7, 6218.4], [2262.8, 6224.7], [2261.8, 6256.0], [2263.8, 6278.0], [2271.9, 6298.9], [2280.1, 6311.4], [2293.8, 6328.1]]}}, {"type": "Feature", "id": "gis_road_239_0", "properties": {"gisId": 374, "name": "Kingdom Path (Essos)", "rawName": null, "category": "kingdom_path", "size": 3, "continent": "Essos", "lengthMiles": 204, "vertexCount": 12}, "geometry": {"type": "LineString", "coordinates": [[6328.1, 6006.2], [6350.1, 6030.0], [6368.9, 6046.2], [6376.2, 6048.2], [6398.1, 6052.2], [6423.2, 6056.2], [6445.1, 6062.3], [6465.0, 6068.3], [6476.4, 6070.3], [6492.1, 6080.4], [6500.5, 6095.5], [6501.6, 6125.2]], "leafletCoordinates": [[2293.8, 6328.1], [2270.0, 6350.1], [2253.8, 6368.9], [2251.8, 6376.2], [2247.8, 6398.1], [2243.8, 6423.2], [2237.7, 6445.1], [2231.7, 6465.0], [2229.7, 6476.4], [2219.6, 6492.1], [2204.5, 6500.5], [2174.8, 6501.6]]}}, {"type": "Feature", "id": "gis_road_240_0", "properties": {"gisId": 375, "name": "Kingdom Path (Essos)", "rawName": null, "category": "kingdom_path", "size": 3, "continent": "Essos", "lengthMiles": 398, "vertexCount": 36}, "geometry": {"type": "LineString", "coordinates": [[6501.6, 6125.2], [6531.8, 6141.7], [6553.7, 6154.7], [6569.4, 6169.6], [6575.6, 6193.6], [6581.9, 6213.5], [6590.2, 6224.5], [6594.0, 6227.5], [6601.2, 6229.0], [6610.8, 6223.8], [6622.7, 6215.6], [6633.1, 6207.7], [6642.7, 6202.5], [6654.5, 6198.6], [6665.9, 6196.9], [6671.9, 6194.7], [6677.3, 6189.9], [6684.2, 6183.8], [6687.8, 6180.3], [6689.7, 6179.3], [6707.3, 6178.5], [6714.0, 6179.2], [6720.8, 6177.3], [6734.4, 6167.5], [6738.1, 6163.9], [6746.1, 6160.0], [6751.1, 6159.5], [6764.7, 6157.5], [6779.3, 6153.5], [6785.2, 6152.0], [6789.9, 6152.2], [6800.2, 6155.4], [6812.8, 6168.4], [6825.3, 6177.4], [6839.9, 6183.4], [6870.3, 6191.1]], "leafletCoordinates": [[2174.8, 6501.6], [2158.3, 6531.8], [2145.3, 6553.7], [2130.4, 6569.4], [2106.4, 6575.6], [2086.5, 6581.9], [2075.5, 6590.2], [2072.5, 6594.0], [2071.0, 6601.2], [2076.2, 6610.8], [2084.4, 6622.7], [2092.3, 6633.1], [2097.5, 6642.7], [2101.4, 6654.5], [2103.1, 6665.9], [2105.3, 6671.9], [2110.1, 6677.3], [2116.2, 6684.2], [2119.7, 6687.8], [2120.7, 6689.7], [2121.5, 6707.3], [2120.8, 6714.0], [2122.7, 6720.8], [2132.5, 6734.4], [2136.1, 6738.1], [2140.0, 6746.1], [2140.5, 6751.1], [2142.5, 6764.7], [2146.5, 6779.3], [2148.0, 6785.2], [2147.8, 6789.9], [2144.6, 6800.2], [2131.6, 6812.8], [2122.6, 6825.3], [2116.6, 6839.9], [2108.9, 6870.3]]}}, {"type": "Feature", "id": "gis_road_241_0", "properties": {"gisId": 376, "name": "Kingdom Path (Essos)", "rawName": null, "category": "kingdom_path", "size": 4, "continent": "Essos", "lengthMiles": 108, "vertexCount": 8}, "geometry": {"type": "LineString", "coordinates": [[6983.4, 3453.9], [6977.2, 3434.4], [6975.2, 3417.5], [6975.2, 3397.7], [6970.3, 3380.9], [6963.5, 3363.1], [6958.6, 3349.1], [6945.6, 3341.3]], "leafletCoordinates": [[4846.1, 6983.4], [4865.6, 6977.2], [4882.5, 6975.2], [4902.3, 6975.2], [4919.1, 6970.3], [4936.9, 6963.5], [4950.9, 6958.6], [4958.7, 6945.6]]}}, {"type": "Feature", "id": "gis_road_242_0", "properties": {"gisId": 377, "name": "Kingdom Path (Essos)", "rawName": null, "category": "kingdom_path", "size": 4, "continent": "Essos", "lengthMiles": 446, "vertexCount": 26}, "geometry": {"type": "LineString", "coordinates": [[6597.3, 2823.4], [6590.9, 2849.8], [6580.2, 2870.1], [6580.2, 2882.5], [6584.1, 2900.3], [6598.7, 2912.8], [6609.5, 2922.6], [6617.3, 2946.7], [6626.1, 2968.2], [6639.8, 2985.2], [6651.5, 2993.3], [6675.0, 3000.5], [6688.7, 3013.1], [6695.6, 3022.1], [6696.5, 3033.0], [6682.8, 3056.5], [6675.0, 3073.8], [6666.2, 3094.7], [6650.5, 3107.4], [6632.9, 3119.3], [6615.3, 3125.7], [6595.7, 3119.4], [6575.2, 3113.9], [6546.8, 3114.8], [6524.3, 3118.5], [6501.6, 3124.0]], "leafletCoordinates": [[5476.6, 6597.3], [5450.2, 6590.9], [5429.9, 6580.2], [5417.5, 6580.2], [5399.7, 6584.1], [5387.2, 6598.7], [5377.4, 6609.5], [5353.3, 6617.3], [5331.8, 6626.1], [5314.8, 6639.8], [5306.7, 6651.5], [5299.5, 6675.0], [5286.9, 6688.7], [5277.9, 6695.6], [5267.0, 6696.5], [5243.5, 6682.8], [5226.2, 6675.0], [5205.3, 6666.2], [5192.6, 6650.5], [5180.7, 6632.9], [5174.3, 6615.3], [5180.6, 6595.7], [5186.1, 6575.2], [5185.2, 6546.8], [5181.5, 6524.3], [5176.0, 6501.6]]}}, {"type": "Feature", "id": "gis_road_243_0", "properties": {"gisId": 378, "name": "Kingdom Path (Essos)", "rawName": null, "category": "kingdom_path", "size": 4, "continent": "Essos", "lengthMiles": 116, "vertexCount": 8}, "geometry": {"type": "LineString", "coordinates": [[6501.6, 3124.0], [6476.3, 3125.8], [6450.9, 3130.4], [6436.2, 3140.5], [6416.7, 3148.8], [6401.0, 3162.5], [6394.1, 3171.7], [6394.4, 3181.6]], "leafletCoordinates": [[5176.0, 6501.6], [5174.2, 6476.3], [5169.6, 6450.9], [5159.5, 6436.2], [5151.2, 6416.7], [5137.5, 6401.0], [5128.3, 6394.1], [5118.4, 6394.4]]}}, {"type": "Feature", "id": "gis_road_244_0", "properties": {"gisId": 379, "name": "Kingdom Path (Essos)", "rawName": null, "category": "kingdom_path", "size": 4, "continent": "Essos", "lengthMiles": 746, "vertexCount": 41}, "geometry": {"type": "LineString", "coordinates": [[2929.9, 3714.2], [2944.6, 3716.2], [2944.5, 3724.8], [2944.5, 3741.7], [2947.0, 3754.9], [2959.2, 3775.4], [2975.1, 3791.1], [3000.8, 3806.9], [3021.6, 3825.0], [3030.2, 3832.3], [3048.6, 3856.5], [3063.2, 3873.5], [3079.2, 3888.1], [3096.3, 3903.9], [3101.2, 3919.7], [3107.3, 3941.7], [3112.2, 3956.3], [3126.9, 3974.6], [3142.8, 3991.7], [3157.5, 4002.7], [3174.6, 4015.0], [3186.8, 4029.6], [3194.2, 4052.9], [3202.7, 4077.5], [3215.0, 4086.1], [3239.5, 4099.6], [3262.7, 4106.9], [3288.4, 4115.5], [3315.4, 4124.1], [3341.1, 4141.3], [3347.2, 4157.3], [3355.8, 4174.6], [3369.2, 4189.3], [3387.6, 4202.9], [3405.9, 4211.5], [3421.8, 4222.6], [3435.3, 4233.7], [3441.4, 4247.3], [3446.3, 4259.7], [3462.2, 4269.6], [3496.4, 4288.1]], "leafletCoordinates": [[4585.8, 2929.9], [4583.8, 2944.6], [4575.2, 2944.5], [4558.3, 2944.5], [4545.1, 2947.0], [4524.6, 2959.2], [4508.9, 2975.1], [4493.1, 3000.8], [4475.0, 3021.6], [4467.7, 3030.2], [4443.5, 3048.6], [4426.5, 3063.2], [4411.9, 3079.2], [4396.1, 3096.3], [4380.3, 3101.2], [4358.3, 3107.3], [4343.7, 3112.2], [4325.4, 3126.9], [4308.3, 3142.8], [4297.3, 3157.5], [4285.0, 3174.6], [4270.4, 3186.8], [4247.1, 3194.2], [4222.5, 3202.7], [4213.9, 3215.0], [4200.4, 3239.5], [4193.1, 3262.7], [4184.5, 3288.4], [4175.9, 3315.4], [4158.7, 3341.1], [4142.7, 3347.2], [4125.4, 3355.8], [4110.7, 3369.2], [4097.1, 3387.6], [4088.5, 3405.9], [4077.4, 3421.8], [4066.3, 3435.3], [4052.7, 3441.4], [4040.3, 3446.3], [4030.4, 3462.2], [4011.9, 3496.4]]}}, {"type": "Feature", "id": "gis_road_245_0", "properties": {"gisId": 380, "name": "Kingdom Path (Essos)", "rawName": null, "category": "kingdom_path", "size": 4, "continent": "Essos", "lengthMiles": 257, "vertexCount": 17}, "geometry": {"type": "LineString", "coordinates": [[3745.3, 4480.1], [3736.4, 4505.1], [3736.4, 4521.3], [3741.3, 4552.4], [3752.3, 4581.0], [3758.4, 4597.2], [3762.1, 4620.9], [3760.8, 4628.3], [3747.4, 4647.0], [3736.3, 4664.5], [3735.1, 4670.7], [3743.7, 4686.9], [3747.3, 4698.1], [3747.3, 4713.1], [3743.7, 4724.3], [3743.7, 4734.3], [3756.8, 4754.1]], "leafletCoordinates": [[3819.9, 3745.3], [3794.9, 3736.4], [3778.7, 3736.4], [3747.6, 3741.3], [3719.0, 3752.3], [3702.8, 3758.4], [3679.1, 3762.1], [3671.7, 3760.8], [3653.0, 3747.4], [3635.5, 3736.3], [3629.3, 3735.1], [3613.1, 3743.7], [3601.9, 3747.3], [3586.9, 3747.3], [3575.7, 3743.7], [3565.7, 3743.7], [3545.9, 3756.8]]}}, {"type": "Feature", "id": "gis_road_246_0", "properties": {"gisId": 381, "name": "Kingdom Path (Essos)", "rawName": null, "category": "kingdom_path", "size": 4, "continent": "Essos", "lengthMiles": 208, "vertexCount": 11}, "geometry": {"type": "LineString", "coordinates": [[3743.7, 4734.3], [3711.8, 4733.1], [3695.9, 4738.1], [3676.3, 4741.8], [3639.6, 4740.6], [3620.0, 4741.9], [3596.7, 4730.7], [3578.4, 4717.0], [3556.3, 4713.3], [3542.9, 4709.5], [3523.5, 4689.6]], "leafletCoordinates": [[3565.7, 3743.7], [3566.9, 3711.8], [3561.9, 3695.9], [3558.2, 3676.3], [3559.4, 3639.6], [3558.1, 3620.0], [3569.3, 3596.7], [3583.0, 3578.4], [3586.7, 3556.3], [3590.5, 3542.9], [3610.4, 3523.5]]}}, {"type": "Feature", "id": "gis_road_247_0", "properties": {"gisId": 382, "name": "Kingdom Path (Essos)", "rawName": null, "category": "kingdom_path", "size": 4, "continent": "Essos", "lengthMiles": 325, "vertexCount": 17}, "geometry": {"type": "LineString", "coordinates": [[3215.9, 4525.4], [3243.0, 4555.3], [3262.5, 4577.7], [3276.0, 4583.9], [3302.9, 4596.3], [3325.0, 4612.5], [3338.4, 4626.2], [3347.0, 4632.4], [3371.5, 4643.6], [3396.0, 4644.8], [3409.4, 4647.3], [3427.8, 4661.0], [3448.6, 4680.9], [3469.4, 4694.6], [3485.3, 4702.1], [3498.8, 4697.1], [3523.5, 4689.6]], "leafletCoordinates": [[3774.6, 3215.9], [3744.7, 3243.0], [3722.3, 3262.5], [3716.1, 3276.0], [3703.7, 3302.9], [3687.5, 3325.0], [3673.8, 3338.4], [3667.6, 3347.0], [3656.4, 3371.5], [3655.2, 3396.0], [3652.7, 3409.4], [3639.0, 3427.8], [3619.1, 3448.6], [3605.4, 3469.4], [3597.9, 3485.3], [3602.9, 3498.8], [3610.4, 3523.5]]}}, {"type": "Feature", "id": "gis_road_248_0", "properties": {"gisId": 383, "name": "Kingdom Path (Essos)", "rawName": null, "category": "kingdom_path", "size": 4, "continent": "Essos", "lengthMiles": 371, "vertexCount": 16}, "geometry": {"type": "LineString", "coordinates": [[2926.7, 4610.5], [2960.1, 4632.7], [2973.5, 4653.9], [2993.1, 4688.8], [3009.0, 4729.9], [3021.2, 4773.6], [3029.8, 4809.7], [3032.3, 4817.2], [3048.2, 4828.4], [3073.9, 4843.3], [3091.0, 4862.0], [3105.7, 4881.9], [3111.8, 4900.6], [3117.9, 4919.3], [3136.3, 4935.5], [3151.0, 4951.7]], "leafletCoordinates": [[3689.5, 2926.7], [3667.3, 2960.1], [3646.1, 2973.5], [3611.2, 2993.1], [3570.1, 3009.0], [3526.4, 3021.2], [3490.3, 3029.8], [3482.8, 3032.3], [3471.6, 3048.2], [3456.7, 3073.9], [3438.0, 3091.0], [3418.1, 3105.7], [3399.4, 3111.8], [3380.7, 3117.9], [3364.5, 3136.3], [3348.3, 3151.0]]}}, {"type": "Feature", "id": "gis_road_249_0", "properties": {"gisId": 384, "name": "Kingdom Path (Essos)", "rawName": null, "category": "kingdom_path", "size": 4, "continent": "Essos", "lengthMiles": 165, "vertexCount": 12}, "geometry": {"type": "LineString", "coordinates": [[3151.0, 4951.7], [3152.2, 4981.6], [3149.7, 4995.3], [3143.6, 5017.7], [3137.5, 5031.4], [3135.0, 5040.1], [3137.5, 5052.5], [3144.8, 5072.4], [3144.8, 5079.9], [3141.1, 5088.6], [3132.5, 5104.7], [3121.9, 5130.7]], "leafletCoordinates": [[3348.3, 3151.0], [3318.4, 3152.2], [3304.7, 3149.7], [3282.3, 3143.6], [3268.6, 3137.5], [3259.9, 3135.0], [3247.5, 3137.5], [3227.6, 3144.8], [3220.1, 3144.8], [3211.4, 3141.1], [3195.3, 3132.5], [3169.3, 3121.9]]}}, {"type": "Feature", "id": "gis_road_250_0", "properties": {"gisId": 385, "name": "Kingdom Path (Essos)", "rawName": null, "category": "kingdom_path", "size": 4, "continent": "Essos", "lengthMiles": 382, "vertexCount": 27}, "geometry": {"type": "LineString", "coordinates": [[3121.9, 5130.7], [3112.9, 5155.7], [3109.2, 5173.1], [3104.3, 5186.7], [3101.9, 5197.9], [3105.6, 5212.7], [3110.4, 5230.1], [3110.4, 5240.0], [3108.0, 5256.1], [3103.1, 5266.0], [3103.1, 5272.2], [3109.2, 5287.0], [3119.0, 5304.3], [3127.6, 5322.8], [3131.2, 5346.3], [3134.9, 5362.3], [3136.1, 5367.3], [3131.2, 5374.7], [3123.9, 5385.8], [3117.7, 5396.9], [3114.0, 5419.0], [3111.6, 5438.7], [3109.1, 5449.8], [3084.6, 5478.1], [3071.2, 5502.6], [3062.6, 5518.6], [3057.7, 5534.5]], "leafletCoordinates": [[3169.3, 3121.9], [3144.3, 3112.9], [3126.9, 3109.2], [3113.3, 3104.3], [3102.1, 3101.9], [3087.3, 3105.6], [3069.9, 3110.4], [3060.0, 3110.4], [3043.9, 3108.0], [3034.0, 3103.1], [3027.8, 3103.1], [3013.0, 3109.2], [2995.7, 3119.0], [2977.2, 3127.6], [2953.7, 3131.2], [2937.7, 3134.9], [2932.7, 3136.1], [2925.3, 3131.2], [2914.2, 3123.9], [2903.1, 3117.7], [2881.0, 3114.0], [2861.3, 3111.6], [2850.2, 3109.1], [2821.9, 3084.6], [2797.4, 3071.2], [2781.4, 3062.6], [2765.5, 3057.7]]}}, {"type": "Feature", "id": "gis_road_251_0", "properties": {"gisId": 386, "name": "Kingdom Path (Essos)", "rawName": null, "category": "kingdom_path", "size": 4, "continent": "Essos", "lengthMiles": 361, "vertexCount": 22}, "geometry": {"type": "LineString", "coordinates": [[3347.0, 4632.4], [3347.0, 4652.4], [3347.0, 4681.0], [3348.2, 4698.5], [3348.2, 4706.0], [3340.8, 4722.2], [3331.0, 4739.6], [3326.1, 4757.1], [3322.5, 4763.3], [3306.5, 4782.0], [3295.5, 4794.5], [3288.2, 4815.7], [3288.1, 4830.7], [3277.1, 4848.1], [3263.6, 4861.9], [3256.3, 4869.4], [3226.9, 4875.6], [3218.3, 4880.6], [3209.8, 4906.8], [3201.2, 4929.2], [3182.8, 4938.0], [3151.0, 4951.7]], "leafletCoordinates": [[3667.6, 3347.0], [3647.6, 3347.0], [3619.0, 3347.0], [3601.5, 3348.2], [3594.0, 3348.2], [3577.8, 3340.8], [3560.4, 3331.0], [3542.9, 3326.1], [3536.7, 3322.5], [3518.0, 3306.5], [3505.5, 3295.5], [3484.3, 3288.2], [3469.3, 3288.1], [3451.9, 3277.1], [3438.1, 3263.6], [3430.6, 3256.3], [3424.4, 3226.9], [3419.4, 3218.3], [3393.2, 3209.8], [3370.8, 3201.2], [3362.0, 3182.8], [3348.3, 3151.0]]}}, {"type": "Feature", "id": "gis_road_252_0", "properties": {"gisId": 387, "name": "Kingdom Path (Essos)", "rawName": null, "category": "kingdom_path", "size": 4, "continent": "Essos", "lengthMiles": 104, "vertexCount": 6}, "geometry": {"type": "LineString", "coordinates": [[3668.3, 5472.5], [3696.8, 5483.7], [3715.2, 5491.0], [3732.3, 5513.1], [3736.0, 5527.8], [3741.2, 5552.6]], "leafletCoordinates": [[2827.5, 3668.3], [2816.3, 3696.8], [2809.0, 3715.2], [2786.9, 3732.3], [2772.2, 3736.0], [2747.4, 3741.2]]}}, {"type": "Feature", "id": "gis_road_253_0", "properties": {"gisId": 388, "name": "Kingdom Path (Essos)", "rawName": null, "category": "kingdom_path", "size": 4, "continent": "Essos", "lengthMiles": 210, "vertexCount": 14}, "geometry": {"type": "LineString", "coordinates": [[4655.6, 3799.6], [4628.6, 3808.4], [4607.1, 3814.0], [4593.8, 3821.6], [4583.8, 3831.1], [4578.5, 3843.3], [4575.2, 3859.4], [4570.9, 3872.7], [4562.8, 3887.4], [4549.9, 3908.2], [4536.5, 3923.0], [4525.1, 3933.9], [4513.6, 3940.1], [4487.5, 3944.9]], "leafletCoordinates": [[4500.4, 4655.6], [4491.6, 4628.6], [4486.0, 4607.1], [4478.4, 4593.8], [4468.9, 4583.8], [4456.7, 4578.5], [4440.6, 4575.2], [4427.3, 4570.9], [4412.6, 4562.8], [4391.8, 4549.9], [4377.0, 4536.5], [4366.1, 4525.1], [4359.9, 4513.6], [4355.1, 4487.5]]}}, {"type": "Feature", "id": "gis_road_254_0", "properties": {"gisId": 389, "name": "Kingdom Path (Essos)", "rawName": null, "category": "kingdom_path", "size": 4, "continent": "Essos", "lengthMiles": 151, "vertexCount": 11}, "geometry": {"type": "LineString", "coordinates": [[4655.6, 3799.6], [4672.5, 3815.9], [4684.9, 3831.9], [4690.6, 3845.6], [4701.1, 3855.1], [4713.9, 3865.0], [4718.7, 3879.2], [4726.8, 3897.7], [4733.5, 3912.8], [4745.4, 3926.1], [4753.8, 3937.4]], "leafletCoordinates": [[4500.4, 4655.6], [4484.1, 4672.5], [4468.1, 4684.9], [4454.4, 4690.6], [4444.9, 4701.1], [4435.0, 4713.9], [4420.8, 4718.7], [4402.3, 4726.8], [4387.2, 4733.5], [4373.9, 4745.4], [4362.6, 4753.8]]}}, {"type": "Feature", "id": "gis_road_255_0", "properties": {"gisId": 390, "name": "Kingdom Path (Essos)", "rawName": null, "category": "kingdom_path", "size": 4, "continent": "Essos", "lengthMiles": 255, "vertexCount": 13}, "geometry": {"type": "LineString", "coordinates": [[4753.8, 3937.4], [4738.7, 3949.4], [4714.8, 3960.3], [4691.9, 3972.3], [4673.3, 3986.1], [4666.2, 3990.4], [4639.5, 3990.9], [4611.8, 3992.3], [4586.1, 4000.0], [4561.3, 4008.1], [4537.9, 4017.2], [4511.7, 4021.0], [4482.6, 4024.2]], "leafletCoordinates": [[4362.6, 4753.8], [4350.6, 4738.7], [4339.7, 4714.8], [4327.7, 4691.9], [4313.9, 4673.3], [4309.6, 4666.2], [4309.1, 4639.5], [4307.7, 4611.8], [4300.0, 4586.1], [4291.9, 4561.3], [4282.8, 4537.9], [4279.0, 4511.7], [4275.8, 4482.6]]}}, {"type": "Feature", "id": "gis_road_256_0", "properties": {"gisId": 391, "name": "Kingdom Path (Essos)", "rawName": null, "category": "kingdom_path", "size": 4, "continent": "Essos", "lengthMiles": 217, "vertexCount": 14}, "geometry": {"type": "LineString", "coordinates": [[5419.7, 4448.9], [5401.0, 4466.0], [5390.0, 4472.2], [5374.1, 4474.7], [5360.6, 4482.2], [5345.3, 4492.4], [5333.2, 4512.3], [5323.0, 4536.9], [5315.5, 4556.8], [5300.6, 4563.4], [5282.9, 4569.1], [5265.2, 4576.7], [5253.1, 4586.2], [5238.1, 4598.5]], "leafletCoordinates": [[3851.1, 5419.7], [3834.0, 5401.0], [3827.8, 5390.0], [3825.3, 5374.1], [3817.8, 5360.6], [3807.6, 5345.3], [3787.7, 5333.2], [3763.1, 5323.0], [3743.2, 5315.5], [3736.6, 5300.6], [3730.9, 5282.9], [3723.3, 5265.2], [3713.8, 5253.1], [3701.5, 5238.1]]}}, {"type": "Feature", "id": "gis_road_257_0", "properties": {"gisId": 392, "name": "Kingdom Path (Essos)", "rawName": null, "category": "kingdom_path", "size": 4, "continent": "Essos", "lengthMiles": 364, "vertexCount": 17}, "geometry": {"type": "LineString", "coordinates": [[5238.1, 4598.5], [5242.0, 4621.5], [5239.5, 4638.9], [5248.1, 4651.4], [5268.8, 4678.7], [5285.9, 4708.6], [5300.6, 4737.2], [5303.0, 4758.4], [5306.7, 4774.6], [5323.8, 4803.2], [5347.0, 4835.5], [5349.5, 4869.2], [5350.7, 4891.6], [5361.7, 4907.7], [5373.9, 4917.7], [5380.0, 4942.6], [5383.7, 4973.9]], "leafletCoordinates": [[3701.5, 5238.1], [3678.5, 5242.0], [3661.1, 5239.5], [3648.6, 5248.1], [3621.3, 5268.8], [3591.4, 5285.9], [3562.8, 5300.6], [3541.6, 5303.0], [3525.4, 5306.7], [3496.8, 5323.8], [3464.5, 5347.0], [3430.8, 5349.5], [3408.4, 5350.7], [3392.3, 5361.7], [3382.3, 5373.9], [3357.4, 5380.0], [3326.1, 5383.7]]}}, {"type": "Feature", "id": "gis_road_258_0", "properties": {"gisId": 393, "name": "Kingdom Path (Essos)", "rawName": null, "category": "kingdom_path", "size": 4, "continent": "Essos", "lengthMiles": 788, "vertexCount": 26}, "geometry": {"type": "LineString", "coordinates": [[5383.7, 4973.9], [5403.2, 4982.3], [5422.8, 4987.3], [5448.5, 4978.6], [5466.8, 4974.8], [5494.9, 4978.5], [5519.4, 4987.2], [5545.1, 4982.2], [5567.1, 4974.7], [5587.9, 4962.3], [5613.6, 4949.8], [5638.0, 4944.8], [5660.0, 4938.6], [5700.4, 4941.0], [5722.4, 4943.5], [5768.8, 4963.4], [5799.4, 4975.8], [5869.1, 4993.1], [5935.1, 5008.0], [5995.0, 4993.0], [6059.9, 4975.6], [6128.3, 4976.7], [6202.9, 4974.2], [6221.3, 4971.7], [6239.6, 4966.7], [6253.2, 4962.7]], "leafletCoordinates": [[3326.1, 5383.7], [3317.7, 5403.2], [3312.7, 5422.8], [3321.4, 5448.5], [3325.2, 5466.8], [3321.5, 5494.9], [3312.8, 5519.4], [3317.8, 5545.1], [3325.3, 5567.1], [3337.7, 5587.9], [3350.2, 5613.6], [3355.2, 5638.0], [3361.4, 5660.0], [3359.0, 5700.4], [3356.5, 5722.4], [3336.6, 5768.8], [3324.2, 5799.4], [3306.9, 5869.1], [3292.0, 5935.1], [3307.0, 5995.0], [3324.4, 6059.9], [3323.3, 6128.3], [3325.8, 6202.9], [3328.3, 6221.3], [3333.3, 6239.6], [3337.3, 6253.2]]}}, {"type": "Feature", "id": "gis_road_259_0", "properties": {"gisId": 394, "name": "Kingdom Path (Essos)", "rawName": null, "category": "kingdom_path", "size": 4, "continent": "Essos", "lengthMiles": 129, "vertexCount": 9}, "geometry": {"type": "LineString", "coordinates": [[5935.1, 5008.0], [5943.7, 5034.1], [5953.4, 5055.2], [5964.4, 5068.8], [5969.3, 5078.8], [5965.7, 5099.9], [5962.0, 5113.5], [5969.3, 5123.4], [5981.6, 5139.4]], "leafletCoordinates": [[3292.0, 5935.1], [3265.9, 5943.7], [3244.8, 5953.4], [3231.2, 5964.4], [3221.2, 5969.3], [3200.1, 5965.7], [3186.5, 5962.0], [3176.6, 5969.3], [3160.6, 5981.6]]}}, {"type": "Feature", "id": "gis_road_260_0", "properties": {"gisId": 395, "name": "Kingdom Path (Essos)", "rawName": null, "category": "kingdom_path", "size": 4, "continent": "Essos", "lengthMiles": 245, "vertexCount": 11}, "geometry": {"type": "LineString", "coordinates": [[5488.7, 4675.7], [5485.3, 4715.9], [5486.5, 4729.6], [5481.6, 4747.0], [5469.3, 4762.0], [5453.4, 4776.9], [5447.3, 4805.6], [5443.6, 4833.0], [5425.3, 4854.2], [5404.5, 4885.3], [5373.9, 4917.7]], "leafletCoordinates": [[3624.3, 5488.7], [3584.1, 5485.3], [3570.4, 5486.5], [3553.0, 5481.6], [3538.0, 5469.3], [3523.1, 5453.4], [3494.4, 5447.3], [3467.0, 5443.6], [3445.8, 5425.3], [3414.7, 5404.5], [3382.3, 5373.9]]}}, {"type": "Feature", "id": "gis_road_261_0", "properties": {"gisId": 396, "name": "Kingdom Path (Essos)", "rawName": null, "category": "kingdom_path", "size": 4, "continent": "Essos", "lengthMiles": 490, "vertexCount": 27}, "geometry": {"type": "LineString", "coordinates": [[6298.5, 4436.9], [6308.3, 4470.2], [6318.1, 4501.2], [6318.1, 4511.1], [6315.6, 4531.0], [6309.5, 4549.7], [6309.5, 4562.1], [6318.0, 4578.3], [6325.4, 4598.2], [6327.8, 4613.1], [6329.0, 4635.5], [6330.2, 4651.7], [6336.3, 4666.6], [6341.2, 4684.0], [6340.0, 4694.0], [6330.2, 4717.7], [6320.4, 4733.9], [6303.3, 4760.0], [6280.0, 4794.9], [6262.9, 4823.6], [6256.8, 4838.5], [6258.0, 4857.2], [6256.8, 4879.6], [6250.6, 4897.0], [6247.0, 4910.7], [6251.9, 4936.8], [6253.2, 4962.7]], "leafletCoordinates": [[3863.1, 6298.5], [3829.8, 6308.3], [3798.8, 6318.1], [3788.9, 6318.1], [3769.0, 6315.6], [3750.3, 6309.5], [3737.9, 6309.5], [3721.7, 6318.0], [3701.8, 6325.4], [3686.9, 6327.8], [3664.5, 6329.0], [3648.3, 6330.2], [3633.4, 6336.3], [3616.0, 6341.2], [3606.0, 6340.0], [3582.3, 6330.2], [3566.1, 6320.4], [3540.0, 6303.3], [3505.1, 6280.0], [3476.4, 6262.9], [3461.5, 6256.8], [3442.8, 6258.0], [3420.4, 6256.8], [3403.0, 6250.6], [3389.3, 6247.0], [3363.2, 6251.9], [3337.3, 6253.2]]}}, {"type": "Feature", "id": "gis_road_262_0", "properties": {"gisId": 397, "name": "Kingdom Path (Essos)", "rawName": null, "category": "kingdom_path", "size": 4, "continent": "Essos", "lengthMiles": 157, "vertexCount": 8}, "geometry": {"type": "LineString", "coordinates": [[6253.2, 4962.7], [6249.4, 4986.6], [6232.3, 5001.5], [6216.4, 5010.2], [6205.3, 5025.2], [6189.4, 5052.5], [6166.2, 5079.8], [6151.2, 5103.4]], "leafletCoordinates": [[3337.3, 6253.2], [3313.4, 6249.4], [3298.5, 6232.3], [3289.8, 6216.4], [3274.8, 6205.3], [3247.5, 6189.4], [3220.2, 6166.2], [3196.6, 6151.2]]}}, {"type": "Feature", "id": "gis_road_263_0", "properties": {"gisId": 398, "name": "Kingdom Path (Essos)", "rawName": null, "category": "kingdom_path", "size": 4, "continent": "Essos", "lengthMiles": 146, "vertexCount": 8}, "geometry": {"type": "LineString", "coordinates": [[6253.2, 4962.7], [6277.5, 4969.2], [6299.5, 4981.6], [6321.5, 5000.2], [6333.8, 5006.4], [6350.9, 5013.8], [6374.1, 5023.8], [6392.4, 5048.0]], "leafletCoordinates": [[3337.3, 6253.2], [3330.8, 6277.5], [3318.4, 6299.5], [3299.8, 6321.5], [3293.6, 6333.8], [3286.2, 6350.9], [3276.2, 6374.1], [3252.0, 6392.4]]}}, {"type": "Feature", "id": "gis_road_264_0", "properties": {"gisId": 399, "name": "Kingdom Path (Essos)", "rawName": null, "category": "kingdom_path", "size": 4, "continent": "Essos", "lengthMiles": 339, "vertexCount": 22}, "geometry": {"type": "LineString", "coordinates": [[6457.2, 3565.6], [6444.0, 3584.3], [6440.1, 3591.1], [6440.1, 3605.5], [6440.1, 3618.9], [6444.0, 3633.4], [6447.9, 3645.0], [6448.9, 3664.3], [6448.9, 3674.9], [6450.9, 3681.7], [6467.6, 3697.1], [6484.4, 3708.7], [6509.1, 3712.6], [6538.6, 3717.4], [6562.3, 3712.6], [6583.0, 3710.6], [6612.6, 3712.5], [6627.4, 3716.4], [6653.0, 3714.4], [6671.8, 3709.6], [6691.5, 3707.6], [6703.0, 3705.4]], "leafletCoordinates": [[4734.4, 6457.2], [4715.7, 6444.0], [4708.9, 6440.1], [4694.5, 6440.1], [4681.1, 6440.1], [4666.6, 6444.0], [4655.0, 6447.9], [4635.7, 6448.9], [4625.1, 6448.9], [4618.3, 6450.9], [4602.9, 6467.6], [4591.3, 6484.4], [4587.4, 6509.1], [4582.6, 6538.6], [4587.4, 6562.3], [4589.4, 6583.0], [4587.5, 6612.6], [4583.6, 6627.4], [4585.6, 6653.0], [4590.4, 6671.8], [4592.4, 6691.5], [4594.6, 6703.0]]}}, {"type": "Feature", "id": "gis_road_265_0", "properties": {"gisId": 400, "name": "Kingdom Path (Essos)", "rawName": null, "category": "kingdom_path", "size": 4, "continent": "Essos", "lengthMiles": 607, "vertexCount": 30}, "geometry": {"type": "LineString", "coordinates": [[6583.0, 3710.6], [6593.8, 3733.9], [6598.8, 3758.2], [6602.7, 3786.4], [6599.7, 3807.8], [6592.8, 3833.2], [6592.8, 3843.0], [6573.1, 3860.6], [6544.5, 3888.0], [6523.8, 3912.5], [6517.8, 3921.4], [6510.9, 3945.9], [6507.0, 3967.6], [6520.8, 4002.0], [6535.5, 4041.5], [6539.5, 4058.3], [6541.4, 4085.0], [6544.4, 4095.9], [6559.2, 4126.6], [6578.9, 4160.3], [6581.8, 4173.2], [6581.8, 4198.0], [6580.8, 4213.9], [6576.9, 4227.8], [6574.9, 4243.8], [6582.8, 4264.7], [6589.7, 4292.6], [6595.6, 4316.5], [6594.6, 4331.5], [6587.5, 4348.2]], "leafletCoordinates": [[4589.4, 6583.0], [4566.1, 6593.8], [4541.8, 6598.8], [4513.6, 6602.7], [4492.2, 6599.7], [4466.8, 6592.8], [4457.0, 6592.8], [4439.4, 6573.1], [4412.0, 6544.5], [4387.5, 6523.8], [4378.6, 6517.8], [4354.1, 6510.9], [4332.4, 6507.0], [4298.0, 6520.8], [4258.5, 6535.5], [4241.7, 6539.5], [4215.0, 6541.4], [4204.1, 6544.4], [4173.4, 6559.2], [4139.7, 6578.9], [4126.8, 6581.8], [4102.0, 6581.8], [4086.1, 6580.8], [4072.2, 6576.9], [4056.2, 6574.9], [4035.3, 6582.8], [4007.4, 6589.7], [3983.5, 6595.6], [3968.5, 6594.6], [3951.8, 6587.5]]}}, {"type": "Feature", "id": "gis_road_266_0", "properties": {"gisId": 401, "name": "Kingdom Path (Essos)", "rawName": null, "category": "kingdom_path", "size": 4, "continent": "Essos", "lengthMiles": 729, "vertexCount": 55}, "geometry": {"type": "LineString", "coordinates": [[7345.1, 4612.3], [7321.6, 4618.7], [7297.6, 4629.4], [7283.2, 4643.1], [7273.6, 4651.9], [7247.7, 4658.8], [7226.6, 4671.5], [7216.0, 4679.3], [7210.3, 4689.1], [7216.0, 4693.0], [7219.9, 4698.9], [7215.1, 4703.8], [7201.6, 4703.8], [7184.3, 4701.8], [7173.8, 4697.9], [7158.4, 4701.8], [7139.2, 4722.4], [7130.6, 4734.1], [7128.7, 4743.9], [7141.1, 4759.5], [7149.8, 4773.2], [7152.6, 4782.0], [7150.7, 4794.7], [7147.8, 4807.4], [7148.8, 4828.9], [7156.5, 4839.6], [7171.8, 4847.4], [7193.9, 4857.2], [7206.3, 4866.0], [7202.5, 4875.7], [7196.7, 4881.6], [7196.7, 4903.1], [7206.3, 4908.9], [7219.8, 4912.8], [7230.3, 4926.5], [7230.3, 4938.2], [7223.6, 4949.9], [7208.2, 4965.6], [7195.7, 4980.2], [7189.0, 4990.0], [7189.0, 5007.5], [7193.8, 5019.2], [7203.4, 5030.0], [7204.4, 5036.8], [7196.7, 5043.6], [7186.1, 5055.3], [7188.0, 5067.0], [7203.4, 5081.6], [7208.2, 5089.4], [7212.0, 5100.1], [7207.2, 5113.7], [7194.7, 5123.5], [7189.9, 5139.1], [7187.0, 5156.6], [7180.4, 5179.3]], "leafletCoordinates": [[3687.7, 7345.1], [3681.3, 7321.6], [3670.6, 7297.6], [3656.9, 7283.2], [3648.1, 7273.6], [3641.2, 7247.7], [3628.5, 7226.6], [3620.7, 7216.0], [3610.9, 7210.3], [3607.0, 7216.0], [3601.1, 7219.9], [3596.2, 7215.1], [3596.2, 7201.6], [3598.2, 7184.3], [3602.1, 7173.8], [3598.2, 7158.4], [3577.6, 7139.2], [3565.9, 7130.6], [3556.1, 7128.7], [3540.5, 7141.1], [3526.8, 7149.8], [3518.0, 7152.6], [3505.3, 7150.7], [3492.6, 7147.8], [3471.1, 7148.8], [3460.4, 7156.5], [3452.6, 7171.8], [3442.8, 7193.9], [3434.0, 7206.3], [3424.3, 7202.5], [3418.4, 7196.7], [3396.9, 7196.7], [3391.1, 7206.3], [3387.2, 7219.8], [3373.5, 7230.3], [3361.8, 7230.3], [3350.1, 7223.6], [3334.4, 7208.2], [3319.8, 7195.7], [3310.0, 7189.0], [3292.5, 7189.0], [3280.8, 7193.8], [3270.0, 7203.4], [3263.2, 7204.4], [3256.4, 7196.7], [3244.7, 7186.1], [3233.0, 7188.0], [3218.4, 7203.4], [3210.6, 7208.2], [3199.9, 7212.0], [3186.3, 7207.2], [3176.5, 7194.7], [3160.9, 7189.9], [3143.4, 7187.0], [3120.7, 7180.4]]}}, {"type": "Feature", "id": "gis_road_267_0", "properties": {"gisId": 402, "name": "Kingdom Path (Essos)", "rawName": null, "category": "kingdom_path", "size": 4, "continent": "Essos", "lengthMiles": 856, "vertexCount": 57}, "geometry": {"type": "LineString", "coordinates": [[7928.8, 5222.3], [7898.1, 5230.8], [7872.2, 5233.7], [7843.4, 5246.4], [7810.7, 5249.3], [7797.3, 5255.1], [7769.5, 5264.9], [7736.8, 5263.9], [7728.2, 5270.7], [7725.3, 5275.6], [7731.1, 5286.2], [7733.0, 5294.0], [7729.1, 5300.8], [7714.8, 5305.6], [7702.3, 5308.5], [7686.0, 5320.2], [7676.4, 5334.7], [7672.5, 5340.5], [7658.1, 5333.7], [7645.7, 5331.8], [7638.9, 5327.0], [7641.8, 5317.3], [7647.6, 5306.6], [7651.4, 5296.0], [7647.6, 5281.5], [7637.0, 5263.0], [7625.5, 5248.5], [7614.0, 5258.2], [7596.7, 5278.6], [7585.2, 5292.2], [7577.5, 5299.0], [7567.0, 5291.2], [7557.4, 5281.5], [7548.8, 5272.8], [7534.4, 5258.3], [7519.0, 5249.6], [7499.8, 5247.6], [7488.3, 5257.3], [7481.6, 5271.9], [7477.7, 5278.7], [7472.0, 5283.5], [7442.2, 5290.3], [7408.6, 5299.1], [7398.1, 5297.2], [7401.9, 5291.4], [7418.3, 5274.9], [7436.5, 5261.3], [7437.5, 5256.4], [7430.7, 5253.5], [7401.0, 5253.5], [7394.3, 5246.8], [7381.8, 5228.3], [7368.4, 5223.5], [7337.7, 5222.5], [7299.3, 5217.7], [7279.1, 5213.8], [7260.8, 5213.0]], "leafletCoordinates": [[3077.7, 7928.8], [3069.2, 7898.1], [3066.3, 7872.2], [3053.6, 7843.4], [3050.7, 7810.7], [3044.9, 7797.3], [3035.1, 7769.5], [3036.1, 7736.8], [3029.3, 7728.2], [3024.4, 7725.3], [3013.8, 7731.1], [3006.0, 7733.0], [2999.2, 7729.1], [2994.4, 7714.8], [2991.5, 7702.3], [2979.8, 7686.0], [2965.3, 7676.4], [2959.5, 7672.5], [2966.3, 7658.1], [2968.2, 7645.7], [2973.0, 7638.9], [2982.7, 7641.8], [2993.4, 7647.6], [3004.0, 7651.4], [3018.5, 7647.6], [3037.0, 7637.0], [3051.5, 7625.5], [3041.8, 7614.0], [3021.4, 7596.7], [3007.8, 7585.2], [3001.0, 7577.5], [3008.8, 7567.0], [3018.5, 7557.4], [3027.2, 7548.8], [3041.7, 7534.4], [3050.4, 7519.0], [3052.4, 7499.8], [3042.7, 7488.3], [3028.1, 7481.6], [3021.3, 7477.7], [3016.5, 7472.0], [3009.7, 7442.2], [3000.9, 7408.6], [3002.8, 7398.1], [3008.6, 7401.9], [3025.1, 7418.3], [3038.7, 7436.5], [3043.6, 7437.5], [3046.5, 7430.7], [3046.5, 7401.0], [3053.2, 7394.3], [3071.7, 7381.8], [3076.5, 7368.4], [3077.5, 7337.7], [3082.3, 7299.3], [3086.2, 7279.1], [3087.0, 7260.8]]}}, {"type": "Feature", "id": "gis_road_268_0", "properties": {"gisId": 403, "name": "Kingdom Path (Essos)", "rawName": null, "category": "kingdom_path", "size": 4, "continent": "Essos", "lengthMiles": 694, "vertexCount": 25}, "geometry": {"type": "LineString", "coordinates": [[8759.3, 4537.7], [8770.5, 4570.3], [8789.5, 4602.1], [8825.9, 4644.4], [8843.2, 4658.5], [8879.6, 4681.4], [8923.0, 4707.8], [8940.3, 4732.5], [8957.6, 4739.6], [9006.2, 4753.7], [9028.7, 4766.0], [9047.8, 4789.0], [9059.9, 4820.7], [9066.8, 4850.7], [9082.4, 4870.1], [9104.9, 4889.5], [9137.9, 4903.6], [9156.9, 4919.5], [9169.1, 4944.2], [9182.9, 4975.9], [9203.7, 5002.3], [9231.5, 5030.5], [9259.2, 5046.3], [9274.8, 5055.1], [9287.0, 5083.0]], "leafletCoordinates": [[3762.3, 8759.3], [3729.7, 8770.5], [3697.9, 8789.5], [3655.6, 8825.9], [3641.5, 8843.2], [3618.6, 8879.6], [3592.2, 8923.0], [3567.5, 8940.3], [3560.4, 8957.6], [3546.3, 9006.2], [3534.0, 9028.7], [3511.0, 9047.8], [3479.3, 9059.9], [3449.3, 9066.8], [3429.9, 9082.4], [3410.5, 9104.9], [3396.4, 9137.9], [3380.5, 9156.9], [3355.8, 9169.1], [3324.1, 9182.9], [3297.7, 9203.7], [3269.5, 9231.5], [3253.7, 9259.2], [3244.9, 9274.8], [3217.0, 9287.0]]}}, {"type": "Feature", "id": "gis_road_269_0", "properties": {"gisId": 404, "name": "Kingdom Path (Essos)", "rawName": null, "category": "kingdom_path", "size": 4, "continent": "Essos", "lengthMiles": 266, "vertexCount": 11}, "geometry": {"type": "LineString", "coordinates": [[9287.0, 5083.0], [9306.6, 5088.5], [9341.5, 5095.5], [9364.7, 5122.6], [9386.8, 5139.1], [9408.8, 5153.2], [9420.4, 5166.1], [9446.0, 5190.8], [9485.5, 5228.4], [9500.5, 5249.5], [9506.9, 5274.3]], "leafletCoordinates": [[3217.0, 9287.0], [3211.5, 9306.6], [3204.5, 9341.5], [3177.4, 9364.7], [3160.9, 9386.8], [3146.8, 9408.8], [3133.9, 9420.4], [3109.2, 9446.0], [3071.6, 9485.5], [3050.5, 9500.5], [3025.7, 9506.9]]}}, {"type": "Feature", "id": "gis_road_270_0", "properties": {"gisId": 405, "name": "Kingdom Path (Essos)", "rawName": null, "category": "kingdom_path", "size": 4, "continent": "Essos", "lengthMiles": 768, "vertexCount": 36}, "geometry": {"type": "LineString", "coordinates": [[9506.9, 5274.3], [9475.0, 5294.2], [9459.9, 5294.2], [9432.0, 5287.2], [9401.8, 5297.7], [9384.4, 5308.3], [9368.1, 5334.1], [9360.0, 5356.3], [9356.5, 5382.1], [9356.5, 5401.9], [9362.3, 5414.8], [9371.5, 5431.1], [9391.3, 5445.1], [9411.0, 5464.9], [9428.4, 5503.3], [9437.7, 5525.4], [9443.5, 5560.2], [9458.6, 5590.3], [9469.0, 5605.3], [9494.6, 5630.8], [9506.2, 5655.0], [9519.0, 5674.6], [9530.6, 5682.7], [9563.1, 5696.5], [9589.8, 5719.4], [9602.6, 5734.4], [9607.2, 5749.3], [9613.0, 5774.5], [9617.6, 5798.5], [9622.3, 5827.1], [9629.2, 5846.5], [9621.1, 5871.6], [9621.1, 5893.2], [9628.0, 5917.0], [9628.0, 5927.2], [9628.6, 5943.5]], "leafletCoordinates": [[3025.7, 9506.9], [3005.8, 9475.0], [3005.8, 9459.9], [3012.8, 9432.0], [3002.3, 9401.8], [2991.7, 9384.4], [2965.9, 9368.1], [2943.7, 9360.0], [2917.9, 9356.5], [2898.1, 9356.5], [2885.2, 9362.3], [2868.9, 9371.5], [2854.9, 9391.3], [2835.1, 9411.0], [2796.7, 9428.4], [2774.6, 9437.7], [2739.8, 9443.5], [2709.7, 9458.6], [2694.7, 9469.0], [2669.2, 9494.6], [2645.0, 9506.2], [2625.4, 9519.0], [2617.3, 9530.6], [2603.5, 9563.1], [2580.6, 9589.8], [2565.6, 9602.6], [2550.7, 9607.2], [2525.5, 9613.0], [2501.5, 9617.6], [2472.9, 9622.3], [2453.5, 9629.2], [2428.4, 9621.1], [2406.8, 9621.1], [2383.0, 9628.0], [2372.8, 9628.0], [2356.5, 9628.6]]}}, {"type": "Feature", "id": "gis_road_271_0", "properties": {"gisId": 406, "name": "Kingdom Path (Essos)", "rawName": null, "category": "kingdom_path", "size": 4, "continent": "Essos", "lengthMiles": 457, "vertexCount": 20}, "geometry": {"type": "LineString", "coordinates": [[9628.6, 5943.5], [9606.0, 5951.0], [9579.2, 5955.6], [9564.2, 5964.3], [9557.2, 5973.7], [9551.4, 5988.4], [9553.4, 5998.2], [9560.6, 6006.4], [9574.6, 6025.6], [9581.5, 6034.5], [9607.1, 6051.4], [9636.1, 6064.8], [9667.5, 6076.0], [9691.9, 6096.1], [9733.7, 6139.6], [9749.9, 6151.9], [9761.5, 6158.5], [9819.6, 6180.7], [9860.3, 6181.8], [9906.9, 6179.6]], "leafletCoordinates": [[2356.5, 9628.6], [2349.0, 9606.0], [2344.4, 9579.2], [2335.7, 9564.2], [2326.3, 9557.2], [2311.6, 9551.4], [2301.8, 9553.4], [2293.6, 9560.6], [2274.4, 9574.6], [2265.5, 9581.5], [2248.6, 9607.1], [2235.2, 9636.1], [2224.0, 9667.5], [2203.9, 9691.9], [2160.4, 9733.7], [2148.1, 9749.9], [2141.5, 9761.5], [2119.3, 9819.6], [2118.2, 9860.3], [2120.4, 9906.9]]}}, {"type": "Feature", "id": "gis_road_272_0", "properties": {"gisId": 407, "name": "Kingdom Path (Essos)", "rawName": null, "category": "kingdom_path", "size": 4, "continent": "Essos", "lengthMiles": 373, "vertexCount": 18}, "geometry": {"type": "LineString", "coordinates": [[9287.0, 5083.0], [9252.0, 5089.7], [9225.3, 5092.1], [9194.0, 5108.6], [9177.7, 5118.0], [9163.7, 5136.9], [9149.8, 5164.0], [9139.3, 5182.8], [9130.0, 5188.7], [9104.5, 5200.5], [9084.7, 5209.9], [9074.3, 5227.6], [9067.3, 5248.7], [9061.5, 5257.0], [9037.1, 5274.6], [9025.5, 5287.5], [9010.3, 5320.3], [8995.2, 5354.4]], "leafletCoordinates": [[3217.0, 9287.0], [3210.3, 9252.0], [3207.9, 9225.3], [3191.4, 9194.0], [3182.0, 9177.7], [3163.1, 9163.7], [3136.0, 9149.8], [3117.2, 9139.3], [3111.3, 9130.0], [3099.5, 9104.5], [3090.1, 9084.7], [3072.4, 9074.3], [3051.3, 9067.3], [3043.0, 9061.5], [3025.4, 9037.1], [3012.5, 9025.5], [2979.7, 9010.3], [2945.6, 8995.2]]}}, {"type": "Feature", "id": "gis_road_273_0", "properties": {"gisId": 408, "name": "Kingdom Path (Essos)", "rawName": null, "category": "kingdom_path", "size": 4, "continent": "Essos", "lengthMiles": 53, "vertexCount": 3}, "geometry": {"type": "LineString", "coordinates": [[8995.2, 5354.4], [9011.5, 5378.9], [9026.5, 5405.8]], "leafletCoordinates": [[2945.6, 8995.2], [2921.1, 9011.5], [2894.2, 9026.5]]}}, {"type": "Feature", "id": "gis_road_274_0", "properties": {"gisId": 409, "name": "Kingdom Path (Essos)", "rawName": null, "category": "kingdom_path", "size": 4, "continent": "Essos", "lengthMiles": 53, "vertexCount": 3}, "geometry": {"type": "LineString", "coordinates": [[9026.5, 5405.8], [9052.1, 5424.4], [9074.6, 5442.6]], "leafletCoordinates": [[2894.2, 9026.5], [2875.6, 9052.1], [2857.4, 9074.6]]}}, {"type": "Feature", "id": "gis_road_275_0", "properties": {"gisId": 410, "name": "Kingdom Path (Essos)", "rawName": null, "category": "kingdom_path", "size": 4, "continent": "Essos", "lengthMiles": 50, "vertexCount": 2}, "geometry": {"type": "LineString", "coordinates": [[9074.6, 5442.6], [9122.7, 5474.0]], "leafletCoordinates": [[2857.4, 9074.6], [2826.0, 9122.7]]}}, {"type": "Feature", "id": "gis_road_276_0", "properties": {"gisId": 411, "name": "Kingdom Path (Essos)", "rawName": null, "category": "kingdom_path", "size": 4, "continent": "Essos", "lengthMiles": 242, "vertexCount": 9}, "geometry": {"type": "LineString", "coordinates": [[9122.7, 5474.0], [9187.0, 5486.8], [9203.9, 5464.6], [9233.2, 5439.0], [9267.1, 5424.8], [9289.8, 5417.2], [9321.8, 5416.2], [9351.8, 5424.1], [9371.5, 5431.1]], "leafletCoordinates": [[2826.0, 9122.7], [2813.2, 9187.0], [2835.4, 9203.9], [2861.0, 9233.2], [2875.2, 9267.1], [2882.8, 9289.8], [2883.8, 9321.8], [2875.9, 9351.8], [2868.9, 9371.5]]}}, {"type": "Feature", "id": "gis_road_277_0", "properties": {"gisId": 412, "name": "Kingdom Path (Essos)", "rawName": null, "category": "kingdom_path", "size": 4, "continent": "Essos", "lengthMiles": 236, "vertexCount": 12}, "geometry": {"type": "LineString", "coordinates": [[8469.9, 6485.2], [8446.9, 6505.3], [8441.0, 6525.7], [8433.7, 6539.3], [8421.9, 6561.0], [8416.0, 6578.6], [8414.5, 6606.9], [8418.9, 6629.7], [8433.6, 6661.9], [8446.9, 6703.2], [8446.8, 6715.1], [8446.8, 6732.3]], "leafletCoordinates": [[1814.8, 8469.9], [1794.7, 8446.9], [1774.3, 8441.0], [1760.7, 8433.7], [1739.0, 8421.9], [1721.4, 8416.0], [1693.1, 8414.5], [1670.3, 8418.9], [1638.1, 8433.6], [1596.8, 8446.9], [1584.9, 8446.8], [1567.7, 8446.8]]}}, {"type": "Feature", "id": "gis_road_278_0", "properties": {"gisId": 413, "name": "Kingdom Path (Essos)", "rawName": null, "category": "kingdom_path", "size": 4, "continent": "Essos", "lengthMiles": 205, "vertexCount": 11}, "geometry": {"type": "LineString", "coordinates": [[8419.8, 6743.5], [8446.8, 6732.3], [8467.5, 6742.9], [8467.5, 6773.3], [8467.4, 6789.0], [8455.7, 6814.0], [8448.3, 6840.1], [8445.3, 6858.4], [8429.1, 6876.6], [8435.0, 6890.8], [8430.2, 6912.5]], "leafletCoordinates": [[1556.5, 8419.8], [1567.7, 8446.8], [1557.1, 8467.5], [1526.7, 8467.5], [1511.0, 8467.4], [1486.0, 8455.7], [1459.9, 8448.3], [1441.6, 8445.3], [1423.4, 8429.1], [1409.2, 8435.0], [1387.5, 8430.2]]}}, {"type": "Feature", "id": "gis_road_279_0", "properties": {"gisId": 414, "name": "Kingdom Path (Essos)", "rawName": null, "category": "kingdom_path", "size": 4, "continent": "Essos", "lengthMiles": 880, "vertexCount": 28}, "geometry": {"type": "LineString", "coordinates": [[8615.1, 6365.1], [8640.8, 6348.6], [8645.2, 6341.6], [8642.3, 6313.9], [8632.0, 6280.4], [8604.0, 6274.9], [8595.1, 6269.3], [8548.0, 6269.3], [8492.0, 6284.7], [8436.0, 6312.6], [8402.1, 6333.5], [8363.8, 6348.8], [8331.4, 6348.8], [8304.8, 6353.0], [8281.2, 6361.3], [8219.3, 6419.3], [8184.0, 6459.1], [8145.6, 6470.1], [8076.4, 6472.9], [8048.4, 6479.8], [8032.2, 6488.0], [8013.0, 6518.0], [8004.2, 6527.5], [7982.1, 6550.6], [7958.5, 6568.2], [7912.8, 6583.1], [7871.5, 6581.8], [7833.3, 6584.1]], "leafletCoordinates": [[1934.9, 8615.1], [1951.4, 8640.8], [1958.4, 8645.2], [1986.1, 8642.3], [2019.6, 8632.0], [2025.1, 8604.0], [2030.7, 8595.1], [2030.7, 8548.0], [2015.3, 8492.0], [1987.4, 8436.0], [1966.5, 8402.1], [1951.2, 8363.8], [1951.2, 8331.4], [1947.0, 8304.8], [1938.7, 8281.2], [1880.7, 8219.3], [1840.9, 8184.0], [1829.9, 8145.6], [1827.1, 8076.4], [1820.2, 8048.4], [1812.0, 8032.2], [1782.0, 8013.0], [1772.5, 8004.2], [1749.4, 7982.1], [1731.8, 7958.5], [1716.9, 7912.8], [1718.2, 7871.5], [1715.9, 7833.3]]}}, {"type": "Feature", "id": "gis_road_280_0", "properties": {"gisId": 415, "name": "Kingdom Path (Essos)", "rawName": null, "category": "kingdom_path", "size": 4, "continent": "Essos", "lengthMiles": 113, "vertexCount": 11}, "geometry": {"type": "LineString", "coordinates": [[7277.5, 7344.5], [7270.8, 7330.7], [7276.7, 7323.5], [7285.5, 7313.8], [7294.4, 7302.9], [7297.3, 7293.3], [7300.3, 7282.3], [7294.4, 7268.9], [7294.4, 7262.9], [7298.8, 7244.5], [7309.5, 7231.5]], "leafletCoordinates": [[955.5, 7277.5], [969.3, 7270.8], [976.5, 7276.7], [986.2, 7285.5], [997.1, 7294.4], [1006.7, 7297.3], [1017.7, 7300.3], [1031.1, 7294.4], [1037.1, 7294.4], [1055.5, 7298.8], [1068.5, 7309.5]]}}, {"type": "Feature", "id": "gis_road_281_0", "properties": {"gisId": 416, "name": "Kingdom Path (Essos)", "rawName": null, "category": "kingdom_path", "size": 4, "continent": "Essos", "lengthMiles": 632, "vertexCount": 33}, "geometry": {"type": "LineString", "coordinates": [[7169.2, 7077.0], [7154.5, 7051.9], [7151.6, 7040.5], [7141.2, 7027.8], [7126.5, 7005.0], [7116.2, 6987.1], [7113.3, 6973.1], [7107.4, 6966.7], [7104.4, 6946.1], [7103.0, 6920.4], [7085.3, 6897.2], [7067.6, 6873.8], [7050.0, 6849.1], [7041.1, 6836.1], [7036.7, 6812.6], [7029.4, 6794.2], [7029.4, 6782.4], [7030.8, 6766.6], [7035.3, 6740.2], [7039.7, 6726.9], [7035.3, 6708.4], [7027.9, 6684.4], [7022.0, 6671.1], [7011.7, 6652.4], [6997.0, 6633.6], [6988.2, 6617.5], [6964.6, 6610.8], [6927.8, 6601.4], [6907.1, 6596.1], [6852.6, 6593.4], [6833.5, 6593.4], [6802.5, 6580.0], [6786.3, 6573.2]], "leafletCoordinates": [[1223.0, 7169.2], [1248.1, 7154.5], [1259.5, 7151.6], [1272.2, 7141.2], [1295.0, 7126.5], [1312.9, 7116.2], [1326.9, 7113.3], [1333.3, 7107.4], [1353.9, 7104.4], [1379.6, 7103.0], [1402.8, 7085.3], [1426.2, 7067.6], [1450.9, 7050.0], [1463.9, 7041.1], [1487.4, 7036.7], [1505.8, 7029.4], [1517.6, 7029.4], [1533.4, 7030.8], [1559.8, 7035.3], [1573.1, 7039.7], [1591.6, 7035.3], [1615.6, 7027.9], [1628.9, 7022.0], [1647.6, 7011.7], [1666.4, 6997.0], [1682.5, 6988.2], [1689.2, 6964.6], [1698.6, 6927.8], [1703.9, 6907.1], [1706.6, 6852.6], [1706.6, 6833.5], [1720.0, 6802.5], [1726.8, 6786.3]]}}, {"type": "Feature", "id": "gis_road_282_0", "properties": {"gisId": 417, "name": "Kingdom Path (Essos)", "rawName": null, "category": "kingdom_path", "size": 4, "continent": "Essos", "lengthMiles": 31, "vertexCount": 2}, "geometry": {"type": "LineString", "coordinates": [[6786.3, 6573.2], [6751.1, 6572.0]], "leafletCoordinates": [[1726.8, 6786.3], [1728.0, 6751.1]]}}, {"type": "Feature", "id": "gis_road_283_0", "properties": {"gisId": 418, "name": "Kingdom Path (Essos)", "rawName": null, "category": "kingdom_path", "size": 4, "continent": "Essos", "lengthMiles": 362, "vertexCount": 22}, "geometry": {"type": "LineString", "coordinates": [[6876.8, 6250.2], [6879.3, 6268.0], [6885.2, 6279.1], [6880.7, 6291.7], [6874.8, 6307.0], [6867.5, 6318.2], [6855.7, 6327.9], [6836.5, 6344.6], [6812.9, 6369.5], [6801.1, 6373.7], [6777.6, 6379.2], [6764.3, 6384.7], [6745.1, 6402.7], [6731.9, 6416.5], [6727.4, 6437.1], [6726.0, 6465.9], [6733.3, 6483.6], [6740.7, 6495.9], [6755.4, 6520.4], [6762.8, 6531.3], [6761.3, 6550.2], [6751.1, 6572.0]], "leafletCoordinates": [[2049.8, 6876.8], [2032.0, 6879.3], [2020.9, 6885.2], [2008.3, 6880.7], [1993.0, 6874.8], [1981.8, 6867.5], [1972.1, 6855.7], [1955.4, 6836.5], [1930.5, 6812.9], [1926.3, 6801.1], [1920.8, 6777.6], [1915.3, 6764.3], [1897.3, 6745.1], [1883.5, 6731.9], [1862.9, 6727.4], [1834.1, 6726.0], [1816.4, 6733.3], [1804.1, 6740.7], [1779.6, 6755.4], [1768.7, 6762.8], [1749.8, 6761.3], [1728.0, 6751.1]]}}, {"type": "Feature", "id": "gis_road_284_0", "properties": {"gisId": 419, "name": "Kingdom Path (Essos)", "rawName": null, "category": "kingdom_path", "size": 4, "continent": "Essos", "lengthMiles": 600, "vertexCount": 30}, "geometry": {"type": "LineString", "coordinates": [[6786.3, 6573.2], [6801.0, 6620.4], [6817.2, 6649.9], [6820.2, 6663.2], [6826.1, 6688.6], [6833.4, 6716.5], [6839.3, 6725.8], [6865.8, 6743.0], [6874.7, 6762.8], [6893.8, 6786.4], [6905.6, 6799.6], [6902.6, 6819.2], [6901.1, 6844.0], [6904.1, 6854.5], [6914.4, 6872.7], [6920.3, 6881.7], [6943.9, 6893.4], [6942.4, 6905.0], [6939.4, 6918.0], [6943.8, 6930.8], [6943.8, 6947.6], [6955.6, 6965.5], [6967.4, 6984.7], [6993.9, 7007.6], [7017.5, 7026.7], [7036.6, 7036.8], [7051.4, 7048.2], [7089.7, 7053.2], [7117.7, 7055.7], [7154.5, 7051.9]], "leafletCoordinates": [[1726.8, 6786.3], [1679.6, 6801.0], [1650.1, 6817.2], [1636.8, 6820.2], [1611.4, 6826.1], [1583.5, 6833.4], [1574.2, 6839.3], [1557.0, 6865.8], [1537.2, 6874.7], [1513.6, 6893.8], [1500.4, 6905.6], [1480.8, 6902.6], [1456.0, 6901.1], [1445.5, 6904.1], [1427.3, 6914.4], [1418.3, 6920.3], [1406.6, 6943.9], [1395.0, 6942.4], [1382.0, 6939.4], [1369.2, 6943.8], [1352.4, 6943.8], [1334.5, 6955.6], [1315.3, 6967.4], [1292.4, 6993.9], [1273.3, 7017.5], [1263.2, 7036.6], [1251.8, 7051.4], [1246.8, 7089.7], [1244.3, 7117.7], [1248.1, 7154.5]]}}, {"type": "Feature", "id": "gis_road_285_0", "properties": {"gisId": 420, "name": "Kingdom Path (Essos)", "rawName": null, "category": "kingdom_path", "size": 4, "continent": "Essos", "lengthMiles": 78, "vertexCount": 7}, "geometry": {"type": "LineString", "coordinates": [[6707.9, 6732.3], [6692.0, 6753.7], [6694.9, 6766.9], [6696.4, 6778.7], [6700.8, 6787.9], [6700.8, 6798.4], [6695.1, 6813.5]], "leafletCoordinates": [[1567.7, 6707.9], [1546.3, 6692.0], [1533.1, 6694.9], [1521.3, 6696.4], [1512.1, 6700.8], [1501.6, 6700.8], [1486.5, 6695.1]]}}, {"type": "Feature", "id": "gis_road_286_0", "properties": {"gisId": 421, "name": "Kingdom Path (Essos)", "rawName": null, "category": "kingdom_path", "size": 4, "continent": "Essos", "lengthMiles": 112, "vertexCount": 7}, "geometry": {"type": "LineString", "coordinates": [[6965.6, 6201.1], [6979.5, 6211.9], [6998.6, 6207.6], [7020.8, 6207.6], [7044.3, 6214.6], [7057.6, 6230.0], [7074.8, 6247.2]], "leafletCoordinates": [[2098.9, 6965.6], [2088.1, 6979.5], [2092.4, 6998.6], [2092.4, 7020.8], [2085.4, 7044.3], [2070.0, 7057.6], [2052.8, 7074.8]]}}, {"type": "Feature", "id": "gis_road_287_0", "properties": {"gisId": 422, "name": "Kingdom Path (Essos)", "rawName": null, "category": "kingdom_path", "size": 4, "continent": "Essos", "lengthMiles": 204, "vertexCount": 13}, "geometry": {"type": "LineString", "coordinates": [[6706.6, 6037.5], [6691.0, 6052.0], [6674.5, 6059.4], [6654.2, 6065.5], [6632.7, 6068.6], [6606.8, 6069.8], [6595.4, 6075.9], [6582.7, 6093.0], [6569.4, 6104.6], [6554.2, 6114.4], [6542.8, 6120.5], [6525.7, 6125.3], [6501.6, 6125.2]], "leafletCoordinates": [[2262.5, 6706.6], [2248.0, 6691.0], [2240.6, 6674.5], [2234.5, 6654.2], [2231.4, 6632.7], [2230.2, 6606.8], [2224.1, 6595.4], [2207.0, 6582.7], [2195.4, 6569.4], [2185.6, 6554.2], [2179.5, 6542.8], [2174.7, 6525.7], [2174.8, 6501.6]]}}, {"type": "Feature", "id": "gis_road_288_0", "properties": {"gisId": 423, "name": "Kingdom Path (Essos)", "rawName": null, "category": "kingdom_path", "size": 4, "continent": "Essos", "lengthMiles": 357, "vertexCount": 21}, "geometry": {"type": "LineString", "coordinates": [[5205.3, 5845.3], [5214.0, 5872.8], [5220.5, 5896.9], [5222.2, 5912.9], [5226.3, 5923.4], [5250.1, 5945.0], [5271.4, 5961.8], [5278.0, 5965.8], [5280.5, 5988.1], [5277.2, 6017.6], [5272.2, 6039.9], [5269.8, 6054.2], [5274.7, 6077.2], [5286.2, 6108.8], [5304.2, 6125.4], [5304.2, 6134.9], [5302.6, 6144.3], [5302.6, 6157.7], [5296.8, 6166.4], [5283.7, 6183.7], [5265.0, 6198.5]], "leafletCoordinates": [[2454.7, 5205.3], [2427.2, 5214.0], [2403.1, 5220.5], [2387.1, 5222.2], [2376.6, 5226.3], [2355.0, 5250.1], [2338.2, 5271.4], [2334.2, 5278.0], [2311.9, 5280.5], [2282.4, 5277.2], [2260.1, 5272.2], [2245.8, 5269.8], [2222.8, 5274.7], [2191.2, 5286.2], [2174.6, 5304.2], [2165.1, 5304.2], [2155.7, 5302.6], [2142.3, 5302.6], [2133.6, 5296.8], [2116.3, 5283.7], [2101.5, 5265.0]]}}, {"type": "Feature", "id": "gis_road_289_0", "properties": {"gisId": 424, "name": "Kingdom Path (Essos)", "rawName": null, "category": "kingdom_path", "size": 4, "continent": "Essos", "lengthMiles": 151, "vertexCount": 10}, "geometry": {"type": "LineString", "coordinates": [[4845.3, 5847.8], [4849.4, 5866.6], [4850.2, 5881.9], [4867.4, 5905.2], [4885.5, 5927.7], [4894.5, 5940.5], [4894.5, 5953.3], [4894.5, 5962.9], [4887.1, 5980.5], [4876.1, 6001.3]], "leafletCoordinates": [[2452.2, 4845.3], [2433.4, 4849.4], [2418.1, 4850.2], [2394.8, 4867.4], [2372.3, 4885.5], [2359.5, 4894.5], [2346.7, 4894.5], [2337.1, 4894.5], [2319.5, 4887.1], [2298.7, 4876.1]]}}, {"type": "Feature", "id": "gis_road_290_0", "properties": {"gisId": 425, "name": "Kingdom Path (Essos)", "rawName": null, "category": "kingdom_path", "size": 4, "continent": "Essos", "lengthMiles": 255, "vertexCount": 17}, "geometry": {"type": "LineString", "coordinates": [[5233.1, 7318.0], [5242.7, 7303.2], [5245.9, 7288.5], [5245.3, 7276.9], [5236.3, 7262.1], [5230.0, 7252.1], [5213.4, 7239.9], [5194.8, 7226.1], [5180.2, 7211.2], [5163.6, 7198.4], [5149.5, 7187.7], [5146.3, 7174.3], [5143.1, 7156.5], [5138.0, 7139.3], [5134.8, 7125.2], [5136.1, 7107.3], [5136.9, 7074.5]], "leafletCoordinates": [[982.0, 5233.1], [996.8, 5242.7], [1011.5, 5245.9], [1023.1, 5245.3], [1037.9, 5236.3], [1047.9, 5230.0], [1060.1, 5213.4], [1073.9, 5194.8], [1088.8, 5180.2], [1101.6, 5163.6], [1112.3, 5149.5], [1125.7, 5146.3], [1143.5, 5143.1], [1160.7, 5138.0], [1174.8, 5134.8], [1192.7, 5136.1], [1225.5, 5136.9]]}}, {"type": "Feature", "id": "gis_road_291_0", "properties": {"gisId": 426, "name": "Kingdom Path (Westeros)", "rawName": null, "category": "major_highway", "size": 2, "continent": "Westeros", "lengthMiles": 409, "vertexCount": 32}, "geometry": {"type": "LineString", "coordinates": [[1953.9, 4608.0], [1954.8, 4620.3], [1957.8, 4633.6], [1964.4, 4643.5], [1975.5, 4660.0], [1977.9, 4669.7], [1993.0, 4687.2], [2011.0, 4706.0], [2027.1, 4713.0], [2036.8, 4717.2], [2047.4, 4726.1], [2055.3, 4734.1], [2064.5, 4738.8], [2073.7, 4744.0], [2081.1, 4761.8], [2084.3, 4777.8], [2090.3, 4786.7], [2110.0, 4799.5], [2119.4, 4807.3], [2129.0, 4821.9], [2133.7, 4838.8], [2136.8, 4848.0], [2147.0, 4863.2], [2159.0, 4870.7], [2176.5, 4877.3], [2184.4, 4878.2], [2189.9, 4892.8], [2195.5, 4908.3], [2203.3, 4916.2], [2213.0, 4928.4], [2219.4, 4938.8], [2223.6, 4957.8]], "leafletCoordinates": [[3692.0, 1953.9], [3679.7, 1954.8], [3666.4, 1957.8], [3656.5, 1964.4], [3640.0, 1975.5], [3630.3, 1977.9], [3612.8, 1993.0], [3594.0, 2011.0], [3587.0, 2027.1], [3582.8, 2036.8], [3573.9, 2047.4], [3565.9, 2055.3], [3561.2, 2064.5], [3556.0, 2073.7], [3538.2, 2081.1], [3522.2, 2084.3], [3513.3, 2090.3], [3500.5, 2110.0], [3492.7, 2119.4], [3478.1, 2129.0], [3461.2, 2133.7], [3452.0, 2136.8], [3436.8, 2147.0], [3429.3, 2159.0], [3422.7, 2176.5], [3421.8, 2184.4], [3407.2, 2189.9], [3391.7, 2195.5], [3383.8, 2203.3], [3371.6, 2213.0], [3361.2, 2219.4], [3342.2, 2223.6]]}}, {"type": "Feature", "id": "gis_road_292_0", "properties": {"gisId": 428, "name": "Kingdom Path (Westeros)", "rawName": null, "category": "major_highway", "size": 2, "continent": "Westeros", "lengthMiles": 75, "vertexCount": 6}, "geometry": {"type": "LineString", "coordinates": [[2070.2, 4572.8], [2054.2, 4567.7], [2032.9, 4565.5], [2020.2, 4564.9], [2000.3, 4562.7], [1985.1, 4563.5]], "leafletCoordinates": [[3727.2, 2070.2], [3732.3, 2054.2], [3734.5, 2032.9], [3735.1, 2020.2], [3737.3, 2000.3], [3736.5, 1985.1]]}}]}