{"type": "FeatureCollection", "features": [{"type": "Feature", "properties": {"OBJECTID": 29, "id": 2, "name": "Essos", "Symbol": 2, "Visible": null, "Shape__Area": 58185621856285.26, "Shape__Length": 79662730.83534136}, "geometry": {"type": "Polygon", "coordinates": [[[7127.1, 6218.7], [7128.3, 6215.6], [7129.5, 6208.2], [7128.9, 6199.5], [7122.3, 6191.5], [7115.6, 6187.5], [7110.8, 6182.9], [7106.6, 6177.1], [7094.0, 6175.4], [7089.1, 6170.2], [7081.9, 6162.1], [7074.1, 6157.5], [7062.6, 6154.7], [7059.6, 6151.8], [7059.6, 6141.9], [7054.2, 6140.2], [7037.9, 6138.5], [7023.5, 6142.6], [7020.4, 6146.0], [7015.0, 6148.3], [7009.6, 6147.8], [7002.4, 6149.5], [6994.5, 6153.0], [6990.3, 6152.4], [6983.7, 6143.7], [6965.6, 6142.0], [6963.3, 6142.8], [6963.2, 6142.6], [6960.8, 6142.6], [6954.2, 6144.3], [6949.3, 6148.4], [6943.3, 6153.6], [6938.5, 6156.5], [6934.9, 6155.9], [6928.9, 6153.6], [6917.4, 6152.5], [6910.8, 6155.9], [6904.7, 6163.4], [6899.9, 6168.1], [6893.9, 6169.8], [6889.7, 6174.4], [6885.5, 6178.5], [6881.8, 6183.1], [6877.6, 6191.1], [6870.4, 6195.2], [6861.3, 6194.0], [6849.9, 6195.8], [6842.7, 6192.9], [6838.4, 6190.0], [6827.6, 6186.0], [6822.8, 6180.8], [6816.8, 6180.2], [6808.3, 6180.8], [6804.1, 6178.5], [6802.3, 6172.8], [6799.3, 6166.4], [6793.9, 6163.0], [6791.7, 6162.2], [6785.4, 6160.1], [6774.0, 6160.7], [6764.3, 6161.8], [6755.9, 6163.6], [6745.8, 6168.6], [6744.5, 6169.3], [6734.8, 6175.1], [6724.6, 6182.0], [6719.1, 6189.0], [6711.3, 6193.0], [6706.5, 6191.3], [6702.3, 6187.2], [6698.0, 6184.9], [6689.6, 6183.2], [6686.0, 6187.3], [6681.8, 6193.0], [6675.7, 6200.5], [6671.5, 6202.2], [6666.1, 6202.2], [6657.7, 6202.8], [6653.4, 6206.8], [6651.0, 6211.4], [6647.4, 6217.8], [6643.8, 6221.8], [6634.2, 6221.8], [6624.5, 6224.1], [6619.1, 6225.2], [6613.7, 6228.1], [6608.8, 6231.0], [6602.8, 6231.0], [6593.2, 6232.2], [6587.8, 6236.2], [6582.3, 6242.5], [6576.3, 6243.6], [6568.5, 6240.8], [6566.7, 6236.8], [6566.1, 6229.9], [6566.1, 6220.1], [6564.9, 6198.9], [6562.5, 6192.0], [6555.8, 6190.2], [6549.8, 6187.4], [6546.2, 6183.9], [6547.4, 6178.7], [6553.4, 6178.2], [6559.5, 6177.6], [6559.5, 6171.8], [6557.7, 6165.5], [6553.4, 6161.4], [6551.4, 6160.2], [6550.7, 6161.1], [6547.4, 6160.9], [6539.0, 6159.1], [6533.0, 6157.4], [6526.3, 6152.8], [6517.3, 6149.3], [6511.3, 6144.7], [6506.0, 6138.0], [6491.6, 6133.3], [6484.0, 6124.8], [6479.3, 6114.1], [6480.5, 6106.0], [6479.9, 6099.6], [6477.5, 6095.5], [6471.5, 6092.0], [6466.1, 6084.5], [6465.5, 6078.7], [6460.1, 6074.0], [6452.2, 6075.2], [6443.2, 6077.5], [6427.5, 6082.2], [6416.1, 6082.8], [6413.7, 6078.7], [6416.1, 6072.9], [6422.7, 6071.2], [6425.7, 6067.7], [6417.3, 6067.1], [6402.8, 6068.3], [6386.6, 6071.8], [6366.7, 6079.9], [6346.8, 6093.9], [6333.5, 6106.1], [6319.1, 6107.8], [6300.4, 6113.1], [6285.3, 6116.6], [6284.7, 6120.0], [6284.7, 6129.3], [6281.7, 6135.7], [6279.3, 6140.3], [6269.6, 6141.5], [6260.0, 6140.9], [6244.3, 6140.3], [6228.0, 6140.3], [6216.9, 6141.5], [6216.6, 6141.1], [6202.7, 6141.5], [6192.5, 6142.1], [6182.3, 6142.1], [6179.8, 6145.6], [6181.6, 6150.2], [6180.4, 6154.2], [6173.2, 6156.6], [6158.1, 6156.6], [6148.5, 6157.7], [6143.1, 6164.1], [6137.0, 6168.1], [6126.8, 6169.9], [6116.0, 6175.1], [6106.9, 6169.9], [6110.5, 6160.1], [6115.4, 6153.2], [6120.2, 6145.6], [6120.8, 6138.1], [6117.2, 6131.8], [6112.4, 6125.4], [6113.0, 6120.8], [6121.4, 6120.2], [6128.0, 6117.3], [6131.6, 6111.5], [6134.7, 6101.0], [6140.7, 6097.0], [6146.1, 6094.1], [6147.3, 6088.8], [6146.7, 6080.1], [6143.1, 6069.1], [6141.3, 6066.1], [6136.5, 6058.0], [6129.9, 6052.8], [6125.6, 6046.4], [6120.2, 6039.4], [6114.2, 6034.7], [6100.9, 6033.6], [6089.5, 6032.4], [6081.1, 6030.1], [6071.4, 6026.0], [6061.2, 6023.1], [6044.9, 6021.9], [6032.3, 6024.9], [6023.2, 6031.3], [6014.2, 6038.9], [6003.9, 6043.6], [5998.5, 6044.7], [5984.0, 6047.7], [5977.4, 6050.6], [5976.2, 6055.2], [5975.6, 6065.1], [5970.2, 6068.6], [5965.3, 6071.0], [5956.3, 6075.1], [5948.5, 6079.1], [5942.4, 6083.8], [5935.2, 6090.2], [5931.0, 6099.5], [5926.2, 6110.5], [5920.7, 6121.5], [5917.4, 6126.3], [5917.1, 6126.7], [5915.8, 6127.6], [5909.9, 6131.4], [5909.5, 6131.5], [5902.7, 6134.3], [5902.7, 6134.3], [5891.8, 6136.0], [5882.2, 6140.6], [5881.0, 6143.1], [5880.1, 6143.2], [5879.3, 6143.2], [5877.3, 6147.6], [5872.5, 6153.4], [5867.1, 6157.4], [5864.7, 6164.9], [5861.7, 6171.8], [5850.8, 6181.1], [5841.8, 6184.5], [5837.6, 6190.3], [5832.7, 6198.3], [5823.7, 6201.8], [5817.7, 6203.1], [5813.2, 6202.4], [5814.7, 6195.5], [5814.7, 6188.0], [5811.0, 6179.9], [5811.6, 6171.3], [5818.3, 6161.5], [5821.3, 6154.6], [5815.3, 6151.1], [5809.8, 6152.3], [5801.4, 6154.6], [5790.6, 6160.9], [5783.9, 6165.0], [5771.3, 6165.0], [5752.6, 6165.6], [5741.7, 6170.2], [5736.9, 6176.6], [5736.9, 6180.0], [5740.5, 6185.8], [5741.7, 6192.7], [5740.5, 6204.2], [5741.1, 6211.1], [5747.8, 6213.9], [5752.6, 6222.5], [5752.6, 6229.4], [5749.6, 6238.0], [5745.3, 6250.1], [5733.3, 6270.1], [5731.5, 6278.6], [5730.8, 6304.3], [5730.2, 6330.5], [5725.4, 6345.2], [5716.4, 6358.3], [5704.3, 6361.1], [5686.8, 6362.8], [5680.2, 6363.4], [5680.2, 6370.2], [5681.4, 6378.1], [5684.4, 6386.0], [5680.8, 6391.6], [5670.6, 6400.7], [5660.3, 6406.9], [5644.6, 6409.7], [5624.7, 6414.2], [5606.7, 6415.4], [5592.2, 6414.8], [5582.6, 6412.0], [5568.7, 6405.8], [5554.9, 6400.8], [5545.8, 6394.0], [5543.4, 6381.0], [5541.0, 6367.5], [5539.2, 6361.8], [5532.0, 6354.4], [5519.9, 6349.4], [5514.5, 6342.0], [5514.5, 6332.3], [5513.9, 6322.7], [5509.7, 6315.3], [5501.3, 6313.6], [5497.3, 6313.6], [5492.8, 6313.6], [5487.4, 6310.2], [5483.8, 6304.5], [5477.8, 6292.0], [5474.2, 6284.0], [5463.3, 6282.3], [5456.7, 6285.2], [5444.0, 6286.3], [5435.0, 6283.5], [5422.3, 6281.8], [5417.8, 6282.5], [5413.0, 6279.9], [5411.5, 6277.8], [5401.2, 6265.8], [5396.4, 6262.9], [5388.6, 6261.8], [5375.3, 6264.7], [5366.3, 6264.7], [5363.9, 6261.8], [5361.2, 6256.2], [5344.9, 6255.5], [5335.0, 6257.8], [5323.5, 6260.1], [5316.9, 6259.0], [5315.1, 6255.6], [5310.9, 6252.1], [5289.8, 6246.4], [5272.3, 6241.9], [5260.9, 6234.4], [5260.9, 6226.4], [5258.5, 6216.1], [5253.6, 6213.2], [5248.2, 6205.7], [5250.6, 6198.3], [5266.3, 6182.1], [5280.8, 6166.6], [5282.0, 6152.1], [5279.0, 6140.6], [5268.0, 6134.2], [5269.3, 6134.2], [5259.7, 6127.9], [5246.4, 6120.3], [5241.0, 6114.0], [5229.6, 6105.9], [5217.5, 6102.4], [5202.5, 6097.2], [5195.8, 6092.6], [5194.0, 6086.2], [5193.4, 6077.4], [5189.2, 6071.6], [5179.0, 6067.0], [5169.9, 6062.9], [5168.1, 6058.3], [5165.1, 6050.1], [5160.3, 6044.9], [5154.3, 6046.6], [5147.6, 6047.8], [5134.4, 6046.6], [5123.5, 6044.9], [5114.5, 6040.2], [5105.5, 6032.1], [5103.7, 6023.3], [5088.6, 6018.1], [5074.1, 6012.3], [5069.9, 6006.4], [5059.1, 5994.7], [5040.4, 5970.7], [5019.3, 5945.5], [5010.9, 5932.6], [5005.5, 5911.4], [4995.9, 5897.8], [4982.6, 5885.5], [4968.1, 5876.6], [4960.3, 5868.4], [4956.1, 5851.8], [4955.0, 5843.7], [4956.7, 5825.8], [4955.5, 5809.2], [4953.1, 5799.1], [4947.1, 5789.0], [4938.1, 5781.3], [4935.6, 5776.5], [4938.1, 5772.4], [4948.3, 5773.5], [4962.8, 5780.1], [4973.0, 5782.4], [4984.5, 5780.6], [4995.9, 5781.8], [5016.4, 5783.6], [5035.1, 5784.2], [5045.9, 5793.1], [5059.8, 5804.9], [5068.0, 5807.1], [5068.6, 5806.6], [5088.1, 5807.9], [5105.0, 5808.4], [5109.8, 5809.6], [5123.0, 5815.0], [5138.1, 5824.4], [5156.8, 5829.1], [5178.5, 5835.1], [5193.5, 5835.0], [5215.5, 5831.1], [5234.5, 5817.8], [5249.0, 5810.1], [5254.4, 5803.6], [5254.4, 5798.2], [5249.6, 5788.1], [5246.0, 5781.6], [5247.2, 5774.5], [5253.8, 5766.7], [5258.6, 5757.2], [5267.7, 5738.7], [5274.9, 5723.8], [5277.9, 5716.7], [5281.6, 5708.3], [5282.8, 5699.4], [5284.0, 5686.2], [5286.4, 5675.4], [5287.6, 5667.7], [5290.0, 5658.1], [5294.2, 5650.3], [5296.0, 5643.7], [5294.2, 5637.7], [5290.6, 5631.7], [5278.0, 5625.7], [5267.7, 5617.3], [5261.1, 5607.1], [5266.5, 5583.7], [5269.6, 5565.7], [5267.8, 5559.1], [5259.3, 5556.1], [5251.5, 5551.8], [5250.3, 5545.2], [5248.5, 5535.6], [5243.7, 5530.8], [5242.5, 5522.9], [5247.9, 5518.7], [5257.5, 5514.5], [5265.4, 5505.4], [5272.6, 5497.0], [5278.6, 5492.7], [5290.1, 5490.3], [5302.1, 5492.1], [5314.2, 5490.9], [5322.0, 5487.3], [5341.3, 5478.8], [5351.6, 5466.7], [5351.6, 5455.8], [5348.6, 5451.0], [5344.3, 5446.1], [5343.7, 5437.7], [5349.8, 5431.0], [5350.4, 5425.0], [5346.8, 5420.1], [5350.4, 5417.1], [5356.4, 5417.7], [5360.0, 5412.8], [5363.0, 5403.7], [5367.9, 5393.4], [5377.5, 5388.0], [5399.2, 5383.1], [5403.4, 5380.1], [5398.0, 5377.6], [5392.0, 5376.4], [5382.9, 5376.4], [5372.1, 5376.4], [5358.2, 5373.4], [5343.2, 5372.8], [5334.7, 5374.7], [5325.7, 5377.1], [5316.0, 5383.2], [5303.4, 5385.6], [5296.2, 5383.8], [5291.9, 5378.3], [5289.5, 5375.3], [5286.5, 5370.5], [5281.7, 5370.5], [5275.7, 5372.9], [5267.8, 5379.6], [5260.0, 5385.0], [5252.8, 5388.7], [5243.7, 5388.7], [5230.5, 5388.7], [5223.8, 5389.3], [5219.6, 5394.2], [5213.6, 5397.2], [5204.6, 5394.8], [5198.5, 5392.4], [5196.7, 5387.5], [5197.3, 5381.5], [5199.1, 5375.4], [5195.5, 5369.9], [5188.3, 5366.9], [5183.5, 5366.9], [5182.3, 5371.8], [5182.9, 5377.2], [5183.5, 5387.5], [5185.9, 5393.6], [5186.5, 5400.3], [5183.5, 5406.3], [5179.8, 5413.0], [5167.2, 5416.6], [5152.7, 5418.5], [5138.9, 5419.7], [5137.5, 5420.8], [5136.9, 5420.2], [5131.0, 5422.7], [5125.0, 5425.8], [5117.8, 5429.4], [5106.3, 5433.6], [5097.9, 5438.5], [5091.9, 5445.8], [5087.6, 5451.2], [5082.8, 5451.2], [5078.0, 5447.6], [5069.0, 5447.0], [5061.7, 5450.0], [5058.1, 5456.7], [5055.1, 5464.5], [5049.7, 5474.2], [5043.6, 5478.4], [5033.4, 5482.1], [5015.3, 5485.7], [5003.3, 5484.5], [4994.2, 5477.9], [4987.6, 5468.2], [4982.8, 5457.9], [4982.8, 5457.9], [4982.2, 5447.7], [4982.8, 5438.0], [4979.2, 5433.7], [4970.7, 5434.4], [4957.5, 5439.8], [4940.0, 5446.5], [4915.9, 5457.4], [4897.2, 5465.3], [4892.4, 5472.5], [4891.8, 5483.4], [4887.6, 5499.7], [4883.3, 5505.1], [4871.3, 5510.6], [4868.3, 5514.9], [4866.1, 5517.9], [4864.0, 5527.5], [4860.4, 5537.7], [4854.4, 5543.8], [4842.9, 5552.2], [4826.1, 5558.8], [4817.6, 5568.5], [4804.4, 5584.7], [4791.7, 5591.3], [4779.6, 5599.8], [4772.4, 5607.6], [4764.0, 5624.4], [4755.5, 5627.4], [4744.7, 5631.6], [4736.2, 5642.4], [4729.6, 5646.0], [4730.8, 5655.0], [4730.2, 5665.7], [4723.0, 5675.3], [4710.9, 5680.7], [4697.1, 5686.1], [4688.6, 5695.1], [4682.6, 5711.8], [4676.6, 5720.8], [4672.3, 5717.8], [4674.2, 5710.0], [4672.3, 5701.7], [4672.4, 5692.1], [4674.8, 5689.7], [4679.0, 5684.3], [4677.2, 5677.2], [4674.2, 5670.6], [4679.6, 5667.6], [4692.9, 5653.2], [4696.5, 5641.2], [4695.9, 5629.8], [4691.1, 5624.4], [4684.4, 5620.8], [4676.6, 5619.7], [4676.0, 5612.4], [4670.0, 5611.3], [4668.9, 5610.7], [4661.5, 5606.5], [4651.3, 5603.5], [4633.2, 5607.7], [4620.6, 5614.3], [4608.5, 5619.1], [4601.3, 5617.9], [4588.6, 5619.1], [4579.6, 5621.5], [4566.3, 5628.7], [4565.1, 5635.3], [4564.5, 5654.5], [4560.3, 5658.7], [4550.6, 5667.1], [4544.6, 5677.3], [4539.2, 5695.8], [4536.8, 5705.3], [4534.4, 5708.4], [4528.3, 5718.5], [4526.5, 5735.8], [4525.3, 5753.7], [4528.3, 5765.0], [4533.7, 5770.3], [4542.2, 5779.2], [4539.7, 5791.1], [4527.1, 5804.2], [4525.9, 5813.7], [4525.9, 5823.2], [4523.5, 5829.1], [4520.4, 5834.4], [4518.6, 5840.4], [4520.4, 5846.3], [4530.7, 5854.0], [4535.5, 5855.7], [4535.5, 5861.6], [4527.7, 5874.6], [4530.7, 5874.6], [4536.7, 5872.9], [4544.5, 5871.7], [4547.5, 5867.5], [4554.8, 5866.3], [4569.2, 5863.4], [4571.7, 5856.9], [4574.7, 5849.2], [4582.5, 5848.6], [4587.3, 5845.0], [4593.4, 5839.1], [4598.2, 5841.5], [4609.0, 5846.2], [4621.1, 5846.8], [4630.7, 5849.7], [4636.7, 5855.0], [4637.9, 5865.1], [4642.1, 5871.0], [4647.6, 5869.8], [4654.8, 5869.2], [4660.8, 5871.6], [4665.6, 5877.5], [4675.9, 5878.1], [4683.7, 5878.1], [4687.9, 5887.5], [4694.6, 5887.5], [4702.4, 5890.4], [4706.0, 5902.2], [4704.8, 5911.1], [4700.6, 5916.4], [4698.2, 5922.3], [4700.6, 5924.0], [4704.8, 5926.4], [4707.2, 5935.2], [4706.6, 5942.8], [4703.0, 5956.3], [4700.6, 5965.1], [4698.8, 5972.8], [4696.9, 5977.5], [4689.7, 5977.5], [4682.5, 5976.9], [4678.9, 5978.7], [4675.2, 5983.9], [4672.8, 5986.9], [4663.8, 5987.5], [4659.6, 5989.2], [4652.9, 5989.8], [4649.9, 5988.0], [4647.5, 5982.2], [4648.7, 5968.1], [4643.9, 5962.8], [4642.1, 5961.7], [4639.7, 5955.8], [4629.5, 5957.6], [4623.4, 5952.3], [4622.8, 5942.3], [4619.8, 5936.4], [4613.8, 5932.3], [4604.8, 5928.2], [4598.1, 5930.0], [4598.1, 5934.1], [4592.7, 5938.2], [4584.9, 5939.4], [4582.5, 5940.4], [4583.1, 5947.6], [4589.7, 5961.1], [4598.1, 5971.7], [4601.7, 5984.6], [4612.6, 5994.5], [4628.2, 6006.8], [4630.0, 6012.6], [4632.4, 6029.0], [4642.7, 6033.1], [4654.7, 6033.1], [4657.1, 6037.7], [4660.8, 6045.3], [4662.0, 6051.1], [4663.8, 6058.1], [4661.4, 6064.5], [4651.7, 6073.3], [4646.3, 6079.7], [4648.7, 6088.4], [4651.7, 6099.4], [4651.1, 6108.1], [4647.5, 6116.8], [4641.4, 6122.6], [4637.8, 6128.4], [4640.8, 6138.2], [4642.6, 6158.4], [4639.0, 6163.6], [4638.4, 6173.5], [4637.8, 6185.6], [4635.4, 6194.2], [4630.0, 6198.8], [4620.3, 6200.0], [4605.9, 6201.1], [4602.2, 6205.7], [4598.0, 6212.0], [4590.2, 6210.3], [4589.6, 6204.6], [4586.6, 6198.8], [4576.3, 6195.4], [4564.9, 6193.7], [4560.7, 6187.3], [4565.5, 6179.3], [4570.3, 6168.9], [4569.1, 6160.8], [4561.9, 6156.2], [4560.1, 6149.3], [4564.9, 6143.5], [4567.9, 6137.7], [4575.8, 6130.8], [4586.0, 6125.0], [4592.0, 6123.8], [4591.4, 6119.7], [4589.6, 6115.7], [4582.4, 6113.4], [4571.5, 6114.5], [4560.7, 6116.3], [4550.5, 6119.8], [4537.8, 6124.4], [4526.9, 6134.9], [4514.3, 6147.6], [4511.2, 6149.1], [4511.0, 6151.1], [4508.9, 6153.4], [4503.4, 6153.4], [4499.8, 6148.8], [4500.4, 6141.8], [4502.2, 6133.1], [4500.4, 6123.3], [4497.4, 6112.9], [4489.6, 6107.1], [4480.0, 6102.4], [4472.3, 6096.4], [4462.0, 6097.1], [4448.6, 6095.5], [4424.5, 6096.7], [4407.1, 6091.5], [4395.0, 6088.0], [4376.9, 6086.3], [4356.4, 6084.0], [4348.6, 6078.2], [4339.0, 6074.1], [4331.7, 6067.7], [4325.7, 6067.7], [4316.1, 6071.8], [4308.2, 6075.3], [4298.0, 6081.1], [4291.4, 6078.8], [4291.4, 6073.0], [4287.8, 6063.1], [4273.3, 6061.9], [4267.3, 6059.6], [4260.0, 6050.9], [4248.6, 6035.7], [4239.0, 6024.1], [4225.7, 6019.4], [4220.3, 6008.3], [4219.7, 5996.0], [4217.3, 5986.7], [4216.1, 5970.8], [4217.3, 5952.6], [4207.0, 5950.9], [4202.2, 5955.6], [4193.8, 5956.8], [4182.9, 5964.4], [4181.1, 5967.3], [4172.7, 5974.4], [4156.4, 5978.5], [4142.0, 5983.2], [4137.7, 5989.7], [4134.1, 5999.0], [4134.1, 6007.8], [4134.1, 6020.1], [4128.7, 6022.4], [4122.7, 6028.3], [4118.4, 6040.5], [4122.0, 6055.7], [4118.9, 6062.3], [4118.4, 6063.2], [4110.6, 6062.1], [4106.1, 6053.8], [4104.0, 6049.9], [4100.5, 6040.4], [4100.5, 6028.9], [4100.5, 6028.3], [4098.8, 6014.9], [4099.8, 6007.8], [4104.0, 6000.2], [4107.0, 5993.2], [4108.8, 5986.2], [4107.0, 5980.9], [4107.0, 5974.4], [4110.0, 5967.4], [4117.3, 5958.0], [4119.7, 5949.2], [4120.9, 5937.4], [4123.9, 5927.4], [4136.6, 5918.0], [4138.4, 5908.0], [4142.0, 5892.1], [4147.4, 5889.1], [4165.5, 5873.2], [4174.5, 5859.6], [4196.2, 5848.9], [4208.3, 5839.4], [4213.7, 5831.1], [4218.6, 5816.3], [4231.2, 5789.0], [4230.6, 5767.6], [4227.0, 5763.4], [4217.4, 5758.1], [4202.9, 5747.4], [4196.9, 5732.5], [4192.1, 5724.2], [4184.8, 5718.2], [4184.9, 5703.3], [4181.8, 5699.1], [4163.2, 5690.2], [4146.9, 5676.4], [4139.7, 5666.2], [4138.5, 5659.1], [4145.1, 5648.3], [4154.8, 5638.1], [4163.8, 5621.9], [4160.8, 5611.7], [4154.8, 5606.9], [4141.5, 5600.9], [4128.3, 5598.5], [4116.2, 5599.1], [4108.4, 5605.1], [4103.5, 5618.3], [4096.9, 5632.7], [4089.1, 5643.5], [4077.6, 5650.1], [4065.6, 5648.3], [4055.3, 5644.2], [4042.1, 5639.4], [4032.4, 5638.8], [4025.8, 5643.0], [4020.8, 5647.1], [4019.2, 5648.4], [4011.3, 5656.8], [3998.7, 5657.4], [3989.9, 5656.2], [3974.6, 5657.4], [3965.5, 5661.6], [3955.9, 5669.4], [3943.2, 5672.4], [3927.6, 5673.6], [3913.1, 5672.4], [3900.4, 5670.6], [3890.2, 5667.7], [3878.8, 5667.1], [3873.3, 5660.5], [3864.9, 5652.1], [3858.9, 5643.1], [3856.5, 5645.5], [3855.3, 5653.9], [3850.4, 5660.5], [3845.0, 5664.1], [3834.8, 5667.1], [3826.9, 5671.9], [3825.7, 5680.9], [3828.7, 5693.4], [3833.5, 5710.1], [3840.2, 5723.9], [3840.2, 5724.4], [3840.2, 5731.6], [3837.1, 5737.0], [3822.1, 5737.0], [3801.0, 5737.6], [3788.3, 5723.9], [3785.8, 5719.2], [3781.1, 5710.8], [3778.7, 5716.8], [3777.2, 5721.8], [3773.9, 5732.9], [3767.8, 5744.8], [3764.7, 5746.7], [3764.7, 5749.5], [3760.0, 5755.5], [3752.2, 5765.0], [3748.6, 5769.8], [3739.5, 5763.3], [3728.1, 5753.2], [3714.8, 5745.4], [3691.3, 5737.7], [3673.8, 5734.7], [3667.8, 5727.6], [3654.0, 5713.9], [3635.9, 5706.7], [3626.9, 5703.8], [3624.4, 5700.2], [3614.8, 5687.0], [3595.5, 5668.5], [3578.7, 5657.1], [3543.7, 5639.8], [3512.4, 5631.4], [3488.3, 5629.1], [3482.9, 5622.5], [3485.9, 5614.7], [3495.5, 5608.1], [3504.0, 5602.6], [3507.0, 5596.0], [3496.1, 5591.2], [3473.8, 5588.2], [3454.6, 5589.5], [3439.5, 5594.3], [3424.4, 5599.1], [3402.7, 5606.3], [3383.5, 5609.4], [3367.8, 5608.8], [3356.9, 5602.8], [3347.3, 5603.4], [3338.3, 5609.4], [3324.4, 5619.0], [3302.1, 5619.0], [3276.8, 5616.6], [3261.7, 5619.7], [3252.1, 5626.9], [3244.2, 5628.1], [3226.8, 5617.9], [3217.3, 5609.0], [3217.7, 5607.7], [3218.9, 5596.9], [3218.4, 5583.7], [3215.3, 5577.6], [3205.1, 5568.6], [3199.7, 5565.6], [3194.3, 5562.6], [3185.2, 5560.2], [3168.3, 5557.8], [3159.9, 5558.4], [3152.1, 5558.5], [3144.2, 5556.1], [3137.6, 5558.5], [3129.2, 5564.5], [3118.3, 5569.3], [3112.3, 5566.9], [3108.1, 5557.9], [3104.5, 5550.1], [3098.5, 5544.0], [3091.2, 5540.4], [3079.8, 5534.4], [3068.9, 5537.4], [3058.7, 5537.5], [3051.5, 5535.7], [3039.4, 5530.2], [3032.2, 5520.0], [3021.3, 5513.4], [3012.9, 5506.1], [3011.7, 5498.3], [3009.9, 5491.7], [3004.5, 5485.6], [2999.7, 5478.4], [3001.5, 5472.9], [2996.6, 5465.1], [2987.6, 5465.1], [2965.3, 5465.7], [2954.5, 5464.5], [2953.9, 5460.9], [2953.9, 5445.2], [2950.9, 5444.0], [2940.0, 5441.5], [2937.6, 5439.1], [2932.2, 5436.7], [2912.3, 5436.1], [2908.7, 5431.9], [2898.4, 5428.3], [2887.0, 5428.3], [2877.3, 5435.5], [2870.7, 5440.4], [2867.1, 5438.6], [2864.7, 5432.5], [2864.7, 5421.6], [2864.7, 5404.7], [2862.3, 5396.8], [2856.3, 5383.4], [2853.3, 5370.7], [2840.6, 5367.7], [2835.8, 5365.9], [2831.6, 5359.8], [2823.7, 5359.2], [2813.5, 5361.6], [2804.5, 5367.1], [2797.3, 5367.1], [2788.2, 5367.1], [2785.2, 5369.6], [2776.7, 5381.7], [2764.1, 5390.2], [2751.4, 5393.8], [2743.6, 5390.2], [2747.8, 5384.1], [2755.0, 5379.3], [2759.3, 5372.6], [2763.5, 5363.5], [2773.1, 5352.6], [2786.6, 5340.6], [2793.0, 5334.9], [2793.0, 5324.0], [2792.5, 5316.5], [2794.9, 5314.5], [2788.2, 5311.2], [2788.2, 5305.1], [2788.2, 5293.0], [2783.4, 5280.8], [2775.6, 5277.8], [2769.5, 5275.3], [2768.3, 5268.6], [2772.0, 5256.5], [2772.0, 5247.3], [2768.4, 5233.3], [2769.0, 5227.2], [2773.8, 5219.9], [2781.0, 5215.6], [2785.2, 5205.2], [2785.3, 5193.0], [2799.1, 5179.6], [2821.4, 5168.6], [2837.1, 5174.7], [2848.5, 5182.6], [2856.4, 5186.9], [2863.6, 5194.8], [2871.4, 5196.6], [2879.3, 5194.2], [2889.5, 5188.1], [2894.9, 5189.9], [2902.8, 5192.9], [2911.8, 5191.7], [2913.6, 5184.4], [2920.8, 5176.4], [2937.7, 5171.5], [2948.6, 5171.5], [2959.4, 5172.1], [2968.4, 5167.9], [2976.3, 5158.1], [2996.2, 5157.4], [3010.0, 5163.5], [3017.3, 5181.2], [3021.5, 5194.1], [3027.5, 5203.8], [3037.1, 5208.1], [3049.2, 5200.7], [3062.4, 5198.3], [3070.3, 5188.5], [3094.4, 5164.7], [3103.3, 5152.8], [3106.3, 5147.7], [3106.4, 5147.5], [3107.6, 5145.0], [3113.1, 5136.0], [3120.9, 5111.5], [3119.1, 5084.6], [3112.7, 5073.1], [3112.5, 5069.9], [3104.7, 5064.4], [3097.4, 5064.4], [3089.0, 5062.0], [3086.6, 5053.4], [3090.7, 5042.8], [3093.2, 5036.3], [3096.9, 5024.6], [3102.3, 5015.4], [3116.8, 4999.5], [3121.6, 4989.7], [3120.4, 4979.3], [3118.6, 4963.3], [3108.9, 4968.9], [3098.7, 4979.3], [3090.2, 4994.0], [3081.2, 5011.2], [3070.3, 5031.4], [3061.9, 5043.6], [3046.2, 5052.2], [3034.8, 5056.5], [3019.7, 5059.0], [3008.3, 5058.4], [2997.4, 5055.3], [2989.0, 5051.7], [2973.9, 5044.9], [2963.7, 5037.6], [2957.1, 5030.9], [2954.0, 5019.2], [2946.2, 5010.1], [2936.6, 5010.7], [2916.7, 5008.2], [2893.8, 5004.0], [2886.3, 5000.5], [2886.2, 4999.9], [2883.5, 4999.1], [2882.3, 4994.8], [2878.1, 4988.1], [2872.7, 4988.1], [2863.1, 4985.6], [2857.0, 4981.3], [2849.2, 4978.9], [2842.6, 4974.0], [2840.8, 4967.2], [2836.0, 4956.2], [2839.0, 4952.5], [2846.8, 4956.2], [2851.0, 4962.9], [2856.4, 4968.5], [2864.3, 4969.7], [2870.9, 4968.4], [2883.0, 4967.8], [2891.4, 4962.3], [2887.8, 4958.6], [2881.8, 4958.6], [2874.5, 4958.6], [2864.9, 4960.5], [2858.9, 4956.8], [2858.9, 4951.9], [2855.9, 4941.5], [2848.6, 4937.8], [2842.6, 4935.4], [2838.4, 4931.7], [2833.0, 4925.6], [2831.8, 4921.3], [2834.2, 4917.0], [2838.4, 4915.1], [2839.0, 4910.8], [2839.0, 4903.5], [2839.0, 4898.0], [2835.4, 4893.1], [2828.8, 4890.6], [2827.6, 4885.7], [2831.2, 4883.9], [2834.2, 4885.1], [2839.0, 4885.1], [2840.8, 4885.1], [2845.0, 4891.8], [2848.0, 4897.3], [2851.0, 4909.6], [2854.1, 4917.0], [2856.5, 4926.2], [2862.5, 4927.4], [2869.1, 4927.4], [2874.5, 4926.8], [2875.7, 4921.2], [2876.4, 4911.4], [2878.2, 4899.8], [2881.8, 4890.6], [2886.0, 4882.0], [2893.8, 4878.3], [2899.9, 4880.7], [2906.5, 4883.2], [2911.9, 4882.0], [2917.3, 4877.0], [2917.3, 4872.1], [2922.2, 4870.9], [2925.8, 4866.6], [2925.8, 4859.2], [2929.4, 4856.2], [2936.6, 4854.9], [2940.3, 4853.1], [2945.7, 4848.2], [2957.7, 4846.9], [2963.8, 4846.3], [2968.6, 4835.3], [2972.2, 4827.3], [2974.4, 4825.7], [2974.1, 4824.1], [2974.6, 4823.6], [2978.2, 4817.5], [2978.8, 4810.7], [2980.6, 4805.2], [2984.9, 4801.5], [2986.1, 4796.6], [2984.3, 4792.3], [2981.3, 4786.2], [2981.3, 4780.0], [2983.7, 4776.4], [2986.1, 4770.8], [2984.9, 4764.7], [2984.3, 4760.4], [2983.1, 4753.7], [2984.9, 4747.5], [2991.5, 4740.8], [2989.7, 4730.9], [2986.7, 4734.0], [2981.3, 4738.3], [2971.6, 4742.0], [2963.2, 4742.0], [2955.4, 4734.7], [2942.7, 4732.2], [2936.1, 4729.2], [2925.2, 4724.3], [2920.4, 4726.7], [2912.6, 4727.9], [2904.8, 4726.7], [2903.5, 4721.2], [2902.9, 4715.1], [2899.9, 4710.8], [2892.7, 4705.3], [2876.4, 4704.7], [2871.6, 4699.1], [2866.6, 4692.2], [2866.2, 4689.3], [2860.8, 4683.2], [2853.6, 4677.1], [2850.5, 4669.7], [2851.7, 4660.5], [2851.8, 4653.2], [2851.8, 4646.4], [2848.1, 4640.9], [2845.7, 4635.4], [2849.4, 4628.0], [2851.8, 4620.0], [2854.8, 4615.7], [2859.0, 4609.0], [2863.8, 4609.0], [2863.8, 4613.3], [2861.4, 4617.0], [2860.8, 4623.7], [2861.4, 4628.6], [2865.0, 4632.9], [2867.4, 4642.1], [2866.8, 4648.2], [2863.8, 4653.1], [2866.8, 4656.8], [2870.4, 4659.3], [2877.1, 4666.0], [2887.9, 4667.8], [2902.4, 4667.8], [2907.8, 4670.3], [2908.4, 4675.2], [2911.4, 4679.5], [2916.2, 4679.5], [2921.0, 4677.0], [2924.1, 4672.1], [2928.3, 4670.3], [2931.0, 4668.7], [2930.9, 4668.5], [2933.1, 4667.2], [2936.1, 4662.9], [2937.9, 4659.8], [2940.3, 4654.3], [2940.9, 4644.5], [2940.9, 4635.3], [2939.7, 4628.5], [2938.5, 4624.3], [2938.1, 4620.3], [2937.9, 4619.9], [2927.7, 4614.4], [2922.2, 4608.2], [2921.0, 4600.9], [2921.5, 4591.0], [2915.7, 4586.3], [2908.4, 4585.7], [2898.2, 4584.4], [2892.8, 4582.0], [2892.2, 4575.9], [2886.1, 4575.3], [2882.5, 4579.6], [2877.1, 4583.2], [2870.5, 4583.2], [2856.6, 4582.6], [2853.6, 4584.5], [2848.8, 4596.7], [2842.1, 4596.1], [2843.3, 4590.6], [2844.5, 4586.3], [2844.6, 4582.0], [2839.7, 4580.2], [2829.5, 4585.7], [2820.4, 4590.0], [2816.2, 4582.1], [2818.0, 4571.6], [2816.2, 4563.1], [2812.0, 4563.1], [2810.2, 4558.2], [2810.2, 4554.5], [2810.8, 4554.5], [2813.2, 4547.1], [2812.0, 4536.1], [2807.2, 4527.5], [2802.4, 4519.6], [2799.4, 4514.7], [2799.4, 4503.7], [2792.8, 4500.6], [2794.0, 4493.3], [2796.4, 4487.7], [2801.2, 4481.0], [2805.4, 4476.1], [2798.8, 4476.7], [2786.1, 4475.5], [2786.1, 4469.4], [2784.3, 4462.7], [2781.3, 4459.0], [2769.3, 4458.4], [2768.1, 4450.4], [2765.4, 4446.1], [2762.1, 4440.7], [2754.8, 4433.9], [2752.4, 4428.4], [2749.4, 4423.6], [2748.2, 4413.8], [2749.4, 4403.4], [2759.1, 4393.0], [2760.3, 4383.8], [2760.3, 4368.0], [2761.5, 4362.5], [2766.3, 4361.2], [2768.1, 4357.0], [2774.1, 4353.3], [2776.5, 4357.6], [2780.8, 4364.9], [2785.0, 4364.9], [2790.4, 4361.8], [2792.2, 4355.7], [2792.2, 4346.0], [2789.8, 4339.3], [2785.6, 4335.0], [2777.8, 4330.7], [2769.3, 4326.5], [2772.9, 4322.8], [2782.0, 4317.9], [2787.4, 4310.0], [2788.6, 4297.2], [2798.9, 4290.5], [2809.1, 4283.2], [2810.9, 4275.2], [2809.7, 4264.9], [2815.2, 4250.3], [2824.8, 4247.8], [2836.9, 4240.5], [2847.7, 4223.5], [2855.5, 4220.5], [2857.3, 4220.0], [2862.2, 4218.6], [2868.8, 4212.5], [2864.6, 4210.7], [2861.7, 4208.4], [2858.6, 4205.9], [2858.6, 4200.4], [2858.6, 4192.5], [2851.3, 4191.3], [2845.3, 4184.6], [2848.9, 4177.3], [2853.2, 4171.9], [2853.8, 4163.4], [2855.6, 4156.7], [2859.2, 4151.3], [2865.8, 4145.8], [2880.9, 4144.6], [2892.2, 4133.8], [2888.1, 4131.8], [2881.5, 4127.6], [2877.9, 4120.9], [2879.1, 4112.5], [2886.9, 4104.6], [2886.9, 4101.0], [2886.3, 4095.5], [2885.7, 4090.1], [2887.5, 4087.1], [2894.2, 4087.1], [2905.0, 4081.6], [2907.4, 4076.8], [2909.8, 4071.9], [2909.2, 4064.7], [2906.8, 4054.4], [2905.1, 4050.4], [2899.6, 4038.1], [2899.0, 4022.4], [2905.0, 4017.0], [2909.3, 4005.6], [2909.3, 3979.7], [2922.7, 3967.8], [2920.7, 3965.2], [2915.9, 3953.8], [2911.1, 3941.2], [2910.5, 3933.4], [2912.3, 3925.0], [2917.1, 3915.4], [2920.0, 3910.0], [2923.8, 3908.8], [2923.2, 3905.8], [2922.0, 3905.6], [2922.0, 3904.6], [2917.2, 3904.3], [2915.9, 3903.1], [2913.0, 3902.4], [2907.5, 3902.2], [2905.6, 3895.8], [2905.6, 3890.3], [2897.9, 3887.9], [2899.7, 3883.1], [2899.6, 3882.6], [2898.5, 3873.5], [2896.1, 3869.3], [2894.5, 3868.5], [2889.4, 3865.7], [2888.8, 3859.8], [2892.4, 3855.0], [2896.1, 3850.2], [2896.1, 3843.8], [2896.1, 3840.6], [2893.7, 3835.3], [2893.1, 3826.3], [2893.1, 3826.3], [2896.1, 3822.7], [2900.3, 3817.4], [2905.1, 3817.4], [2909.3, 3825.1], [2909.9, 3838.2], [2910.6, 3843.7], [2911.7, 3853.2], [2919.6, 3855.0], [2925.0, 3849.0], [2922.9, 3843.2], [2923.3, 3843.0], [2923.7, 3838.6], [2918.4, 3817.3], [2912.4, 3804.2], [2908.1, 3785.8], [2904.5, 3770.3], [2906.9, 3760.8], [2903.9, 3750.7], [2900.9, 3738.3], [2902.7, 3730.0], [2905.6, 3726.0], [2908.8, 3721.7], [2910.6, 3724.6], [2913.0, 3731.7], [2914.2, 3740.0], [2914.5, 3740.4], [2914.8, 3745.4], [2920.2, 3750.1], [2923.7, 3748.6], [2932.3, 3749.5], [2935.9, 3745.9], [2938.8, 3740.1], [2938.2, 3727.5], [2938.7, 3720.6], [2932.3, 3715.5], [2927.4, 3714.4], [2926.9, 3714.5], [2923.6, 3715.1], [2921.4, 3714.5], [2920.8, 3710.4], [2928.1, 3706.8], [2936.5, 3705.1], [2940.1, 3704.5], [2940.7, 3704.5], [2945.7, 3703.0], [2946.7, 3702.7], [2949.1, 3699.9], [2950.4, 3698.5], [2955.0, 3697.0], [2955.8, 3696.8], [2956.4, 3705.6], [2956.4, 3707.4], [2956.4, 3716.9], [2958.8, 3721.0], [2959.4, 3723.4], [2963.0, 3729.9], [2965.4, 3724.6], [2970.8, 3721.6], [2978.1, 3718.6], [2992.5, 3706.8], [3001.8, 3693.4], [3002.8, 3692.0], [3010.6, 3693.7], [3010.0, 3699.1], [3008.9, 3702.7], [3008.8, 3703.2], [3007.6, 3710.3], [3009.2, 3713.8], [3010.0, 3715.6], [3014.2, 3716.8], [3019.0, 3721.6], [3021.5, 3729.3], [3019.6, 3737.6], [3019.5, 3737.8], [3016.2, 3739.5], [3016.2, 3749.8], [3018.0, 3757.3], [3025.5, 3759.5], [3032.5, 3760.1], [3035.8, 3759.4], [3038.0, 3759.5], [3038.9, 3759.5], [3038.9, 3764.9], [3040.1, 3774.4], [3043.1, 3779.7], [3059.4, 3777.9], [3063.6, 3773.2], [3083.5, 3772.0], [3091.9, 3767.2], [3101.6, 3764.2], [3127.5, 3760.6], [3138.9, 3763.6], [3146.8, 3764.6], [3163.0, 3766.5], [3173.3, 3766.5], [3176.9, 3770.7], [3175.7, 3778.4], [3172.1, 3786.2], [3163.0, 3787.4], [3158.8, 3791.5], [3158.8, 3801.1], [3155.2, 3812.4], [3151.0, 3818.9], [3149.1, 3827.9], [3148.6, 3830.3], [3151.0, 3831.5], [3152.9, 3831.5], [3158.8, 3831.5], [3170.9, 3834.4], [3177.5, 3839.8], [3178.7, 3847.6], [3184.7, 3850.5], [3198.6, 3854.7], [3208.8, 3856.5], [3208.8, 3861.9], [3204.0, 3866.1], [3201.0, 3870.9], [3201.6, 3885.2], [3201.6, 3898.4], [3205.8, 3905.0], [3206.4, 3916.4], [3219.0, 3935.5], [3223.8, 3956.6], [3223.2, 3979.4], [3219.0, 4012.5], [3212.3, 4036.0], [3207.5, 4047.5], [3211.1, 4056.6], [3217.2, 4059.6], [3227.4, 4065.6], [3240.7, 4072.2], [3253.3, 4072.2], [3267.8, 4061.4], [3283.4, 4047.5], [3305.7, 4038.4], [3322.3, 4029.6], [3323.1, 4028.5], [3327.4, 4025.7], [3337.7, 4019.1], [3344.9, 4014.8], [3350.4, 4008.8], [3339.5, 4009.4], [3328.7, 4007.6], [3323.2, 4004.6], [3321.4, 3998.6], [3329.9, 3996.8], [3338.9, 3991.3], [3344.9, 3984.1], [3346.8, 3972.7], [3349.8, 3967.9], [3358.8, 3963.7], [3367.2, 3960.6], [3373.9, 3958.2], [3373.9, 3949.8], [3363.0, 3936.0], [3357.0, 3928.8], [3354.0, 3921.6], [3346.2, 3916.8], [3338.9, 3907.9], [3335.3, 3901.3], [3330.5, 3893.5], [3330.1, 3892.7], [3326.9, 3890.5], [3326.3, 3883.9], [3334.1, 3882.7], [3362.5, 3883.9], [3376.3, 3890.4], [3387.8, 3890.4], [3395.0, 3894.0], [3398.6, 3903.0], [3405.8, 3909.0], [3411.9, 3910.2], [3415.5, 3918.6], [3420.9, 3928.8], [3427.5, 3933.0], [3432.6, 3936.0], [3433.3, 3935.4], [3435.9, 3938.4], [3443.2, 3940.8], [3453.4, 3939.5], [3466.1, 3930.5], [3472.1, 3926.9], [3479.9, 3924.5], [3496.2, 3924.5], [3503.4, 3922.1], [3509.5, 3916.7], [3513.7, 3907.7], [3520.3, 3896.9], [3525.8, 3890.9], [3538.4, 3886.1], [3545.6, 3880.7], [3550.0, 3877.5], [3550.9, 3878.5], [3554.7, 3874.7], [3561.3, 3873.5], [3571.0, 3873.5], [3577.6, 3871.7], [3589.6, 3871.1], [3599.9, 3874.1], [3606.5, 3878.9], [3614.9, 3886.1], [3624.0, 3896.8], [3640.2, 3914.2], [3651.7, 3927.4], [3658.9, 3934.0], [3659.5, 3942.4], [3655.3, 3945.4], [3650.5, 3950.8], [3649.9, 3955.0], [3654.1, 3961.6], [3657.7, 3965.8], [3669.1, 3972.4], [3674.0, 3978.4], [3677.6, 3985.0], [3678.8, 3994.1], [3680.0, 4000.7], [3683.0, 4007.3], [3689.6, 4015.7], [3695.6, 4023.0], [3698.6, 4027.8], [3700.4, 4034.4], [3701.6, 4041.7], [3699.2, 4050.7], [3703.4, 4055.5], [3710.7, 4056.1], [3715.2, 4056.5], [3718.7, 4055.5], [3719.7, 4051.9], [3725.2, 4052.8], [3726.1, 4052.9], [3731.1, 4059.3], [3735.0, 4066.2], [3738.5, 4071.2], [3743.4, 4072.7], [3749.3, 4067.7], [3754.2, 4060.8], [3761.1, 4058.3], [3766.6, 4051.4], [3774.5, 4043.0], [3780.4, 4038.0], [3782.9, 4031.1], [3783.4, 4026.2], [3777.9, 4025.7], [3771.0, 4025.2], [3764.6, 4023.2], [3757.2, 4017.8], [3757.7, 4011.9], [3761.2, 4006.9], [3765.1, 4001.5], [3773.0, 3995.6], [3777.9, 3993.1], [3779.4, 3985.7], [3779.4, 3981.8], [3779.4, 3975.4], [3779.6, 3974.5], [3779.9, 3972.4], [3777.5, 3969.0], [3777.0, 3958.7], [3779.4, 3952.3], [3779.4, 3947.3], [3783.4, 3946.4], [3787.3, 3949.8], [3792.3, 3955.7], [3795.7, 3959.1], [3803.1, 3959.1], [3810.0, 3955.7], [3813.0, 3948.8], [3811.0, 3939.0], [3811.0, 3926.7], [3809.1, 3920.3], [3808.1, 3915.4], [3810.0, 3911.9], [3821.9, 3914.9], [3831.8, 3916.8], [3837.2, 3925.2], [3839.6, 3932.5], [3844.6, 3943.4], [3845.1, 3953.2], [3852.5, 3960.1], [3858.4, 3962.5], [3864.3, 3967.9], [3871.2, 3972.4], [3882.0, 3974.8], [3889.9, 3974.8], [3894.9, 3976.8], [3894.9, 3984.6], [3891.4, 3991.6], [3889.4, 3998.5], [3889.4, 4007.3], [3889.9, 4018.7], [3887.9, 4025.6], [3884.0, 4031.5], [3877.6, 4037.4], [3875.6, 4041.4], [3873.6, 4050.3], [3870.7, 4058.7], [3865.2, 4063.7], [3859.8, 4064.1], [3855.9, 4062.7], [3859.3, 4056.2], [3861.3, 4051.8], [3859.8, 4045.4], [3854.4, 4041.9], [3847.0, 4037.0], [3840.6, 4036.0], [3839.1, 4044.9], [3836.1, 4060.7], [3835.1, 4072.1], [3832.2, 4080.5], [3832.7, 4090.9], [3835.6, 4100.3], [3835.6, 4107.2], [3840.1, 4112.2], [3851.4, 4116.6], [3859.8, 4122.1], [3861.3, 4127.0], [3861.3, 4131.0], [3859.3, 4140.4], [3859.3, 4147.9], [3859.3, 4154.8], [3862.2, 4159.8], [3873.6, 4164.7], [3884.4, 4167.2], [3896.3, 4172.7], [3907.6, 4182.6], [3915.0, 4191.0], [3919.0, 4196.5], [3922.0, 4199.8], [3922.2, 4199.4], [3924.4, 4205.4], [3939.7, 4211.4], [3949.0, 4217.4], [3960.9, 4224.8], [3969.3, 4227.8], [3977.2, 4225.8], [3984.1, 4221.8], [3985.1, 4214.8], [3984.6, 4202.4], [3987.0, 4189.0], [3992.0, 4178.0], [4001.4, 4169.6], [4008.8, 4163.1], [4019.6, 4157.7], [4027.0, 4153.7], [4030.0, 4152.3], [4033.4, 4150.7], [4044.8, 4144.7], [4055.1, 4140.8], [4062.5, 4137.3], [4070.9, 4134.3], [4076.4, 4126.4], [4086.2, 4116.4], [4091.2, 4111.5], [4100.0, 4107.0], [4106.0, 4107.5], [4112.9, 4110.0], [4117.3, 4113.9], [4119.5, 4116.8], [4119.8, 4116.5], [4120.8, 4121.4], [4126.2, 4124.8], [4132.6, 4126.8], [4143.9, 4125.8], [4154.8, 4122.8], [4165.7, 4119.8], [4171.6, 4112.9], [4177.5, 4108.4], [4185.9, 4105.4], [4191.8, 4104.9], [4201.2, 4103.5], [4209.1, 4100.5], [4217.5, 4095.5], [4227.8, 4086.1], [4233.8, 4079.2], [4243.6, 4069.8], [4257.9, 4055.4], [4267.8, 4047.0], [4276.2, 4040.1], [4286.1, 4030.7], [4292.5, 4022.8], [4297.9, 4019.3], [4302.3, 4022.3], [4307.8, 4029.2], [4315.7, 4043.0], [4322.1, 4050.4], [4324.3, 4053.7], [4325.8, 4053.1], [4326.5, 4052.9], [4336.9, 4046.9], [4346.7, 4043.0], [4359.1, 4040.0], [4365.0, 4034.1], [4369.9, 4011.4], [4371.4, 3999.5], [4371.4, 3990.6], [4369.5, 3977.8], [4369.0, 3968.5], [4372.9, 3962.6], [4378.3, 3958.6], [4386.2, 3955.2], [4398.1, 3954.2], [4411.4, 3955.7], [4427.2, 3958.6], [4447.4, 3957.1], [4466.2, 3952.2], [4475.5, 3947.7], [4487.4, 3939.9], [4498.2, 3930.5], [4504.7, 3922.2], [4511.1, 3910.4], [4520.9, 3900.5], [4528.8, 3892.2], [4536.7, 3884.4], [4537.2, 3871.6], [4537.7, 3865.7], [4544.1, 3854.5], [4552.5, 3849.6], [4558.5, 3845.2], [4560.9, 3837.3], [4562.9, 3829.0], [4564.4, 3822.2], [4567.3, 3817.8], [4574.3, 3813.4], [4574.6, 3813.2], [4576.2, 3811.0], [4588.1, 3804.1], [4603.4, 3798.3], [4623.1, 3795.8], [4636.9, 3792.4], [4647.3, 3788.5], [4658.6, 3785.1], [4671.0, 3786.5], [4686.7, 3788.4], [4697.1, 3793.8], [4701.5, 3803.1], [4704.5, 3806.0], [4715.8, 3806.5], [4726.7, 3812.8], [4733.6, 3821.1], [4741.5, 3836.7], [4752.3, 3852.8], [4758.7, 3871.9], [4760.2, 3885.1], [4760.2, 3890.5], [4767.1, 3891.5], [4778.0, 3890.0], [4786.4, 3895.4], [4790.3, 3903.7], [4790.8, 3919.0], [4789.3, 3936.2], [4795.7, 3948.9], [4804.6, 3962.2], [4805.1, 3994.7], [4805.1, 4019.4], [4807.0, 4027.8], [4817.4, 4039.6], [4835.6, 4057.4], [4845.0, 4067.3], [4845.9, 4068.9], [4849.9, 4076.2], [4852.4, 4082.1], [4861.8, 4084.6], [4874.1, 4090.5], [4882.0, 4099.9], [4883.9, 4112.8], [4884.4, 4126.7], [4883.0, 4136.6], [4882.9, 4140.5], [4884.4, 4142.5], [4893.8, 4142.5], [4918.5, 4144.0], [4927.8, 4142.5], [4940.2, 4133.1], [4952.5, 4121.1], [4966.8, 4109.2], [4976.7, 4102.3], [4989.0, 4086.4], [4992.5, 4078.0], [4997.4, 4064.7], [5003.4, 4055.3], [5011.7, 4047.8], [5018.7, 4044.9], [5032.5, 4041.9], [5035.9, 4040.4], [5036.4, 4022.6], [5038.9, 4009.8], [5046.8, 3999.4], [5050.7, 3990.6], [5051.2, 3978.2], [5057.7, 3964.9], [5064.6, 3955.1], [5068.5, 3951.2], [5068.6, 3951.1], [5078.9, 3946.2], [5094.7, 3940.8], [5114.4, 3935.4], [5133.2, 3930.9], [5147.0, 3926.5], [5158.3, 3923.6], [5166.2, 3921.6], [5184.0, 3921.6], [5203.2, 3921.1], [5213.1, 3921.1], [5220.5, 3916.6], [5226.9, 3915.2], [5237.3, 3916.1], [5246.1, 3918.6], [5259.0, 3921.5], [5265.9, 3924.0], [5267.3, 3929.9], [5259.9, 3937.2], [5258.0, 3943.1], [5265.9, 3945.6], [5278.2, 3953.9], [5288.5, 3962.3], [5297.4, 3972.6], [5306.3, 3983.4], [5314.7, 3989.4], [5320.1, 3991.3], [5328.0, 3995.3], [5330.9, 4000.2], [5330.0, 4005.6], [5320.6, 4017.5], [5306.3, 4023.9], [5291.0, 4030.3], [5284.9, 4037.6], [5283.6, 4039.2], [5274.2, 4050.6], [5271.2, 4057.0], [5271.2, 4065.9], [5271.7, 4071.8], [5280.1, 4072.3], [5287.0, 4072.3], [5290.0, 4077.3], [5288.0, 4088.2], [5283.1, 4092.6], [5278.1, 4099.1], [5280.1, 4104.0], [5286.0, 4100.5], [5293.9, 4097.6], [5303.3, 4096.1], [5315.1, 4097.5], [5323.5, 4100.5], [5326.0, 4107.9], [5327.0, 4127.8], [5330.4, 4131.2], [5337.8, 4135.7], [5340.8, 4140.2], [5341.7, 4149.6], [5347.2, 4156.5], [5350.1, 4162.5], [5351.1, 4167.9], [5351.1, 4174.9], [5352.6, 4179.4], [5360.0, 4176.9], [5366.9, 4176.4], [5375.8, 4178.4], [5384.2, 4180.8], [5389.6, 4190.3], [5390.1, 4195.2], [5394.5, 4201.2], [5397.5, 4203.2], [5404.9, 4202.2], [5410.8, 4201.7], [5417.2, 4201.7], [5421.1, 4201.2], [5427.6, 4194.7], [5432.5, 4189.2], [5436.0, 4186.8], [5442.9, 4186.7], [5448.8, 4185.7], [5450.3, 4180.3], [5449.8, 4174.8], [5444.3, 4170.8], [5441.9, 4163.9], [5442.4, 4157.4], [5447.3, 4153.0], [5454.2, 4148.0], [5460.6, 4144.5], [5464.6, 4140.1], [5462.1, 4135.6], [5455.7, 4132.6], [5452.8, 4129.2], [5452.8, 4112.8], [5450.3, 4105.4], [5446.8, 4100.9], [5441.4, 4097.9], [5438.0, 4092.0], [5437.0, 4079.6], [5434.0, 4066.8], [5427.1, 4056.9], [5425.2, 4050.9], [5421.5, 4048.1], [5418.3, 4045.5], [5409.9, 4042.1], [5401.0, 4038.6], [5395.6, 4037.1], [5391.6, 4027.8], [5391.6, 4019.4], [5388.7, 4012.0], [5386.2, 4007.5], [5389.7, 4001.6], [5399.0, 3991.3], [5406.9, 3985.8], [5415.8, 3979.9], [5425.7, 3976.9], [5436.5, 3975.0], [5446.4, 3976.9], [5453.3, 3980.4], [5466.6, 3980.4], [5471.6, 3980.3], [5476.0, 3982.8], [5478.2, 3985.5], [5478.6, 3985.1], [5480.9, 3989.7], [5489.8, 3994.6], [5494.7, 3997.6], [5493.3, 4006.9], [5491.8, 4011.4], [5495.2, 4015.3], [5500.6, 4018.8], [5512.5, 4025.2], [5522.3, 4035.5], [5530.7, 4045.9], [5536.2, 4047.9], [5539.6, 4052.8], [5540.6, 4064.7], [5542.6, 4069.6], [5545.5, 4072.6], [5545.5, 4079.5], [5548.5, 4082.5], [5552.4, 4084.5], [5561.3, 4083.5], [5564.8, 4080.0], [5578.6, 4079.5], [5595.8, 4079.0], [5604.2, 4075.5], [5609.2, 4070.1], [5614.1, 4067.1], [5625.4, 4066.1], [5641.7, 4064.1], [5651.1, 4061.6], [5657.0, 4058.7], [5659.5, 4050.3], [5656.5, 4042.4], [5659.5, 4038.4], [5662.5, 4035.9], [5664.9, 4028.0], [5665.9, 4018.6], [5665.9, 4011.2], [5671.3, 4009.3], [5679.2, 4004.3], [5684.7, 3999.9], [5691.6, 3995.9], [5698.5, 3994.9], [5704.9, 3993.9], [5708.8, 3986.6], [5709.3, 3978.2], [5713.3, 3972.8], [5725.1, 3962.9], [5732.0, 3956.0], [5741.4, 3950.6], [5747.8, 3947.1], [5759.2, 3943.2], [5766.1, 3940.7], [5774.0, 3933.4], [5789.3, 3923.5], [5804.1, 3913.2], [5814.5, 3908.3], [5824.3, 3900.4], [5828.3, 3891.6], [5835.2, 3879.8], [5839.1, 3870.5], [5842.6, 3865.6], [5842.6, 3858.3], [5839.6, 3853.4], [5838.2, 3842.6], [5840.1, 3834.3], [5843.6, 3827.0], [5849.0, 3819.6], [5855.4, 3807.9], [5859.5, 3803.9], [5863.3, 3800.1], [5867.8, 3794.3], [5872.7, 3791.3], [5878.1, 3790.8], [5883.1, 3793.3], [5887.4, 3797.8], [5889.5, 3800.1], [5893.4, 3809.8], [5896.4, 3818.6], [5902.8, 3829.9], [5911.7, 3836.2], [5921.5, 3839.6], [5926.0, 3844.5], [5931.9, 3846.4], [5939.4, 3846.4], [5939.8, 3845.9], [5943.2, 3844.9], [5949.6, 3843.0], [5961.0, 3839.1], [5970.9, 3835.7], [5988.1, 3834.2], [5998.5, 3838.6], [6011.3, 3843.0], [6029.1, 3842.9], [6038.0, 3839.0], [6046.3, 3836.1], [6053.3, 3834.6], [6069.5, 3834.1], [6086.3, 3833.6], [6101.6, 3829.7], [6112.0, 3823.8], [6123.3, 3817.5], [6137.1, 3811.1], [6144.0, 3808.2], [6161.8, 3806.2], [6178.6, 3805.7], [6187.9, 3803.2], [6199.8, 3801.3], [6202.3, 3795.4], [6206.7, 3789.1], [6212.6, 3781.3], [6220.0, 3777.9], [6230.9, 3777.4], [6246.2, 3774.4], [6256.5, 3770.1], [6266.4, 3765.7], [6275.3, 3760.8], [6283.7, 3756.4], [6291.1, 3747.2], [6296.5, 3740.4], [6299.5, 3728.7], [6301.4, 3721.4], [6306.9, 3718.5], [6313.3, 3719.0], [6318.7, 3723.3], [6319.7, 3726.7], [6322.7, 3734.0], [6325.6, 3736.0], [6328.6, 3728.7], [6330.5, 3724.3], [6332.0, 3719.0], [6334.5, 3712.2], [6335.0, 3702.5], [6341.4, 3697.6], [6349.8, 3689.9], [6359.2, 3678.7], [6364.6, 3671.0], [6370.0, 3667.1], [6375.0, 3663.2], [6375.0, 3657.9], [6370.0, 3655.0], [6368.6, 3650.2], [6370.0, 3645.4], [6375.5, 3640.1], [6377.0, 3632.8], [6373.0, 3626.6], [6366.1, 3623.7], [6363.2, 3620.3], [6363.2, 3615.5], [6369.6, 3612.1], [6373.0, 3606.8], [6374.0, 3599.6], [6376.5, 3588.5], [6374.5, 3584.2], [6367.1, 3579.9], [6354.3, 3578.0], [6350.8, 3575.6], [6352.3, 3571.7], [6360.7, 3570.3], [6369.6, 3563.6], [6376.0, 3556.4], [6382.4, 3554.9], [6389.8, 3557.3], [6394.7, 3560.2], [6402.1, 3560.7], [6416.0, 3559.2], [6433.2, 3554.4], [6440.1, 3548.2], [6447.0, 3546.7], [6453.5, 3549.1], [6461.8, 3562.5], [6463.3, 3569.7], [6469.2, 3571.6], [6480.6, 3569.7], [6485.0, 3562.5], [6491.9, 3559.6], [6497.4, 3560.6], [6504.3, 3563.9], [6505.3, 3568.7], [6494.9, 3574.0], [6490.9, 3578.8], [6489.0, 3585.6], [6478.6, 3587.0], [6471.7, 3590.9], [6469.7, 3599.0], [6463.3, 3606.7], [6456.4, 3611.1], [6452.9, 3615.4], [6453.9, 3621.7], [6461.8, 3629.4], [6469.7, 3634.2], [6473.6, 3639.0], [6472.2, 3649.6], [6473.1, 3655.9], [6474.6, 3660.3], [6473.6, 3669.0], [6468.7, 3675.3], [6471.2, 3679.6], [6480.0, 3677.7], [6489.9, 3672.3], [6497.8, 3669.9], [6498.8, 3677.2], [6493.9, 3680.6], [6493.9, 3685.9], [6503.2, 3684.4], [6515.1, 3681.5], [6522.5, 3683.9], [6528.4, 3687.8], [6536.3, 3692.1], [6540.2, 3692.1], [6548.1, 3686.8], [6554.0, 3680.0], [6561.9, 3676.6], [6568.8, 3676.6], [6578.2, 3679.0], [6586.1, 3679.0], [6594.0, 3676.1], [6600.9, 3674.7], [6609.8, 3673.2], [6620.2, 3669.8], [6626.6, 3668.3], [6628.8, 3667.9], [6629.6, 3667.9], [6634.5, 3665.1], [6651.7, 3664.3], [6667.4, 3667.8], [6676.4, 3674.7], [6686.6, 3677.0], [6692.9, 3677.4], [6708.9, 3679.3], [6720.3, 3687.7], [6724.6, 3697.3], [6727.7, 3707.3], [6738.7, 3711.9], [6747.7, 3720.4], [6748.8, 3730.0], [6756.7, 3737.0], [6771.6, 3743.5], [6773.6, 3749.3], [6775.1, 3753.5], [6779.4, 3765.1], [6792.3, 3775.2], [6804.1, 3781.3], [6815.0, 3783.3], [6823.6, 3780.2], [6828.5, 3776.2], [6829.9, 3775.1], [6842.1, 3772.4], [6874.6, 3769.3], [6894.2, 3769.3], [6909.4, 3768.9], [6916.3, 3769.6], [6918.4, 3769.0], [6928.1, 3769.5], [6935.3, 3776.6], [6938.4, 3779.7], [6944.7, 3780.1], [6954.1, 3772.7], [6956.0, 3770.3], [6960.8, 3764.2], [6969.8, 3755.7], [6979.2, 3751.0], [6988.2, 3750.3], [6997.2, 3748.7], [7001.9, 3738.7], [7004.6, 3731.7], [7018.0, 3730.2], [7030.1, 3734.0], [7037.9, 3743.7], [7046.9, 3751.8], [7056.7, 3754.8], [7065.4, 3753.3], [7072.0, 3749.4], [7079.5, 3745.9], [7086.1, 3745.6], [7094.7, 3751.3], [7098.6, 3762.5], [7101.4, 3771.1], [7101.8, 3772.2], [7107.6, 3776.1], [7110.1, 3776.5], [7118.6, 3778.0], [7128.0, 3778.4], [7138.2, 3778.0], [7148.4, 3779.9], [7153.5, 3785.7], [7161.3, 3801.5], [7164.4, 3812.0], [7167.1, 3815.4], [7170.7, 3820.1], [7175.4, 3821.2], [7178.9, 3822.1], [7195.0, 3819.0], [7204.0, 3819.3], [7208.7, 3826.7], [7210.6, 3834.1], [7210.6, 3843.4], [7209.6, 3854.2], [7207.6, 3862.5], [7203.7, 3867.4], [7203.2, 3877.2], [7202.7, 3888.9], [7203.7, 3895.3], [7206.6, 3896.8], [7212.1, 3889.9], [7219.5, 3873.7], [7222.9, 3862.0], [7226.4, 3857.6], [7235.8, 3855.6], [7250.1, 3857.1], [7258.0, 3859.0], [7264.9, 3862.4], [7269.8, 3863.4], [7271.8, 3866.3], [7269.8, 3873.2], [7268.3, 3879.6], [7270.8, 3885.4], [7271.8, 3895.7], [7271.3, 3903.6], [7269.3, 3910.0], [7269.8, 3918.3], [7274.7, 3921.3], [7296.4, 3921.7], [7309.2, 3926.1], [7319.6, 3926.1], [7327.5, 3919.7], [7332.9, 3913.4], [7338.3, 3910.9], [7344.1, 3910.5], [7349.7, 3912.9], [7356.1, 3922.2], [7359.1, 3931.0], [7361.0, 3946.3], [7363.5, 3958.5], [7366.9, 3967.9], [7378.3, 3975.8], [7390.6, 3983.6], [7396.5, 3990.0], [7396.5, 3997.9], [7394.1, 4005.8], [7393.6, 4011.2], [7401.5, 4013.7], [7415.3, 4016.7], [7424.1, 4021.6], [7430.1, 4030.5], [7437.0, 4042.8], [7446.8, 4060.6], [7457.2, 4072.5], [7468.5, 4084.3], [7475.4, 4090.8], [7481.3, 4094.7], [7487.8, 4095.7], [7493.7, 4092.2], [7499.1, 4080.3], [7503.1, 4073.9], [7510.5, 4067.5], [7514.9, 4062.0], [7516.4, 4047.7], [7517.4, 4036.3], [7523.8, 4026.4], [7533.7, 4017.0], [7545.0, 4004.2], [7548.5, 3989.9], [7549.5, 3971.7], [7547.5, 3962.3], [7539.6, 3948.6], [7529.8, 3929.4], [7527.8, 3920.1], [7527.8, 3911.7], [7530.3, 3907.8], [7538.6, 3903.4], [7548.5, 3898.9], [7554.9, 3889.6], [7558.4, 3874.9], [7563.3, 3868.5], [7571.7, 3862.7], [7581.1, 3859.7], [7591.0, 3859.7], [7609.7, 3862.6], [7632.4, 3870.4], [7652.6, 3876.3], [7660.5, 3881.7], [7662.0, 3893.0], [7662.5, 3903.3], [7665.4, 3908.7], [7673.3, 3911.6], [7685.7, 3913.1], [7694.0, 3915.0], [7699.0, 3921.4], [7696.5, 3929.7], [7691.6, 3935.2], [7686.6, 3938.6], [7674.8, 3940.6], [7663.4, 3942.6], [7657.5, 3947.0], [7649.1, 3959.8], [7641.2, 3973.6], [7635.3, 3981.5], [7634.3, 3985.9], [7640.2, 3987.4], [7649.1, 3985.9], [7657.0, 3982.9], [7663.9, 3980.0], [7669.8, 3978.5], [7673.8, 3982.4], [7673.8, 3988.8], [7668.8, 3998.2], [7658.5, 4008.6], [7642.2, 4018.9], [7628.4, 4025.4], [7617.0, 4031.3], [7607.2, 4039.2], [7598.3, 4048.1], [7592.4, 4052.6], [7591.4, 4061.0], [7597.8, 4068.4], [7609.1, 4084.2], [7618.0, 4098.6], [7620.9, 4106.0], [7620.9, 4114.4], [7617.0, 4124.3], [7611.1, 4134.7], [7606.1, 4142.2], [7604.2, 4150.1], [7607.1, 4157.6], [7618.5, 4164.0], [7628.8, 4168.5], [7638.7, 4170.0], [7650.0, 4172.4], [7655.5, 4177.9], [7656.9, 4186.4], [7656.9, 4197.3], [7654.5, 4211.2], [7649.0, 4224.7], [7643.6, 4233.6], [7643.1, 4239.6], [7656.4, 4240.1], [7671.2, 4241.6], [7679.6, 4248.5], [7683.5, 4255.5], [7691.9, 4259.5], [7702.8, 4259.5], [7711.7, 4256.0], [7713.3, 4255.3], [7723.5, 4255.0], [7732.4, 4257.5], [7737.8, 4271.4], [7745.7, 4283.4], [7760.0, 4290.3], [7775.3, 4298.8], [7781.7, 4304.3], [7783.2, 4315.8], [7780.7, 4326.7], [7780.7, 4337.2], [7792.5, 4341.2], [7807.3, 4343.7], [7814.7, 4351.2], [7822.1, 4362.7], [7827.5, 4368.7], [7830.0, 4372.7], [7843.3, 4372.2], [7855.7, 4374.1], [7869.0, 4387.1], [7878.8, 4404.6], [7884.3, 4408.6], [7905.0, 4403.1], [7920.8, 4394.6], [7938.0, 4385.6], [7946.9, 4375.1], [7959.8, 4359.1], [7972.1, 4349.1], [7983.5, 4337.6], [7996.8, 4327.1], [7999.7, 4322.6], [8001.2, 4298.1], [8004.7, 4289.1], [8010.6, 4277.2], [8014.6, 4266.2], [8013.1, 4251.2], [8015.1, 4245.8], [8022.5, 4237.3], [8023.9, 4231.8], [8018.0, 4227.3], [8010.6, 4224.8], [8007.2, 4221.4], [8006.7, 4217.4], [8015.1, 4210.9], [8029.9, 4201.4], [8037.8, 4196.0], [8041.2, 4192.5], [8042.2, 4175.1], [8045.2, 4164.7], [8047.7, 4158.2], [8055.1, 4156.2], [8066.4, 4153.2], [8073.3, 4147.3], [8079.7, 4137.8], [8085.7, 4130.9], [8089.6, 4127.4], [8089.6, 4117.5], [8091.1, 4112.5], [8097.5, 4103.1], [8102.9, 4092.2], [8105.4, 4082.3], [8109.8, 4075.4], [8114.3, 4070.4], [8115.8, 4066.0], [8114.3, 4062.0], [8107.4, 4060.0], [8100.0, 4057.1], [8094.6, 4056.1], [8093.1, 4053.1], [8094.6, 4047.7], [8100.5, 4043.7], [8103.9, 4037.8], [8105.4, 4025.9], [8100.5, 4013.1], [8096.1, 4007.7], [8085.2, 3999.8], [8074.4, 3995.4], [8069.4, 3990.9], [8064.5, 3988.5], [8050.2, 3988.5], [8044.3, 3982.6], [8038.9, 3972.2], [8036.9, 3966.8], [8033.4, 3962.4], [8027.5, 3959.5], [8026.5, 3954.5], [8030.5, 3951.6], [8043.3, 3952.1], [8048.7, 3950.6], [8051.7, 3944.7], [8055.6, 3942.2], [8065.0, 3941.7], [8073.9, 3939.7], [8074.9, 3934.8], [8071.9, 3930.9], [8070.0, 3924.0], [8071.9, 3920.1], [8077.8, 3916.6], [8085.2, 3910.3], [8093.6, 3904.9], [8098.1, 3901.9], [8109.4, 3895.5], [8111.9, 3893.1], [8115.8, 3888.6], [8122.8, 3888.6], [8137.6, 3887.7], [8141.9, 3889.6], [8144.3, 3895.0], [8149.7, 3899.0], [8156.3, 3900.3], [8160.4, 3903.1], [8162.8, 3906.4], [8168.6, 3907.6], [8173.5, 3911.3], [8178.8, 3913.3], [8182.5, 3915.8], [8186.5, 3916.4], [8188.4, 3917.5], [8188.9, 3919.7], [8186.5, 3922.0], [8185.8, 3922.7], [8178.8, 3924.8], [8172.7, 3924.8], [8171.9, 3925.3], [8168.6, 3927.6], [8168.6, 3931.7], [8167.3, 3935.8], [8168.1, 3940.3], [8170.6, 3941.5], [8174.7, 3942.4], [8177.0, 3942.0], [8179.0, 3942.6], [8182.9, 3948.0], [8185.9, 3955.4], [8184.9, 3963.3], [8178.0, 3967.7], [8175.0, 3972.1], [8174.0, 3979.5], [8177.5, 3982.0], [8187.3, 3979.5], [8195.7, 3973.6], [8201.2, 3969.6], [8210.0, 3967.7], [8217.9, 3967.2], [8220.4, 3974.1], [8223.8, 3980.0], [8233.2, 3979.5], [8238.2, 3974.0], [8246.5, 3973.1], [8252.5, 3977.0], [8259.4, 3980.4], [8263.8, 3982.4], [8266.3, 3987.8], [8266.6, 3988.6], [8265.9, 3993.5], [8269.6, 3998.4], [8279.0, 4000.5], [8287.6, 4001.7], [8294.8, 4001.5], [8301.3, 4004.6], [8303.3, 4011.5], [8298.8, 4019.8], [8294.9, 4026.8], [8297.8, 4034.7], [8302.3, 4044.0], [8306.7, 4052.4], [8306.7, 4058.4], [8297.3, 4062.3], [8284.0, 4061.4], [8278.1, 4065.3], [8280.5, 4072.2], [8287.0, 4074.7], [8293.9, 4074.7], [8302.7, 4073.7], [8307.2, 4077.7], [8309.6, 4082.6], [8317.0, 4085.6], [8336.3, 4090.5], [8347.6, 4099.4], [8358.5, 4108.8], [8363.9, 4117.2], [8365.9, 4135.6], [8363.9, 4151.0], [8363.9, 4159.4], [8369.8, 4161.9], [8379.7, 4159.4], [8392.0, 4159.9], [8402.4, 4165.3], [8412.7, 4172.8], [8414.7, 4184.7], [8412.7, 4193.2], [8412.7, 4199.6], [8412.7, 4203.6], [8421.1, 4200.1], [8427.0, 4198.6], [8432.4, 4199.6], [8431.4, 4213.0], [8430.5, 4230.0], [8430.4, 4238.9], [8436.4, 4245.4], [8450.2, 4252.9], [8458.1, 4252.3], [8461.5, 4252.8], [8469.9, 4256.3], [8480.3, 4262.3], [8484.7, 4266.8], [8490.6, 4273.3], [8501.5, 4275.7], [8507.9, 4275.2], [8516.8, 4277.7], [8522.2, 4279.2], [8525.6, 4285.2], [8525.6, 4290.7], [8523.7, 4294.7], [8526.1, 4300.2], [8531.1, 4304.1], [8539.9, 4305.1], [8546.8, 4306.6], [8549.8, 4311.6], [8548.3, 4319.6], [8538.9, 4322.1], [8537.5, 4328.6], [8538.9, 4338.1], [8537.0, 4345.1], [8527.1, 4347.6], [8520.2, 4351.1], [8518.2, 4356.1], [8528.6, 4357.1], [8542.4, 4355.1], [8547.8, 4350.1], [8551.3, 4346.6], [8554.7, 4346.1], [8554.7, 4340.1], [8554.7, 4333.6], [8559.2, 4332.1], [8569.5, 4332.1], [8575.9, 4338.0], [8584.8, 4341.5], [8591.2, 4345.5], [8598.6, 4347.5], [8604.1, 4349.5], [8604.1, 4355.5], [8601.6, 4360.0], [8601.1, 4366.0], [8596.2, 4368.0], [8589.7, 4363.5], [8586.8, 4360.0], [8581.9, 4359.0], [8577.4, 4361.0], [8573.5, 4361.5], [8573.0, 4366.5], [8577.9, 4369.5], [8582.3, 4373.0], [8585.3, 4378.5], [8587.3, 4383.5], [8586.8, 4389.5], [8583.8, 4393.0], [8583.3, 4398.5], [8585.8, 4403.0], [8592.2, 4402.5], [8594.7, 4397.0], [8595.2, 4391.5], [8600.6, 4390.5], [8611.9, 4389.5], [8618.3, 4386.5], [8618.4, 4378.5], [8619.8, 4375.5], [8629.7, 4374.5], [8635.6, 4373.0], [8635.7, 4370.7], [8640.1, 4369.5], [8646.1, 4366.0], [8647.1, 4357.0], [8647.7, 4353.1], [8649.7, 4352.0], [8650.3, 4351.8], [8653.8, 4350.7], [8656.6, 4349.6], [8658.2, 4348.9], [8658.6, 4350.4], [8659.0, 4351.7], [8658.7, 4356.7], [8662.9, 4363.0], [8666.6, 4363.2], [8667.0, 4366.6], [8667.0, 4370.3], [8665.7, 4372.6], [8661.8, 4374.0], [8653.4, 4374.0], [8646.5, 4376.0], [8641.5, 4381.0], [8639.6, 4389.0], [8639.6, 4397.5], [8644.5, 4400.5], [8653.4, 4402.0], [8656.3, 4405.5], [8656.8, 4408.0], [8655.1, 4409.7], [8651.8, 4411.6], [8649.7, 4412.4], [8648.9, 4419.7], [8649.4, 4425.2], [8650.2, 4430.7], [8653.8, 4433.3], [8657.7, 4432.0], [8657.8, 4429.5], [8657.9, 4426.5], [8662.2, 4425.0], [8671.1, 4425.5], [8675.6, 4421.5], [8671.1, 4414.5], [8674.1, 4409.0], [8682.0, 4407.4], [8682.0, 4407.4], [8684.8, 4407.1], [8691.3, 4404.3], [8691.5, 4408.9], [8689.9, 4413.9], [8690.4, 4419.2], [8692.2, 4423.3], [8694.8, 4426.5], [8695.1, 4430.1], [8694.5, 4430.6], [8692.2, 4432.5], [8688.9, 4432.0], [8686.6, 4431.7], [8683.2, 4432.5], [8683.5, 4435.1], [8684.9, 4435.8], [8684.5, 4444.3], [8683.7, 4451.6], [8683.5, 4455.8], [8687.1, 4459.7], [8696.1, 4460.5], [8700.0, 4462.8], [8702.0, 4466.5], [8701.0, 4472.8], [8699.9, 4481.4], [8702.0, 4490.3], [8706.1, 4494.5], [8713.6, 4496.1], [8721.5, 4494.7], [8736.2, 4495.5], [8748.5, 4498.0], [8760.9, 4502.5], [8774.2, 4501.5], [8790.0, 4495.0], [8807.7, 4483.4], [8822.1, 4474.9], [8835.9, 4467.9], [8846.7, 4466.4], [8855.6, 4470.4], [8866.9, 4476.4], [8872.9, 4476.9], [8880.3, 4474.9], [8888.2, 4465.3], [8895.1, 4451.8], [8904.0, 4441.8], [8914.3, 4438.3], [8938.0, 4433.3], [8952.3, 4427.2], [8972.1, 4417.7], [8980.4, 4410.2], [8983.4, 4405.2], [8979.5, 4396.7], [8976.5, 4389.7], [8981.9, 4377.7], [8990.8, 4372.2], [9001.7, 4366.7], [9004.1, 4360.7], [8998.7, 4352.2], [8998.7, 4342.2], [9005.6, 4333.2], [9016.0, 4322.7], [9022.9, 4312.2], [9021.9, 4302.7], [9018.5, 4294.7], [9009.6, 4285.8], [9000.7, 4278.3], [8998.7, 4275.3], [8997.8, 4269.6], [9003.4, 4269.5], [9005.2, 4270.8], [9011.1, 4271.8], [9025.4, 4269.8], [9024.4, 4257.8], [9019.5, 4240.9], [9011.6, 4229.0], [9001.7, 4224.0], [8996.8, 4223.5], [8991.9, 4229.5], [8988.9, 4233.5], [8985.0, 4232.5], [8985.0, 4228.0], [8985.0, 4223.0], [8983.5, 4217.0], [8979.5, 4211.6], [8975.6, 4206.6], [8975.6, 4202.6], [8978.6, 4198.1], [8986.4, 4193.7], [8988.9, 4190.2], [8988.4, 4182.2], [8987.9, 4173.8], [8989.9, 4168.8], [8996.8, 4163.3], [9002.7, 4160.9], [9004.2, 4161.0], [9007.8, 4161.5], [9012.1, 4163.3], [9017.0, 4165.8], [9035.3, 4166.3], [9045.2, 4167.3], [9047.1, 4172.2], [9045.2, 4177.2], [9043.7, 4182.7], [9043.7, 4186.7], [9049.6, 4186.7], [9054.0, 4183.2], [9059.0, 4183.2], [9061.4, 4187.1], [9065.9, 4192.6], [9073.8, 4194.6], [9084.6, 4191.6], [9090.0, 4191.1], [9090.0, 4195.6], [9101.4, 4197.1], [9112.7, 4197.5], [9113.4, 4196.0], [9115.7, 4196.0], [9120.6, 4200.0], [9129.0, 4202.5], [9131.0, 4208.5], [9134.9, 4214.4], [9138.4, 4218.4], [9143.8, 4219.9], [9152.2, 4218.9], [9159.1, 4216.9], [9170.5, 4216.4], [9180.8, 4218.9], [9188.2, 4223.8], [9192.2, 4226.8], [9197.6, 4228.8], [9204.5, 4227.8], [9218.3, 4218.3], [9224.7, 4213.4], [9231.1, 4207.4], [9242.5, 4199.4], [9249.9, 4199.9], [9255.8, 4203.4], [9259.3, 4210.8], [9263.7, 4212.3], [9274.1, 4213.3], [9280.5, 4218.3], [9285.4, 4224.8], [9289.8, 4227.7], [9301.7, 4228.7], [9312.0, 4228.7], [9324.4, 4225.2], [9333.2, 4221.2], [9346.1, 4217.7], [9360.4, 4217.2], [9368.8, 4213.7], [9379.1, 4200.8], [9387.5, 4193.3], [9394.9, 4186.9], [9402.3, 4183.4], [9412.2, 4176.4], [9415.7, 4163.0], [9415.7, 4148.1], [9410.2, 4143.6], [9398.4, 4138.7], [9390.5, 4137.7], [9389.0, 4132.2], [9396.9, 4131.7], [9399.9, 4126.8], [9403.8, 4119.8], [9408.8, 4118.8], [9423.1, 4119.3], [9431.0, 4116.8], [9436.4, 4109.9], [9438.9, 4102.9], [9436.4, 4096.0], [9430.0, 4087.6], [9427.0, 4080.2], [9427.5, 4071.8], [9429.5, 4061.9], [9432.0, 4053.5], [9437.9, 4048.5], [9448.3, 4045.5], [9457.1, 4044.0], [9463.6, 4039.6], [9471.0, 4035.6], [9478.4, 4033.2], [9487.2, 4031.2], [9492.2, 4026.7], [9499.6, 4025.2], [9505.5, 4030.2], [9510.4, 4034.1], [9513.4, 4040.0], [9511.4, 4045.0], [9515.9, 4046.0], [9528.7, 4044.5], [9530.7, 4039.0], [9532.6, 4034.6], [9542.0, 4034.6], [9547.4, 4035.1], [9553.8, 4031.1], [9563.2, 4022.7], [9568.6, 4020.2], [9572.1, 4016.3], [9578.5, 4019.7], [9582.5, 4026.2], [9585.4, 4030.1], [9588.4, 4030.1], [9597.3, 4026.1], [9605.6, 4018.2], [9610.1, 4012.8], [9613.5, 4007.9], [9616.0, 3997.5], [9618.0, 3992.1], [9621.4, 3986.7], [9622.9, 3982.2], [9621.5, 3975.3], [9620.5, 3963.5], [9620.0, 3947.8], [9618.5, 3937.9], [9610.6, 3924.7], [9601.7, 3914.4], [9591.9, 3906.5], [9575.6, 3899.2], [9560.8, 3893.3], [9551.9, 3887.9], [9545.5, 3885.0], [9544.4, 3882.8], [9546.0, 3878.6], [9551.9, 3873.7], [9564.8, 3871.2], [9578.1, 3866.3], [9592.9, 3856.0], [9606.7, 3848.7], [9618.5, 3843.3], [9624.5, 3838.9], [9635.8, 3836.0], [9655.1, 3833.5], [9665.4, 3834.9], [9666.9, 3844.7], [9669.9, 3850.6], [9682.7, 3851.6], [9697.0, 3851.5], [9706.4, 3856.9], [9715.7, 3865.2], [9726.1, 3867.2], [9733.0, 3868.2], [9736.9, 3873.1], [9738.4, 3881.9], [9740.4, 3896.1], [9745.8, 3900.5], [9760.1, 3902.9], [9773.4, 3904.9], [9787.7, 3904.9], [9796.1, 3909.3], [9796.6, 3917.6], [9796.6, 3931.4], [9800.5, 3937.8], [9807.0, 3942.7], [9813.4, 3945.1], [9823.2, 3946.6], [9832.1, 3945.6], [9836.6, 3936.8], [9840.5, 3928.4], [9845.9, 3924.0], [9853.8, 3925.9], [9858.8, 3931.8], [9864.2, 3938.2], [9870.1, 3945.6], [9877.0, 3947.1], [9890.8, 3948.5], [9900.7, 3950.0], [9910.1, 3953.9], [9914.5, 3960.3], [9914.0, 3968.2], [9905.6, 3976.1], [9895.7, 3983.5], [9884.4, 3988.4], [9867.1, 3987.9], [9862.2, 3994.8], [9862.2, 4004.7], [9865.6, 4011.1], [9875.5, 4014.1], [9889.3, 4010.1], [9906.1, 4004.2], [9923.4, 3995.8], [9936.7, 3989.4], [9949.5, 3986.9], [9958.4, 3984.5], [9967.8, 3977.1], [9969.0, 3970.7], [9974.1, 3960.5], [9978.3, 3946.9], [9984.6, 3933.4], [9986.3, 3915.9], [9993.4, 3908.1], [10000.0, 3904.2], [10000.0, 3905.3], [10000.0, 3913.6], [10000.0, 3913.6], [10000.0, 3913.5], [10000.0, 3913.1], [10000.0, 3912.5], [10000.0, 3896.9], [10000.0, 3887.5], [10000.0, 3887.5], [10000.0, 3883.3], [10000.0, 3874.1], [10000.0, 3867.8], [10000.0, 3856.4], [10000.0, 3851.7], [10000.0, 3843.9], [10000.0, 3835.2], [10000.0, 3832.5], [10000.0, 3825.3], [10000.0, 3828.3], [10000.0, 3828.3], [10000.0, 3828.3], [10000.0, 3822.1], [10000.0, 3797.3], [10000.0, 3772.5], [10000.0, 3754.0], [10000.0, 3744.7], [10000.0, 3732.3], [10000.0, 3719.1], [10000.0, 3719.1], [10000.0, 3719.1], [10000.0, 3720.2], [10000.0, 3709.7], [10000.0, 3698.4], [10000.0, 3683.0], [10000.0, 3674.3], [10000.0, 3670.7], [10000.0, 3650.2], [10000.0, 3624.7], [10000.0, 3604.3], [10000.0, 3583.9], [10000.0, 3571.7], [10000.0, 3549.3], [10000.0, 3548.8], [10000.0, 3544.2], [10000.0, 3538.8], [10000.0, 3536.1], [10000.0, 3529.0], [10000.0, 3531.6], [10000.0, 3532.0], [10000.0, 3533.2], [10000.0, 3552.3], [10000.0, 3554.3], [10000.0, 3557.3], [10000.0, 3558.1], [10000.0, 3561.4], [10000.0, 3571.5], [10000.0, 3575.6], [10000.0, 3583.7], [10000.0, 3583.7], [10000.0, 3576.5], [10000.0, 3563.3], [10000.0, 3555.5], [10000.0, 3536.9], [10000.0, 3526.8], [10000.0, 3519.7], [10000.0, 3495.0], [10000.0, 3467.3], [10000.0, 3432.7], [10000.0, 3414.6], [10000.0, 3407.4], [10000.0, 3398.2], [10000.0, 3398.2], [10000.0, 3391.9], [10000.0, 3373.1], [10000.0, 3366.5], [10000.0, 3353.6], [10000.0, 3337.7], [10000.0, 3315.8], [10000.0, 3303.8], [10000.0, 3285.9], [10000.0, 3269.1], [10000.0, 3249.3], [10000.0, 3238.4], [10000.0, 3229.5], [10000.0, 3218.7], [10000.0, 3208.8], [10000.0, 3199.0], [10000.0, 3189.1], [10000.0, 3178.3], [10000.0, 3185.1], [10000.0, 3202.8], [10000.0, 3237.3], [10000.0, 3250.8], [10000.0, 3254.1], [10000.0, 3274.9], [10000.0, 3292.8], [10000.0, 3318.6], [10000.0, 3339.7], [10000.0, 3382.5], [10000.0, 3418.6], [10000.0, 3426.8], [10000.0, 3431.7], [10000.0, 3445.7], [10000.0, 3477.0], [10000.0, 3489.5], [10000.0, 3499.2], [10000.0, 3546.8], [10000.0, 3548.2], [10000.0, 3578.3], [10000.0, 3592.5], [10000.0, 3606.8], [10000.0, 3613.9], [10000.0, 3619.0], [10000.0, 3619.0], [10000.0, 3619.5], [10000.0, 3630.2], [10000.0, 3636.3], [10000.0, 3650.6], [10000.0, 3667.0], [10000.0, 3683.3], [10000.0, 3689.5], [10000.0, 3708.7], [10000.0, 3721.6], [10000.0, 3726.9], [10000.0, 3724.8], [10000.0, 3724.7], [10000.0, 3720.5], [10000.0, 3711.0], [10000.0, 3681.2], [10000.0, 3650.5], [10000.0, 3620.9], [10000.0, 3591.4], [10000.0, 3564.9], [10000.0, 3548.6], [10000.0, 3545.2], [10000.0, 3544.6], [10000.0, 3539.6], [10000.0, 3534.4], [10000.0, 3525.3], [10000.0, 3533.4], [10000.0, 3551.6], [10000.0, 3585.1], [10000.0, 3614.6], [10000.0, 3628.5], [10000.0, 3643.2], [10000.0, 3660.6], [10000.0, 3679.0], [10000.0, 3709.8], [10000.0, 3739.6], [10000.0, 3745.7], [10000.0, 3742.6], [10000.0, 3737.3], [10000.0, 3731.3], [10000.0, 3720.0], [10000.0, 3716.4], [10000.0, 3715.8], [10000.0, 3712.8], [10000.0, 3700.4], [10000.0, 3683.0], [10000.0, 3682.6], [10000.0, 3677.8], [10000.0, 3696.3], [10000.0, 3713.2], [10000.0, 3715.6], [10000.0, 3715.8], [10000.0, 3716.0], [10000.0, 3727.1], [10000.0, 3733.2], [10000.0, 3751.8], [10000.0, 3773.4], [10000.0, 3779.6], [10000.0, 3778.5], [10000.0, 3774.3], [10000.0, 3772.3], [10000.0, 3778.5], [10000.0, 3806.3], [10000.0, 3834.3], [10000.0, 3847.5], [10000.0, 3865.3], [10000.0, 3875.7], [10000.0, 3881.9], [10000.0, 3869.4], [10000.0, 3866.9], [10000.0, 3860.1], [10000.0, 3859.0], [10000.0, 3862.1], [10000.0, 3869.6], [10000.0, 3892.0], [10000.0, 3927.8], [10000.0, 3938.0], [10000.0, 3942.2], [10000.0, 3943.4], [10000.0, 3944.2], [10000.0, 3946.2], [10000.0, 3962.9], [10000.0, 3987.9], [10000.0, 4001.5], [10000.0, 4016.1], [10000.0, 4049.6], [10000.0, 4061.1], [10000.0, 4072.7], [10000.0, 4074.1], [10000.0, 4077.9], [10000.0, 4093.6], [10000.0, 4110.4], [10000.0, 4133.5], [10000.0, 4140.9], [10000.0, 4147.4], [10000.0, 4153.5], [10000.0, 4172.4], [10000.0, 4193.4], [10000.0, 4213.5], [10000.0, 4213.5], [10000.0, 4213.5], [10000.0, 4237.7], [10000.0, 4255.6], [10000.0, 4267.2], [10000.0, 4288.3], [10000.0, 4299.9], [10000.0, 4306.1], [10000.0, 4332.7], [10000.0, 4368.7], [10000.0, 4385.6], [10000.0, 4419.5], [10000.0, 4469.3], [10000.0, 4506.5], [10000.0, 4538.3], [10000.0, 4571.3], [10000.0, 4571.5], [10000.0, 4590.4], [10000.0, 4632.9], [10000.0, 4670.1], [10000.0, 4692.6], [10000.0, 4695.6], [10000.0, 4697.0], [10000.0, 4703.0], [10000.0, 4715.8], [10000.0, 4727.5], [10000.0, 4749.8], [10000.0, 4803.0], [10000.0, 4834.9], [10000.0, 4868.9], [10000.0, 4899.8], [10000.0, 4914.6], [10000.0, 4915.7], [10000.0, 4924.2], [10000.0, 4930.5], [10000.0, 4947.5], [10000.0, 4963.5], [10000.0, 4967.8], [10000.0, 4968.7], [10000.0, 4970.9], [10000.0, 4971.0], [10000.0, 4971.0], [10000.0, 4972.7], [10000.0, 4974.5], [10000.0, 4980.5], [10000.0, 4989.3], [10000.0, 4998.6], [10000.0, 5018.8], [10000.0, 5041.1], [10000.0, 5074.0], [10000.0, 5099.7], [10000.0, 5114.3], [10000.0, 5134.4], [10000.0, 5140.7], [10000.0, 5140.7], [10000.0, 5140.7], [10000.0, 5148.1], [10000.0, 5175.6], [10000.0, 5217.9], [10000.0, 5247.5], [10000.0, 5253.8], [10000.0, 5256.4], [10000.0, 5245.0], [10000.0, 5234.8], [10000.0, 5208.3], [10000.0, 5202.0], [10000.0, 5188.2], [10000.0, 5173.4], [10000.0, 5158.5], [10000.0, 5150.0], [10000.0, 5151.0], [10000.0, 5154.3], [10000.0, 5168.0], [10000.0, 5172.0], [10000.0, 5172.7], [10000.0, 5182.8], [10000.0, 5205.0], [10000.0, 5226.2], [10000.0, 5229.6], [10000.0, 5230.4], [10000.0, 5239.9], [10000.0, 5240.0], [10000.0, 5272.3], [10000.0, 5276.8], [10000.0, 5292.6], [10000.0, 5303.2], [10000.0, 5310.6], [10000.0, 5315.9], [10000.0, 5331.7], [10000.0, 5350.6], [10000.0, 5372.7], [10000.0, 5393.8], [10000.0, 5401.1], [10000.0, 5403.2], [10000.0, 5403.3], [10000.0, 5406.4], [10000.0, 5415.1], [10000.0, 5421.1], [10000.0, 5439.0], [10000.0, 5454.7], [10000.0, 5457.9], [10000.0, 5462.7], [10000.0, 5464.2], [10000.0, 5477.8], [10000.0, 5482.6], [10000.0, 5504.5], [10000.0, 5506.1], [10000.0, 5506.9], [10000.0, 5532.2], [10000.0, 5538.5], [10000.0, 5542.6], [10000.0, 5544.2], [10000.0, 5547.8], [10000.0, 5565.5], [10000.0, 5593.7], [10000.0, 5605.2], [10000.0, 5620.8], [10000.0, 5641.6], [10000.0, 5657.2], [10000.0, 5667.1], [10000.0, 5678.5], [10000.0, 5707.7], [10000.0, 5707.7], [10000.0, 5718.9], [10000.0, 5735.5], [10000.0, 5738.0], [10000.0, 5759.9], [10000.0, 5759.9], [10000.0, 5769.1], [10000.0, 5807.7], [10000.0, 5836.6], [10000.0, 5859.0], [10000.0, 5878.2], [10000.0, 5878.6], [10000.0, 5878.9], [10000.0, 5890.1], [10000.0, 5905.5], [10000.0, 5923.9], [10000.0, 5934.1], [10000.0, 5948.3], [10000.0, 5964.6], [10000.0, 5970.4], [10000.0, 5982.9], [10000.0, 5997.1], [10000.0, 6010.7], [10000.0, 6014.3], [10000.0, 6033.5], [10000.0, 6044.2], [10000.0, 6044.6], [10000.0, 6046.6], [10000.0, 6062.8], [10000.0, 6092.0], [10000.0, 6120.1], [10000.0, 6136.2], [10000.0, 6147.2], [10000.0, 6157.2], [10000.0, 6157.4], [10000.0, 6171.2], [10000.0, 6211.1], [10000.0, 6245.9], [10000.0, 6274.5], [10000.0, 6276.6], [10000.0, 6289.5], [10000.0, 6301.3], [10000.0, 6313.1], [10000.0, 6327.9], [10000.0, 6340.1], [10000.0, 6340.1], [10000.0, 6358.3], [10000.0, 6376.0], [10000.0, 6389.7], [10000.0, 6393.8], [10000.0, 6406.3], [10000.0, 6429.7], [10000.0, 6454.9], [10000.0, 6463.7], [10000.0, 6459.2], [10000.0, 6457.9], [10000.0, 6442.3], [10000.0, 6420.0], [10000.0, 6417.1], [10000.0, 6429.7], [10000.0, 6453.1], [10000.0, 6474.4], [10000.0, 6484.6], [10000.0, 6493.0], [10000.0, 6503.4], [10000.0, 6510.0], [10000.0, 6521.7], [10000.0, 6523.5], [10000.0, 6525.3], [10000.0, 6541.0], [10000.0, 6557.3], [10000.0, 6572.6], [10000.0, 6597.5], [10000.0, 6611.8], [10000.0, 6627.1], [10000.0, 6609.0], [10000.0, 6601.8], [10000.0, 6598.9], [10000.0, 6580.3], [10000.0, 6566.9], [10000.0, 6561.8], [10000.0, 6553.5], [10000.0, 6528.6], [10000.0, 6488.0], [10000.0, 6484.5], [10000.0, 6447.3], [10000.0, 6432.8], [10000.0, 6428.7], [10000.0, 6424.0], [10000.0, 6409.4], [10000.0, 6384.0], [10000.0, 6357.6], [10000.0, 6340.8], [10000.0, 6325.2], [10000.0, 6310.4], [10000.0, 6300.4], [10000.0, 6290.7], [10000.0, 6276.9], [10000.0, 6248.2], [10000.0, 6217.4], [10000.0, 6173.6], [10000.0, 6149.4], [10000.0, 6118.8], [10000.0, 6031.2], [10000.0, 6009.1], [10000.0, 5983.8], [10000.0, 5952.0], [10000.0, 5945.7], [10000.0, 5925.1], [10000.0, 5924.2], [10000.0, 5897.8], [10000.0, 5864.1], [10000.0, 5849.7], [10000.0, 5835.4], [10000.0, 5833.3], [10000.0, 5839.5], [10000.0, 5846.7], [10000.0, 5850.8], [10000.0, 5853.7], [10000.0, 5860.1], [10000.0, 5862.0], [10000.0, 5872.4], [10000.0, 5862.2], [10000.0, 5853.0], [10000.0, 5862.2], [10000.0, 5874.5], [10000.0, 5884.9], [10000.0, 5901.1], [10000.0, 5901.1], [10000.0, 5901.1], [10000.0, 5913.4], [10000.0, 5934.8], [10000.0, 5935.7], [10000.0, 5952.1], [10000.0, 5958.1], [10000.0, 5965.4], [10000.0, 5980.6], [10000.0, 5999.9], [10000.0, 6013.1], [10000.0, 6019.1], [10000.0, 6015.0], [10000.0, 6014.1], [10000.0, 6002.9], [10000.0, 5997.2], [10000.0, 5992.7], [10000.0, 5988.6], [10000.0, 5980.5], [10000.0, 5969.3], [10000.0, 5960.4], [10000.0, 5960.3], [10000.0, 5963.1], [10000.0, 5965.8], [10000.0, 5979.7], [10000.0, 6011.0], [10000.0, 6016.8], [10000.0, 6035.0], [10000.0, 6045.1], [10000.0, 6053.7], [10000.0, 6054.2], [10000.0, 6058.4], [10000.0, 6061.2], [10000.0, 6063.2], [10000.0, 6087.4], [10000.0, 6099.6], [10000.0, 6109.5], [10000.0, 6121.0], [10000.0, 6131.6], [10000.0, 6139.6], [10000.0, 6162.6], [10000.0, 6180.6], [10000.0, 6183.6], [10000.0, 6166.7], [10000.0, 6163.1], [10000.0, 6153.7], [10000.0, 6149.7], [10000.0, 6150.6], [10000.0, 6150.7], [10000.0, 6153.7], [10000.0, 6142.7], [10000.0, 6136.3], [10000.0, 6129.7], [10000.0, 6122.7], [10000.0, 6108.6], [10000.0, 6104.6], [10000.0, 6104.6], [10000.0, 6105.2], [10000.0, 6101.6], [10000.0, 6101.7], [10000.0, 6106.7], [10000.0, 6118.8], [10000.0, 6128.8], [10000.0, 6128.8], [10000.0, 6128.8], [10000.0, 6128.8], [10000.0, 6126.9], [10000.0, 6129.7], [10000.0, 6147.5], [10000.0, 6155.8], [10000.0, 6171.7], [10000.0, 6189.7], [10000.0, 6204.2], [10000.0, 6206.6], [10000.0, 6207.1], [10000.0, 6211.6], [10000.0, 6219.5], [10000.0, 6230.9], [10000.0, 6237.4], [10000.0, 6256.8], [10000.0, 6266.1], [10000.0, 6287.9], [10000.0, 6307.6], [10000.0, 6313.6], [10000.0, 6313.2], [10000.0, 6312.6], [10000.0, 6316.6], [10000.0, 6319.5], [10000.0, 6317.6], [10000.0, 6327.4], [10000.0, 6331.4], [10000.0, 6332.8], [10000.0, 6337.2], [10000.0, 6345.1], [10000.0, 6359.8], [10000.0, 6379.4], [10000.0, 6385.3], [10000.0, 6389.2], [10000.0, 6390.1], [10000.0, 6376.4], [10000.0, 6372.5], [10000.0, 6365.6], [10000.0, 6365.6], [10000.0, 6360.9], [10000.0, 6360.9], [10000.0, 6370.9], [10000.0, 6380.5], [10000.0, 6386.1], [10000.0, 6404.7], [10000.0, 6421.3], [10000.0, 6422.5], [10000.0, 6423.2], [10000.0, 6434.0], [10000.0, 6441.3], [10000.0, 6455.3], [10000.0, 6474.7], [10000.0, 6484.4], [10000.0, 6489.3], [10000.0, 6485.8], [10000.0, 6483.5], [10000.0, 6488.4], [10000.0, 6496.1], [10000.0, 6502.9], [10000.0, 6518.3], [10000.0, 6534.7], [10000.0, 6556.8], [10000.0, 6576.9], [10000.0, 6598.9], [10000.0, 6608.4], [10000.0, 6610.3], [10000.0, 6617.3], [10000.0, 6623.1], [10000.0, 6624.6], [10000.0, 6626.0], [10000.0, 6651.2], [10000.0, 6656.7], [10000.0, 6662.5], [10000.0, 6673.9], [10000.0, 6683.3], [10000.0, 6683.4], [10000.0, 6678.6], [10000.0, 6676.4], [10000.0, 6662.6], [10000.0, 6663.5], [10000.0, 6661.6], [10000.0, 6658.8], [10000.0, 6656.0], [10000.0, 6660.8], [10000.0, 6669.5], [10000.0, 6673.4], [10000.0, 6682.5], [10000.0, 6687.3], [10000.0, 6680.1], [10000.0, 6677.8], [10000.0, 6675.0], [10000.0, 6678.8], [10000.0, 6682.2], [10000.0, 6690.1], [10000.0, 6691.3], [10000.0, 6698.6], [10000.0, 6717.5], [10000.0, 6734.8], [10000.0, 6742.8], [10000.0, 6764.3], [10000.0, 6775.5], [10000.0, 6779.3], [10000.0, 6782.1], [10000.0, 6782.1], [10000.0, 6815.4], [10000.0, 6814.7], [10000.0, 6817.5], [10000.0, 6827.7], [10000.0, 6836.9], [10000.0, 6850.5], [10000.0, 6852.6], [10000.0, 6871.1], [10000.0, 6870.9], [10000.0, 6870.2], [10000.0, 6872.8], [10000.0, 6872.4], [10000.0, 6869.3], [10000.0, 6866.2], [10000.0, 6850.9], [10000.0, 6844.9], [10000.0, 6838.8], [10000.0, 6824.0], [10000.0, 6815.7], [10000.0, 6816.6], [10000.0, 6825.9], [10000.0, 6835.2], [10000.0, 6846.3], [10000.0, 6860.1], [10000.0, 6877.6], [10000.0, 6895.1], [10000.0, 6907.9], [10000.0, 6912.4], [10000.0, 6915.0], [10000.0, 6916.1], [10000.0, 6920.7], [10000.0, 6924.3], [10000.0, 6932.1], [10000.0, 6944.4], [10000.0, 6955.3], [10000.0, 6955.6], [10000.0, 6963.6], [10000.0, 6972.5], [10000.0, 6991.5], [10000.0, 7005.6], [10000.0, 7008.7], [10000.0, 7017.7], [10000.0, 7019.4], [10000.0, 7025.8], [10000.0, 7038.4], [10000.0, 7042.4], [10000.0, 7046.4], [10000.0, 7052.7], [10000.0, 7052.7], [10000.0, 7042.0], [10000.0, 7033.0], [10000.0, 7024.0], [10000.0, 7015.1], [10000.0, 7015.0], [10000.0, 7008.7], [10000.0, 7006.0], [10000.0, 7002.4], [10000.0, 7005.2], [10000.0, 7008.8], [10000.0, 7009.3], [10000.0, 7009.7], [10000.0, 7005.2], [10000.0, 7000.7], [10000.0, 6986.2], [10000.0, 6981.8], [10000.0, 6971.7], [10000.0, 6961.8], [10000.0, 6958.1], [10000.0, 6958.1], [10000.0, 6958.1], [10000.0, 6959.1], [10000.0, 6960.9], [10000.0, 6950.9], [10000.0, 6937.8], [10000.0, 6930.9], [10000.0, 6919.9], [10000.0, 6914.8], [10000.0, 6911.7], [10000.0, 6907.4], [10000.0, 6902.6], [10000.0, 6882.4], [10000.0, 6869.5], [10000.0, 6861.2], [10000.0, 6849.2], [10000.0, 6831.7], [10000.0, 6825.2], [10000.0, 6825.2], [10000.0, 6817.8], [10000.0, 6799.2], [10000.0, 6786.2], [10000.0, 6777.8], [10000.0, 6779.7], [10000.0, 6777.1], [10000.0, 6777.2], [10000.0, 6782.3], [10000.0, 6784.9], [10000.0, 6784.9], [10000.0, 6784.5], [10000.0, 6779.9], [10000.0, 6771.5], [10000.0, 6762.1], [10000.0, 6760.3], [10000.0, 6763.1], [10000.0, 6766.3], [10000.0, 6766.9], [10000.0, 6765.0], [10000.0, 6759.4], [10000.0, 6762.2], [10000.0, 6774.4], [10000.0, 6785.6], [10000.0, 6796.7], [10000.0, 6803.9], [10000.0, 6806.0], [10000.0, 6808.8], [10000.0, 6807.9], [10000.0, 6809.8], [10000.0, 6809.8], [10000.0, 6809.8], [10000.0, 6809.8], [10000.0, 6809.8], [10000.0, 6810.8], [10000.0, 6812.1], [10000.0, 6812.6], [10000.0, 6818.2], [10000.0, 6830.3], [10000.0, 6831.2], [10000.0, 6834.8], [10000.0, 6838.6], [10000.0, 6843.3], [10000.0, 6840.5], [10000.0, 6832.2], [10000.0, 6828.6], [10000.0, 6824.8], [10000.0, 6819.2], [10000.0, 6822.0], [10000.0, 6833.2], [10000.0, 6845.2], [10000.0, 6852.9], [10000.0, 6859.0], [10000.0, 6859.5], [10000.0, 6861.8], [10000.0, 6863.7], [10000.0, 6863.7], [10000.0, 6861.9], [10000.0, 6861.9], [10000.0, 6868.3], [10000.0, 6879.4], [10000.0, 6884.8], [10000.0, 6893.2], [10000.0, 6902.3], [10000.0, 6906.0], [9991.7, 6904.2], [9991.4, 6904.2], [9984.3, 6904.2], [9981.3, 6904.2], [9966.7, 6905.1], [9959.7, 6904.8], [9956.2, 6910.3], [9943.7, 6909.6], [9925.7, 6911.0], [9914.7, 6913.8], [9912.3, 6926.1], [9908.4, 6930.9], [9899.0, 6930.9], [9886.5, 6930.9], [9878.6, 6938.5], [9872.4, 6938.5], [9875.5, 6930.3], [9877.1, 6922.7], [9878.7, 6917.2], [9883.4, 6909.0], [9885.7, 6902.1], [9879.4, 6895.9], [9870.0, 6889.1], [9860.6, 6888.4], [9854.4, 6887.0], [9854.4, 6877.4], [9858.3, 6869.1], [9857.5, 6858.7], [9853.6, 6852.5], [9856.0, 6846.9], [9861.4, 6853.2], [9868.5, 6855.9], [9874.0, 6853.2], [9875.5, 6851.1], [9879.5, 6847.6], [9878.7, 6843.5], [9872.4, 6840.7], [9866.1, 6837.2], [9866.2, 6830.3], [9870.1, 6823.3], [9878.7, 6821.9], [9882.6, 6818.5], [9896.7, 6807.3], [9909.9, 6794.6], [9914.6, 6785.3], [9896.7, 6794.1], [9878.7, 6807.3], [9863.8, 6814.3], [9843.1, 6819.3], [9838.0, 6820.6], [9826.2, 6825.5], [9819.1, 6831.7], [9819.1, 6839.4], [9823.8, 6849.7], [9823.1, 6860.1], [9819.1, 6866.4], [9808.2, 6874.6], [9794.8, 6883.6], [9788.6, 6890.5], [9780.7, 6898.1], [9771.3, 6900.9], [9758.0, 6902.2], [9747.0, 6906.4], [9736.1, 6915.3], [9729.0, 6923.5], [9727.4, 6938.6], [9729.0, 6952.9], [9725.9, 6959.8], [9718.8, 6963.2], [9705.5, 6961.8], [9696.1, 6955.0], [9688.8, 6951.8], [9689.0, 6949.6], [9669.5, 6947.5], [9665.5, 6944.8], [9656.9, 6938.7], [9647.5, 6938.0], [9640.5, 6944.8], [9636.6, 6951.7], [9627.1, 6963.3], [9617.0, 6972.8], [9612.3, 6978.2], [9610.7, 6989.8], [9601.3, 7004.0], [9584.0, 7006.7], [9572.3, 7007.4], [9569.9, 7010.1], [9566.8, 7016.2], [9565.2, 7022.3], [9563.7, 7031.1], [9560.5, 7039.1], [9555.8, 7043.2], [9542.5, 7045.9], [9532.3, 7045.9], [9538.6, 7039.8], [9546.4, 7032.4], [9548.0, 7025.7], [9548.0, 7014.9], [9544.1, 7011.5], [9531.5, 7013.5], [9520.6, 7016.3], [9501.0, 7027.7], [9478.3, 7041.2], [9457.1, 7056.7], [9450.0, 7065.4], [9451.6, 7074.1], [9445.3, 7077.5], [9438.3, 7084.2], [9429.7, 7092.9], [9425.0, 7096.9], [9414.8, 7106.2], [9399.9, 7106.2], [9382.7, 7104.9], [9368.6, 7103.6], [9356.8, 7105.6], [9335.6, 7103.0], [9329.4, 7105.6], [9330.2, 7110.3], [9339.6, 7113.6], [9340.3, 7118.3], [9338.8, 7123.6], [9330.2, 7130.2], [9323.9, 7138.8], [9318.4, 7148.8], [9307.4, 7164.0], [9293.3, 7171.9], [9273.7, 7185.1], [9251.8, 7198.2], [9234.5, 7202.2], [9228.3, 7205.4], [9225.9, 7211.3], [9214.2, 7225.1], [9206.3, 7238.1], [9198.5, 7242.7], [9194.6, 7241.4], [9187.5, 7238.1], [9183.6, 7234.9], [9176.6, 7232.9], [9166.4, 7232.9], [9154.6, 7232.9], [9147.6, 7229.7], [9138.2, 7227.7], [9128.8, 7233.0], [9120.9, 7237.5], [9113.9, 7242.1], [9103.7, 7242.7], [9091.9, 7243.4], [9086.5, 7247.3], [9088.0, 7252.5], [9092.7, 7255.7], [9095.1, 7261.6], [9090.4, 7266.1], [9084.1, 7271.3], [9073.9, 7274.6], [9055.9, 7273.9], [9035.5, 7275.2], [9006.5, 7277.8], [8994.0, 7282.4], [8987.7, 7288.8], [8986.2, 7294.6], [8985.4, 7304.9], [8972.0, 7314.0], [8947.0, 7317.8], [8914.9, 7321.7], [8896.8, 7323.6], [8878.8, 7323.0], [8874.9, 7316.6], [8878.8, 7310.2], [8887.4, 7294.7], [8890.6, 7289.6], [8894.5, 7283.1], [8900.0, 7274.1], [8905.5, 7257.9], [8914.1, 7242.3], [8922.7, 7230.5], [8929.8, 7224.0], [8941.5, 7211.6], [8947.0, 7199.1], [8947.0, 7186.7], [8950.2, 7184.0], [8954.9, 7179.4], [8953.3, 7172.2], [8953.3, 7162.3], [8964.3, 7153.0], [8975.2, 7142.4], [8974.5, 7132.5], [8972.1, 7126.5], [8969.0, 7117.9], [8969.0, 7109.3], [8975.3, 7101.9], [8983.9, 7095.9], [8997.2, 7089.2], [9000.3, 7082.6], [8999.6, 7075.9], [8999.6, 7063.8], [9003.5, 7059.1], [9019.2, 7051.0], [9023.1, 7044.3], [9025.4, 7033.5], [9031.7, 7026.8], [9035.6, 7022.1], [9040.3, 7013.3], [9034.8, 7006.5], [9024.7, 7003.8], [9023.1, 6998.4], [9030.9, 6995.0], [9038.0, 6990.9], [9038.0, 6984.8], [9035.6, 6973.3], [9028.6, 6967.2], [9026.2, 6959.7], [9027.0, 6953.5], [9031.7, 6945.3], [9037.2, 6938.5], [9045.8, 6937.1], [9046.6, 6931.0], [9040.4, 6924.8], [9028.6, 6916.6], [9021.2, 6913.3], [9016.1, 6913.1], [9013.5, 6907.8], [9011.5, 6902.5], [9011.0, 6902.5], [9006.1, 6902.5], [9000.1, 6906.6], [9000.7, 6910.1], [9000.7, 6914.2], [8998.9, 6916.0], [8996.5, 6915.3], [8986.3, 6910.5], [8976.9, 6906.3], [8966.7, 6913.2], [8962.0, 6907.0], [8960.5, 6894.0], [8966.0, 6884.3], [8977.7, 6882.3], [8984.8, 6875.4], [8987.1, 6869.8], [8991.8, 6869.1], [9009.8, 6862.2], [9014.5, 6856.0], [9016.9, 6843.5], [9018.5, 6824.8], [9016.9, 6813.6], [9010.6, 6810.2], [9006.7, 6801.1], [9010.6, 6792.7], [9005.9, 6785.7], [9008.3, 6773.8], [9010.7, 6761.9], [9009.9, 6752.1], [9007.5, 6739.5], [9003.6, 6720.5], [8989.5, 6707.1], [8974.6, 6700.7], [8968.3, 6695.5], [8966.8, 6691.5], [8962.9, 6681.6], [8963.7, 6673.1], [8972.3, 6664.6], [8985.6, 6653.9], [8990.3, 6644.7], [8988.8, 6638.2], [8980.9, 6633.3], [8962.9, 6621.9], [8948.8, 6614.7], [8941.0, 6603.3], [8937.9, 6594.0], [8937.9, 6584.7], [8938.7, 6577.5], [8922.2, 6581.1], [8907.3, 6583.3], [8888.5, 6583.3], [8883.8, 6577.5], [8879.9, 6571.1], [8872.9, 6557.4], [8867.4, 6543.7], [8864.2, 6535.8], [8859.5, 6532.2], [8850.1, 6529.3], [8846.2, 6522.8], [8846.2, 6517.0], [8848.6, 6502.6], [8851.7, 6494.6], [8841.5, 6489.5], [8829.0, 6487.4], [8814.9, 6487.4], [8800.8, 6493.2], [8789.0, 6496.8], [8779.6, 6496.8], [8766.3, 6491.8], [8756.1, 6488.9], [8752.2, 6483.1], [8751.5, 6474.4], [8749.1, 6470.0], [8731.9, 6453.3], [8717.0, 6441.6], [8703.7, 6439.4], [8688.8, 6440.9], [8681.7, 6448.9], [8673.9, 6447.5], [8650.4, 6432.2], [8624.6, 6422.7], [8618.3, 6415.4], [8609.7, 6403.0], [8598.7, 6403.7], [8588.5, 6401.5], [8589.3, 6394.9], [8593.2, 6388.3], [8599.5, 6372.9], [8604.2, 6364.8], [8605.0, 6358.2], [8602.6, 6350.8], [8598.7, 6344.9], [8598.0, 6336.8], [8605.0, 6330.9], [8606.6, 6322.8], [8600.3, 6316.2], [8590.9, 6320.6], [8581.5, 6328.7], [8572.9, 6333.9], [8572.9, 6338.3], [8569.7, 6345.0], [8563.5, 6349.4], [8557.2, 6353.1], [8553.5, 6359.5], [8545.5, 6359.9], [8544.9, 6359.7], [8540.0, 6358.8], [8540.0, 6354.7], [8543.3, 6351.0], [8546.7, 6347.9], [8548.6, 6340.6], [8550.9, 6333.9], [8549.4, 6328.8], [8543.1, 6320.6], [8537.6, 6323.6], [8532.1, 6327.3], [8528.2, 6335.4], [8525.1, 6342.1], [8519.6, 6340.6], [8514.1, 6336.2], [8514.1, 6325.8], [8506.3, 6330.3], [8500.8, 6338.4], [8497.7, 6345.8], [8493.0, 6353.1], [8480.4, 6352.4], [8474.2, 6348.7], [8473.4, 6339.2], [8474.2, 6331.0], [8478.1, 6326.6], [8476.5, 6322.2], [8471.8, 6319.2], [8471.8, 6311.1], [8467.1, 6310.4], [8460.9, 6314.8], [8458.5, 6323.7], [8449.1, 6331.1], [8434.2, 6339.9], [8424.0, 6342.1], [8421.7, 6352.5], [8412.3, 6359.8], [8407.6, 6358.4], [8403.7, 6351.0], [8397.4, 6348.1], [8389.6, 6348.1], [8380.9, 6352.5], [8377.0, 6356.2], [8378.6, 6363.5], [8376.2, 6370.2], [8368.4, 6376.0], [8356.6, 6381.9], [8341.7, 6385.6], [8333.9, 6379.0], [8326.9, 6370.9], [8315.9, 6365.8], [8304.9, 6364.3], [8296.3, 6366.6], [8286.1, 6373.9], [8273.6, 6382.7], [8266.5, 6390.8], [8267.3, 6395.2], [8272.8, 6398.9], [8282.2, 6398.9], [8290.0, 6402.5], [8289.2, 6405.4], [8279.8, 6414.2], [8259.5, 6425.2], [8236.7, 6434.7], [8234.9, 6436.6], [8234.8, 6436.5], [8229.1, 6438.4], [8223.7, 6444.0], [8217.7, 6450.8], [8215.3, 6459.2], [8210.4, 6469.8], [8203.8, 6472.6], [8191.1, 6474.8], [8180.3, 6478.2], [8173.7, 6486.0], [8170.6, 6493.3], [8186.3, 6491.6], [8199.6, 6491.6], [8208.0, 6494.4], [8211.6, 6501.6], [8207.4, 6509.4], [8197.8, 6516.7], [8197.1, 6521.7], [8205.0, 6526.1], [8215.8, 6534.4], [8218.2, 6542.7], [8217.0, 6557.7], [8211.0, 6568.8], [8197.7, 6576.5], [8185.1, 6579.8], [8174.8, 6584.8], [8167.6, 6597.0], [8165.2, 6608.5], [8161.0, 6613.5], [8155.5, 6622.3], [8153.7, 6634.9], [8152.5, 6648.0], [8144.7, 6652.4], [8138.0, 6649.2], [8126.0, 6631.6], [8115.2, 6618.5], [8114.0, 6609.1], [8116.4, 6581.6], [8115.8, 6565.0], [8105.5, 6548.4], [8089.9, 6535.6], [8068.2, 6529.0], [8048.3, 6526.8], [8039.9, 6529.6], [8030.8, 6539.0], [8017.6, 6547.3], [8014.0, 6553.4], [8018.2, 6559.0], [8021.8, 6565.6], [8018.8, 6571.1], [8009.1, 6577.2], [7991.6, 6584.4], [7974.2, 6591.1], [7955.5, 6596.0], [7944.3, 6597.9], [7931.2, 6603.3], [7892.9, 6602.0], [7876.7, 6598.0], [7862.0, 6588.5], [7841.3, 6588.6], [7820.7, 6589.9], [7811.9, 6581.8], [7801.6, 6568.3], [7801.5, 6567.9], [7800.0, 6566.9], [7796.4, 6555.8], [7795.8, 6542.0], [7793.4, 6529.8], [7786.8, 6523.1], [7775.3, 6514.2], [7765.2, 6508.7], [7760.6, 6507.6], [7753.0, 6504.2], [7742.2, 6503.1], [7730.8, 6500.4], [7724.7, 6492.0], [7715.7, 6478.0], [7710.3, 6470.8], [7699.4, 6468.0], [7693.4, 6469.7], [7685.0, 6471.4], [7678.9, 6468.0], [7677.7, 6459.1], [7677.8, 6441.7], [7671.1, 6432.7], [7656.1, 6419.2], [7649.4, 6414.7], [7642.2, 6414.7], [7639.2, 6420.4], [7629.0, 6420.4], [7623.5, 6415.3], [7619.9, 6408.0], [7612.7, 6398.4], [7612.1, 6390.0], [7615.7, 6385.5], [7627.2, 6377.5], [7636.2, 6372.5], [7639.2, 6367.4], [7638.6, 6362.3], [7635.6, 6357.2], [7630.2, 6352.7], [7630.2, 6347.0], [7632.0, 6342.5], [7637.4, 6338.5], [7640.4, 6334.5], [7635.0, 6332.8], [7624.8, 6333.4], [7618.1, 6335.7], [7611.5, 6337.4], [7605.5, 6344.7], [7603.1, 6352.7], [7600.7, 6359.5], [7594.0, 6361.2], [7579.0, 6361.2], [7568.1, 6360.6], [7561.5, 6356.1], [7553.1, 6347.6], [7542.8, 6340.8], [7536.2, 6334.6], [7532.0, 6327.2], [7529.6, 6318.1], [7521.1, 6311.3], [7511.5, 6309.0], [7498.8, 6307.9], [7491.0, 6307.9], [7485.0, 6302.8], [7480.2, 6296.0], [7471.1, 6288.6], [7464.5, 6286.3], [7451.2, 6284.0], [7437.4, 6280.6], [7425.9, 6273.2], [7416.3, 6265.2], [7415.7, 6258.9], [7417.5, 6254.9], [7424.7, 6254.3], [7425.3, 6250.9], [7422.9, 6246.9], [7416.9, 6247.5], [7409.1, 6252.6], [7401.2, 6253.8], [7394.6, 6252.7], [7384.4, 6245.2], [7371.7, 6235.5], [7366.9, 6224.0], [7367.5, 6216.0], [7367.5, 6202.2], [7365.1, 6190.7], [7362.7, 6182.7], [7357.3, 6171.7], [7354.3, 6158.4], [7350.1, 6156.7], [7343.4, 6151.5], [7339.2, 6145.8], [7334.4, 6138.2], [7334.4, 6128.4], [7338.0, 6120.3], [7335.6, 6116.2], [7332.6, 6106.4], [7333.8, 6095.4], [7327.2, 6096.0], [7313.9, 6095.4], [7298.9, 6096.6], [7294.0, 6100.6], [7288.0, 6100.6], [7284.4, 6094.8], [7280.2, 6080.9], [7274.2, 6079.7], [7263.9, 6082.1], [7251.9, 6088.5], [7243.4, 6093.1], [7231.4, 6106.5], [7225.3, 6110.0], [7217.5, 6118.7], [7213.3, 6120.4], [7207.9, 6125.0], [7213.9, 6133.7], [7215.7, 6141.2], [7213.9, 6144.7], [7209.1, 6147.6], [7205.4, 6155.7], [7201.8, 6160.9], [7195.8, 6160.9], [7187.4, 6164.4], [7185.5, 6177.0], [7178.9, 6178.8], [7169.9, 6179.4], [7166.3, 6184.0], [7165.0, 6195.5], [7160.2, 6201.2], [7152.4, 6207.0], [7140.3, 6214.5], [7136.1, 6221.4], [7131.9, 6221.4], [7127.6, 6220.5], [7127.1, 6218.7]]]}}, {"type": "Feature", "properties": {"OBJECTID": 32, "id": 4, "name": "Ulthos", "Symbol": 3, "Visible": null, "Shape__Area": 5502185785810.184, "Shape__Length": 15796159.799635282}, "geometry": {"type": "Polygon", "coordinates": [[[8999.8, 8093.9], [8980.7, 8096.4], [8980.4, 8096.5], [8977.5, 8098.3], [8970.7, 8102.6], [8960.9, 8108.3], [8951.2, 8114.9], [8942.2, 8124.1], [8929.5, 8127.7], [8912.3, 8129.8], [8905.6, 8128.9], [8892.8, 8127.2], [8877.8, 8117.1], [8871.2, 8114.6], [8869.8, 8114.1], [8861.4, 8110.9], [8850.2, 8112.0], [8837.1, 8114.3], [8827.7, 8116.1], [8813.5, 8122.2], [8796.3, 8124.3], [8769.3, 8121.2], [8751.4, 8112.6], [8742.4, 8104.4], [8728.2, 8098.7], [8716.5, 8091.7], [8716.2, 8091.5], [8710.2, 8087.4], [8695.3, 8082.8], [8681.6, 8077.9], [8678.0, 8076.6], [8672.1, 8075.1], [8655.6, 8065.8], [8642.8, 8055.5], [8640.6, 8053.8], [8629.2, 8053.8], [8627.2, 8053.8], [8603.2, 8048.7], [8592.7, 8040.8], [8575.5, 8034.6], [8550.8, 8028.9], [8541.7, 8019.7], [8538.9, 8016.8], [8530.2, 8014.1], [8518.7, 8010.5], [8511.2, 8003.1], [8508.2, 7993.1], [8506.7, 7987.8], [8506.7, 7985.6], [8506.7, 7976.7], [8524.7, 7967.1], [8542.1, 7968.6], [8552.3, 7967.2], [8591.0, 7970.9], [8628.6, 7970.1], [8639.2, 7969.2], [8651.2, 7965.4], [8656.4, 7961.2], [8656.4, 7954.2], [8657.9, 7948.3], [8671.4, 7941.9], [8687.8, 7941.9], [8704.9, 7944.3], [8710.3, 7945.1], [8726.7, 7945.1], [8741.1, 7941.7], [8745.2, 7940.8], [8749.9, 7939.7], [8761.9, 7937.0], [8774.6, 7935.4], [8786.6, 7931.6], [8788.9, 7924.1], [8785.9, 7915.5], [8777.6, 7910.6], [8762.7, 7909.6], [8753.0, 7903.1], [8749.2, 7891.7], [8751.7, 7883.3], [8752.2, 7881.4], [8762.7, 7872.2], [8785.9, 7870.0], [8791.9, 7864.0], [8791.9, 7853.0], [8797.1, 7844.8], [8809.4, 7843.3], [8810.6, 7843.1], [8817.3, 7840.4], [8817.3, 7837.9], [8817.3, 7831.1], [8828.6, 7824.4], [8834.1, 7823.4], [8845.8, 7821.1], [8845.8, 7816.0], [8845.8, 7813.4], [8853.3, 7802.3], [8869.7, 7798.5], [8875.7, 7799.4], [8889.3, 7805.0], [8913.4, 7809.4], [8931.5, 7809.4], [8942.0, 7801.6], [8955.6, 7796.0], [8961.6, 7789.3], [8964.6, 7781.4], [8964.8, 7780.5], [8966.1, 7772.4], [8966.1, 7763.5], [8955.6, 7751.1], [8951.3, 7750.6], [8936.0, 7748.8], [8927.8, 7750.1], [8920.9, 7751.1], [8910.4, 7763.5], [8901.4, 7771.4], [8893.8, 7772.5], [8881.8, 7771.4], [8859.2, 7762.4], [8860.7, 7751.1], [8850.0, 7742.6], [8849.6, 7742.6], [8824.9, 7742.1], [8789.7, 7744.4], [8741.0, 7747.8], [8708.1, 7745.6], [8698.4, 7739.9], [8696.9, 7728.7], [8700.8, 7720.0], [8702.1, 7716.8], [8706.6, 7712.3], [8707.4, 7705.5], [8711.3, 7698.3], [8712.6, 7695.9], [8723.1, 7687.9], [8726.1, 7682.8], [8726.1, 7676.5], [8724.6, 7669.7], [8724.0, 7666.3], [8722.1, 7663.5], [8711.6, 7662.4], [8689.0, 7663.5], [8673.9, 7665.8], [8651.3, 7663.6], [8649.8, 7650.9], [8651.4, 7638.2], [8646.8, 7625.4], [8640.8, 7615.0], [8628.8, 7601.0], [8633.3, 7588.2], [8652.9, 7588.1], [8671.0, 7584.6], [8673.1, 7584.1], [8696.6, 7578.7], [8710.1, 7565.8], [8720.7, 7565.8], [8746.3, 7563.4], [8759.8, 7557.5], [8752.3, 7551.7], [8752.8, 7545.7], [8753.0, 7545.7], [8759.9, 7533.9], [8765.9, 7528.0], [8779.4, 7523.3], [8788.5, 7524.4], [8788.5, 7536.3], [8789.0, 7537.6], [8791.5, 7543.4], [8796.9, 7543.4], [8802.0, 7543.3], [8814.1, 7543.3], [8832.2, 7536.2], [8844.2, 7546.9], [8845.7, 7557.5], [8848.2, 7561.4], [8848.7, 7562.2], [8862.3, 7562.2], [8877.3, 7555.1], [8899.9, 7555.1], [8901.3, 7552.3], [8904.5, 7545.6], [8918.0, 7545.6], [8920.0, 7546.5], [8933.1, 7552.7], [8943.6, 7549.1], [8936.1, 7538.5], [8928.6, 7530.2], [8924.6, 7528.7], [8924.0, 7525.5], [8921.0, 7513.6], [8910.5, 7516.0], [8887.9, 7510.1], [8887.3, 7510.1], [8872.8, 7510.1], [8856.3, 7510.1], [8844.2, 7512.5], [8827.6, 7518.5], [8818.6, 7514.9], [8807.6, 7507.7], [8800.5, 7503.0], [8812.6, 7494.7], [8815.6, 7488.7], [8809.6, 7483.9], [8800.5, 7480.4], [8802.1, 7473.2], [8808.1, 7468.4], [8811.6, 7463.2], [8818.6, 7452.8], [8826.2, 7452.8], [8844.6, 7459.0], [8847.3, 7459.9], [8859.3, 7459.9], [8877.4, 7459.9], [8903.0, 7445.5], [8907.5, 7434.6], [8907.5, 7424.7], [8907.5, 7422.5], [8918.1, 7415.3], [8922.8, 7416.7], [8930.1, 7418.9], [8933.1, 7423.7], [8945.2, 7423.7], [8961.8, 7418.9], [8963.3, 7411.6], [8963.3, 7401.9], [8966.7, 7400.2], [8978.3, 7394.6], [8979.5, 7395.1], [8993.4, 7401.8], [9003.9, 7401.8], [9019.0, 7395.8], [9041.6, 7394.5], [9056.7, 7388.4], [9082.3, 7379.9], [9098.8, 7379.9], [9099.4, 7379.6], [9109.4, 7375.0], [9117.3, 7376.7], [9126.0, 7378.6], [9157.6, 7376.1], [9168.1, 7371.9], [9174.5, 7370.0], [9190.7, 7363.9], [9201.3, 7359.0], [9251.0, 7344.2], [9284.1, 7341.7], [9314.3, 7354.0], [9321.8, 7354.0], [9351.9, 7354.0], [9370.0, 7358.8], [9389.6, 7360.1], [9398.6, 7352.7], [9403.1, 7349.0], [9419.7, 7349.0], [9436.3, 7352.7], [9448.3, 7363.7], [9461.9, 7364.9], [9480.9, 7357.7], [9481.5, 7357.5], [9493.5, 7352.6], [9496.5, 7350.2], [9513.2, 7336.5], [9514.6, 7335.4], [9523.7, 7329.2], [9540.2, 7316.9], [9561.3, 7310.7], [9576.4, 7313.2], [9596.0, 7313.1], [9615.6, 7314.4], [9633.6, 7306.9], [9642.7, 7300.7], [9660.8, 7294.5], [9683.4, 7283.4], [9701.4, 7282.1], [9704.0, 7281.6], [9722.5, 7278.4], [9731.6, 7272.1], [9739.1, 7259.7], [9749.7, 7245.9], [9750.0, 7244.2], [9751.2, 7238.4], [9751.2, 7233.4], [9751.2, 7223.4], [9763.2, 7209.5], [9778.3, 7209.5], [9788.8, 7218.3], [9800.9, 7225.8], [9823.5, 7225.8], [9847.6, 7225.8], [9867.2, 7223.3], [9883.7, 7218.2], [9906.3, 7209.4], [9924.4, 7205.6], [9944.0, 7204.4], [9962.1, 7198.0], [9980.2, 7186.7], [10000.0, 7185.4], [10000.0, 7185.4], [10000.0, 7185.4], [10000.0, 7184.1], [10000.0, 7182.8], [10000.0, 7176.5], [10000.0, 7166.3], [10000.0, 7165.0], [10000.0, 7152.7], [10000.0, 7151.2], [10000.0, 7142.3], [10000.0, 7129.0], [10000.0, 7126.5], [10000.0, 7126.5], [10000.0, 7124.7], [10000.0, 7127.7], [10000.0, 7127.7], [10000.0, 7120.1], [10000.0, 7113.1], [10000.0, 7102.5], [10000.0, 7097.2], [10000.0, 7088.9], [10000.0, 7085.0], [10000.0, 7084.1], [10000.0, 7079.9], [10000.0, 7074.8], [10000.0, 7071.0], [10000.0, 7062.6], [10000.0, 7058.2], [10000.0, 7058.1], [10000.0, 7056.2], [10000.0, 7049.2], [10000.0, 7048.5], [10000.0, 7042.7], [10000.0, 7033.7], [10000.0, 7031.8], [10000.0, 7031.7], [10000.0, 7022.5], [10000.0, 7018.2], [10000.0, 7008.5], [10000.0, 7004.0], [10000.0, 6996.2], [10000.0, 6989.7], [10000.0, 6982.0], [10000.0, 6974.8], [10000.0, 6968.3], [10000.0, 6965.7], [10000.0, 6957.9], [10000.0, 6948.7], [10000.0, 6942.2], [10000.0, 6940.9], [10000.0, 6944.8], [10000.0, 6947.1], [10000.0, 6952.6], [10000.0, 6955.2], [10000.0, 6953.3], [10000.0, 6953.3], [10000.0, 6951.3], [10000.0, 6950.4], [10000.0, 6940.8], [10000.0, 6936.9], [10000.0, 6934.9], [10000.0, 6932.3], [10000.0, 6929.7], [10000.0, 6927.0], [10000.0, 6919.8], [10000.0, 6913.3], [10000.0, 6913.9], [10000.0, 6918.5], [10000.0, 6926.3], [10000.0, 6934.2], [10000.0, 6935.5], [10000.0, 6943.3], [10000.0, 6953.0], [10000.0, 6960.9], [10000.0, 6965.0], [10000.0, 6968.0], [10000.0, 6982.9], [10000.0, 7001.7], [10000.0, 7011.4], [10000.0, 7011.7], [10000.0, 7013.8], [10000.0, 7014.0], [10000.0, 7014.0], [10000.0, 7011.6], [10000.0, 7011.5], [10000.0, 7010.2], [10000.0, 7011.5], [10000.0, 7026.3], [10000.0, 7037.9], [10000.0, 7050.7], [10000.0, 7053.9], [10000.0, 7065.5], [10000.0, 7071.8], [10000.0, 7073.7], [10000.0, 7065.4], [10000.0, 7059.0], [10000.0, 7053.8], [10000.0, 7046.1], [10000.0, 7033.3], [10000.0, 7023.0], [10000.0, 7017.5], [10000.0, 7015.2], [10000.0, 7029.8], [10000.0, 7037.7], [10000.0, 7076.8], [10000.0, 7095.8], [10000.0, 7105.7], [10000.0, 7121.3], [10000.0, 7137.8], [10000.0, 7153.2], [10000.0, 7165.3], [10000.0, 7187.3], [10000.0, 7191.6], [10000.0, 7191.4], [10000.0, 7193.2], [10000.0, 7203.2], [10000.0, 7215.1], [10000.0, 7228.8], [10000.0, 7241.2], [10000.0, 7259.9], [10000.0, 7271.6], [10000.0, 7272.2], [10000.0, 7272.8], [10000.0, 7272.9], [10000.0, 7275.3], [10000.0, 7285.1], [10000.0, 7286.1], [10000.0, 7298.1], [10000.0, 7312.8], [10000.0, 7316.7], [10000.0, 7319.0], [10000.0, 7322.6], [10000.0, 7322.6], [10000.0, 7322.4], [10000.0, 7322.1], [10000.0, 7317.3], [10000.0, 7309.8], [10000.0, 7300.6], [10000.0, 7298.2], [10000.0, 7300.1], [10000.0, 7300.2], [10000.0, 7301.3], [10000.0, 7309.9], [10000.0, 7314.0], [10000.0, 7328.8], [10000.0, 7332.5], [10000.0, 7345.9], [10000.0, 7354.8], [10000.0, 7363.0], [10000.0, 7370.3], [10000.0, 7369.7], [10000.0, 7365.3], [10000.0, 7363.8], [10000.0, 7362.4], [10000.0, 7353.4], [10000.0, 7338.1], [10000.0, 7336.3], [10000.0, 7341.2], [10000.0, 7350.3], [10000.0, 7361.3], [10000.0, 7375.2], [10000.0, 7387.9], [10000.0, 7409.7], [10000.0, 7414.4], [10000.0, 7419.9], [10000.0, 7427.7], [10000.0, 7429.6], [10000.0, 7430.7], [10000.0, 7437.3], [10000.0, 7440.3], [10000.0, 7448.6], [10000.0, 7455.2], [10000.0, 7456.4], [10000.0, 7460.0], [10000.0, 7461.7], [10000.0, 7466.5], [10000.0, 7467.8], [10000.0, 7474.8], [10000.0, 7476.0], [10000.0, 7487.3], [10000.0, 7490.5], [10000.0, 7493.0], [10000.0, 7499.2], [10000.0, 7505.1], [10000.0, 7505.7], [10000.0, 7505.7], [10000.0, 7505.7], [10000.0, 7505.7], [10000.0, 7510.6], [10000.0, 7512.8], [10000.0, 7523.4], [10000.0, 7528.1], [10000.0, 7530.5], [10000.0, 7530.5], [10000.0, 7530.5], [10000.0, 7534.6], [10000.0, 7544.0], [10000.0, 7551.1], [10000.0, 7557.7], [10000.0, 7564.5], [10000.0, 7570.3], [10000.0, 7576.2], [10000.0, 7579.7], [10000.0, 7581.4], [10000.0, 7598.8], [10000.0, 7612.2], [10000.0, 7612.1], [10000.0, 7611.9], [10000.0, 7613.9], [10000.0, 7620.8], [10000.0, 7632.3], [10000.0, 7643.8], [10000.0, 7663.3], [10000.0, 7674.1], [10000.0, 7687.2], [10000.0, 7696.3], [10000.0, 7694.1], [10000.0, 7689.7], [10000.0, 7682.1], [10000.0, 7683.7], [10000.0, 7683.9], [10000.0, 7679.3], [10000.0, 7670.8], [10000.0, 7653.7], [10000.0, 7653.0], [10000.0, 7650.7], [10000.0, 7642.3], [10000.0, 7642.2], [10000.0, 7635.3], [10000.0, 7634.7], [10000.0, 7637.0], [10000.0, 7643.5], [10000.0, 7643.9], [10000.0, 7658.8], [10000.0, 7661.7], [10000.0, 7665.7], [10000.0, 7671.4], [10000.0, 7683.4], [10000.0, 7694.2], [10000.0, 7695.9], [10000.0, 7693.6], [10000.0, 7692.0], [10000.0, 7698.2], [10000.0, 7704.5], [10000.0, 7705.6], [10000.0, 7714.7], [10000.0, 7721.5], [10000.0, 7726.5], [10000.0, 7734.4], [10000.0, 7741.5], [10000.0, 7741.8], [10000.0, 7742.4], [10000.0, 7749.6], [10000.0, 7758.0], [10000.0, 7770.8], [10000.0, 7780.9], [10000.0, 7785.2], [10000.0, 7786.0], [10000.0, 7792.6], [10000.0, 7799.8], [10000.0, 7800.9], [10000.0, 7808.2], [10000.0, 7808.2], [10000.0, 7808.2], [10000.0, 7811.0], [10000.0, 7817.6], [10000.0, 7830.3], [10000.0, 7838.2], [10000.0, 7839.6], [10000.0, 7846.2], [10000.0, 7849.0], [10000.0, 7850.1], [10000.0, 7849.0], [10000.0, 7846.7], [10000.0, 7846.3], [10000.0, 7851.8], [10000.0, 7861.6], [10000.0, 7873.1], [10000.0, 7884.0], [10000.0, 7891.0], [10000.0, 7891.0], [10000.0, 7891.0], [10000.0, 7891.6], [10000.0, 7892.2], [10000.0, 7894.9], [10000.0, 7895.0], [10000.0, 7895.4], [10000.0, 7891.1], [10000.0, 7890.1], [10000.0, 7874.8], [10000.0, 7861.2], [10000.0, 7849.7], [10000.0, 7839.3], [10000.0, 7831.6], [10000.0, 7831.1], [10000.0, 7832.4], [10000.0, 7833.3], [10000.0, 7835.5], [10000.0, 7835.5], [10000.0, 7835.5], [10000.0, 7837.7], [10000.0, 7842.6], [10000.0, 7849.2], [10000.0, 7849.7], [10000.0, 7856.9], [10000.0, 7865.6], [10000.0, 7874.9], [10000.0, 7878.2], [10000.0, 7881.4], [9999.8, 7888.5], [9997.5, 7904.2], [9997.5, 7914.5], [10000.0, 7926.3], [10000.0, 7926.8], [10000.0, 7926.2], [10000.0, 7927.1], [10000.0, 7928.4], [10000.0, 7929.5], [10000.0, 7932.7], [10000.0, 7938.1], [10000.0, 7942.3], [10000.0, 7947.7], [10000.0, 7955.7], [10000.0, 7961.6], [10000.0, 7973.3], [10000.0, 7982.3], [10000.0, 7984.4], [10000.0, 7990.8], [10000.0, 7994.5], [10000.0, 7997.0], [10000.0, 7997.1], [9998.2, 8000.8], [9989.2, 8010.8], [9987.7, 8015.8], [9986.2, 8020.3], [9976.5, 8027.6], [9961.5, 8030.3], [9933.8, 8028.2], [9922.6, 8020.9], [9922.6, 8010.4], [9928.2, 8005.8], [9931.6, 8003.0], [9945.8, 7995.1], [9947.3, 7985.0], [9944.3, 7974.9], [9934.6, 7971.8], [9926.5, 7972.3], [9917.4, 7972.8], [9903.2, 7971.3], [9902.1, 7970.8], [9892.7, 7967.0], [9883.0, 7959.6], [9865.8, 7958.5], [9854.5, 7966.0], [9853.0, 7970.2], [9852.3, 7978.0], [9852.3, 7978.7], [9846.3, 7987.2], [9837.3, 7993.0], [9825.2, 7994.1], [9808.1, 7995.7], [9788.7, 7996.3], [9772.2, 8003.1], [9758.7, 8013.7], [9735.5, 8016.8], [9710.8, 8017.4], [9691.4, 8024.2], [9690.6, 8031.0], [9690.6, 8032.2], [9690.6, 8041.0], [9684.6, 8050.3], [9671.9, 8054.3], [9668.2, 8055.6], [9659.2, 8059.7], [9658.8, 8066.5], [9658.4, 8072.7], [9656.9, 8083.0], [9645.7, 8093.8], [9633.0, 8098.5], [9620.4, 8100.8], [9613.5, 8102.1], [9609.0, 8110.3], [9609.0, 8116.5], [9609.0, 8124.1], [9597.0, 8139.4], [9585.0, 8143.9], [9558.9, 8145.5], [9539.4, 8138.4], [9530.4, 8127.2], [9528.5, 8116.7], [9528.2, 8115.0], [9521.5, 8108.8], [9505.0, 8106.8], [9495.3, 8107.8], [9477.3, 8110.9], [9464.6, 8113.5], [9462.2, 8113.6], [9447.4, 8114.5], [9426.4, 8112.0], [9415.2, 8104.8], [9404.2, 8100.3], [9398.0, 8097.6], [9393.2, 8096.7], [9383.0, 8094.6], [9358.3, 8091.0], [9343.9, 8091.7], [9328.4, 8092.6], [9305.2, 8099.3], [9292.5, 8104.9], [9264.0, 8113.1], [9240.9, 8116.6], [9235.6, 8118.6], [9204.0, 8120.7], [9195.0, 8116.6], [9175.4, 8112.5], [9154.3, 8101.1], [9125.7, 8088.7], [9092.5, 8075.2], [9072.8, 8069.8], [9065.7, 8070.1], [9044.8, 8073.7], [9028.3, 8081.0], [9024.5, 8085.5], [9020.2, 8090.5], [9013.6, 8093.5], [8999.8, 8093.9]]]}}, {"type": "Feature", "properties": {"OBJECTID": 36, "id": 3, "name": "Sothoryos", "Symbol": 4, "Visible": null, "Shape__Area": 62614845368535.14, "Shape__Length": 69721102.40768847}, "geometry": {"type": "Polygon", "coordinates": [[[8881.8, 8166.9], [8882.2, 8168.0], [8888.0, 8170.8], [8890.1, 8171.0], [8917.7, 8173.4], [8926.5, 8171.5], [8937.0, 8167.0], [8941.2, 8162.9], [8952.1, 8159.7], [8959.2, 8152.3], [8967.8, 8143.8], [8977.2, 8143.8], [8981.4, 8143.1], [8987.4, 8142.2], [8990.5, 8137.4], [8993.1, 8133.2], [8996.8, 8127.3], [9011.7, 8122.4], [9026.5, 8122.1], [9032.8, 8121.9], [9046.9, 8119.7], [9047.4, 8119.2], [9051.7, 8113.9], [9065.0, 8106.9], [9096.3, 8108.5], [9108.1, 8111.7], [9113.5, 8118.6], [9123.7, 8123.4], [9137.8, 8125.0], [9152.6, 8127.0], [9159.4, 8130.1], [9162.1, 8133.5], [9163.7, 8135.2], [9170.7, 8142.6], [9180.5, 8146.1], [9184.0, 8147.3], [9195.0, 8156.9], [9194.2, 8181.6], [9184.8, 8186.9], [9162.1, 8185.3], [9150.3, 8184.9], [9135.5, 8184.3], [9120.6, 8185.9], [9115.3, 8191.1], [9114.3, 8198.5], [9114.6, 8202.3], [9115.1, 8208.4], [9114.0, 8210.5], [9111.7, 8214.8], [9106.4, 8224.5], [9092.3, 8224.0], [9069.2, 8222.6], [9067.3, 8222.5], [9061.0, 8229.3], [9063.4, 8236.0], [9065.0, 8237.3], [9072.0, 8242.7], [9077.5, 8247.3], [9077.4, 8260.2], [9069.6, 8274.0], [9057.9, 8278.1], [9040.6, 8282.2], [9023.7, 8285.0], [9020.4, 8285.6], [9012.8, 8288.8], [9006.1, 8295.0], [8993.6, 8300.0], [8974.8, 8300.0], [8966.5, 8300.0], [8964.4, 8300.0], [8953.6, 8300.0], [8945.0, 8300.0], [8944.2, 8300.0], [8950.5, 8300.0], [8958.7, 8300.0], [8962.3, 8300.0], [8977.1, 8300.0], [8976.3, 8300.0], [8974.4, 8300.0], [8968.5, 8300.0], [8976.3, 8300.0], [8992.8, 8300.0], [9015.7, 8300.0], [9025.2, 8300.0], [9029.2, 8300.0], [9031.2, 8300.0], [9053.4, 8300.0], [9054.8, 8300.0], [9060.4, 8300.0], [9064.8, 8300.0], [9075.0, 8300.0], [9100.1, 8300.0], [9110.3, 8300.0], [9118.1, 8300.0], [9130.6, 8300.0], [9144.7, 8300.0], [9147.1, 8300.0], [9145.6, 8300.0], [9143.2, 8300.0], [9128.3, 8300.0], [9120.4, 8300.0], [9113.4, 8300.0], [9096.9, 8300.0], [9095.2, 8300.0], [9082.8, 8300.0], [9079.9, 8300.0], [9074.2, 8300.0], [9060.9, 8300.0], [9036.8, 8300.0], [9035.0, 8300.0], [9024.8, 8300.0], [9025.6, 8300.0], [9039.7, 8300.0], [9058.5, 8300.0], [9072.6, 8300.0], [9082.8, 8300.0], [9094.5, 8300.0], [9107.1, 8300.0], [9136.0, 8300.0], [9148.6, 8300.0], [9161.2, 8300.0], [9181.5, 8300.0], [9189.6, 8300.0], [9195.6, 8300.0], [9216.7, 8300.0], [9221.4, 8300.0], [9233.2, 8300.0], [9251.1, 8300.0], [9253.5, 8300.0], [9266.1, 8300.0], [9277.8, 8300.0], [9292.7, 8300.0], [9328.0, 8300.0], [9367.1, 8300.0], [9396.9, 8300.0], [9417.3, 8300.0], [9461.1, 8300.0], [9462.3, 8300.0], [9474.5, 8300.0], [9477.7, 8300.0], [9488.4, 8300.0], [9500.3, 8300.0], [9519.9, 8300.0], [9546.5, 8300.0], [9554.2, 8300.0], [9554.4, 8300.0], [9557.9, 8300.0], [9577.9, 8300.0], [9588.0, 8300.0], [9592.6, 8300.0], [9593.5, 8300.0], [9601.4, 8300.0], [9612.4, 8300.0], [9613.9, 8300.0], [9617.0, 8300.0], [9642.9, 8300.0], [9652.3, 8300.0], [9658.5, 8300.0], [9678.1, 8300.0], [9682.0, 8300.0], [9689.9, 8300.0], [9699.6, 8300.0], [9700.1, 8300.0], [9719.6, 8300.0], [9726.7, 8300.0], [9729.8, 8300.0], [9734.9, 8300.0], [9736.1, 8300.0], [9739.2, 8300.0], [9745.0, 8300.0], [9747.6, 8300.0], [9751.0, 8300.0], [9757.7, 8300.0], [9768.2, 8300.0], [9782.3, 8300.0], [9783.5, 8300.0], [9793.3, 8300.0], [9808.9, 8300.0], [9825.9, 8300.0], [9831.4, 8300.0], [9857.6, 8300.0], [9857.6, 8300.0], [9839.4, 8300.0], [9807.2, 8300.0], [9787.0, 8300.0], [9781.0, 8300.0], [9748.7, 8300.0], [9726.5, 8300.0], [9715.3, 8300.0], [9708.6, 8300.0], [9701.9, 8300.0], [9695.3, 8300.0], [9695.1, 8300.0], [9685.9, 8300.0], [9671.8, 8300.0], [9655.3, 8300.0], [9628.7, 8300.0], [9624.7, 8300.0], [9602.1, 8300.0], [9575.4, 8300.0], [9557.4, 8300.0], [9541.8, 8300.0], [9509.6, 8300.0], [9500.2, 8300.0], [9494.0, 8300.0], [9478.5, 8300.0], [9476.7, 8300.0], [9474.5, 8300.0], [9442.3, 8300.0], [9426.6, 8300.0], [9413.3, 8300.0], [9386.7, 8300.0], [9376.5, 8300.0], [9365.5, 8300.0], [9347.5, 8300.0], [9331.0, 8300.0], [9314.6, 8300.0], [9302.8, 8300.0], [9295.8, 8300.0], [9285.6, 8300.0], [9278.7, 8300.0], [9274.6, 8300.0], [9255.8, 8300.0], [9243.3, 8300.0], [9228.4, 8300.0], [9207.2, 8300.0], [9189.2, 8300.0], [9175.9, 8300.0], [9165.7, 8300.0], [9155.1, 8300.0], [9148.5, 8300.0], [9139.1, 8300.0], [9134.7, 8300.0], [9128.9, 8300.0], [9109.3, 8300.0], [9103.5, 8300.0], [9097.5, 8300.0], [9096.8, 8300.0], [9096.3, 8300.0], [9095.2, 8300.0], [9079.5, 8300.0], [9064.6, 8300.0], [9041.1, 8300.0], [9034.1, 8300.0], [9026.2, 8300.0], [9015.8, 8300.0], [9015.4, 8300.0], [9014.5, 8300.0], [9001.9, 8300.0], [8997.3, 8300.0], [8977.6, 8300.0], [8982.8, 8300.0], [8986.3, 8300.0], [8996.2, 8300.0], [9002.8, 8300.0], [9005.9, 8300.0], [9007.2, 8300.0], [9017.7, 8300.0], [9024.2, 8300.0], [9031.4, 8300.0], [9048.3, 8300.0], [9069.9, 8300.0], [9083.6, 8300.0], [9088.2, 8300.0], [9087.6, 8300.0], [9082.3, 8300.0], [9058.1, 8300.0], [9039.8, 8300.0], [9013.5, 8300.0], [9012.4, 8300.0], [8994.1, 8300.0], [8983.7, 8300.0], [8981.4, 8300.0], [8971.3, 8300.0], [8969.8, 8300.0], [8956.3, 8300.0], [8943.2, 8300.0], [8932.1, 8300.0], [8930.9, 8300.0], [8930.8, 8300.0], [8921.6, 8300.0], [8905.3, 8300.0], [8900.2, 8300.0], [8889.7, 8300.0], [8876.6, 8300.0], [8857.0, 8300.0], [8827.6, 8300.0], [8802.2, 8300.0], [8798.2, 8300.0], [8790.4, 8300.0], [8782.6, 8300.0], [8781.9, 8300.0], [8786.5, 8300.0], [8796.9, 8300.0], [8797.2, 8300.0], [8801.5, 8300.0], [8813.2, 8300.0], [8828.3, 8300.0], [8837.4, 8300.0], [8843.3, 8300.0], [8829.5, 8300.0], [8825.0, 8300.0], [8813.2, 8300.0], [8812.3, 8300.0], [8811.3, 8300.0], [8807.7, 8300.0], [8797.5, 8300.0], [8784.5, 8300.0], [8775.3, 8300.0], [8770.1, 8300.0], [8769.7, 8300.0], [8765.5, 8300.0], [8753.1, 8300.0], [8736.8, 8300.0], [8733.7, 8300.0], [8716.6, 8300.0], [8704.2, 8300.0], [8695.0, 8300.0], [8680.0, 8300.0], [8667.0, 8300.0], [8660.2, 8300.0], [8659.9, 8300.0], [8637.7, 8300.0], [8627.7, 8300.0], [8606.8, 8300.0], [8603.6, 8300.0], [8595.1, 8300.0], [8571.8, 8300.0], [8569.0, 8300.0], [8568.5, 8300.0], [8559.7, 8300.0], [8554.6, 8300.0], [8552.7, 8300.0], [8552.7, 8300.0], [8552.7, 8300.0], [8550.1, 8300.0], [8546.5, 8300.0], [8535.7, 8300.0], [8531.8, 8300.0], [8538.9, 8300.0], [8541.6, 8300.0], [8552.7, 8300.0], [8553.6, 8300.0], [8557.9, 8300.0], [8571.6, 8300.0], [8589.2, 8300.0], [8604.2, 8300.0], [8614.0, 8300.0], [8629.1, 8300.0], [8633.6, 8300.0], [8635.2, 8300.0], [8647.3, 8300.0], [8657.1, 8300.0], [8674.8, 8300.0], [8696.3, 8300.0], [8723.1, 8300.0], [8740.7, 8300.0], [8749.8, 8300.0], [8759.5, 8300.0], [8768.1, 8300.0], [8772.3, 8300.0], [8777.2, 8300.0], [8793.6, 8300.0], [8803.0, 8300.0], [8809.9, 8300.0], [8829.5, 8300.0], [8885.6, 8300.0], [8894.5, 8300.0], [8904.7, 8300.0], [8912.4, 8300.0], [8927.8, 8300.0], [8936.6, 8300.0], [8943.1, 8300.0], [8958.8, 8300.0], [8962.7, 8300.0], [8965.9, 8300.0], [8987.5, 8300.0], [9010.3, 8300.0], [9030.6, 8300.0], [9058.9, 8300.0], [9067.1, 8300.0], [9070.7, 8300.0], [9080.2, 8300.0], [9088.7, 8300.0], [9105.0, 8300.0], [9110.9, 8300.0], [9112.6, 8300.0], [9121.3, 8300.0], [9140.7, 8300.0], [9143.5, 8300.0], [9156.6, 8300.0], [9178.1, 8300.0], [9178.7, 8300.0], [9190.0, 8300.0], [9203.6, 8300.0], [9215.3, 8300.0], [9217.3, 8300.0], [9219.5, 8300.0], [9223.2, 8300.0], [9235.3, 8300.0], [9249.3, 8300.0], [9249.7, 8300.0], [9256.5, 8300.0], [9270.8, 8300.0], [9284.3, 8300.0], [9288.5, 8300.0], [9289.7, 8300.0], [9293.7, 8300.0], [9304.6, 8300.0], [9307.4, 8300.0], [9327.0, 8300.0], [9333.5, 8300.0], [9336.1, 8300.0], [9334.2, 8300.0], [9334.8, 8300.0], [9329.6, 8300.0], [9330.7, 8300.0], [9344.0, 8300.0], [9360.3, 8300.0], [9364.0, 8300.0], [9369.5, 8300.0], [9378.6, 8300.0], [9383.0, 8300.0], [9389.7, 8300.0], [9395.6, 8300.0], [9398.8, 8300.0], [9411.2, 8300.0], [9413.2, 8300.0], [9413.2, 8300.0], [9422.3, 8300.0], [9449.8, 8300.0], [9475.2, 8300.0], [9494.3, 8300.0], [9501.3, 8300.0], [9513.1, 8300.0], [9515.6, 8300.0], [9517.7, 8300.0], [9518.4, 8300.0], [9513.7, 8300.0], [9507.2, 8300.0], [9509.8, 8300.0], [9518.9, 8300.0], [9520.9, 8300.0], [9519.6, 8300.0], [9531.3, 8300.0], [9546.4, 8300.0], [9550.3, 8300.0], [9564.6, 8300.0], [9575.7, 8300.0], [9595.3, 8300.0], [9605.1, 8300.0], [9607.1, 8300.0], [9624.0, 8300.0], [9623.6, 8300.0], [9623.4, 8300.0], [9612.3, 8300.0], [9599.2, 8300.0], [9599.9, 8300.0], [9600.5, 8300.0], [9605.8, 8300.0], [9606.4, 8300.0], [9606.4, 8300.0], [9612.9, 8300.0], [9637.1, 8300.0], [9652.1, 8300.0], [9660.1, 8300.0], [9667.1, 8300.0], [9673.6, 8300.0], [9673.7, 8300.0], [9676.2, 8300.0], [9678.2, 8300.0], [9689.9, 8300.0], [9706.9, 8300.0], [9714.8, 8300.0], [9727.2, 8300.0], [9728.9, 8300.0], [9737.6, 8300.0], [9736.3, 8300.0], [9727.1, 8300.0], [9717.3, 8300.0], [9714.7, 8300.0], [9709.5, 8300.0], [9708.8, 8300.0], [9707.6, 8300.0], [9699.0, 8300.0], [9681.4, 8300.0], [9680.1, 8300.0], [9681.3, 8300.0], [9681.4, 8300.0], [9676.2, 8300.0], [9665.1, 8300.0], [9650.7, 8300.0], [9646.2, 8300.0], [9635.1, 8300.0], [9622.0, 8300.0], [9616.1, 8300.0], [9605.7, 8300.0], [9593.3, 8300.0], [9589.0, 8300.0], [9592.4, 8300.0], [9591.3, 8300.0], [9589.4, 8300.0], [9578.3, 8300.0], [9567.2, 8300.0], [9567.6, 8300.0], [9569.1, 8300.0], [9563.2, 8300.0], [9546.3, 8300.0], [9535.8, 8300.0], [9533.5, 8300.0], [9530.6, 8300.0], [9518.2, 8300.0], [9506.4, 8300.0], [9492.1, 8300.0], [9488.2, 8300.0], [9473.8, 8300.0], [9426.8, 8300.0], [9416.3, 8300.0], [9400.7, 8300.0], [9385.0, 8300.0], [9364.1, 8300.0], [9338.0, 8300.0], [9306.7, 8300.0], [9274.0, 8300.0], [9248.6, 8300.0], [9227.0, 8300.0], [9225.0, 8300.0], [9227.0, 8300.0], [9228.3, 8300.0], [9240.0, 8300.0], [9244.6, 8300.0], [9251.1, 8300.0], [9253.1, 8300.0], [9253.1, 8300.0], [9253.1, 8300.0], [9261.6, 8300.0], [9257.7, 8300.0], [9246.6, 8300.0], [9247.0, 8300.0], [9247.2, 8300.0], [9249.1, 8300.0], [9261.6, 8300.0], [9279.2, 8300.0], [9307.9, 8300.0], [9325.2, 8300.0], [9336.7, 8300.0], [9366.0, 8300.0], [9391.5, 8300.0], [9398.0, 8300.0], [9409.8, 8300.0], [9422.2, 8300.0], [9449.6, 8300.0], [9462.0, 8300.0], [9480.3, 8300.0], [9504.4, 8300.0], [9521.4, 8300.0], [9548.2, 8300.0], [9575.6, 8300.0], [9580.2, 8300.0], [9590.0, 8300.0], [9599.1, 8300.0], [9599.9, 8300.0], [9611.5, 8300.0], [9614.0, 8300.0], [9614.1, 8300.0], [9625.2, 8300.0], [9622.4, 8300.0], [9620.6, 8300.0], [9621.9, 8300.0], [9631.1, 8300.0], [9634.3, 8300.0], [9629.1, 8300.0], [9639.6, 8300.0], [9660.1, 8300.0], [9661.1, 8300.0], [9677.4, 8300.0], [9676.1, 8300.0], [9673.3, 8300.0], [9669.9, 8300.0], [9666.3, 8300.0], [9662.5, 8300.0], [9648.0, 8300.0], [9623.9, 8300.0], [9602.3, 8300.0], [9582.2, 8300.0], [9549.5, 8300.0], [9526.0, 8300.0], [9514.4, 8300.0], [9510.3, 8300.0], [9497.9, 8300.0], [9476.3, 8300.0], [9466.6, 8300.0], [9451.5, 8300.0], [9431.3, 8300.0], [9413.0, 8300.0], [9391.5, 8300.0], [9382.9, 8300.0], [9380.4, 8300.0], [9366.6, 8300.0], [9350.0, 8300.0], [9348.4, 8300.0], [9341.2, 8300.0], [9339.9, 8300.0], [9336.6, 8300.0], [9332.0, 8300.0], [9328.8, 8300.0], [9328.8, 8300.0], [9322.2, 8300.0], [9309.8, 8300.0], [9304.6, 8300.0], [9288.9, 8300.0], [9277.5, 8300.0], [9277.2, 8300.0], [9259.9, 8300.0], [9256.3, 8300.0], [9243.9, 8300.0], [9239.3, 8300.0], [9230.8, 8300.0], [9230.8, 8300.0], [9236.3, 8300.0], [9236.7, 8300.0], [9236.3, 8300.0], [9230.9, 8300.0], [9230.2, 8300.0], [9229.6, 8300.0], [9207.3, 8300.0], [9194.7, 8300.0], [9187.7, 8300.0], [9177.5, 8300.0], [9166.8, 8300.0], [9153.8, 8300.0], [9147.9, 8300.0], [9144.0, 8300.0], [9133.5, 8300.0], [9119.2, 8300.0], [9104.8, 8300.0], [9083.9, 8300.0], [9070.8, 8300.0], [9061.7, 8300.0], [9046.7, 8300.0], [9037.5, 8300.0], [9020.6, 8300.0], [9001.6, 8300.0], [8987.3, 8300.0], [8977.5, 8300.0], [8970.9, 8300.0], [8954.6, 8300.0], [8941.6, 8300.0], [8916.8, 8300.0], [8892.6, 8300.0], [8875.0, 8300.0], [8855.4, 8300.0], [8849.5, 8300.0], [8850.4, 8300.0], [8850.8, 8300.0], [8854.1, 8300.0], [8858.0, 8300.0], [8859.3, 8300.0], [8859.9, 8300.0], [8855.4, 8300.0], [8854.3, 8300.0], [8841.7, 8300.0], [8832.5, 8300.0], [8829.3, 8300.0], [8822.1, 8300.0], [8805.1, 8300.0], [8804.4, 8300.0], [8804.0, 8300.0], [8799.2, 8300.0], [8802.5, 8300.0], [8800.6, 8300.0], [8790.7, 8300.0], [8782.9, 8300.0], [8780.5, 8300.0], [8778.3, 8300.0], [8767.2, 8300.0], [8751.5, 8300.0], [8743.7, 8300.0], [8730.0, 8300.0], [8721.5, 8300.0], [8721.2, 8300.0], [8716.3, 8300.0], [8703.9, 8300.0], [8696.0, 8300.0], [8698.6, 8300.0], [8712.4, 8300.0], [8713.7, 8300.0], [8711.0, 8300.0], [8718.2, 8300.0], [8730.5, 8300.0], [8730.6, 8300.0], [8731.1, 8300.0], [8737.2, 8300.0], [8734.2, 8300.0], [8733.2, 8300.0], [8729.0, 8300.0], [8720.2, 8300.0], [8715.6, 8300.0], [8703.4, 8300.0], [8696.7, 8300.0], [8687.4, 8300.0], [8676.4, 8300.0], [8666.6, 8300.0], [8642.5, 8300.0], [8623.6, 8300.0], [8616.4, 8300.0], [8604.6, 8300.0], [8596.1, 8300.0], [8578.5, 8300.0], [8570.6, 8300.0], [8571.3, 8300.0], [8566.8, 8300.0], [8562.2, 8300.0], [8563.5, 8300.0], [8560.9, 8300.0], [8553.7, 8300.0], [8542.0, 8300.0], [8528.9, 8300.0], [8513.9, 8300.0], [8495.6, 8300.0], [8491.7, 8300.0], [8474.7, 8300.0], [8472.3, 8300.0], [8459.7, 8300.0], [8440.8, 8300.0], [8438.8, 8300.0], [8431.6, 8300.0], [8414.7, 8300.0], [8399.0, 8300.0], [8403.0, 8300.0], [8402.2, 8300.0], [8391.8, 8300.0], [8380.7, 8300.0], [8376.1, 8300.0], [8373.5, 8300.0], [8367.6, 8300.0], [8357.8, 8300.0], [8348.7, 8300.0], [8352.0, 8300.0], [8364.4, 8300.0], [8373.5, 8300.0], [8373.6, 8300.0], [8374.2, 8300.0], [8361.7, 8300.0], [8352.0, 8300.0], [8349.3, 8300.0], [8348.8, 8300.0], [8347.4, 8300.0], [8347.4, 8300.0], [8352.6, 8300.0], [8361.7, 8300.0], [8370.1, 8300.0], [8375.4, 8300.0], [8375.4, 8300.0], [8375.4, 8300.0], [8382.0, 8300.0], [8385.0, 8300.0], [8385.4, 8300.0], [8400.7, 8300.0], [8405.5, 8300.0], [8405.5, 8300.0], [8402.9, 8300.0], [8402.9, 8300.0], [8414.0, 8300.0], [8431.8, 8300.0], [8432.2, 8300.0], [8434.8, 8300.0], [8431.8, 8300.0], [8428.3, 8300.0], [8419.8, 8300.0], [8408.7, 8300.0], [8408.7, 8300.0], [8401.4, 8300.0], [8387.6, 8300.0], [8360.5, 8300.0], [8350.0, 8300.0], [8325.1, 8300.0], [8321.5, 8300.0], [8320.6, 8300.0], [8311.2, 8300.0], [8302.3, 8300.0], [8287.3, 8300.0], [8278.8, 8300.0], [8266.4, 8300.0], [8259.9, 8300.0], [8259.5, 8300.0], [8259.2, 8300.0], [8248.7, 8300.0], [8243.5, 8300.0], [8216.8, 8300.0], [8199.6, 8300.0], [8199.2, 8300.0], [8190.7, 8300.0], [8165.9, 8300.0], [8151.5, 8300.0], [8128.0, 8300.0], [8123.7, 8300.0], [8096.0, 8300.0], [8086.2, 8300.0], [8084.3, 8300.0], [8085.0, 8300.0], [8086.2, 8300.0], [8081.0, 8300.0], [8072.3, 8300.0], [8072.5, 8300.0], [8065.3, 8300.0], [8054.2, 8300.0], [8042.0, 8300.0], [8038.6, 8300.0], [8023.6, 8300.0], [8024.8, 8300.0], [8025.5, 8300.0], [8024.2, 8300.0], [8016.4, 8300.0], [7998.8, 8300.0], [7984.4, 8300.0], [7967.6, 8300.0], [7964.0, 8300.0], [7962.8, 8300.0], [7962.8, 8300.0], [7953.7, 8300.0], [7933.5, 8300.0], [7917.8, 8300.0], [7919.8, 8300.0], [7915.8, 8300.0], [7895.7, 8300.0], [7895.5, 8300.0], [7889.8, 8300.0], [7891.7, 8300.0], [7887.5, 8300.0], [7883.9, 8300.0], [7875.4, 8300.0], [7864.9, 8300.0], [7866.9, 8300.0], [7861.7, 8300.0], [7836.9, 8300.0], [7836.9, 8300.0], [7813.4, 8300.0], [7804.2, 8300.0], [7808.8, 8300.0], [7816.0, 8300.0], [7824.5, 8300.0], [7833.6, 8300.0], [7837.5, 8300.0], [7837.5, 8300.0], [7848.0, 8300.0], [7866.3, 8300.0], [7866.3, 8300.0], [7863.0, 8300.0], [7863.0, 8300.0], [7866.9, 8300.0], [7876.7, 8300.0], [7891.1, 8300.0], [7897.6, 8300.0], [7900.9, 8300.0], [7898.9, 8300.0], [7902.8, 8300.0], [7902.2, 8300.0], [7887.2, 8300.0], [7879.7, 8300.0], [7868.2, 8300.0], [7866.1, 8300.0], [7861.1, 8300.0], [7846.7, 8300.0], [7829.1, 8300.0], [7809.5, 8300.0], [7801.6, 8300.0], [7788.6, 8300.0], [7777.5, 8300.0], [7775.5, 8300.0], [7756.5, 8300.0], [7749.2, 8300.0], [7752.0, 8300.0], [7750.3, 8300.0], [7748.1, 8300.0], [7742.1, 8300.0], [7720.0, 8300.0], [7700.4, 8300.0], [7693.9, 8300.0], [7692.5, 8300.0], [7686.7, 8300.0], [7674.4, 8300.0], [7643.6, 8300.0], [7639.5, 8300.0], [7635.3, 8300.0], [7631.2, 8300.0], [7614.9, 8300.0], [7595.3, 8300.0], [7586.8, 8300.0], [7575.7, 8300.0], [7579.0, 8300.0], [7577.0, 8300.0], [7573.8, 8300.0], [7565.9, 8300.0], [7551.6, 8300.0], [7545.0, 8300.0], [7527.2, 8300.0], [7526.8, 8300.0], [7525.4, 8300.0], [7521.2, 8300.0], [7504.6, 8300.0], [7503.2, 8300.0], [7500.0, 8300.0], [7496.7, 8300.0], [7472.6, 8300.0], [7446.5, 8300.0], [7440.2, 8300.0], [7436.7, 8300.0], [7433.3, 8300.0], [7428.8, 8300.0], [7432.1, 8300.0], [7434.2, 8300.0], [7443.9, 8300.0], [7446.5, 8300.0], [7462.1, 8300.0], [7464.7, 8300.0], [7473.2, 8300.0], [7508.5, 8300.0], [7515.0, 8300.0], [7520.8, 8300.0], [7521.6, 8300.0], [7527.4, 8300.0], [7524.8, 8300.0], [7526.1, 8300.0], [7526.1, 8300.0], [7526.1, 8300.0], [7511.8, 8300.0], [7473.9, 8300.0], [7447.8, 8300.0], [7428.7, 8300.0], [7425.6, 8300.0], [7395.6, 8300.0], [7357.5, 8300.0], [7345.9, 8300.0], [7327.0, 8300.0], [7309.4, 8300.0], [7308.8, 8300.0], [7300.9, 8300.0], [7298.6, 8300.0], [7279.3, 8300.0], [7270.9, 8300.0], [7255.8, 8300.0], [7241.5, 8300.0], [7238.9, 8300.0], [7227.1, 8300.0], [7220.6, 8300.0], [7231.7, 8300.0], [7238.8, 8300.0], [7246.6, 8300.0], [7246.0, 8300.0], [7245.4, 8300.0], [7246.0, 8300.0], [7255.8, 8300.0], [7267.6, 8300.0], [7276.1, 8300.0], [7279.3, 8300.0], [7290.2, 8300.0], [7295.0, 8300.0], [7299.6, 8300.0], [7300.5, 8300.0], [7300.9, 8300.0], [7301.5, 8300.0], [7308.0, 8300.0], [7314.6, 8300.0], [7314.4, 8300.0], [7312.6, 8300.0], [7309.3, 8300.0], [7307.1, 8300.0], [7291.7, 8300.0], [7275.4, 8300.0], [7261.7, 8300.0], [7233.6, 8300.0], [7217.9, 8300.0], [7217.3, 8300.0], [7217.9, 8300.0], [7212.1, 8300.0], [7212.1, 8300.0], [7214.1, 8300.0], [7213.4, 8300.0], [7210.1, 8300.0], [7211.4, 8300.0], [7219.9, 8300.0], [7231.0, 8300.0], [7229.0, 8300.0], [7218.6, 8300.0], [7218.6, 8300.0], [7205.5, 8300.0], [7197.7, 8300.0], [7191.1, 8300.0], [7187.9, 8300.0], [7174.8, 8300.0], [7157.8, 8300.0], [7154.4, 8300.0], [7136.3, 8300.0], [7112.1, 8300.0], [7099.7, 8300.0], [7096.3, 8300.0], [7089.3, 8300.0], [7074.9, 8300.0], [7067.7, 8300.0], [7049.4, 8300.0], [7041.0, 8300.0], [7040.8, 8300.0], [7039.0, 8300.0], [7024.7, 8300.0], [7015.9, 8300.0], [7015.5, 8300.0], [7015.5, 8300.0], [7015.5, 8300.0], [7015.5, 8300.0], [7014.9, 8300.0], [7012.5, 8300.0], [7006.4, 8300.0], [7000.5, 8300.0], [7002.5, 8300.0], [7010.7, 8300.0], [7014.2, 8300.0], [7017.5, 8300.0], [7012.9, 8300.0], [6989.3, 8300.0], [6986.2, 8300.0], [6977.7, 8300.0], [6971.8, 8300.0], [6962.7, 8300.0], [6952.9, 8300.0], [6945.5, 8300.0], [6931.3, 8300.0], [6927.4, 8300.0], [6927.4, 8300.0], [6927.4, 8300.0], [6928.3, 8300.0], [6928.7, 8300.0], [6924.2, 8300.0], [6918.9, 8300.0], [6908.4, 8300.0], [6902.6, 8300.0], [6900.8, 8300.0], [6896.7, 8300.0], [6883.7, 8300.0], [6867.4, 8300.0], [6852.4, 8300.0], [6843.9, 8300.0], [6837.3, 8300.0], [6816.4, 8300.0], [6800.8, 8300.0], [6787.7, 8300.0], [6781.8, 8300.0], [6776.6, 8300.0], [6770.8, 8300.0], [6762.9, 8300.0], [6762.6, 8300.0], [6762.6, 8300.0], [6762.6, 8300.0], [6756.5, 8300.0], [6746.6, 8300.0], [6745.0, 8300.0], [6732.3, 8300.0], [6727.0, 8300.0], [6715.9, 8300.0], [6706.8, 8300.0], [6704.2, 8300.0], [6691.8, 8300.0], [6678.3, 8300.0], [6676.1, 8300.0], [6674.0, 8300.0], [6673.5, 8300.0], [6670.9, 8300.0], [6663.1, 8300.0], [6656.5, 8300.0], [6642.2, 8300.0], [6632.5, 8300.0], [6624.5, 8300.0], [6620.0, 8300.0], [6619.1, 8300.0], [6617.4, 8300.0], [6612.0, 8300.0], [6601.7, 8300.0], [6593.2, 8300.0], [6590.7, 8300.0], [6586.7, 8300.0], [6574.3, 8300.0], [6572.2, 8300.0], [6558.6, 8300.0], [6543.6, 8300.0], [6535.8, 8300.0], [6537.8, 8300.0], [6541.0, 8300.0], [6536.4, 8300.0], [6517.5, 8300.0], [6501.2, 8300.0], [6492.9, 8300.0], [6480.9, 8300.0], [6472.4, 8300.0], [6470.7, 8300.0], [6470.5, 8300.0], [6458.1, 8300.0], [6441.5, 8300.0], [6434.6, 8300.0], [6422.2, 8300.0], [6417.6, 8300.0], [6417.6, 8300.0], [6418.3, 8300.0], [6417.6, 8300.0], [6414.3, 8300.0], [6400.0, 8300.0], [6392.8, 8300.0], [6393.1, 8300.0], [6393.5, 8300.0], [6382.4, 8300.0], [6377.2, 8300.0], [6362.8, 8300.0], [6339.9, 8300.0], [6333.0, 8300.0], [6328.8, 8300.0], [6314.5, 8300.0], [6294.2, 8300.0], [6275.9, 8300.0], [6262.2, 8300.0], [6242.0, 8300.0], [6236.4, 8300.0], [6227.6, 8300.0], [6212.0, 8300.0], [6189.1, 8300.0], [6168.2, 8300.0], [6155.7, 8300.0], [6153.2, 8300.0], [6150.9, 8300.0], [6140.1, 8300.0], [6132.5, 8300.0], [6127.7, 8300.0], [6114.0, 8300.0], [6102.3, 8300.0], [6089.9, 8300.0], [6070.9, 8300.0], [6057.9, 8300.0], [6057.9, 8300.0], [6055.9, 8300.0], [6051.4, 8300.0], [6050.7, 8300.0], [6033.7, 8300.0], [6031.8, 8300.0], [6032.4, 8300.0], [6032.9, 8300.0], [6033.1, 8300.0], [6029.1, 8300.0], [6020.6, 8300.0], [6003.0, 8300.0], [5986.0, 8300.0], [5982.0, 8300.0], [5975.6, 8300.0], [5967.4, 8300.0], [5961.9, 8300.0], [5941.6, 8300.0], [5932.3, 8300.0], [5926.6, 8300.0], [5912.3, 8300.0], [5912.9, 8300.0], [5920.7, 8300.0], [5924.3, 8300.0], [5924.7, 8300.0], [5922.9, 8300.0], [5914.9, 8300.0], [5901.8, 8300.0], [5886.1, 8300.0], [5884.7, 8300.0], [5874.4, 8300.0], [5858.7, 8300.0], [5857.8, 8300.0], [5849.6, 8300.0], [5841.7, 8300.0], [5829.3, 8300.0], [5823.0, 8300.0], [5809.1, 8300.0], [5780.4, 8300.0], [5741.8, 8300.0], [5714.4, 8300.0], [5704.7, 8300.0], [5697.4, 8300.0], [5690.3, 8300.0], [5678.5, 8300.0], [5658.3, 8300.0], [5638.1, 8300.0], [5632.2, 8300.0], [5605.4, 8300.0], [5591.0, 8300.0], [5576.0, 8300.0], [5561.6, 8300.0], [5549.9, 8300.0], [5537.4, 8300.0], [5536.2, 8300.0], [5525.1, 8300.0], [5514.6, 8300.0], [5490.5, 8300.0], [5480.9, 8300.0], [5458.5, 8300.0], [5446.1, 8300.0], [5438.3, 8300.0], [5412.1, 8300.0], [5376.2, 8300.0], [5365.2, 8300.0], [5345.3, 8300.0], [5319.1, 8300.0], [5290.9, 8300.0], [5252.6, 8300.0], [5222.4, 8300.0], [5213.4, 8300.0], [5217.6, 8300.0], [5228.0, 8300.0], [5236.5, 8300.0], [5244.4, 8300.0], [5252.9, 8300.0], [5261.3, 8300.0], [5280.3, 8300.0], [5284.9, 8300.0], [5289.4, 8300.0], [5297.3, 8300.0], [5310.3, 8300.0], [5320.8, 8300.0], [5331.9, 8300.0], [5342.3, 8300.0], [5342.9, 8300.0], [5343.0, 8300.0], [5350.1, 8300.0], [5352.2, 8300.0], [5369.7, 8300.0], [5372.3, 8300.0], [5374.1, 8300.0], [5375.6, 8300.0], [5377.7, 8300.0], [5384.8, 8300.0], [5399.1, 8300.0], [5402.4, 8300.0], [5408.9, 8300.0], [5415.4, 8300.0], [5437.6, 8300.0], [5462.5, 8300.0], [5488.6, 8300.0], [5514.0, 8300.0], [5533.6, 8300.0], [5557.1, 8300.0], [5580.0, 8300.0], [5608.7, 8300.0], [5625.0, 8300.0], [5630.9, 8300.0], [5635.5, 8300.0], [5653.8, 8300.0], [5675.9, 8300.0], [5678.6, 8300.0], [5681.2, 8300.0], [5684.4, 8300.0], [5685.1, 8300.0], [5687.7, 8300.0], [5693.6, 8300.0], [5702.1, 8300.0], [5711.9, 8300.0], [5718.4, 8300.0], [5732.8, 8300.0], [5735.4, 8300.0], [5740.6, 8300.0], [5751.0, 8300.0], [5753.7, 8300.0], [5743.9, 8300.0], [5745.8, 8300.0], [5743.2, 8300.0], [5741.3, 8300.0], [5736.7, 8300.0], [5726.3, 8300.0], [5714.0, 8300.0], [5713.2, 8300.0], [5713.2, 8300.0], [5712.6, 8300.0], [5704.7, 8300.0], [5692.3, 8300.0], [5686.8, 8300.0], [5669.9, 8300.0], [5661.8, 8300.0], [5662.8, 8300.0], [5670.0, 8300.0], [5667.4, 8300.0], [5658.4, 8300.0], [5647.3, 8300.0], [5630.3, 8300.0], [5617.3, 8300.0], [5616.7, 8300.0], [5609.4, 8300.0], [5587.9, 8300.0], [5573.5, 8300.0], [5555.9, 8300.0], [5542.2, 8300.0], [5537.0, 8300.0], [5535.7, 8300.0], [5546.8, 8300.0], [5553.9, 8300.0], [5554.9, 8300.0], [5560.5, 8300.0], [5560.5, 8300.0], [5566.6, 8300.0], [5568.3, 8300.0], [5576.1, 8300.0], [5579.6, 8300.0], [5584.0, 8300.0], [5591.8, 8300.0], [5598.3, 8300.0], [5597.7, 8300.0], [5591.8, 8300.0], [5585.3, 8300.0], [5565.0, 8300.0], [5563.9, 8300.0], [5544.1, 8300.0], [5529.1, 8300.0], [5510.2, 8300.0], [5491.9, 8300.0], [5469.7, 8300.0], [5458.2, 8300.0], [5444.9, 8300.0], [5414.2, 8300.0], [5406.6, 8300.0], [5404.4, 8300.0], [5394.6, 8300.0], [5378.3, 8300.0], [5357.3, 8300.0], [5356.1, 8300.0], [5354.8, 8300.0], [5349.6, 8300.0], [5341.1, 8300.0], [5319.5, 8300.0], [5305.2, 8300.0], [5277.8, 8300.0], [5276.6, 8300.0], [5245.8, 8300.0], [5211.8, 8300.0], [5183.7, 8300.0], [5177.9, 8300.0], [5167.4, 8300.0], [5151.8, 8300.0], [5125.8, 8300.0], [5125.0, 8300.0], [5102.1, 8300.0], [5089.7, 8300.0], [5070.2, 8300.0], [5055.1, 8300.0], [5041.4, 8300.0], [5032.3, 8300.0], [5011.4, 8300.0], [5004.2, 8300.0], [4986.6, 8300.0], [4977.5, 8300.0], [4970.5, 8300.0], [4969.6, 8300.0], [4953.3, 8300.0], [4954.0, 8300.0], [4955.9, 8300.0], [4975.1, 8300.0], [4982.7, 8300.0], [4980.7, 8300.0], [4980.7, 8300.0], [4980.7, 8300.0], [4989.9, 8300.0], [4995.8, 8300.0], [5007.5, 8300.0], [5011.4, 8300.0], [5021.9, 8300.0], [5014.7, 8300.0], [5011.4, 8300.0], [5003.0, 8300.0], [4995.1, 8300.0], [4980.1, 8300.0], [4961.2, 8300.0], [4942.9, 8300.0], [4934.4, 8300.0], [4914.2, 8300.0], [4892.6, 8300.0], [4878.9, 8300.0], [4862.6, 8300.0], [4848.2, 8300.0], [4846.3, 8300.0], [4831.3, 8300.0], [4819.5, 8300.0], [4819.5, 8300.0], [4819.2, 8300.0], [4815.3, 8300.0], [4811.2, 8300.0], [4809.8, 8300.0], [4802.5, 8300.0], [4790.5, 8300.0], [4790.1, 8300.0], [4789.7, 8300.0], [4755.5, 8300.0], [4733.3, 8300.0], [4732.0, 8300.0], [4721.5, 8300.0], [4720.0, 8300.0], [4712.4, 8300.0], [4708.5, 8300.0], [4700.0, 8300.0], [4698.0, 8300.0], [4694.6, 8300.0], [4693.5, 8300.0], [4691.9, 8300.0], [4681.7, 8300.0], [4672.6, 8300.0], [4670.1, 8300.0], [4667.3, 8300.0], [4655.2, 8300.0], [4650.4, 8300.0], [4613.4, 8300.0], [4597.5, 8300.0], [4595.9, 8300.0], [4592.9, 8300.0], [4594.1, 8300.0], [4594.9, 8300.0], [4600.1, 8300.0], [4595.5, 8300.0], [4592.3, 8300.0], [4587.4, 8300.0], [4574.6, 8300.0], [4554.4, 8300.0], [4550.5, 8300.0], [4551.1, 8300.0], [4551.8, 8300.0], [4544.0, 8300.0], [4525.7, 8300.0], [4515.2, 8300.0], [4500.9, 8300.0], [4489.1, 8300.0], [4470.8, 8300.0], [4452.6, 8300.0], [4446.7, 8300.0], [4437.5, 8300.0], [4421.9, 8300.0], [4407.5, 8300.0], [4392.2, 8300.0], [4388.6, 8300.0], [4365.7, 8300.0], [4361.2, 8300.0], [4354.9, 8300.0], [4351.4, 8300.0], [4339.0, 8300.0], [4325.3, 8300.0], [4316.8, 8300.0], [4308.9, 8300.0], [4288.0, 8300.0], [4264.5, 8300.0], [4256.7, 8300.0], [4245.6, 8300.0], [4245.6, 8300.0], [4244.3, 8300.0], [4234.3, 8300.0], [4231.9, 8300.0], [4215.6, 8300.0], [4211.7, 8300.0], [4212.6, 8300.0], [4213.6, 8300.0], [4207.1, 8300.0], [4193.4, 8300.0], [4185.0, 8300.0], [4184.3, 8300.0], [4170.5, 8300.0], [4148.4, 8300.0], [4113.7, 8300.0], [4103.3, 8300.0], [4092.2, 8300.0], [4085.0, 8300.0], [4071.7, 8300.0], [4069.4, 8300.0], [4045.2, 8300.0], [4047.8, 8300.0], [4052.1, 8300.0], [4057.6, 8300.0], [4071.3, 8300.0], [4072.6, 8300.0], [4071.3, 8300.0], [4076.6, 8300.0], [4093.5, 8300.0], [4102.0, 8300.0], [4105.3, 8300.0], [4102.0, 8300.0], [4102.0, 8300.0], [4096.2, 8300.0], [4075.4, 8300.0], [4072.0, 8300.0], [4055.7, 8300.0], [4052.1, 8300.0], [4035.4, 8300.0], [4034.5, 8300.0], [4034.1, 8300.0], [4024.3, 8300.0], [4015.2, 8300.0], [4010.7, 8300.0], [4003.5, 8300.0], [3987.1, 8300.0], [3984.5, 8300.0], [3981.8, 8300.0], [3969.5, 8300.0], [3959.5, 8300.0], [3958.4, 8300.0], [3946.0, 8300.0], [3941.0, 8300.0], [3940.1, 8300.0], [3935.6, 8300.0], [3928.1, 8300.0], [3925.8, 8300.0], [3916.0, 8300.0], [3910.8, 8300.0], [3910.0, 8300.0], [3909.5, 8300.0], [3902.9, 8300.0], [3898.0, 8300.0], [3887.9, 8300.0], [3878.8, 8300.0], [3872.2, 8300.0], [3873.2, 8300.0], [3875.5, 8300.0], [3868.3, 8300.0], [3855.3, 8300.0], [3855.3, 8300.0], [3855.3, 8300.0], [3847.4, 8300.0], [3844.1, 8300.0], [3844.2, 8300.0], [3842.1, 8300.0], [3840.1, 8300.0], [3816.1, 8300.0], [3784.8, 8300.0], [3745.6, 8300.0], [3703.2, 8300.0], [3675.7, 8300.0], [3660.7, 8300.0], [3649.6, 8300.0], [3634.6, 8300.0], [3611.5, 8300.0], [3609.2, 8300.0], [3596.8, 8300.0], [3590.2, 8300.0], [3590.9, 8300.0], [3594.2, 8300.0], [3584.4, 8300.0], [3560.9, 8300.0], [3541.9, 8300.0], [3535.4, 8300.0], [3517.8, 8300.0], [3494.3, 8300.0], [3487.5, 8300.0], [3480.6, 8300.0], [3479.9, 8300.0], [3477.3, 8300.0], [3475.1, 8300.0], [3468.6, 8300.0], [3464.9, 8300.0], [3432.8, 8300.0], [3425.8, 8300.0], [3425.4, 8300.0], [3418.6, 8300.0], [3417.3, 8300.0], [3405.5, 8300.0], [3392.4, 8300.0], [3370.5, 8300.0], [3369.6, 8300.0], [3369.4, 8300.0], [3358.5, 8300.0], [3352.0, 8300.0], [3337.0, 8300.0], [3315.4, 8300.0], [3312.1, 8300.0], [3299.1, 8300.0], [3273.6, 8300.0], [3251.4, 8300.0], [3236.1, 8300.0], [3224.0, 8300.0], [3201.8, 8300.0], [3182.5, 8300.0], [3172.4, 8300.0], [3155.5, 8300.0], [3105.8, 8300.0], [3079.7, 8300.0], [3069.3, 8300.0], [3054.9, 8300.0], [3030.1, 8300.0], [3012.5, 8300.0], [3004.0, 8300.0], [2974.0, 8300.0], [2956.3, 8300.0], [2943.3, 8300.0], [2927.6, 8300.0], [2921.7, 8300.0], [2908.7, 8300.0], [2900.2, 8300.0], [2897.7, 8300.0], [2893.6, 8300.0], [2872.7, 8300.0], [2853.2, 8300.0], [2847.6, 8300.0], [2821.2, 8300.0], [2795.1, 8300.0], [2768.3, 8300.0], [2755.9, 8300.0], [2752.0, 8300.0], [2742.8, 8300.0], [2739.7, 8300.0], [2728.4, 8300.0], [2717.4, 8300.0], [2688.0, 8300.0], [2684.9, 8300.0], [2683.4, 8300.0], [2672.6, 8300.0], [2663.2, 8300.0], [2646.2, 8300.0], [2629.2, 8300.0], [2627.3, 8300.0], [2620.7, 8300.0], [2615.5, 8300.0], [2605.7, 8300.0], [2586.1, 8300.0], [2552.2, 8300.0], [2524.8, 8300.0], [2516.8, 8300.0], [2503.2, 8300.0], [2472.5, 8300.0], [2455.6, 8300.0], [2459.5, 8300.0], [2468.8, 8300.0], [2482.3, 8300.0], [2501.3, 8300.0], [2507.8, 8300.0], [2498.7, 8300.0], [2488.6, 8300.0], [2491.1, 8300.0], [2487.5, 8300.0], [2486.9, 8300.0], [2468.0, 8300.0], [2440.6, 8300.0], [2407.3, 8300.0], [2385.9, 8300.0], [2384.4, 8300.0], [2381.6, 8300.0], [2374.6, 8300.0], [2360.2, 8300.0], [2359.0, 8300.0], [2355.2, 8300.0], [2349.5, 8300.0], [2349.2, 8300.0], [2349.0, 8300.0], [2345.3, 8300.0], [2338.1, 8300.0], [2321.6, 8300.0], [2319.2, 8300.0], [2300.9, 8300.0], [2294.4, 8300.0], [2295.7, 8300.0], [2301.5, 8300.0], [2302.2, 8300.0], [2308.7, 8300.0], [2313.3, 8300.0], [2316.6, 8300.0], [2314.0, 8300.0], [2304.7, 8300.0], [2300.9, 8300.0], [2300.3, 8300.0], [2295.7, 8300.0], [2304.2, 8300.0], [2314.8, 8300.0], [2318.5, 8300.0], [2329.6, 8300.0], [2344.7, 8300.0], [2364.2, 8300.0], [2372.7, 8300.0], [2362.9, 8300.0], [2369.0, 8300.0], [2371.4, 8300.0], [2389.7, 8300.0], [2401.6, 8300.0], [2408.6, 8300.0], [2426.3, 8300.0], [2428.8, 8300.0], [2436.7, 8300.0], [2463.9, 8300.0], [2468.1, 8300.0], [2500.7, 8300.0], [2515.1, 8300.0], [2522.3, 8300.0], [2524.1, 8300.0], [2539.2, 8300.0], [2544.1, 8300.0], [2555.6, 8300.0], [2580.4, 8300.0], [2594.7, 8300.0], [2590.2, 8300.0], [2590.3, 8300.0], [2592.1, 8300.0], [2608.1, 8300.0], [2617.6, 8300.0], [2634.6, 8300.0], [2645.7, 8300.0], [2658.1, 8300.0], [2670.5, 8300.0], [2680.9, 8300.0], [2700.5, 8300.0], [2712.3, 8300.0], [2714.9, 8300.0], [2729.9, 8300.0], [2739.7, 8300.0], [2738.4, 8300.0], [2740.8, 8300.0], [2743.6, 8300.0], [2760.6, 8300.0], [2775.8, 8300.0], [2785.4, 8300.0], [2810.2, 8300.0], [2831.1, 8300.0], [2851.3, 8300.0], [2852.7, 8300.0], [2854.6, 8300.0], [2863.1, 8300.0], [2881.4, 8300.0], [2891.2, 8300.0], [2909.5, 8300.0], [2932.3, 8300.0], [2933.4, 8300.0], [2942.1, 8300.0], [2958.4, 8300.0], [2978.0, 8300.0], [2986.5, 8300.0], [2988.4, 8300.0], [2994.3, 8300.0], [3013.3, 8300.0], [3041.3, 8300.0], [3055.7, 8300.0], [3056.0, 8300.0], [3056.3, 8300.0], [3056.9, 8300.0], [3059.2, 8300.0], [3060.9, 8300.0], [3078.5, 8300.0], [3089.6, 8300.0], [3107.9, 8300.0], [3139.3, 8300.0], [3137.9, 8300.0], [3152.3, 8300.0], [3181.0, 8300.0], [3196.1, 8300.0], [3201.3, 8300.0], [3210.4, 8300.0], [3227.4, 8300.0], [3229.2, 8300.0], [3230.7, 8300.0], [3235.9, 8300.0], [3238.4, 8300.0], [3250.9, 8300.0], [3252.9, 8300.0], [3254.8, 8300.0], [3260.7, 8300.0], [3262.0, 8300.0], [3251.6, 8300.0], [3236.6, 8300.0], [3222.9, 8300.0], [3217.6, 8300.0], [3210.8, 8300.0], [3210.5, 8300.0], [3198.0, 8300.0], [3190.2, 8300.0], [3181.1, 8300.0], [3163.7, 8300.0], [3162.1, 8300.0], [3147.8, 8300.0], [3136.0, 8300.0], [3133.4, 8300.0], [3123.0, 8300.0], [3113.2, 8300.0], [3104.7, 8300.0], [3098.8, 8300.0], [3085.4, 8300.0], [3077.9, 8300.0], [3077.8, 8300.0], [3077.3, 8300.0], [3063.6, 8300.0], [3051.7, 8300.0], [3047.9, 8300.0], [3026.4, 8300.0], [3030.3, 8300.0], [3021.8, 8300.0], [3021.2, 8300.0], [3024.6, 8300.0], [3024.1, 8300.0], [3025.7, 8300.0], [3024.4, 8300.0], [3014.4, 8300.0], [3010.1, 8300.0], [2993.7, 8300.0], [2993.8, 8300.0], [2993.8, 8300.0], [2989.2, 8300.0], [2968.9, 8300.0], [2948.1, 8300.0], [2925.2, 8300.0], [2917.0, 8300.0], [2901.1, 8300.0], [2896.5, 8300.0], [2904.3, 8300.0], [2908.2, 8300.0], [2921.3, 8300.0], [2930.5, 8300.0], [2931.1, 8300.0], [2913.5, 8300.0], [2913.5, 8300.0], [2905.0, 8300.0], [2908.4, 8300.0], [2920.0, 8300.0], [2925.0, 8300.0], [2933.1, 8300.0], [2934.0, 8300.0], [2931.8, 8300.0], [2926.1, 8300.0], [2926.7, 8300.0], [2882.3, 8300.0], [2821.8, 8300.0], [2763.4, 8300.0], [2748.1, 8300.0], [2746.4, 8300.0], [2727.5, 8300.0], [2718.3, 8300.0], [2719.0, 8300.0], [2719.8, 8300.0], [2723.5, 8300.0], [2727.5, 8300.0], [2728.8, 8300.0], [2729.4, 8300.0], [2737.3, 8300.0], [2747.1, 8300.0], [2759.1, 8300.0], [2770.6, 8300.0], [2776.1, 8300.0], [2786.9, 8300.0], [2803.2, 8300.0], [2812.3, 8300.0], [2835.2, 8300.0], [2841.9, 8300.0], [2851.5, 8300.0], [2853.2, 8300.0], [2854.1, 8300.0], [2857.4, 8300.0], [2859.3, 8300.0], [2870.5, 8300.0], [2875.7, 8300.0], [2871.1, 8300.0], [2860.0, 8300.0], [2845.7, 8300.0], [2827.4, 8300.0], [2823.7, 8300.0], [2807.8, 8300.0], [2798.7, 8300.0], [2795.4, 8300.0], [2794.8, 8300.0], [2790.2, 8300.0], [2786.9, 8300.0], [2773.9, 8300.0], [2760.1, 8300.0], [2749.0, 8300.0], [2724.9, 8300.0], [2715.1, 8300.0], [2698.1, 8300.0], [2684.5, 8300.0], [2680.5, 8300.0], [2669.4, 8300.0], [2647.2, 8300.0], [2641.3, 8300.0], [2632.8, 8300.0], [2629.4, 8300.0], [2633.0, 8300.0], [2643.3, 8300.0], [2653.0, 8300.0], [2666.8, 8300.0], [2683.1, 8300.0], [2691.0, 8300.0], [2704.0, 8300.0], [2709.9, 8292.6], [2705.3, 8282.8], [2676.6, 8269.6], [2661.6, 8263.7], [2658.3, 8252.1], [2655.7, 8233.6], [2631.0, 8229.2], [2632.2, 8225.8], [2632.2, 8218.0], [2635.5, 8203.6], [2642.7, 8194.0], [2653.8, 8192.3], [2669.5, 8193.1], [2684.5, 8202.3], [2703.4, 8207.9], [2723.7, 8212.3], [2741.9, 8213.5], [2757.6, 8221.8], [2767.4, 8233.9], [2782.4, 8237.8], [2820.3, 8237.3], [2830.7, 8242.0], [2845.7, 8251.1], [2856.2, 8260.9], [2877.4, 8265.9], [2879.7, 8266.5], [2890.8, 8273.5], [2898.6, 8278.4], [2901.3, 8279.1], [2914.3, 8282.7], [2936.5, 8288.6], [2939.7, 8297.4], [2943.0, 8300.0], [2948.9, 8300.0], [2967.8, 8300.0], [2996.5, 8300.0], [3008.3, 8300.0], [3029.8, 8300.0], [3061.8, 8300.0], [3083.3, 8300.0], [3089.9, 8300.0], [3122.5, 8300.0], [3149.9, 8300.0], [3163.6, 8300.0], [3169.5, 8300.0], [3198.9, 8300.0], [3224.4, 8300.0], [3245.3, 8300.0], [3267.5, 8300.0], [3272.6, 8300.0], [3280.4, 8300.0], [3298.3, 8300.0], [3309.7, 8300.0], [3327.7, 8300.0], [3344.0, 8300.0], [3373.4, 8300.0], [3402.8, 8300.0], [3425.6, 8300.0], [3451.7, 8300.0], [3476.2, 8300.0], [3494.2, 8300.0], [3521.9, 8300.0], [3539.8, 8300.0], [3544.7, 8300.0], [3552.9, 8300.0], [3559.4, 8300.0], [3577.4, 8300.0], [3601.9, 8300.0], [3621.4, 8300.0], [3647.6, 8300.0], [3672.0, 8300.0], [3690.0, 8300.0], [3709.6, 8300.0], [3742.2, 8300.0], [3771.6, 8300.0], [3797.7, 8300.0], [3815.7, 8300.0], [3833.6, 8300.0], [3853.2, 8300.0], [3867.9, 8300.0], [3877.7, 8300.0], [3878.2, 8300.0], [3892.4, 8300.0], [3897.8, 8300.0], [3900.6, 8300.0], [3903.8, 8300.0], [3920.1, 8300.0], [3946.3, 8300.0], [3967.5, 8300.0], [3998.5, 8300.0], [4029.5, 8300.0], [4060.5, 8300.0], [4089.9, 8300.0], [4103.0, 8300.0], [4116.0, 8300.0], [4118.3, 8300.0], [4132.3, 8300.0], [4140.8, 8300.0], [4148.7, 8300.0], [4160.1, 8300.0], [4168.3, 8297.7], [4179.7, 8291.3], [4207.4, 8287.1], [4217.6, 8287.0], [4217.6, 8287.0], [4225.7, 8285.2], [4230.6, 8284.1], [4245.3, 8281.5], [4246.4, 8273.4], [4246.4, 8273.4], [4249.8, 8269.3], [4272.4, 8264.8], [4285.5, 8263.6], [4288.3, 8263.3], [4293.0, 8261.3], [4308.6, 8264.6], [4325.0, 8269.9], [4338.0, 8276.3], [4331.5, 8281.6], [4321.7, 8290.1], [4321.7, 8296.5], [4318.4, 8300.0], [4307.0, 8300.0], [4310.3, 8300.0], [4316.8, 8300.0], [4338.0, 8300.0], [4357.6, 8300.0], [4380.4, 8300.0], [4390.2, 8300.0], [4396.8, 8300.0], [4408.2, 8300.0], [4421.2, 8300.0], [4432.7, 8300.0], [4437.6, 8300.0], [4450.6, 8300.0], [4465.3, 8300.0], [4475.1, 8300.0], [4484.9, 8300.0], [4504.5, 8300.0], [4517.5, 8300.0], [4527.3, 8300.0], [4522.4, 8300.0], [4514.3, 8300.0], [4512.6, 8300.0], [4496.3, 8300.0], [4486.5, 8300.0], [4475.1, 8300.0], [4452.3, 8300.0], [4437.6, 8300.0], [4437.6, 8300.0], [4431.0, 8300.0], [4424.5, 8296.4], [4414.7, 8292.2], [4409.8, 8291.1], [4401.7, 8283.7], [4404.9, 8277.3], [4419.6, 8275.2], [4429.4, 8274.1], [4439.2, 8279.4], [4447.4, 8284.7], [4449.0, 8291.1], [4458.8, 8299.6], [4470.2, 8300.0], [4491.4, 8300.0], [4501.2, 8300.0], [4506.1, 8300.0], [4507.8, 8292.1], [4506.1, 8284.7], [4496.3, 8275.1], [4496.3, 8270.8], [4509.4, 8269.7], [4524.1, 8268.7], [4530.6, 8261.2], [4538.8, 8251.5], [4530.6, 8246.1], [4517.6, 8237.5], [4517.6, 8232.1], [4525.7, 8227.8], [4535.5, 8221.3], [4548.6, 8220.2], [4571.4, 8221.3], [4591.0, 8219.1], [4610.6, 8212.6], [4630.2, 8206.0], [4641.6, 8203.8], [4646.5, 8198.4], [4644.9, 8188.6], [4633.5, 8182.0], [4620.4, 8179.8], [4613.9, 8174.3], [4613.9, 8165.5], [4604.1, 8164.4], [4581.3, 8163.4], [4558.4, 8167.8], [4547.0, 8178.8], [4522.5, 8186.5], [4473.5, 8188.7], [4455.6, 8187.6], [4452.4, 8179.0], [4452.3, 8178.9], [4455.6, 8172.3], [4460.8, 8166.1], [4462.1, 8164.6], [4461.9, 8163.9], [4459.9, 8157.9], [4458.9, 8154.6], [4452.3, 8152.4], [4450.9, 8152.6], [4450.5, 8152.6], [4440.9, 8153.5], [4429.5, 8160.2], [4411.5, 8161.3], [4401.7, 8156.9], [4390.3, 8149.2], [4375.6, 8144.8], [4365.8, 8144.8], [4339.7, 8154.7], [4323.4, 8160.3], [4300.5, 8163.6], [4278.4, 8155.4], [4266.3, 8148.8], [4259.7, 8137.1], [4243.4, 8115.9], [4245.1, 8099.2], [4263.0, 8095.8], [4282.6, 8103.6], [4283.3, 8103.5], [4290.8, 8111.4], [4298.9, 8120.4], [4310.3, 8124.8], [4323.4, 8119.1], [4323.4, 8114.3], [4320.1, 8112.5], [4308.7, 8108.1], [4298.9, 8103.6], [4294.0, 8096.9], [4294.0, 8092.4], [4316.9, 8082.2], [4323.9, 8080.0], [4333.2, 8080.0], [4351.2, 8080.0], [4357.1, 8071.0], [4357.3, 8070.6], [4366.6, 8066.9], [4372.4, 8066.4], [4388.7, 8060.7], [4389.4, 8060.4], [4401.8, 8055.0], [4406.7, 8050.5], [4411.6, 8047.1], [4416.5, 8034.5], [4417.0, 8034.1], [4423.8, 8028.5], [4431.2, 8027.7], [4444.2, 8027.6], [4457.3, 8026.5], [4457.3, 8020.8], [4457.3, 8016.2], [4457.3, 8015.0], [4468.7, 8005.8], [4479.7, 8005.1], [4486.7, 8004.7], [4498.1, 7997.8], [4498.1, 7989.7], [4486.7, 7988.5], [4473.6, 7988.6], [4448.1, 7990.1], [4444.2, 7989.7], [4436.1, 7984.0], [4455.7, 7954.9], [4493.2, 7933.9], [4519.3, 7923.3], [4555.3, 7903.2], [4592.8, 7886.7], [4592.8, 7878.4], [4573.2, 7871.2], [4558.5, 7861.7], [4558.5, 7853.4], [4563.4, 7847.4], [4568.3, 7836.6], [4568.3, 7824.6], [4574.9, 7816.2], [4581.4, 7807.7], [4587.9, 7790.8], [4617.3, 7782.2], [4632.0, 7771.3], [4633.7, 7760.3], [4633.7, 7745.6], [4635.3, 7733.3], [4645.1, 7723.5], [4653.3, 7716.1], [4667.9, 7730.9], [4679.4, 7719.8], [4687.5, 7709.9], [4708.8, 7704.9], [4721.8, 7711.1], [4722.6, 7711.1], [4733.2, 7711.1], [4738.1, 7711.1], [4745.7, 7719.7], [4739.8, 7732.0], [4721.8, 7740.6], [4712.0, 7746.8], [4698.9, 7754.1], [4700.6, 7762.7], [4707.1, 7765.1], [4715.3, 7761.4], [4728.3, 7752.9], [4734.9, 7748.0], [4746.3, 7744.3], [4752.3, 7746.0], [4756.9, 7757.7], [4759.3, 7763.9], [4764.2, 7780.9], [4777.3, 7794.2], [4780.0, 7796.5], [4792.0, 7806.3], [4800.1, 7819.6], [4811.5, 7822.0], [4827.9, 7819.6], [4827.9, 7814.7], [4824.6, 7801.5], [4816.4, 7788.1], [4803.4, 7768.7], [4801.8, 7751.6], [4792.0, 7739.4], [4785.5, 7724.6], [4790.4, 7711.0], [4790.4, 7695.0], [4808.3, 7676.3], [4814.9, 7655.1], [4808.3, 7643.8], [4792.0, 7628.8], [4777.3, 7599.8], [4770.6, 7598.8], [4770.1, 7598.0], [4768.4, 7594.5], [4765.5, 7590.5], [4761.6, 7586.6], [4756.5, 7584.8], [4748.0, 7584.8], [4740.1, 7580.9], [4737.3, 7576.9], [4737.3, 7570.8], [4735.0, 7563.7], [4727.7, 7558.9], [4716.4, 7554.0], [4706.2, 7549.6], [4702.3, 7545.6], [4709.0, 7542.5], [4719.8, 7542.9], [4731.1, 7546.0], [4738.4, 7549.1], [4743.5, 7551.3], [4749.2, 7558.8], [4751.4, 7566.8], [4758.8, 7567.7], [4766.7, 7571.2], [4770.3, 7573.2], [4769.1, 7571.3], [4772.2, 7570.4], [4765.2, 7561.8], [4758.1, 7550.8], [4751.1, 7541.0], [4742.5, 7534.8], [4728.4, 7529.3], [4712.7, 7525.0], [4707.2, 7521.3], [4696.2, 7502.1], [4690.8, 7493.4], [4686.8, 7488.5], [4676.7, 7488.5], [4669.6, 7491.0], [4659.4, 7492.9], [4652.4, 7492.2], [4650.0, 7489.1], [4654.7, 7481.7], [4659.4, 7474.8], [4661.0, 7460.5], [4654.0, 7450.5], [4644.6, 7446.1], [4627.3, 7445.5], [4616.4, 7445.5], [4608.5, 7442.3], [4608.5, 7435.4], [4609.3, 7427.9], [4615.6, 7416.6], [4611.7, 7409.6], [4599.1, 7403.3], [4586.6, 7398.9], [4584.3, 7393.2], [4584.3, 7383.1], [4585.0, 7377.4], [4581.9, 7371.6], [4574.9, 7367.8], [4574.9, 7360.8], [4579.6, 7355.7], [4580.4, 7348.7], [4575.7, 7344.9], [4570.2, 7342.3], [4568.6, 7337.8], [4571.0, 7333.4], [4581.1, 7325.7], [4589.8, 7319.2], [4600.7, 7317.3], [4607.8, 7311.5], [4614.8, 7302.5], [4618.8, 7296.7], [4628.2, 7296.7], [4636.0, 7294.7], [4639.9, 7284.4], [4643.8, 7274.7], [4644.6, 7269.5], [4650.1, 7268.9], [4665.8, 7259.8], [4670.5, 7249.4], [4672.1, 7236.4], [4673.6, 7231.1], [4679.9, 7231.8], [4680.7, 7228.5], [4678.3, 7222.0], [4676.0, 7213.5], [4676.8, 7208.9], [4684.6, 7201.7], [4697.9, 7193.8], [4703.4, 7193.8], [4708.9, 7195.1], [4724.6, 7190.5], [4737.1, 7183.9], [4746.5, 7179.3], [4754.3, 7179.3], [4754.3, 7185.2], [4755.9, 7191.8], [4755.9, 7197.1], [4747.3, 7204.3], [4744.2, 7210.2], [4748.1, 7218.7], [4753.5, 7226.5], [4750.4, 7239.6], [4748.1, 7250.6], [4747.3, 7261.7], [4746.5, 7266.2], [4738.6, 7270.1], [4734.7, 7275.9], [4734.7, 7285.0], [4742.6, 7288.2], [4745.7, 7292.1], [4745.7, 7300.8], [4746.7, 7299.6], [4746.5, 7301.1], [4749.6, 7310.1], [4756.6, 7319.7], [4758.2, 7328.1], [4768.4, 7333.8], [4778.6, 7338.9], [4791.1, 7339.6], [4811.5, 7340.8], [4824.8, 7335.7], [4836.5, 7335.7], [4842.8, 7338.2], [4857.7, 7337.0], [4864.7, 7339.5], [4871.8, 7340.8], [4882.1, 7340.8], [4899.2, 7331.8], [4910.2, 7326.0], [4919.6, 7323.4], [4929.8, 7326.0], [4943.1, 7327.3], [4947.0, 7327.3], [4943.9, 7320.2], [4940.0, 7313.2], [4933.7, 7309.9], [4932.1, 7306.1], [4932.1, 7302.9], [4940.8, 7300.9], [4951.7, 7297.1], [4959.6, 7289.3], [4965.8, 7287.4], [4974.5, 7288.6], [4990.9, 7283.5], [4990.9, 7278.3], [4986.2, 7274.4], [4985.4, 7270.5], [4989.3, 7265.3], [5004.2, 7254.9], [5005.0, 7249.7], [4997.2, 7241.9], [4997.2, 7237.4], [4999.5, 7232.8], [5008.2, 7224.3], [5009.7, 7213.2], [5009.7, 7202.7], [5010.5, 7196.8], [5018.4, 7191.6], [5024.6, 7189.6], [5030.1, 7188.3], [5030.1, 7176.4], [5031.7, 7167.9], [5038.0, 7158.6], [5045.8, 7152.7], [5055.2, 7149.4], [5066.2, 7148.7], [5076.4, 7147.4], [5063.8, 7140.1], [5056.0, 7131.5], [5056.8, 7122.8], [5063.1, 7113.5], [5067.0, 7104.9], [5077.2, 7100.2], [5084.2, 7099.5], [5079.5, 7092.2], [5079.5, 7085.5], [5085.8, 7079.5], [5095.2, 7072.8], [5100.7, 7070.1], [5110.1, 7068.1], [5115.6, 7070.7], [5118.7, 7076.8], [5119.5, 7081.9], [5123.4, 7087.1], [5126.5, 7088.1], [5131.2, 7082.8], [5133.6, 7071.4], [5134.4, 7066.7], [5142.2, 7062.7], [5152.9, 7061.1], [5161.9, 7062.0], [5181.8, 7065.9], [5188.1, 7067.1], [5199.1, 7069.1], [5211.5, 7073.6], [5215.2, 7078.1], [5217.6, 7082.0], [5217.8, 7082.3], [5220.3, 7085.2], [5223.9, 7085.9], [5226.4, 7084.4], [5227.2, 7081.0], [5228.4, 7076.6], [5231.0, 7073.1], [5233.0, 7072.7], [5233.6, 7072.9], [5233.9, 7072.6], [5249.4, 7072.7], [5259.9, 7077.1], [5272.4, 7089.5], [5276.6, 7098.2], [5280.1, 7101.3], [5285.6, 7101.3], [5292.6, 7104.7], [5305.9, 7108.7], [5315.3, 7112.6], [5318.5, 7119.3], [5319.0, 7121.9], [5320.9, 7122.7], [5328.6, 7121.3], [5345.1, 7118.6], [5349.8, 7123.3], [5344.7, 7131.9], [5344.3, 7132.6], [5346.6, 7139.2], [5355.3, 7143.1], [5369.4, 7141.1], [5377.8, 7140.4], [5384.3, 7139.8], [5402.3, 7142.4], [5414.8, 7149.1], [5418.7, 7155.0], [5431.3, 7159.0], [5442.2, 7161.6], [5450.1, 7167.5], [5464.2, 7167.5], [5472.8, 7170.1], [5475.1, 7180.0], [5483.0, 7183.3], [5504.9, 7183.9], [5511.2, 7174.7], [5522.1, 7166.8], [5535.5, 7163.5], [5550.3, 7167.4], [5563.7, 7172.7], [5582.5, 7171.4], [5587.9, 7166.7], [5586.4, 7158.8], [5595.8, 7148.9], [5606.0, 7150.2], [5616.9, 7156.2], [5635.7, 7156.8], [5649.1, 7153.5], [5663.9, 7152.8], [5684.3, 7152.8], [5700.8, 7145.5], [5714.1, 7142.8], [5722.7, 7143.5], [5729.8, 7149.4], [5745.4, 7150.8], [5770.5, 7148.8], [5778.3, 7148.7], [5784.6, 7153.4], [5795.6, 7154.0], [5808.9, 7151.4], [5819.8, 7144.1], [5821.4, 7135.5], [5827.7, 7132.1], [5841.8, 7129.5], [5848.8, 7121.5], [5855.1, 7113.5], [5868.4, 7106.2], [5885.7, 7096.8], [5901.3, 7090.8], [5913.1, 7084.1], [5922.5, 7081.4], [5935.0, 7078.1], [5940.5, 7074.1], [5947.6, 7072.7], [5949.9, 7088.1], [5961.7, 7090.8], [5971.9, 7094.8], [5974.2, 7101.4], [5969.5, 7110.1], [5959.3, 7116.8], [5956.2, 7124.1], [5962.4, 7130.0], [5965.6, 7135.3], [5958.5, 7147.3], [5953.8, 7153.9], [5947.5, 7157.2], [5949.1, 7160.5], [5964.8, 7155.9], [5971.8, 7154.5], [5975.0, 7157.8], [5993.0, 7158.5], [6008.7, 7151.2], [6022.0, 7151.2], [6030.6, 7153.2], [6042.3, 7150.5], [6050.9, 7146.5], [6051.0, 7146.5], [6069.8, 7138.6], [6069.0, 7133.3], [6067.4, 7128.1], [6074.5, 7123.1], [6092.9, 7110.0], [6096.2, 7106.2], [6112.1, 7095.3], [6134.0, 7079.9], [6144.2, 7073.2], [6144.2, 7064.5], [6139.5, 7057.1], [6143.4, 7052.4], [6145.8, 7047.7], [6137.2, 7039.6], [6134.1, 7028.2], [6135.6, 7021.4], [6142.7, 7013.3], [6143.5, 7008.6], [6143.2, 7001.1], [6146.6, 6999.8], [6152.9, 6995.7], [6153.1, 6994.8], [6155.2, 6985.5], [6156.0, 6978.7], [6164.2, 6975.8], [6171.0, 6971.1], [6179.8, 6963.9], [6186.6, 6959.9], [6194.3, 6958.5], [6206.0, 6957.0], [6214.5, 6957.4], [6225.9, 6957.7], [6243.2, 6963.8], [6267.1, 6964.9], [6274.3, 6964.3], [6312.7, 6963.6], [6335.4, 6960.9], [6362.9, 6958.8], [6387.1, 6956.7], [6408.3, 6956.7], [6417.7, 6969.7], [6427.9, 6975.1], [6440.4, 6980.5], [6444.3, 6984.6], [6432.6, 6992.1], [6427.9, 7005.6], [6430.2, 7011.0], [6420.0, 7021.2], [6418.9, 7021.7], [6419.6, 7032.8], [6407.9, 7047.9], [6400.5, 7061.8], [6397.6, 7074.4], [6407.8, 7081.9], [6402.0, 7096.9], [6396.1, 7105.7], [6396.1, 7115.7], [6388.7, 7118.2], [6388.7, 7125.7], [6399.0, 7130.6], [6401.9, 7136.8], [6399.0, 7148.0], [6399.0, 7164.1], [6401.9, 7172.8], [6406.3, 7181.4], [6397.5, 7188.8], [6393.1, 7197.5], [6393.1, 7209.7], [6379.9, 7218.3], [6368.1, 7229.4], [6360.8, 7239.2], [6353.4, 7248.9], [6338.7, 7273.3], [6331.3, 7279.4], [6318.1, 7279.4], [6314.0, 7278.2], [6304.7, 7287.5], [6293.0, 7289.5], [6282.0, 7290.8], [6276.0, 7292.3], [6277.0, 7296.4], [6277.0, 7309.6], [6269.6, 7321.7], [6262.3, 7330.1], [6247.6, 7331.3], [6244.6, 7330.0], [6243.6, 7336.4], [6236.6, 7339.0], [6235.6, 7338.7], [6231.4, 7342.1], [6224.1, 7349.3], [6209.4, 7352.9], [6212.3, 7362.5], [6216.7, 7372.0], [6213.8, 7376.8], [6209.3, 7386.3], [6219.6, 7391.1], [6227.0, 7391.1], [6231.4, 7406.5], [6228.4, 7412.4], [6229.9, 7419.5], [6235.8, 7424.2], [6250.5, 7428.9], [6257.8, 7437.2], [6253.4, 7448.9], [6246.1, 7452.5], [6246.0, 7461.8], [6249.0, 7466.5], [6266.6, 7466.5], [6278.4, 7470.0], [6285.7, 7478.2], [6301.9, 7480.5], [6293.1, 7489.8], [6293.1, 7498.0], [6312.2, 7501.5], [6319.5, 7507.3], [6319.5, 7514.2], [6322.4, 7525.8], [6322.4, 7530.4], [6322.4, 7536.2], [6328.3, 7544.3], [6328.3, 7553.5], [6334.2, 7560.4], [6344.5, 7562.7], [6360.6, 7561.5], [6365.0, 7575.2], [6365.0, 7578.7], [6365.0, 7583.3], [6365.0, 7590.1], [6366.4, 7593.3], [6362.6, 7595.6], [6350.3, 7592.4], [6342.8, 7597.2], [6349.8, 7601.4], [6358.4, 7610.5], [6358.7, 7612.5], [6357.3, 7616.1], [6345.9, 7630.0], [6341.0, 7642.5], [6337.7, 7652.6], [6332.8, 7666.3], [6331.2, 7678.7], [6331.1, 7686.2], [6324.6, 7698.6], [6319.7, 7704.8], [6313.2, 7712.2], [6306.7, 7717.2], [6295.2, 7718.4], [6292.0, 7725.8], [6288.7, 7736.8], [6288.9, 7738.4], [6279.3, 7745.6], [6275.0, 7753.0], [6282.1, 7753.0], [6293.4, 7752.0], [6301.3, 7752.0], [6303.2, 7757.2], [6308.8, 7765.7], [6321.5, 7779.3], [6335.6, 7777.2], [6335.6, 7770.9], [6332.8, 7762.5], [6321.5, 7756.2], [6318.1, 7754.7], [6317.3, 7745.6], [6318.2, 7744.2], [6322.9, 7736.1], [6338.4, 7736.1], [6351.1, 7736.1], [6359.6, 7737.1], [6372.2, 7743.4], [6372.2, 7743.5], [6375.2, 7742.9], [6385.0, 7757.6], [6388.2, 7766.1], [6401.3, 7778.3], [6393.1, 7792.9], [6389.9, 7803.7], [6391.5, 7809.8], [6402.9, 7809.8], [6404.5, 7820.6], [6386.6, 7829.1], [6378.4, 7833.9], [6373.5, 7842.3], [6367.0, 7853.0], [6367.0, 7857.8], [6350.7, 7861.4], [6337.6, 7865.0], [6334.3, 7876.9], [6347.4, 7886.3], [6355.5, 7893.4], [6360.4, 7904.1], [6380.0, 7918.2], [6389.8, 7928.7], [6407.8, 7940.4], [6425.7, 7947.4], [6442.0, 7956.7], [6448.6, 7966.0], [6450.2, 7978.8], [6460.0, 7992.6], [6486.1, 8001.8], [6505.7, 8012.1], [6526.9, 8020.1], [6536.7, 8028.1], [6562.8, 8022.4], [6584.0, 8022.4], [6605.2, 8029.2], [6618.3, 8042.9], [6629.7, 8054.3], [6633.0, 8063.3], [6632.9, 8069.0], [6637.8, 8080.3], [6644.4, 8084.8], [6668.8, 8084.7], [6686.8, 8075.7], [6696.6, 8064.4], [6712.9, 8057.6], [6724.4, 8047.4], [6732.5, 8040.5], [6755.4, 8036.0], [6779.9, 8035.9], [6797.8, 8047.3], [6802.7, 8055.2], [6822.3, 8058.6], [6832.1, 8054.1], [6841.9, 8043.8], [6859.8, 8041.6], [6861.7, 8042.1], [6892.5, 8051.8], [6925.1, 8051.7], [6941.4, 8051.7], [6967.6, 8043.7], [7001.8, 8034.6], [7014.9, 8025.5], [7026.3, 8014.0], [7054.1, 7999.0], [7068.8, 7991.0], [7075.3, 7980.6], [7093.3, 7966.6], [7103.1, 7960.8], [7114.5, 7955.0], [7129.2, 7955.0], [7153.7, 7956.1], [7171.6, 7949.1], [7199.4, 7943.3], [7210.8, 7951.4], [7214.0, 7967.7], [7216.3, 7972.6], [7233.1, 7980.8], [7245.8, 7991.8], [7258.4, 7991.8], [7281.1, 7992.8], [7298.3, 8004.4], [7306.2, 8016.0], [7307.0, 8017.1], [7330.5, 8029.2], [7341.5, 8030.6], [7351.6, 8031.9], [7377.5, 8036.2], [7390.0, 8046.1], [7397.0, 8058.0], [7405.6, 8079.2], [7413.5, 8105.1], [7419.0, 8112.6], [7426.4, 8117.2], [7428.4, 8118.5], [7444.0, 8126.5], [7447.1, 8127.2], [7461.3, 8130.7], [7482.4, 8131.8], [7504.3, 8131.7], [7537.2, 8128.5], [7562.3, 8126.4], [7579.6, 8125.3], [7587.4, 8123.1], [7600.7, 8118.3], [7608.5, 8114.5], [7620.3, 8106.5], [7632.1, 8099.5], [7648.5, 8091.9], [7675.1, 8090.8], [7698.6, 8094.1], [7722.9, 8101.0], [7729.6, 8100.6], [7749.6, 8099.4], [7773.1, 8087.5], [7781.7, 8075.1], [7786.4, 8068.6], [7796.6, 8053.3], [7819.3, 8047.9], [7842.8, 8052.2], [7855.4, 8059.8], [7862.4, 8069.6], [7861.7, 8080.1], [7861.6, 8081.0], [7847.7, 8088.2], [7842.8, 8090.7], [7827.9, 8096.1], [7812.2, 8105.8], [7809.1, 8127.7], [7830.3, 8137.9], [7850.6, 8137.3], [7863.2, 8127.2], [7866.1, 8111.2], [7884.3, 8106.3], [7907.8, 8095.5], [7919.6, 8086.9], [7942.3, 8062.5], [7950.9, 8055.9], [7961.2, 8044.2], [7961.9, 8043.4], [7972.1, 8034.6], [7991.7, 8030.2], [8016.8, 8037.3], [8018.3, 8037.9], [8026.1, 8045.0], [8038.7, 8055.9], [8063.8, 8055.8], [8086.5, 8060.7], [8117.8, 8073.2], [8123.3, 8075.3], [8136.6, 8082.4], [8146.8, 8084.0], [8167.2, 8083.9], [8188.3, 8078.5], [8196.1, 8072.0], [8206.0, 8064.8], [8207.9, 8063.3], [8225.9, 8060.1], [8261.2, 8060.0], [8288.6, 8066.0], [8294.9, 8075.2], [8294.9, 8086.5], [8290.9, 8094.6], [8290.4, 8098.3], [8289.4, 8105.4], [8292.5, 8112.4], [8298.8, 8117.7], [8313.6, 8124.1], [8328.5, 8127.3], [8355.9, 8128.3], [8372.5, 8127.6], [8384.2, 8136.5], [8410.4, 8154.2], [8432.6, 8158.3], [8483.0, 8159.6], [8497.9, 8157.1], [8500.6, 8155.4], [8510.3, 8149.5], [8518.1, 8140.5], [8528.3, 8132.3], [8530.7, 8130.3], [8548.7, 8122.8], [8582.4, 8121.7], [8611.3, 8129.2], [8617.6, 8133.5], [8617.6, 8143.6], [8617.6, 8147.8], [8617.6, 8150.7], [8620.5, 8154.6], [8629.7, 8160.7], [8639.2, 8163.7], [8643.7, 8163.7], [8654.2, 8163.7], [8661.5, 8163.7], [8680.3, 8161.0], [8696.0, 8150.9], [8710.3, 8145.8], [8710.8, 8145.6], [8720.0, 8145.8], [8763.3, 8146.6], [8764.7, 8146.7], [8775.9, 8147.1], [8800.2, 8148.2], [8819.0, 8147.1], [8851.9, 8145.0], [8873.8, 8150.8], [8877.7, 8157.1], [8881.8, 8166.9]]]}}, {"type": "Feature", "properties": {"OBJECTID": 52, "id": 1, "name": "Westeros", "Symbol": 1, "Visible": null, "Shape__Area": 49916033627608.72, "Shape__Length": 77557140.58098061}, "geometry": {"type": "Polygon", "coordinates": [[[2236.4, 1325.6], [2236.8, 1327.6], [2252.0, 1332.1], [2258.6, 1346.0], [2264.2, 1353.9], [2264.7, 1362.4], [2259.6, 1369.6], [2247.4, 1370.3], [2234.1, 1367.9], [2226.5, 1371.3], [2216.8, 1374.8], [2199.4, 1376.2], [2182.1, 1379.3], [2169.8, 1386.2], [2165.8, 1394.8], [2155.1, 1401.0], [2143.8, 1406.6], [2130.6, 1415.6], [2128.0, 1423.2], [2132.6, 1430.2], [2138.7, 1435.1], [2153.0, 1438.2], [2159.6, 1444.5], [2162.7, 1451.1], [2173.4, 1457.5], [2175.9, 1466.2], [2174.4, 1475.8], [2169.3, 1484.6], [2162.2, 1493.8], [2160.6, 1502.0], [2145.8, 1507.7], [2133.6, 1507.3], [2114.7, 1502.7], [2101.0, 1504.5], [2093.3, 1511.7], [2097.9, 1522.4], [2109.1, 1529.5], [2124.9, 1531.3], [2141.7, 1538.1], [2145.3, 1546.0], [2152.4, 1549.6], [2167.2, 1550.6], [2175.4, 1559.3], [2175.4, 1570.8], [2184.0, 1581.0], [2188.6, 1588.2], [2190.2, 1592.6], [2189.5, 1596.9], [2189.1, 1599.5], [2186.6, 1606.5], [2184.0, 1614.0], [2183.5, 1615.2], [2179.9, 1630.6], [2173.8, 1640.9], [2169.7, 1643.5], [2162.1, 1650.5], [2162.1, 1650.6], [2154.9, 1661.3], [2152.9, 1663.9], [2151.4, 1665.7], [2148.8, 1674.6], [2146.3, 1679.8], [2134.0, 1682.4], [2119.2, 1679.1], [2108.5, 1681.7], [2104.4, 1689.2], [2095.8, 1693.7], [2082.5, 1694.0], [2073.3, 1700.0], [2063.6, 1704.5], [2051.4, 1706.8], [2044.8, 1706.8], [2030.8, 1706.8], [2030.4, 1710.5], [2033.6, 1715.3], [2041.1, 1716.8], [2046.5, 1720.0], [2053.2, 1723.5], [2042.5, 1732.2], [2026.1, 1732.7], [2018.5, 1738.3], [2013.2, 1744.7], [1995.9, 1761.4], [1979.8, 1767.9], [1972.3, 1772.7], [1957.2, 1781.5], [1948.6, 1792.8], [1949.7, 1798.4], [1955.1, 1800.9], [1964.7, 1800.0], [1969.0, 1804.9], [1972.3, 1812.2], [1979.8, 1815.4], [1986.0, 1816.9], [1986.2, 1817.0], [2000.2, 1825.1], [2000.2, 1830.8], [1987.3, 1835.7], [1979.8, 1834.9], [1967.1, 1834.1], [1966.9, 1834.1], [1960.4, 1838.1], [1948.6, 1843.8], [1940.0, 1852.0], [1933.5, 1858.6], [1927.1, 1869.2], [1929.7, 1873.8], [1931.4, 1876.6], [1927.9, 1880.7], [1921.7, 1888.1], [1919.5, 1896.3], [1923.7, 1898.9], [1923.7, 1911.8], [1917.4, 1915.4], [1907.7, 1925.3], [1906.6, 1934.4], [1916.3, 1937.8], [1916.3, 1942.8], [1916.3, 1951.1], [1920.6, 1954.4], [1920.6, 1962.0], [1913.0, 1970.3], [1911.9, 1977.9], [1923.8, 1987.9], [1920.5, 1993.8], [1915.2, 2004.8], [1921.6, 2008.2], [1927.0, 2016.6], [1922.7, 2020.9], [1930.2, 2032.7], [1938.8, 2035.3], [1948.5, 2041.2], [1950.6, 2051.4], [1956.0, 2058.2], [1957.9, 2059.5], [1964.6, 2064.2], [1968.9, 2065.0], [1976.9, 2076.2], [1977.3, 2077.7], [1974.3, 2084.7], [1965.3, 2085.4], [1962.9, 2087.6], [1960.3, 2095.9], [1955.8, 2098.6], [1951.7, 2101.1], [1939.9, 2104.2], [1938.4, 2105.1], [1934.5, 2110.6], [1924.8, 2118.3], [1919.5, 2123.2], [1921.5, 2124.3], [1928.3, 2127.2], [1929.8, 2129.7], [1929.8, 2133.5], [1934.0, 2136.8], [1939.8, 2140.2], [1941.6, 2143.9], [1944.0, 2145.6], [1947.6, 2146.5], [1959.1, 2149.0], [1963.6, 2150.3], [1965.3, 2151.3], [1965.3, 2153.3], [1969.5, 2156.2], [1979.4, 2159.6], [1990.9, 2162.1], [1998.2, 2165.5], [2005.0, 2169.3], [2005.0, 2171.8], [2001.5, 2173.5], [2001.4, 2173.5], [1994.4, 2173.9], [1994.0, 2174.6], [1995.6, 2176.9], [1997.1, 2178.9], [1998.5, 2180.8], [1998.3, 2181.6], [1996.1, 2183.7], [1993.5, 2184.8], [1993.0, 2185.0], [1990.9, 2190.1], [1989.9, 2193.0], [1990.8, 2193.3], [1994.1, 2194.3], [2000.8, 2198.6], [2002.7, 2201.1], [2004.0, 2202.8], [2004.6, 2202.9], [2010.8, 2203.2], [2017.6, 2201.5], [2027.5, 2202.0], [2034.3, 2200.2], [2036.4, 2194.3], [2036.6, 2194.1], [2036.9, 2193.9], [2040.0, 2191.3], [2043.7, 2189.2], [2047.7, 2187.8], [2050.9, 2188.4], [2052.6, 2190.6], [2051.9, 2192.2], [2048.4, 2195.1], [2046.5, 2196.2], [2045.2, 2197.5], [2045.2, 2201.5], [2046.3, 2201.7], [2050.5, 2202.4], [2056.7, 2202.4], [2061.4, 2201.9], [2064.6, 2196.8], [2071.9, 2192.6], [2075.5, 2190.0], [2078.2, 2181.1], [2081.3, 2175.6], [2084.9, 2170.1], [2088.1, 2168.4], [2096.4, 2165.8], [2098.3, 2165.2], [2101.0, 2165.2], [2102.4, 2166.4], [2101.1, 2170.5], [2098.6, 2174.5], [2099.3, 2177.6], [2102.3, 2184.4], [2105.9, 2191.3], [2114.7, 2195.9], [2119.0, 2197.5], [2125.9, 2196.7], [2126.7, 2196.3], [2127.2, 2194.2], [2123.8, 2190.7], [2124.4, 2188.5], [2129.3, 2183.2], [2129.3, 2177.6], [2133.0, 2172.6], [2135.6, 2168.3], [2135.8, 2168.0], [2136.3, 2165.3], [2132.6, 2156.1], [2121.0, 2149.3], [2118.5, 2146.6], [2118.3, 2145.1], [2122.0, 2137.9], [2126.2, 2134.6], [2129.4, 2130.0], [2136.1, 2126.6], [2146.6, 2132.5], [2157.6, 2135.4], [2160.4, 2136.5], [2161.6, 2138.4], [2161.2, 2143.0], [2161.4, 2144.3], [2161.4, 2150.2], [2160.5, 2155.8], [2161.3, 2158.6], [2163.5, 2159.9], [2164.7, 2159.8], [2166.6, 2156.0], [2167.4, 2155.5], [2169.5, 2155.5], [2170.7, 2156.2], [2172.8, 2161.9], [2172.8, 2171.1], [2175.8, 2178.0], [2176.4, 2188.8], [2174.6, 2196.1], [2174.0, 2205.5], [2175.8, 2215.3], [2174.2, 2228.7], [2173.6, 2229.6], [2167.4, 2235.2], [2162.7, 2242.4], [2159.6, 2245.3], [2158.5, 2246.3], [2156.6, 2246.9], [2152.5, 2245.7], [2151.6, 2244.9], [2150.0, 2238.1], [2149.7, 2236.9], [2147.4, 2236.4], [2145.3, 2236.9], [2139.8, 2242.9], [2135.6, 2244.2], [2133.0, 2246.8], [2134.5, 2251.5], [2139.0, 2257.0], [2137.2, 2278.3], [2131.8, 2284.8], [2120.3, 2292.3], [2112.4, 2296.8], [2109.5, 2296.9], [2104.7, 2294.2], [2095.9, 2295.5], [2091.2, 2301.2], [2089.4, 2306.5], [2088.4, 2306.8], [2076.4, 2310.7], [2075.0, 2313.2], [2075.7, 2315.4], [2079.3, 2320.9], [2088.3, 2335.0], [2099.8, 2349.1], [2104.6, 2361.2], [2105.2, 2378.4], [2106.4, 2384.5], [2114.3, 2391.1], [2128.1, 2396.7], [2141.4, 2404.8], [2148.0, 2416.1], [2153.4, 2436.0], [2158.2, 2453.4], [2157.6, 2469.9], [2163.7, 2478.7], [2166.7, 2489.0], [2166.7, 2503.5], [2167.3, 2525.8], [2170.3, 2529.9], [2173.3, 2533.1], [2177.5, 2534.1], [2199.2, 2534.1], [2210.1, 2537.2], [2220.3, 2541.4], [2233.0, 2546.6], [2249.9, 2548.6], [2264.9, 2548.6], [2275.8, 2549.1], [2287.8, 2560.1], [2299.3, 2565.8], [2304.1, 2566.9], [2318.6, 2566.8], [2324.6, 2570.5], [2327.6, 2575.7], [2333.7, 2580.5], [2340.3, 2580.4], [2350.5, 2579.4], [2354.2, 2575.2], [2360.8, 2563.7], [2372.3, 2555.3], [2381.9, 2553.7], [2395.8, 2553.7], [2406.6, 2550.6], [2417.5, 2546.9], [2439.2, 2548.5], [2447.6, 2551.6], [2453.1, 2562.0], [2456.0, 2563.8], [2456.1, 2564.5], [2456.1, 2565.1], [2462.7, 2569.9], [2466.9, 2572.5], [2469.9, 2584.5], [2469.9, 2595.6], [2471.7, 2600.3], [2477.8, 2608.2], [2482.6, 2614.0], [2483.8, 2619.8], [2487.4, 2627.1], [2486.8, 2635.1], [2485.0, 2640.9], [2481.4, 2647.2], [2477.7, 2652.0], [2477.1, 2658.4], [2476.5, 2667.4], [2477.1, 2682.3], [2472.9, 2689.7], [2469.3, 2694.0], [2461.4, 2701.5], [2456.0, 2705.7], [2456.6, 2717.0], [2452.4, 2723.9], [2440.3, 2736.3], [2431.9, 2740.6], [2431.9, 2742.2], [2437.9, 2747.0], [2441.5, 2751.3], [2442.1, 2758.3], [2442.1, 2769.0], [2437.9, 2775.0], [2433.7, 2780.9], [2431.3, 2789.0], [2433.1, 2799.3], [2439.1, 2806.3], [2442.7, 2815.0], [2437.9, 2822.0], [2429.4, 2820.4], [2425.8, 2813.9], [2417.4, 2804.2], [2412.0, 2799.8], [2411.4, 2786.9], [2410.2, 2778.2], [2405.9, 2771.2], [2406.5, 2762.1], [2406.5, 2752.6], [2405.6, 2750.9], [2399.9, 2748.6], [2393.9, 2748.6], [2386.0, 2751.3], [2379.4, 2750.8], [2375.8, 2748.1], [2371.0, 2740.6], [2365.6, 2733.1], [2358.0, 2725.4], [2357.4, 2725.2], [2353.1, 2722.7], [2350.3, 2722.5], [2349.7, 2726.7], [2350.5, 2729.4], [2352.9, 2736.3], [2357.7, 2744.9], [2357.1, 2754.6], [2354.7, 2761.6], [2352.9, 2769.7], [2352.9, 2779.4], [2349.9, 2789.1], [2346.2, 2797.7], [2343.2, 2805.3], [2343.2, 2816.1], [2343.2, 2825.4], [2334.2, 2836.8], [2323.9, 2841.1], [2314.3, 2847.1], [2301.6, 2851.5], [2290.7, 2855.9], [2281.1, 2858.6], [2279.3, 2865.1], [2279.3, 2876.6], [2278.5, 2879.5], [2279.2, 2886.5], [2278.9, 2887.0], [2275.6, 2887.0], [2271.4, 2890.3], [2268.4, 2894.1], [2264.2, 2894.7], [2258.2, 2889.7], [2251.5, 2888.1], [2244.3, 2883.2], [2234.0, 2875.5], [2223.2, 2866.3], [2212.9, 2860.3], [2200.9, 2858.1], [2189.4, 2859.8], [2189.4, 2864.7], [2190.0, 2871.8], [2194.3, 2875.0], [2202.1, 2878.3], [2206.3, 2882.7], [2207.9, 2889.2], [2207.3, 2891.4], [2206.2, 2892.9], [2205.1, 2893.7], [2196.1, 2895.3], [2193.6, 2897.5], [2192.0, 2901.3], [2192.1, 2902.6], [2192.9, 2904.8], [2194.0, 2905.7], [2197.1, 2907.5], [2198.7, 2909.2], [2200.1, 2911.4], [2200.2, 2912.2], [2199.7, 2916.4], [2198.7, 2917.0], [2194.8, 2918.3], [2187.0, 2918.9], [2176.1, 2916.7], [2161.1, 2911.2], [2163.5, 2915.0], [2167.7, 2920.5], [2171.9, 2924.9], [2181.6, 2927.1], [2187.0, 2929.3], [2193.0, 2932.1], [2201.5, 2939.2], [2207.5, 2948.6], [2214.7, 2953.5], [2223.2, 2951.9], [2231.0, 2950.7], [2234.6, 2952.9], [2239.4, 2960.1], [2239.4, 2965.6], [2239.4, 2973.4], [2236.4, 2985.6], [2241.8, 2993.3], [2243.6, 2996.6], [2243.0, 3002.2], [2236.4, 3002.7], [2226.8, 3002.8], [2216.5, 3002.2], [2209.3, 3005.5], [2206.3, 3010.0], [2206.3, 3016.7], [2206.9, 3019.4], [2208.7, 3022.8], [2215.3, 3030.0], [2223.7, 3032.8], [2232.2, 3035.0], [2238.8, 3036.7], [2241.2, 3041.1], [2243.6, 3047.8], [2249.7, 3051.1], [2253.3, 3059.5], [2256.9, 3070.1], [2268.3, 3076.3], [2279.8, 3080.2], [2287.6, 3081.3], [2291.8, 3095.3], [2292.4, 3101.1], [2290.6, 3107.1], [2286.4, 3113.3], [2286.4, 3120.6], [2292.4, 3124.0], [2301.5, 3126.2], [2304.5, 3130.1], [2300.9, 3135.2], [2294.2, 3139.2], [2287.0, 3143.1], [2281.0, 3149.3], [2281.0, 3155.5], [2284.0, 3159.5], [2293.0, 3164.0], [2299.7, 3170.8], [2305.1, 3177.5], [2315.3, 3183.8], [2325.6, 3184.3], [2343.1, 3186.6], [2353.9, 3192.2], [2364.2, 3200.7], [2373.2, 3208.7], [2383.4, 3210.4], [2393.7, 3214.9], [2399.1, 3224.5], [2398.5, 3232.5], [2394.3, 3235.4], [2384.0, 3236.5], [2372.6, 3234.8], [2365.4, 3231.4], [2355.1, 3232.5], [2334.0, 3233.7], [2317.7, 3232.0], [2311.1, 3227.5], [2300.2, 3221.8], [2288.8, 3219.0], [2273.7, 3211.6], [2260.4, 3204.2], [2250.8, 3202.5], [2239.3, 3200.8], [2226.7, 3201.4], [2212.2, 3203.7], [2201.4, 3202.0], [2189.3, 3197.5], [2186.9, 3194.9], [2180.8, 3190.9], [2171.4, 3181.3], [2160.5, 3171.8], [2155.0, 3165.2], [2151.8, 3157.8], [2158.1, 3193.1], [2159.7, 3210.8], [2154.2, 3228.5], [2142.4, 3251.5], [2139.3, 3267.8], [2136.9, 3278.9], [2139.3, 3297.5], [2138.5, 3310.2], [2133.8, 3317.6], [2127.5, 3322.9], [2127.5, 3331.7], [2126.8, 3331.8], [2129.1, 3337.8], [2125.9, 3353.5], [2121.2, 3363.2], [2118.9, 3372.2], [2111.0, 3383.5], [2096.9, 3393.2], [2075.0, 3403.8], [2060.9, 3408.3], [2055.4, 3408.3], [2047.5, 3404.5], [2041.3, 3403.0], [2035.0, 3406.1], [2031.9, 3411.3], [2024.0, 3418.9], [2017.8, 3418.9], [2009.2, 3412.8], [1999.8, 3402.3], [1987.2, 3395.6], [1975.5, 3394.1], [1962.2, 3394.1], [1952.0, 3403.1], [1946.5, 3411.4], [1934.7, 3418.9], [1924.5, 3423.5], [1917.5, 3425.7], [1910.4, 3427.2], [1901.8, 3426.5], [1894.8, 3422.0], [1892.4, 3411.4], [1892.4, 3391.2], [1895.6, 3379.9], [1894.0, 3373.2], [1888.5, 3372.4], [1879.9, 3374.7], [1872.1, 3376.2], [1868.5, 3370.3], [1866.6, 3364.2], [1862.7, 3348.5], [1861.1, 3339.5], [1861.1, 3329.8], [1856.4, 3323.8], [1854.1, 3315.6], [1854.1, 3304.5], [1854.1, 3299.4], [1853.1, 3297.4], [1850.0, 3290.0], [1846.6, 3287.0], [1844.0, 3285.5], [1837.5, 3281.4], [1833.1, 3277.4], [1827.9, 3269.3], [1824.4, 3263.0], [1819.6, 3261.4], [1819.6, 3275.5], [1824.3, 3288.1], [1829.0, 3296.3], [1831.4, 3310.4], [1832.1, 3320.1], [1836.0, 3330.6], [1831.3, 3342.5], [1821.9, 3361.2], [1814.9, 3371.0], [1808.6, 3379.2], [1805.5, 3384.5], [1810.2, 3393.5], [1812.5, 3398.7], [1810.9, 3405.5], [1805.5, 3415.3], [1803.9, 3421.3], [1802.3, 3431.8], [1797.6, 3434.9], [1780.4, 3441.7], [1768.6, 3443.9], [1764.7, 3448.5], [1761.6, 3459.8], [1764.7, 3468.8], [1761.6, 3479.4], [1750.6, 3491.6], [1746.7, 3498.4], [1742.7, 3505.2], [1737.3, 3507.5], [1729.4, 3514.3], [1723.9, 3523.4], [1718.4, 3535.6], [1716.1, 3547.7], [1718.4, 3556.1], [1727.1, 3559.1], [1733.3, 3564.5], [1737.2, 3570.6], [1738.0, 3574.4], [1734.1, 3580.5], [1720.8, 3582.0], [1713.7, 3579.7], [1702.8, 3585.1], [1690.2, 3598.8], [1684.7, 3611.1], [1681.6, 3622.5], [1696.5, 3630.2], [1705.1, 3637.1], [1705.9, 3645.5], [1709.8, 3656.2], [1718.4, 3660.0], [1734.8, 3658.5], [1746.6, 3659.2], [1751.3, 3666.1], [1757.6, 3670.0], [1766.2, 3673.0], [1784.2, 3669.2], [1803.0, 3666.9], [1814.8, 3661.5], [1829.6, 3657.6], [1839.8, 3655.3], [1846.1, 3654.6], [1846.7, 3653.9], [1852.4, 3655.3], [1862.6, 3657.6], [1872.7, 3662.2], [1879.8, 3663.0], [1882.9, 3658.4], [1879.8, 3653.8], [1875.9, 3643.8], [1872.0, 3641.7], [1871.7, 3641.3], [1869.6, 3637.7], [1869.6, 3633.8], [1875.1, 3628.5], [1890.8, 3623.9], [1911.1, 3623.1], [1918.8, 3625.8], [1922.1, 3626.9], [1930.7, 3635.3], [1941.4, 3638.6], [1942.5, 3640.7], [1943.0, 3640.7], [1944.8, 3643.4], [1948.1, 3643.4], [1948.9, 3641.1], [1949.0, 3641.2], [1951.4, 3639.3], [1951.7, 3639.1], [1961.0, 3634.0], [1961.1, 3633.9], [1963.0, 3631.7], [1961.8, 3627.6], [1953.3, 3624.5], [1951.9, 3620.8], [1952.0, 3620.4], [1951.8, 3620.2], [1944.8, 3614.3], [1947.2, 3610.7], [1954.6, 3612.0], [1959.7, 3613.0], [1970.4, 3615.7], [1980.7, 3615.2], [1989.5, 3615.2], [2006.3, 3622.0], [2019.3, 3622.0], [2023.1, 3617.0], [2025.9, 3611.5], [2029.6, 3609.2], [2049.0, 3609.2], [2062.7, 3602.3], [2067.3, 3596.5], [2067.3, 3588.3], [2079.4, 3583.8], [2091.8, 3583.4], [2095.2, 3583.3], [2109.2, 3585.6], [2126.4, 3585.6], [2131.6, 3579.2], [2143.2, 3577.4], [2149.3, 3574.7], [2157.2, 3568.8], [2158.4, 3568.7], [2166.5, 3568.3], [2168.3, 3573.3], [2165.1, 3579.7], [2159.5, 3585.1], [2149.2, 3589.6], [2144.6, 3594.2], [2140.7, 3603.7], [2141.5, 3605.3], [2146.2, 3605.3], [2149.8, 3604.6], [2154.0, 3603.8], [2169.7, 3603.8], [2180.7, 3601.5], [2191.1, 3601.9], [2200.2, 3602.2], [2201.9, 3598.3], [2210.4, 3591.5], [2214.3, 3586.9], [2224.5, 3585.4], [2233.1, 3589.2], [2239.4, 3593.8], [2248.8, 3593.8], [2259.0, 3586.9], [2265.3, 3580.8], [2266.8, 3579.9], [2273.3, 3580.0], [2280.3, 3578.8], [2285.0, 3575.9], [2290.9, 3572.4], [2295.8, 3568.6], [2305.2, 3557.1], [2314.6, 3553.3], [2324.3, 3551.4], [2326.4, 3551.0], [2327.2, 3550.6], [2328.5, 3548.3], [2340.2, 3543.8], [2350.4, 3542.4], [2356.9, 3542.4], [2367.6, 3538.3], [2374.1, 3535.6], [2378.8, 3539.7], [2370.0, 3544.2], [2365.8, 3550.1], [2360.2, 3555.0], [2347.8, 3555.7], [2346.1, 3558.5], [2346.0, 3558.6], [2333.4, 3566.2], [2320.1, 3569.3], [2303.7, 3575.4], [2299.0, 3580.8], [2291.1, 3592.2], [2281.7, 3596.0], [2276.5, 3597.3], [2275.0, 3598.6], [2268.9, 3603.2], [2255.9, 3610.0], [2248.9, 3615.4], [2245.6, 3620.0], [2241.0, 3625.4], [2236.3, 3630.9], [2231.6, 3637.3], [2229.3, 3640.9], [2229.0, 3641.5], [2227.9, 3643.2], [2240.0, 3638.2], [2247.0, 3635.9], [2257.2, 3631.3], [2262.8, 3627.7], [2270.7, 3624.0], [2279.6, 3624.9], [2287.5, 3625.4], [2297.8, 3624.5], [2304.3, 3619.0], [2308.0, 3611.3], [2309.3, 3607.9], [2309.5, 3607.8], [2309.4, 3605.8], [2311.3, 3602.2], [2319.2, 3599.9], [2327.1, 3597.7], [2336.4, 3593.6], [2345.3, 3589.0], [2350.8, 3585.4], [2354.6, 3586.3], [2352.2, 3592.2], [2342.9, 3598.1], [2337.8, 3602.6], [2336.4, 3607.6], [2328.5, 3610.4], [2325.1, 3612.2], [2324.7, 3614.1], [2323.1, 3618.2], [2320.0, 3622.6], [2307.7, 3633.3], [2298.4, 3642.9], [2294.9, 3644.7], [2294.5, 3645.4], [2285.6, 3654.1], [2278.7, 3657.3], [2270.3, 3664.1], [2262.6, 3666.3], [2262.4, 3666.4], [2259.1, 3668.7], [2258.6, 3670.1], [2257.7, 3672.8], [2255.8, 3678.3], [2250.2, 3682.4], [2240.9, 3686.0], [2235.8, 3691.5], [2236.4, 3691.5], [2244.2, 3691.5], [2250.7, 3691.5], [2257.7, 3689.7], [2262.8, 3683.7], [2265.6, 3678.5], [2274.9, 3674.4], [2286.1, 3673.0], [2295.4, 3672.0], [2298.7, 3666.8], [2312.2, 3657.2], [2328.9, 3654.0], [2334.1, 3651.3], [2335.0, 3643.6], [2345.7, 3635.4], [2354.6, 3630.8], [2367.6, 3625.8], [2374.0, 3623.9], [2377.0, 3623.0], [2381.6, 3621.7], [2387.6, 3618.5], [2394.1, 3616.7], [2403.0, 3616.2], [2406.7, 3617.1], [2402.0, 3625.3], [2395.5, 3628.5], [2388.0, 3630.0], [2386.1, 3631.6], [2382.7, 3635.1], [2377.7, 3638.7], [2372.1, 3643.6], [2367.3, 3648.6], [2362.0, 3652.7], [2357.8, 3655.7], [2350.8, 3660.1], [2344.3, 3664.2], [2343.4, 3666.8], [2343.1, 3666.9], [2341.0, 3669.1], [2336.8, 3673.0], [2330.0, 3677.7], [2328.8, 3678.3], [2325.7, 3683.7], [2325.7, 3687.8], [2328.3, 3687.8], [2333.1, 3687.8], [2338.7, 3684.8], [2343.4, 3682.3], [2352.2, 3676.4], [2363.4, 3671.8], [2369.0, 3669.1], [2377.4, 3666.8], [2382.5, 3660.8], [2389.9, 3657.2], [2401.6, 3651.7], [2406.7, 3646.2], [2414.6, 3643.0], [2421.6, 3636.2], [2430.9, 3629.4], [2438.4, 3628.5], [2450.9, 3619.3], [2463.0, 3615.7], [2472.4, 3612.5], [2480.3, 3609.8], [2485.4, 3611.1], [2482.1, 3618.0], [2480.7, 3621.6], [2471.9, 3625.2], [2466.3, 3629.3], [2456.0, 3634.4], [2450.5, 3638.5], [2436.0, 3643.9], [2427.2, 3647.6], [2428.1, 3653.0], [2427.2, 3657.6], [2420.7, 3661.7], [2420.2, 3665.8], [2411.5, 3666.8], [2408.2, 3668.8], [2404.2, 3671.0], [2397.8, 3674.0], [2393.3, 3676.8], [2385.8, 3679.8], [2378.5, 3688.1], [2375.4, 3694.4], [2366.4, 3701.0], [2360.5, 3705.4], [2351.6, 3705.7], [2338.1, 3707.3], [2331.1, 3710.9], [2322.7, 3712.3], [2314.1, 3714.0], [2302.9, 3714.5], [2292.3, 3715.0], [2290.3, 3717.6], [2281.0, 3718.0], [2276.3, 3720.8], [2270.7, 3726.3], [2261.4, 3732.7], [2255.8, 3739.1], [2246.0, 3742.3], [2240.4, 3746.9], [2228.1, 3749.3], [2210.6, 3764.6], [2196.9, 3778.8], [2183.2, 3798.8], [2174.7, 3813.7], [2162.3, 3826.0], [2151.8, 3834.4], [2143.7, 3835.1], [2142.7, 3836.3], [2148.7, 3839.0], [2158.0, 3839.0], [2164.3, 3838.8], [2188.4, 3820.1], [2210.6, 3793.6], [2225.6, 3782.0], [2231.5, 3779.4], [2247.8, 3776.2], [2259.6, 3773.0], [2277.9, 3759.4], [2294.2, 3750.4], [2315.1, 3749.1], [2321.0, 3748.2], [2327.5, 3744.1], [2340.1, 3737.2], [2345.7, 3734.9], [2348.9, 3741.3], [2355.9, 3744.1], [2365.2, 3743.6], [2381.5, 3739.5], [2398.7, 3735.8], [2406.8, 3734.7], [2413.2, 3733.9], [2420.2, 3730.7], [2423.3, 3728.3], [2427.1, 3725.2], [2437.4, 3722.9], [2438.2, 3722.8], [2448.1, 3720.6], [2450.7, 3718.7], [2455.6, 3715.1], [2463.5, 3713.7], [2465.5, 3714.2], [2467.7, 3714.7], [2474.2, 3712.8], [2481.2, 3710.4], [2482.1, 3710.1], [2489.5, 3708.7], [2497.5, 3707.8], [2507.7, 3705.9], [2513.8, 3705.0], [2512.4, 3710.0], [2504.0, 3717.8], [2496.5, 3718.3], [2489.5, 3722.9], [2489.5, 3727.0], [2495.1, 3731.1], [2498.8, 3733.4], [2506.8, 3737.1], [2508.6, 3740.3], [2501.2, 3743.0], [2493.3, 3745.3], [2485.8, 3748.1], [2482.5, 3754.1], [2479.3, 3757.3], [2474.6, 3757.7], [2470.0, 3760.5], [2466.2, 3762.3], [2456.0, 3763.7], [2453.8, 3763.6], [2452.8, 3764.4], [2443.1, 3767.8], [2441.1, 3768.9], [2431.9, 3772.2], [2418.2, 3781.2], [2409.7, 3788.3], [2411.0, 3792.2], [2415.0, 3798.0], [2420.2, 3799.3], [2430.6, 3801.2], [2433.9, 3803.1], [2441.7, 3819.3], [2450.2, 3823.8], [2456.0, 3823.2], [2457.4, 3816.6], [2457.4, 3811.1], [2458.8, 3806.5], [2469.5, 3806.0], [2476.0, 3804.6], [2485.3, 3800.0], [2492.8, 3800.9], [2490.4, 3809.7], [2491.8, 3815.6], [2494.9, 3820.4], [2499.8, 3821.1], [2503.5, 3824.8], [2505.7, 3827.0], [2505.7, 3834.1], [2505.7, 3844.4], [2507.6, 3848.3], [2507.7, 3848.7], [2514.2, 3851.1], [2517.0, 3856.7], [2512.8, 3859.9], [2501.1, 3864.1], [2494.5, 3859.4], [2490.0, 3860.6], [2482.2, 3863.2], [2474.3, 3867.1], [2467.2, 3870.3], [2460.0, 3873.6], [2458.1, 3874.8], [2454.1, 3877.5], [2454.4, 3878.3], [2455.4, 3881.4], [2461.9, 3883.3], [2469.8, 3886.6], [2469.1, 3889.8], [2465.2, 3894.3], [2455.4, 3898.2], [2448.9, 3900.2], [2442.3, 3903.4], [2431.2, 3908.6], [2418.8, 3913.2], [2414.1, 3914.2], [2409.4, 3922.4], [2406.6, 3930.3], [2401.5, 3931.3], [2394.9, 3929.9], [2394.5, 3923.8], [2394.7, 3919.7], [2394.3, 3918.2], [2393.4, 3917.2], [2391.8, 3916.9], [2390.0, 3916.8], [2388.0, 3917.0], [2386.8, 3917.0], [2385.6, 3916.9], [2385.2, 3916.9], [2383.1, 3917.2], [2383.1, 3917.2], [2380.5, 3918.3], [2377.9, 3920.6], [2376.2, 3922.6], [2375.2, 3924.1], [2375.1, 3924.2], [2374.9, 3925.7], [2375.8, 3929.0], [2377.5, 3937.3], [2377.4, 3938.6], [2374.9, 3941.9], [2370.7, 3945.2], [2370.7, 3949.4], [2366.1, 3955.4], [2357.2, 3954.0], [2355.0, 3950.8], [2348.3, 3953.6], [2341.8, 3956.2], [2331.3, 3965.3], [2314.3, 3973.8], [2309.6, 3973.8], [2304.1, 3976.4], [2298.1, 3982.0], [2295.7, 3985.2], [2288.8, 3990.3], [2284.9, 3995.0], [2288.2, 3996.6], [2302.6, 3994.7], [2319.6, 3994.0], [2339.8, 3990.7], [2350.2, 3988.1], [2373.7, 3984.2], [2408.4, 3980.9], [2428.6, 3971.1], [2439.7, 3963.3], [2452.1, 3960.0], [2459.3, 3961.9], [2473.6, 3967.8], [2489.3, 3970.4], [2497.1, 3969.7], [2507.5, 3964.3], [2510.9, 3964.2], [2516.4, 3968.2], [2519.4, 3968.0], [2524.2, 3967.8], [2527.0, 3968.1], [2531.7, 3968.8], [2532.8, 3970.1], [2532.9, 3972.1], [2531.2, 3972.7], [2529.0, 3974.0], [2526.4, 3974.4], [2523.9, 3974.9], [2523.4, 3975.8], [2523.1, 3978.9], [2521.1, 3979.9], [2519.0, 3981.3], [2517.3, 3983.0], [2517.0, 3985.3], [2516.9, 3988.5], [2518.1, 3991.8], [2519.0, 3994.8], [2519.8, 3998.5], [2520.0, 4000.4], [2519.7, 4005.6], [2519.4, 4006.3], [2518.6, 4007.8], [2516.4, 4008.9], [2516.4, 4009.3], [2514.1, 4016.0], [2510.2, 4020.6], [2503.7, 4030.4], [2491.9, 4037.6], [2481.7, 4040.5], [2480.1, 4040.9], [2469.0, 4046.8], [2459.9, 4053.3], [2452.3, 4058.5], [2445.5, 4063.1], [2436.4, 4064.5], [2432.5, 4060.5], [2433.1, 4052.0], [2438.4, 4046.8], [2440.3, 4036.3], [2440.3, 4030.0], [2440.3, 4026.5], [2433.8, 4022.6], [2429.2, 4023.3], [2423.3, 4029.2], [2418.8, 4033.1], [2416.8, 4035.7], [2412.9, 4042.2], [2409.6, 4049.4], [2405.7, 4055.3], [2404.3, 4056.3], [2399.8, 4059.3], [2394.0, 4058.6], [2389.4, 4056.0], [2388.1, 4050.8], [2387.4, 4042.3], [2383.5, 4036.4], [2377.6, 4033.8], [2363.9, 4033.1], [2361.5, 4031.5], [2358.1, 4029.2], [2347.6, 4026.0], [2337.2, 4026.6], [2330.6, 4030.6], [2324.1, 4037.1], [2320.8, 4043.0], [2313.7, 4049.5], [2305.2, 4055.4], [2301.9, 4062.0], [2307.8, 4063.9], [2315.6, 4065.9], [2322.8, 4069.1], [2330.0, 4074.4], [2333.9, 4082.2], [2337.1, 4091.4], [2327.3, 4106.5], [2324.7, 4117.0], [2326.0, 4120.3], [2333.9, 4124.2], [2342.4, 4126.1], [2352.8, 4130.7], [2354.1, 4135.3], [2352.0, 4136.7], [2348.2, 4136.6], [2343.0, 4136.6], [2331.3, 4136.7], [2322.8, 4140.6], [2321.4, 4142.7], [2319.5, 4143.9], [2309.0, 4152.4], [2296.0, 4166.2], [2282.3, 4171.5], [2279.0, 4178.7], [2279.2, 4184.6], [2279.0, 4185.3], [2277.0, 4194.5], [2271.8, 4201.1], [2264.6, 4207.0], [2258.1, 4210.3], [2249.0, 4214.3], [2239.2, 4215.0], [2226.1, 4215.6], [2212.4, 4220.9], [2203.3, 4222.9], [2197.4, 4224.9], [2183.7, 4224.9], [2171.3, 4224.2], [2156.2, 4223.6], [2146.5, 4223.6], [2137.3, 4226.2], [2127.5, 4232.8], [2115.1, 4238.1], [2100.1, 4240.8], [2068.8, 4240.8], [2046.3, 4240.2], [2044.6, 4239.5], [2032.2, 4232.9], [2021.8, 4223.7], [2011.3, 4213.8], [1997.0, 4204.6], [1980.6, 4198.1], [1968.2, 4192.8], [1963.4, 4193.1], [1966.3, 4201.4], [1970.2, 4208.6], [1980.0, 4217.2], [1991.1, 4226.4], [1999.6, 4235.6], [2010.0, 4240.2], [2023.1, 4245.4], [2030.9, 4251.4], [2044.6, 4259.3], [2048.5, 4264.5], [2058.3, 4279.0], [2065.5, 4283.0], [2072.0, 4279.0], [2080.5, 4274.4], [2091.6, 4268.5], [2094.8, 4267.7], [2100.1, 4266.5], [2115.1, 4264.5], [2129.5, 4263.2], [2149.0, 4260.5], [2158.2, 4260.5], [2165.4, 4265.1], [2171.9, 4272.3], [2180.4, 4272.3], [2193.4, 4272.3], [2206.6, 4273.6], [2207.1, 4273.6], [2215.6, 4271.9], [2223.5, 4270.3], [2235.9, 4267.0], [2249.6, 4267.0], [2260.0, 4261.7], [2271.8, 4259.7], [2277.7, 4254.5], [2290.1, 4245.9], [2301.8, 4244.5], [2311.6, 4241.9], [2320.1, 4234.0], [2332.5, 4229.4], [2350.8, 4229.4], [2361.2, 4226.0], [2367.1, 4216.8], [2376.3, 4205.0], [2384.8, 4199.0], [2393.9, 4195.1], [2399.1, 4185.9], [2406.3, 4177.3], [2427.9, 4162.2], [2446.2, 4147.7], [2454.6, 4145.7], [2457.9, 4149.0], [2457.9, 4154.3], [2455.3, 4158.9], [2445.5, 4163.5], [2440.3, 4166.1], [2439.4, 4170.2], [2443.5, 4172.0], [2449.4, 4173.3], [2449.4, 4183.9], [2442.9, 4202.3], [2433.1, 4217.4], [2413.5, 4238.5], [2403.7, 4250.4], [2400.4, 4257.6], [2405.6, 4259.6], [2414.1, 4259.0], [2424.6, 4260.3], [2424.6, 4260.8], [2424.6, 4262.2], [2424.6, 4264.9], [2421.9, 4271.5], [2412.1, 4281.4], [2399.7, 4288.0], [2391.9, 4293.3], [2384.7, 4297.2], [2376.2, 4301.9], [2370.4, 4309.1], [2361.2, 4313.8], [2352.7, 4313.8], [2341.0, 4313.8], [2332.5, 4315.8], [2327.9, 4322.4], [2317.5, 4324.4], [2297.9, 4326.4], [2282.0, 4329.4], [2277.6, 4329.7], [2273.1, 4331.7], [2271.8, 4335.0], [2271.8, 4342.3], [2271.8, 4343.6], [2269.8, 4349.5], [2261.3, 4355.5], [2251.5, 4357.5], [2238.5, 4360.1], [2236.0, 4359.8], [2226.0, 4358.2], [2221.7, 4358.2], [2217.6, 4358.2], [2216.5, 4358.1], [2207.9, 4357.6], [2207.8, 4357.5], [2205.8, 4350.9], [2199.3, 4346.3], [2195.4, 4348.9], [2190.1, 4355.5], [2186.9, 4362.8], [2186.2, 4374.1], [2181.6, 4383.3], [2173.2, 4391.3], [2168.6, 4398.6], [2167.3, 4404.5], [2164.7, 4411.1], [2159.4, 4415.1], [2154.9, 4417.8], [2147.7, 4420.4], [2143.1, 4424.4], [2139.8, 4430.4], [2135.9, 4438.3], [2130.7, 4444.3], [2120.9, 4443.6], [2112.4, 4454.2], [2114.4, 4459.5], [2118.9, 4464.2], [2124.8, 4464.8], [2131.3, 4461.5], [2141.1, 4460.9], [2156.8, 4452.9], [2156.2, 4458.9], [2154.8, 4462.8], [2154.2, 4474.1], [2149.6, 4489.4], [2142.4, 4501.3], [2134.6, 4507.3], [2124.1, 4518.6], [2111.1, 4531.2], [2103.2, 4540.5], [2094.7, 4551.1], [2091.5, 4557.1], [2085.6, 4569.7], [2077.8, 4581.0], [2070.6, 4588.3], [2063.4, 4593.0], [2054.2, 4594.3], [2042.5, 4595.6], [2041.8, 4593.0], [2045.1, 4591.0], [2056.9, 4583.7], [2058.2, 4577.0], [2052.9, 4575.0], [2047.7, 4575.0], [2039.2, 4577.7], [2037.9, 4581.0], [2028.1, 4581.7], [2017.7, 4581.7], [2009.9, 4577.1], [1998.1, 4573.8], [1987.7, 4576.4], [1981.8, 4583.7], [1972.0, 4591.0], [1967.4, 4599.0], [1967.4, 4607.0], [1965.4, 4613.0], [1959.6, 4620.3], [1965.4, 4620.9], [1970.0, 4620.9], [1975.2, 4624.9], [1979.2, 4632.2], [1984.4, 4640.9], [1989.6, 4648.2], [2001.3, 4648.2], [2011.8, 4647.5], [2024.8, 4648.1], [2032.0, 4642.8], [2044.4, 4640.8], [2065.3, 4640.1], [2074.5, 4638.8], [2083.6, 4633.5], [2093.4, 4629.5], [2109.7, 4624.1], [2122.1, 4620.8], [2133.2, 4616.8], [2146.9, 4616.8], [2162.0, 4615.5], [2176.3, 4604.2], [2185.9, 4593.1], [2186.8, 4592.9], [2192.7, 4592.8], [2197.9, 4596.2], [2201.1, 4604.8], [2199.2, 4612.1], [2195.3, 4618.1], [2189.4, 4626.1], [2188.1, 4632.0], [2192.0, 4636.0], [2197.2, 4636.7], [2203.7, 4636.7], [2211.6, 4640.0], [2215.5, 4648.6], [2215.5, 4657.3], [2220.7, 4650.6], [2223.3, 4645.3], [2224.6, 4639.3], [2227.9, 4631.3], [2236.4, 4628.7], [2250.7, 4629.3], [2252.7, 4627.3], [2261.9, 4620.7], [2266.4, 4612.7], [2274.3, 4610.7], [2281.4, 4610.7], [2288.0, 4608.0], [2299.1, 4600.7], [2306.3, 4596.1], [2312.1, 4592.1], [2319.3, 4587.4], [2323.2, 4586.1], [2329.1, 4580.1], [2331.7, 4574.8], [2335.6, 4569.5], [2340.2, 4559.5], [2344.1, 4553.5], [2349.4, 4545.6], [2353.3, 4535.6], [2348.7, 4530.3], [2346.8, 4519.7], [2347.4, 4511.7], [2346.1, 4505.1], [2343.5, 4499.8], [2340.9, 4495.8], [2335.3, 4490.7], [2335.2, 4490.1], [2337.6, 4484.7], [2338.0, 4484.6], [2342.9, 4485.2], [2346.1, 4488.5], [2350.0, 4493.8], [2354.0, 4498.5], [2357.9, 4505.1], [2363.1, 4510.4], [2368.2, 4517.1], [2370.0, 4522.2], [2373.1, 4526.9], [2374.9, 4528.3], [2377.6, 4530.3], [2380.9, 4532.8], [2383.3, 4535.7], [2383.8, 4537.4], [2384.2, 4538.5], [2384.1, 4538.8], [2384.0, 4543.0], [2382.4, 4547.1], [2380.0, 4549.8], [2377.3, 4553.1], [2372.8, 4556.2], [2370.3, 4559.9], [2368.7, 4564.1], [2366.5, 4567.2], [2364.6, 4568.9], [2363.7, 4570.8], [2357.8, 4578.1], [2345.4, 4588.1], [2338.2, 4599.4], [2332.4, 4610.0], [2321.3, 4618.6], [2319.3, 4629.3], [2318.6, 4638.6], [2317.3, 4647.9], [2313.2, 4654.1], [2312.1, 4657.9], [2310.8, 4663.8], [2305.6, 4675.1], [2298.4, 4679.1], [2287.3, 4683.8], [2286.6, 4690.4], [2287.3, 4695.1], [2293.2, 4699.7], [2296.4, 4708.4], [2297.7, 4720.3], [2298.4, 4728.3], [2301.6, 4728.3], [2307.5, 4725.0], [2312.7, 4720.3], [2317.3, 4717.0], [2324.5, 4712.3], [2329.7, 4712.3], [2336.9, 4714.3], [2344.7, 4723.0], [2350.6, 4728.9], [2350.6, 4729.0], [2359.1, 4730.9], [2365.6, 4733.7], [2366.9, 4734.2], [2375.4, 4739.6], [2380.0, 4743.5], [2380.0, 4747.5], [2376.7, 4754.8], [2370.8, 4758.8], [2368.9, 4763.5], [2370.2, 4767.5], [2372.8, 4774.1], [2372.8, 4779.5], [2370.8, 4783.4], [2368.9, 4788.8], [2369.5, 4792.8], [2370.8, 4796.7], [2374.7, 4799.4], [2379.9, 4804.7], [2380.6, 4809.4], [2379.9, 4814.7], [2372.1, 4817.3], [2364.9, 4818.7], [2358.4, 4820.0], [2352.5, 4823.3], [2341.4, 4827.3], [2335.5, 4826.0], [2328.4, 4822.0], [2326.4, 4828.7], [2329.0, 4832.7], [2329.0, 4837.3], [2326.4, 4843.3], [2320.5, 4843.3], [2316.5, 4842.7], [2312.0, 4840.0], [2302.2, 4834.7], [2294.4, 4834.7], [2289.2, 4838.7], [2289.2, 4844.7], [2291.1, 4850.7], [2294.4, 4857.3], [2299.0, 4867.9], [2301.6, 4877.2], [2300.3, 4883.2], [2294.4, 4888.5], [2291.1, 4898.5], [2292.4, 4926.4], [2288.5, 4940.4], [2285.9, 4954.3], [2278.0, 4962.3], [2270.2, 4962.3], [2264.3, 4959.0], [2255.8, 4960.3], [2253.9, 4965.0], [2248.7, 4965.0], [2243.4, 4961.7], [2236.3, 4959.7], [2230.4, 4961.7], [2227.1, 4969.6], [2220.6, 4971.6], [2214.7, 4969.7], [2205.6, 4967.0], [2191.9, 4967.7], [2183.4, 4969.7], [2171.6, 4973.7], [2161.8, 4980.3], [2164.4, 4989.0], [2169.6, 4998.2], [2172.3, 5007.5], [2170.9, 5021.5], [2167.0, 5030.1], [2163.1, 5037.4], [2161.8, 5046.7], [2167.0, 5050.0], [2171.6, 5049.3], [2176.2, 5044.7], [2180.1, 5039.4], [2184.0, 5034.7], [2187.3, 5033.8], [2191.8, 5034.1], [2203.6, 5034.0], [2211.4, 5033.4], [2219.9, 5032.1], [2229.0, 5033.4], [2238.2, 5038.7], [2242.7, 5047.9], [2246.7, 5053.9], [2247.2, 5055.1], [2250.6, 5062.5], [2253.5, 5070.3], [2253.8, 5071.1], [2256.4, 5077.8], [2263.6, 5078.4], [2268.5, 5077.7], [2272.1, 5077.1], [2277.3, 5077.1], [2283.3, 5077.1], [2285.8, 5077.1], [2292.4, 5075.8], [2295.6, 5069.8], [2295.4, 5067.7], [2295.3, 5066.8], [2295.0, 5064.5], [2290.1, 5062.7], [2286.2, 5059.5], [2284.0, 5057.8], [2281.9, 5055.2], [2283.2, 5049.9], [2287.1, 5042.6], [2294.3, 5033.3], [2304.1, 5026.7], [2309.3, 5028.0], [2312.0, 5037.3], [2315.9, 5043.9], [2321.1, 5053.8], [2327.6, 5058.5], [2333.5, 5060.5], [2336.1, 5063.8], [2344.6, 5068.4], [2351.1, 5071.7], [2354.7, 5072.7], [2358.3, 5073.7], [2368.7, 5075.0], [2375.9, 5077.7], [2390.3, 5081.0], [2394.4, 5074.9], [2399.4, 5072.3], [2406.0, 5068.4], [2415.1, 5066.4], [2426.2, 5059.1], [2428.8, 5055.1], [2434.0, 5051.1], [2443.2, 5051.1], [2451.0, 5053.7], [2466.0, 5053.1], [2475.8, 5059.7], [2481.0, 5063.7], [2479.1, 5072.9], [2475.8, 5082.9], [2475.2, 5083.6], [2471.2, 5088.2], [2462.7, 5093.5], [2461.9, 5093.9], [2452.9, 5097.5], [2450.3, 5098.9], [2443.2, 5102.8], [2436.0, 5108.8], [2428.8, 5114.7], [2419.6, 5122.0], [2411.2, 5130.0], [2400.7, 5136.0], [2392.2, 5141.9], [2378.5, 5147.9], [2362.8, 5153.2], [2353.7, 5159.2], [2349.1, 5164.5], [2349.8, 5171.7], [2349.1, 5180.3], [2345.2, 5193.6], [2340.6, 5206.1], [2334.7, 5216.1], [2338.0, 5226.0], [2348.4, 5235.2], [2347.1, 5241.8], [2339.9, 5247.8], [2331.5, 5255.7], [2326.9, 5257.0], [2317.7, 5259.7], [2313.8, 5262.3], [2310.1, 5263.7], [2308.6, 5265.6], [2306.6, 5266.9], [2297.5, 5272.2], [2288.6, 5271.4], [2283.8, 5270.9], [2275.3, 5268.3], [2269.3, 5262.8], [2268.8, 5262.3], [2267.1, 5259.5], [2264.2, 5257.7], [2262.6, 5253.1], [2262.9, 5249.2], [2262.9, 5249.1], [2260.9, 5241.2], [2258.3, 5233.3], [2247.2, 5229.3], [2238.8, 5227.4], [2227.7, 5227.4], [2215.3, 5222.1], [2209.4, 5214.8], [2199.6, 5211.5], [2185.2, 5215.5], [2175.4, 5219.5], [2166.9, 5222.1], [2153.9, 5224.1], [2142.8, 5224.1], [2141.3, 5223.8], [2126.5, 5220.2], [2110.8, 5214.3], [2099.2, 5210.2], [2095.1, 5212.5], [2089.2, 5216.8], [2082.9, 5218.1], [2077.4, 5216.8], [2071.5, 5213.0], [2066.4, 5207.9], [2060.6, 5204.9], [2054.7, 5201.5], [2050.0, 5196.8], [2051.3, 5186.6], [2053.8, 5175.5], [2050.0, 5166.9], [2039.1, 5159.7], [2031.1, 5151.2], [2029.8, 5139.2], [2025.6, 5141.4], [2020.2, 5146.1], [2014.3, 5150.8], [2012.2, 5158.0], [2010.1, 5171.2], [2006.3, 5182.3], [1999.9, 5193.9], [1990.7, 5200.7], [1978.1, 5207.5], [1967.9, 5208.0], [1954.9, 5201.6], [1940.6, 5198.6], [1929.6, 5200.3], [1924.2, 5203.3], [1915.3, 5206.3], [1906.9, 5203.7], [1893.9, 5199.5], [1866.9, 5199.9], [1857.7, 5203.8], [1845.5, 5211.0], [1840.6, 5213.4], [1842.3, 5216.6], [1857.1, 5219.1], [1858.2, 5222.6], [1862.5, 5229.4], [1862.8, 5231.3], [1862.8, 5242.2], [1861.5, 5256.4], [1851.9, 5259.6], [1848.8, 5264.7], [1843.0, 5269.6], [1842.1, 5269.8], [1837.0, 5273.2], [1830.3, 5275.3], [1823.1, 5278.7], [1819.3, 5284.3], [1817.6, 5292.8], [1817.6, 5294.5], [1817.2, 5301.3], [1813.8, 5306.4], [1808.8, 5309.4], [1802.5, 5311.1], [1800.9, 5311.4], [1796.6, 5312.3], [1794.5, 5316.2], [1793.6, 5317.9], [1793.2, 5322.1], [1791.5, 5330.2], [1791.5, 5339.1], [1790.7, 5348.4], [1788.2, 5353.1], [1776.8, 5361.6], [1769.5, 5361.0], [1765.8, 5362.5], [1756.2, 5369.2], [1750.3, 5381.1], [1738.5, 5391.7], [1749.8, 5393.4], [1761.2, 5394.7], [1779.7, 5387.9], [1794.9, 5390.4], [1800.8, 5397.6], [1813.4, 5397.6], [1827.5, 5393.1], [1834.4, 5393.9], [1846.6, 5399.7], [1869.4, 5411.1], [1874.0, 5411.1], [1897.2, 5409.8], [1906.1, 5409.8], [1914.8, 5409.8], [1942.2, 5408.1], [1961.1, 5408.0], [1972.1, 5412.3], [1992.7, 5425.8], [2005.7, 5434.2], [2012.4, 5436.5], [2025.9, 5441.0], [2033.4, 5440.7], [2039.0, 5440.6], [2042.9, 5439.4], [2047.4, 5438.0], [2052.5, 5441.4], [2057.5, 5451.5], [2065.1, 5463.8], [2076.4, 5470.1], [2092.0, 5472.6], [2111.0, 5471.8], [2136.6, 5467.9], [2147.6, 5467.9], [2153.8, 5467.9], [2158.9, 5467.9], [2169.5, 5464.9], [2181.7, 5462.4], [2187.6, 5470.8], [2194.3, 5479.3], [2198.8, 5484.2], [2203.6, 5489.4], [2212.0, 5494.0], [2220.8, 5496.1], [2233.0, 5500.3], [2240.2, 5502.9], [2252.8, 5501.6], [2261.6, 5497.8], [2267.1, 5492.7], [2274.6, 5486.8], [2276.8, 5485.1], [2283.1, 5483.0], [2292.8, 5486.4], [2299.5, 5489.7], [2304.2, 5491.0], [2313.4, 5486.4], [2321.8, 5479.6], [2328.2, 5472.4], [2334.5, 5466.9], [2343.7, 5467.3], [2348.4, 5472.0], [2350.3, 5474.1], [2343.3, 5486.7], [2350.9, 5483.4], [2353.4, 5480.8], [2354.9, 5479.7], [2360.1, 5475.3], [2362.3, 5469.0], [2362.3, 5456.5], [2361.3, 5450.1], [2362.6, 5449.0], [2369.5, 5443.3], [2372.4, 5440.9], [2388.0, 5438.3], [2394.6, 5435.0], [2403.7, 5430.4], [2414.2, 5430.4], [2414.9, 5433.1], [2416.8, 5439.6], [2409.6, 5457.9], [2405.0, 5465.8], [2407.6, 5471.7], [2417.4, 5472.3], [2420.0, 5461.2], [2431.8, 5449.4], [2439.0, 5440.2], [2445.5, 5432.3], [2452.9, 5427.2], [2454.0, 5426.4], [2459.9, 5429.7], [2459.2, 5433.4], [2457.9, 5441.5], [2456.5, 5444.8], [2455.9, 5446.0], [2453.3, 5452.0], [2446.1, 5463.8], [2441.6, 5474.3], [2436.3, 5484.1], [2441.6, 5489.3], [2451.3, 5484.7], [2456.6, 5481.5], [2461.1, 5480.2], [2472.9, 5477.5], [2478.5, 5471.4], [2479.4, 5470.3], [2487.3, 5462.4], [2488.4, 5462.9], [2494.4, 5465.1], [2489.2, 5476.2], [2489.2, 5480.8], [2499.7, 5473.6], [2501.3, 5471.9], [2502.3, 5470.9], [2503.2, 5471.1], [2516.0, 5472.9], [2518.6, 5478.8], [2514.0, 5489.9], [2506.2, 5503.7], [2498.3, 5515.4], [2489.2, 5527.9], [2482.7, 5538.3], [2481.4, 5552.7], [2481.0, 5554.1], [2479.4, 5560.5], [2467.9, 5568.0], [2448.7, 5576.2], [2434.3, 5586.0], [2421.9, 5591.8], [2411.5, 5597.0], [2406.3, 5602.3], [2403.6, 5606.2], [2410.9, 5604.9], [2415.4, 5606.1], [2421.9, 5606.1], [2421.9, 5613.3], [2414.1, 5617.2], [2410.8, 5617.9], [2405.1, 5619.1], [2404.9, 5619.2], [2401.0, 5622.4], [2398.5, 5625.9], [2397.8, 5627.0], [2395.3, 5631.8], [2393.8, 5634.8], [2390.6, 5638.7], [2373.6, 5640.6], [2356.6, 5638.0], [2350.9, 5636.8], [2336.1, 5636.8], [2329.2, 5641.7], [2325.0, 5649.6], [2322.1, 5655.0], [2318.8, 5662.9], [2309.2, 5670.7], [2304.3, 5671.2], [2290.0, 5675.1], [2283.5, 5677.0], [2276.3, 5681.6], [2271.1, 5687.4], [2267.4, 5690.5], [2266.6, 5694.3], [2266.3, 5695.8], [2264.5, 5704.3], [2261.3, 5715.2], [2254.7, 5721.1], [2245.6, 5725.0], [2231.9, 5721.7], [2216.9, 5719.8], [2198.6, 5725.0], [2191.4, 5728.9], [2179.0, 5729.5], [2171.3, 5728.8], [2166.0, 5724.3], [2154.8, 5716.7], [2141.2, 5710.0], [2134.3, 5711.7], [2121.5, 5720.2], [2111.2, 5722.7], [2099.2, 5725.3], [2091.5, 5731.2], [2081.3, 5731.2], [2062.6, 5728.8], [2061.5, 5728.3], [2059.5, 5716.7], [2062.8, 5708.3], [2067.4, 5695.4], [2061.6, 5692.2], [2051.1, 5698.6], [2041.3, 5701.9], [2030.2, 5704.5], [2029.7, 5704.5], [2025.6, 5706.4], [2021.6, 5706.6], [2021.4, 5706.7], [2020.6, 5706.6], [2002.5, 5705.8], [1995.7, 5701.6], [1981.2, 5704.2], [1967.5, 5705.9], [1950.4, 5699.1], [1937.5, 5687.2], [1914.4, 5675.4], [1898.2, 5673.7], [1896.1, 5675.5], [1891.1, 5676.7], [1879.4, 5680.6], [1871.5, 5681.9], [1858.5, 5681.9], [1850.6, 5684.5], [1843.4, 5693.6], [1839.5, 5703.3], [1823.8, 5719.5], [1811.4, 5726.6], [1801.6, 5727.3], [1784.8, 5735.5], [1783.0, 5735.3], [1781.4, 5736.3], [1765.3, 5735.7], [1748.4, 5720.5], [1727.0, 5704.4], [1713.3, 5700.2], [1698.4, 5702.2], [1697.7, 5702.3], [1694.5, 5702.7], [1686.0, 5703.6], [1674.8, 5720.5], [1666.3, 5726.5], [1661.9, 5729.5], [1654.7, 5730.6], [1643.6, 5728.1], [1635.2, 5727.4], [1609.7, 5724.2], [1597.3, 5725.5], [1594.7, 5726.5], [1583.3, 5726.5], [1569.6, 5730.8], [1544.8, 5729.1], [1532.6, 5726.7], [1531.9, 5726.6], [1529.6, 5723.5], [1522.5, 5713.9], [1518.3, 5708.8], [1514.8, 5700.3], [1512.5, 5699.4], [1509.7, 5698.4], [1508.0, 5697.8], [1502.9, 5699.1], [1502.8, 5699.2], [1495.2, 5701.2], [1474.6, 5713.9], [1459.3, 5719.8], [1459.2, 5719.9], [1445.5, 5722.4], [1442.1, 5727.5], [1431.0, 5735.1], [1418.1, 5733.5], [1403.6, 5730.9], [1385.6, 5731.8], [1365.9, 5736.0], [1354.0, 5736.0], [1344.6, 5735.2], [1337.7, 5728.0], [1323.3, 5728.9], [1316.3, 5732.7], [1307.8, 5732.7], [1299.9, 5730.5], [1289.8, 5727.6], [1284.7, 5720.0], [1273.5, 5709.0], [1263.3, 5702.2], [1261.1, 5701.6], [1252.2, 5698.9], [1247.9, 5689.5], [1247.9, 5683.6], [1247.9, 5675.9], [1247.9, 5664.0], [1251.3, 5651.3], [1257.3, 5637.7], [1258.2, 5625.7], [1255.6, 5615.5], [1247.9, 5600.2], [1247.1, 5586.5], [1247.1, 5579.7], [1258.2, 5569.4], [1271.0, 5558.3], [1268.3, 5550.6], [1269.5, 5543.8], [1270.2, 5543.8], [1282.2, 5536.1], [1285.6, 5523.2], [1291.6, 5516.4], [1299.3, 5506.9], [1304.3, 5496.5], [1306.4, 5484.1], [1297.1, 5493.1], [1287.3, 5506.1], [1279.6, 5515.5], [1269.3, 5525.0], [1260.8, 5535.2], [1248.8, 5544.7], [1234.2, 5553.2], [1230.0, 5558.4], [1224.0, 5566.9], [1213.7, 5573.7], [1200.0, 5575.5], [1183.8, 5579.8], [1169.2, 5586.6], [1162.4, 5594.3], [1159.1, 5600.5], [1137.0, 5607.9], [1129.8, 5613.1], [1115.3, 5612.2], [1105.9, 5614.8], [1107.6, 5620.8], [1106.7, 5626.7], [1081.1, 5627.6], [1060.5, 5626.8], [1050.3, 5627.6], [1039.1, 5636.1], [1031.4, 5637.9], [1025.4, 5635.3], [1019.5, 5626.8], [1016.9, 5617.4], [1011.8, 5611.5], [1009.2, 5606.4], [1009.2, 5597.8], [1002.4, 5586.7], [988.7, 5576.5], [975.8, 5564.6], [969.9, 5559.4], [960.4, 5555.2], [949.3, 5548.3], [946.8, 5539.8], [946.8, 5528.7], [945.1, 5521.8], [941.6, 5515.8], [933.1, 5505.5], [925.4, 5495.3], [920.3, 5486.7], [920.3, 5482.4], [928.8, 5472.1], [948.5, 5460.1], [958.8, 5454.9], [964.8, 5448.9], [970.8, 5440.3], [978.4, 5435.4], [980.2, 5434.3], [994.7, 5423.1], [1002.4, 5406.7], [1007.6, 5392.1], [1012.7, 5380.0], [1013.9, 5371.3], [1003.3, 5377.5], [994.7, 5385.2], [990.7, 5388.7], [988.5, 5388.7], [982.8, 5388.7], [980.0, 5388.7], [975.1, 5388.7], [966.5, 5394.7], [965.4, 5397.0], [961.4, 5405.0], [955.4, 5411.9], [944.2, 5414.5], [933.1, 5418.0], [926.3, 5419.7], [924.4, 5420.2], [907.8, 5429.6], [904.9, 5432.6], [895.5, 5433.5], [886.9, 5431.8], [880.9, 5424.9], [874.1, 5419.7], [866.4, 5415.4], [864.7, 5407.7], [864.7, 5401.2], [864.7, 5395.7], [864.7, 5384.5], [857.8, 5373.3], [851.9, 5362.9], [840.7, 5348.3], [834.8, 5336.2], [834.8, 5323.3], [833.9, 5309.5], [840.8, 5297.4], [845.9, 5289.6], [851.9, 5277.5], [849.3, 5270.6], [849.3, 5259.3], [855.3, 5247.2], [869.0, 5231.6], [876.7, 5222.1], [876.7, 5213.4], [882.7, 5204.7], [893.0, 5202.1], [901.6, 5203.0], [907.5, 5200.4], [918.7, 5196.0], [938.3, 5196.0], [952.0, 5190.0], [959.7, 5184.7], [960.6, 5176.1], [962.3, 5163.1], [964.9, 5150.1], [974.3, 5137.9], [984.6, 5119.7], [992.3, 5104.0], [1002.6, 5092.7], [1010.3, 5084.0], [1023.1, 5077.1], [1030.8, 5075.3], [1035.1, 5086.6], [1041.9, 5093.6], [1051.3, 5095.3], [1056.5, 5098.8], [1062.4, 5104.8], [1070.1, 5104.8], [1080.4, 5104.8], [1089.8, 5112.6], [1100.9, 5120.4], [1096.7, 5108.3], [1083.8, 5091.8], [1076.1, 5085.7], [1060.7, 5076.2], [1052.2, 5071.8], [1048.1, 5069.1], [1047.1, 5058.8], [1046.2, 5053.6], [1043.3, 5051.6], [1044.5, 5048.4], [1041.1, 5038.0], [1041.9, 5032.7], [1052.2, 5030.1], [1065.0, 5034.5], [1085.6, 5030.1], [1101.8, 5029.2], [1108.7, 5029.2], [1114.7, 5030.1], [1121.5, 5030.1], [1128.4, 5030.1], [1132.6, 5030.0], [1133.5, 5018.7], [1124.1, 5012.7], [1120.7, 5006.6], [1114.7, 5000.5], [1109.6, 4997.0], [1101.0, 4992.7], [1090.7, 4985.7], [1084.7, 4981.4], [1079.6, 4978.8], [1079.6, 4975.3], [1081.3, 4967.5], [1082.2, 4964.0], [1082.2, 4955.3], [1075.3, 4950.1], [1062.5, 4949.2], [1044.5, 4948.3], [1024.9, 4944.0], [1015.5, 4937.0], [1006.9, 4924.9], [1003.5, 4914.4], [992.5, 4907.2], [976.1, 4906.6], [960.7, 4904.0], [949.6, 4897.9], [948.7, 4885.7], [948.6, 4885.0], [947.0, 4876.1], [939.3, 4860.5], [931.6, 4843.1], [924.8, 4831.7], [914.5, 4828.3], [905.1, 4819.6], [900.0, 4813.5], [898.3, 4805.6], [908.6, 4787.3], [920.6, 4769.0], [918.0, 4761.2], [914.6, 4754.2], [906.9, 4742.0], [904.3, 4735.0], [904.3, 4728.9], [906.0, 4716.7], [909.5, 4698.4], [909.5, 4685.4], [913.7, 4676.7], [918.0, 4664.5], [926.6, 4653.1], [932.6, 4647.0], [937.7, 4636.6], [945.4, 4622.6], [948.9, 4598.3], [949.7, 4587.8], [946.3, 4580.9], [942.0, 4569.5], [938.6, 4559.1], [940.3, 4552.1], [952.3, 4544.3], [969.4, 4529.5], [974.6, 4518.2], [975.4, 4507.8], [978.0, 4499.1], [986.5, 4499.9], [995.1, 4499.9], [999.4, 4493.0], [1004.5, 4480.8], [996.8, 4476.5], [1002.0, 4466.0], [1003.7, 4457.3], [1000.3, 4448.7], [998.5, 4443.5], [1008.0, 4437.4], [1010.5, 4433.9], [1011.6, 4427.2], [1011.0, 4421.0], [1008.8, 4418.1], [1003.2, 4417.8], [994.3, 4418.3], [974.6, 4422.6], [948.1, 4424.4], [937.8, 4424.4], [929.2, 4431.4], [916.4, 4433.1], [904.4, 4434.9], [896.7, 4440.1], [888.2, 4452.2], [881.3, 4455.7], [878.9, 4456.5], [873.6, 4458.3], [864.2, 4459.2], [852.2, 4459.2], [847.1, 4447.9], [857.4, 4437.5], [868.5, 4430.5], [869.2, 4428.2], [868.1, 4425.1], [870.2, 4422.7], [873.6, 4407.1], [878.8, 4395.8], [886.5, 4388.9], [898.5, 4381.9], [910.4, 4378.5], [925.0, 4372.4], [936.1, 4367.2], [945.5, 4357.6], [950.7, 4352.4], [960.9, 4344.6], [972.9, 4342.0], [979.8, 4336.8], [990.0, 4330.7], [1000.3, 4330.7], [1014.0, 4328.1], [1023.4, 4319.4], [1042.2, 4302.1], [1047.4, 4291.7], [1048.2, 4271.8], [1058.5, 4251.1], [1067.1, 4236.4], [1069.6, 4225.2], [1069.7, 4199.3], [1070.5, 4190.7], [1083.4, 4180.3], [1092.8, 4167.4], [1110.8, 4136.4], [1110.8, 4121.8], [1102.2, 4108.0], [1099.6, 4101.8], [1096.2, 4093.4], [1093.7, 4078.0], [1093.7, 4061.7], [1098.0, 4048.8], [1100.5, 4041.1], [1104.8, 4035.1], [1114.2, 4033.4], [1123.6, 4030.8], [1129.6, 4030.8], [1140.7, 4027.4], [1149.4, 4026.0], [1156.7, 4029.2], [1164.7, 4035.1], [1174.1, 4042.8], [1189.5, 4052.2], [1202.3, 4056.4], [1216.9, 4056.4], [1234.9, 4048.7], [1247.7, 4048.7], [1264.8, 4048.7], [1273.4, 4048.7], [1284.5, 4045.2], [1294.8, 4039.2], [1305.0, 4035.8], [1313.6, 4038.4], [1323.0, 4040.9], [1343.5, 4043.5], [1359.8, 4043.5], [1376.0, 4043.4], [1387.2, 4040.9], [1394.0, 4035.7], [1397.4, 4028.0], [1400.9, 4017.7], [1403.4, 4006.6], [1405.1, 3999.8], [1409.4, 3993.8], [1430.0, 3989.5], [1439.4, 3989.5], [1444.5, 3986.1], [1451.4, 3982.6], [1465.0, 3982.6], [1480.4, 3985.2], [1489.9, 3984.3], [1494.1, 3979.2], [1497.6, 3962.1], [1500.1, 3947.6], [1505.3, 3939.1], [1507.0, 3924.6], [1499.3, 3911.8], [1501.9, 3897.4], [1506.2, 3886.3], [1506.2, 3877.0], [1501.9, 3865.9], [1487.3, 3853.2], [1474.5, 3845.6], [1460.0, 3843.9], [1442.9, 3846.4], [1432.6, 3846.5], [1425.7, 3850.7], [1418.9, 3858.3], [1410.3, 3863.4], [1390.7, 3865.2], [1378.7, 3866.9], [1370.1, 3873.7], [1360.7, 3881.3], [1341.0, 3882.2], [1329.9, 3885.6], [1321.3, 3878.8], [1315.1, 3869.8], [1315.3, 3869.5], [1311.9, 3866.9], [1311.1, 3855.9], [1315.4, 3838.9], [1322.2, 3833.0], [1330.2, 3829.1], [1330.8, 3828.7], [1338.5, 3827.0], [1348.7, 3820.3], [1356.5, 3814.3], [1367.6, 3808.4], [1378.7, 3808.4], [1383.0, 3806.7], [1389.0, 3799.9], [1395.8, 3792.3], [1401.8, 3784.7], [1401.0, 3777.9], [1394.1, 3772.9], [1391.6, 3765.3], [1388.1, 3758.5], [1383.0, 3751.0], [1377.0, 3742.5], [1369.3, 3732.4], [1362.5, 3724.9], [1359.9, 3716.5], [1353.9, 3707.2], [1334.2, 3705.5], [1327.7, 3705.3], [1318.0, 3697.2], [1312.0, 3686.3], [1306.9, 3674.5], [1297.5, 3669.5], [1280.4, 3658.6], [1262.4, 3640.2], [1248.7, 3628.5], [1237.6, 3622.7], [1216.9, 3622.7], [1214.5, 3622.7], [1197.4, 3621.9], [1186.1, 3617.2], [1180.3, 3611.0], [1174.3, 3606.9], [1172.8, 3607.5], [1165.7, 3610.2], [1148.6, 3617.7], [1123.8, 3624.4], [1108.4, 3628.6], [1089.6, 3628.6], [1079.3, 3630.3], [1066.5, 3637.0], [1044.2, 3636.2], [1029.7, 3648.8], [1015.1, 3652.1], [992.9, 3650.5], [987.7, 3644.6], [977.5, 3642.1], [966.4, 3643.0], [952.7, 3650.5], [944.1, 3651.4], [932.1, 3652.2], [912.4, 3653.9], [904.7, 3652.2], [891.1, 3652.2], [884.2, 3648.9], [879.1, 3646.4], [868.0, 3642.2], [856.0, 3632.2], [847.4, 3626.3], [839.7, 3619.7], [837.2, 3612.2], [832.0, 3599.6], [827.8, 3589.6], [827.8, 3578.0], [838.0, 3567.2], [862.0, 3543.9], [871.4, 3527.3], [884.3, 3515.6], [889.4, 3507.4], [893.7, 3499.1], [902.2, 3486.7], [909.9, 3478.4], [920.2, 3474.3], [932.2, 3470.1], [940.8, 3464.3], [948.5, 3462.7], [955.3, 3471.7], [965.6, 3485.8], [972.6, 3491.0], [974.1, 3494.0], [984.4, 3496.5], [989.6, 3495.2], [994.6, 3497.3], [998.9, 3504.8], [1009.2, 3510.6], [1019.5, 3516.4], [1027.2, 3516.3], [1035.7, 3516.3], [1042.6, 3519.7], [1052.8, 3516.3], [1056.2, 3507.2], [1055.4, 3500.6], [1049.4, 3494.8], [1037.4, 3488.2], [1032.3, 3480.8], [1032.3, 3475.0], [1034.0, 3470.9], [1046.9, 3469.2], [1061.4, 3466.7], [1070.0, 3461.7], [1078.5, 3458.4], [1094.8, 3451.0], [1104.2, 3445.2], [1110.2, 3441.1], [1117.9, 3434.5], [1128.2, 3424.6], [1132.4, 3415.6], [1136.7, 3407.4], [1146.1, 3404.1], [1147.0, 3404.1], [1159.0, 3404.1], [1161.5, 3404.1], [1166.7, 3404.1], [1176.9, 3405.7], [1186.3, 3405.7], [1191.5, 3409.0], [1194.7, 3407.4], [1200.0, 3404.9], [1206.0, 3399.1], [1212.9, 3395.8], [1220.6, 3398.3], [1226.6, 3406.5], [1240.2, 3411.4], [1246.2, 3413.0], [1253.1, 3413.0], [1257.4, 3412.2], [1257.8, 3411.9], [1260.8, 3412.2], [1271.9, 3404.8], [1277.9, 3397.4], [1287.3, 3391.7], [1298.4, 3391.7], [1307.9, 3388.4], [1315.6, 3385.1], [1325.8, 3381.0], [1335.2, 3380.2], [1342.1, 3384.2], [1349.8, 3386.7], [1359.2, 3384.2], [1366.0, 3376.8], [1370.3, 3371.9], [1384.0, 3369.5], [1396.0, 3368.6], [1406.3, 3365.4], [1423.4, 3361.3], [1432.8, 3361.2], [1446.9, 3363.2], [1454.3, 3365.1], [1450.1, 3359.5], [1434.1, 3354.4], [1414.0, 3352.3], [1398.6, 3342.1], [1390.0, 3341.7], [1384.0, 3349.8], [1378.9, 3350.7], [1371.2, 3351.5], [1361.8, 3350.7], [1354.1, 3346.6], [1347.5, 3346.6], [1333.5, 3352.3], [1319.8, 3362.2], [1307.0, 3363.0], [1295.9, 3367.1], [1283.0, 3372.0], [1275.1, 3375.4], [1263.8, 3379.5], [1256.1, 3378.5], [1255.3, 3372.8], [1259.3, 3367.5], [1260.8, 3363.2], [1254.8, 3364.7], [1248.0, 3370.4], [1242.8, 3374.5], [1234.3, 3377.0], [1227.4, 3377.8], [1220.6, 3379.4], [1212.9, 3377.8], [1205.2, 3372.9], [1196.6, 3372.9], [1184.6, 3372.9], [1178.7, 3363.1], [1177.8, 3356.6], [1175.2, 3350.8], [1172.8, 3349.5], [1167.6, 3349.7], [1159.8, 3350.0], [1154.7, 3346.8], [1154.7, 3355.8], [1151.3, 3364.8], [1143.1, 3366.7], [1123.0, 3367.2], [1112.8, 3369.7], [1101.6, 3379.5], [1096.5, 3382.0], [1085.4, 3386.1], [1076.0, 3387.7], [1064.9, 3391.0], [1059.7, 3394.3], [1052.9, 3394.3], [1044.3, 3388.6], [1037.5, 3387.8], [1024.6, 3384.5], [1016.9, 3379.6], [1015.2, 3369.8], [1004.1, 3363.2], [991.3, 3351.0], [976.7, 3338.0], [969.0, 3336.3], [960.5, 3326.6], [951.9, 3313.5], [950.2, 3304.6], [949.4, 3293.2], [942.5, 3285.1], [938.3, 3274.5], [934.8, 3262.4], [929.7, 3251.1], [925.4, 3242.2], [920.3, 3237.3], [915.2, 3229.3], [913.5, 3219.6], [913.5, 3207.5], [916.9, 3196.2], [919.5, 3189.8], [922.9, 3177.7], [923.8, 3170.5], [915.2, 3177.7], [901.5, 3181.0], [888.7, 3187.4], [881.8, 3193.8], [872.4, 3201.9], [863.9, 3205.9], [854.4, 3209.2], [850.2, 3214.0], [843.3, 3221.3], [841.4, 3222.9], [816.7, 3222.9], [815.9, 3218.9], [822.8, 3209.2], [834.8, 3193.9], [835.6, 3183.4], [833.9, 3175.4], [823.7, 3171.4], [812.5, 3161.0], [803.1, 3151.4], [797.1, 3137.8], [800.6, 3121.8], [805.7, 3111.4], [798.9, 3100.3], [798.9, 3092.3], [803.2, 3084.4], [808.3, 3075.6], [810.0, 3068.5], [810.9, 3058.2], [810.8, 3057.3], [815.1, 3051.8], [826.3, 3032.1], [836.6, 3013.9], [843.4, 3000.5], [846.0, 2991.1], [844.3, 2980.1], [853.7, 2970.6], [867.4, 2962.8], [870.8, 2953.4], [881.9, 2943.2], [889.6, 2943.2], [899.0, 2949.4], [907.6, 2950.2], [915.3, 2941.6], [923.9, 2940.8], [930.7, 2949.4], [943.5, 2957.2], [955.5, 2966.6], [964.9, 2971.3], [975.2, 2970.5], [986.3, 2968.9], [996.6, 2970.5], [1001.7, 2972.1], [1010.3, 2966.6], [1015.4, 2959.5], [1018.0, 2952.5], [1016.3, 2947.8], [1006.8, 2947.8], [999.1, 2952.5], [994.0, 2945.4], [994.9, 2939.2], [1006.9, 2931.4], [1013.7, 2928.2], [1022.3, 2922.8], [1022.3, 2913.4], [1018.8, 2904.9], [1011.1, 2897.9], [1000.9, 2893.2], [992.3, 2885.5], [995.8, 2876.2], [1001.7, 2872.3], [1008.6, 2872.3], [1014.6, 2880.8], [1025.7, 2884.7], [1037.7, 2884.7], [1045.4, 2882.3], [1048.8, 2874.6], [1047.1, 2865.3], [1037.7, 2855.2], [1025.7, 2852.1], [1013.7, 2847.5], [1005.2, 2844.4], [1000.9, 2837.5], [1000.9, 2829.8], [1003.5, 2823.6], [1011.2, 2819.0], [1021.4, 2819.0], [1031.7, 2815.9], [1036.0, 2805.9], [1040.3, 2799.0], [1046.3, 2793.6], [1054.8, 2789.8], [1062.5, 2784.4], [1066.8, 2776.7], [1066.0, 2757.6], [1067.7, 2744.7], [1069.4, 2734.8], [1071.1, 2721.9], [1071.1, 2710.5], [1060.0, 2702.2], [1049.7, 2690.1], [1040.3, 2685.5], [1028.3, 2684.8], [1016.4, 2684.8], [1002.7, 2684.1], [994.1, 2680.3], [992.4, 2673.5], [996.7, 2666.0], [1004.4, 2659.9], [1019.8, 2658.4], [1028.4, 2656.9], [1033.5, 2652.4], [1039.5, 2641.1], [1048.9, 2635.1], [1054.9, 2633.6], [1065.2, 2641.8], [1076.3, 2653.1], [1095.1, 2661.4], [1102.8, 2664.4], [1116.5, 2682.5], [1127.6, 2684.7], [1142.1, 2685.5], [1151.6, 2691.5], [1155.8, 2700.6], [1157.5, 2714.2], [1162.7, 2724.1], [1165.2, 2734.7], [1167.8, 2743.1], [1182.3, 2746.9], [1211.4, 2746.1], [1223.4, 2741.5], [1237.1, 2730.8], [1245.7, 2723.2], [1256.8, 2722.5], [1265.3, 2717.9], [1275.6, 2711.8], [1285.0, 2705.8], [1293.6, 2695.9], [1294.4, 2685.3], [1290.2, 2677.8], [1282.5, 2672.5], [1276.0, 2669.0], [1274.8, 2667.4], [1274.8, 2657.4], [1273.1, 2646.2], [1269.7, 2638.7], [1269.7, 2631.2], [1271.1, 2625.5], [1272.7, 2624.4], [1278.4, 2624.4], [1279.9, 2627.0], [1279.9, 2634.2], [1282.5, 2646.9], [1290.2, 2658.9], [1300.4, 2667.2], [1314.1, 2679.3], [1327.8, 2683.8], [1339.8, 2680.0], [1351.8, 2674.7], [1360.3, 2672.4], [1373.2, 2677.0], [1380.0, 2679.2], [1392.8, 2680.0], [1404.8, 2675.4], [1414.2, 2668.6], [1421.9, 2666.4], [1431.4, 2669.4], [1437.3, 2667.1], [1445.0, 2661.1], [1453.6, 2659.6], [1461.3, 2658.8], [1473.3, 2656.5], [1485.3, 2646.7], [1499.8, 2623.5], [1499.8, 2610.0], [1491.3, 2606.3], [1484.4, 2599.6], [1482.7, 2593.6], [1486.1, 2583.9], [1491.3, 2576.5], [1493.9, 2570.6], [1495.6, 2560.9], [1501.6, 2553.5], [1505.8, 2546.8], [1514.4, 2539.4], [1515.3, 2535.0], [1503.3, 2522.5], [1499.9, 2515.8], [1493.9, 2508.5], [1481.0, 2504.8], [1475.5, 2498.7], [1475.4, 2497.5], [1477.6, 2492.1], [1480.3, 2489.8], [1492.2, 2487.9], [1499.0, 2484.2], [1508.4, 2482.8], [1513.6, 2480.6], [1519.6, 2475.4], [1521.6, 2470.3], [1524.0, 2468.2], [1529.8, 2465.9], [1539.2, 2461.5], [1549.5, 2454.2], [1558.1, 2448.4], [1569.2, 2443.3], [1584.6, 2443.3], [1592.3, 2441.8], [1596.0, 2440.4], [1600.7, 2433.2], [1609.4, 2432.4], [1619.1, 2431.6], [1619.9, 2429.9], [1612.7, 2420.8], [1609.2, 2418.0], [1605.4, 2415.0], [1602.8, 2411.0], [1599.3, 2406.2], [1600.5, 2402.9], [1605.9, 2399.6], [1614.3, 2396.5], [1621.6, 2392.1], [1628.4, 2389.4], [1631.0, 2386.3], [1633.1, 2383.2], [1638.8, 2379.7], [1640.4, 2379.5], [1642.9, 2378.1], [1643.7, 2376.6], [1643.7, 2373.0], [1632.5, 2374.5], [1614.6, 2378.8], [1604.3, 2384.6], [1594.0, 2388.2], [1592.2, 2388.5], [1572.7, 2389.4], [1569.2, 2389.6], [1560.7, 2385.1], [1559.5, 2384.5], [1558.5, 2384.4], [1550.8, 2384.1], [1548.7, 2384.0], [1536.6, 2385.5], [1528.8, 2384.5], [1515.1, 2379.2], [1511.4, 2379.0], [1502.8, 2382.0], [1486.0, 2380.5], [1479.3, 2376.9], [1471.5, 2371.4], [1464.3, 2365.3], [1449.8, 2358.7], [1438.9, 2355.7], [1433.5, 2351.2], [1433.5, 2343.1], [1437.7, 2337.0], [1446.8, 2331.0], [1449.8, 2325.5], [1460.1, 2317.4], [1467.9, 2315.9], [1468.2, 2315.8], [1471.2, 2312.6], [1476.9, 2309.1], [1479.0, 2306.0], [1480.6, 2302.6], [1480.6, 2297.4], [1481.2, 2294.4], [1484.9, 2292.4], [1492.1, 2293.0], [1498.4, 2298.6], [1503.1, 2301.7], [1513.5, 2306.0], [1519.2, 2307.3], [1526.6, 2307.7], [1529.4, 2307.7], [1539.6, 2307.7], [1546.9, 2308.1], [1555.3, 2307.3], [1557.4, 2305.1], [1558.4, 2303.8], [1556.6, 2301.3], [1544.8, 2296.4], [1536.5, 2296.0], [1535.2, 2295.5], [1530.7, 2293.4], [1528.4, 2292.5], [1523.4, 2290.4], [1516.6, 2287.4], [1510.4, 2284.4], [1505.0, 2284.4], [1503.0, 2283.6], [1500.5, 2280.5], [1491.6, 2277.9], [1482.2, 2276.6], [1474.3, 2276.6], [1471.2, 2275.7], [1469.0, 2274.5], [1470.7, 2272.7], [1470.5, 2272.1], [1465.5, 2271.0], [1463.3, 2271.2], [1462.7, 2271.3], [1448.7, 2271.9], [1443.0, 2273.2], [1436.2, 2275.3], [1418.5, 2277.1], [1408.5, 2275.8], [1401.2, 2280.6], [1399.1, 2286.2], [1401.1, 2290.4], [1402.3, 2292.7], [1402.3, 2297.9], [1395.5, 2300.0], [1388.9, 2299.7], [1380.3, 2299.2], [1370.9, 2300.9], [1361.0, 2306.1], [1361.0, 2306.2], [1359.4, 2306.6], [1357.5, 2308.8], [1357.8, 2310.5], [1359.9, 2312.7], [1360.3, 2312.9], [1360.7, 2315.7], [1356.9, 2325.0], [1354.6, 2332.8], [1353.9, 2334.1], [1343.1, 2343.7], [1338.3, 2345.3], [1335.5, 2344.0], [1334.9, 2343.2], [1332.3, 2340.5], [1328.0, 2339.7], [1312.4, 2344.9], [1309.1, 2350.4], [1309.0, 2351.8], [1310.8, 2356.3], [1311.6, 2359.8], [1310.6, 2362.3], [1302.7, 2371.5], [1296.6, 2379.1], [1293.6, 2386.2], [1290.6, 2388.8], [1287.6, 2392.3], [1281.5, 2395.4], [1273.7, 2396.4], [1262.9, 2398.5], [1261.1, 2398.5], [1259.7, 2394.9], [1259.6, 2393.2], [1261.9, 2386.8], [1260.9, 2384.4], [1257.5, 2384.4], [1252.8, 2390.2], [1251.5, 2393.0], [1249.2, 2398.1], [1247.1, 2403.4], [1238.4, 2407.4], [1235.9, 2409.6], [1231.9, 2415.2], [1229.7, 2418.9], [1225.4, 2425.3], [1220.0, 2425.3], [1213.6, 2424.4], [1211.9, 2424.5], [1201.8, 2425.3], [1196.4, 2432.6], [1182.4, 2439.9], [1177.0, 2438.1], [1174.9, 2429.9], [1182.4, 2418.0], [1185.6, 2415.0], [1190.2, 2410.6], [1189.9, 2408.7], [1185.6, 2404.4], [1169.8, 2406.1], [1167.2, 2405.4], [1164.0, 2402.6], [1155.5, 2399.1], [1150.1, 2393.5], [1144.1, 2390.9], [1141.1, 2384.8], [1140.5, 2378.7], [1133.8, 2372.2], [1119.4, 2368.1], [1114.5, 2366.2], [1114.4, 2365.3], [1116.4, 2364.7], [1116.6, 2364.2], [1112.5, 2356.4], [1095.3, 2351.1], [1082.4, 2349.3], [1075.9, 2343.0], [1067.3, 2341.2], [1056.6, 2342.1], [1041.1, 2337.5], [1038.3, 2336.7], [1035.2, 2333.7], [1028.8, 2327.2], [1027.7, 2325.8], [1028.3, 2319.3], [1027.1, 2305.7], [1025.6, 2301.1], [1024.0, 2300.2], [1013.9, 2299.7], [1000.6, 2300.8], [983.7, 2301.3], [968.6, 2301.7], [966.2, 2300.0], [956.5, 2299.2], [944.7, 2304.5], [927.1, 2304.5], [921.0, 2304.5], [911.3, 2302.8], [906.0, 2296.5], [910.3, 2292.1], [914.5, 2284.5], [910.8, 2277.9], [898.7, 2270.4], [884.2, 2263.9], [872.9, 2264.4], [867.2, 2268.1], [864.0, 2267.2], [858.6, 2266.3], [848.7, 2261.1], [847.9, 2260.7], [846.8, 2260.1], [836.1, 2255.7], [831.8, 2250.4], [831.8, 2239.8], [836.1, 2233.6], [844.7, 2230.0], [849.2, 2228.8], [857.6, 2226.5], [861.9, 2217.7], [860.8, 2208.0], [854.4, 2196.6], [848.8, 2194.8], [841.5, 2192.3], [836.1, 2187.0], [844.7, 2180.9], [849.5, 2179.1], [860.8, 2174.8], [874.8, 2172.1], [878.0, 2163.4], [877.4, 2161.4], [887.9, 2158.6], [894.5, 2156.1], [892.7, 2154.3], [878.1, 2146.0], [871.6, 2140.0], [877.0, 2134.8], [879.4, 2129.6], [880.2, 2127.9], [876.9, 2125.2], [874.8, 2123.5], [874.0, 2120.1], [871.6, 2109.9], [871.6, 2109.7], [869.5, 2103.7], [864.1, 2094.3], [861.9, 2089.1], [860.9, 2079.7], [868.6, 2075.2], [872.7, 2072.8], [875.9, 2069.4], [878.1, 2060.0], [891.0, 2051.5], [895.3, 2047.2], [901.8, 2041.2], [915.7, 2037.0], [923.3, 2033.6], [931.9, 2022.5], [925.4, 2019.2], [916.7, 2013.4], [920.8, 2010.7], [930.2, 2003.4], [943.7, 2004.8], [963.1, 2009.0], [974.9, 2009.0], [987.8, 2000.5], [984.6, 1996.3], [985.7, 1990.4], [1007.2, 1982.8], [1009.4, 1972.8], [993.2, 1973.6], [973.6, 1975.4], [967.4, 1972.0], [955.8, 1967.5], [954.5, 1967.0], [945.9, 1961.9], [937.3, 1960.3], [921.2, 1958.6], [917.6, 1958.6], [902.9, 1958.6], [894.3, 1962.0], [901.8, 1967.8], [893.2, 1973.7], [883.5, 1972.0], [878.9, 1973.4], [864.1, 1977.9], [862.1, 1983.5], [859.8, 1989.7], [850.1, 1990.5], [836.2, 1983.8], [823.3, 1981.3], [809.3, 1974.6], [795.3, 1971.3], [775.9, 1971.3], [772.7, 1963.8], [783.5, 1960.1], [789.9, 1957.9], [807.1, 1956.2], [806.1, 1948.7], [795.3, 1942.1], [779.2, 1943.7], [765.4, 1947.9], [759.8, 1949.6], [750.1, 1947.9], [745.9, 1944.1], [737.2, 1936.3], [701.7, 1936.3], [687.9, 1937.0], [685.6, 1937.2], [677.0, 1931.3], [681.9, 1925.9], [678.9, 1920.4], [686.7, 1911.4], [696.3, 1909.8], [699.6, 1907.3], [706.0, 1903.2], [713.6, 1895.7], [730.8, 1891.6], [748.0, 1893.2], [762.0, 1892.4], [772.7, 1889.1], [799.6, 1880.0], [799.6, 1874.3], [794.3, 1867.7], [787.8, 1872.6], [781.3, 1871.0], [771.7, 1871.0], [765.2, 1878.4], [758.6, 1878.4], [756.6, 1878.4], [749.1, 1873.5], [745.8, 1868.6], [750.1, 1866.9], [753.4, 1864.5], [753.4, 1863.7], [753.4, 1861.2], [754.3, 1859.6], [758.8, 1855.5], [765.2, 1847.3], [765.2, 1840.0], [763.1, 1835.1], [753.4, 1835.9], [741.6, 1834.3], [731.9, 1831.1], [726.5, 1831.1], [726.0, 1831.1], [711.4, 1835.1], [703.3, 1830.5], [688.8, 1831.1], [672.7, 1835.2], [663.0, 1831.9], [663.0, 1819.7], [663.0, 1807.6], [661.5, 1804.1], [658.7, 1797.9], [651.2, 1790.7], [632.9, 1788.3], [630.9, 1788.1], [623.2, 1787.5], [615.7, 1784.3], [622.2, 1779.4], [623.2, 1777.4], [624.3, 1775.4], [621.2, 1773.9], [617.9, 1772.2], [606.0, 1775.4], [605.0, 1770.6], [598.5, 1767.4], [592.1, 1761.8], [602.8, 1752.2], [607.9, 1750.8], [611.4, 1749.8], [611.4, 1743.5], [607.7, 1739.5], [611.2, 1730.8], [623.3, 1736.3], [631.9, 1736.3], [636.2, 1731.5], [646.9, 1726.0], [657.7, 1725.9], [676.0, 1725.1], [686.7, 1725.1], [691.0, 1732.3], [691.0, 1737.0], [686.7, 1743.4], [696.4, 1745.8], [705.0, 1749.0], [707.2, 1745.8], [712.5, 1739.4], [712.5, 1734.6], [721.2, 1727.5], [716.9, 1722.7], [704.0, 1714.0], [704.2, 1712.4], [705.0, 1706.1], [713.7, 1703.4], [713.1, 1701.0], [731.9, 1694.3], [731.9, 1689.5], [736.8, 1683.0], [736.8, 1671.9], [728.2, 1659.4], [712.6, 1658.4], [711.0, 1658.3], [698.5, 1660.1], [687.5, 1663.6], [675.5, 1664.6], [654.9, 1659.4], [650.1, 1650.4], [645.2, 1642.6], [643.0, 1639.0], [629.5, 1638.3], [629.0, 1638.8], [619.0, 1648.7], [608.9, 1650.1], [592.7, 1645.3], [577.3, 1645.3], [552.0, 1643.6], [531.4, 1630.5], [530.9, 1626.3], [529.9, 1618.1], [535.7, 1607.4], [536.2, 1596.4], [528.0, 1587.9], [514.6, 1586.9], [507.0, 1590.3], [494.0, 1594.4], [482.5, 1591.0], [478.7, 1580.8], [460.5, 1578.4], [449.0, 1580.8], [435.6, 1582.5], [416.4, 1581.2], [402.1, 1575.1], [387.2, 1570.3], [371.9, 1566.6], [359.9, 1557.5], [358.5, 1551.4], [353.7, 1540.9], [345.6, 1537.6], [318.3, 1535.9], [308.2, 1531.9], [302.0, 1517.8], [306.3, 1508.4], [320.2, 1497.7], [320.7, 1490.7], [313.5, 1482.7], [304.7, 1472.0], [305.7, 1469.3], [315.9, 1463.9], [340.3, 1457.6], [346.1, 1450.3], [341.3, 1445.7], [323.6, 1440.8], [317.4, 1432.6], [316.4, 1425.1], [321.7, 1419.9], [335.1, 1416.7], [335.6, 1416.6], [334.1, 1407.2], [345.6, 1398.4], [359.5, 1398.4], [374.1, 1398.3], [377.2, 1398.3], [383.0, 1394.5], [385.9, 1385.1], [378.6, 1383.1], [377.4, 1361.3], [380.4, 1350.4], [378.9, 1336.6], [378.1, 1336.3], [380.4, 1332.6], [393.7, 1317.9], [393.7, 1309.1], [377.5, 1295.4], [368.6, 1275.0], [370.1, 1262.5], [359.7, 1250.0], [344.9, 1243.3], [316.7, 1237.5], [294.5, 1229.9], [282.7, 1219.4], [264.9, 1209.9], [256.0, 1202.4], [229.4, 1193.9], [202.7, 1188.2], [184.9, 1188.3], [173.1, 1182.6], [153.6, 1165.7], [149.4, 1162.0], [148.0, 1158.6], [145.2, 1151.4], [143.4, 1147.1], [168.6, 1133.1], [173.9, 1133.1], [187.9, 1133.1], [205.7, 1137.7], [227.9, 1143.3], [257.5, 1145.1], [293.1, 1154.4], [312.3, 1163.7], [322.7, 1165.6], [328.6, 1165.6], [337.5, 1161.8], [333.1, 1143.2], [315.3, 1132.1], [312.3, 1122.8], [303.5, 1105.3], [293.1, 1098.9], [267.9, 1091.6], [242.7, 1083.4], [239.8, 1072.5], [251.6, 1053.5], [238.3, 1039.1], [220.5, 1032.8], [196.8, 1040.0], [192.4, 1049.9], [173.1, 1054.4], [156.8, 1058.1], [145.5, 1062.7], [143.5, 1063.5], [107.9, 1059.9], [88.7, 1051.8], [86.2, 1047.3], [71.7, 1032.7], [64.3, 1012.4], [68.0, 1007.9], [65.0, 998.2], [62.6, 991.7], [62.0, 990.2], [64.2, 984.3], [66.1, 978.9], [91.4, 969.3], [98.6, 968.7], [101.8, 962.2], [93.1, 952.6], [77.8, 950.7], [71.3, 951.7], [65.8, 952.6], [51.7, 955.8], [29.9, 955.9], [16.8, 954.0], [0.0, 950.1], [0.0, 943.1], [0.0, 943.1], [0.0, 943.1], [0.0, 943.2], [0.0, 946.4], [0.0, 952.8], [0.0, 943.2], [0.0, 933.6], [0.0, 929.8], [0.0, 933.7], [0.0, 938.1], [0.0, 935.0], [0.0, 925.4], [0.0, 913.4], [0.0, 915.3], [0.0, 913.4], [0.0, 907.1], [0.0, 897.6], [0.0, 889.5], [0.0, 884.5], [0.0, 881.4], [0.0, 869.5], [0.0, 858.3], [0.0, 850.3], [0.0, 842.9], [0.0, 832.4], [0.0, 826.3], [0.0, 812.2], [0.0, 801.9], [0.0, 792.2], [0.0, 780.7], [0.0, 777.7], [0.0, 772.3], [0.0, 762.8], [0.0, 751.4], [0.0, 741.9], [0.0, 740.7], [0.0, 729.4], [0.0, 717.1], [0.0, 708.9], [0.0, 700.1], [0.0, 693.7], [0.0, 678.6], [0.0, 669.9], [0.0, 663.6], [0.0, 657.9], [0.0, 645.3], [0.0, 643.0], [0.0, 635.1], [0.0, 633.4], [0.0, 630.5], [0.0, 627.1], [0.0, 623.7], [0.0, 618.1], [0.0, 613.6], [0.0, 610.2], [0.0, 609.1], [0.0, 608.6], [0.0, 606.9], [0.0, 600.7], [0.0, 595.7], [0.0, 589.0], [0.0, 584.5], [0.0, 581.7], [0.0, 574.0], [0.0, 565.7], [0.0, 560.7], [0.0, 560.7], [0.0, 556.4], [0.0, 553.1], [0.0, 547.6], [0.0, 542.1], [0.0, 537.8], [0.0, 531.2], [0.0, 530.7], [0.0, 530.7], [0.0, 527.5], [0.0, 527.5], [0.0, 521.0], [0.0, 515.1], [0.0, 507.5], [0.0, 498.4], [0.0, 491.5], [0.0, 486.2], [0.0, 484.0], [0.0, 477.2], [0.0, 469.2], [0.0, 459.8], [0.0, 455.0], [0.0, 448.2], [0.0, 442.5], [0.0, 435.8], [0.0, 434.2], [0.0, 426.4], [0.0, 421.2], [0.0, 412.2], [0.0, 405.2], [0.0, 400.3], [0.0, 388.6], [0.0, 380.3], [0.0, 378.2], [0.0, 369.3], [0.0, 361.8], [0.0, 355.0], [0.0, 350.9], [0.0, 344.9], [0.0, 338.9], [0.0, 330.8], [0.0, 322.7], [0.0, 307.0], [0.0, 301.5], [0.0, 294.9], [0.0, 284.4], [0.0, 279.8], [0.0, 279.1], [0.0, 277.1], [0.0, 275.8], [0.0, 268.6], [0.0, 255.0], [0.0, 246.0], [0.0, 237.7], [0.0, 233.9], [0.0, 227.5], [0.0, 220.6], [0.0, 216.2], [0.0, 209.9], [0.0, 203.0], [0.0, 188.0], [0.0, 179.3], [0.0, 170.1], [0.0, 159.0], [0.0, 152.2], [0.0, 145.1], [0.0, 143.2], [0.0, 134.1], [0.0, 125.1], [0.0, 121.5], [0.0, 115.6], [0.0, 98.7], [0.0, 98.1], [0.0, 97.6], [0.0, 94.1], [0.0, 91.7], [0.0, 87.0], [0.0, 84.0], [0.0, 82.9], [0.0, 78.2], [0.0, 70.0], [0.0, 60.7], [0.0, 60.4], [0.0, 58.3], [0.0, 55.4], [0.0, 48.5], [0.0, 45.1], [0.0, 42.2], [0.0, 34.2], [0.0, 31.0], [0.0, 27.9], [0.0, 24.5], [0.0, 23.4], [0.0, 21.1], [0.0, 16.6], [0.0, 15.5], [0.0, 14.9], [0.0, 17.7], [0.0, 15.4], [0.0, 12.5], [0.0, 12.1], [0.0, 0.8], [0.0, 0.0], [0.0, 0.0], [0.0, 0.0], [0.0, 0.0], [0.0, 0.0], [0.0, 0.0], [0.0, 0.0], [0.0, 0.0], [0.0, 0.0], [0.0, 0.0], [0.0, 0.0], [0.0, 0.0], [0.0, 0.0], [0.0, 0.0], [0.0, 0.0], [0.0, 0.0], [0.0, 0.0], [0.0, 0.0], [0.0, 0.0], [0.0, 0.0], [0.0, 0.0], [0.0, 0.0], [0.0, 0.0], [0.0, 0.0], [0.0, 0.0], [0.0, 0.0], [0.0, 0.0], [0.0, 0.0], [0.0, 0.0], [0.0, 0.0], [0.0, 0.0], [0.0, 0.0], [0.0, 0.0], [0.0, 0.0], [0.0, 0.0], [0.0, 0.0], [0.0, 0.0], [0.0, 0.0], [0.0, 0.0], [0.0, 0.0], [0.0, 0.0], [0.0, 0.0], [0.0, 0.0], [0.0, 0.0], [0.0, 0.0], [0.0, 0.0], [0.0, 0.0], [0.0, 0.0], [0.0, 0.0], [0.0, 0.0], [0.0, 0.0], [0.0, 0.0], [0.0, 0.0], [0.0, 0.0], [0.0, 0.0], [0.0, 0.0], [0.0, 0.0], [0.0, 0.0], [0.0, 0.0], [0.0, 0.0], [0.0, 0.0], [0.0, 0.0], [0.0, 0.0], [0.0, 0.0], [0.0, 0.0], [0.0, 0.0], [61.1, 0.0], [80.4, 0.0], [107.1, 0.0], [160.4, 0.0], [198.9, 0.0], [227.0, 0.0], [278.9, 0.0], [310.0, 0.0], [332.2, 0.0], [340.3, 0.0], [381.1, 0.0], [455.2, 0.0], [527.8, 0.0], [554.5, 0.0], [569.3, 0.0], [581.1, 0.0], [591.5, 0.0], [595.9, 0.0], [604.8, 0.0], [609.1, 0.0], [647.2, 0.0], [652.7, 0.0], [667.1, 0.0], [699.7, 0.0], [720.4, 0.0], [735.2, 0.0], [769.3, 0.0], [788.6, 0.0], [804.9, 0.0], [813.7, 0.0], [815.5, 0.0], [866.2, 0.0], [888.0, 0.0], [921.9, 0.0], [956.0, 0.0], [978.2, 0.0], [1024.1, 0.0], [1034.5, 0.0], [1043.4, 0.0], [1090.8, 0.0], [1167.8, 0.0], [1198.9, 0.0], [1225.6, 0.0], [1224.1, 0.0], [1244.1, 0.0], [1265.6, 0.0], [1302.6, 0.0], [1327.8, 0.0], [1332.4, 0.0], [1417.2, 0.0], [1551.1, 0.0], [1628.3, 0.0], [1647.8, 0.0], [1689.3, 0.0], [1720.4, 0.0], [1726.1, 0.0], [1751.5, 0.0], [1784.1, 0.0], [1810.8, 0.0], [1833.0, 0.0], [1864.1, 0.0], [1902.6, 0.0], [1942.2, 0.0], [1948.5, 0.0], [1988.5, 0.0], [2035.9, 0.0], [2084.8, 0.0], [2130.7, 0.0], [2147.0, 0.0], [2148.5, 0.0], [2182.6, 0.0], [2215.2, 0.0], [2235.9, 0.0], [2250.7, 0.0], [2261.1, 0.0], [2275.9, 0.0], [2300.9, 0.0], [2307.0, 0.0], [2350.0, 0.0], [2430.0, 0.0], [2467.0, 0.0], [2469.9, 0.0], [2508.5, 0.0], [2529.2, 0.0], [2538.1, 0.0], [2508.5, 0.0], [2480.3, 0.0], [2447.7, 0.0], [2440.3, 0.0], [2438.8, 0.0], [2438.8, 0.0], [2437.3, 0.0], [2442.0, 0.0], [2441.8, 0.0], [2458.1, 0.0], [2468.4, 0.0], [2484.7, 0.0], [2514.3, 0.0], [2548.4, 0.0], [2567.7, 0.0], [2584.0, 0.0], [2591.0, 0.0], [2600.9, 0.0], [2615.1, 0.0], [2643.2, 0.0], [2683.2, 0.0], [2714.3, 0.0], [2741.0, 0.0], [2744.0, 0.0], [2744.2, 0.0], [2760.3, 0.0], [2785.4, 0.0], [2819.5, 0.0], [2859.5, 0.0], [2912.8, 0.0], [2951.4, 0.0], [2963.0, 0.0], [2982.5, 0.0], [2982.9, 0.0], [3080.4, 0.0], [3093.6, 0.0], [3108.4, 0.0], [3108.4, 0.0], [3105.4, 0.0], [3062.4, 0.0], [3034.3, 0.0], [3013.5, 0.0], [2982.4, 0.0], [2978.0, 0.0], [2932.1, 0.0], [2928.6, 0.0], [2925.4, 0.0], [2912.8, 0.0], [2930.6, 0.0], [2931.3, 0.0], [2932.4, 0.0], [2929.8, 0.0], [2884.6, 0.0], [2875.4, 0.0], [2859.8, 0.0], [2855.0, 0.0], [2838.7, 0.0], [2828.3, 0.0], [2822.4, 0.0], [2819.4, 0.0], [2818.8, 0.0], [2817.8, 0.0], [2797.2, 0.0], [2786.8, 0.0], [2769.1, 0.0], [2749.8, 0.0], [2740.3, 0.0], [2735.0, 0.0], [2727.9, 0.0], [2724.6, 0.0], [2718.7, 0.0], [2708.3, 0.0], [2697.9, 0.0], [2692.4, 0.0], [2684.6, 0.0], [2669.8, 0.0], [2649.0, 0.0], [2612.0, 0.0], [2585.3, 0.0], [2576.4, 0.0], [2572.0, 0.0], [2576.4, 0.0], [2593.5, 0.0], [2591.7, 4.9], [2558.9, 18.3], [2515.7, 25.1], [2462.3, 64.7], [2444.5, 103.5], [2443.0, 129.3], [2451.9, 148.1], [2468.2, 162.1], [2496.4, 172.0], [2537.8, 183.7], [2561.5, 188.1], [2575.7, 189.0], [2592.1, 203.8], [2600.9, 223.4], [2589.9, 232.8], [2592.1, 249.9], [2594.4, 250.9], [2629.3, 265.2], [2646.8, 285.5], [2644.6, 308.9], [2633.7, 328.7], [2614.0, 335.6], [2602.2, 337.2], [2599.2, 337.7], [2573.0, 328.5], [2537.8, 321.5], [2502.5, 323.3], [2486.9, 341.1], [2498.6, 364.4], [2527.3, 380.6], [2533.9, 384.4], [2545.6, 413.7], [2545.6, 424.9], [2522.1, 438.0], [2543.7, 467.5], [2556.7, 474.7], [2558.6, 480.1], [2563.6, 494.4], [2565.1, 500.5], [2568.9, 515.9], [2567.1, 527.2], [2565.1, 529.5], [2556.6, 539.4], [2551.4, 549.0], [2540.9, 564.0], [2543.6, 568.6], [2546.1, 572.9], [2582.8, 584.4], [2607.3, 587.1], [2631.8, 596.9], [2663.3, 604.1], [2693.0, 614.9], [2708.7, 625.7], [2700.0, 636.7], [2686.0, 644.0], [2694.7, 654.1], [2715.7, 655.0], [2729.7, 661.4], [2731.4, 674.3], [2727.9, 684.5], [2705.2, 692.0], [2719.2, 698.6], [2734.9, 702.3], [2731.4, 709.8], [2713.9, 719.2], [2677.2, 721.2], [2642.2, 710.8], [2624.7, 719.3], [2595.0, 717.4], [2565.3, 702.4], [2544.3, 697.8], [2519.9, 699.7], [2504.1, 715.6], [2516.4, 727.9], [2512.9, 736.4], [2498.9, 743.1], [2496.8, 748.4], [2493.6, 756.5], [2498.4, 758.9], [2514.6, 767.0], [2537.3, 770.9], [2539.1, 780.5], [2533.8, 791.2], [2518.1, 800.9], [2483.1, 815.6], [2444.6, 822.5], [2409.7, 831.4], [2385.6, 843.0], [2385.2, 843.2], [2369.4, 857.1], [2343.2, 863.1], [2315.2, 878.2], [2287.3, 888.2], [2278.5, 903.4], [2245.3, 908.5], [2220.8, 920.7], [2213.8, 941.1], [2231.3, 958.6], [2243.5, 977.2], [2248.8, 988.7], [2259.2, 1003.3], [2285.5, 1007.5], [2306.4, 1016.9], [2308.2, 1031.7], [2297.7, 1041.2], [2278.4, 1056.1], [2247.0, 1064.7], [2229.5, 1080.8], [2226.0, 1094.8], [2226.0, 1110.0], [2213.7, 1120.9], [2199.7, 1124.2], [2187.5, 1129.6], [2168.3, 1139.5], [2164.8, 1148.3], [2164.8, 1159.3], [2182.2, 1171.5], [2189.2, 1182.5], [2191.0, 1194.8], [2180.5, 1211.6], [2180.5, 1225.1], [2199.7, 1229.6], [2208.4, 1243.1], [2208.4, 1253.3], [2211.9, 1276.1], [2231.2, 1284.1], [2239.9, 1296.7], [2236.9, 1310.5], [2236.4, 1312.9], [2236.4, 1325.6]]]}}, {"type": "Feature", "properties": {"OBJECTID": 1, "id": 1, "name": "Bear Island", "continent": "Westeros", "S2": null, "Shape__Area": 19373830012.53125, "Shape__Length": 697674.9304800438}, "geometry": {"type": "Polygon", "coordinates": [[[1212.5, 2566.4], [1207.0, 2562.5], [1202.1, 2556.1], [1200.2, 2544.7], [1200.8, 2533.5], [1203.1, 2529.5], [1207.0, 2527.9], [1218.0, 2521.8], [1223.9, 2517.3], [1248.7, 2500.2], [1259.0, 2497.3], [1268.8, 2501.6], [1279.4, 2503.6], [1292.4, 2510.3], [1298.9, 2513.4], [1301.5, 2514.6], [1309.6, 2523.2], [1310.1, 2531.0], [1314.3, 2538.0], [1321.4, 2542.5], [1321.2, 2549.0], [1316.7, 2558.7], [1307.9, 2567.4], [1304.7, 2573.1], [1298.4, 2573.2], [1293.7, 2570.5], [1288.3, 2573.8], [1282.7, 2576.5], [1274.4, 2576.4], [1272.1, 2576.3], [1265.4, 2573.1], [1262.2, 2570.9], [1262.2, 2570.8], [1259.5, 2570.2], [1258.4, 2563.9], [1260.5, 2560.1], [1261.2, 2559.7], [1264.9, 2557.6], [1269.6, 2552.8], [1271.4, 2545.2], [1269.6, 2540.4], [1266.0, 2537.6], [1265.8, 2537.5], [1261.2, 2535.4], [1255.6, 2537.3], [1250.5, 2541.9], [1249.5, 2549.0], [1248.8, 2557.8], [1249.3, 2563.8], [1244.9, 2570.8], [1243.7, 2572.4], [1241.2, 2575.5], [1237.2, 2575.7], [1232.3, 2575.9], [1225.2, 2575.2], [1218.5, 2572.9], [1214.1, 2567.8], [1212.5, 2566.4]]]}}, {"type": "Feature", "properties": {"OBJECTID": 2, "id": 2, "name": "Skagos", "continent": "Westeros", "S2": null, "Shape__Area": 59704786756.359375, "Shape__Length": 1319053.4567950773}, "geometry": {"type": "Polygon", "coordinates": [[[2364.5, 2460.3], [2357.9, 2460.3], [2353.5, 2458.8], [2354.8, 2451.7], [2354.4, 2440.1], [2351.7, 2430.0], [2347.8, 2422.1], [2347.4, 2421.6], [2341.2, 2413.1], [2331.9, 2400.1], [2324.0, 2396.8], [2313.8, 2393.1], [2302.8, 2391.2], [2293.6, 2383.4], [2293.1, 2374.1], [2290.9, 2362.7], [2286.1, 2358.6], [2277.7, 2351.2], [2277.7, 2342.7], [2276.8, 2331.3], [2278.2, 2325.8], [2286.1, 2318.4], [2293.6, 2310.7], [2294.5, 2310.4], [2302.9, 2306.7], [2312.1, 2308.9], [2325.8, 2315.1], [2336.8, 2323.2], [2341.2, 2337.1], [2348.2, 2342.3], [2357.1, 2339.3], [2358.8, 2333.8], [2358.8, 2326.1], [2356.2, 2318.7], [2354.9, 2312.9], [2355.3, 2304.1], [2350.9, 2297.5], [2352.2, 2289.1], [2354.4, 2282.9], [2353.1, 2270.1], [2352.7, 2266.1], [2347.8, 2249.8], [2350.9, 2242.5], [2361.1, 2233.8], [2362.6, 2234.6], [2363.7, 2233.8], [2380.5, 2241.4], [2391.0, 2259.2], [2393.7, 2271.2], [2406.5, 2282.1], [2411.9, 2285.7], [2417.0, 2289.0], [2418.0, 2291.5], [2421.4, 2300.0], [2420.5, 2319.4], [2415.3, 2328.6], [2405.6, 2335.6], [2407.8, 2343.7], [2417.4, 2348.1], [2424.9, 2353.3], [2432.4, 2360.0], [2435.5, 2366.6], [2437.1, 2371.9], [2438.6, 2376.2], [2439.9, 2379.9], [2443.9, 2387.0], [2445.2, 2394.4], [2443.4, 2401.5], [2436.8, 2410.8], [2429.2, 2415.2], [2425.8, 2417.2], [2419.2, 2422.4], [2416.5, 2425.8], [2414.3, 2429.0], [2408.2, 2437.8], [2405.1, 2442.3], [2398.5, 2447.5], [2392.6, 2448.7], [2387.0, 2449.8], [2375.5, 2448.7], [2366.7, 2452.1], [2364.8, 2460.3], [2364.5, 2460.3]]]}}, {"type": "Feature", "properties": {"OBJECTID": 3, "id": 3, "name": " ", "continent": "Westeros", "S2": null, "Shape__Area": 901361969.2480469, "Shape__Length": 122776.3028518438}, "geometry": {"type": "Polygon", "coordinates": [[[2466.7, 2364.6], [2470.4, 2361.2], [2477.6, 2363.6], [2478.8, 2368.0], [2480.6, 2369.5], [2481.3, 2378.5], [2480.8, 2385.3], [2474.1, 2386.8], [2469.3, 2383.8], [2467.4, 2374.0], [2466.7, 2364.6]]]}}, {"type": "Feature", "properties": {"OBJECTID": 4, "id": 4, "name": " ", "continent": "Westeros", "S2": null, "Shape__Area": 6975641477.076172, "Shape__Length": 499814.5787990936}, "geometry": {"type": "Polygon", "coordinates": [[[2472.3, 2291.4], [2474.1, 2289.3], [2472.9, 2286.3], [2470.8, 2284.9], [2464.4, 2280.4], [2464.4, 2275.7], [2465.1, 2274.1], [2466.4, 2271.1], [2472.9, 2271.1], [2474.1, 2267.4], [2470.9, 2258.2], [2469.0, 2256.7], [2462.8, 2251.9], [2459.2, 2244.7], [2460.0, 2237.4], [2464.0, 2238.1], [2470.7, 2246.2], [2472.5, 2248.3], [2479.3, 2256.9], [2486.1, 2271.5], [2484.9, 2274.1], [2488.9, 2292.0], [2500.5, 2302.6], [2502.1, 2304.3], [2510.9, 2312.3], [2511.3, 2321.3], [2500.5, 2334.7], [2490.5, 2340.1], [2486.1, 2341.2], [2476.3, 2336.3], [2474.9, 2334.6], [2476.8, 2320.0], [2469.6, 2314.6], [2468.8, 2314.0], [2466.0, 2306.6], [2467.5, 2302.3], [2469.2, 2297.3], [2472.4, 2291.7], [2472.3, 2291.4]]]}}, {"type": "Feature", "properties": {"OBJECTID": 5, "id": 5, "name": "Skane", "continent": "Westeros", "S2": null, "Shape__Area": 1568177240.5605469, "Shape__Length": 156777.48713430803}, "geometry": {"type": "Polygon", "coordinates": [[[2289.4, 2261.1], [2288.8, 2261.1], [2282.2, 2258.9], [2276.9, 2255.8], [2274.7, 2254.6], [2269.4, 2249.5], [2268.1, 2244.8], [2268.1, 2237.5], [2270.3, 2232.5], [2273.8, 2232.5], [2273.9, 2231.5], [2282.6, 2236.1], [2293.0, 2244.9], [2293.0, 2250.9], [2289.7, 2261.0], [2289.4, 2261.1]]]}}, {"type": "Feature", "properties": {"OBJECTID": 6, "id": 6, "name": " ", "continent": "Westeros", "S2": null, "Shape__Area": 1218595541.0351562, "Shape__Length": 155178.0064027196}, "geometry": {"type": "Polygon", "coordinates": [[[2312.3, 2171.8], [2312.3, 2162.2], [2315.0, 2157.3], [2321.8, 2158.9], [2326.7, 2167.8], [2326.4, 2168.6], [2330.7, 2172.7], [2330.2, 2188.1], [2327.6, 2188.5], [2324.3, 2186.3], [2324.5, 2187.2], [2322.7, 2184.9], [2315.7, 2178.1], [2312.5, 2175.1], [2312.3, 2171.8]]]}}, {"type": "Feature", "properties": {"OBJECTID": 8, "id": 8, "name": "Blacktyde", "continent": "Westeros", "S2": null, "Shape__Area": 1511626970.3085938, "Shape__Length": 180308.65052902588}, "geometry": {"type": "Polygon", "coordinates": [[[1105.4, 3846.1], [1109.2, 3851.5], [1109.2, 3856.2], [1104.4, 3862.8], [1096.7, 3861.6], [1089.5, 3859.2], [1085.7, 3863.4], [1078.0, 3863.4], [1068.9, 3864.6], [1066.5, 3854.5], [1073.7, 3850.3], [1080.4, 3845.0], [1091.0, 3849.7], [1105.4, 3846.1]]]}}, {"type": "Feature", "properties": {"OBJECTID": 9, "id": 9, "name": "Harlaw", "continent": "Westeros", "S2": null, "Shape__Area": 10375777527.243164, "Shape__Length": 483083.3488339644}, "geometry": {"type": "Polygon", "coordinates": [[[1124.8, 3967.9], [1118.6, 3967.3], [1113.3, 3963.2], [1113.3, 3951.6], [1110.0, 3946.9], [1111.4, 3942.2], [1113.3, 3931.1], [1112.6, 3929.9], [1113.4, 3927.4], [1132.6, 3923.9], [1141.9, 3923.6], [1144.8, 3912.2], [1145.8, 3908.4], [1147.4, 3894.0], [1149.0, 3880.0], [1151.8, 3874.6], [1153.3, 3871.8], [1154.8, 3872.3], [1163.9, 3874.9], [1165.8, 3886.2], [1166.0, 3889.2], [1166.6, 3897.9], [1167.5, 3899.0], [1170.1, 3901.8], [1180.3, 3912.7], [1183.4, 3924.4], [1183.8, 3938.8], [1181.1, 3949.7], [1177.5, 3960.7], [1168.7, 3963.3], [1167.7, 3964.2], [1163.0, 3964.2], [1152.1, 3959.9], [1143.4, 3957.6], [1133.8, 3962.8], [1133.9, 3963.2], [1132.6, 3967.9], [1128.1, 3969.6], [1124.8, 3967.9]]]}}, {"type": "Feature", "properties": {"OBJECTID": 10, "id": 10, "name": "Orkmont", "continent": "Westeros", "S2": null, "Shape__Area": 3231494298.4033203, "Shape__Length": 247170.63553953439}, "geometry": {"type": "Polygon", "coordinates": [[[1036.8, 3894.4], [1039.4, 3891.9], [1047.8, 3890.7], [1058.8, 3888.0], [1066.1, 3885.3], [1073.1, 3880.7], [1075.5, 3880.7], [1076.1, 3880.7], [1080.7, 3882.5], [1084.3, 3887.1], [1084.3, 3888.6], [1084.3, 3894.3], [1089.3, 3896.2], [1089.4, 3896.4], [1091.7, 3899.4], [1092.9, 3901.1], [1093.2, 3902.1], [1093.3, 3902.3], [1084.7, 3914.7], [1075.3, 3913.9], [1061.4, 3906.4], [1059.7, 3908.0], [1046.8, 3910.6], [1039.8, 3908.7], [1037.0, 3903.2], [1035.1, 3897.3], [1036.9, 3895.0], [1036.8, 3894.4]]]}}, {"type": "Feature", "properties": {"OBJECTID": 11, "id": 11, "name": "Old Wyk", "continent": "Westeros", "S2": null, "Shape__Area": 1399816074.772461, "Shape__Length": 155633.87543398878}, "geometry": {"type": "Polygon", "coordinates": [[[989.7, 3887.7], [990.9, 3892.3], [985.8, 3899.4], [986.4, 3907.2], [979.4, 3912.5], [969.7, 3919.8], [964.5, 3917.0], [963.2, 3904.7], [965.8, 3897.5], [973.3, 3892.4], [981.4, 3890.4], [983.7, 3887.1], [989.7, 3887.7]]]}}, {"type": "Feature", "properties": {"OBJECTID": 12, "id": 12, "name": "Great Wyk", "continent": "Westeros", "S2": null, "Shape__Area": 16935180756.113281, "Shape__Length": 746836.9289916597}, "geometry": {"type": "Polygon", "coordinates": [[[999.3, 3959.0], [993.5, 3961.3], [982.7, 3963.6], [976.0, 3966.0], [961.1, 3965.1], [956.8, 3963.4], [952.3, 3966.9], [940.7, 3968.1], [938.8, 3967.2], [929.2, 3960.1], [919.0, 3958.2], [912.0, 3955.7], [910.0, 3955.0], [900.2, 3945.3], [898.2, 3936.7], [902.6, 3927.3], [902.2, 3918.0], [894.3, 3909.0], [891.2, 3899.7], [895.5, 3890.3], [903.7, 3881.0], [910.0, 3877.5], [913.2, 3874.5], [914.4, 3865.3], [923.8, 3861.1], [935.0, 3864.3], [936.3, 3864.8], [941.4, 3865.0], [944.2, 3864.8], [951.4, 3864.4], [953.5, 3864.2], [954.7, 3872.0], [945.7, 3879.4], [936.7, 3884.4], [936.6, 3884.5], [936.6, 3885.2], [936.6, 3892.2], [941.7, 3900.8], [943.3, 3905.9], [941.5, 3911.0], [940.9, 3912.5], [937.0, 3918.7], [937.8, 3929.3], [945.2, 3935.9], [956.6, 3935.5], [961.1, 3931.3], [962.1, 3931.5], [972.4, 3931.8], [976.7, 3925.1], [986.3, 3923.9], [989.5, 3914.2], [996.6, 3911.6], [1005.0, 3910.7], [1006.5, 3915.7], [1006.2, 3919.0], [1011.1, 3921.0], [1013.0, 3928.4], [1008.3, 3937.4], [1007.1, 3943.2], [1005.2, 3949.1], [1000.7, 3953.8], [999.3, 3959.0]]]}}, {"type": "Feature", "properties": {"OBJECTID": 13, "id": 13, "name": "Pyke", "continent": "Westeros", "S2": null, "Shape__Area": 4875185646.276367, "Shape__Length": 318745.86491596303}, "geometry": {"type": "Polygon", "coordinates": [[[1018.5, 3984.3], [1029.6, 3984.6], [1032.2, 3980.3], [1035.7, 3972.1], [1037.3, 3967.8], [1037.8, 3967.7], [1040.4, 3966.9], [1042.4, 3966.3], [1047.5, 3966.3], [1049.4, 3970.2], [1049.0, 3975.6], [1046.7, 3979.1], [1046.7, 3984.6], [1046.7, 3994.8], [1046.5, 3995.6], [1046.7, 3998.3], [1048.6, 4006.9], [1045.1, 4014.4], [1038.8, 4014.4], [1033.3, 4013.4], [1029.8, 4012.8], [1020.4, 4012.8], [1014.8, 4013.1], [1010.2, 4013.2], [1000.8, 4010.5], [991.4, 4005.4], [992.6, 4001.3], [989.9, 3999.6], [987.5, 3993.7], [996.5, 3982.3], [1005.9, 3981.5], [1018.5, 3984.3]]]}}, {"type": "Feature", "properties": {"OBJECTID": 14, "id": 14, "name": "Saltcliffe", "continent": "Westeros", "S2": null, "Shape__Area": 1887395404.3574219, "Shape__Length": 175843.09610921826}, "geometry": {"type": "Polygon", "coordinates": [[[965.1, 3999.6], [965.2, 3999.6], [968.6, 4003.7], [966.9, 4008.6], [962.3, 4013.9], [952.5, 4015.0], [943.1, 4013.6], [943.0, 4012.8], [942.5, 4010.6], [942.5, 4008.0], [942.5, 4003.1], [941.3, 3998.0], [940.5, 3996.9], [937.0, 3991.8], [933.5, 3984.7], [938.2, 3982.4], [948.4, 3983.2], [955.0, 3987.1], [963.6, 3993.7], [965.1, 3999.6]]]}}, {"type": "Feature", "properties": {"OBJECTID": 15, "id": 15, "name": "Fair Isle", "continent": "Westeros", "S2": null, "Shape__Area": 4404159274.387207, "Shape__Length": 348561.36656515265}, "geometry": {"type": "Polygon", "coordinates": [[[957.2, 4287.8], [958.4, 4286.4], [960.6, 4285.1], [964.1, 4282.1], [967.1, 4279.4], [968.2, 4278.1], [968.3, 4277.9], [969.1, 4276.9], [970.2, 4275.5], [971.8, 4270.4], [973.5, 4264.7], [976.8, 4256.8], [978.6, 4254.6], [983.5, 4251.2], [987.4, 4251.6], [991.3, 4256.6], [990.3, 4264.0], [987.7, 4270.2], [984.7, 4278.9], [983.2, 4286.2], [979.9, 4293.9], [975.8, 4298.2], [971.0, 4302.8], [969.3, 4309.3], [965.6, 4316.5], [960.0, 4320.3], [958.8, 4320.5], [953.6, 4321.5], [947.3, 4323.2], [947.1, 4323.3], [946.7, 4323.4], [940.5, 4325.6], [934.1, 4328.6], [927.8, 4329.8], [927.6, 4329.1], [931.6, 4317.6], [935.3, 4311.9], [939.9, 4306.1], [945.1, 4299.9], [950.9, 4294.7], [957.2, 4287.8]]]}}, {"type": "Feature", "properties": {"OBJECTID": 17, "id": 17, "name": "The Arbor", "continent": "Westeros", "S2": null, "Shape__Area": 15672392748.43164, "Shape__Length": 667079.7709625058}, "geometry": {"type": "Polygon", "coordinates": [[[808.3, 5672.5], [808.6, 5672.0], [805.5, 5671.6], [803.0, 5669.5], [800.5, 5667.8], [793.5, 5665.4], [791.8, 5657.3], [790.0, 5652.1], [789.7, 5646.5], [789.7, 5638.8], [788.3, 5635.0], [785.4, 5632.5], [784.4, 5627.7], [787.6, 5623.8], [791.8, 5626.2], [794.6, 5630.1], [799.5, 5631.1], [805.5, 5631.5], [809.3, 5632.5], [813.5, 5635.3], [814.1, 5636.5], [814.1, 5636.5], [816.4, 5639.5], [819.2, 5645.1], [820.2, 5648.2], [823.4, 5652.1], [831.5, 5652.1], [832.9, 5649.6], [832.9, 5644.7], [833.9, 5637.0], [834.3, 5631.8], [835.8, 5628.6], [836.4, 5627.3], [839.5, 5626.6], [839.9, 5630.4], [841.6, 5634.2], [845.2, 5636.3], [849.4, 5638.1], [850.5, 5638.6], [855.0, 5640.9], [858.9, 5645.4], [863.4, 5647.9], [867.3, 5647.5], [868.0, 5645.1], [869.7, 5643.3], [874.0, 5643.7], [878.9, 5648.2], [885.2, 5652.0], [887.3, 5654.5], [889.4, 5660.4], [893.6, 5666.3], [899.2, 5669.1], [904.9, 5671.9], [910.1, 5677.8], [914.3, 5683.4], [913.3, 5687.2], [909.8, 5688.6], [906.3, 5690.4], [903.8, 5692.5], [896.8, 5693.9], [892.7, 5694.5], [890.4, 5694.9], [888.9, 5695.3], [885.2, 5696.3], [877.5, 5697.4], [876.5, 5697.4], [870.4, 5697.4], [869.7, 5697.7], [866.9, 5699.1], [863.4, 5703.3], [857.1, 5713.1], [851.2, 5715.5], [849.7, 5716.2], [841.6, 5719.7], [836.9, 5719.7], [833.5, 5719.7], [827.9, 5717.3], [827.6, 5707.9], [827.6, 5707.8], [827.6, 5699.5], [827.6, 5685.2], [819.9, 5678.6], [808.3, 5672.5]]]}}, {"type": "Feature", "properties": {"OBJECTID": 19, "id": 19, "name": "Longsister", "continent": "Westeros", "S2": null, "Shape__Area": 1567420586.5517578, "Shape__Length": 181460.1039562129}, "geometry": {"type": "Polygon", "coordinates": [[[1909.4, 3537.8], [1911.2, 3536.1], [1911.2, 3531.2], [1916.7, 3527.8], [1924.6, 3526.9], [1930.5, 3526.1], [1934.6, 3525.8], [1938.9, 3523.8], [1942.5, 3523.2], [1944.0, 3523.4], [1945.0, 3523.2], [1946.5, 3522.4], [1951.5, 3522.7], [1953.9, 3526.9], [1952.7, 3530.3], [1948.6, 3532.3], [1945.4, 3533.8], [1944.5, 3534.3], [1942.4, 3535.4], [1941.2, 3536.2], [1939.2, 3538.5], [1937.7, 3538.5], [1932.2, 3538.6], [1929.9, 3540.3], [1927.0, 3542.8], [1923.7, 3543.7], [1919.5, 3545.1], [1917.0, 3544.2], [1908.7, 3542.1], [1909.4, 3537.8]]]}}, {"type": "Feature", "properties": {"OBJECTID": 20, "id": 20, "name": "Littlesister", "continent": "Westeros", "S2": null, "Shape__Area": 1283592622.2519531, "Shape__Length": 147267.33746662363}, "geometry": {"type": "Polygon", "coordinates": [[[1976.6, 3499.6], [1979.7, 3496.1], [1982.5, 3494.4], [1988.9, 3494.3], [1996.5, 3494.1], [1998.7, 3494.1], [2000.6, 3494.6], [2000.2, 3501.1], [1996.5, 3504.8], [1993.9, 3505.9], [1988.9, 3509.0], [1986.2, 3512.6], [1985.4, 3512.6], [1983.4, 3515.0], [1979.0, 3517.3], [1975.2, 3517.3], [1971.7, 3515.6], [1970.7, 3515.1], [1968.5, 3513.9], [1967.6, 3507.2], [1976.6, 3499.6]]]}}, {"type": "Feature", "properties": {"OBJECTID": 21, "id": 21, "name": "Sweetsister", "continent": "Westeros", "S2": null, "Shape__Area": 1160590012.866211, "Shape__Length": 144566.51031520322}, "geometry": {"type": "Polygon", "coordinates": [[[2046.8, 3530.8], [2042.7, 3531.7], [2037.4, 3530.5], [2031.3, 3528.0], [2025.8, 3522.9], [2026.4, 3515.6], [2032.6, 3512.9], [2037.5, 3514.9], [2038.0, 3515.8], [2045.1, 3518.9], [2048.3, 3519.5], [2051.5, 3518.9], [2053.1, 3518.9], [2055.3, 3518.9], [2059.4, 3521.2], [2060.2, 3524.3], [2059.8, 3526.3], [2059.2, 3529.0], [2056.7, 3529.7], [2054.5, 3531.5], [2052.1, 3532.1], [2046.8, 3530.8]]]}}, {"type": "Feature", "properties": {"OBJECTID": 22, "id": 22, "name": "Pebble", "continent": "Westeros", "S2": null, "Shape__Area": 1065456550.2597656, "Shape__Length": 135124.57938318595}, "geometry": {"type": "Polygon", "coordinates": [[[2214.1, 3559.5], [2212.0, 3561.8], [2202.2, 3559.4], [2200.6, 3556.4], [2198.4, 3551.4], [2201.4, 3548.3], [2207.8, 3548.0], [2208.4, 3548.0], [2208.5, 3547.9], [2213.1, 3546.0], [2217.8, 3544.3], [2223.3, 3543.4], [2227.1, 3543.4], [2230.9, 3544.8], [2231.3, 3546.5], [2228.7, 3553.6], [2219.7, 3559.5], [2214.1, 3559.5]]]}}, {"type": "Feature", "properties": {"OBJECTID": 23, "id": 23, "name": "The Paps", "continent": "Westeros", "S2": null, "Shape__Area": 1336906452.5146484, "Shape__Length": 171048.0521035201}, "geometry": {"type": "Polygon", "coordinates": [[[2386.8, 3534.8], [2387.6, 3531.8], [2396.2, 3530.4], [2400.1, 3531.0], [2405.7, 3534.1], [2411.3, 3533.2], [2413.8, 3531.8], [2414.2, 3531.6], [2414.8, 3531.3], [2419.4, 3529.0], [2423.6, 3529.9], [2424.6, 3531.2], [2426.4, 3533.5], [2426.6, 3533.7], [2427.5, 3539.1], [2426.8, 3540.1], [2426.2, 3541.0], [2422.0, 3542.8], [2419.7, 3543.9], [2414.5, 3543.9], [2409.6, 3541.7], [2403.7, 3542.9], [2402.1, 3544.8], [2398.5, 3546.4], [2395.1, 3547.2], [2391.1, 3546.6], [2387.1, 3540.7], [2386.8, 3534.8]]]}}, {"type": "Feature", "properties": {"OBJECTID": 24, "id": 24, "name": "Claw Isle", "continent": "Westeros", "S2": null, "Shape__Area": 507417809.49658203, "Shape__Length": 95317.9057934751}, "geometry": {"type": "Polygon", "coordinates": [[[2437.4, 4241.5], [2442.9, 4237.5], [2447.9, 4231.2], [2448.2, 4229.5], [2452.2, 4231.2], [2452.5, 4243.0], [2441.5, 4252.2], [2438.9, 4250.3], [2437.4, 4241.5]]]}}, {"type": "Feature", "properties": {"OBJECTID": 25, "id": 25, "name": "Dragonstone", "continent": "Westeros", "S2": null, "Shape__Area": 1375358571.4248047, "Shape__Length": 179220.76113593866}, "geometry": {"type": "Polygon", "coordinates": [[[2376.4, 4370.0], [2384.6, 4370.5], [2385.8, 4376.2], [2385.3, 4381.8], [2378.3, 4382.9], [2375.5, 4386.9], [2373.8, 4391.7], [2368.0, 4393.1], [2358.7, 4390.8], [2352.4, 4392.3], [2346.7, 4390.9], [2345.2, 4387.5], [2344.5, 4381.8], [2348.6, 4378.4], [2360.1, 4379.6], [2369.2, 4378.4], [2373.3, 4374.5], [2376.4, 4370.0]]]}}, {"type": "Feature", "properties": {"OBJECTID": 26, "id": 26, "name": "Driftmark", "continent": "Westeros", "S2": null, "Shape__Area": 2446406735.142578, "Shape__Length": 265882.6847590386}, "geometry": {"type": "Polygon", "coordinates": [[[2326.4, 4398.3], [2330.5, 4401.4], [2335.3, 4407.0], [2336.7, 4411.5], [2331.4, 4417.4], [2325.2, 4418.3], [2321.8, 4414.1], [2318.0, 4415.8], [2314.4, 4420.2], [2311.8, 4424.2], [2306.5, 4423.9], [2303.8, 4420.5], [2297.4, 4422.2], [2291.1, 4419.7], [2286.8, 4419.1], [2286.1, 4424.2], [2281.3, 4429.0], [2277.7, 4425.1], [2278.7, 4418.9], [2281.3, 4409.0], [2283.9, 4402.0], [2291.6, 4402.8], [2299.8, 4406.5], [2313.0, 4405.1], [2321.8, 4400.0], [2326.4, 4398.3]]]}}, {"type": "Feature", "properties": {"OBJECTID": 27, "id": 27, "name": "Tarth", "continent": "Westeros", "S2": null, "Shape__Area": 17225697746.056763, "Shape__Length": 755653.5195617157}, "geometry": {"type": "MultiPolygon", "coordinates": [[[[2489.8, 4919.8], [2488.0, 4915.7], [2488.0, 4907.8], [2493.1, 4902.9], [2497.3, 4906.8], [2497.6, 4908.0], [2497.4, 4908.0], [2498.3, 4913.7], [2499.8, 4917.6], [2503.9, 4920.7], [2509.1, 4922.6], [2509.9, 4928.9], [2503.9, 4931.8], [2498.1, 4928.4], [2493.6, 4922.9], [2491.9, 4921.5], [2489.8, 4919.8]]], [[[2467.2, 4842.6], [2476.6, 4849.2], [2477.6, 4851.4], [2476.6, 4854.6], [2469.6, 4861.8], [2469.2, 4868.6], [2472.8, 4870.2], [2474.3, 4870.3], [2474.8, 4870.4], [2476.6, 4870.5], [2479.7, 4872.0], [2485.6, 4875.0], [2486.5, 4875.5], [2488.2, 4882.8], [2484.9, 4888.1], [2482.8, 4891.2], [2477.3, 4897.9], [2476.1, 4905.6], [2475.8, 4919.8], [2478.3, 4927.5], [2479.3, 4935.8], [2471.4, 4941.3], [2467.0, 4945.4], [2465.5, 4950.3], [2465.3, 4951.0], [2467.5, 4958.6], [2467.7, 4959.1], [2469.7, 4962.5], [2472.7, 4970.9], [2472.4, 4974.0], [2464.1, 4976.1], [2461.8, 4975.3], [2451.0, 4970.2], [2450.2, 4970.2], [2442.1, 4964.9], [2436.2, 4957.2], [2434.0, 4955.3], [2432.9, 4952.8], [2432.0, 4941.7], [2427.2, 4934.8], [2426.4, 4934.2], [2425.8, 4933.1], [2423.3, 4928.8], [2418.9, 4924.2], [2417.3, 4922.9], [2415.7, 4921.6], [2411.7, 4918.2], [2409.1, 4914.1], [2407.1, 4909.1], [2410.0, 4900.6], [2412.8, 4896.4], [2421.3, 4895.9], [2425.5, 4895.5], [2426.6, 4895.4], [2430.7, 4893.9], [2432.7, 4891.1], [2433.4, 4884.8], [2432.5, 4878.3], [2432.1, 4876.3], [2432.2, 4868.5], [2428.5, 4856.7], [2427.2, 4847.8], [2427.8, 4842.6], [2430.9, 4838.9], [2440.8, 4837.7], [2446.3, 4839.3], [2448.4, 4839.9], [2458.0, 4840.7], [2461.1, 4840.7], [2467.2, 4842.6]]]]}}, {"type": "Feature", "properties": {"OBJECTID": 30, "id": 30, "name": " ", "continent": "Westeros", "S2": null, "Shape__Area": 1124130358.1279297, "Shape__Length": 134219.13581646085}, "geometry": {"type": "Polygon", "coordinates": [[[2197.8, 5297.6], [2196.9, 5292.6], [2194.6, 5288.8], [2194.0, 5287.9], [2193.7, 5284.9], [2193.3, 5283.8], [2192.4, 5281.6], [2193.2, 5277.8], [2199.6, 5276.5], [2206.9, 5277.8], [2210.4, 5280.3], [2210.9, 5279.7], [2214.7, 5279.7], [2219.5, 5283.2], [2220.8, 5288.9], [2214.6, 5293.0], [2209.5, 5294.4], [2207.1, 5298.1], [2203.7, 5299.5], [2199.8, 5299.5], [2197.8, 5297.6]]]}}, {"type": "Feature", "properties": {"OBJECTID": 31, "id": 31, "name": " ", "continent": "Westeros", "S2": null, "Shape__Area": 187209642.61035156, "Shape__Length": 54254.1096329467}, "geometry": {"type": "Polygon", "coordinates": [[[2043.4, 5250.6], [2043.6, 5248.5], [2045.8, 5246.3], [2045.9, 5246.3], [2049.8, 5246.1], [2055.5, 5245.9], [2055.9, 5246.8], [2054.6, 5252.3], [2050.6, 5252.9], [2045.5, 5252.2], [2043.4, 5250.6]]]}}, {"type": "Feature", "properties": {"OBJECTID": 33, "id": 33, "name": "Red Water", "continent": " ", "S2": null, "Shape__Area": 5470757897.1796875, "Shape__Length": 408626.13008227805}, "geometry": {"type": "Polygon", "coordinates": [[[2705.9, 5474.9], [2705.3, 5480.7], [2705.0, 5481.4], [2705.1, 5481.5], [2703.2, 5486.7], [2701.4, 5489.2], [2698.3, 5490.5], [2694.2, 5492.0], [2693.4, 5492.2], [2692.2, 5494.6], [2692.2, 5494.7], [2692.0, 5494.8], [2691.8, 5495.1], [2689.7, 5496.9], [2688.6, 5497.8], [2686.7, 5499.2], [2686.0, 5499.8], [2683.9, 5501.7], [2682.0, 5502.9], [2678.7, 5504.7], [2675.4, 5506.4], [2672.1, 5508.7], [2671.7, 5509.0], [2668.9, 5511.1], [2664.0, 5512.6], [2662.5, 5512.1], [2660.8, 5511.5], [2658.0, 5507.3], [2659.9, 5505.5], [2663.5, 5503.3], [2666.5, 5498.4], [2668.2, 5495.1], [2668.5, 5494.8], [2671.1, 5491.9], [2671.3, 5491.7], [2674.4, 5487.9], [2676.8, 5485.9], [2677.8, 5485.1], [2677.8, 5485.1], [2681.2, 5482.2], [2681.6, 5481.0], [2680.5, 5477.6], [2679.0, 5476.9], [2678.9, 5476.8], [2676.1, 5475.4], [2671.2, 5473.6], [2664.7, 5474.2], [2661.8, 5475.5], [2660.5, 5476.1], [2650.8, 5475.9], [2648.8, 5473.3], [2650.1, 5470.9], [2652.6, 5470.3], [2653.0, 5470.2], [2654.9, 5468.1], [2655.6, 5466.5], [2656.1, 5466.2], [2658.4, 5463.2], [2660.9, 5461.6], [2663.2, 5460.2], [2665.0, 5457.6], [2665.3, 5457.5], [2668.6, 5456.4], [2675.6, 5455.9], [2679.7, 5454.7], [2680.2, 5453.8], [2681.7, 5450.6], [2684.9, 5445.7], [2689.2, 5443.1], [2692.3, 5442.7], [2696.6, 5442.7], [2696.7, 5442.6], [2710.4, 5442.9], [2711.8, 5447.7], [2708.6, 5451.8], [2707.1, 5453.0], [2705.6, 5457.5], [2705.6, 5464.8], [2706.9, 5470.1], [2707.0, 5472.7], [2705.9, 5474.9]]]}}, {"type": "Feature", "properties": {"OBJECTID": 37, "id": 37, "name": " ", "continent": "Essos", "S2": null, "Shape__Area": 949189216.371582, "Shape__Length": 128668.02745703526}, "geometry": {"type": "Polygon", "coordinates": [[[3932.3, 5737.1], [3932.7, 5740.6], [3933.1, 5744.5], [3931.8, 5752.8], [3927.8, 5752.8], [3925.7, 5749.6], [3923.0, 5746.5], [3920.6, 5740.5], [3918.5, 5737.3], [3917.9, 5736.4], [3917.5, 5735.8], [3917.4, 5735.6], [3915.3, 5732.6], [3914.5, 5730.5], [3914.3, 5726.1], [3918.0, 5722.9], [3923.6, 5722.6], [3927.8, 5725.3], [3928.6, 5726.5], [3930.7, 5729.7], [3932.3, 5735.2], [3932.3, 5737.1]]]}}, {"type": "Feature", "properties": {"OBJECTID": 39, "id": 39, "name": " ", "continent": "Essos", "S2": null, "Shape__Area": 360910488.3027344, "Shape__Length": 146699.46836145944}, "geometry": {"type": "MultiPolygon", "coordinates": [[[[2894.9, 3564.2], [2893.0, 3567.9], [2888.4, 3570.3], [2883.4, 3566.4], [2885.8, 3562.4], [2890.1, 3561.8], [2894.9, 3564.2]]], [[[2876.7, 3560.9], [2871.9, 3565.8], [2873.5, 3570.7], [2871.1, 3571.3], [2868.0, 3564.5], [2870.4, 3560.9], [2876.7, 3560.9]]], [[[2873.8, 3580.1], [2878.8, 3580.7], [2881.7, 3583.8], [2882.7, 3588.3], [2878.1, 3586.5], [2876.7, 3583.2], [2873.8, 3580.1]]]]}}, {"type": "Feature", "properties": {"OBJECTID": 40, "id": 40, "name": " ", "continent": "Essos", "S2": null, "Shape__Area": 251136375.1743164, "Shape__Length": 62353.080015758926}, "geometry": {"type": "Polygon", "coordinates": [[[3142.9, 3770.1], [3148.3, 3771.5], [3152.2, 3778.1], [3151.3, 3783.3], [3145.1, 3781.8], [3140.9, 3774.6], [3142.9, 3770.1]]]}}, {"type": "Feature", "properties": {"OBJECTID": 42, "id": 42, "name": "Ax Isle", "continent": "Sothoryos", "S2": null, "Shape__Area": 10755346655.082764, "Shape__Length": 637891.9099360333}, "geometry": {"type": "Polygon", "coordinates": [[[5340.3, 7009.5], [5341.6, 7008.5], [5343.9, 7006.7], [5344.9, 7004.6], [5349.1, 7000.8], [5351.4, 6996.8], [5354.9, 6991.9], [5361.1, 6991.1], [5369.2, 6986.3], [5369.2, 6981.8], [5375.7, 6978.5], [5375.2, 6973.6], [5369.1, 6972.4], [5361.1, 6974.9], [5357.1, 6970.9], [5351.2, 6965.0], [5356.3, 6962.6], [5359.8, 6958.8], [5353.8, 6952.7], [5352.5, 6949.3], [5361.0, 6947.9], [5368.4, 6950.5], [5382.8, 6954.7], [5389.4, 6951.7], [5389.5, 6947.6], [5393.7, 6943.0], [5396.0, 6945.0], [5400.0, 6946.7], [5400.4, 6951.3], [5411.7, 6951.3], [5414.5, 6951.3], [5422.3, 6950.6], [5421.5, 6956.7], [5420.0, 6961.5], [5423.1, 6968.3], [5425.4, 6971.7], [5424.7, 6978.5], [5422.3, 6985.3], [5427.8, 6989.4], [5422.3, 6994.1], [5414.5, 6999.6], [5409.0, 7002.3], [5402.7, 6998.2], [5400.8, 6994.3], [5397.2, 6992.8], [5389.4, 6994.2], [5380.0, 7000.9], [5363.5, 7009.1], [5353.3, 7015.9], [5347.1, 7019.9], [5341.6, 7025.3], [5334.5, 7027.4], [5329.8, 7026.0], [5329.8, 7020.6], [5333.8, 7015.9], [5337.3, 7013.9], [5340.3, 7009.5]]]}}, {"type": "Feature", "properties": {"OBJECTID": 43, "id": 43, "name": "Isle of Toads", "continent": "Sothoryos", "S2": null, "Shape__Area": 1609559865.2304688, "Shape__Length": 186589.1931012245}, "geometry": {"type": "Polygon", "coordinates": [[[5002.9, 7125.7], [5003.8, 7135.3], [5009.5, 7135.0], [5014.7, 7134.6], [5019.9, 7137.6], [5019.4, 7140.7], [5018.6, 7141.4], [5018.0, 7142.8], [5014.5, 7143.1], [5010.0, 7144.8], [5006.2, 7147.2], [5002.3, 7150.8], [4997.4, 7150.1], [4997.3, 7149.8], [4995.8, 7147.0], [4994.3, 7146.2], [4991.8, 7145.2], [4989.1, 7144.2], [4988.1, 7143.9], [4988.1, 7143.9], [4987.4, 7143.6], [4983.9, 7142.5], [4983.9, 7138.6], [4987.0, 7135.5], [4992.8, 7128.4], [4993.3, 7122.6], [4995.4, 7121.3], [5000.1, 7123.1], [5000.3, 7124.8], [5002.9, 7125.7]]]}}, {"type": "Feature", "properties": {"OBJECTID": 44, "id": 44, "name": "Isle of Tears", "continent": "Sothoryos", "S2": null, "Shape__Area": 18216400504.36621, "Shape__Length": 616173.3911442145}, "geometry": {"type": "Polygon", "coordinates": [[[4890.3, 7244.5], [4883.3, 7247.4], [4880.6, 7247.3], [4867.9, 7246.8], [4852.2, 7244.5], [4847.5, 7243.8], [4838.3, 7242.3], [4831.3, 7241.2], [4829.3, 7234.2], [4839.2, 7228.6], [4841.3, 7224.9], [4842.8, 7222.0], [4843.4, 7217.7], [4835.0, 7215.9], [4830.6, 7214.7], [4828.7, 7214.2], [4826.1, 7209.0], [4832.4, 7198.9], [4842.9, 7191.5], [4847.1, 7190.3], [4847.8, 7188.1], [4849.7, 7186.5], [4852.3, 7178.3], [4853.8, 7172.6], [4869.0, 7169.5], [4876.3, 7169.5], [4886.2, 7168.2], [4901.4, 7167.7], [4910.2, 7174.3], [4917.6, 7178.2], [4923.8, 7181.3], [4932.2, 7180.4], [4936.4, 7179.5], [4937.4, 7200.1], [4934.3, 7207.6], [4927.4, 7210.6], [4925.2, 7211.2], [4922.8, 7211.9], [4909.7, 7215.4], [4898.7, 7217.6], [4891.9, 7222.4], [4889.9, 7226.3], [4894.6, 7231.6], [4895.9, 7232.2], [4900.3, 7234.2], [4902.4, 7238.5], [4896.6, 7240.2], [4894.3, 7240.6], [4890.3, 7244.5]]]}}, {"type": "Feature", "properties": {"OBJECTID": 45, "id": 45, "name": " ", "continent": "Sothyrios", "S2": null, "Shape__Area": 715593055.6679688, "Shape__Length": 115419.24645828773}, "geometry": {"type": "Polygon", "coordinates": [[[4376.5, 7298.8], [4380.8, 7299.0], [4381.7, 7300.8], [4384.9, 7301.1], [4389.4, 7301.3], [4393.2, 7305.0], [4391.6, 7306.6], [4384.9, 7307.0], [4383.1, 7306.8], [4378.6, 7310.5], [4375.0, 7311.5], [4368.3, 7311.5], [4366.6, 7309.0], [4365.3, 7307.9], [4366.6, 7305.1], [4368.4, 7302.7], [4368.5, 7301.4], [4372.1, 7299.0], [4376.5, 7298.8]]]}}, {"type": "Feature", "properties": {"OBJECTID": 46, "id": 46, "name": " ", "continent": "Sothyrios", "S2": null, "Shape__Area": 2019352093.0351562, "Shape__Length": 242048.32165944023}, "geometry": {"type": "Polygon", "coordinates": [[[4352.5, 7366.3], [4350.1, 7364.1], [4350.1, 7361.5], [4350.8, 7359.8], [4352.5, 7355.1], [4352.6, 7354.2], [4354.3, 7352.2], [4354.0, 7347.6], [4354.7, 7346.5], [4354.7, 7342.4], [4351.7, 7340.0], [4351.4, 7339.7], [4349.1, 7336.9], [4349.1, 7332.8], [4349.4, 7330.1], [4350.0, 7329.7], [4352.0, 7328.2], [4353.4, 7325.8], [4353.4, 7323.1], [4354.6, 7320.8], [4357.0, 7319.7], [4361.9, 7319.2], [4366.6, 7319.7], [4370.3, 7319.6], [4373.8, 7322.5], [4373.1, 7326.1], [4366.7, 7328.3], [4364.0, 7331.6], [4364.8, 7335.1], [4368.3, 7339.0], [4369.1, 7342.8], [4366.3, 7349.0], [4361.0, 7355.2], [4360.4, 7360.2], [4360.2, 7361.4], [4355.5, 7366.0], [4352.5, 7366.3]]]}}, {"type": "Feature", "properties": {"OBJECTID": 47, "id": 47, "name": " ", "continent": "Sothyrios", "S2": null, "Shape__Area": 629878960.1494141, "Shape__Length": 119066.79118421813}, "geometry": {"type": "Polygon", "coordinates": [[[4328.1, 7372.4], [4328.1, 7367.8], [4324.2, 7366.7], [4321.5, 7365.9], [4321.8, 7360.2], [4322.3, 7360.1], [4326.5, 7359.1], [4330.7, 7360.4], [4330.9, 7361.9], [4338.6, 7365.1], [4337.0, 7371.6], [4334.7, 7375.4], [4333.0, 7379.5], [4328.8, 7380.8], [4327.4, 7376.2], [4328.1, 7372.4]]]}}, {"type": "Feature", "properties": {"OBJECTID": 50, "id": 50, "name": "Naath", "continent": null, "S2": null, "Shape__Area": 29245805624.532227, "Shape__Length": 1481706.363821967}, "geometry": {"type": "MultiPolygon", "coordinates": [[[[4176.0, 7188.8], [4176.1, 7188.4], [4175.7, 7188.2], [4170.2, 7185.2], [4169.9, 7185.1], [4165.6, 7183.1], [4164.9, 7180.1], [4167.6, 7178.5], [4168.2, 7178.1], [4170.1, 7177.3], [4173.3, 7179.1], [4178.4, 7179.5], [4183.4, 7183.7], [4184.7, 7187.0], [4183.9, 7191.5], [4184.4, 7194.8], [4181.3, 7199.1], [4173.8, 7199.8], [4171.8, 7196.1], [4177.1, 7190.8], [4176.0, 7188.8]]], [[[4119.6, 7221.2], [4129.3, 7215.2], [4129.4, 7215.1], [4129.6, 7209.0], [4128.8, 7202.4], [4126.0, 7194.5], [4122.9, 7187.2], [4113.0, 7185.3], [4105.1, 7182.3], [4103.5, 7170.0], [4105.5, 7152.7], [4107.5, 7146.7], [4110.8, 7144.8], [4119.2, 7140.1], [4128.4, 7137.7], [4145.8, 7135.0], [4159.2, 7132.3], [4170.2, 7137.0], [4186.4, 7136.3], [4193.9, 7141.0], [4202.6, 7145.6], [4210.5, 7149.0], [4213.7, 7152.3], [4216.8, 7158.6], [4220.4, 7164.3], [4223.1, 7172.2], [4224.4, 7184.6], [4226.3, 7185.8], [4226.3, 7188.8], [4224.7, 7192.1], [4218.8, 7196.1], [4215.2, 7197.4], [4212.1, 7201.1], [4208.9, 7205.0], [4200.2, 7204.0], [4197.5, 7200.7], [4197.7, 7200.0], [4198.2, 7198.2], [4199.4, 7194.1], [4204.2, 7192.5], [4202.6, 7188.8], [4204.4, 7187.0], [4206.9, 7184.5], [4208.1, 7179.5], [4206.4, 7177.7], [4204.6, 7175.9], [4202.2, 7173.9], [4192.7, 7165.9], [4182.4, 7163.9], [4178.4, 7161.3], [4171.5, 7161.4], [4165.3, 7161.9], [4164.3, 7161.5], [4163.1, 7161.6], [4158.0, 7159.0], [4153.6, 7157.7], [4153.3, 7157.7], [4148.1, 7158.7], [4142.6, 7162.7], [4140.6, 7169.3], [4140.6, 7176.0], [4144.2, 7179.9], [4149.3, 7182.6], [4154.8, 7184.9], [4154.9, 7185.0], [4158.4, 7188.9], [4158.4, 7189.0], [4160.4, 7192.5], [4162.7, 7197.9], [4163.1, 7198.8], [4162.7, 7199.0], [4158.4, 7201.4], [4157.2, 7205.7], [4158.8, 7211.7], [4162.3, 7216.9], [4165.1, 7218.6], [4167.0, 7222.0], [4165.6, 7224.6], [4158.3, 7234.5], [4157.2, 7234.5], [4152.0, 7240.0], [4137.0, 7242.6], [4125.6, 7248.5], [4120.9, 7252.4], [4114.5, 7254.1], [4108.2, 7255.1], [4106.3, 7255.4], [4101.9, 7259.7], [4100.6, 7264.2], [4100.3, 7265.2], [4097.2, 7270.4], [4088.1, 7273.1], [4079.0, 7275.4], [4071.0, 7275.4], [4069.1, 7275.4], [4058.9, 7280.9], [4056.1, 7282.3], [4055.7, 7282.5], [4054.1, 7287.8], [4054.1, 7293.6], [4053.3, 7298.2], [4049.4, 7300.8], [4045.4, 7299.5], [4042.3, 7297.5], [4039.9, 7293.0], [4037.6, 7288.7], [4037.2, 7283.9], [4039.5, 7278.6], [4042.3, 7274.4], [4043.9, 7268.5], [4042.7, 7264.0], [4044.3, 7257.7], [4051.8, 7253.2], [4057.7, 7246.9], [4062.8, 7241.0], [4069.2, 7235.1], [4075.1, 7235.1], [4076.8, 7235.7], [4081.4, 7237.4], [4088.5, 7240.7], [4094.0, 7242.0], [4100.7, 7240.0], [4104.7, 7233.8], [4116.5, 7224.5], [4119.6, 7221.2]]]]}}, {"type": "Feature", "properties": {"OBJECTID": 52, "id": 52, "name": "Ghaen", "continent": "Essos", "S2": null, "Shape__Area": 28108964602.013916, "Shape__Length": 1157319.2900411522}, "geometry": {"type": "MultiPolygon", "coordinates": [[[[5268.9, 6508.5], [5272.2, 6505.9], [5274.5, 6505.1], [5276.5, 6505.4], [5280.4, 6505.7], [5281.3, 6506.9], [5280.5, 6508.6], [5281.4, 6510.9], [5281.8, 6513.8], [5279.9, 6517.7], [5276.5, 6519.9], [5272.9, 6520.9], [5271.6, 6520.9], [5269.6, 6521.0], [5264.2, 6519.9], [5263.6, 6515.6], [5266.1, 6511.7], [5267.5, 6510.1], [5268.9, 6508.5]]], [[[5336.7, 6503.8], [5335.2, 6498.3], [5335.0, 6497.8], [5334.0, 6495.4], [5331.9, 6489.5], [5330.1, 6488.4], [5325.1, 6485.3], [5325.9, 6481.2], [5327.7, 6479.0], [5327.4, 6477.7], [5329.7, 6475.3], [5333.3, 6473.1], [5339.7, 6474.5], [5342.9, 6480.6], [5344.6, 6485.3], [5345.9, 6487.9], [5347.3, 6490.8], [5348.6, 6498.1], [5350.5, 6504.6], [5348.6, 6510.0], [5343.9, 6510.4], [5339.3, 6508.9], [5336.7, 6503.8]]], [[[5278.2, 6383.8], [5285.9, 6385.1], [5286.1, 6385.2], [5287.1, 6385.3], [5287.7, 6385.4], [5291.2, 6385.8], [5296.7, 6385.6], [5300.5, 6383.2], [5302.0, 6381.0], [5302.7, 6380.0], [5306.5, 6377.6], [5311.3, 6375.6], [5314.6, 6376.0], [5319.8, 6379.8], [5328.7, 6381.6], [5342.6, 6375.4], [5344.0, 6374.8], [5345.6, 6374.4], [5347.8, 6373.8], [5360.2, 6373.6], [5360.8, 6373.6], [5361.2, 6373.6], [5367.3, 6374.6], [5369.9, 6377.2], [5372.4, 6381.9], [5375.6, 6391.1], [5374.1, 6398.0], [5372.2, 6403.4], [5373.0, 6407.7], [5376.8, 6415.7], [5383.3, 6423.3], [5384.7, 6423.6], [5389.3, 6428.3], [5392.9, 6435.4], [5391.0, 6442.3], [5387.6, 6444.9], [5382.8, 6448.3], [5380.0, 6449.9], [5378.1, 6452.4], [5377.5, 6455.0], [5379.2, 6459.9], [5383.8, 6462.9], [5389.1, 6468.4], [5392.7, 6472.5], [5395.5, 6479.4], [5396.5, 6487.0], [5390.0, 6490.6], [5381.9, 6490.2], [5377.0, 6485.9], [5376.3, 6484.7], [5372.4, 6478.4], [5366.9, 6473.6], [5363.9, 6471.0], [5356.6, 6462.3], [5355.2, 6460.7], [5353.5, 6455.2], [5353.5, 6455.0], [5353.5, 6449.5], [5351.2, 6444.7], [5345.4, 6441.4], [5337.0, 6440.6], [5332.9, 6442.5], [5332.7, 6442.6], [5329.1, 6445.8], [5320.6, 6444.6], [5320.1, 6441.9], [5320.0, 6441.6], [5318.3, 6438.1], [5315.3, 6437.8], [5315.1, 6437.7], [5310.7, 6436.5], [5310.7, 6436.5], [5310.4, 6436.5], [5306.7, 6436.0], [5302.2, 6435.5], [5299.2, 6435.9], [5294.8, 6437.3], [5290.3, 6438.6], [5289.3, 6438.9], [5285.0, 6439.3], [5279.9, 6439.5], [5279.1, 6439.9], [5275.3, 6441.9], [5274.4, 6445.0], [5273.4, 6453.6], [5273.5, 6455.0], [5273.6, 6456.3], [5274.0, 6458.4], [5274.6, 6461.6], [5272.1, 6465.3], [5268.2, 6465.3], [5267.5, 6465.4], [5264.6, 6465.9], [5262.2, 6466.9], [5261.3, 6467.3], [5260.3, 6467.4], [5258.3, 6467.7], [5255.9, 6468.1], [5253.7, 6465.6], [5253.2, 6465.1], [5253.2, 6462.0], [5253.4, 6461.2], [5254.7, 6455.1], [5254.5, 6446.8], [5253.2, 6438.4], [5254.3, 6433.8], [5254.3, 6424.9], [5249.2, 6417.9], [5248.5, 6411.0], [5254.3, 6405.7], [5258.3, 6401.7], [5261.1, 6395.9], [5263.2, 6389.6], [5268.9, 6385.2], [5278.2, 6383.8]]]]}}, {"type": "Feature", "properties": {"OBJECTID": 53, "id": 53, "name": " ", "continent": "Essos", "S2": null, "Shape__Area": 8896647647.575195, "Shape__Length": 612730.8119417013}, "geometry": {"type": "Polygon", "coordinates": [[[4043.7, 6192.3], [4043.7, 6184.0], [4044.4, 6174.6], [4047.4, 6170.5], [4050.1, 6167.0], [4047.9, 6158.9], [4049.6, 6152.7], [4048.7, 6145.7], [4047.4, 6138.0], [4048.7, 6130.8], [4038.3, 6127.3], [4033.4, 6119.0], [4033.4, 6113.6], [4045.0, 6102.9], [4045.9, 6093.7], [4039.3, 6082.6], [4039.6, 6082.1], [4036.4, 6078.5], [4035.2, 6071.3], [4040.7, 6065.9], [4051.7, 6058.8], [4062.8, 6059.9], [4062.8, 6066.5], [4062.1, 6079.7], [4059.7, 6089.8], [4058.0, 6100.6], [4067.0, 6108.9], [4068.2, 6125.5], [4070.1, 6136.8], [4071.9, 6143.3], [4075.6, 6146.8], [4075.0, 6158.1], [4069.6, 6163.3], [4067.7, 6167.9], [4059.3, 6190.6], [4059.1, 6191.9], [4059.0, 6192.3], [4057.2, 6203.2], [4056.1, 6211.2], [4046.1, 6212.7], [4043.5, 6203.2], [4045.1, 6194.2], [4043.7, 6192.3]]]}}, {"type": "Feature", "properties": {"OBJECTID": 54, "id": 54, "name": " ", "continent": "Essos", "S2": null, "Shape__Area": 12120153627.850098, "Shape__Length": 697488.5501914235}, "geometry": {"type": "Polygon", "coordinates": [[[4038.5, 6375.2], [4044.5, 6368.0], [4044.7, 6363.4], [4048.4, 6363.4], [4059.5, 6367.9], [4064.7, 6374.3], [4064.6, 6376.4], [4066.0, 6377.5], [4069.1, 6384.4], [4076.4, 6392.4], [4083.1, 6397.0], [4083.5, 6397.8], [4086.3, 6407.8], [4088.2, 6411.4], [4090.0, 6414.7], [4088.4, 6424.5], [4087.6, 6427.1], [4086.8, 6429.4], [4091.6, 6432.4], [4100.8, 6434.4], [4103.3, 6438.8], [4104.0, 6440.6], [4104.2, 6453.4], [4109.5, 6459.3], [4122.6, 6463.7], [4125.4, 6467.6], [4122.9, 6475.8], [4123.4, 6483.5], [4126.8, 6491.5], [4124.7, 6495.9], [4115.8, 6500.3], [4113.1, 6507.1], [4104.2, 6510.5], [4094.7, 6506.6], [4089.4, 6499.3], [4091.8, 6492.9], [4093.1, 6489.1], [4094.7, 6470.6], [4090.7, 6465.2], [4085.2, 6455.4], [4071.0, 6439.2], [4058.9, 6434.3], [4053.1, 6428.5], [4052.1, 6422.8], [4049.5, 6420.0], [4048.3, 6406.8], [4055.3, 6407.2], [4054.7, 6398.3], [4055.3, 6397.6], [4052.6, 6391.9], [4044.6, 6387.8], [4034.8, 6384.4], [4031.1, 6375.8], [4038.5, 6375.2]]]}}, {"type": "Feature", "properties": {"OBJECTID": 55, "id": 55, "name": " ", "continent": "Essos", "S2": null, "Shape__Area": 64727748315.90137, "Shape__Length": 1640339.7599445088}, "geometry": {"type": "Polygon", "coordinates": [[[4145.7, 6140.4], [4147.0, 6138.3], [4147.2, 6127.0], [4159.9, 6112.8], [4166.1, 6108.4], [4167.6, 6107.3], [4168.0, 6107.0], [4169.9, 6102.7], [4174.6, 6102.6], [4181.5, 6104.2], [4186.7, 6124.9], [4202.5, 6136.0], [4202.0, 6144.1], [4200.4, 6148.7], [4199.9, 6150.2], [4197.0, 6164.5], [4195.7, 6171.4], [4191.7, 6172.7], [4186.7, 6174.4], [4185.1, 6186.0], [4185.1, 6189.4], [4185.1, 6204.1], [4180.7, 6207.2], [4177.4, 6219.0], [4175.5, 6220.7], [4176.2, 6227.7], [4172.5, 6233.2], [4171.9, 6239.1], [4171.9, 6239.2], [4177.7, 6244.7], [4185.1, 6248.2], [4194.6, 6236.7], [4195.1, 6228.6], [4195.1, 6228.2], [4194.6, 6219.6], [4199.6, 6218.1], [4199.6, 6218.1], [4201.4, 6218.1], [4208.8, 6217.1], [4215.1, 6213.1], [4224.1, 6215.6], [4238.3, 6219.1], [4244.0, 6219.8], [4249.9, 6220.6], [4246.3, 6225.9], [4246.6, 6226.5], [4239.2, 6242.1], [4238.3, 6243.1], [4232.5, 6252.1], [4224.0, 6263.1], [4235.1, 6272.6], [4235.9, 6275.1], [4238.8, 6283.6], [4218.2, 6287.2], [4217.7, 6291.1], [4214.6, 6299.5], [4199.3, 6299.6], [4191.4, 6301.5], [4188.2, 6305.5], [4178.2, 6309.5], [4154.0, 6311.0], [4145.1, 6314.0], [4144.9, 6314.4], [4142.4, 6321.0], [4144.1, 6325.2], [4146.1, 6329.9], [4150.8, 6337.8], [4149.3, 6351.2], [4143.5, 6355.7], [4135.6, 6355.7], [4131.9, 6361.6], [4128.5, 6370.2], [4128.2, 6371.0], [4125.5, 6382.4], [4127.1, 6392.2], [4130.6, 6403.2], [4131.9, 6407.0], [4132.9, 6421.8], [4124.0, 6424.7], [4114.5, 6415.9], [4109.2, 6406.0], [4101.9, 6394.2], [4103.2, 6375.8], [4095.5, 6368.6], [4094.5, 6356.2], [4084.5, 6345.3], [4080.3, 6337.4], [4076.1, 6323.5], [4070.8, 6314.1], [4074.5, 6302.1], [4074.5, 6293.7], [4072.4, 6277.2], [4078.7, 6268.3], [4083.5, 6251.8], [4091.9, 6246.3], [4096.7, 6228.7], [4101.9, 6221.2], [4109.5, 6219.3], [4111.9, 6218.7], [4123.0, 6215.2], [4124.6, 6208.1], [4125.3, 6200.6], [4125.6, 6197.6], [4129.2, 6196.2], [4137.2, 6193.0], [4137.7, 6185.5], [4132.6, 6179.0], [4132.7, 6177.3], [4132.7, 6173.4], [4135.9, 6160.9], [4145.7, 6140.4]]]}}, {"type": "Feature", "properties": {"OBJECTID": 56, "id": 56, "name": " ", "continent": "Essos", "S2": null, "Shape__Area": 1462429282.8579102, "Shape__Length": 197236.85348681992}, "geometry": {"type": "Polygon", "coordinates": [[[4232.4, 6152.5], [4237.7, 6147.7], [4235.2, 6133.0], [4243.6, 6118.3], [4247.8, 6117.8], [4249.5, 6128.9], [4251.2, 6128.8], [4252.6, 6136.7], [4244.4, 6146.4], [4245.4, 6156.2], [4242.0, 6165.9], [4236.3, 6166.4], [4232.0, 6159.9], [4232.4, 6152.5]]]}}, {"type": "Feature", "properties": {"OBJECTID": 57, "id": 57, "name": " ", "continent": "Essos", "S2": null, "Shape__Area": 2561846447.779785, "Shape__Length": 261993.64243274205}, "geometry": {"type": "Polygon", "coordinates": [[[4319.4, 6171.8], [4325.2, 6169.4], [4325.2, 6166.5], [4325.2, 6166.0], [4325.2, 6161.2], [4325.2, 6157.3], [4328.2, 6155.9], [4329.7, 6156.0], [4333.8, 6156.4], [4339.8, 6155.9], [4343.8, 6155.4], [4348.4, 6155.4], [4354.9, 6158.8], [4359.0, 6161.3], [4359.0, 6166.5], [4359.0, 6170.0], [4351.7, 6172.5], [4337.1, 6177.9], [4336.9, 6180.0], [4334.5, 6181.0], [4328.2, 6181.5], [4328.2, 6183.8], [4328.2, 6189.6], [4322.8, 6190.0], [4320.1, 6190.1], [4315.1, 6190.1], [4312.1, 6191.1], [4309.0, 6191.1], [4307.7, 6191.0], [4302.5, 6190.6], [4304.5, 6187.3], [4309.2, 6187.2], [4310.5, 6183.8], [4319.6, 6174.5], [4319.4, 6171.8]]]}}, {"type": "Feature", "properties": {"OBJECTID": 58, "id": 58, "name": " ", "continent": "Essos", "S2": null, "Shape__Area": 10019380425.482422, "Shape__Length": 535584.5278421916}, "geometry": {"type": "Polygon", "coordinates": [[[4172.0, 6340.6], [4174.4, 6339.4], [4176.6, 6334.9], [4181.7, 6333.5], [4187.2, 6334.9], [4193.8, 6337.3], [4201.3, 6340.1], [4201.7, 6346.8], [4203.7, 6360.8], [4197.4, 6367.7], [4195.0, 6382.2], [4197.7, 6386.7], [4199.5, 6395.3], [4198.2, 6400.6], [4199.0, 6402.3], [4193.7, 6417.5], [4183.4, 6427.5], [4183.4, 6434.8], [4182.9, 6435.2], [4183.6, 6441.2], [4181.7, 6448.6], [4180.3, 6450.3], [4180.5, 6451.9], [4177.9, 6464.1], [4172.1, 6467.1], [4168.9, 6455.3], [4169.7, 6451.8], [4168.9, 6450.9], [4169.5, 6443.4], [4169.9, 6434.1], [4168.3, 6433.7], [4162.2, 6423.5], [4157.9, 6416.0], [4159.7, 6406.8], [4161.0, 6395.4], [4164.2, 6387.5], [4165.9, 6383.3], [4165.9, 6374.5], [4167.7, 6370.0], [4162.7, 6354.9], [4163.7, 6347.0], [4167.4, 6344.3], [4167.1, 6343.3], [4172.0, 6340.6]]]}}, {"type": "Feature", "properties": {"OBJECTID": 59, "id": 59, "name": " ", "continent": "Essos", "S2": null, "Shape__Area": 132778244859.60254, "Shape__Length": 2236609.585105961}, "geometry": {"type": "Polygon", "coordinates": [[[4436.3, 6354.4], [4443.7, 6342.2], [4449.6, 6342.5], [4449.6, 6342.5], [4452.3, 6345.8], [4450.4, 6356.1], [4449.4, 6360.4], [4452.5, 6372.7], [4448.3, 6393.4], [4446.1, 6403.3], [4444.0, 6416.1], [4438.2, 6419.5], [4430.9, 6423.5], [4409.8, 6419.6], [4395.6, 6414.7], [4388.0, 6414.9], [4388.0, 6424.9], [4384.0, 6434.8], [4385.6, 6446.6], [4393.4, 6452.6], [4398.2, 6456.4], [4397.0, 6457.5], [4391.4, 6462.7], [4389.8, 6468.1], [4401.4, 6476.4], [4412.9, 6485.2], [4416.2, 6486.9], [4415.0, 6493.0], [4410.3, 6497.9], [4415.0, 6504.2], [4418.9, 6510.1], [4419.8, 6511.5], [4431.9, 6513.9], [4427.1, 6529.9], [4420.3, 6537.2], [4407.7, 6547.9], [4395.0, 6550.8], [4390.8, 6557.6], [4378.2, 6560.5], [4377.7, 6560.2], [4369.7, 6564.9], [4365.5, 6574.5], [4356.6, 6579.4], [4348.2, 6572.6], [4335.5, 6570.2], [4336.7, 6561.0], [4318.7, 6561.5], [4295.5, 6563.0], [4278.7, 6559.1], [4268.7, 6550.4], [4258.7, 6546.1], [4252.4, 6540.8], [4257.6, 6529.6], [4256.1, 6520.4], [4256.2, 6518.8], [4257.6, 6501.4], [4264.5, 6488.7], [4267.1, 6464.8], [4276.6, 6447.2], [4277.4, 6426.5], [4282.4, 6423.1], [4288.2, 6417.2], [4287.2, 6411.8], [4281.9, 6409.1], [4281.4, 6408.9], [4278.7, 6399.5], [4269.8, 6376.3], [4269.3, 6368.4], [4272.6, 6363.1], [4280.3, 6350.6], [4283.5, 6335.2], [4281.4, 6316.9], [4269.3, 6314.2], [4264.0, 6293.3], [4272.9, 6276.5], [4282.2, 6266.9], [4281.0, 6262.9], [4275.5, 6252.0], [4276.7, 6251.8], [4277.3, 6241.2], [4279.0, 6239.8], [4277.2, 6229.6], [4286.2, 6227.6], [4291.4, 6233.1], [4302.0, 6231.6], [4305.1, 6238.1], [4303.0, 6246.6], [4309.3, 6259.1], [4308.5, 6275.8], [4309.7, 6277.4], [4315.8, 6274.5], [4319.5, 6266.9], [4332.4, 6265.1], [4334.8, 6262.5], [4338.8, 6253.0], [4348.3, 6240.5], [4354.1, 6236.8], [4355.2, 6236.1], [4359.4, 6233.5], [4367.8, 6228.0], [4372.6, 6224.9], [4379.4, 6220.5], [4393.6, 6204.4], [4397.5, 6201.4], [4403.4, 6197.0], [4406.2, 6194.8], [4410.4, 6193.3], [4425.2, 6201.8], [4426.2, 6219.9], [4426.6, 6227.1], [4426.7, 6229.8], [4416.2, 6249.9], [4408.9, 6258.1], [4406.4, 6262.7], [4407.6, 6270.9], [4416.7, 6277.9], [4418.3, 6294.4], [4412.5, 6295.9], [4407.7, 6296.3], [4405.8, 6299.4], [4394.1, 6309.9], [4394.1, 6322.1], [4392.3, 6340.0], [4396.1, 6350.0], [4406.7, 6357.9], [4423.5, 6361.9], [4433.0, 6361.9], [4436.3, 6354.4]]]}}, {"type": "Feature", "properties": {"OBJECTID": 60, "id": 60, "name": " ", "continent": "Essos", "S2": null, "Shape__Area": 821381431.2021484, "Shape__Length": 129760.37411101608}, "geometry": {"type": "Polygon", "coordinates": [[[4416.1, 6455.1], [4416.5, 6455.0], [4416.5, 6452.2], [4420.6, 6449.4], [4424.6, 6449.4], [4429.6, 6451.3], [4430.8, 6454.1], [4431.2, 6455.0], [4433.2, 6461.1], [4437.4, 6462.6], [4442.2, 6467.9], [4438.8, 6473.3], [4426.3, 6469.3], [4425.0, 6463.5], [4416.1, 6455.1]]]}}, {"type": "Feature", "properties": {"OBJECTID": 62, "id": 62, "name": " ", "continent": "Essos", "S2": null, "Shape__Area": 549910889.034668, "Shape__Length": 141854.5731170543}, "geometry": {"type": "Polygon", "coordinates": [[[4473.9, 6354.0], [4477.2, 6349.4], [4482.3, 6349.4], [4484.1, 6347.0], [4484.1, 6341.8], [4484.1, 6339.9], [4489.5, 6339.9], [4490.9, 6337.9], [4492.2, 6334.6], [4494.2, 6330.4], [4496.7, 6330.4], [4498.3, 6330.3], [4498.7, 6331.2], [4499.8, 6333.2], [4500.5, 6334.8], [4495.7, 6341.3], [4493.6, 6343.4], [4489.7, 6343.6], [4487.3, 6349.7], [4486.6, 6350.3], [4480.8, 6356.6], [4478.0, 6357.0], [4473.9, 6354.0]]]}}, {"type": "Feature", "properties": {"OBJECTID": 63, "id": 63, "name": " ", "continent": "Essos", "S2": null, "Shape__Area": 4102650577.7006836, "Shape__Length": 443732.90679795534}, "geometry": {"type": "Polygon", "coordinates": [[[4438.1, 6258.2], [4438.3, 6255.6], [4435.9, 6248.7], [4438.0, 6240.7], [4444.4, 6235.7], [4448.6, 6238.2], [4446.5, 6244.7], [4447.0, 6251.7], [4449.2, 6258.3], [4452.3, 6259.2], [4454.9, 6265.2], [4453.8, 6269.7], [4451.7, 6278.7], [4451.7, 6286.6], [4451.2, 6297.6], [4445.4, 6309.0], [4440.5, 6317.3], [4438.0, 6331.4], [4427.5, 6339.3], [4417.0, 6331.9], [4418.6, 6327.5], [4416.4, 6320.5], [4415.4, 6313.5], [4416.9, 6313.1], [4418.9, 6312.4], [4423.3, 6311.0], [4426.8, 6314.7], [4428.0, 6316.0], [4430.6, 6320.5], [4431.6, 6309.7], [4433.1, 6307.5], [4432.2, 6298.6], [4439.7, 6288.2], [4439.1, 6279.2], [4440.1, 6270.1], [4438.1, 6258.2]]]}}, {"type": "Feature", "properties": {"OBJECTID": 64, "id": 64, "name": " ", "continent": "Essos", "S2": null, "Shape__Area": 964677275.5561523, "Shape__Length": 147564.88712757116}, "geometry": {"type": "Polygon", "coordinates": [[[4476.5, 6278.6], [4477.0, 6274.2], [4477.0, 6263.7], [4476.9, 6257.5], [4476.7, 6253.0], [4478.0, 6249.6], [4479.6, 6247.7], [4480.1, 6247.1], [4482.0, 6247.0], [4483.5, 6246.9], [4486.8, 6247.7], [4487.6, 6250.7], [4486.8, 6257.0], [4486.4, 6258.7], [4486.0, 6260.0], [4485.7, 6263.6], [4486.7, 6266.7], [4486.7, 6267.0], [4487.2, 6270.2], [4487.5, 6275.4], [4487.2, 6277.5], [4486.8, 6279.9], [4486.5, 6280.5], [4485.1, 6283.0], [4483.5, 6283.9], [4482.8, 6283.9], [4481.4, 6284.0], [4480.9, 6284.1], [4477.7, 6281.3], [4477.4, 6280.7], [4476.5, 6278.6]]]}}, {"type": "Feature", "properties": {"OBJECTID": 65, "id": 65, "name": " ", "continent": "Essos", "S2": null, "Shape__Area": 348699657.83154297, "Shape__Length": 71955.6306765949}, "geometry": {"type": "Polygon", "coordinates": [[[4533.2, 6295.2], [4533.2, 6294.0], [4533.4, 6291.2], [4534.6, 6288.3], [4538.4, 6287.6], [4540.2, 6288.6], [4542.1, 6291.5], [4542.2, 6295.1], [4542.3, 6300.9], [4539.7, 6303.0], [4536.6, 6303.6], [4533.5, 6302.1], [4532.9, 6297.4], [4533.2, 6295.2]]]}}, {"type": "Feature", "properties": {"OBJECTID": 66, "id": 66, "name": " ", "continent": "Essos", "S2": null, "Shape__Area": 563867921.4462891, "Shape__Length": 90999.50153741811}, "geometry": {"type": "Polygon", "coordinates": [[[4519.1, 6264.8], [4521.6, 6262.7], [4528.5, 6258.8], [4533.2, 6259.5], [4535.8, 6261.6], [4535.3, 6266.9], [4530.2, 6270.5], [4527.2, 6272.8], [4524.2, 6274.4], [4521.0, 6274.6], [4518.8, 6274.1], [4518.1, 6273.8], [4516.9, 6272.3], [4516.2, 6271.4], [4516.1, 6270.2], [4516.0, 6269.4], [4516.9, 6267.5], [4517.3, 6267.0], [4518.7, 6265.2], [4519.1, 6264.8]]]}}, {"type": "Feature", "properties": {"OBJECTID": 67, "id": 67, "name": " ", "continent": "Essos", "S2": null, "Shape__Area": 694427955.0415039, "Shape__Length": 113361.71647565521}, "geometry": {"type": "Polygon", "coordinates": [[[4547.8, 6253.6], [4548.4, 6249.9], [4552.0, 6245.3], [4557.7, 6245.0], [4561.3, 6247.1], [4561.1, 6250.6], [4558.9, 6252.6], [4556.9, 6253.2], [4556.1, 6255.3], [4556.1, 6259.7], [4554.4, 6265.4], [4550.2, 6266.5], [4545.5, 6267.2], [4544.9, 6267.0], [4542.5, 6266.3], [4541.6, 6263.9], [4541.6, 6263.8], [4541.6, 6261.5], [4543.0, 6258.6], [4545.9, 6255.2], [4547.8, 6253.6]]]}}, {"type": "Feature", "properties": {"OBJECTID": 71, "id": 71, "name": " ", "continent": "Essos", "S2": null, "Shape__Area": 97417131.68652344, "Shape__Length": 39387.887316593}, "geometry": {"type": "Polygon", "coordinates": [[[4301.0, 6197.0], [4303.9, 6198.4], [4304.8, 6203.4], [4301.0, 6206.2], [4298.6, 6200.2], [4301.0, 6197.0]]]}}, {"type": "Feature", "properties": {"OBJECTID": 72, "id": 72, "name": " ", "continent": "Essos", "S2": null, "Shape__Area": 2316744944.8984375, "Shape__Length": 246678.49999064105}, "geometry": {"type": "Polygon", "coordinates": [[[4635.6, 6216.5], [4639.2, 6215.4], [4639.2, 6208.2], [4647.8, 6199.4], [4655.8, 6204.7], [4653.3, 6212.9], [4650.7, 6215.4], [4651.1, 6217.3], [4643.0, 6226.0], [4639.6, 6236.2], [4632.4, 6240.8], [4624.0, 6238.1], [4612.9, 6242.9], [4605.0, 6241.1], [4609.9, 6230.6], [4623.3, 6224.1], [4630.7, 6217.1], [4635.6, 6216.5]]]}}, {"type": "Feature", "properties": {"OBJECTID": 73, "id": 73, "name": " ", "continent": "Essos", "S2": null, "Shape__Area": 761476542.309082, "Shape__Length": 124937.42223395892}, "geometry": {"type": "Polygon", "coordinates": [[[4639.0, 6290.3], [4636.9, 6287.1], [4641.5, 6277.4], [4641.5, 6271.6], [4641.9, 6268.6], [4642.1, 6267.0], [4644.2, 6262.3], [4646.1, 6261.5], [4649.5, 6263.0], [4651.5, 6265.4], [4651.9, 6268.5], [4652.3, 6272.6], [4653.8, 6275.1], [4653.7, 6277.9], [4652.2, 6279.4], [4649.0, 6280.8], [4647.7, 6283.2], [4647.2, 6285.5], [4646.7, 6288.1], [4644.4, 6290.7], [4642.3, 6290.5], [4639.0, 6290.3]]]}}, {"type": "Feature", "properties": {"OBJECTID": 74, "id": 74, "name": " ", "continent": "Essos", "S2": null, "Shape__Area": 313740950.3413086, "Shape__Length": 78395.63108990627}, "geometry": {"type": "Polygon", "coordinates": [[[4702.3, 6259.2], [4702.0, 6259.4], [4700.0, 6259.1], [4698.0, 6258.0], [4696.7, 6255.1], [4698.0, 6252.7], [4701.0, 6252.6], [4701.4, 6251.7], [4701.4, 6247.6], [4702.9, 6242.7], [4705.1, 6242.5], [4707.5, 6245.7], [4707.5, 6254.2], [4706.4, 6258.0], [4702.4, 6259.2], [4702.3, 6259.2]]]}}, {"type": "Feature", "properties": {"OBJECTID": 75, "id": 75, "name": " ", "continent": "Essos", "S2": null, "Shape__Area": 221764502.72216797, "Shape__Length": 56431.96223679838}, "geometry": {"type": "Polygon", "coordinates": [[[4644.7, 6313.0], [4647.8, 6311.1], [4650.8, 6312.8], [4650.9, 6316.3], [4650.6, 6318.8], [4649.5, 6320.1], [4649.4, 6320.2], [4649.4, 6320.2], [4648.6, 6320.8], [4648.5, 6320.8], [4647.7, 6322.7], [4644.7, 6322.9], [4642.0, 6320.9], [4641.9, 6316.9], [4642.7, 6314.5], [4644.7, 6313.0]]]}}, {"type": "Feature", "properties": {"OBJECTID": 76, "id": 76, "name": " ", "continent": "Essos", "S2": null, "Shape__Area": 40737832077.845215, "Shape__Length": 1037086.8013563715}, "geometry": {"type": "Polygon", "coordinates": [[[4595.0, 6269.6], [4597.6, 6269.6], [4604.4, 6266.1], [4619.1, 6257.0], [4624.9, 6256.0], [4630.2, 6265.0], [4630.2, 6274.0], [4623.4, 6282.4], [4621.8, 6284.5], [4617.0, 6294.0], [4617.0, 6303.9], [4620.7, 6312.0], [4621.7, 6314.4], [4621.8, 6315.2], [4622.3, 6323.3], [4615.9, 6332.2], [4613.8, 6339.7], [4614.0, 6345.9], [4607.8, 6354.4], [4608.4, 6364.2], [4611.5, 6374.5], [4609.0, 6385.5], [4603.5, 6397.0], [4601.3, 6406.1], [4600.1, 6408.3], [4599.6, 6428.0], [4602.0, 6433.9], [4605.9, 6443.2], [4597.5, 6453.0], [4594.9, 6458.1], [4594.9, 6458.2], [4593.8, 6460.3], [4593.8, 6466.7], [4593.3, 6473.1], [4586.4, 6478.4], [4570.6, 6474.5], [4563.1, 6470.9], [4552.7, 6482.1], [4549.6, 6485.0], [4538.6, 6484.0], [4536.4, 6483.8], [4534.3, 6466.3], [4540.6, 6453.0], [4541.1, 6445.2], [4534.3, 6438.4], [4524.3, 6436.4], [4521.2, 6422.2], [4521.7, 6405.9], [4524.8, 6395.6], [4530.0, 6391.1], [4530.1, 6389.0], [4541.1, 6368.3], [4547.0, 6363.7], [4548.0, 6358.0], [4539.1, 6354.6], [4533.8, 6350.6], [4537.0, 6339.2], [4552.3, 6314.4], [4561.2, 6296.5], [4561.2, 6280.6], [4566.5, 6275.6], [4580.7, 6274.1], [4588.4, 6273.2], [4595.0, 6269.6]]]}}, {"type": "Feature", "properties": {"OBJECTID": 77, "id": 77, "name": " ", "continent": "Essos", "S2": null, "Shape__Area": 1281666949.2460938, "Shape__Length": 182287.22024478661}, "geometry": {"type": "Polygon", "coordinates": [[[4712.6, 6180.7], [4711.9, 6188.2], [4702.7, 6189.4], [4701.5, 6185.8], [4703.6, 6182.9], [4705.9, 6179.5], [4706.4, 6178.8], [4707.0, 6171.1], [4704.6, 6167.0], [4705.2, 6164.5], [4704.0, 6162.8], [4707.1, 6159.8], [4707.0, 6159.3], [4707.7, 6153.9], [4711.9, 6147.4], [4719.9, 6149.8], [4721.7, 6155.7], [4719.3, 6161.0], [4721.1, 6163.4], [4719.3, 6172.9], [4714.5, 6174.1], [4713.1, 6180.4], [4712.6, 6180.7]]]}}, {"type": "Feature", "properties": {"OBJECTID": 78, "id": 78, "name": "Isle of Cedars", "continent": "Essos", "S2": null, "Shape__Area": 23015650137.33716, "Shape__Length": 870088.6417012566}, "geometry": {"type": "Polygon", "coordinates": [[[4858.7, 5852.9], [4859.3, 5853.5], [4868.6, 5873.0], [4875.6, 5886.2], [4890.1, 5900.6], [4896.8, 5904.3], [4915.4, 5923.2], [4916.5, 5933.6], [4913.9, 5953.7], [4898.3, 5974.8], [4887.3, 5983.7], [4885.7, 5993.6], [4883.4, 6000.3], [4875.1, 6006.2], [4862.9, 6011.4], [4857.2, 6004.7], [4859.9, 5987.4], [4861.9, 5975.0], [4863.7, 5964.4], [4868.2, 5950.7], [4870.9, 5939.2], [4868.9, 5936.1], [4869.4, 5931.8], [4865.6, 5924.0], [4862.2, 5915.5], [4854.6, 5909.5], [4848.1, 5905.7], [4836.7, 5898.8], [4832.1, 5888.7], [4831.3, 5882.2], [4818.7, 5866.5], [4814.9, 5864.9], [4807.8, 5858.2], [4790.0, 5851.5], [4785.0, 5849.6], [4781.6, 5830.9], [4784.6, 5821.6], [4800.2, 5819.3], [4812.4, 5818.9], [4825.7, 5819.7], [4836.3, 5830.1], [4853.1, 5844.7], [4858.7, 5852.9]]]}}, {"type": "Feature", "properties": {"OBJECTID": 79, "id": 79, "name": "Yaros", "continent": "Essos", "S2": null, "Shape__Area": 1929307366.0235596, "Shape__Length": 206600.49523717054}, "geometry": {"type": "Polygon", "coordinates": [[[5201.1, 5664.7], [5199.6, 5670.1], [5196.8, 5672.7], [5196.2, 5673.3], [5195.0, 5673.0], [5193.6, 5672.6], [5193.4, 5672.5], [5191.7, 5670.7], [5192.6, 5665.8], [5192.7, 5665.5], [5192.8, 5661.1], [5191.6, 5657.1], [5191.6, 5656.9], [5187.4, 5651.4], [5186.0, 5641.6], [5185.9, 5634.6], [5189.1, 5630.1], [5200.7, 5630.3], [5208.1, 5630.7], [5208.1, 5630.7], [5213.0, 5628.9], [5217.3, 5631.9], [5216.4, 5635.6], [5215.4, 5636.9], [5207.9, 5641.9], [5204.4, 5651.6], [5204.2, 5653.3], [5203.6, 5658.1], [5202.5, 5660.5], [5201.1, 5664.7]]]}}, {"type": "Feature", "properties": {"OBJECTID": 80, "id": 80, "name": " ", "continent": "Essos", "S2": null, "Shape__Area": 107189686.45996094, "Shape__Length": 41937.82873440165}, "geometry": {"type": "Polygon", "coordinates": [[[4729.2, 6136.2], [4732.8, 6139.4], [4733.8, 6144.6], [4726.8, 6143.4], [4726.1, 6141.3], [4729.2, 6136.2]]]}}, {"type": "Feature", "properties": {"OBJECTID": 82, "id": 82, "name": "Isle of Faces", "continent": "Westeros", "S2": null, "Shape__Area": 2332762054, "Shape__Length": 188421.5421617809}, "geometry": {"type": "Polygon", "coordinates": [[[1809.2, 4289.8], [1820.3, 4291.2], [1828.9, 4298.2], [1829.6, 4304.7], [1826.3, 4311.2], [1825.3, 4319.1], [1824.6, 4324.8], [1816.7, 4329.6], [1809.0, 4333.8], [1803.9, 4331.0], [1802.3, 4317.2], [1801.1, 4304.7], [1805.6, 4298.0], [1809.2, 4289.8]]]}}, {"type": "Feature", "properties": {"OBJECTID": 83, "id": 83, "name": " ", "continent": "Essos", "S2": null, "Shape__Area": 155165306.5053711, "Shape__Length": 71950.54259733038}, "geometry": {"type": "Polygon", "coordinates": [[[2471.0, 4426.8], [2466.4, 4427.8], [2463.5, 4427.3], [2460.4, 4422.8], [2454.0, 4420.7], [2452.7, 4417.8], [2456.8, 4417.0], [2460.8, 4420.9], [2465.8, 4423.1], [2471.0, 4426.8]]]}}, {"type": "Feature", "properties": {"OBJECTID": 84, "id": 84, "name": " ", "continent": "Essos", "S2": null, "Shape__Area": 315475654.04003906, "Shape__Length": 69222.04712472756}, "geometry": {"type": "Polygon", "coordinates": [[[2867.1, 3596.1], [2875.0, 3599.2], [2878.1, 3606.3], [2874.0, 3610.7], [2870.6, 3610.9], [2866.3, 3606.4], [2867.1, 3596.1]]]}}, {"type": "Feature", "properties": {"OBJECTID": 85, "id": 85, "name": " ", "continent": "Essos", "S2": null, "Shape__Area": 1761518321.0354004, "Shape__Length": 153210.05130796277}, "geometry": {"type": "Polygon", "coordinates": [[[4586.8, 5679.9], [4589.2, 5679.3], [4596.7, 5677.7], [4601.0, 5678.8], [4607.4, 5685.3], [4607.9, 5691.5], [4607.0, 5695.3], [4599.7, 5704.9], [4598.8, 5706.4], [4592.3, 5709.4], [4588.4, 5709.2], [4582.6, 5706.5], [4580.0, 5696.3], [4581.1, 5686.8], [4586.3, 5680.4], [4586.5, 5680.2], [4586.8, 5679.9]]]}}, {"type": "Feature", "properties": {"OBJECTID": 86, "id": 86, "name": " ", "continent": "Essos", "S2": null, "Shape__Area": 2729781358.8830566, "Shape__Length": 302986.23880724545}, "geometry": {"type": "Polygon", "coordinates": [[[5173.2, 6130.6], [5182.8, 6135.2], [5188.9, 6133.8], [5192.3, 6141.7], [5200.5, 6143.7], [5202.2, 6149.5], [5206.7, 6151.0], [5213.5, 6155.6], [5216.2, 6162.8], [5216.9, 6166.1], [5224.4, 6170.1], [5227.1, 6174.0], [5227.8, 6180.6], [5227.8, 6189.8], [5221.6, 6189.8], [5216.9, 6184.6], [5211.4, 6182.6], [5206.6, 6175.4], [5205.9, 6172.2], [5202.7, 6169.8], [5177.8, 6139.5], [5169.5, 6135.3], [5173.2, 6130.6]]]}}, {"type": "Feature", "properties": {"OBJECTID": 87, "id": null, "name": "Ulos", "continent": null, "S2": null, "Shape__Area": 48141910782.86133, "Shape__Length": 979653.609473212}, "geometry": {"type": "Polygon", "coordinates": [[[9776.8, 7125.4], [9777.3, 7124.8], [9785.1, 7119.3], [9793.9, 7105.3], [9800.6, 7099.6], [9800.9, 7099.1], [9802.5, 7096.9], [9805.7, 7092.6], [9808.8, 7085.1], [9810.0, 7081.0], [9810.9, 7078.1], [9810.0, 7074.5], [9809.8, 7073.7], [9803.8, 7072.1], [9801.1, 7071.5], [9789.2, 7068.8], [9779.5, 7065.3], [9777.9, 7061.4], [9778.4, 7056.1], [9779.1, 7054.7], [9783.4, 7045.4], [9784.6, 7042.8], [9788.7, 7036.6], [9793.9, 7034.8], [9795.2, 7034.9], [9798.2, 7033.5], [9807.6, 7033.0], [9824.3, 7032.1], [9827.0, 7032.6], [9834.4, 7033.9], [9836.6, 7034.3], [9854.2, 7034.3], [9865.5, 7034.8], [9874.2, 7041.6], [9876.8, 7043.6], [9890.7, 7045.4], [9891.5, 7045.4], [9901.6, 7046.2], [9919.6, 7057.3], [9927.8, 7070.5], [9924.7, 7079.7], [9913.4, 7087.2], [9902.0, 7095.1], [9899.0, 7103.0], [9898.4, 7110.4], [9898.4, 7113.0], [9903.7, 7117.6], [9903.6, 7117.7], [9909.8, 7122.2], [9913.4, 7127.0], [9908.2, 7135.8], [9903.1, 7147.1], [9900.5, 7153.2], [9898.4, 7156.6], [9893.8, 7160.1], [9887.1, 7163.6], [9877.8, 7171.0], [9872.7, 7173.6], [9859.3, 7170.1], [9847.9, 7163.2], [9836.1, 7162.8], [9820.6, 7166.7], [9802.6, 7173.2], [9791.3, 7172.3], [9789.2, 7164.5], [9789.2, 7159.1], [9789.2, 7156.7], [9788.7, 7150.2], [9788.6, 7150.0], [9786.1, 7145.9], [9781.0, 7142.0], [9776.3, 7139.8], [9772.7, 7135.4], [9773.8, 7131.1], [9777.5, 7127.2], [9776.8, 7125.4]]]}}, {"type": "Feature", "properties": {"OBJECTID": 88, "id": null, "name": null, "continent": null, "S2": null, "Shape__Area": 15771702377.332031, "Shape__Length": 652004.4154541426}, "geometry": {"type": "Polygon", "coordinates": [[[9510.3, 7284.5], [9503.9, 7286.7], [9502.7, 7287.1], [9496.0, 7287.1], [9494.0, 7284.5], [9494.0, 7278.6], [9496.0, 7273.0], [9500.9, 7268.6], [9502.4, 7266.3], [9503.5, 7265.6], [9506.5, 7263.7], [9506.9, 7259.4], [9506.9, 7252.1], [9507.9, 7247.4], [9510.5, 7246.3], [9514.3, 7244.6], [9515.6, 7244.0], [9522.3, 7239.7], [9525.9, 7232.9], [9529.0, 7228.6], [9537.3, 7226.9], [9543.4, 7229.4], [9553.2, 7231.1], [9559.7, 7231.1], [9569.2, 7231.1], [9583.0, 7220.2], [9585.0, 7219.7], [9586.0, 7219.7], [9587.2, 7218.7], [9595.0, 7214.8], [9613.5, 7214.8], [9624.8, 7215.6], [9629.9, 7217.0], [9634.1, 7218.2], [9637.8, 7218.6], [9644.9, 7219.5], [9650.1, 7222.9], [9647.0, 7225.1], [9645.4, 7226.3], [9640.8, 7228.5], [9633.1, 7232.4], [9624.8, 7238.4], [9622.4, 7239.5], [9614.5, 7243.1], [9608.8, 7247.3], [9604.7, 7250.3], [9597.0, 7256.8], [9587.7, 7264.4], [9575.9, 7269.6], [9554.8, 7268.7], [9544.8, 7265.3], [9533.8, 7266.7], [9531.1, 7271.9], [9517.7, 7276.7], [9512.5, 7283.2], [9510.3, 7284.5]]]}}, {"type": "Feature", "properties": {"OBJECTID": 89, "id": null, "name": null, "continent": null, "S2": null, "Shape__Area": 818386712116.2827, "Shape__Length": 4596116.261102064}, "geometry": {"type": "Polygon", "coordinates": [[[7205.4, 6942.9], [7206.1, 6943.6], [7210.0, 6947.6], [7216.8, 6958.5], [7221.6, 6967.7], [7219.6, 6985.3], [7215.2, 6989.5], [7211.0, 6993.7], [7208.2, 6999.3], [7206.1, 7003.7], [7206.1, 7007.8], [7210.0, 7012.8], [7210.0, 7017.8], [7207.1, 7022.5], [7202.9, 7029.4], [7202.9, 7037.5], [7205.2, 7041.0], [7204.2, 7050.1], [7198.5, 7055.0], [7197.3, 7058.9], [7187.2, 7069.5], [7180.8, 7075.0], [7178.7, 7078.5], [7177.6, 7080.4], [7175.5, 7087.8], [7168.0, 7091.9], [7155.8, 7090.6], [7152.9, 7089.7], [7147.6, 7087.9], [7144.2, 7084.2], [7145.4, 7080.7], [7128.9, 7070.5], [7128.1, 7070.0], [7121.3, 7067.5], [7110.0, 7072.1], [7106.9, 7073.3], [7104.2, 7074.3], [7098.0, 7073.6], [7091.5, 7066.7], [7079.8, 7062.8], [7076.8, 7061.9], [7074.1, 7061.0], [7068.1, 7059.5], [7060.6, 7057.7], [7049.9, 7062.6], [7044.3, 7062.6], [7035.6, 7057.7], [7026.9, 7051.1], [7018.8, 7047.6], [7018.1, 7045.7], [7021.1, 7040.4], [7020.2, 7034.6], [7007.8, 7026.6], [7004.8, 7024.6], [6996.1, 7024.6], [6990.3, 7024.6], [6980.7, 7027.1], [6974.9, 7020.5], [6967.2, 7016.3], [6967.2, 7009.7], [6966.2, 7001.4], [6963.2, 6997.3], [6959.5, 6992.2], [6957.4, 6990.4], [6955.9, 6989.1], [6954.7, 6988.0], [6949.3, 6985.2], [6945.1, 6983.0], [6940.2, 6983.9], [6935.2, 6986.3], [6931.0, 6985.6], [6925.8, 6982.2], [6921.9, 6973.0], [6922.9, 6966.3], [6924.8, 6955.4], [6924.8, 6944.5], [6918.1, 6936.9], [6916.2, 6928.5], [6923.9, 6916.7], [6928.7, 6902.4], [6929.3, 6902.0], [6931.8, 6900.8], [6932.9, 6898.5], [6931.6, 6895.6], [6917.1, 6895.6], [6914.6, 6893.8], [6911.4, 6891.4], [6909.4, 6888.0], [6897.9, 6881.2], [6890.2, 6881.2], [6883.4, 6876.1], [6874.8, 6864.2], [6869.8, 6855.5], [6869.8, 6852.9], [6873.8, 6847.2], [6875.7, 6842.1], [6868.4, 6835.6], [6868.4, 6834.7], [6872.9, 6827.6], [6881.5, 6821.6], [6890.2, 6812.2], [6899.4, 6810.9], [6901.0, 6810.7], [6900.9, 6809.2], [6894.1, 6804.5], [6893.2, 6804.1], [6885.4, 6801.0], [6881.5, 6795.0], [6876.7, 6786.4], [6873.6, 6783.9], [6867.1, 6778.7], [6861.8, 6777.1], [6855.5, 6775.3], [6851.7, 6765.8], [6856.4, 6753.2], [6857.5, 6750.3], [6856.1, 6742.0], [6852.8, 6739.0], [6849.7, 6739.0], [6846.2, 6740.1], [6845.1, 6741.7], [6839.1, 6750.7], [6833.5, 6759.2], [6832.0, 6758.2], [6831.0, 6758.8], [6829.1, 6756.2], [6828.3, 6755.2], [6828.3, 6746.3], [6828.3, 6740.5], [6823.1, 6732.3], [6817.9, 6728.8], [6815.3, 6719.4], [6815.3, 6708.8], [6814.7, 6705.1], [6810.7, 6698.0], [6802.2, 6694.6], [6795.7, 6682.8], [6801.7, 6669.8], [6801.4, 6667.8], [6791.8, 6658.0], [6786.6, 6658.0], [6783.9, 6649.7], [6776.1, 6647.3], [6768.6, 6638.6], [6767.9, 6634.8], [6770.9, 6628.3], [6781.3, 6626.0], [6781.7, 6624.7], [6783.4, 6617.5], [6784.0, 6615.2], [6782.7, 6608.1], [6778.7, 6597.4], [6774.5, 6591.2], [6772.2, 6587.8], [6763.9, 6583.0], [6761.8, 6581.8], [6743.5, 6573.5], [6737.0, 6566.3], [6738.2, 6562.8], [6739.6, 6559.1], [6752.6, 6547.1], [6750.0, 6543.5], [6743.5, 6538.7], [6736.2, 6536.0], [6730.5, 6533.9], [6722.6, 6525.5], [6727.3, 6511.6], [6726.8, 6509.7], [6718.7, 6507.4], [6705.7, 6501.3], [6693.9, 6497.7], [6676.1, 6488.5], [6673.0, 6482.9], [6673.0, 6482.1], [6674.0, 6475.3], [6686.1, 6467.5], [6691.3, 6454.1], [6688.5, 6448.9], [6683.2, 6445.7], [6680.3, 6436.8], [6687.8, 6431.9], [6690.4, 6427.7], [6690.7, 6425.8], [6678.3, 6417.7], [6679.6, 6409.1], [6690.0, 6401.8], [6700.5, 6401.8], [6710.9, 6394.4], [6717.5, 6382.2], [6722.7, 6368.7], [6727.9, 6361.4], [6737.1, 6357.7], [6746.2, 6346.6], [6763.2, 6344.2], [6780.1, 6340.4], [6787.3, 6342.1], [6791.4, 6341.0], [6794.5, 6333.1], [6799.7, 6329.4], [6815.4, 6323.2], [6816.7, 6314.6], [6825.9, 6309.6], [6833.7, 6305.9], [6836.3, 6296.1], [6836.3, 6286.2], [6844.2, 6272.6], [6849.4, 6263.9], [6865.1, 6256.5], [6876.8, 6250.2], [6893.8, 6249.0], [6919.9, 6245.2], [6931.7, 6249.0], [6949.9, 6251.4], [6964.5, 6251.4], [6972.9, 6254.6], [6987.8, 6265.0], [6994.3, 6272.4], [7008.7, 6281.1], [7015.8, 6288.6], [7023.1, 6292.8], [7036.1, 6289.7], [7060.9, 6279.8], [7076.6, 6278.6], [7081.8, 6282.3], [7084.4, 6290.9], [7093.5, 6295.8], [7105.3, 6299.5], [7117.5, 6305.3], [7118.0, 6306.8], [7115.4, 6314.8], [7116.7, 6319.5], [7122.3, 6322.9], [7134.0, 6330.7], [7134.3, 6333.8], [7132.7, 6337.7], [7126.2, 6352.4], [7128.8, 6361.0], [7134.0, 6367.1], [7148.4, 6378.2], [7154.9, 6386.7], [7153.6, 6395.3], [7143.1, 6402.6], [7144.4, 6409.9], [7152.3, 6419.7], [7160.1, 6431.9], [7161.4, 6451.3], [7164.0, 6467.1], [7162.7, 6480.4], [7158.8, 6486.5], [7156.2, 6489.6], [7148.5, 6499.1], [7148.0, 6505.0], [7149.6, 6511.8], [7148.3, 6528.7], [7144.4, 6541.9], [7139.1, 6550.3], [7139.1, 6562.3], [7150.1, 6577.4], [7151.4, 6579.3], [7151.1, 6582.5], [7150.6, 6583.5], [7147.0, 6591.1], [7143.0, 6601.8], [7143.0, 6602.2], [7142.4, 6607.2], [7141.7, 6613.7], [7136.5, 6626.8], [7131.6, 6643.0], [7133.0, 6650.3], [7150.6, 6662.1], [7162.0, 6671.0], [7164.8, 6683.2], [7164.8, 6692.8], [7160.0, 6703.2], [7161.9, 6707.6], [7166.8, 6710.2], [7176.4, 6711.0], [7186.0, 6712.8], [7192.8, 6718.8], [7200.9, 6732.6], [7201.0, 6735.1], [7195.9, 6753.3], [7196.2, 6755.1], [7199.5, 6759.5], [7201.8, 6764.9], [7202.4, 6766.4], [7202.1, 6767.9], [7200.5, 6777.6], [7200.5, 6784.5], [7201.4, 6792.2], [7207.2, 6799.9], [7213.0, 6804.2], [7221.6, 6810.2], [7231.0, 6812.2], [7233.8, 6815.3], [7234.2, 6817.0], [7236.1, 6833.3], [7234.4, 6857.8], [7234.1, 6861.4], [7234.2, 6861.7], [7235.1, 6867.3], [7235.1, 6870.7], [7239.0, 6878.4], [7238.0, 6889.4], [7238.0, 6900.4], [7233.2, 6919.0], [7230.5, 6921.2], [7220.6, 6929.1], [7205.2, 6935.9], [7204.3, 6941.2], [7205.4, 6942.9]]]}}, {"type": "Feature", "properties": {"OBJECTID": 90, "id": null, "name": "Marahai", "continent": null, "S2": null, "Shape__Area": 58982259515.03711, "Shape__Length": 1820557.4109420658}, "geometry": {"type": "Polygon", "coordinates": [[[7732.1, 7028.6], [7732.7, 7027.9], [7734.5, 7023.0], [7734.0, 7021.2], [7732.9, 7018.2], [7728.4, 7014.6], [7727.9, 7013.6], [7726.3, 7010.4], [7726.6, 7004.0], [7729.8, 7000.4], [7733.0, 6999.2], [7736.1, 6999.2], [7753.1, 6997.1], [7758.1, 6996.2], [7776.0, 6990.6], [7793.5, 6990.6], [7806.6, 6994.9], [7809.3, 6996.5], [7809.5, 6996.6], [7811.1, 6997.5], [7811.4, 6998.1], [7811.6, 6999.8], [7811.6, 7000.7], [7810.7, 7001.9], [7809.9, 7002.4], [7808.3, 7003.2], [7796.4, 7006.8], [7794.9, 7007.3], [7786.2, 7011.8], [7784.9, 7013.4], [7784.5, 7016.7], [7785.5, 7017.6], [7790.5, 7019.2], [7790.9, 7019.7], [7791.0, 7019.8], [7793.0, 7020.9], [7793.0, 7021.6], [7791.1, 7024.8], [7791.0, 7024.9], [7788.8, 7025.3], [7775.3, 7032.6], [7770.7, 7039.0], [7770.0, 7047.7], [7768.3, 7058.5], [7768.3, 7059.3], [7768.7, 7062.1], [7769.4, 7064.4], [7769.4, 7064.4], [7770.1, 7065.0], [7771.2, 7066.0], [7772.8, 7066.8], [7774.1, 7067.4], [7781.3, 7067.2], [7783.3, 7067.2], [7791.0, 7066.6], [7791.1, 7066.6], [7791.2, 7066.6], [7793.2, 7066.6], [7795.6, 7067.8], [7796.1, 7069.1], [7796.3, 7069.9], [7796.3, 7072.2], [7796.3, 7072.2], [7795.6, 7075.7], [7794.7, 7079.6], [7794.7, 7082.2], [7795.1, 7085.2], [7796.5, 7088.1], [7799.7, 7090.2], [7803.9, 7091.7], [7808.5, 7093.4], [7808.9, 7093.5], [7809.1, 7093.6], [7814.4, 7096.1], [7817.4, 7098.2], [7819.9, 7102.1], [7821.1, 7103.9], [7824.2, 7110.0], [7826.5, 7112.4], [7834.4, 7114.0], [7877.8, 7115.7], [7902.0, 7113.3], [7919.5, 7105.9], [7921.6, 7097.2], [7925.4, 7093.1], [7935.9, 7090.7], [7943.6, 7085.0], [7950.6, 7081.4], [7953.8, 7077.8], [7952.4, 7066.4], [7947.5, 7059.8], [7939.4, 7047.8], [7925.8, 7038.5], [7917.7, 7034.0], [7915.9, 7030.9], [7915.2, 7024.8], [7914.9, 7022.6], [7914.2, 7018.1], [7918.4, 7016.5], [7932.1, 7020.5], [7942.6, 7021.0], [7956.6, 7023.1], [7964.0, 7031.9], [7967.4, 7036.1], [7973.0, 7040.9], [7973.0, 7046.3], [7975.1, 7054.4], [7986.0, 7061.3], [7997.2, 7069.4], [7996.8, 7074.2], [7991.2, 7081.7], [7987.0, 7088.5], [7987.4, 7096.9], [7987.7, 7100.8], [7980.7, 7104.9], [7976.5, 7109.7], [7975.1, 7114.7], [7975.1, 7119.8], [7969.5, 7124.3], [7962.9, 7130.2], [7953.1, 7136.1], [7938.0, 7141.2], [7927.8, 7142.7], [7918.7, 7145.0], [7911.0, 7148.0], [7910.3, 7150.9], [7909.6, 7151.8], [7897.4, 7151.8], [7889.7, 7151.8], [7883.0, 7153.6], [7879.2, 7156.0], [7867.6, 7156.9], [7861.0, 7155.4], [7852.6, 7154.5], [7842.1, 7154.5], [7837.9, 7156.6], [7829.5, 7159.6], [7817.9, 7159.0], [7810.6, 7157.8], [7805.3, 7155.2], [7800.1, 7149.3], [7794.1, 7142.4], [7787.5, 7138.3], [7779.4, 7134.2], [7770.7, 7133.6], [7756.0, 7128.6], [7751.1, 7123.8], [7749.0, 7117.6], [7744.8, 7107.8], [7740.6, 7098.6], [7738.5, 7092.6], [7733.9, 7086.7], [7726.6, 7081.0], [7721.0, 7071.4], [7717.1, 7066.6], [7715.7, 7065.1], [7713.6, 7059.4], [7713.6, 7053.4], [7720.0, 7043.2], [7724.9, 7037.8], [7730.8, 7030.3], [7732.1, 7028.6]]]}}, {"type": "Feature", "properties": {"OBJECTID": 91, "id": null, "name": "Isle of Elephants", "continent": null, "S2": null, "Shape__Area": 29951083869.339844, "Shape__Length": 973091.1995587833}, "geometry": {"type": "Polygon", "coordinates": [[[7261.2, 7349.6], [7261.2, 7354.6], [7254.2, 7354.0], [7249.3, 7353.5], [7248.0, 7359.7], [7240.2, 7359.7], [7234.0, 7355.9], [7220.8, 7353.4], [7214.5, 7349.0], [7215.3, 7342.0], [7206.0, 7334.4], [7195.9, 7330.6], [7188.9, 7328.7], [7184.2, 7320.4], [7178.0, 7317.9], [7173.3, 7314.0], [7174.9, 7307.7], [7181.1, 7307.0], [7184.3, 7304.8], [7185.8, 7303.8], [7187.6, 7299.8], [7188.1, 7298.7], [7192.8, 7294.2], [7197.6, 7293.9], [7202.1, 7293.6], [7203.8, 7288.5], [7204.3, 7288.4], [7213.5, 7283.9], [7213.5, 7281.3], [7223.1, 7283.3], [7228.6, 7285.9], [7227.8, 7292.3], [7232.4, 7301.9], [7247.2, 7298.6], [7253.5, 7294.2], [7262.0, 7289.7], [7272.1, 7289.0], [7282.2, 7282.6], [7283.8, 7275.5], [7283.4, 7273.2], [7282.9, 7270.7], [7282.2, 7267.2], [7282.3, 7258.8], [7286.1, 7253.0], [7285.6, 7237.4], [7287.9, 7230.3], [7294.9, 7222.4], [7306.9, 7216.9], [7317.9, 7222.9], [7318.4, 7233.9], [7315.5, 7239.2], [7317.3, 7243.3], [7318.8, 7248.5], [7315.7, 7253.6], [7313.0, 7258.5], [7314.1, 7261.9], [7319.0, 7265.3], [7321.1, 7266.8], [7324.9, 7269.9], [7324.9, 7270.9], [7332.8, 7275.5], [7335.1, 7285.8], [7328.9, 7290.9], [7323.5, 7294.1], [7321.1, 7298.6], [7312.6, 7301.2], [7310.2, 7306.3], [7310.2, 7313.3], [7310.2, 7319.7], [7306.3, 7329.2], [7303.2, 7332.4], [7291.6, 7338.1], [7285.3, 7343.2], [7277.5, 7344.5], [7270.5, 7344.5], [7264.0, 7343.5], [7261.2, 7345.1], [7261.2, 7349.6]]]}}, {"type": "Feature", "properties": {"OBJECTID": 92, "id": null, "name": "Lesser Moraq", "continent": null, "S2": null, "Shape__Area": 72188262630.07788, "Shape__Length": 1309087.382234028}, "geometry": {"type": "Polygon", "coordinates": [[[6544.4, 6776.5], [6549.3, 6771.5], [6552.8, 6771.0], [6563.1, 6772.1], [6578.1, 6776.1], [6579.6, 6778.5], [6580.1, 6787.4], [6582.6, 6795.0], [6583.2, 6795.7], [6598.3, 6803.0], [6601.7, 6805.9], [6605.5, 6811.8], [6609.5, 6822.1], [6611.9, 6828.1], [6618.6, 6837.5], [6641.6, 6850.6], [6644.7, 6851.9], [6650.1, 6854.0], [6653.2, 6859.5], [6654.5, 6870.9], [6653.9, 6873.5], [6646.2, 6875.3], [6633.8, 6884.9], [6627.6, 6893.8], [6620.6, 6909.5], [6616.5, 6916.6], [6613.5, 6921.8], [6612.8, 6929.3], [6615.8, 6934.9], [6619.0, 6940.8], [6619.8, 6953.0], [6605.0, 6976.0], [6603.4, 6979.0], [6602.4, 6981.1], [6602.3, 6982.5], [6602.3, 6986.3], [6603.3, 6992.2], [6604.7, 6998.1], [6604.0, 7005.7], [6601.6, 7012.1], [6594.5, 7019.8], [6590.1, 7024.7], [6588.0, 7027.0], [6584.7, 7030.9], [6583.7, 7032.2], [6581.9, 7034.7], [6578.9, 7037.0], [6569.4, 7037.6], [6563.6, 7034.1], [6562.1, 7031.7], [6561.2, 7030.2], [6559.8, 7019.8], [6552.8, 6999.7], [6549.7, 6976.8], [6549.7, 6969.3], [6548.7, 6965.9], [6542.1, 6958.1], [6521.7, 6944.3], [6501.1, 6931.7], [6498.4, 6927.2], [6498.4, 6923.9], [6498.4, 6915.1], [6503.9, 6900.8], [6507.8, 6885.7], [6512.7, 6869.7], [6512.6, 6867.0], [6512.1, 6866.4], [6509.3, 6862.4], [6502.3, 6861.0], [6495.3, 6861.5], [6491.4, 6861.5], [6488.7, 6861.5], [6482.6, 6862.1], [6473.5, 6859.1], [6471.1, 6853.4], [6470.1, 6847.1], [6471.4, 6842.6], [6474.2, 6840.7], [6474.3, 6840.4], [6479.2, 6836.7], [6484.4, 6832.8], [6486.0, 6830.0], [6488.3, 6825.9], [6499.2, 6814.9], [6504.3, 6814.4], [6507.0, 6814.2], [6516.4, 6810.0], [6522.1, 6805.4], [6531.1, 6798.2], [6541.4, 6789.6], [6542.8, 6788.5], [6544.4, 6776.5]]]}}, {"type": "Feature", "properties": {"OBJECTID": 93, "id": null, "name": null, "continent": null, "S2": null, "Shape__Area": 86762753137.39355, "Shape__Length": 1920839.840398229}, "geometry": {"type": "Polygon", "coordinates": [[[6518.5, 7155.2], [6523.7, 7157.9], [6527.2, 7158.3], [6534.1, 7157.8], [6541.9, 7155.2], [6546.6, 7151.2], [6553.6, 7149.9], [6570.7, 7148.6], [6573.0, 7148.1], [6577.5, 7147.1], [6580.5, 7144.8], [6582.4, 7137.5], [6584.5, 7136.5], [6593.2, 7134.8], [6601.3, 7133.2], [6604.5, 7130.9], [6605.7, 7128.8], [6610.4, 7120.8], [6610.8, 7119.5], [6612.1, 7118.2], [6613.8, 7117.4], [6616.2, 7116.5], [6618.5, 7116.5], [6621.5, 7117.0], [6623.4, 7118.7], [6623.6, 7120.2], [6623.5, 7122.1], [6623.5, 7122.4], [6623.2, 7123.7], [6623.1, 7124.2], [6623.0, 7124.4], [6621.2, 7131.4], [6615.4, 7145.7], [6614.6, 7147.0], [6604.1, 7157.7], [6602.8, 7158.5], [6591.7, 7165.0], [6590.4, 7166.0], [6586.1, 7169.6], [6579.2, 7175.4], [6569.9, 7184.6], [6568.3, 7189.3], [6567.5, 7191.8], [6566.5, 7194.3], [6566.0, 7200.3], [6566.0, 7217.2], [6560.5, 7228.2], [6549.6, 7237.3], [6544.9, 7239.5], [6542.6, 7243.6], [6542.6, 7245.0], [6543.4, 7250.2], [6541.8, 7260.5], [6537.2, 7268.9], [6536.5, 7276.6], [6537.1, 7278.5], [6538.5, 7279.9], [6542.0, 7280.3], [6553.5, 7279.8], [6564.4, 7277.7], [6567.8, 7277.3], [6575.2, 7277.7], [6577.6, 7279.1], [6580.7, 7284.3], [6582.3, 7287.7], [6584.1, 7288.7], [6587.2, 7288.8], [6597.8, 7287.4], [6597.8, 7287.4], [6598.7, 7287.2], [6617.3, 7282.3], [6618.1, 7282.0], [6629.2, 7277.4], [6633.3, 7276.6], [6639.2, 7277.0], [6641.3, 7278.9], [6643.4, 7284.5], [6642.9, 7287.1], [6632.1, 7307.2], [6620.4, 7314.3], [6603.3, 7320.0], [6579.9, 7329.6], [6572.1, 7340.4], [6565.0, 7355.6], [6563.4, 7357.6], [6558.8, 7360.9], [6557.5, 7361.4], [6546.3, 7363.3], [6540.3, 7365.2], [6528.6, 7372.1], [6517.3, 7373.1], [6513.6, 7372.8], [6510.9, 7371.1], [6502.1, 7368.3], [6494.5, 7356.6], [6490.5, 7354.1], [6475.2, 7350.0], [6469.4, 7345.9], [6461.8, 7347.0], [6461.6, 7347.1], [6457.8, 7349.2], [6453.8, 7348.8], [6447.7, 7345.6], [6442.5, 7337.5], [6436.2, 7337.4], [6428.3, 7337.2], [6424.1, 7336.5], [6420.5, 7338.1], [6418.1, 7338.0], [6416.8, 7335.1], [6415.8, 7328.5], [6415.8, 7322.1], [6406.5, 7320.2], [6401.8, 7316.3], [6401.1, 7315.1], [6402.6, 7304.3], [6402.6, 7297.9], [6402.6, 7294.0], [6405.1, 7292.6], [6418.1, 7292.1], [6432.9, 7289.5], [6439.9, 7285.7], [6457.8, 7279.9], [6464.0, 7277.9], [6467.9, 7274.1], [6468.8, 7265.2], [6468.0, 7262.0], [6467.8, 7259.7], [6467.4, 7257.0], [6468.3, 7254.4], [6468.5, 7254.0], [6469.4, 7252.3], [6469.6, 7252.0], [6471.3, 7250.2], [6472.0, 7248.0], [6472.4, 7245.2], [6473.3, 7241.6], [6473.5, 7240.5], [6473.5, 7240.3], [6473.5, 7238.2], [6473.2, 7237.0], [6473.4, 7236.7], [6471.1, 7230.2], [6467.1, 7223.6], [6464.5, 7219.2], [6464.3, 7217.8], [6466.4, 7210.7], [6478.9, 7187.9], [6482.0, 7179.7], [6482.0, 7170.0], [6484.3, 7164.1], [6485.1, 7157.2], [6488.2, 7140.1], [6492.9, 7124.3], [6496.8, 7115.7], [6503.0, 7109.1], [6506.6, 7107.6], [6508.6, 7107.5], [6509.8, 7108.1], [6511.6, 7113.1], [6510.8, 7125.6], [6507.7, 7135.5], [6507.7, 7142.6], [6508.5, 7144.9], [6518.5, 7155.2]]]}}, {"type": "Feature", "properties": {"OBJECTID": 94, "id": null, "name": "Jhala", "continent": null, "S2": null, "Shape__Area": 392752343878.40625, "Shape__Length": 3887660.9629030526}, "geometry": {"type": "Polygon", "coordinates": [[[2837.7, 7531.9], [2833.0, 7536.3], [2832.5, 7536.7], [2824.1, 7531.7], [2821.1, 7530.0], [2813.9, 7525.3], [2801.5, 7518.7], [2798.2, 7510.9], [2793.0, 7505.3], [2786.5, 7503.2], [2783.2, 7502.2], [2778.9, 7501.0], [2772.1, 7499.1], [2766.2, 7491.3], [2761.0, 7479.4], [2756.5, 7464.9], [2752.5, 7452.3], [2753.2, 7430.9], [2753.2, 7420.4], [2753.2, 7416.7], [2746.4, 7412.2], [2742.1, 7409.4], [2738.2, 7398.9], [2740.2, 7387.2], [2747.4, 7375.6], [2748.0, 7372.2], [2750.0, 7361.3], [2742.8, 7352.2], [2735.8, 7346.2], [2725.8, 7337.3], [2725.2, 7322.9], [2733.7, 7314.4], [2742.8, 7310.1], [2750.6, 7305.8], [2748.0, 7293.9], [2751.3, 7288.6], [2759.1, 7282.6], [2768.3, 7278.9], [2772.2, 7276.2], [2774.2, 7268.6], [2775.5, 7260.5], [2785.3, 7255.1], [2796.4, 7245.8], [2810.1, 7237.7], [2819.2, 7233.3], [2825.8, 7228.4], [2840.1, 7227.3], [2849.3, 7227.3], [2860.1, 7225.9], [2861.0, 7218.6], [2872.1, 7213.1], [2883.2, 7209.3], [2895.0, 7206.6], [2900.8, 7194.0], [2914.6, 7188.0], [2929.6, 7187.4], [2945.2, 7183.6], [2953.1, 7179.7], [2958.3, 7177.5], [2972.0, 7179.1], [2981.8, 7181.3], [2988.3, 7183.0], [2994.9, 7176.9], [3000.7, 7173.1], [3008.6, 7172.0], [3026.9, 7172.0], [3036.0, 7169.8], [3051.0, 7165.9], [3063.4, 7164.8], [3074.5, 7164.8], [3081.7, 7162.0], [3087.6, 7157.6], [3097.4, 7153.7], [3104.6, 7152.1], [3115.7, 7151.5], [3122.2, 7151.5], [3122.9, 7152.1], [3130.7, 7150.4], [3134.6, 7144.3], [3141.8, 7126.6], [3152.9, 7110.6], [3160.7, 7108.9], [3179.0, 7107.8], [3186.2, 7110.5], [3191.4, 7124.4], [3196.6, 7149.8], [3203.1, 7161.4], [3209.7, 7171.3], [3220.8, 7175.6], [3222.1, 7181.7], [3218.8, 7189.3], [3218.8, 7194.8], [3227.9, 7203.0], [3239.7, 7212.8], [3244.9, 7221.5], [3245.6, 7225.9], [3240.3, 7233.0], [3233.1, 7234.6], [3230.2, 7234.9], [3235.8, 7237.3], [3249.5, 7240.6], [3257.9, 7245.4], [3259.9, 7256.8], [3263.8, 7263.9], [3271.0, 7268.2], [3287.3, 7272.5], [3299.7, 7278.4], [3308.2, 7287.6], [3308.9, 7297.2], [3312.8, 7305.8], [3319.3, 7312.8], [3329.7, 7316.5], [3340.2, 7320.8], [3348.7, 7324.5], [3352.6, 7328.8], [3353.9, 7335.7], [3357.1, 7341.6], [3360.4, 7344.8], [3373.5, 7346.9], [3382.6, 7344.8], [3386.9, 7343.2], [3395.7, 7342.1], [3406.4, 7339.3], [3410.0, 7338.4], [3424.4, 7336.7], [3434.2, 7336.7], [3447.9, 7337.9], [3455.9, 7333.5], [3458.3, 7329.8], [3464.2, 7323.9], [3469.5, 7316.4], [3477.3, 7310.5], [3481.9, 7311.0], [3485.1, 7322.3], [3482.5, 7333.5], [3482.5, 7339.4], [3483.8, 7346.3], [3482.5, 7354.8], [3474.0, 7365.4], [3455.7, 7377.6], [3438.1, 7387.2], [3424.4, 7389.3], [3415.7, 7387.9], [3399.6, 7389.8], [3384.5, 7394.6], [3375.4, 7398.3], [3363.0, 7399.9], [3359.8, 7399.8], [3351.2, 7396.2], [3329.1, 7394.7], [3311.4, 7389.9], [3301.6, 7386.2], [3289.9, 7386.2], [3273.6, 7386.3], [3265.7, 7385.7], [3259.9, 7378.9], [3257.9, 7369.3], [3256.6, 7361.9], [3238.3, 7360.9], [3224.6, 7357.2], [3203.7, 7347.1], [3192.6, 7338.0], [3180.2, 7335.4], [3178.9, 7329.0], [3178.9, 7321.5], [3177.0, 7317.7], [3167.2, 7315.6], [3161.3, 7313.5], [3154.8, 7309.7], [3152.2, 7305.4], [3141.1, 7302.7], [3136.5, 7308.1], [3128.0, 7315.1], [3126.7, 7317.8], [3123.4, 7322.6], [3116.0, 7323.9], [3107.7, 7323.7], [3100.6, 7323.4], [3093.4, 7323.1], [3081.0, 7323.7], [3072.5, 7326.4], [3043.1, 7324.8], [3036.6, 7325.3], [3020.3, 7334.4], [3007.2, 7343.5], [2993.5, 7349.9], [2985.7, 7355.2], [2981.1, 7360.0], [2976.5, 7363.2], [2963.5, 7363.2], [2955.0, 7364.3], [2949.7, 7370.7], [2947.5, 7377.1], [2942.9, 7377.1], [2936.2, 7384.6], [2938.6, 7399.7], [2939.9, 7410.8], [2936.0, 7416.6], [2928.9, 7421.4], [2924.3, 7424.5], [2923.2, 7426.4], [2921.6, 7429.2], [2919.7, 7433.9], [2915.8, 7441.8], [2911.2, 7452.2], [2903.4, 7460.0], [2903.4, 7465.2], [2903.3, 7471.0], [2903.3, 7482.9], [2901.4, 7488.6], [2894.9, 7493.3], [2892.2, 7498.5], [2887.0, 7507.2], [2882.7, 7508.0], [2877.9, 7508.8], [2866.9, 7509.6], [2864.2, 7509.8], [2858.3, 7518.6], [2845.2, 7528.9], [2838.9, 7530.2], [2837.7, 7531.9]]]}}, {"type": "Feature", "properties": {"OBJECTID": 95, "id": null, "name": "Omboru", "continent": null, "S2": null, "Shape__Area": 112171047332.45996, "Shape__Length": 2631622.466008284}, "geometry": {"type": "Polygon", "coordinates": [[[3057.5, 6907.4], [3058.5, 6906.1], [3057.5, 6900.6], [3053.3, 6896.0], [3052.3, 6893.2], [3050.2, 6890.9], [3047.1, 6888.6], [3047.4, 6882.0], [3048.4, 6880.9], [3048.8, 6880.5], [3056.3, 6880.8], [3062.7, 6882.2], [3063.2, 6882.2], [3067.8, 6883.1], [3073.7, 6888.2], [3080.5, 6899.2], [3084.1, 6905.1], [3084.6, 6915.7], [3082.0, 6921.2], [3085.2, 6926.2], [3085.2, 6931.2], [3083.4, 6932.9], [3081.0, 6935.3], [3081.0, 6940.3], [3086.2, 6940.9], [3089.3, 6941.2], [3094.0, 6943.1], [3093.5, 6950.3], [3093.5, 6952.5], [3093.5, 6957.6], [3094.8, 6960.6], [3095.6, 6962.6], [3100.3, 6966.7], [3103.2, 6968.0], [3104.5, 6968.5], [3106.0, 6972.6], [3105.0, 6975.8], [3103.4, 6979.4], [3103.9, 6983.0], [3110.2, 6983.5], [3111.3, 6984.3], [3115.4, 6987.6], [3115.4, 6991.6], [3115.4, 6995.7], [3118.6, 7000.2], [3119.1, 7005.6], [3115.9, 7008.4], [3113.3, 7010.8], [3107.1, 7016.5], [3101.3, 7026.8], [3100.3, 7033.1], [3102.1, 7034.0], [3114.9, 7034.0], [3126.4, 7032.7], [3129.0, 7036.7], [3118.5, 7040.3], [3113.3, 7048.8], [3110.7, 7058.3], [3103.4, 7063.2], [3096.1, 7068.1], [3093.5, 7074.4], [3089.3, 7079.7], [3081.4, 7082.0], [3072.6, 7082.0], [3063.7, 7083.3], [3060.0, 7089.6], [3056.9, 7093.6], [3047.5, 7098.0], [3041.7, 7094.5], [3040.2, 7094.5], [3036.5, 7096.7], [3029.2, 7097.2], [3022.4, 7097.2], [3005.7, 7097.2], [3001.0, 7094.5], [2986.9, 7094.1], [2984.3, 7098.5], [2980.6, 7103.4], [2975.4, 7106.1], [2969.7, 7106.1], [2960.8, 7103.9], [2954.5, 7103.0], [2946.7, 7099.9], [2945.9, 7098.1], [2946.7, 7095.9], [2944.6, 7091.4], [2943.7, 7091.9], [2935.2, 7095.5], [2928.9, 7099.5], [2924.2, 7103.5], [2921.1, 7111.0], [2918.0, 7114.6], [2909.1, 7115.0], [2898.6, 7114.2], [2891.3, 7115.5], [2886.6, 7119.5], [2883.0, 7124.8], [2877.2, 7127.5], [2873.0, 7123.5], [2870.9, 7120.4], [2857.4, 7121.3], [2846.9, 7124.8], [2829.7, 7138.1], [2821.3, 7145.2], [2816.1, 7147.4], [2810.3, 7144.8], [2809.3, 7140.4], [2808.8, 7132.8], [2804.1, 7131.1], [2798.3, 7131.5], [2792.6, 7129.3], [2794.2, 7122.7], [2798.9, 7115.1], [2805.7, 7109.8], [2815.1, 7107.6], [2823.2, 7104.3], [2826.0, 7104.5], [2835.4, 7103.6], [2840.7, 7100.0], [2840.7, 7094.7], [2836.0, 7092.4], [2829.2, 7092.4], [2826.7, 7092.8], [2822.4, 7093.3], [2819.3, 7089.3], [2815.6, 7086.7], [2807.8, 7087.1], [2796.3, 7085.8], [2786.4, 7078.2], [2777.0, 7072.0], [2767.0, 7071.5], [2759.7, 7070.6], [2757.1, 7069.7], [2756.1, 7065.7], [2750.3, 7063.0], [2746.7, 7060.4], [2745.1, 7056.3], [2749.3, 7051.4], [2750.3, 7045.1], [2744.6, 7045.1], [2732.0, 7038.9], [2723.7, 7033.5], [2713.2, 7027.2], [2707.5, 7024.0], [2703.3, 7019.5], [2703.9, 7012.8], [2704.9, 7005.5], [2704.9, 7002.8], [2698.1, 6998.8], [2692.4, 6994.7], [2691.3, 6985.7], [2692.9, 6978.4], [2698.1, 6975.2], [2705.4, 6980.2], [2710.1, 6987.0], [2713.8, 6992.4], [2724.2, 7000.1], [2731.0, 7001.9], [2736.0, 7001.9], [2742.5, 7005.1], [2747.7, 7015.4], [2752.4, 7019.9], [2760.8, 7021.7], [2765.5, 7021.3], [2765.5, 7015.9], [2775.4, 7014.5], [2786.9, 7014.5], [2796.3, 7013.6], [2803.6, 7016.3], [2809.9, 7017.6], [2814.6, 7016.3], [2817.7, 7011.8], [2820.3, 7007.7], [2826.1, 7005.4], [2831.3, 7010.0], [2830.8, 7014.0], [2831.3, 7017.6], [2837.6, 7020.3], [2850.6, 7022.1], [2856.4, 7024.8], [2859.0, 7031.6], [2862.1, 7034.7], [2868.9, 7038.3], [2881.4, 7038.3], [2893.4, 7036.0], [2895.5, 7032.9], [2897.6, 7027.5], [2901.8, 7025.2], [2907.5, 7027.9], [2912.2, 7032.4], [2920.1, 7036.4], [2927.4, 7036.4], [2937.3, 7034.2], [2947.8, 7031.5], [2954.5, 7030.1], [2969.7, 7030.1], [2974.4, 7029.2], [2974.6, 7028.8], [2979.1, 7028.8], [2989.5, 7018.8], [2997.4, 7017.5], [3008.9, 7017.5], [3015.7, 7015.7], [3021.9, 7008.0], [3024.5, 7002.6], [3028.2, 6999.9], [3032.9, 6995.8], [3034.0, 6993.5], [3043.4, 6993.5], [3048.1, 6990.3], [3050.7, 6987.2], [3053.8, 6978.6], [3053.8, 6974.5], [3050.5, 6972.3], [3050.5, 6972.3], [3048.1, 6970.8], [3048.1, 6964.0], [3049.1, 6958.6], [3047.0, 6954.0], [3040.2, 6950.8], [3035.5, 6946.8], [3032.9, 6941.3], [3035.0, 6933.5], [3036.7, 6932.1], [3036.4, 6931.7], [3040.2, 6929.4], [3042.3, 6925.3], [3043.4, 6922.1], [3050.2, 6921.6], [3055.9, 6917.5], [3058.5, 6909.7], [3057.5, 6907.4]]]}}, {"type": "Feature", "properties": {"OBJECTID": 96, "id": null, "name": "Walano", "continent": null, "S2": null, "Shape__Area": 140154399981.16504, "Shape__Length": 2837142.5020901714}, "geometry": {"type": "Polygon", "coordinates": [[[2711.0, 6711.2], [2706.2, 6709.2], [2701.3, 6703.5], [2697.6, 6705.5], [2697.6, 6714.2], [2689.4, 6715.6], [2681.9, 6714.9], [2675.6, 6713.9], [2674.1, 6713.2], [2669.6, 6713.2], [2665.6, 6712.4], [2664.8, 6712.6], [2649.9, 6711.9], [2641.3, 6708.2], [2621.2, 6708.2], [2605.5, 6707.6], [2599.2, 6703.9], [2596.2, 6697.2], [2591.0, 6690.4], [2583.5, 6688.1], [2577.6, 6686.4], [2573.1, 6681.0], [2573.9, 6676.4], [2575.7, 6666.1], [2575.7, 6656.0], [2573.4, 6654.8], [2573.5, 6653.3], [2570.1, 6652.3], [2559.3, 6646.8], [2550.4, 6640.1], [2537.7, 6631.3], [2532.7, 6624.7], [2531.7, 6623.4], [2528.0, 6619.2], [2524.3, 6615.0], [2519.5, 6604.2], [2518.1, 6600.9], [2517.9, 6600.7], [2518.3, 6591.8], [2518.8, 6589.9], [2520.1, 6584.4], [2524.7, 6583.7], [2529.0, 6580.4], [2533.8, 6581.1], [2537.3, 6581.1], [2537.3, 6580.9], [2539.0, 6580.4], [2541.8, 6583.3], [2544.9, 6583.6], [2550.1, 6581.8], [2553.3, 6583.3], [2556.5, 6585.5], [2556.9, 6585.7], [2557.8, 6589.7], [2557.8, 6590.0], [2559.7, 6594.5], [2569.8, 6595.8], [2579.0, 6595.4], [2584.7, 6595.1], [2596.6, 6592.1], [2610.4, 6586.9], [2615.3, 6578.7], [2620.5, 6570.4], [2620.5, 6570.4], [2621.5, 6570.6], [2622.0, 6569.8], [2626.4, 6566.7], [2639.5, 6565.4], [2649.2, 6566.4], [2657.4, 6570.1], [2665.6, 6576.3], [2670.4, 6584.5], [2674.9, 6587.9], [2684.2, 6595.7], [2698.0, 6598.8], [2712.9, 6599.1], [2721.1, 6601.2], [2724.9, 6604.8], [2731.2, 6611.0], [2737.2, 6612.0], [2739.9, 6609.1], [2740.6, 6609.3], [2742.4, 6606.9], [2746.1, 6601.8], [2751.7, 6600.5], [2759.9, 6603.9], [2768.5, 6608.3], [2780.4, 6609.6], [2789.7, 6611.0], [2789.0, 6617.1], [2784.5, 6620.5], [2784.9, 6623.6], [2787.8, 6628.3], [2795.5, 6634.7], [2796.0, 6634.4], [2799.4, 6631.7], [2800.9, 6628.3], [2808.0, 6629.3], [2808.7, 6635.8], [2815.8, 6644.3], [2815.8, 6648.7], [2814.3, 6655.1], [2813.2, 6660.5], [2814.3, 6669.0], [2815.8, 6677.8], [2820.6, 6679.1], [2825.1, 6681.8], [2824.7, 6686.2], [2819.9, 6687.5], [2819.5, 6691.2], [2823.6, 6698.0], [2824.4, 6698.0], [2831.8, 6697.3], [2837.4, 6694.9], [2845.6, 6696.3], [2851.6, 6699.0], [2853.1, 6703.3], [2856.4, 6711.7], [2850.4, 6716.5], [2847.8, 6721.2], [2846.1, 6724.5], [2845.6, 6725.5], [2847.1, 6729.9], [2848.6, 6730.8], [2850.8, 6732.2], [2854.9, 6735.2], [2857.9, 6738.9], [2863.1, 6744.6], [2869.8, 6746.3], [2883.2, 6748.3], [2886.6, 6750.9], [2887.3, 6758.6], [2891.8, 6770.3], [2899.6, 6775.0], [2906.3, 6776.3], [2907.5, 6778.6], [2905.7, 6782.7], [2905.2, 6783.6], [2902.6, 6786.6], [2898.1, 6790.6], [2898.5, 6797.3], [2902.2, 6799.3], [2907.1, 6801.9], [2912.6, 6803.7], [2916.3, 6803.7], [2921.5, 6805.1], [2927.4, 6805.7], [2935.8, 6808.9], [2944.7, 6808.8], [2952.2, 6808.8], [2962.3, 6808.8], [2963.4, 6809.5], [2964.9, 6810.5], [2971.2, 6813.8], [2977.5, 6816.4], [2981.6, 6821.1], [2977.5, 6821.7], [2971.9, 6822.4], [2963.4, 6823.1], [2956.3, 6823.1], [2955.0, 6824.5], [2951.8, 6825.1], [2951.5, 6825.2], [2951.7, 6830.0], [2954.2, 6830.1], [2954.4, 6831.0], [2966.7, 6833.0], [2974.0, 6832.1], [2983.9, 6833.0], [2994.7, 6833.0], [3005.5, 6833.6], [3011.5, 6834.3], [3012.9, 6841.6], [3010.0, 6843.9], [3002.9, 6845.5], [2994.7, 6846.9], [2989.5, 6847.2], [2982.7, 6846.5], [2972.3, 6846.2], [2963.4, 6845.2], [2960.0, 6847.2], [2967.1, 6849.5], [2973.8, 6851.2], [2985.7, 6852.8], [2991.3, 6852.8], [3003.6, 6855.8], [3010.3, 6858.1], [3019.6, 6857.1], [3027.9, 6857.7], [3026.4, 6863.6], [3012.9, 6869.9], [2998.0, 6872.5], [2948.4, 6876.5], [2902.2, 6876.9], [2889.9, 6868.4], [2874.6, 6857.5], [2873.5, 6847.3], [2874.8, 6842.1], [2874.2, 6842.0], [2874.6, 6834.7], [2871.3, 6832.1], [2861.6, 6829.8], [2850.4, 6822.8], [2847.8, 6817.9], [2843.5, 6814.3], [2844.0, 6813.6], [2844.0, 6811.9], [2841.8, 6809.6], [2831.8, 6804.6], [2819.1, 6805.6], [2809.8, 6801.0], [2808.7, 6795.7], [2801.2, 6790.4], [2797.1, 6787.0], [2796.3, 6783.8], [2796.0, 6782.7], [2796.7, 6778.4], [2797.1, 6772.1], [2800.8, 6770.4], [2802.0, 6767.7], [2796.7, 6760.7], [2779.6, 6756.7], [2778.1, 6752.4], [2784.8, 6750.0], [2787.1, 6744.3], [2781.1, 6738.6], [2764.3, 6730.3], [2759.4, 6721.4], [2756.5, 6719.9], [2751.3, 6718.2], [2750.4, 6718.0], [2744.2, 6716.2], [2746.1, 6718.9], [2746.1, 6719.1], [2746.1, 6724.6], [2737.1, 6725.3], [2735.6, 6724.2], [2733.8, 6722.9], [2728.2, 6718.2], [2723.3, 6723.3], [2723.1, 6723.4], [2718.1, 6725.3], [2713.2, 6721.3], [2713.3, 6715.7], [2711.0, 6711.2]]]}}, {"type": "Feature", "properties": {"OBJECTID": 97, "id": null, "name": "Far Ib", "continent": null, "S2": null, "Shape__Area": 76692146619.67114, "Shape__Length": 1469494.8116156473}, "geometry": {"type": "Polygon", "coordinates": [[[6898.8, 3467.2], [6887.5, 3458.3], [6882.5, 3457.6], [6880.0, 3457.9], [6877.5, 3458.2], [6875.0, 3456.7], [6869.2, 3450.9], [6869.8, 3447.1], [6874.3, 3439.7], [6874.9, 3438.9], [6884.9, 3432.6], [6890.2, 3431.4], [6899.5, 3431.7], [6907.4, 3429.9], [6909.6, 3428.2], [6909.9, 3428.2], [6914.1, 3424.3], [6919.8, 3417.1], [6921.5, 3415.0], [6924.2, 3413.1], [6926.0, 3412.2], [6930.8, 3409.9], [6932.2, 3409.6], [6936.0, 3408.8], [6937.9, 3408.8], [6939.8, 3408.5], [6941.4, 3408.2], [6942.8, 3406.8], [6942.9, 3406.5], [6943.1, 3405.3], [6942.8, 3402.4], [6942.7, 3399.7], [6941.2, 3398.0], [6940.9, 3397.7], [6940.0, 3396.6], [6939.5, 3396.1], [6937.1, 3395.4], [6934.6, 3394.7], [6932.1, 3393.5], [6931.0, 3392.8], [6930.5, 3392.4], [6929.7, 3390.9], [6928.3, 3375.7], [6930.1, 3367.4], [6932.9, 3353.7], [6936.4, 3347.9], [6939.4, 3346.3], [6940.1, 3345.7], [6945.6, 3341.3], [6959.9, 3332.1], [6962.3, 3328.7], [6969.0, 3315.7], [6972.4, 3309.3], [6972.9, 3307.5], [6973.8, 3288.9], [6974.6, 3285.6], [6978.2, 3279.9], [6999.3, 3261.0], [7009.7, 3257.0], [7020.8, 3249.8], [7026.7, 3234.4], [7029.1, 3232.4], [7053.4, 3228.3], [7063.5, 3228.6], [7074.1, 3226.2], [7085.3, 3217.1], [7092.2, 3211.0], [7102.1, 3205.2], [7106.1, 3205.2], [7106.4, 3206.2], [7106.3, 3235.5], [7109.0, 3241.7], [7106.3, 3254.0], [7103.7, 3258.2], [7101.2, 3260.3], [7099.9, 3263.6], [7100.0, 3264.0], [7100.4, 3266.3], [7100.3, 3267.1], [7100.5, 3268.1], [7100.0, 3269.0], [7085.2, 3281.3], [7075.3, 3293.3], [7071.8, 3303.9], [7072.2, 3311.6], [7073.5, 3313.7], [7075.7, 3315.2], [7080.9, 3316.1], [7085.1, 3316.2], [7085.2, 3316.2], [7086.4, 3316.1], [7087.3, 3316.1], [7089.0, 3318.2], [7089.6, 3325.4], [7089.9, 3329.9], [7090.1, 3331.6], [7090.1, 3332.0], [7088.7, 3337.7], [7086.5, 3346.4], [7079.7, 3358.0], [7077.6, 3361.5], [7074.1, 3366.3], [7072.4, 3368.1], [7061.3, 3374.3], [7060.1, 3375.3], [7058.9, 3376.3], [7057.8, 3377.2], [7056.2, 3379.4], [7053.7, 3382.6], [7052.4, 3383.6], [7051.4, 3384.5], [7050.1, 3385.5], [7049.5, 3385.8], [7044.3, 3388.4], [7041.7, 3388.9], [7039.4, 3389.5], [7037.0, 3390.1], [7034.6, 3390.7], [7033.0, 3391.4], [7033.0, 3391.5], [7032.3, 3393.2], [7032.1, 3393.6], [7031.9, 3396.3], [7032.3, 3397.0], [7033.0, 3398.4], [7033.5, 3399.5], [7041.2, 3410.6], [7041.6, 3411.1], [7043.5, 3415.7], [7044.2, 3419.8], [7044.2, 3422.2], [7043.1, 3424.3], [7041.7, 3425.9], [7041.0, 3426.2], [7037.9, 3427.5], [7027.3, 3430.1], [7015.4, 3436.4], [7011.9, 3438.6], [7007.0, 3446.1], [7007.0, 3448.0], [7005.4, 3451.6], [7000.8, 3454.5], [6995.4, 3455.4], [6993.5, 3457.9], [6985.8, 3463.4], [6972.8, 3461.9], [6967.7, 3456.3], [6963.1, 3455.8], [6950.9, 3459.0], [6938.9, 3468.8], [6934.6, 3471.5], [6934.3, 3471.8], [6928.1, 3474.2], [6921.7, 3474.6], [6919.6, 3474.7], [6898.8, 3467.2]]]}}, {"type": "Feature", "properties": {"OBJECTID": 98, "id": null, "name": "Ib", "continent": null, "S2": null, "Shape__Area": 503396583192.76514, "Shape__Length": 4669918.167316305}, "geometry": {"type": "Polygon", "coordinates": [[[6111.0, 3079.5], [6107.6, 3075.2], [6107.6, 3072.4], [6113.1, 3067.9], [6114.2, 3067.6], [6127.0, 3067.6], [6132.1, 3067.6], [6133.4, 3066.9], [6138.4, 3061.6], [6144.9, 3040.7], [6144.6, 3039.0], [6146.0, 3036.7], [6155.3, 3028.8], [6172.3, 3020.6], [6181.1, 3014.6], [6185.9, 3007.2], [6194.2, 2994.1], [6196.9, 2992.7], [6202.1, 2991.6], [6210.2, 2986.9], [6210.9, 2985.8], [6210.2, 2973.5], [6210.6, 2972.1], [6215.0, 2969.4], [6231.1, 2969.4], [6239.3, 2966.9], [6241.0, 2965.5], [6244.0, 2956.1], [6246.0, 2952.3], [6247.2, 2951.9], [6259.3, 2953.9], [6268.9, 2953.9], [6271.1, 2953.2], [6276.5, 2947.1], [6278.8, 2946.5], [6280.9, 2946.5], [6283.1, 2947.8], [6286.1, 2955.5], [6288.2, 2957.4], [6296.1, 2960.2], [6298.8, 2960.2], [6304.3, 2959.0], [6309.2, 2955.9], [6311.1, 2955.5], [6323.7, 2956.8], [6334.1, 2961.2], [6348.6, 2961.9], [6354.8, 2961.9], [6357.3, 2963.3], [6359.6, 2968.6], [6361.1, 2969.9], [6363.8, 2971.4], [6367.5, 2971.8], [6374.4, 2970.0], [6384.9, 2961.2], [6394.5, 2958.2], [6402.6, 2956.0], [6413.9, 2956.0], [6416.3, 2954.9], [6416.3, 2953.8], [6410.5, 2948.4], [6407.0, 2947.0], [6402.6, 2945.7], [6399.3, 2942.1], [6399.3, 2940.5], [6404.2, 2935.4], [6415.5, 2933.2], [6419.4, 2927.2], [6422.4, 2925.5], [6426.0, 2925.1], [6434.0, 2928.7], [6443.7, 2929.4], [6447.9, 2928.5], [6454.9, 2925.8], [6464.8, 2921.6], [6467.7, 2919.7], [6471.9, 2914.0], [6477.5, 2904.5], [6477.4, 2904.1], [6479.5, 2902.5], [6483.9, 2901.6], [6498.4, 2900.8], [6514.5, 2899.3], [6524.2, 2893.5], [6537.1, 2881.0], [6544.4, 2881.0], [6551.7, 2883.4], [6554.2, 2883.2], [6556.6, 2881.5], [6557.1, 2879.9], [6556.4, 2871.5], [6554.8, 2864.2], [6551.6, 2859.9], [6540.3, 2848.2], [6539.8, 2846.1], [6540.3, 2845.2], [6548.4, 2843.9], [6553.2, 2839.5], [6562.1, 2830.0], [6570.1, 2819.9], [6576.7, 2817.5], [6579.6, 2817.2], [6605.6, 2820.6], [6626.2, 2819.9], [6631.4, 2820.8], [6636.2, 2823.5], [6640.2, 2825.5], [6644.9, 2826.2], [6654.7, 2825.7], [6657.1, 2826.7], [6660.3, 2831.0], [6662.5, 2832.6], [6671.6, 2835.8], [6680.5, 2837.2], [6683.6, 2837.2], [6684.8, 2837.8], [6685.2, 2838.1], [6685.8, 2838.5], [6686.5, 2838.7], [6686.9, 2839.3], [6687.4, 2840.4], [6687.7, 2840.8], [6687.7, 2848.8], [6688.4, 2850.3], [6688.5, 2850.6], [6689.1, 2851.1], [6691.1, 2852.9], [6692.1, 2853.2], [6705.4, 2853.9], [6705.9, 2854.1], [6706.9, 2854.3], [6709.2, 2855.1], [6711.1, 2856.2], [6711.8, 2857.1], [6712.1, 2857.4], [6712.7, 2858.8], [6712.7, 2858.8], [6712.7, 2870.7], [6712.7, 2877.4], [6713.1, 2878.6], [6714.2, 2879.7], [6715.9, 2880.9], [6726.3, 2888.9], [6728.8, 2897.7], [6730.0, 2907.6], [6729.4, 2910.9], [6723.9, 2915.3], [6717.7, 2917.9], [6732.0, 2918.9], [6742.1, 2920.0], [6746.4, 2921.8], [6750.5, 2929.2], [6754.5, 2942.4], [6760.2, 2950.3], [6760.3, 2952.9], [6757.7, 2959.4], [6752.9, 2966.0], [6748.0, 2983.0], [6748.9, 2991.9], [6750.7, 2994.4], [6752.2, 2994.9], [6754.5, 2994.9], [6765.0, 2999.0], [6766.5, 2999.5], [6767.7, 3001.4], [6768.9, 3003.4], [6768.6, 3005.8], [6768.5, 3006.1], [6768.4, 3008.1], [6764.1, 3019.3], [6763.3, 3023.8], [6760.9, 3030.5], [6760.3, 3037.8], [6760.6, 3040.5], [6759.4, 3042.9], [6756.7, 3044.5], [6754.8, 3045.9], [6752.9, 3046.9], [6751.5, 3047.5], [6750.7, 3047.7], [6749.1, 3048.0], [6745.1, 3048.2], [6743.7, 3048.4], [6741.7, 3048.7], [6739.7, 3049.5], [6738.6, 3052.2], [6738.6, 3053.9], [6739.0, 3055.0], [6739.2, 3055.4], [6740.8, 3056.6], [6745.3, 3069.3], [6744.4, 3071.0], [6741.8, 3073.0], [6739.8, 3073.4], [6731.9, 3070.0], [6724.0, 3070.0], [6721.4, 3070.9], [6715.0, 3077.5], [6709.4, 3082.8], [6703.8, 3086.8], [6700.6, 3087.6], [6695.7, 3086.5], [6683.2, 3086.5], [6681.3, 3088.1], [6679.6, 3092.5], [6682.0, 3097.0], [6687.6, 3100.8], [6700.0, 3109.5], [6700.7, 3112.2], [6698.1, 3119.5], [6691.6, 3125.5], [6683.6, 3134.6], [6673.1, 3150.4], [6662.6, 3161.7], [6648.1, 3176.8], [6647.4, 3180.3], [6646.0, 3180.4], [6637.1, 3179.2], [6636.8, 3179.1], [6634.4, 3176.8], [6632.0, 3173.8], [6628.0, 3165.5], [6619.1, 3158.0], [6607.1, 3152.0], [6600.6, 3142.2], [6599.9, 3132.2], [6598.1, 3130.2], [6595.2, 3129.1], [6586.1, 3125.6], [6578.2, 3124.6], [6566.2, 3123.0], [6563.6, 3123.8], [6562.2, 3125.8], [6559.7, 3128.7], [6557.1, 3135.4], [6554.8, 3149.7], [6553.7, 3150.7], [6552.3, 3151.1], [6550.9, 3150.8], [6548.3, 3149.0], [6542.6, 3142.2], [6527.3, 3137.7], [6505.6, 3134.0], [6495.6, 3131.8], [6495.6, 3134.2], [6495.9, 3137.7], [6497.5, 3147.5], [6499.1, 3157.3], [6502.4, 3167.9], [6502.4, 3173.9], [6503.7, 3182.0], [6506.3, 3184.3], [6513.6, 3186.0], [6522.5, 3192.8], [6526.5, 3204.2], [6526.5, 3214.0], [6528.9, 3223.2], [6532.1, 3227.0], [6538.6, 3231.5], [6538.6, 3236.8], [6541.0, 3245.2], [6546.3, 3259.5], [6545.8, 3262.7], [6543.4, 3269.6], [6538.6, 3278.0], [6538.6, 3287.9], [6534.5, 3309.4], [6529.7, 3317.9], [6528.8, 3318.1], [6527.6, 3318.1], [6524.9, 3315.5], [6520.8, 3304.0], [6520.8, 3294.1], [6519.2, 3287.2], [6507.1, 3284.9], [6502.2, 3284.4], [6499.6, 3283.4], [6498.3, 3279.6], [6498.9, 3278.1], [6499.9, 3275.7], [6506.3, 3268.1], [6507.2, 3260.5], [6507.2, 3251.3], [6503.9, 3241.4], [6503.7, 3241.2], [6498.3, 3237.6], [6491.2, 3237.6], [6488.6, 3237.1], [6482.2, 3233.1], [6476.6, 3221.7], [6466.9, 3208.0], [6463.7, 3198.9], [6459.0, 3195.8], [6457.1, 3196.6], [6454.7, 3200.2], [6452.0, 3201.2], [6446.8, 3201.2], [6443.6, 3201.2], [6436.9, 3197.4], [6435.5, 3195.4], [6435.5, 3187.6], [6437.9, 3184.3], [6439.5, 3179.3], [6437.9, 3166.4], [6432.0, 3156.6], [6429.8, 3155.9], [6423.4, 3155.9], [6416.2, 3160.4], [6414.8, 3161.0], [6406.5, 3164.2], [6400.1, 3173.3], [6394.4, 3181.6], [6384.0, 3179.6], [6381.6, 3180.2], [6375.9, 3186.9], [6375.2, 3193.2], [6375.5, 3193.8], [6378.3, 3196.0], [6379.0, 3202.0], [6377.9, 3204.2], [6375.1, 3207.4], [6366.2, 3214.9], [6336.4, 3234.0], [6326.0, 3248.4], [6325.2, 3252.2], [6325.2, 3259.1], [6325.2, 3268.2], [6323.5, 3272.1], [6319.5, 3275.9], [6314.2, 3278.4], [6312.3, 3278.5], [6310.4, 3277.4], [6309.1, 3274.8], [6309.1, 3267.5], [6307.6, 3262.2], [6307.4, 3261.4], [6298.6, 3255.3], [6294.5, 3254.2], [6293.0, 3253.8], [6286.5, 3249.2], [6276.9, 3244.7], [6270.4, 3247.0], [6257.5, 3253.8], [6251.6, 3258.1], [6251.0, 3259.9], [6251.1, 3259.9], [6251.1, 3266.0], [6248.7, 3272.9], [6246.2, 3277.5], [6240.6, 3282.1], [6238.2, 3284.4], [6234.2, 3291.2], [6230.1, 3298.9], [6226.9, 3303.5], [6222.1, 3308.1], [6221.3, 3308.9], [6218.9, 3313.9], [6219.3, 3316.7], [6219.3, 3317.4], [6222.6, 3319.9], [6225.2, 3321.8], [6225.9, 3322.5], [6226.4, 3324.4], [6225.0, 3326.8], [6224.4, 3329.1], [6222.0, 3332.0], [6218.5, 3337.0], [6216.3, 3339.9], [6213.6, 3341.1], [6211.5, 3342.0], [6209.8, 3343.3], [6206.8, 3345.4], [6203.6, 3348.0], [6202.2, 3349.2], [6199.5, 3354.9], [6192.8, 3367.8], [6190.4, 3369.1], [6188.0, 3369.5], [6183.4, 3370.3], [6178.6, 3368.4], [6177.8, 3366.6], [6177.8, 3358.8], [6177.8, 3350.3], [6172.9, 3342.7], [6167.3, 3337.3], [6161.8, 3330.7], [6160.9, 3327.6], [6160.9, 3317.3], [6160.9, 3309.0], [6162.2, 3303.4], [6168.9, 3290.6], [6171.8, 3280.0], [6168.9, 3270.7], [6168.1, 3260.0], [6170.5, 3253.9], [6175.8, 3252.9], [6177.3, 3252.6], [6178.4, 3250.8], [6177.8, 3247.0], [6172.6, 3244.4], [6172.5, 3244.1], [6172.2, 3244.0], [6163.3, 3237.9], [6156.9, 3222.0], [6153.7, 3191.6], [6148.4, 3172.5], [6146.2, 3169.8], [6129.5, 3156.9], [6117.3, 3151.5], [6116.0, 3149.8], [6117.4, 3142.6], [6122.2, 3134.9], [6122.9, 3132.2], [6121.9, 3125.0], [6119.8, 3121.5], [6111.8, 3117.8], [6101.6, 3113.4], [6101.3, 3113.1], [6100.5, 3107.3], [6102.2, 3100.5], [6116.7, 3090.0], [6117.4, 3084.9], [6116.9, 3083.6], [6111.0, 3079.5]]]}}, {"type": "Feature", "properties": {"OBJECTID": 99, "id": null, "name": null, "continent": null, "S2": null, "Shape__Area": 260914242969.7412, "Shape__Length": 2863434.675456637}, "geometry": {"type": "Polygon", "coordinates": [[[8462.8, 6478.8], [8481.1, 6480.6], [8487.5, 6484.3], [8491.7, 6488.2], [8501.1, 6500.2], [8519.2, 6510.9], [8540.9, 6519.6], [8545.1, 6522.4], [8545.6, 6524.5], [8544.5, 6530.9], [8535.1, 6538.2], [8534.3, 6549.5], [8537.2, 6554.8], [8548.1, 6558.5], [8551.5, 6561.3], [8554.6, 6570.8], [8556.7, 6580.7], [8559.0, 6585.3], [8558.4, 6588.0], [8554.6, 6592.0], [8540.1, 6607.2], [8530.7, 6624.3], [8532.1, 6638.2], [8538.6, 6653.3], [8550.2, 6665.1], [8558.9, 6672.3], [8561.2, 6676.4], [8561.5, 6679.5], [8560.3, 6687.3], [8554.5, 6691.9], [8553.8, 6704.3], [8563.9, 6712.8], [8587.1, 6721.9], [8593.6, 6724.0], [8595.1, 6725.7], [8595.7, 6738.1], [8595.0, 6748.5], [8587.0, 6754.3], [8581.3, 6764.7], [8576.9, 6771.8], [8570.4, 6778.9], [8566.1, 6783.4], [8558.8, 6789.9], [8550.1, 6793.8], [8540.7, 6795.1], [8536.4, 6799.6], [8534.9, 6813.1], [8529.2, 6827.9], [8524.8, 6836.8], [8516.1, 6843.3], [8511.1, 6849.0], [8510.0, 6849.9], [8508.2, 6871.4], [8504.5, 6880.5], [8502.2, 6882.7], [8495.1, 6884.8], [8488.9, 6888.2], [8485.0, 6889.8], [8464.8, 6896.9], [8446.7, 6901.9], [8443.3, 6907.9], [8440.9, 6912.1], [8437.7, 6918.1], [8433.7, 6920.2], [8425.7, 6919.7], [8422.0, 6917.8], [8417.8, 6909.0], [8405.5, 6906.4], [8398.0, 6907.8], [8386.4, 6910.0], [8375.1, 6912.2], [8373.3, 6913.1], [8372.1, 6913.7], [8360.6, 6919.8], [8354.1, 6921.7], [8353.5, 6921.9], [8349.4, 6921.8], [8341.1, 6919.9], [8337.5, 6919.2], [8325.9, 6912.8], [8307.1, 6905.9], [8304.0, 6905.2], [8292.7, 6902.7], [8279.6, 6897.6], [8261.6, 6887.5], [8255.8, 6880.5], [8255.8, 6871.6], [8263.0, 6861.4], [8281.8, 6845.4], [8282.1, 6845.1], [8290.0, 6838.1], [8303.5, 6826.1], [8315.2, 6821.8], [8317.3, 6821.0], [8322.1, 6816.7], [8323.0, 6813.6], [8322.1, 6811.9], [8320.9, 6809.4], [8318.7, 6803.6], [8318.0, 6799.1], [8321.5, 6793.5], [8325.1, 6792.1], [8339.7, 6792.7], [8365.0, 6788.1], [8383.1, 6781.7], [8396.1, 6777.1], [8401.2, 6772.0], [8407.5, 6766.3], [8410.2, 6765.3], [8422.9, 6763.5], [8432.3, 6755.1], [8438.1, 6748.6], [8446.7, 6744.7], [8450.4, 6742.1], [8433.7, 6745.4], [8425.1, 6747.3], [8410.6, 6745.4], [8397.6, 6737.6], [8384.6, 6722.0], [8378.7, 6720.4], [8376.6, 6716.8], [8374.4, 6706.4], [8375.2, 6698.6], [8373.7, 6694.7], [8365.8, 6694.7], [8353.0, 6689.2], [8349.1, 6687.5], [8333.2, 6672.5], [8329.6, 6668.5], [8333.2, 6660.7], [8344.8, 6650.8], [8345.7, 6647.0], [8347.7, 6639.0], [8348.4, 6633.7], [8348.4, 6632.1], [8346.1, 6630.2], [8328.9, 6628.5], [8306.5, 6623.9], [8305.7, 6623.8], [8292.8, 6623.2], [8282.6, 6623.2], [8278.3, 6620.3], [8276.9, 6618.3], [8277.4, 6613.1], [8279.7, 6609.8], [8291.3, 6601.4], [8293.2, 6597.5], [8297.1, 6595.8], [8297.3, 6594.9], [8294.4, 6592.0], [8291.3, 6588.9], [8287.7, 6583.4], [8287.8, 6581.1], [8289.9, 6578.3], [8312.7, 6568.1], [8313.8, 6567.7], [8319.9, 6564.6], [8321.9, 6563.6], [8322.3, 6561.4], [8319.5, 6556.4], [8312.3, 6553.7], [8308.0, 6543.1], [8307.7, 6539.2], [8309.3, 6533.0], [8318.8, 6529.7], [8331.9, 6523.1], [8342.0, 6523.1], [8347.0, 6518.4], [8352.1, 6506.4], [8353.6, 6495.7], [8359.3, 6492.3], [8380.3, 6492.3], [8392.6, 6492.3], [8404.9, 6490.3], [8416.5, 6483.5], [8427.3, 6480.9], [8436.3, 6481.1], [8440.3, 6479.5], [8462.8, 6478.8]]]}}, {"type": "Feature", "properties": {"OBJECTID": 100, "id": null, "name": "Isle of Women", "continent": null, "S2": null, "Shape__Area": 1341529265.147461, "Shape__Length": 149311.92384583846}, "geometry": {"type": "Polygon", "coordinates": [[[2861.5, 6674.2], [2861.5, 6669.1], [2861.5, 6664.8], [2861.6, 6663.9], [2865.3, 6661.8], [2867.4, 6660.5], [2873.9, 6661.4], [2881.7, 6665.2], [2883.5, 6669.4], [2881.0, 6673.1], [2880.1, 6677.0], [2879.7, 6678.5], [2882.8, 6681.1], [2884.5, 6684.0], [2882.5, 6687.0], [2877.7, 6687.8], [2873.7, 6685.0], [2866.8, 6683.0], [2861.6, 6681.6], [2861.3, 6678.1], [2861.5, 6674.2]]]}}, {"type": "Feature", "properties": {"OBJECTID": 101, "id": null, "name": "Koj", "continent": null, "S2": null, "Shape__Area": 13495017192.111328, "Shape__Length": 657703.3130219803}, "geometry": {"type": "Polygon", "coordinates": [[[2690.4, 6803.2], [2692.4, 6804.6], [2696.6, 6804.8], [2706.0, 6808.5], [2706.0, 6815.9], [2701.8, 6825.7], [2700.8, 6834.0], [2709.1, 6837.3], [2719.6, 6837.7], [2726.4, 6839.6], [2729.5, 6847.4], [2734.7, 6848.8], [2740.0, 6850.2], [2737.9, 6854.8], [2735.3, 6856.2], [2730.0, 6859.4], [2727.9, 6864.0], [2722.7, 6867.3], [2719.4, 6867.8], [2719.3, 6868.0], [2717.0, 6869.5], [2715.1, 6869.5], [2715.4, 6870.5], [2717.5, 6877.0], [2706.5, 6882.5], [2703.4, 6882.9], [2702.4, 6883.0], [2699.2, 6883.4], [2695.0, 6884.8], [2692.4, 6883.0], [2691.6, 6882.8], [2683.0, 6880.7], [2681.3, 6882.8], [2676.2, 6888.9], [2668.9, 6898.6], [2665.4, 6900.0], [2664.4, 6903.1], [2659.7, 6904.2], [2651.7, 6908.4], [2648.5, 6907.7], [2650.9, 6902.1], [2650.9, 6895.1], [2652.5, 6888.8], [2662.1, 6876.9], [2663.7, 6863.5], [2665.7, 6859.3], [2666.0, 6859.4], [2665.8, 6854.4], [2672.1, 6852.6], [2673.2, 6851.8], [2677.8, 6848.9], [2675.7, 6842.8], [2668.9, 6837.8], [2667.4, 6829.4], [2658.0, 6826.7], [2648.6, 6819.8], [2649.8, 6813.5], [2655.8, 6813.5], [2659.7, 6813.5], [2666.1, 6811.4], [2667.7, 6809.6], [2669.3, 6804.3], [2677.2, 6802.5], [2682.4, 6801.8], [2690.4, 6803.2]]]}}, {"type": "Feature", "properties": {"OBJECTID": 102, "id": null, "name": "Isle of Birds", "continent": null, "S2": null, "Shape__Area": 14193036091.919922, "Shape__Length": 726558.9910316572}, "geometry": {"type": "Polygon", "coordinates": [[[2807.7, 6904.2], [2800.7, 6901.0], [2794.6, 6897.6], [2793.3, 6893.6], [2795.6, 6892.1], [2797.0, 6891.2], [2797.2, 6891.0], [2800.2, 6889.3], [2801.8, 6886.2], [2806.6, 6885.2], [2812.8, 6887.5], [2817.2, 6892.8], [2819.7, 6894.7], [2822.9, 6897.0], [2830.5, 6897.1], [2835.8, 6892.7], [2836.4, 6892.3], [2838.9, 6891.0], [2847.7, 6890.5], [2855.2, 6892.2], [2858.5, 6895.8], [2859.1, 6899.4], [2861.9, 6901.1], [2869.2, 6902.7], [2871.0, 6905.0], [2870.2, 6908.1], [2864.5, 6909.9], [2861.9, 6911.0], [2861.7, 6913.3], [2861.7, 6913.8], [2862.0, 6913.8], [2862.4, 6914.8], [2869.0, 6914.7], [2872.8, 6914.6], [2873.3, 6914.6], [2879.7, 6914.1], [2886.8, 6916.6], [2893.0, 6920.3], [2898.3, 6923.3], [2904.3, 6926.7], [2904.5, 6930.1], [2900.9, 6932.4], [2900.3, 6933.9], [2900.3, 6934.3], [2900.4, 6934.6], [2900.4, 6935.1], [2901.2, 6936.3], [2904.0, 6937.5], [2904.8, 6937.9], [2907.9, 6939.2], [2914.7, 6939.9], [2920.5, 6938.4], [2923.4, 6937.7], [2925.7, 6936.7], [2926.0, 6936.7], [2930.1, 6934.2], [2936.1, 6934.2], [2942.3, 6938.8], [2943.3, 6941.9], [2942.6, 6945.0], [2940.9, 6946.5], [2938.5, 6947.2], [2937.3, 6948.0], [2935.0, 6950.5], [2933.3, 6952.0], [2930.7, 6954.5], [2925.8, 6956.0], [2918.8, 6956.0], [2913.7, 6954.8], [2913.6, 6954.8], [2910.8, 6954.5], [2910.0, 6954.9], [2906.4, 6956.9], [2901.7, 6956.5], [2893.4, 6954.9], [2889.7, 6954.6], [2888.6, 6954.5], [2883.4, 6957.8], [2875.4, 6958.9], [2869.7, 6957.8], [2869.5, 6957.6], [2868.4, 6957.6], [2865.1, 6955.9], [2864.8, 6953.5], [2864.5, 6951.2], [2865.4, 6948.0], [2865.5, 6945.7], [2862.4, 6942.8], [2858.9, 6941.9], [2858.6, 6941.8], [2853.0, 6943.0], [2849.5, 6944.4], [2846.4, 6945.6], [2841.6, 6945.3], [2839.2, 6943.9], [2839.0, 6939.7], [2839.2, 6936.9], [2839.3, 6935.3], [2837.4, 6933.3], [2835.1, 6933.4], [2830.7, 6933.5], [2822.0, 6932.5], [2818.6, 6931.5], [2815.7, 6928.6], [2813.6, 6927.1], [2812.8, 6923.8], [2812.6, 6922.9], [2811.3, 6920.5], [2809.9, 6918.5], [2808.8, 6917.1], [2808.2, 6914.9], [2808.4, 6914.5], [2809.2, 6913.5], [2812.3, 6912.6], [2813.2, 6912.2], [2814.4, 6910.6], [2815.5, 6908.3], [2815.4, 6906.9], [2813.4, 6906.0], [2810.9, 6905.4], [2807.7, 6904.2]]]}}, {"type": "Feature", "properties": {"OBJECTID": 104, "id": null, "name": "Stone Head", "continent": null, "S2": null, "Shape__Area": 1115272206.1289062, "Shape__Length": 138792.13441730983}, "geometry": {"type": "Polygon", "coordinates": [[[2605.9, 6472.3], [2605.9, 6481.0], [2605.9, 6485.4], [2598.1, 6486.8], [2592.6, 6486.1], [2587.9, 6483.2], [2587.9, 6477.4], [2587.1, 6472.3], [2584.7, 6469.4], [2580.8, 6467.2], [2586.3, 6461.3], [2590.2, 6461.3], [2593.4, 6464.2], [2598.9, 6467.9], [2605.9, 6472.3]]]}}, {"type": "Feature", "properties": {"OBJECTID": 106, "id": null, "name": "The Signing Stones", "continent": null, "S2": null, "Shape__Area": 1930761550.0351562, "Shape__Length": 206146.61882258358}, "geometry": {"type": "Polygon", "coordinates": [[[2391.2, 7043.5], [2391.7, 7043.2], [2390.2, 7041.7], [2391.5, 7039.9], [2395.3, 7035.6], [2398.2, 7032.0], [2404.5, 7026.9], [2411.6, 7026.9], [2414.6, 7030.1], [2416.7, 7033.4], [2423.1, 7033.9], [2424.2, 7033.4], [2426.0, 7033.4], [2431.7, 7029.8], [2435.5, 7029.8], [2439.7, 7031.2], [2439.7, 7035.5], [2435.9, 7039.5], [2429.6, 7040.2], [2427.5, 7042.0], [2419.6, 7047.1], [2415.0, 7047.1], [2410.8, 7046.0], [2407.4, 7046.4], [2402.0, 7046.4], [2398.6, 7045.9], [2396.5, 7045.7], [2394.0, 7046.5], [2391.2, 7043.5]]]}}, {"type": "Feature", "properties": {"OBJECTID": 107, "id": null, "name": "The Signing Stones", "continent": null, "S2": null, "Shape__Area": 725275516.5546875, "Shape__Length": 134593.00827564462}, "geometry": {"type": "Polygon", "coordinates": [[[2460.1, 7022.4], [2468.0, 7023.1], [2476.6, 7022.4], [2482.1, 7023.8], [2482.9, 7025.8], [2481.3, 7029.2], [2477.4, 7030.6], [2469.5, 7030.6], [2465.6, 7031.9], [2457.8, 7038.7], [2452.3, 7037.4], [2454.6, 7031.9], [2460.1, 7029.2], [2460.1, 7022.4]]]}}, {"type": "Feature", "properties": {"OBJECTID": 108, "id": null, "name": "The Signing Stones", "continent": null, "S2": null, "Shape__Area": 216260074.16015625, "Shape__Length": 57310.09667350922}, "geometry": {"type": "Polygon", "coordinates": [[[2500.9, 7022.4], [2511.0, 7020.7], [2513.5, 7024.3], [2508.9, 7027.9], [2503.0, 7028.3], [2500.1, 7025.8], [2500.9, 7022.4]]]}}, {"type": "Feature", "properties": {"OBJECTID": 109, "id": null, "name": "The Threen Exiles", "continent": null, "S2": null, "Shape__Area": 3627252060.828125, "Shape__Length": 298161.6638322146}, "geometry": {"type": "Polygon", "coordinates": [[[2354.6, 7077.0], [2362.9, 7074.1], [2374.1, 7072.2], [2378.9, 7073.0], [2378.1, 7076.6], [2374.3, 7081.2], [2373.9, 7084.1], [2377.6, 7087.0], [2381.6, 7087.9], [2383.5, 7087.0], [2392.7, 7087.7], [2393.2, 7093.0], [2388.1, 7100.2], [2382.2, 7101.3], [2381.5, 7101.2], [2377.8, 7100.9], [2377.2, 7100.9], [2373.0, 7101.6], [2369.7, 7103.4], [2364.6, 7104.5], [2363.8, 7107.0], [2362.1, 7113.8], [2358.8, 7118.0], [2356.1, 7119.2], [2353.8, 7120.1], [2353.7, 7120.2], [2353.6, 7120.1], [2350.7, 7119.0], [2350.7, 7115.3], [2350.7, 7111.4], [2350.0, 7108.1], [2349.9, 7108.0], [2350.8, 7103.8], [2349.4, 7099.6], [2350.0, 7098.6], [2351.2, 7097.5], [2351.2, 7095.6], [2349.6, 7092.0], [2345.4, 7088.1], [2345.8, 7082.0], [2354.6, 7077.0]]]}}, {"type": "Feature", "properties": {"OBJECTID": 110, "id": null, "name": "The Threen Exiles", "continent": null, "S2": null, "Shape__Area": 2446359111.6777344, "Shape__Length": 207839.7172531233}, "geometry": {"type": "Polygon", "coordinates": [[[2357.0, 7217.6], [2357.1, 7213.5], [2357.1, 7212.3], [2361.7, 7208.5], [2365.1, 7207.0], [2368.2, 7205.6], [2368.8, 7205.3], [2377.2, 7201.8], [2384.9, 7198.7], [2389.2, 7197.0], [2393.5, 7199.0], [2393.1, 7206.0], [2387.7, 7214.7], [2383.9, 7222.4], [2379.9, 7224.2], [2379.6, 7225.1], [2374.3, 7227.9], [2370.4, 7232.3], [2363.2, 7235.1], [2360.6, 7232.9], [2361.2, 7230.3], [2360.0, 7225.3], [2359.1, 7219.1], [2357.0, 7217.6]]]}}, {"type": "Feature", "properties": {"OBJECTID": 111, "id": null, "name": "The Threen Exiles", "continent": null, "S2": null, "Shape__Area": 1264751427.8378906, "Shape__Length": 151880.02760508994}, "geometry": {"type": "Polygon", "coordinates": [[[2411.6, 7151.4], [2411.6, 7146.9], [2413.4, 7145.0], [2418.8, 7145.3], [2420.3, 7146.3], [2420.8, 7146.4], [2421.5, 7147.1], [2422.1, 7147.7], [2425.4, 7151.0], [2425.4, 7156.6], [2425.2, 7158.5], [2424.7, 7162.4], [2424.6, 7163.4], [2422.5, 7168.7], [2422.0, 7173.6], [2417.4, 7176.8], [2415.9, 7176.5], [2411.6, 7175.8], [2409.0, 7175.4], [2409.9, 7170.4], [2409.9, 7165.9], [2409.9, 7163.7], [2410.1, 7158.7], [2409.9, 7157.7], [2411.6, 7151.7], [2411.6, 7151.4]]]}}, {"type": "Feature", "properties": {"OBJECTID": 112, "id": null, "name": "Isle of Love", "continent": null, "S2": null, "Shape__Area": 1384803772.6855469, "Shape__Length": 153787.90230497802}, "geometry": {"type": "Polygon", "coordinates": [[[2588.6, 7129.5], [2588.6, 7129.4], [2590.6, 7124.9], [2591.9, 7122.1], [2596.4, 7119.3], [2597.7, 7118.8], [2602.3, 7122.1], [2609.5, 7122.7], [2608.2, 7131.6], [2606.9, 7135.5], [2606.5, 7135.6], [2604.4, 7141.6], [2601.0, 7144.7], [2599.3, 7146.2], [2600.2, 7148.4], [2595.1, 7148.9], [2594.6, 7148.9], [2593.1, 7149.1], [2590.2, 7147.0], [2589.7, 7140.2], [2588.9, 7137.0], [2588.7, 7132.7], [2588.6, 7131.4], [2588.5, 7129.6], [2588.6, 7129.5]]]}}, {"type": "Feature", "properties": {"OBJECTID": 113, "id": null, "name": "Moluu", "continent": null, "S2": null, "Shape__Area": 17546638373.29492, "Shape__Length": 914217.4339332324}, "geometry": {"type": "Polygon", "coordinates": [[[2606.2, 7208.4], [2610.5, 7209.3], [2611.2, 7211.4], [2610.7, 7212.8], [2610.4, 7217.7], [2613.0, 7223.2], [2613.3, 7228.1], [2610.1, 7230.5], [2605.0, 7233.2], [2601.5, 7236.9], [2596.8, 7243.3], [2595.0, 7245.0], [2594.7, 7246.1], [2591.8, 7250.9], [2590.4, 7254.2], [2589.7, 7255.8], [2587.3, 7262.0], [2585.5, 7266.9], [2584.4, 7268.0], [2582.6, 7269.8], [2581.4, 7279.8], [2578.4, 7286.6], [2578.6, 7290.5], [2578.7, 7292.7], [2579.3, 7298.3], [2580.1, 7301.4], [2584.6, 7300.5], [2588.8, 7301.2], [2591.4, 7303.6], [2591.1, 7306.8], [2590.0, 7309.7], [2590.2, 7313.8], [2595.9, 7314.3], [2603.5, 7315.5], [2605.0, 7318.7], [2602.4, 7323.3], [2593.2, 7326.6], [2587.3, 7331.0], [2582.3, 7332.5], [2578.1, 7340.7], [2576.4, 7344.0], [2572.5, 7348.6], [2574.4, 7353.2], [2574.6, 7353.7], [2575.0, 7354.0], [2578.1, 7356.6], [2582.0, 7359.2], [2582.0, 7365.2], [2581.4, 7372.6], [2579.9, 7378.4], [2579.3, 7381.7], [2578.7, 7388.9], [2572.8, 7389.9], [2567.5, 7386.8], [2565.1, 7384.1], [2561.6, 7382.6], [2561.3, 7380.6], [2561.0, 7376.7], [2559.2, 7375.7], [2558.9, 7375.5], [2558.8, 7375.0], [2558.0, 7371.9], [2557.2, 7368.6], [2555.7, 7367.7], [2552.7, 7365.9], [2551.5, 7362.6], [2550.1, 7356.3], [2550.1, 7356.1], [2550.1, 7349.8], [2553.0, 7346.0], [2554.8, 7340.9], [2555.4, 7336.6], [2555.4, 7331.3], [2556.0, 7329.9], [2557.2, 7326.9], [2559.8, 7326.9], [2563.0, 7326.8], [2566.6, 7326.7], [2567.5, 7324.5], [2566.1, 7323.2], [2564.3, 7321.3], [2564.5, 7320.4], [2564.8, 7319.2], [2563.7, 7316.0], [2561.2, 7315.0], [2560.1, 7314.6], [2558.2, 7312.4], [2557.8, 7311.9], [2553.6, 7309.5], [2551.1, 7307.5], [2550.1, 7305.4], [2551.0, 7299.0], [2554.2, 7291.0], [2556.0, 7286.6], [2555.8, 7275.2], [2556.0, 7274.4], [2556.9, 7268.1], [2556.7, 7267.0], [2556.4, 7264.5], [2555.7, 7263.7], [2554.2, 7259.3], [2552.5, 7252.2], [2552.7, 7250.9], [2553.7, 7246.3], [2555.4, 7241.2], [2557.5, 7237.5], [2558.4, 7232.3], [2562.8, 7224.9], [2563.2, 7224.4], [2565.2, 7223.2], [2573.7, 7222.9], [2579.4, 7221.0], [2579.6, 7220.3], [2581.4, 7219.5], [2586.4, 7214.8], [2590.0, 7211.3], [2593.2, 7209.9], [2601.2, 7208.4], [2606.2, 7208.4]]]}}, {"type": "Feature", "properties": {"OBJECTID": 114, "id": null, "name": null, "continent": null, "S2": null, "Shape__Area": 654798367.7226562, "Shape__Length": 107870.64276425984}, "geometry": {"type": "Polygon", "coordinates": [[[2662.6, 7266.9], [2663.9, 7262.0], [2664.1, 7261.9], [2665.2, 7261.1], [2666.2, 7260.4], [2669.0, 7260.7], [2670.6, 7260.9], [2673.1, 7263.5], [2673.3, 7263.6], [2673.1, 7264.4], [2672.9, 7266.6], [2672.7, 7268.2], [2672.4, 7271.4], [2672.4, 7271.9], [2672.1, 7274.8], [2672.1, 7275.3], [2670.3, 7278.5], [2669.4, 7281.2], [2665.6, 7282.6], [2663.5, 7282.3], [2661.7, 7281.9], [2661.1, 7281.2], [2661.1, 7274.4], [2662.1, 7270.6], [2663.0, 7267.0], [2662.6, 7266.9]]]}}, {"type": "Feature", "properties": {"OBJECTID": 118, "id": null, "name": "Xon", "continent": null, "S2": null, "Shape__Area": 4347064062.472656, "Shape__Length": 345497.1261023883}, "geometry": {"type": "Polygon", "coordinates": [[[3002.5, 7450.8], [3001.1, 7451.0], [3001.9, 7453.7], [3000.0, 7455.8], [2992.1, 7460.5], [2988.9, 7469.9], [2983.0, 7477.1], [2977.8, 7470.9], [2979.7, 7455.8], [2983.7, 7449.5], [2985.0, 7447.1], [2989.5, 7439.1], [2989.5, 7437.4], [2989.5, 7429.7], [2996.7, 7421.3], [3008.4, 7412.3], [3010.1, 7411.0], [3011.1, 7410.2], [3016.6, 7409.8], [3023.0, 7409.3], [3026.8, 7411.6], [3025.2, 7416.1], [3023.7, 7420.0], [3024.4, 7425.8], [3023.4, 7428.4], [3023.5, 7428.6], [3022.8, 7432.8], [3013.7, 7437.5], [3003.1, 7444.3], [3002.5, 7450.8]]]}}, {"type": "Feature", "properties": {"OBJECTID": 119, "id": null, "name": "Doquu", "continent": null, "S2": null, "Shape__Area": 6415595028.638672, "Shape__Length": 424325.07069274806}, "geometry": {"type": "Polygon", "coordinates": [[[3020.8, 7535.4], [3023.7, 7534.4], [3026.1, 7527.7], [3027.4, 7520.0], [3026.7, 7510.2], [3033.3, 7502.5], [3039.8, 7496.3], [3048.3, 7492.6], [3055.5, 7496.2], [3060.0, 7502.4], [3061.3, 7510.2], [3061.3, 7519.5], [3057.4, 7525.6], [3040.4, 7537.6], [3035.3, 7547.5], [3034.5, 7555.9], [3022.1, 7555.9], [3010.4, 7556.9], [3004.5, 7560.5], [2997.3, 7563.6], [2990.1, 7564.6], [2988.2, 7558.5], [2995.6, 7554.9], [2996.7, 7554.4], [3002.2, 7550.4], [3006.5, 7547.2], [3010.4, 7539.5], [3020.8, 7535.4]]]}}, {"type": "Feature", "properties": {"OBJECTID": 120, "id": null, "name": "The Bones", "continent": null, "S2": null, "Shape__Area": 570991768.5351562, "Shape__Length": 97470.8563485599}, "geometry": {"type": "Polygon", "coordinates": [[[3144.3, 7409.6], [3157.5, 7412.1], [3157.6, 7413.0], [3152.1, 7416.9], [3152.0, 7417.0], [3146.2, 7422.2], [3140.0, 7423.5], [3135.3, 7420.9], [3137.1, 7416.9], [3139.7, 7413.0], [3144.3, 7409.6]]]}}, {"type": "Feature", "properties": {"OBJECTID": 121, "id": null, "name": "The Bones", "continent": null, "S2": null, "Shape__Area": 397653396.5097656, "Shape__Length": 80785.59878473001}, "geometry": {"type": "Polygon", "coordinates": [[[3174.2, 7411.5], [3185.2, 7414.1], [3185.2, 7419.9], [3183.6, 7423.7], [3181.3, 7426.3], [3178.1, 7422.4], [3174.2, 7419.9], [3171.9, 7416.0], [3174.2, 7411.5]]]}}, {"type": "Feature", "properties": {"OBJECTID": 122, "id": null, "name": "The Bones", "continent": null, "S2": null, "Shape__Area": 327001825.625, "Shape__Length": 80819.71663430583}, "geometry": {"type": "Polygon", "coordinates": [[[3154.2, 7434.6], [3154.2, 7432.7], [3160.5, 7427.5], [3162.8, 7425.6], [3166.8, 7428.2], [3164.4, 7432.0], [3163.9, 7432.5], [3163.9, 7434.7], [3157.3, 7440.0], [3153.4, 7440.0], [3155.2, 7434.6], [3154.2, 7434.6]]]}}, {"type": "Feature", "properties": {"OBJECTID": 123, "id": null, "name": null, "continent": null, "S2": null, "Shape__Area": 1387189645.0029297, "Shape__Length": 201647.28588985713}, "geometry": {"type": "Polygon", "coordinates": [[[3485.5, 7255.4], [3490.2, 7252.8], [3495.7, 7252.8], [3498.1, 7254.1], [3495.7, 7261.3], [3491.0, 7265.9], [3490.2, 7273.8], [3493.3, 7278.4], [3492.6, 7283.6], [3488.6, 7292.1], [3483.1, 7294.7], [3482.4, 7290.8], [3482.4, 7286.2], [3483.1, 7281.7], [3480.8, 7275.8], [3475.3, 7271.8], [3476.1, 7268.6], [3483.1, 7264.0], [3485.5, 7255.4]]]}}, {"type": "Feature", "properties": {"OBJECTID": 124, "id": null, "name": null, "continent": null, "S2": null, "Shape__Area": 258951185.0986328, "Shape__Length": 67892.82780649951}, "geometry": {"type": "Polygon", "coordinates": [[[3508.8, 7247.6], [3509.2, 7244.2], [3514.7, 7242.2], [3520.2, 7238.3], [3521.8, 7240.2], [3521.0, 7245.5], [3517.1, 7248.1], [3515.9, 7250.1], [3508.8, 7247.6]]]}}, {"type": "Feature", "properties": {"OBJECTID": 125, "id": null, "name": null, "continent": null, "S2": null, "Shape__Area": 1138127569.5136719, "Shape__Length": 153308.60800762006}, "geometry": {"type": "Polygon", "coordinates": [[[2720.0, 7396.6], [2723.4, 7397.4], [2727.2, 7401.2], [2728.7, 7405.7], [2728.1, 7409.1], [2728.1, 7414.8], [2728.0, 7415.6], [2727.2, 7419.5], [2725.9, 7424.2], [2725.8, 7424.7], [2723.7, 7429.3], [2723.0, 7429.4], [2722.4, 7429.5], [2720.2, 7430.0], [2719.6, 7428.1], [2719.6, 7425.9], [2718.6, 7425.1], [2716.9, 7423.6], [2716.6, 7421.4], [2716.4, 7420.3], [2716.0, 7418.3], [2714.2, 7415.4], [2713.9, 7415.0], [2713.9, 7411.2], [2715.6, 7407.4], [2715.7, 7407.2], [2716.0, 7405.0], [2715.8, 7402.8], [2715.7, 7402.4], [2715.7, 7399.1], [2719.1, 7397.2], [2720.0, 7396.6]]]}}, {"type": "Feature", "properties": {"OBJECTID": 126, "id": null, "name": null, "continent": null, "S2": null, "Shape__Area": 1284913961.3320312, "Shape__Length": 172212.3746611184}, "geometry": {"type": "Polygon", "coordinates": [[[3167.7, 6995.7], [3169.9, 6996.3], [3173.3, 7000.3], [3171.3, 7005.6], [3170.8, 7008.8], [3162.5, 7010.5], [3159.2, 7012.2], [3155.3, 7013.6], [3151.4, 7020.4], [3147.5, 7023.8], [3143.5, 7024.1], [3141.0, 7023.5], [3140.4, 7022.7], [3140.6, 7020.5], [3142.9, 7018.4], [3145.9, 7016.2], [3145.9, 7013.6], [3146.0, 7013.5], [3148.9, 7011.0], [3149.8, 7002.2], [3149.9, 7001.1], [3152.5, 6997.0], [3160.9, 6997.0], [3167.7, 6995.7]]]}}, {"type": "Feature", "properties": {"OBJECTID": 127, "id": null, "name": null, "continent": null, "S2": null, "Shape__Area": 1923445440.5681152, "Shape__Length": 171516.44214865696}, "geometry": {"type": "Polygon", "coordinates": [[[4833.4, 5916.0], [4838.9, 5921.4], [4845.0, 5928.8], [4849.1, 5935.6], [4849.1, 5943.1], [4845.7, 5956.6], [4838.9, 5955.9], [4833.6, 5953.7], [4829.4, 5950.0], [4825.3, 5944.8], [4824.9, 5930.4], [4826.6, 5920.7], [4833.4, 5916.0]]]}}, {"type": "Feature", "properties": {"OBJECTID": 128, "id": null, "name": null, "continent": null, "S2": null, "Shape__Area": 11123231676.526611, "Shape__Length": 487621.9424642891}, "geometry": {"type": "Polygon", "coordinates": [[[6662.4, 7235.9], [6662.4, 7235.9], [6648.4, 7241.1], [6629.8, 7246.2], [6618.9, 7250.1], [6604.5, 7255.2], [6604.1, 7255.5], [6600.2, 7257.6], [6595.6, 7258.2], [6588.3, 7257.6], [6585.7, 7255.6], [6585.2, 7253.5], [6586.1, 7251.8], [6587.8, 7249.1], [6593.6, 7244.0], [6594.0, 7241.7], [6595.2, 7239.7], [6595.5, 7239.5], [6597.0, 7238.7], [6601.2, 7236.5], [6601.9, 7235.0], [6601.6, 7234.0], [6601.5, 7233.2], [6600.4, 7231.7], [6597.9, 7229.9], [6597.1, 7228.8], [6595.7, 7227.0], [6594.9, 7226.0], [6593.9, 7224.8], [6590.6, 7222.6], [6589.8, 7222.2], [6588.5, 7221.4], [6587.7, 7220.9], [6586.6, 7218.6], [6586.8, 7217.6], [6589.2, 7216.0], [6592.5, 7215.1], [6593.9, 7214.3], [6595.9, 7212.5], [6597.4, 7210.6], [6599.2, 7207.5], [6601.5, 7203.6], [6603.4, 7202.6], [6606.6, 7201.5], [6617.0, 7199.8], [6621.7, 7198.6], [6624.4, 7196.9], [6626.4, 7194.8], [6628.7, 7192.9], [6630.0, 7192.7], [6631.3, 7192.6], [6633.4, 7192.6], [6634.3, 7192.5], [6636.1, 7192.4], [6638.2, 7191.5], [6638.3, 7191.4], [6641.1, 7189.6], [6641.3, 7189.5], [6643.8, 7187.3], [6644.9, 7186.7], [6646.4, 7185.9], [6647.9, 7185.0], [6650.7, 7183.2], [6653.9, 7182.0], [6656.2, 7182.3], [6657.6, 7183.9], [6658.4, 7185.8], [6659.0, 7189.8], [6660.5, 7193.9], [6660.5, 7194.2], [6659.8, 7198.3], [6658.6, 7202.1], [6656.2, 7209.9], [6654.9, 7217.7], [6655.6, 7219.3], [6656.8, 7220.8], [6658.2, 7222.2], [6661.2, 7224.2], [6663.6, 7225.2], [6665.5, 7226.4], [6667.6, 7228.3], [6667.4, 7230.6], [6666.8, 7232.7], [6665.3, 7234.5], [6662.9, 7235.8], [6662.4, 7235.9]]]}}, {"type": "Feature", "properties": {"OBJECTID": 129, "id": null, "name": null, "continent": null, "S2": null, "Shape__Area": 392387327.7211914, "Shape__Length": 77678.51650711132}, "geometry": {"type": "Polygon", "coordinates": [[[6673.3, 7193.8], [6672.3, 7193.1], [6671.4, 7192.0], [6669.8, 7189.4], [6669.8, 7186.0], [6676.1, 7179.9], [6677.6, 7179.7], [6681.3, 7179.9], [6681.6, 7180.1], [6682.5, 7180.7], [6682.9, 7181.1], [6683.8, 7181.9], [6683.9, 7183.1], [6683.8, 7184.5], [6682.8, 7186.3], [6681.9, 7187.2], [6680.6, 7188.2], [6680.4, 7188.5], [6679.1, 7189.2], [6678.8, 7189.4], [6677.2, 7190.5], [6675.8, 7191.8], [6675.3, 7193.2], [6674.1, 7193.9], [6673.3, 7193.8], [6673.3, 7193.8]]]}}, {"type": "Feature", "properties": {"OBJECTID": 130, "id": null, "name": null, "continent": null, "S2": null, "Shape__Area": 6776537870.068848, "Shape__Length": 367042.6371499014}, "geometry": {"type": "Polygon", "coordinates": [[[6903.6, 7236.3], [6891.6, 7230.1], [6891.1, 7229.6], [6890.5, 7229.2], [6889.5, 7227.1], [6890.1, 7225.4], [6891.5, 7223.3], [6892.9, 7222.0], [6892.9, 7222.0], [6893.0, 7221.9], [6895.2, 7219.8], [6897.1, 7217.5], [6897.9, 7215.8], [6898.2, 7213.0], [6897.6, 7210.6], [6896.3, 7209.3], [6896.2, 7209.2], [6895.2, 7208.8], [6890.0, 7208.5], [6888.5, 7208.0], [6887.1, 7207.7], [6884.5, 7206.9], [6884.2, 7206.4], [6883.7, 7205.6], [6883.1, 7203.2], [6884.4, 7202.0], [6886.3, 7201.8], [6889.4, 7201.0], [6890.7, 7200.9], [6892.3, 7200.8], [6894.6, 7200.8], [6896.7, 7200.9], [6898.7, 7201.2], [6899.3, 7201.3], [6903.6, 7201.8], [6903.8, 7201.9], [6906.0, 7201.9], [6907.1, 7201.9], [6912.4, 7201.9], [6915.7, 7202.4], [6917.5, 7203.3], [6921.5, 7206.7], [6925.3, 7210.6], [6942.5, 7220.7], [6960.4, 7235.0], [6961.1, 7236.5], [6961.4, 7237.3], [6961.1, 7240.1], [6960.5, 7242.1], [6960.2, 7243.2], [6959.6, 7243.7], [6958.6, 7244.6], [6956.8, 7246.0], [6953.6, 7246.9], [6950.1, 7247.7], [6943.1, 7248.5], [6933.9, 7248.5], [6932.4, 7248.4], [6928.6, 7248.2], [6926.3, 7248.0], [6919.3, 7246.5], [6917.6, 7246.1], [6915.6, 7245.5], [6913.3, 7244.4], [6903.6, 7236.3]]]}}, {"type": "Feature", "properties": {"OBJECTID": 131, "id": null, "name": null, "continent": null, "S2": null, "Shape__Area": 4486264772.916504, "Shape__Length": 330058.6490265973}, "geometry": {"type": "Polygon", "coordinates": [[[6842.3, 7097.5], [6841.1, 7088.2], [6839.4, 7079.7], [6830.7, 7075.1], [6823.2, 7067.9], [6825.7, 7063.3], [6831.1, 7058.3], [6836.1, 7060.8], [6835.3, 7064.0], [6839.0, 7067.2], [6843.6, 7067.9], [6848.5, 7068.6], [6852.7, 7071.8], [6863.5, 7071.8], [6868.9, 7072.2], [6871.0, 7076.8], [6876.4, 7080.7], [6876.8, 7083.6], [6876.2, 7087.4], [6878.4, 7089.4], [6873.7, 7098.7], [6863.6, 7101.3], [6861.3, 7112.6], [6855.1, 7119.2], [6850.4, 7117.9], [6846.5, 7109.3], [6845.7, 7100.8], [6842.3, 7097.5]]]}}, {"type": "Feature", "properties": {"OBJECTID": 132, "id": null, "name": null, "continent": null, "S2": null, "Shape__Area": 715956770.2924805, "Shape__Length": 109365.147332254}, "geometry": {"type": "Polygon", "coordinates": [[[7010.0, 7092.6], [7000.9, 7098.3], [6992.1, 7095.1], [6986.3, 7088.3], [6983.8, 7084.4], [6990.5, 7082.3], [6996.7, 7085.1], [7000.0, 7085.8], [7004.2, 7086.5], [7008.4, 7088.7], [7010.0, 7092.6]]]}}, {"type": "Feature", "properties": {"OBJECTID": 133, "id": null, "name": null, "continent": null, "S2": null, "Shape__Area": 267445097.7788086, "Shape__Length": 68057.67961691348}, "geometry": {"type": "Polygon", "coordinates": [[[6899.7, 7025.5], [6903.9, 7029.1], [6903.9, 7032.0], [6903.9, 7034.5], [6897.6, 7034.5], [6892.7, 7027.7], [6892.7, 7022.3], [6899.7, 7025.5]]]}}, {"type": "Feature", "properties": {"OBJECTID": 134, "id": null, "name": null, "continent": null, "S2": null, "Shape__Area": 169923725.52685547, "Shape__Length": 53934.36080691795}, "geometry": {"type": "Polygon", "coordinates": [[[6940.3, 7061.0], [6944.0, 7063.5], [6943.6, 7066.0], [6940.3, 7066.0], [6936.1, 7066.0], [6932.8, 7064.6], [6932.0, 7059.6], [6940.3, 7061.0]]]}}, {"type": "Feature", "properties": {"OBJECTID": 135, "id": null, "name": null, "continent": null, "S2": null, "Shape__Area": 110879586.24951172, "Shape__Length": 40878.44890196862}, "geometry": {"type": "Polygon", "coordinates": [[[6915.9, 7042.1], [6920.0, 7044.6], [6919.2, 7047.5], [6915.0, 7047.5], [6910.9, 7045.3], [6912.1, 7042.1], [6915.9, 7042.1]]]}}, {"type": "Feature", "properties": {"OBJECTID": 136, "id": null, "name": null, "continent": null, "S2": null, "Shape__Area": 10763083499.375244, "Shape__Length": 472170.16166545637}, "geometry": {"type": "Polygon", "coordinates": [[[6689.9, 6731.9], [6691.7, 6729.5], [6700.7, 6724.5], [6707.9, 6724.3], [6713.6, 6724.9], [6720.4, 6728.2], [6723.4, 6731.5], [6727.0, 6738.0], [6726.3, 6747.4], [6726.8, 6752.6], [6723.2, 6757.9], [6717.7, 6761.7], [6713.7, 6765.8], [6710.6, 6767.9], [6709.9, 6772.2], [6714.7, 6780.2], [6720.2, 6785.1], [6722.3, 6791.3], [6721.4, 6795.8], [6722.8, 6802.5], [6716.7, 6811.8], [6710.8, 6822.0], [6702.8, 6823.2], [6699.5, 6820.6], [6698.4, 6816.6], [6696.8, 6815.1], [6695.1, 6813.5], [6693.6, 6810.5], [6691.0, 6802.6], [6688.4, 6798.5], [6685.9, 6794.4], [6684.4, 6791.7], [6682.6, 6788.5], [6679.8, 6784.5], [6678.1, 6780.5], [6674.6, 6777.8], [6669.2, 6773.9], [6663.8, 6770.5], [6661.9, 6764.8], [6666.1, 6758.2], [6678.3, 6751.8], [6680.9, 6744.3], [6686.5, 6734.0], [6689.9, 6731.9]]]}}, {"type": "Feature", "properties": {"OBJECTID": 137, "id": null, "name": null, "continent": null, "S2": null, "Shape__Area": 320649035.75, "Shape__Length": 81216.55643031103}, "geometry": {"type": "Polygon", "coordinates": [[[6682.6, 6863.3], [6687.7, 6866.7], [6686.7, 6867.6], [6683.6, 6870.0], [6676.7, 6872.8], [6669.1, 6875.8], [6668.5, 6872.5], [6670.2, 6868.8], [6675.7, 6867.0], [6682.6, 6863.3]]]}}, {"type": "Feature", "properties": {"OBJECTID": 138, "id": null, "name": null, "continent": null, "S2": null, "Shape__Area": 272219129.2441406, "Shape__Length": 71113.95763959737}, "geometry": {"type": "Polygon", "coordinates": [[[6739.6, 6726.0], [6749.9, 6726.0], [6750.6, 6726.9], [6749.2, 6728.8], [6745.1, 6731.6], [6741.0, 6733.1], [6735.1, 6735.0], [6732.7, 6730.7], [6739.6, 6726.0]]]}}, {"type": "Feature", "properties": {"OBJECTID": 139, "id": null, "name": null, "continent": null, "S2": null, "Shape__Area": 9437724108.163086, "Shape__Length": 472968.6580085082}, "geometry": {"type": "Polygon", "coordinates": [[[7253.1, 6242.6], [7246.8, 6251.0], [7237.3, 6250.7], [7232.9, 6248.4], [7232.7, 6245.8], [7232.5, 6242.4], [7232.9, 6237.1], [7232.7, 6236.9], [7228.2, 6231.5], [7230.1, 6224.7], [7232.3, 6223.4], [7235.3, 6221.7], [7240.0, 6218.7], [7240.6, 6214.7], [7241.1, 6213.0], [7240.4, 6205.1], [7242.0, 6195.6], [7244.3, 6193.9], [7247.2, 6191.8], [7250.7, 6188.4], [7249.7, 6187.2], [7248.0, 6185.0], [7242.8, 6182.4], [7240.8, 6174.0], [7246.0, 6170.2], [7249.3, 6168.0], [7250.4, 6167.2], [7251.8, 6159.7], [7254.4, 6158.9], [7273.4, 6159.3], [7280.9, 6159.8], [7281.1, 6160.2], [7283.6, 6159.6], [7290.0, 6160.6], [7291.6, 6160.9], [7293.1, 6161.1], [7300.3, 6167.9], [7300.3, 6178.9], [7293.5, 6188.4], [7288.8, 6198.2], [7285.2, 6202.8], [7279.7, 6208.1], [7269.0, 6208.4], [7268.5, 6208.4], [7263.8, 6216.7], [7259.8, 6223.9], [7259.8, 6236.4], [7253.1, 6242.6]]]}}, {"type": "Feature", "properties": {"OBJECTID": 140, "id": null, "name": null, "continent": null, "S2": null, "Shape__Area": 1274652514.7890625, "Shape__Length": 157537.60924310557}, "geometry": {"type": "Polygon", "coordinates": [[[7287.6, 6236.7], [7290.7, 6235.5], [7296.3, 6237.1], [7296.3, 6237.2], [7297.5, 6240.1], [7294.7, 6243.9], [7292.3, 6245.0], [7291.4, 6248.0], [7290.5, 6252.5], [7290.3, 6255.5], [7289.1, 6259.3], [7281.2, 6267.6], [7275.3, 6267.2], [7274.9, 6261.3], [7274.7, 6261.2], [7274.9, 6260.4], [7275.8, 6257.9], [7277.3, 6254.0], [7276.5, 6248.4], [7274.1, 6243.5], [7277.7, 6236.7], [7287.6, 6236.7]]]}}, {"type": "Feature", "properties": {"OBJECTID": 141, "id": null, "name": null, "continent": null, "S2": null, "Shape__Area": 3890071604.3930664, "Shape__Length": 305224.76065672067}, "geometry": {"type": "Polygon", "coordinates": [[[7571.3, 6464.4], [7572.7, 6460.5], [7572.2, 6459.0], [7576.0, 6454.7], [7578.4, 6452.0], [7579.8, 6451.0], [7582.7, 6448.9], [7589.4, 6450.6], [7594.6, 6456.8], [7594.8, 6457.1], [7599.4, 6462.6], [7600.0, 6462.9], [7605.6, 6466.1], [7607.0, 6467.9], [7608.9, 6470.5], [7617.4, 6473.6], [7626.0, 6472.6], [7630.7, 6473.8], [7633.2, 6474.5], [7637.4, 6479.3], [7642.7, 6487.2], [7643.6, 6493.0], [7633.1, 6495.2], [7622.2, 6493.0], [7610.8, 6489.5], [7606.8, 6485.8], [7601.3, 6483.7], [7600.3, 6483.3], [7597.1, 6481.7], [7595.1, 6480.7], [7585.6, 6475.4], [7575.1, 6468.8], [7571.3, 6464.4]]]}}, {"type": "Feature", "properties": {"OBJECTID": 142, "id": null, "name": null, "continent": null, "S2": null, "Shape__Area": 11937046045.144531, "Shape__Length": 552902.0263439964}, "geometry": {"type": "Polygon", "coordinates": [[[7077.6, 6248.9], [7066.9, 6250.1], [7055.5, 6244.8], [7049.3, 6238.3], [7045.8, 6238.2], [7042.4, 6234.7], [7040.2, 6234.2], [7025.4, 6231.3], [7001.8, 6231.3], [6999.9, 6230.7], [6998.4, 6229.0], [6998.0, 6228.7], [6996.0, 6226.0], [6995.9, 6225.9], [6993.6, 6224.2], [6981.0, 6221.1], [6969.1, 6222.3], [6961.8, 6222.3], [6960.5, 6221.8], [6956.5, 6215.9], [6956.5, 6213.9], [6954.2, 6212.8], [6952.8, 6212.1], [6952.1, 6211.7], [6949.3, 6208.7], [6943.8, 6202.7], [6943.5, 6200.0], [6943.5, 6199.3], [6943.8, 6198.3], [6947.2, 6195.1], [6947.5, 6195.0], [6959.7, 6195.5], [6973.7, 6193.1], [6977.9, 6192.7], [6986.2, 6187.1], [6987.0, 6186.8], [6989.4, 6185.7], [6990.8, 6185.3], [7007.2, 6187.5], [7014.3, 6189.4], [7020.2, 6193.9], [7025.0, 6198.1], [7025.9, 6198.2], [7030.9, 6199.2], [7037.4, 6196.4], [7038.8, 6195.8], [7046.2, 6196.1], [7048.2, 6197.1], [7055.9, 6208.2], [7061.7, 6210.5], [7062.9, 6211.8], [7062.9, 6212.1], [7064.2, 6223.3], [7067.3, 6226.1], [7073.7, 6232.0], [7076.7, 6236.0], [7078.8, 6237.3], [7081.2, 6242.7], [7081.1, 6244.3], [7077.6, 6248.9]]]}}, {"type": "Feature", "properties": {"OBJECTID": 143, "id": null, "name": "Manticore Isles", "continent": null, "S2": null, "Shape__Area": 3942531116.841797, "Shape__Length": 288703.77862314123}, "geometry": {"type": "Polygon", "coordinates": [[[8323.8, 7235.6], [8314.0, 7240.3], [8305.2, 7239.2], [8306.1, 7233.4], [8298.6, 7229.3], [8297.0, 7224.6], [8304.5, 7221.6], [8316.3, 7215.2], [8320.2, 7209.7], [8327.8, 7211.1], [8332.7, 7213.6], [8342.8, 7213.0], [8349.1, 7208.3], [8350.4, 7208.4], [8353.3, 7206.6], [8359.8, 7205.0], [8363.1, 7211.5], [8359.8, 7219.7], [8355.3, 7226.8], [8344.8, 7231.7], [8334.5, 7232.7], [8323.8, 7235.6]]]}}, {"type": "Feature", "properties": {"OBJECTID": 144, "id": null, "name": "Manticore Isles", "continent": null, "S2": null, "Shape__Area": 718431960.0888672, "Shape__Length": 108983.21856353912}, "geometry": {"type": "Polygon", "coordinates": [[[8380.5, 7192.8], [8386.1, 7186.5], [8391.0, 7187.0], [8393.6, 7189.0], [8398.8, 7190.3], [8400.5, 7191.7], [8397.5, 7196.4], [8397.2, 7197.3], [8394.6, 7200.0], [8389.0, 7200.0], [8379.2, 7203.9], [8378.5, 7200.0], [8380.5, 7192.8]]]}}, {"type": "Feature", "properties": {"OBJECTID": 145, "id": null, "name": "Manticore Isles", "continent": null, "S2": null, "Shape__Area": 485814591.97558594, "Shape__Length": 88212.42881157389}, "geometry": {"type": "Polygon", "coordinates": [[[8409.7, 7178.4], [8413.9, 7173.4], [8417.8, 7172.6], [8421.8, 7173.4], [8425.7, 7175.9], [8428.0, 7176.7], [8431.3, 7180.9], [8428.7, 7182.8], [8419.5, 7182.6], [8414.9, 7183.7], [8409.7, 7178.4]]]}}, {"type": "Feature", "properties": {"OBJECTID": 146, "id": null, "name": "Manticore Isles", "continent": null, "S2": null, "Shape__Area": 852746947.2412109, "Shape__Length": 138323.9167270737}, "geometry": {"type": "Polygon", "coordinates": [[[8447.0, 7145.6], [8455.2, 7137.2], [8457.5, 7136.4], [8458.8, 7136.7], [8459.1, 7141.1], [8457.5, 7142.8], [8455.9, 7147.0], [8454.2, 7150.6], [8450.3, 7152.3], [8445.1, 7154.5], [8439.8, 7158.1], [8436.2, 7158.1], [8430.0, 7154.0], [8431.9, 7149.5], [8437.5, 7145.6], [8447.0, 7145.6]]]}}, {"type": "Feature", "properties": {"OBJECTID": 147, "id": null, "name": "Manticore Isles", "continent": null, "S2": null, "Shape__Area": 201508495.10058594, "Shape__Length": 55351.5493449832}, "geometry": {"type": "Polygon", "coordinates": [[[8479.3, 7120.0], [8486.6, 7120.3], [8486.6, 7123.4], [8484.3, 7125.1], [8481.3, 7127.6], [8475.4, 7125.9], [8475.1, 7121.4], [8479.3, 7120.0]]]}}, {"type": "Feature", "properties": {"OBJECTID": 148, "id": null, "name": "Manticore Isles", "continent": null, "S2": null, "Shape__Area": 611162117.2851562, "Shape__Length": 136925.45129612225}, "geometry": {"type": "Polygon", "coordinates": [[[8507.0, 7080.1], [8511.6, 7079.0], [8513.2, 7084.0], [8512.2, 7086.8], [8510.3, 7092.2], [8511.6, 7095.8], [8510.9, 7100.3], [8508.9, 7104.0], [8505.3, 7109.3], [8500.7, 7110.4], [8501.1, 7104.2], [8504.7, 7098.6], [8503.7, 7091.6], [8505.7, 7087.7], [8507.0, 7080.1]]]}}, {"type": "Feature", "properties": {"OBJECTID": 149, "id": null, "name": "Marahai", "continent": null, "S2": null, "Shape__Area": 1525531181.290039, "Shape__Length": 166693.96953424564}, "geometry": {"type": "Polygon", "coordinates": [[[7845.6, 7039.2], [7844.9, 7039.3], [7840.4, 7039.3], [7834.6, 7039.5], [7833.0, 7039.6], [7832.4, 7037.4], [7832.0, 7036.0], [7832.0, 7032.7], [7830.9, 7031.0], [7830.4, 7030.2], [7829.5, 7026.3], [7832.9, 7024.3], [7833.3, 7024.1], [7837.5, 7022.2], [7840.4, 7019.7], [7846.5, 7015.5], [7851.0, 7013.0], [7851.2, 7013.0], [7856.5, 7011.6], [7859.7, 7011.6], [7861.3, 7014.1], [7860.3, 7014.9], [7860.9, 7015.1], [7861.1, 7015.7], [7860.7, 7016.3], [7860.7, 7016.3], [7860.4, 7019.7], [7856.8, 7023.0], [7852.3, 7027.7], [7850.7, 7032.1], [7849.6, 7036.2], [7845.6, 7039.2]]]}}, {"type": "Feature", "properties": {"OBJECTID": 150, "id": null, "name": "Marahai", "continent": null, "S2": null, "Shape__Area": 1022116629.4453125, "Shape__Length": 134290.9152835302}, "geometry": {"type": "Polygon", "coordinates": [[[7859.3, 7083.9], [7859.0, 7081.3], [7859.3, 7080.9], [7860.5, 7079.8], [7862.2, 7078.1], [7864.2, 7075.7], [7867.3, 7075.5], [7868.7, 7075.4], [7874.1, 7074.3], [7874.8, 7073.4], [7876.0, 7071.9], [7876.1, 7071.8], [7877.5, 7071.9], [7880.6, 7072.1], [7884.4, 7074.3], [7887.1, 7073.7], [7889.7, 7075.4], [7887.6, 7079.6], [7882.5, 7084.7], [7878.3, 7084.7], [7874.5, 7086.3], [7873.5, 7088.5], [7872.8, 7089.3], [7871.6, 7090.5], [7869.0, 7090.2], [7867.7, 7089.4], [7866.4, 7088.5], [7863.5, 7086.6], [7860.3, 7085.7], [7859.3, 7083.9]]]}}, {"type": "Feature", "properties": {"OBJECTID": 151, "id": null, "name": "Isle of Whips", "continent": null, "S2": null, "Shape__Area": 837315300.8134766, "Shape__Length": 128990.64799942737}, "geometry": {"type": "Polygon", "coordinates": [[[7448.1, 6653.8], [7452.0, 6656.3], [7455.2, 6660.2], [7459.1, 6663.8], [7460.3, 6666.6], [7457.5, 6668.8], [7452.4, 6668.1], [7446.9, 6665.9], [7442.9, 6662.4], [7434.3, 6661.7], [7429.5, 6659.2], [7433.1, 6656.3], [7436.2, 6649.9], [7441.4, 6649.5], [7448.1, 6653.8]]]}}, {"type": "Feature", "properties": {"OBJECTID": 152, "id": null, "name": null, "continent": null, "S2": null, "Shape__Area": 679011653.7285156, "Shape__Length": 128301.66468729949}, "geometry": {"type": "Polygon", "coordinates": [[[4556.4, 7386.1], [4560.4, 7391.8], [4564.0, 7394.5], [4564.3, 7397.7], [4563.3, 7400.2], [4559.7, 7398.8], [4557.4, 7396.4], [4552.8, 7396.4], [4548.8, 7395.9], [4546.2, 7393.2], [4543.9, 7389.6], [4540.6, 7387.2], [4537.6, 7383.9], [4538.0, 7381.2], [4540.9, 7381.2], [4544.2, 7383.9], [4548.2, 7385.8], [4552.8, 7385.8], [4556.4, 7386.1]]]}}, {"type": "Feature", "properties": {"OBJECTID": 153, "id": null, "name": null, "continent": null, "S2": null, "Shape__Area": 30641733598.86914, "Shape__Length": 1352937.8379112382}, "geometry": {"type": "Polygon", "coordinates": [[[9253.4, 3743.3], [9250.0, 3743.7], [9249.1, 3743.8], [9247.1, 3744.0], [9248.1, 3748.2], [9248.1, 3750.2], [9248.1, 3751.4], [9247.1, 3753.0], [9243.5, 3752.0], [9242.3, 3750.7], [9241.2, 3749.5], [9239.6, 3745.6], [9236.4, 3743.1], [9234.7, 3741.7], [9229.5, 3740.1], [9227.8, 3739.2], [9225.9, 3736.6], [9227.5, 3733.1], [9232.4, 3731.8], [9237.3, 3728.9], [9238.3, 3725.3], [9236.6, 3718.9], [9232.7, 3712.8], [9232.0, 3710.7], [9231.8, 3709.9], [9229.5, 3707.7], [9227.2, 3707.7], [9224.6, 3709.0], [9226.2, 3717.3], [9226.2, 3720.5], [9225.9, 3722.5], [9222.3, 3723.1], [9216.7, 3719.9], [9214.1, 3719.9], [9209.9, 3719.9], [9208.3, 3719.9], [9206.6, 3719.9], [9203.7, 3718.3], [9203.4, 3717.7], [9202.0, 3715.1], [9198.1, 3715.1], [9197.5, 3715.1], [9192.3, 3715.1], [9188.0, 3714.5], [9183.1, 3710.9], [9182.1, 3708.7], [9182.1, 3704.5], [9184.8, 3701.3], [9187.4, 3699.7], [9190.0, 3696.5], [9189.3, 3693.6], [9188.3, 3691.1], [9187.7, 3687.9], [9187.7, 3685.6], [9191.6, 3682.4], [9194.6, 3680.8], [9196.8, 3679.5], [9197.8, 3678.9], [9194.2, 3677.0], [9191.3, 3673.1], [9189.3, 3670.2], [9188.4, 3667.4], [9187.4, 3665.4], [9184.4, 3664.5], [9177.9, 3662.9], [9172.0, 3662.9], [9160.6, 3662.9], [9158.7, 3662.0], [9156.7, 3654.6], [9158.0, 3651.1], [9158.0, 3647.2], [9159.6, 3643.4], [9163.6, 3644.4], [9165.2, 3646.6], [9166.8, 3648.2], [9169.8, 3650.1], [9171.1, 3650.4], [9173.0, 3650.4], [9173.6, 3650.1], [9175.3, 3650.1], [9181.8, 3646.3], [9189.7, 3646.3], [9195.2, 3651.1], [9203.1, 3653.0], [9222.6, 3653.3], [9227.7, 3653.9], [9232.8, 3658.4], [9235.4, 3661.2], [9239.9, 3664.4], [9239.9, 3667.6], [9237.0, 3669.6], [9235.0, 3671.8], [9235.4, 3675.6], [9246.5, 3675.6], [9252.3, 3676.6], [9258.5, 3679.8], [9263.1, 3681.4], [9267.6, 3680.6], [9270.0, 3678.5], [9274.9, 3677.9], [9280.1, 3682.0], [9280.3, 3684.8], [9280.7, 3689.4], [9282.7, 3693.9], [9286.8, 3694.4], [9287.9, 3694.5], [9294.8, 3697.7], [9295.1, 3701.5], [9293.1, 3704.4], [9291.2, 3705.4], [9289.5, 3706.7], [9289.4, 3711.3], [9293.1, 3712.8], [9294.8, 3715.7], [9296.1, 3719.8], [9295.1, 3724.0], [9292.8, 3726.9], [9289.3, 3729.2], [9289.4, 3729.5], [9286.6, 3730.8], [9284.0, 3733.7], [9283.6, 3736.6], [9287.2, 3738.5], [9291.0, 3739.0], [9294.7, 3739.4], [9300.0, 3734.9], [9306.2, 3733.6], [9309.4, 3734.0], [9315.6, 3734.6], [9320.2, 3734.3], [9321.2, 3733.9], [9322.8, 3734.8], [9322.8, 3737.5], [9319.9, 3741.0], [9320.5, 3743.9], [9322.2, 3749.1], [9323.5, 3752.0], [9322.8, 3755.2], [9322.5, 3759.7], [9318.6, 3761.3], [9318.0, 3761.7], [9316.6, 3769.0], [9317.3, 3775.8], [9325.1, 3780.6], [9328.0, 3784.8], [9328.7, 3788.0], [9326.4, 3792.9], [9321.5, 3799.6], [9319.9, 3806.6], [9319.5, 3808.0], [9320.0, 3809.3], [9321.2, 3812.2], [9322.5, 3817.1], [9325.1, 3822.6], [9329.0, 3825.5], [9333.6, 3827.7], [9333.9, 3831.0], [9332.9, 3833.9], [9329.0, 3835.5], [9326.7, 3837.4], [9326.7, 3842.6], [9326.7, 3846.2], [9326.0, 3848.8], [9322.9, 3849.2], [9323.1, 3849.6], [9320.8, 3848.5], [9321.1, 3842.3], [9319.8, 3840.0], [9316.9, 3837.8], [9313.6, 3836.8], [9306.5, 3834.2], [9302.2, 3831.6], [9300.9, 3828.4], [9301.6, 3818.4], [9302.5, 3813.2], [9303.5, 3810.0], [9304.2, 3806.8], [9304.2, 3804.5], [9301.2, 3801.3], [9296.0, 3800.0], [9286.2, 3800.3], [9278.4, 3800.3], [9277.6, 3800.3], [9276.8, 3799.4], [9276.1, 3793.6], [9276.6, 3788.2], [9276.8, 3781.9], [9275.5, 3776.8], [9271.6, 3775.8], [9264.4, 3776.2], [9258.2, 3775.2], [9255.9, 3771.0], [9257.5, 3765.5], [9258.7, 3762.9], [9259.5, 3759.7], [9258.2, 3752.7], [9257.5, 3747.8], [9255.2, 3744.9], [9253.4, 3743.3]]]}}, {"type": "Feature", "properties": {"OBJECTID": 154, "id": null, "name": null, "continent": null, "S2": null, "Shape__Area": 29697761459.59424, "Shape__Length": 1374468.4482975688}, "geometry": {"type": "Polygon", "coordinates": [[[8656.7, 3704.8], [8651.7, 3708.5], [8646.0, 3708.5], [8642.3, 3706.4], [8643.9, 3702.0], [8648.1, 3700.8], [8652.2, 3696.4], [8652.2, 3691.9], [8647.6, 3687.1], [8645.2, 3682.3], [8648.1, 3678.2], [8651.8, 3675.0], [8656.7, 3671.8], [8662.8, 3668.1], [8666.5, 3662.1], [8672.3, 3656.9], [8679.3, 3657.3], [8683.8, 3658.1], [8688.3, 3658.1], [8689.4, 3658.8], [8692.4, 3660.9], [8701.9, 3661.7], [8709.7, 3664.5], [8720.7, 3663.3], [8725.1, 3665.0], [8727.1, 3666.3], [8726.1, 3669.3], [8726.1, 3672.9], [8728.6, 3680.2], [8733.4, 3681.0], [8737.6, 3681.8], [8742.1, 3681.8], [8752.0, 3681.4], [8763.9, 3675.3], [8769.6, 3671.3], [8775.4, 3667.6], [8789.7, 3668.4], [8799.1, 3667.8], [8800.0, 3664.4], [8801.3, 3660.4], [8802.5, 3658.0], [8805.2, 3656.9], [8808.6, 3655.5], [8809.1, 3655.4], [8812.3, 3656.3], [8815.6, 3659.6], [8823.4, 3659.6], [8827.5, 3659.6], [8829.6, 3657.1], [8831.1, 3653.9], [8834.5, 3654.3], [8839.4, 3655.5], [8842.7, 3660.7], [8846.0, 3663.2], [8851.8, 3664.4], [8857.1, 3664.4], [8863.7, 3664.4], [8865.1, 3664.2], [8865.9, 3664.8], [8866.5, 3664.8], [8873.1, 3667.2], [8873.1, 3671.2], [8867.0, 3674.0], [8864.1, 3675.2], [8860.6, 3678.2], [8860.4, 3678.4], [8860.4, 3678.6], [8860.4, 3680.9], [8857.6, 3682.6], [8857.1, 3682.9], [8848.1, 3683.7], [8844.8, 3688.5], [8842.7, 3693.4], [8841.5, 3696.2], [8838.2, 3698.2], [8837.0, 3703.1], [8839.7, 3706.7], [8839.4, 3707.4], [8839.4, 3712.4], [8835.7, 3713.6], [8833.7, 3718.4], [8837.4, 3721.6], [8840.1, 3722.8], [8843.1, 3724.0], [8847.2, 3727.3], [8847.6, 3732.9], [8846.4, 3735.0], [8844.2, 3738.0], [8843.1, 3739.4], [8837.8, 3740.6], [8830.8, 3743.5], [8826.7, 3745.9], [8826.7, 3750.3], [8826.7, 3753.5], [8824.7, 3755.8], [8820.1, 3756.0], [8815.2, 3756.0], [8811.9, 3756.4], [8811.6, 3756.4], [8807.0, 3756.4], [8801.6, 3763.3], [8797.9, 3767.8], [8794.2, 3769.8], [8789.3, 3772.7], [8786.4, 3777.1], [8782.7, 3778.7], [8777.0, 3779.2], [8771.6, 3777.9], [8768.8, 3772.7], [8766.3, 3768.2], [8762.2, 3766.2], [8758.5, 3761.3], [8758.5, 3757.3], [8763.8, 3756.5], [8767.1, 3754.4], [8770.4, 3751.6], [8775.8, 3748.0], [8779.0, 3751.2], [8779.0, 3754.4], [8782.7, 3756.1], [8787.2, 3757.3], [8793.4, 3757.7], [8797.1, 3754.8], [8800.8, 3750.4], [8802.4, 3747.5], [8804.9, 3744.3], [8806.1, 3738.6], [8808.6, 3736.6], [8814.4, 3736.6], [8814.4, 3736.6], [8816.0, 3728.9], [8817.7, 3719.2], [8816.7, 3715.3], [8816.4, 3714.0], [8815.9, 3713.8], [8816.0, 3713.2], [8814.0, 3711.1], [8808.6, 3709.9], [8807.6, 3707.5], [8807.0, 3705.9], [8807.0, 3700.7], [8806.7, 3698.3], [8806.6, 3697.0], [8800.8, 3695.8], [8795.5, 3696.2], [8787.3, 3701.1], [8782.8, 3705.1], [8780.3, 3708.4], [8776.2, 3709.6], [8774.5, 3710.8], [8768.8, 3713.2], [8764.3, 3713.2], [8759.8, 3717.7], [8758.9, 3720.1], [8750.7, 3720.9], [8742.9, 3720.9], [8741.0, 3720.9], [8734.5, 3720.9], [8733.1, 3720.9], [8728.5, 3717.7], [8724.4, 3714.9], [8716.2, 3715.7], [8715.3, 3716.1], [8714.6, 3719.7], [8705.7, 3719.5], [8704.4, 3719.5], [8697.7, 3719.3], [8692.0, 3719.3], [8687.9, 3716.1], [8687.5, 3713.2], [8687.1, 3710.4], [8684.6, 3704.4], [8676.4, 3700.8], [8671.5, 3701.2], [8665.3, 3701.6], [8660.0, 3703.2], [8658.6, 3704.4], [8656.7, 3704.8]]]}}, {"type": "Feature", "properties": {"OBJECTID": 155, "id": null, "name": null, "continent": null, "S2": null, "Shape__Area": 1261650577.8286133, "Shape__Length": 162139.58223824276}, "geometry": {"type": "Polygon", "coordinates": [[[8225.2, 3621.9], [8219.6, 3623.3], [8218.3, 3623.6], [8216.3, 3620.6], [8213.2, 3618.4], [8210.2, 3615.1], [8212.5, 3610.7], [8218.1, 3608.9], [8224.7, 3607.1], [8225.7, 3605.9], [8225.5, 3602.7], [8228.6, 3597.2], [8234.9, 3595.2], [8237.0, 3594.8], [8241.2, 3594.0], [8242.9, 3593.7], [8244.0, 3595.6], [8244.4, 3596.2], [8244.0, 3599.0], [8242.8, 3601.0], [8238.7, 3609.9], [8232.6, 3613.4], [8228.6, 3617.6], [8226.1, 3621.6], [8225.2, 3621.9]]]}}, {"type": "Feature", "properties": {"OBJECTID": 156, "id": null, "name": null, "continent": null, "S2": null, "Shape__Area": 2426821165.86084, "Shape__Length": 191884.50505494841}, "geometry": {"type": "Polygon", "coordinates": [[[8084.7, 3830.6], [8081.3, 3830.4], [8080.3, 3830.3], [8077.8, 3829.3], [8077.7, 3828.1], [8077.5, 3824.0], [8081.3, 3816.8], [8083.2, 3814.8], [8087.0, 3807.0], [8096.7, 3803.0], [8103.3, 3802.8], [8108.8, 3802.6], [8114.1, 3804.0], [8118.1, 3807.2], [8121.2, 3810.0], [8121.5, 3813.8], [8119.4, 3819.1], [8116.4, 3824.4], [8112.8, 3826.7], [8107.7, 3828.0], [8099.5, 3828.2], [8090.0, 3830.3], [8086.5, 3829.8], [8084.7, 3830.6]]]}}, {"type": "Feature", "properties": {"OBJECTID": 157, "id": null, "name": null, "continent": null, "S2": null, "Shape__Area": 1814653755.6982422, "Shape__Length": 194685.3815955817}, "geometry": {"type": "Polygon", "coordinates": [[[8235.4, 3747.1], [8234.7, 3747.2], [8231.6, 3747.6], [8227.9, 3747.8], [8225.2, 3747.9], [8223.9, 3746.6], [8223.4, 3745.8], [8221.9, 3743.4], [8218.6, 3743.4], [8216.2, 3743.4], [8213.0, 3743.2], [8209.9, 3745.7], [8206.5, 3745.7], [8200.9, 3745.2], [8199.3, 3744.7], [8196.3, 3743.9], [8194.8, 3739.6], [8197.1, 3736.9], [8201.2, 3736.4], [8206.3, 3735.3], [8209.6, 3733.1], [8212.2, 3731.1], [8215.2, 3727.0], [8221.6, 3724.5], [8225.7, 3725.5], [8228.8, 3727.3], [8231.8, 3726.5], [8233.7, 3726.8], [8234.9, 3727.0], [8239.4, 3728.4], [8240.0, 3730.1], [8239.1, 3739.3], [8238.3, 3742.0], [8239.0, 3745.6], [8237.1, 3747.1], [8235.4, 3747.1]]]}}, {"type": "Feature", "properties": {"OBJECTID": 158, "id": null, "name": null, "continent": null, "S2": null, "Shape__Area": 4218925560.39209, "Shape__Length": 348597.30676945345}, "geometry": {"type": "Polygon", "coordinates": [[[8310.8, 3894.3], [8310.4, 3891.0], [8309.6, 3885.3], [8302.6, 3885.3], [8301.7, 3885.5], [8295.2, 3887.0], [8289.5, 3880.8], [8291.2, 3876.7], [8289.6, 3871.8], [8290.5, 3861.7], [8292.5, 3859.5], [8297.3, 3858.8], [8297.9, 3853.8], [8298.1, 3852.7], [8301.8, 3847.8], [8308.8, 3850.7], [8311.2, 3856.4], [8312.9, 3857.2], [8313.3, 3860.8], [8312.1, 3864.9], [8316.2, 3866.6], [8319.4, 3866.5], [8323.5, 3867.4], [8324.4, 3870.2], [8327.8, 3872.7], [8330.5, 3874.7], [8332.2, 3871.8], [8333.4, 3867.4], [8331.9, 3863.1], [8332.4, 3856.0], [8336.9, 3853.8], [8341.4, 3862.8], [8343.1, 3874.0], [8342.2, 3880.7], [8341.9, 3881.0], [8341.6, 3886.5], [8337.9, 3891.8], [8331.4, 3891.1], [8326.4, 3896.7], [8322.3, 3897.6], [8320.6, 3897.9], [8317.8, 3898.4], [8317.1, 3898.4], [8310.8, 3894.3]]]}}, {"type": "Feature", "properties": {"OBJECTID": 159, "id": null, "name": null, "continent": null, "S2": null, "Shape__Area": 1204386659.9970703, "Shape__Length": 174501.54356299058}, "geometry": {"type": "Polygon", "coordinates": [[[8267.3, 3957.3], [8263.6, 3957.3], [8260.3, 3957.3], [8255.8, 3954.0], [8257.0, 3951.6], [8261.6, 3951.8], [8263.1, 3950.6], [8265.6, 3950.8], [8269.7, 3948.7], [8272.6, 3946.8], [8274.2, 3945.8], [8280.8, 3947.5], [8282.4, 3949.5], [8287.8, 3952.0], [8289.4, 3955.7], [8288.2, 3958.1], [8287.9, 3959.4], [8287.4, 3961.8], [8288.6, 3963.4], [8289.8, 3963.8], [8291.7, 3964.3], [8293.1, 3964.7], [8296.0, 3967.5], [8296.0, 3967.7], [8296.0, 3969.2], [8293.9, 3970.0], [8291.1, 3970.0], [8287.4, 3969.6], [8279.0, 3969.8], [8275.5, 3962.8], [8267.3, 3957.3]]]}}, {"type": "Feature", "properties": {"OBJECTID": 161, "id": null, "name": null, "continent": null, "S2": null, "Shape__Area": 7774227639.891113, "Shape__Length": 494749.4774260648}, "geometry": {"type": "Polygon", "coordinates": [[[8393.2, 3774.4], [8397.5, 3771.3], [8397.9, 3771.4], [8399.6, 3774.2], [8402.0, 3777.4], [8405.3, 3777.8], [8410.2, 3779.9], [8413.5, 3779.9], [8418.9, 3779.9], [8423.8, 3779.0], [8428.7, 3780.7], [8432.0, 3784.7], [8435.7, 3786.7], [8448.8, 3786.3], [8455.9, 3788.4], [8457.1, 3788.8], [8463.2, 3790.0], [8470.2, 3792.4], [8471.4, 3795.6], [8471.4, 3801.7], [8472.4, 3803.3], [8474.3, 3806.2], [8476.8, 3806.2], [8477.1, 3807.0], [8479.6, 3807.4], [8485.8, 3807.4], [8487.4, 3811.9], [8485.0, 3818.0], [8480.4, 3820.0], [8477.6, 3820.4], [8476.6, 3822.9], [8473.9, 3823.8], [8471.8, 3826.5], [8468.5, 3830.2], [8465.2, 3837.1], [8463.7, 3836.3], [8461.5, 3835.1], [8458.7, 3833.4], [8455.0, 3828.2], [8455.0, 3821.2], [8450.9, 3818.8], [8445.1, 3819.2], [8439.8, 3822.6], [8437.3, 3822.9], [8430.1, 3820.7], [8430.2, 3816.6], [8434.9, 3814.4], [8433.6, 3809.5], [8429.5, 3805.8], [8419.7, 3806.2], [8405.3, 3806.7], [8401.2, 3806.0], [8397.5, 3805.4], [8394.6, 3802.6], [8394.1, 3802.4], [8390.9, 3801.0], [8390.5, 3795.3], [8386.4, 3792.9], [8379.0, 3790.4], [8380.3, 3784.8], [8385.5, 3783.4], [8388.1, 3782.7], [8392.6, 3780.3], [8393.2, 3774.4]]]}}, {"type": "Feature", "properties": {"OBJECTID": 163, "id": null, "name": null, "continent": null, "S2": null, "Shape__Area": 1435180720.6279297, "Shape__Length": 227707.99313813893}, "geometry": {"type": "Polygon", "coordinates": [[[8377.3, 4022.3], [8377.9, 4023.2], [8379.8, 4024.3], [8381.2, 4025.1], [8381.4, 4025.1], [8381.4, 4025.3], [8384.8, 4025.5], [8385.5, 4026.5], [8386.7, 4027.4], [8387.9, 4028.2], [8388.6, 4028.4], [8389.3, 4028.6], [8389.8, 4030.5], [8389.2, 4031.0], [8389.1, 4031.1], [8388.6, 4031.5], [8386.0, 4031.5], [8385.4, 4031.5], [8380.1, 4031.4], [8377.0, 4031.4], [8376.5, 4032.7], [8370.2, 4039.4], [8370.2, 4039.7], [8368.0, 4040.4], [8367.3, 4041.6], [8367.5, 4044.2], [8367.5, 4044.3], [8367.5, 4044.9], [8369.2, 4045.2], [8373.3, 4044.5], [8374.4, 4044.4], [8376.3, 4045.6], [8375.3, 4047.8], [8374.9, 4047.9], [8374.4, 4048.0], [8372.7, 4050.1], [8372.6, 4051.0], [8370.3, 4053.7], [8365.4, 4056.6], [8362.1, 4057.0], [8358.4, 4057.0], [8358.0, 4052.9], [8356.3, 4048.8], [8356.1, 4048.6], [8356.1, 4048.4], [8354.3, 4045.1], [8351.9, 4043.5], [8349.0, 4042.8], [8347.9, 4042.5], [8347.9, 4040.0], [8349.7, 4037.4], [8351.7, 4036.9], [8353.0, 4036.6], [8358.2, 4036.2], [8359.7, 4034.7], [8359.8, 4034.6], [8362.0, 4032.9], [8365.3, 4032.3], [8367.2, 4031.9], [8370.5, 4028.1], [8372.2, 4024.2], [8374.0, 4021.6], [8376.5, 4021.2], [8377.3, 4022.3]]]}}, {"type": "Feature", "properties": {"OBJECTID": 164, "id": null, "name": null, "continent": null, "S2": null, "Shape__Area": 1163438337.616211, "Shape__Length": 195449.14502861563}, "geometry": {"type": "Polygon", "coordinates": [[[8437.7, 4100.2], [8438.6, 4100.3], [8441.8, 4102.5], [8442.9, 4104.9], [8445.0, 4107.3], [8446.5, 4107.9], [8446.6, 4108.2], [8447.8, 4109.4], [8450.0, 4110.8], [8450.6, 4110.9], [8452.0, 4111.3], [8452.8, 4111.5], [8453.3, 4111.5], [8455.9, 4111.7], [8458.5, 4112.0], [8459.2, 4113.7], [8458.8, 4116.7], [8458.9, 4118.4], [8459.4, 4122.0], [8459.6, 4123.1], [8459.2, 4128.2], [8459.0, 4132.2], [8455.7, 4133.6], [8453.3, 4132.9], [8453.0, 4132.0], [8452.2, 4129.7], [8452.1, 4128.0], [8452.1, 4124.0], [8450.6, 4120.7], [8446.7, 4116.5], [8443.1, 4115.0], [8440.2, 4112.4], [8436.7, 4112.5], [8436.3, 4113.2], [8436.2, 4113.2], [8436.0, 4113.5], [8434.1, 4115.5], [8432.6, 4115.7], [8430.8, 4114.6], [8430.4, 4113.0], [8429.8, 4110.3], [8427.9, 4108.0], [8427.2, 4108.0], [8426.2, 4105.9], [8423.7, 4101.9], [8423.7, 4101.0], [8423.6, 4099.7], [8424.1, 4099.7], [8427.5, 4099.7], [8430.1, 4099.7], [8431.2, 4100.2], [8434.1, 4100.2], [8437.2, 4100.2], [8437.7, 4100.2]]]}}, {"type": "Feature", "properties": {"OBJECTID": 165, "id": null, "name": null, "continent": null, "S2": null, "Shape__Area": 17094107204.990234, "Shape__Length": 722631.3995867507}, "geometry": {"type": "Polygon", "coordinates": [[[8474.6, 3932.4], [8484.3, 3939.4], [8486.6, 3939.9], [8491.5, 3944.0], [8496.0, 3949.7], [8508.9, 3950.0], [8511.6, 3948.6], [8514.1, 3946.5], [8518.2, 3946.5], [8523.1, 3948.5], [8530.5, 3948.5], [8531.7, 3954.6], [8528.9, 3960.0], [8526.0, 3964.1], [8527.6, 3969.8], [8528.4, 3973.9], [8526.4, 3980.5], [8521.4, 3988.3], [8516.9, 3990.3], [8513.6, 3990.7], [8509.9, 3991.1], [8500.1, 3992.4], [8496.4, 3997.7], [8497.2, 4001.4], [8497.2, 4001.4], [8495.2, 4008.4], [8491.9, 4010.4], [8488.0, 4010.4], [8487.8, 4010.4], [8487.2, 4012.0], [8485.7, 4016.2], [8485.7, 4016.2], [8481.2, 4017.2], [8480.8, 4017.0], [8478.3, 4014.2], [8477.5, 4007.6], [8472.6, 4003.9], [8466.8, 4002.3], [8459.0, 4001.8], [8454.5, 3999.4], [8453.7, 3993.6], [8452.9, 3989.5], [8451.6, 3984.6], [8447.1, 3981.3], [8445.1, 3980.0], [8441.8, 3977.7], [8443.0, 3970.3], [8447.8, 3969.5], [8450.8, 3969.0], [8450.8, 3966.2], [8449.1, 3964.6], [8445.1, 3960.8], [8447.9, 3954.7], [8452.0, 3954.7], [8455.8, 3954.7], [8457.0, 3949.4], [8453.9, 3949.4], [8449.6, 3945.8], [8439.8, 3942.5], [8431.7, 3932.5], [8414.8, 3925.8], [8413.0, 3915.8], [8419.3, 3910.2], [8422.6, 3907.5], [8438.1, 3907.3], [8445.1, 3906.0], [8445.5, 3902.9], [8446.3, 3897.0], [8448.4, 3897.0], [8454.1, 3897.0], [8457.8, 3899.9], [8466.9, 3900.3], [8472.2, 3897.8], [8472.3, 3898.0], [8475.9, 3902.7], [8476.7, 3910.1], [8476.7, 3919.9], [8475.5, 3924.8], [8473.1, 3926.6], [8472.8, 3931.3], [8474.6, 3932.4]]]}}, {"type": "Feature", "properties": {"OBJECTID": 166, "id": null, "name": null, "continent": null, "S2": null, "Shape__Area": 1727767781.069336, "Shape__Length": 224271.86359145367}, "geometry": {"type": "Polygon", "coordinates": [[[8526.6, 4022.5], [8527.4, 4022.3], [8530.9, 4022.8], [8532.0, 4021.0], [8532.2, 4020.5], [8532.5, 4020.1], [8533.5, 4019.0], [8534.7, 4017.7], [8536.5, 4018.5], [8537.1, 4021.2], [8536.8, 4028.4], [8537.5, 4032.0], [8538.4, 4032.5], [8539.5, 4034.9], [8537.3, 4038.9], [8535.2, 4040.0], [8532.7, 4040.5], [8530.6, 4040.8], [8528.2, 4043.8], [8528.4, 4048.4], [8528.0, 4049.1], [8528.5, 4051.3], [8527.4, 4055.6], [8523.1, 4056.7], [8521.8, 4056.7], [8518.2, 4056.7], [8514.2, 4056.9], [8513.1, 4056.2], [8509.9, 4054.9], [8505.4, 4054.5], [8503.2, 4054.3], [8499.9, 4052.4], [8501.3, 4047.6], [8506.4, 4047.6], [8510.0, 4047.6], [8511.2, 4047.6], [8511.2, 4046.3], [8513.5, 4044.0], [8514.8, 4040.5], [8516.6, 4038.9], [8521.5, 4037.3], [8522.3, 4034.4], [8522.0, 4031.1], [8520.9, 4028.7], [8519.0, 4026.6], [8520.7, 4023.9], [8522.8, 4022.5], [8524.2, 4022.5], [8526.6, 4022.5]]]}}, {"type": "Feature", "properties": {"OBJECTID": 167, "id": null, "name": null, "continent": null, "S2": null, "Shape__Area": 2383930613.1762695, "Shape__Length": 264957.7396120828}, "geometry": {"type": "Polygon", "coordinates": [[[8433.0, 3689.6], [8433.7, 3687.5], [8434.1, 3686.5], [8437.0, 3684.8], [8441.3, 3684.8], [8445.2, 3680.0], [8451.4, 3679.1], [8463.9, 3683.9], [8464.9, 3685.6], [8467.7, 3685.4], [8468.9, 3685.3], [8469.8, 3685.2], [8473.1, 3683.2], [8476.8, 3679.6], [8478.9, 3679.6], [8479.7, 3679.6], [8480.6, 3682.5], [8480.9, 3683.6], [8485.1, 3685.0], [8485.8, 3685.2], [8493.2, 3686.0], [8494.1, 3688.4], [8493.2, 3691.2], [8487.9, 3691.3], [8484.6, 3693.7], [8483.0, 3695.3], [8478.6, 3695.3], [8476.8, 3695.3], [8473.5, 3696.5], [8471.2, 3696.0], [8468.2, 3694.7], [8466.1, 3694.9], [8461.6, 3695.3], [8458.3, 3699.3], [8453.8, 3701.4], [8447.6, 3702.3], [8447.1, 3702.9], [8441.3, 3708.5], [8438.9, 3708.7], [8435.5, 3705.2], [8437.0, 3700.6], [8438.2, 3698.2], [8437.8, 3695.7], [8437.3, 3695.3], [8433.3, 3692.1], [8433.0, 3689.6]]]}}, {"type": "Feature", "properties": {"OBJECTID": 168, "id": null, "name": null, "continent": null, "S2": null, "Shape__Area": 2119911767.4091797, "Shape__Length": 250284.14853857967}, "geometry": {"type": "Polygon", "coordinates": [[[8543.0, 3634.1], [8540.5, 3634.5], [8537.2, 3633.3], [8537.2, 3629.3], [8540.1, 3628.5], [8540.6, 3628.4], [8545.0, 3627.7], [8545.2, 3625.3], [8546.2, 3624.8], [8547.6, 3623.9], [8549.5, 3622.4], [8559.4, 3621.6], [8565.3, 3621.3], [8567.2, 3621.2], [8567.9, 3618.8], [8570.0, 3616.8], [8575.0, 3616.8], [8579.1, 3617.6], [8581.1, 3618.4], [8585.3, 3618.4], [8587.2, 3618.4], [8592.2, 3618.4], [8599.2, 3618.8], [8600.9, 3622.0], [8600.9, 3625.6], [8599.6, 3627.6], [8597.6, 3629.6], [8588.5, 3629.6], [8588.2, 3629.1], [8579.8, 3629.1], [8578.7, 3631.2], [8576.6, 3634.8], [8575.0, 3636.9], [8574.2, 3638.5], [8571.7, 3638.8], [8568.0, 3639.3], [8563.1, 3637.3], [8561.0, 3634.1], [8556.5, 3633.3], [8555.0, 3633.8], [8549.1, 3633.3], [8544.9, 3634.9], [8543.0, 3634.1]]]}}, {"type": "Feature", "properties": {"OBJECTID": 169, "id": null, "name": null, "continent": null, "S2": null, "Shape__Area": 4268399187.0078125, "Shape__Length": 328896.8705793215}, "geometry": {"type": "Polygon", "coordinates": [[[8572.9, 3789.9], [8570.8, 3788.3], [8567.1, 3788.3], [8562.2, 3787.0], [8560.1, 3783.4], [8561.4, 3779.7], [8564.0, 3780.0], [8565.5, 3780.1], [8568.8, 3778.9], [8568.8, 3775.7], [8567.5, 3771.2], [8566.4, 3770.4], [8564.2, 3768.8], [8563.4, 3765.6], [8566.3, 3762.3], [8568.8, 3762.1], [8572.5, 3761.9], [8581.1, 3763.5], [8587.7, 3764.3], [8590.3, 3765.0], [8590.4, 3765.3], [8595.8, 3768.8], [8595.9, 3769.2], [8596.7, 3773.2], [8603.7, 3774.4], [8609.4, 3774.0], [8611.3, 3774.0], [8614.8, 3774.0], [8616.4, 3776.5], [8616.4, 3778.3], [8616.4, 3781.7], [8618.5, 3783.3], [8622.9, 3782.0], [8623.8, 3781.7], [8628.3, 3780.1], [8630.8, 3782.1], [8630.8, 3787.4], [8632.0, 3792.3], [8631.6, 3796.3], [8626.2, 3796.3], [8620.5, 3795.5], [8614.7, 3795.5], [8603.2, 3798.8], [8594.3, 3798.8], [8587.4, 3798.8], [8583.9, 3794.3], [8579.8, 3790.7], [8575.9, 3790.2], [8573.7, 3789.9], [8572.9, 3789.9]]]}}, {"type": "Feature", "properties": {"OBJECTID": 170, "id": null, "name": null, "continent": null, "S2": null, "Shape__Area": 1372417500.0683594, "Shape__Length": 192273.96286619428}, "geometry": {"type": "Polygon", "coordinates": [[[8924.4, 3694.1], [8927.7, 3694.1], [8935.1, 3695.3], [8940.0, 3695.3], [8942.8, 3694.6], [8947.4, 3694.9], [8950.3, 3699.3], [8951.2, 3700.8], [8953.6, 3705.0], [8957.7, 3706.2], [8959.7, 3706.7], [8962.2, 3707.4], [8965.5, 3711.4], [8965.9, 3714.7], [8962.2, 3715.1], [8959.1, 3715.1], [8959.0, 3715.8], [8956.5, 3715.5], [8949.1, 3715.1], [8945.4, 3711.8], [8945.4, 3709.4], [8940.5, 3707.8], [8938.6, 3709.0], [8931.6, 3709.0], [8931.4, 3709.0], [8929.0, 3708.2], [8928.4, 3706.4], [8927.3, 3703.0], [8924.9, 3699.8], [8923.1, 3698.9], [8920.7, 3697.7], [8919.1, 3694.1], [8923.1, 3694.1], [8924.4, 3694.1]]]}}, {"type": "Feature", "properties": {"OBJECTID": 171, "id": null, "name": null, "continent": null, "S2": null, "Shape__Area": 5683879072.031738, "Shape__Length": 379625.2887854141}, "geometry": {"type": "Polygon", "coordinates": [[[9046.6, 3774.4], [9041.7, 3773.1], [9036.8, 3774.1], [9030.3, 3775.1], [9030.3, 3774.8], [9029.0, 3774.7], [9026.7, 3772.8], [9027.1, 3769.9], [9028.4, 3765.7], [9030.0, 3762.2], [9028.0, 3759.0], [9027.1, 3753.2], [9028.4, 3750.6], [9031.3, 3749.0], [9037.5, 3748.3], [9040.3, 3747.5], [9044.0, 3746.4], [9043.4, 3743.5], [9040.1, 3740.3], [9036.5, 3740.3], [9031.3, 3739.6], [9031.6, 3735.5], [9031.0, 3732.6], [9025.8, 3730.7], [9019.3, 3730.4], [9017.9, 3730.4], [9016.0, 3727.8], [9017.9, 3723.6], [9022.8, 3721.4], [9028.0, 3719.8], [9032.3, 3718.5], [9035.9, 3716.2], [9040.3, 3715.1], [9051.6, 3712.3], [9054.9, 3713.7], [9057.3, 3714.6], [9058.0, 3718.6], [9059.5, 3722.4], [9066.6, 3724.8], [9067.5, 3730.6], [9065.6, 3738.3], [9063.6, 3740.9], [9067.9, 3749.6], [9069.2, 3757.0], [9069.5, 3761.5], [9066.2, 3763.6], [9066.3, 3763.8], [9063.3, 3765.4], [9061.3, 3767.6], [9061.2, 3769.1], [9061.0, 3772.1], [9058.1, 3773.8], [9057.8, 3773.8], [9054.5, 3775.0], [9050.2, 3775.4], [9048.2, 3775.5], [9046.6, 3774.4]]]}}, {"type": "Feature", "properties": {"OBJECTID": 172, "id": null, "name": null, "continent": null, "S2": null, "Shape__Area": 2266648256.5478516, "Shape__Length": 262470.7934023492}, "geometry": {"type": "Polygon", "coordinates": [[[9213.0, 3813.3], [9213.0, 3812.6], [9211.5, 3812.0], [9210.8, 3810.1], [9212.5, 3807.5], [9213.0, 3807.3], [9214.7, 3806.5], [9217.4, 3804.6], [9217.4, 3800.4], [9216.7, 3797.2], [9213.8, 3794.3], [9206.6, 3793.0], [9197.8, 3794.9], [9195.0, 3794.9], [9193.2, 3794.9], [9190.3, 3794.3], [9188.3, 3791.7], [9189.9, 3787.8], [9190.3, 3784.9], [9189.3, 3782.3], [9185.7, 3780.7], [9184.4, 3774.9], [9187.3, 3771.7], [9188.6, 3772.0], [9188.6, 3771.9], [9191.9, 3772.0], [9196.5, 3773.6], [9201.0, 3775.6], [9206.3, 3777.2], [9215.7, 3777.2], [9223.7, 3781.0], [9223.7, 3785.3], [9223.7, 3791.0], [9225.5, 3802.3], [9223.9, 3807.8], [9224.2, 3811.4], [9221.9, 3816.2], [9219.3, 3816.5], [9218.4, 3815.4], [9216.7, 3813.3], [9213.0, 3813.3]]]}}, {"type": "Feature", "properties": {"OBJECTID": 173, "id": null, "name": null, "continent": null, "S2": null, "Shape__Area": 15133620655.6875, "Shape__Length": 689534.3485292005}, "geometry": {"type": "Polygon", "coordinates": [[[9093.3, 3884.2], [9093.3, 3883.6], [9090.0, 3881.1], [9084.8, 3881.1], [9079.9, 3884.3], [9076.6, 3886.6], [9071.7, 3885.0], [9069.1, 3881.4], [9063.2, 3877.5], [9058.0, 3876.9], [9055.9, 3876.2], [9054.1, 3875.6], [9051.2, 3873.6], [9049.2, 3870.4], [9047.9, 3868.1], [9048.9, 3864.9], [9052.2, 3860.7], [9054.1, 3857.4], [9058.0, 3853.5], [9063.6, 3852.9], [9070.6, 3851.1], [9072.1, 3850.3], [9071.7, 3846.7], [9064.6, 3842.5], [9059.0, 3842.5], [9057.8, 3842.0], [9055.4, 3840.9], [9055.4, 3836.4], [9058.4, 3831.5], [9062.6, 3828.3], [9069.8, 3824.4], [9075.0, 3820.3], [9076.0, 3819.6], [9077.6, 3816.0], [9078.9, 3809.9], [9081.6, 3807.3], [9083.8, 3807.3], [9084.2, 3807.3], [9087.4, 3808.6], [9087.7, 3812.8], [9087.8, 3813.1], [9088.0, 3813.3], [9090.7, 3816.0], [9093.3, 3816.0], [9097.9, 3816.6], [9098.2, 3819.5], [9098.8, 3825.7], [9103.1, 3829.2], [9107.0, 3829.2], [9113.2, 3828.3], [9119.4, 3828.2], [9129.1, 3829.1], [9130.1, 3828.5], [9136.4, 3828.9], [9143.9, 3826.9], [9148.8, 3820.5], [9157.3, 3818.5], [9166.1, 3818.5], [9169.7, 3821.7], [9170.0, 3822.0], [9173.9, 3824.6], [9179.2, 3825.3], [9186.3, 3823.7], [9189.6, 3823.7], [9193.8, 3828.8], [9194.5, 3832.7], [9190.9, 3835.6], [9186.5, 3835.6], [9184.0, 3835.6], [9179.8, 3836.6], [9174.9, 3837.9], [9171.6, 3840.8], [9171.3, 3843.9], [9171.0, 3847.3], [9169.7, 3851.5], [9165.8, 3855.4], [9156.2, 3855.7], [9154.0, 3855.7], [9148.8, 3855.4], [9144.9, 3857.7], [9144.5, 3858.5], [9144.9, 3859.6], [9142.9, 3862.9], [9140.6, 3865.1], [9138.0, 3866.1], [9133.7, 3866.7], [9131.1, 3867.1], [9126.3, 3867.1], [9117.4, 3867.4], [9110.6, 3869.4], [9106.3, 3872.3], [9104.5, 3876.6], [9103.4, 3879.1], [9099.5, 3884.9], [9097.5, 3885.1], [9095.2, 3885.3], [9093.3, 3884.2]]]}}, {"type": "Feature", "properties": {"OBJECTID": 174, "id": null, "name": null, "continent": null, "S2": null, "Shape__Area": 1242774427.6396484, "Shape__Length": 158902.1848142986}, "geometry": {"type": "Polygon", "coordinates": [[[8894.3, 3807.5], [8903.0, 3793.9], [8907.1, 3794.5], [8907.9, 3795.2], [8912.4, 3798.6], [8916.8, 3797.5], [8917.0, 3797.4], [8918.7, 3798.1], [8923.2, 3796.9], [8923.8, 3796.3], [8926.5, 3793.6], [8929.7, 3794.8], [8930.6, 3799.3], [8929.7, 3801.7], [8925.6, 3805.8], [8923.2, 3810.3], [8917.0, 3812.7], [8915.9, 3812.5], [8910.0, 3811.5], [8903.9, 3810.7], [8899.9, 3812.8], [8894.7, 3810.7], [8894.3, 3807.5]]]}}, {"type": "Feature", "properties": {"OBJECTID": 175, "id": null, "name": null, "continent": null, "S2": null, "Shape__Area": 1963534512.9414062, "Shape__Length": 218134.15070092207}, "geometry": {"type": "Polygon", "coordinates": [[[8734.9, 3849.5], [8734.2, 3849.5], [8731.0, 3847.5], [8732.2, 3844.2], [8736.7, 3841.8], [8742.0, 3840.1], [8744.5, 3837.7], [8747.0, 3834.8], [8750.3, 3829.9], [8753.5, 3825.5], [8761.3, 3825.9], [8764.2, 3825.9], [8767.9, 3825.9], [8772.8, 3828.3], [8777.4, 3829.1], [8780.9, 3829.7], [8782.3, 3829.9], [8782.8, 3830.9], [8783.1, 3831.6], [8783.9, 3833.2], [8781.5, 3836.8], [8770.8, 3837.7], [8769.0, 3837.8], [8764.6, 3841.4], [8763.4, 3847.9], [8760.5, 3851.1], [8758.1, 3854.4], [8753.1, 3854.4], [8750.7, 3853.5], [8749.0, 3851.1], [8747.4, 3848.7], [8742.9, 3848.3], [8737.7, 3849.5], [8734.9, 3849.5]]]}}, {"type": "Feature", "properties": {"OBJECTID": 176, "id": null, "name": null, "continent": null, "S2": null, "Shape__Area": 4653226909.892578, "Shape__Length": 366126.76879849477}, "geometry": {"type": "Polygon", "coordinates": [[[8625.5, 3894.9], [8624.6, 3894.0], [8623.3, 3887.5], [8624.2, 3883.8], [8628.7, 3879.3], [8632.4, 3874.8], [8635.7, 3870.8], [8641.0, 3867.9], [8648.4, 3867.2], [8650.9, 3870.3], [8653.3, 3871.6], [8655.7, 3872.3], [8657.4, 3872.8], [8659.9, 3878.1], [8659.5, 3880.8], [8660.7, 3882.6], [8661.5, 3885.8], [8661.5, 3897.7], [8660.7, 3903.0], [8655.7, 3907.6], [8655.7, 3907.8], [8650.3, 3915.6], [8648.4, 3925.1], [8651.7, 3931.6], [8652.1, 3935.3], [8651.2, 3938.6], [8648.0, 3941.4], [8645.8, 3943.3], [8644.3, 3944.7], [8642.6, 3948.0], [8642.2, 3948.8], [8639.7, 3949.0], [8637.3, 3949.2], [8633.6, 3949.6], [8629.5, 3949.2], [8629.3, 3949.1], [8626.6, 3947.6], [8626.2, 3943.9], [8629.1, 3940.2], [8630.9, 3939.4], [8631.9, 3939.0], [8634.0, 3934.1], [8632.8, 3927.9], [8632.9, 3927.7], [8635.2, 3923.0], [8640.6, 3921.4], [8641.4, 3911.2], [8641.5, 3909.1], [8640.8, 3908.3], [8641.0, 3905.4], [8635.7, 3899.7], [8632.4, 3898.9], [8627.9, 3897.0], [8625.5, 3894.9]]]}}, {"type": "Feature", "properties": {"OBJECTID": 177, "id": null, "name": null, "continent": null, "S2": null, "Shape__Area": 8174817515.35498, "Shape__Length": 642873.2690363886}, "geometry": {"type": "Polygon", "coordinates": [[[8832.4, 3901.6], [8828.7, 3900.8], [8823.9, 3899.8], [8822.9, 3899.6], [8819.2, 3898.8], [8819.2, 3895.1], [8823.3, 3893.5], [8827.4, 3891.0], [8829.5, 3889.4], [8831.6, 3884.1], [8830.3, 3879.6], [8830.3, 3874.3], [8833.2, 3870.6], [8838.1, 3869.0], [8841.4, 3865.3], [8841.0, 3863.7], [8837.3, 3861.2], [8836.5, 3855.9], [8838.1, 3853.1], [8844.3, 3848.2], [8847.7, 3846.2], [8851.6, 3842.3], [8853.1, 3842.6], [8856.2, 3843.3], [8857.0, 3846.9], [8855.4, 3847.8], [8853.9, 3848.2], [8848.9, 3852.6], [8853.4, 3861.6], [8856.0, 3867.2], [8858.5, 3869.8], [8863.6, 3871.8], [8864.4, 3875.5], [8864.1, 3879.5], [8862.6, 3880.6], [8860.7, 3881.9], [8860.7, 3884.0], [8861.4, 3884.5], [8866.5, 3887.7], [8867.7, 3889.7], [8875.9, 3889.7], [8882.5, 3887.7], [8884.1, 3884.4], [8888.6, 3884.0], [8889.9, 3886.9], [8896.8, 3886.9], [8901.0, 3882.0], [8904.2, 3880.2], [8904.7, 3879.9], [8909.6, 3875.4], [8909.6, 3865.6], [8910.7, 3862.2], [8911.2, 3860.7], [8913.8, 3861.0], [8916.2, 3861.1], [8924.4, 3859.5], [8926.2, 3859.1], [8931.8, 3857.9], [8935.1, 3857.9], [8935.9, 3862.4], [8935.5, 3867.2], [8930.5, 3870.9], [8922.7, 3874.6], [8920.1, 3876.0], [8914.1, 3879.1], [8912.5, 3882.4], [8908.3, 3890.5], [8906.7, 3898.7], [8904.6, 3901.5], [8900.0, 3902.1], [8898.1, 3902.4], [8891.5, 3903.6], [8885.3, 3903.6], [8881.6, 3905.2], [8879.6, 3908.5], [8879.2, 3913.0], [8878.4, 3915.1], [8878.3, 3916.3], [8871.8, 3917.1], [8864.4, 3914.2], [8859.5, 3913.4], [8856.6, 3913.0], [8852.1, 3913.8], [8849.4, 3913.9], [8847.6, 3913.9], [8845.5, 3912.2], [8844.7, 3908.6], [8844.3, 3906.9], [8841.9, 3905.5], [8841.6, 3905.3], [8837.3, 3902.8], [8833.6, 3902.8], [8832.4, 3901.6]]]}}, {"type": "Feature", "properties": {"OBJECTID": 178, "id": null, "name": null, "continent": null, "S2": null, "Shape__Area": 9399158644.140137, "Shape__Length": 609924.5766794776}, "geometry": {"type": "Polygon", "coordinates": [[[8667.1, 4137.7], [8666.2, 4136.6], [8660.5, 4136.1], [8658.8, 4136.8], [8655.7, 4138.4], [8645.1, 4137.6], [8641.8, 4136.1], [8635.8, 4135.0], [8630.8, 4135.4], [8626.5, 4134.5], [8625.4, 4134.4], [8617.8, 4133.7], [8613.4, 4133.2], [8613.4, 4128.8], [8618.3, 4127.3], [8620.1, 4123.4], [8623.7, 4120.0], [8624.2, 4115.9], [8625.5, 4113.3], [8629.6, 4113.8], [8632.7, 4115.3], [8635.8, 4115.3], [8639.9, 4114.5], [8643.0, 4111.9], [8643.3, 4111.7], [8643.7, 4111.6], [8648.7, 4110.1], [8649.6, 4108.5], [8650.2, 4108.1], [8651.3, 4106.2], [8653.4, 4105.5], [8655.2, 4105.5], [8656.5, 4105.5], [8661.3, 4106.2], [8661.9, 4106.2], [8663.4, 4106.8], [8666.0, 4110.1], [8671.1, 4117.1], [8677.3, 4125.4], [8681.6, 4128.5], [8689.4, 4135.0], [8691.2, 4135.7], [8694.6, 4137.0], [8701.8, 4136.8], [8707.2, 4136.8], [8710.6, 4139.9], [8710.6, 4144.3], [8710.1, 4148.2], [8706.7, 4150.0], [8704.7, 4151.6], [8704.4, 4151.9], [8705.2, 4157.5], [8713.2, 4159.9], [8723.5, 4160.9], [8732.5, 4160.9], [8736.9, 4161.4], [8739.2, 4165.8], [8739.7, 4170.0], [8739.7, 4173.6], [8740.2, 4175.7], [8739.2, 4180.1], [8738.9, 4181.7], [8734.5, 4182.6], [8726.8, 4182.4], [8719.9, 4182.7], [8715.5, 4182.7], [8708.8, 4179.9], [8706.4, 4179.6], [8703.4, 4177.8], [8700.3, 4175.5], [8695.6, 4174.4], [8691.5, 4174.4], [8687.6, 4176.0], [8683.2, 4176.2], [8680.0, 4176.3], [8676.0, 4174.6], [8674.7, 4172.4], [8673.4, 4166.4], [8671.1, 4161.2], [8669.1, 4159.1], [8668.4, 4158.2], [8665.2, 4153.7], [8666.8, 4149.0], [8671.4, 4148.7], [8673.4, 4148.6], [8674.5, 4148.5], [8675.3, 4144.1], [8673.5, 4142.8], [8671.1, 4142.0], [8671.0, 4142.0], [8669.3, 4141.5], [8667.5, 4139.9], [8667.2, 4137.8], [8667.1, 4137.7]]]}}, {"type": "Feature", "properties": {"OBJECTID": 179, "id": null, "name": null, "continent": null, "S2": null, "Shape__Area": 4864567865.083252, "Shape__Length": 395787.38856536587}, "geometry": {"type": "Polygon", "coordinates": [[[8714.9, 4297.0], [8717.5, 4293.1], [8717.5, 4292.5], [8717.2, 4288.9], [8717.2, 4284.7], [8715.9, 4279.2], [8715.7, 4273.3], [8717.8, 4271.2], [8719.9, 4271.6], [8720.2, 4271.7], [8722.4, 4272.2], [8726.6, 4272.2], [8728.1, 4268.8], [8731.9, 4267.0], [8732.5, 4266.7], [8734.8, 4267.8], [8735.5, 4271.1], [8735.8, 4274.3], [8735.8, 4279.1], [8735.8, 4279.2], [8735.9, 4279.4], [8736.6, 4280.8], [8736.7, 4281.1], [8736.3, 4283.7], [8736.8, 4286.0], [8738.0, 4286.5], [8740.4, 4287.6], [8740.7, 4290.2], [8738.4, 4292.3], [8734.5, 4298.5], [8734.5, 4300.9], [8732.4, 4302.7], [8731.4, 4303.0], [8729.3, 4303.5], [8727.0, 4306.1], [8727.8, 4309.2], [8728.3, 4309.5], [8728.2, 4309.6], [8728.2, 4312.3], [8729.3, 4313.1], [8731.1, 4315.2], [8733.2, 4317.0], [8736.3, 4318.6], [8737.6, 4322.8], [8737.4, 4324.7], [8737.3, 4325.9], [8739.6, 4330.1], [8741.6, 4330.1], [8741.7, 4330.1], [8745.6, 4330.1], [8749.2, 4330.1], [8750.0, 4332.9], [8749.2, 4335.8], [8747.9, 4338.2], [8740.4, 4339.2], [8736.9, 4339.1], [8730.3, 4340.3], [8729.3, 4343.4], [8725.2, 4344.7], [8721.2, 4344.4], [8719.0, 4344.2], [8714.6, 4344.2], [8710.2, 4344.5], [8708.9, 4344.2], [8706.4, 4343.7], [8704.6, 4339.8], [8706.3, 4336.3], [8706.4, 4336.1], [8706.6, 4332.5], [8705.9, 4330.6], [8704.3, 4329.5], [8703.3, 4328.8], [8703.3, 4323.3], [8704.3, 4320.7], [8708.5, 4319.9], [8710.0, 4319.1], [8710.5, 4318.9], [8712.8, 4316.0], [8712.8, 4313.4], [8711.6, 4312.6], [8711.3, 4312.4], [8708.5, 4309.2], [8708.5, 4305.6], [8711.6, 4301.4], [8713.1, 4299.1], [8714.9, 4297.0]]]}}, {"type": "Feature", "properties": {"OBJECTID": 180, "id": null, "name": null, "continent": null, "S2": null, "Shape__Area": 1105265413.482666, "Shape__Length": 151384.37801496123}, "geometry": {"type": "Polygon", "coordinates": [[[8809.3, 4150.2], [8809.7, 4149.9], [8812.7, 4150.3], [8813.5, 4150.4], [8814.2, 4152.5], [8813.2, 4153.4], [8811.4, 4154.8], [8810.6, 4156.1], [8810.6, 4159.8], [8811.1, 4161.9], [8811.1, 4165.0], [8812.0, 4168.9], [8811.7, 4170.7], [8810.1, 4173.3], [8806.1, 4174.1], [8805.2, 4174.3], [8804.5, 4174.3], [8803.7, 4173.8], [8800.8, 4173.8], [8799.5, 4174.3], [8799.0, 4174.5], [8797.5, 4175.1], [8794.7, 4175.3], [8792.9, 4174.3], [8792.3, 4172.5], [8794.1, 4170.7], [8794.1, 4170.6], [8794.9, 4170.2], [8796.7, 4167.6], [8796.7, 4164.5], [8795.4, 4160.1], [8795.4, 4152.0], [8797.5, 4147.2], [8799.9, 4144.5], [8800.1, 4144.5], [8802.5, 4144.2], [8804.2, 4148.9], [8806.5, 4150.4], [8809.3, 4150.2]]]}}, {"type": "Feature", "properties": {"OBJECTID": 181, "id": null, "name": null, "continent": null, "S2": null, "Shape__Area": 1189767374.3686523, "Shape__Length": 165858.35998645582}, "geometry": {"type": "Polygon", "coordinates": [[[8776.8, 4282.8], [8780.7, 4283.3], [8780.9, 4287.5], [8782.7, 4289.6], [8785.5, 4290.6], [8785.8, 4291.4], [8788.4, 4292.5], [8790.7, 4293.8], [8791.0, 4294.0], [8791.5, 4299.0], [8793.3, 4301.3], [8794.7, 4303.3], [8795.4, 4304.2], [8796.4, 4308.4], [8794.8, 4312.3], [8793.8, 4312.3], [8793.4, 4312.9], [8791.2, 4313.6], [8790.5, 4316.7], [8789.7, 4319.9], [8788.9, 4321.9], [8784.9, 4322.0], [8784.8, 4321.7], [8784.8, 4321.7], [8783.5, 4316.5], [8783.2, 4312.6], [8782.5, 4311.9], [8782.8, 4307.4], [8782.0, 4306.7], [8777.6, 4305.3], [8774.2, 4301.4], [8774.2, 4301.4], [8774.2, 4296.7], [8775.0, 4290.7], [8774.5, 4285.2], [8774.7, 4284.1], [8776.8, 4282.8]]]}}, {"type": "Feature", "properties": {"OBJECTID": 182, "id": null, "name": null, "continent": null, "S2": null, "Shape__Area": 1999287800.7497559, "Shape__Length": 204302.08020059098}, "geometry": {"type": "Polygon", "coordinates": [[[8823.2, 4255.6], [8823.2, 4251.2], [8825.5, 4249.2], [8826.3, 4246.1], [8826.3, 4241.9], [8824.3, 4237.0], [8822.9, 4234.7], [8821.7, 4232.8], [8822.5, 4226.4], [8822.7, 4224.2], [8822.8, 4224.1], [8825.3, 4220.3], [8829.1, 4218.8], [8829.2, 4218.7], [8829.2, 4218.7], [8831.5, 4215.9], [8832.8, 4211.6], [8834.1, 4207.2], [8837.6, 4206.6], [8840.2, 4212.4], [8840.5, 4213.0], [8843.4, 4218.0], [8843.3, 4223.7], [8841.5, 4228.6], [8840.8, 4233.3], [8840.5, 4235.1], [8841.2, 4236.2], [8843.9, 4240.6], [8844.1, 4244.8], [8840.8, 4252.0], [8836.4, 4254.7], [8832.8, 4256.5], [8832.4, 4256.6], [8828.9, 4257.3], [8823.2, 4255.6]]]}}, {"type": "Feature", "properties": {"OBJECTID": 184, "id": null, "name": null, "continent": null, "S2": null, "Shape__Area": 3734564423.4663086, "Shape__Length": 293917.6686901371}, "geometry": {"type": "Polygon", "coordinates": [[[8911.2, 4152.9], [8911.3, 4152.3], [8909.9, 4151.4], [8906.6, 4150.1], [8904.7, 4147.8], [8904.8, 4143.1], [8904.7, 4143.0], [8903.7, 4137.6], [8903.5, 4136.8], [8903.4, 4135.9], [8903.4, 4126.4], [8905.1, 4126.1], [8908.4, 4127.0], [8914.3, 4129.9], [8917.5, 4129.9], [8918.2, 4129.9], [8922.5, 4129.9], [8924.9, 4131.7], [8926.2, 4135.0], [8927.4, 4140.5], [8929.8, 4143.9], [8931.8, 4147.5], [8934.7, 4152.2], [8938.3, 4154.2], [8940.8, 4157.6], [8941.6, 4161.2], [8941.1, 4162.5], [8937.5, 4164.3], [8936.5, 4165.9], [8935.2, 4170.6], [8936.5, 4174.5], [8938.3, 4176.0], [8941.9, 4177.8], [8943.9, 4181.7], [8940.6, 4184.9], [8936.2, 4184.9], [8933.6, 4184.5], [8925.7, 4183.3], [8921.8, 4181.2], [8914.5, 4179.9], [8911.1, 4179.5], [8909.9, 4179.3], [8906.8, 4176.1], [8906.8, 4172.7], [8910.0, 4167.0], [8910.4, 4166.2], [8913.0, 4161.0], [8912.7, 4158.5], [8913.3, 4157.6], [8913.3, 4154.2], [8911.2, 4152.9]]]}}, {"type": "Feature", "properties": {"OBJECTID": 186, "id": null, "name": null, "continent": null, "S2": null, "Shape__Area": 1125880216.3354492, "Shape__Length": 157713.11967856385}, "geometry": {"type": "Polygon", "coordinates": [[[9034.5, 4021.5], [9034.0, 4020.3], [9032.3, 4015.1], [9022.3, 4015.1], [9020.3, 4011.2], [9021.4, 4008.9], [9022.0, 4007.8], [9022.3, 4007.3], [9027.9, 4006.2], [9033.2, 4004.8], [9039.0, 3998.5], [9041.8, 3999.3], [9044.5, 4000.1], [9044.5, 4005.0], [9045.7, 4007.0], [9046.6, 4010.9], [9052.3, 4011.2], [9054.9, 4014.4], [9045.8, 4019.7], [9039.4, 4024.2], [9035.8, 4024.4], [9034.5, 4021.5]]]}}, {"type": "Feature", "properties": {"OBJECTID": 187, "id": null, "name": null, "continent": null, "S2": null, "Shape__Area": 1317567796.3286133, "Shape__Length": 162467.38709798182}, "geometry": {"type": "Polygon", "coordinates": [[[9082.3, 3948.4], [9082.7, 3943.7], [9083.1, 3943.4], [9087.6, 3941.9], [9090.0, 3941.1], [9092.0, 3939.9], [9094.0, 3938.9], [9095.5, 3931.7], [9097.2, 3927.5], [9100.1, 3923.6], [9101.3, 3923.7], [9104.0, 3923.9], [9107.3, 3925.5], [9110.6, 3926.5], [9113.8, 3927.2], [9116.2, 3928.9], [9116.8, 3931.1], [9117.1, 3932.3], [9115.5, 3936.6], [9111.9, 3937.9], [9107.6, 3939.8], [9106.6, 3940.5], [9105.0, 3943.4], [9103.0, 3947.3], [9099.1, 3951.0], [9098.5, 3951.5], [9087.2, 3951.8], [9083.8, 3949.3], [9082.3, 3948.4]]]}}, {"type": "Feature", "properties": {"OBJECTID": 188, "id": null, "name": null, "continent": null, "S2": null, "Shape__Area": 21081150715.42578, "Shape__Length": 780602.461307698}, "geometry": {"type": "Polygon", "coordinates": [[[9215.1, 4046.1], [9211.9, 4040.8], [9207.5, 4040.7], [9205.3, 4043.9], [9199.5, 4058.1], [9194.4, 4058.1], [9186.9, 4051.6], [9167.2, 4051.6], [9155.4, 4051.0], [9145.6, 4044.4], [9142.4, 4039.9], [9139.8, 4033.3], [9143.7, 4028.1], [9153.3, 4022.2], [9153.4, 4022.1], [9165.9, 4017.6], [9174.8, 4009.6], [9179.6, 4005.2], [9186.5, 4002.4], [9189.4, 4001.3], [9196.6, 4000.0], [9202.8, 3997.0], [9206.4, 3995.4], [9212.2, 3996.7], [9215.6, 4002.7], [9216.8, 4003.2], [9220.7, 4006.5], [9226.0, 4008.4], [9232.1, 4010.6], [9235.1, 4011.7], [9235.1, 4015.6], [9234.8, 4019.5], [9239.3, 4023.0], [9245.5, 4020.8], [9251.8, 4014.1], [9260.7, 4009.7], [9275.9, 4009.7], [9287.5, 4006.4], [9287.6, 4006.3], [9294.5, 4007.1], [9307.6, 4007.0], [9310.9, 4007.0], [9318.0, 4007.0], [9322.6, 4009.6], [9324.5, 4017.5], [9322.6, 4024.0], [9316.7, 4031.2], [9312.1, 4035.8], [9307.6, 4038.4], [9296.4, 4045.0], [9291.9, 4048.9], [9284.7, 4055.4], [9275.6, 4060.0], [9265.8, 4067.2], [9258.6, 4070.5], [9239.6, 4074.0], [9237.0, 4074.5], [9234.4, 4070.5], [9231.8, 4069.2], [9230.5, 4064.0], [9228.5, 4059.4], [9226.2, 4059.4], [9225.9, 4058.1], [9218.3, 4056.3], [9212.9, 4058.1], [9210.9, 4052.2], [9215.2, 4046.5], [9215.1, 4046.1]]]}}, {"type": "Feature", "properties": {"OBJECTID": 189, "id": null, "name": null, "continent": null, "S2": null, "Shape__Area": 1689896392.633789, "Shape__Length": 178971.3530940377}, "geometry": {"type": "Polygon", "coordinates": [[[9131.3, 4115.1], [9134.4, 4110.9], [9145.0, 4111.9], [9171.4, 4111.9], [9173.9, 4112.6], [9175.6, 4117.1], [9173.7, 4119.7], [9170.8, 4121.0], [9169.1, 4121.7], [9169.1, 4129.6], [9161.9, 4131.6], [9160.8, 4131.5], [9149.1, 4130.5], [9141.8, 4124.6], [9136.6, 4122.5], [9131.9, 4117.8], [9131.3, 4115.1]]]}}, {"type": "Feature", "properties": {"OBJECTID": 191, "id": null, "name": null, "continent": null, "S2": null, "Shape__Area": 1101416925.8051758, "Shape__Length": 161228.29737494848}, "geometry": {"type": "Polygon", "coordinates": [[[4526.1, 6169.6], [4531.0, 6164.9], [4535.9, 6164.9], [4538.4, 6169.6], [4537.1, 6176.1], [4536.5, 6179.7], [4535.9, 6186.2], [4531.0, 6193.8], [4527.9, 6198.5], [4524.3, 6206.2], [4520.0, 6199.7], [4521.8, 6190.3], [4521.8, 6186.8], [4525.5, 6180.3], [4526.1, 6169.6]]]}}, {"type": "Feature", "properties": {"OBJECTID": 192, "id": null, "name": null, "continent": null, "S2": null, "Shape__Area": 5821570936.48584, "Shape__Length": 520947.93326420547}, "geometry": {"type": "Polygon", "coordinates": [[[4398.9, 6590.4], [4398.5, 6588.2], [4399.9, 6580.7], [4406.1, 6571.7], [4415.8, 6564.9], [4424.7, 6557.8], [4434.0, 6557.4], [4436.1, 6550.9], [4438.9, 6542.2], [4439.5, 6540.4], [4440.1, 6538.6], [4440.3, 6538.0], [4444.6, 6528.9], [4445.2, 6523.8], [4445.2, 6523.7], [4446.1, 6516.4], [4446.1, 6511.9], [4446.1, 6509.4], [4455.2, 6507.3], [4458.2, 6515.6], [4461.2, 6540.0], [4460.7, 6541.7], [4465.4, 6546.3], [4464.2, 6553.4], [4458.6, 6555.9], [4457.6, 6557.5], [4455.8, 6560.3], [4457.4, 6564.0], [4462.4, 6570.6], [4465.2, 6576.8], [4465.0, 6583.6], [4463.5, 6593.5], [4460.2, 6597.9], [4455.8, 6596.5], [4455.8, 6592.4], [4455.8, 6591.2], [4455.6, 6591.3], [4455.0, 6582.9], [4450.7, 6575.6], [4440.9, 6571.6], [4431.1, 6570.5], [4425.0, 6573.3], [4413.4, 6577.3], [4405.9, 6591.5], [4404.4, 6592.1], [4398.9, 6590.4]]]}}, {"type": "Feature", "properties": {"OBJECTID": 193, "id": null, "name": "The Veiled Isle", "continent": null, "S2": null, "Shape__Area": 9549051935.066895, "Shape__Length": 534227.2444939412}, "geometry": {"type": "Polygon", "coordinates": [[[2496.4, 5366.3], [2497.9, 5361.1], [2500.0, 5357.2], [2500.5, 5353.5], [2501.6, 5347.5], [2504.1, 5341.8], [2506.7, 5340.2], [2512.4, 5338.9], [2513.7, 5336.3], [2514.0, 5329.7], [2514.5, 5324.0], [2517.6, 5322.7], [2519.2, 5327.9], [2519.2, 5333.1], [2519.5, 5335.9], [2519.7, 5338.1], [2520.0, 5342.3], [2522.5, 5343.2], [2523.3, 5343.6], [2525.2, 5341.0], [2524.4, 5333.6], [2525.4, 5324.0], [2527.8, 5314.8], [2531.4, 5312.4], [2535.5, 5311.9], [2539.2, 5310.1], [2544.9, 5305.9], [2546.9, 5306.7], [2549.2, 5307.6], [2549.3, 5307.7], [2549.6, 5308.5], [2550.3, 5310.8], [2550.9, 5311.4], [2553.7, 5314.0], [2554.5, 5317.4], [2554.5, 5318.0], [2554.5, 5321.6], [2554.5, 5323.1], [2548.0, 5333.4], [2543.4, 5338.0], [2543.2, 5338.7], [2542.9, 5345.6], [2543.0, 5346.3], [2542.5, 5350.1], [2544.6, 5354.8], [2545.6, 5356.7], [2546.9, 5359.2], [2546.4, 5362.1], [2544.3, 5364.5], [2543.0, 5366.8], [2543.1, 5367.2], [2543.7, 5370.3], [2544.1, 5372.0], [2544.9, 5374.9], [2541.2, 5379.6], [2536.6, 5380.7], [2530.1, 5384.1], [2526.2, 5388.0], [2525.1, 5393.7], [2524.1, 5395.8], [2516.3, 5396.9], [2512.6, 5397.4], [2512.4, 5397.4], [2508.8, 5400.0], [2507.0, 5404.2], [2504.8, 5406.6], [2503.9, 5408.4], [2498.9, 5410.4], [2495.3, 5413.6], [2490.4, 5413.6], [2486.2, 5409.9], [2486.2, 5402.4], [2486.5, 5394.5], [2486.2, 5390.4], [2487.8, 5383.3], [2489.6, 5378.4], [2491.7, 5374.4], [2495.8, 5370.2], [2496.4, 5367.6], [2496.7, 5367.2], [2496.4, 5366.3]]]}}, {"type": "Feature", "properties": {"OBJECTID": 194, "id": 34, "name": "Dustspear", "continent": " ", "S2": null, "Shape__Area": 1063206228.2548828, "Shape__Length": 180775.91208282445}, "geometry": {"type": "Polygon", "coordinates": [[[2573.0, 5527.0], [2579.1, 5522.0], [2578.8, 5518.0], [2579.2, 5513.5], [2583.5, 5509.8], [2586.7, 5502.3], [2591.7, 5500.9], [2591.8, 5500.0], [2595.7, 5496.3], [2603.3, 5497.0], [2602.9, 5500.4], [2597.2, 5503.0], [2597.9, 5507.5], [2595.4, 5514.3], [2594.5, 5515.0], [2590.0, 5518.4], [2588.9, 5519.7], [2588.2, 5520.6], [2583.5, 5529.3], [2576.6, 5529.5], [2574.0, 5532.5], [2570.1, 5532.5], [2570.6, 5529.0], [2573.0, 5527.0]]]}}, {"type": "Feature", "properties": {"OBJECTID": 195, "id": 34, "name": "Larazor's Rock", "continent": " ", "S2": null, "Shape__Area": 205206373.34033203, "Shape__Length": 58377.66003825472}, "geometry": {"type": "Polygon", "coordinates": [[[2748.3, 5506.8], [2748.5, 5506.8], [2751.8, 5501.9], [2755.4, 5503.8], [2755.4, 5506.8], [2754.2, 5508.9], [2754.3, 5509.0], [2751.7, 5514.3], [2748.1, 5515.5], [2745.9, 5512.5], [2746.2, 5508.3], [2748.3, 5506.8]]]}}, {"type": "Feature", "properties": {"OBJECTID": 196, "id": 34, "name": "Golden Haven", "continent": " ", "S2": null, "Shape__Area": 203984988.37158203, "Shape__Length": 57465.862080694074}, "geometry": {"type": "Polygon", "coordinates": [[[2740.7, 5455.9], [2746.1, 5457.8], [2750.0, 5459.7], [2748.2, 5464.2], [2743.8, 5463.7], [2742.0, 5465.4], [2737.9, 5463.7], [2737.9, 5458.2], [2740.7, 5455.9]]]}}, {"type": "Feature", "properties": {"OBJECTID": 197, "id": 34, "name": "Guardian", "continent": " ", "S2": null, "Shape__Area": 1762999531.5078125, "Shape__Length": 176310.65764195364}, "geometry": {"type": "Polygon", "coordinates": [[[2756.8, 5426.9], [2756.9, 5426.8], [2758.7, 5425.8], [2763.8, 5425.3], [2770.8, 5427.5], [2775.0, 5433.7], [2775.1, 5434.1], [2775.6, 5434.7], [2777.5, 5442.9], [2777.6, 5444.2], [2774.2, 5448.6], [2768.4, 5450.3], [2763.3, 5448.4], [2762.3, 5448.1], [2761.6, 5447.9], [2756.0, 5445.7], [2755.3, 5445.4], [2754.9, 5445.3], [2750.9, 5445.1], [2744.9, 5441.9], [2739.0, 5439.7], [2735.4, 5436.5], [2734.8, 5433.5], [2736.2, 5431.7], [2739.4, 5430.8], [2747.8, 5429.8], [2748.2, 5429.5], [2755.7, 5429.5], [2756.8, 5426.9]]]}}, {"type": "Feature", "properties": {"OBJECTID": 198, "id": 34, "name": "Grey Gallows", "continent": " ", "S2": null, "Shape__Area": 965643539.3793945, "Shape__Length": 146830.0685496234}, "geometry": {"type": "Polygon", "coordinates": [[[2604.9, 5412.8], [2608.8, 5410.2], [2610.3, 5408.3], [2616.1, 5407.6], [2617.5, 5411.0], [2614.6, 5415.2], [2613.9, 5415.9], [2612.9, 5417.6], [2613.7, 5423.2], [2610.5, 5427.8], [2608.4, 5430.0], [2607.9, 5430.7], [2604.0, 5431.5], [2601.9, 5433.0], [2595.4, 5433.0], [2594.3, 5432.7], [2593.1, 5433.3], [2588.7, 5433.0], [2586.6, 5428.4], [2588.7, 5426.0], [2589.8, 5426.0], [2592.6, 5426.0], [2597.5, 5423.9], [2601.6, 5415.8], [2604.9, 5412.8]]]}}, {"type": "Feature", "properties": {"OBJECTID": 199, "id": 34, "name": "Scarwood", "continent": " ", "S2": null, "Shape__Area": 2850951242.2436523, "Shape__Length": 294136.3599498826}, "geometry": {"type": "Polygon", "coordinates": [[[2710.1, 5360.3], [2710.6, 5359.3], [2710.8, 5357.7], [2710.8, 5356.7], [2710.8, 5353.7], [2710.9, 5353.6], [2710.8, 5350.6], [2714.4, 5346.4], [2720.2, 5345.3], [2721.7, 5345.3], [2721.9, 5344.9], [2727.0, 5346.0], [2728.4, 5349.5], [2726.6, 5352.1], [2723.7, 5357.5], [2725.2, 5365.1], [2723.4, 5370.1], [2719.4, 5372.0], [2712.9, 5376.1], [2711.3, 5378.6], [2710.8, 5382.8], [2707.1, 5383.8], [2705.8, 5384.1], [2704.9, 5384.0], [2700.6, 5383.5], [2698.2, 5384.2], [2697.6, 5384.3], [2694.0, 5386.8], [2691.7, 5387.0], [2689.4, 5387.5], [2688.1, 5387.8], [2685.5, 5389.8], [2682.7, 5392.4], [2678.5, 5394.2], [2676.7, 5395.9], [2675.2, 5396.4], [2672.4, 5396.2], [2669.8, 5393.8], [2670.4, 5391.0], [2672.6, 5384.6], [2676.2, 5381.0], [2679.9, 5378.2], [2684.7, 5376.1], [2687.3, 5373.7], [2689.9, 5367.1], [2696.0, 5362.9], [2699.0, 5366.5], [2704.4, 5366.7], [2706.0, 5362.7], [2710.2, 5361.2], [2710.1, 5360.3]]]}}, {"type": "Feature", "properties": {"OBJECTID": 200, "id": 34, "name": "Tor", "continent": " ", "S2": null, "Shape__Area": 282978401.62890625, "Shape__Length": 68379.43800381878}, "geometry": {"type": "Polygon", "coordinates": [[[2750.4, 5315.5], [2751.8, 5314.5], [2758.5, 5317.0], [2759.0, 5323.6], [2755.2, 5331.3], [2750.9, 5328.7], [2750.4, 5315.5]]]}}, {"type": "Feature", "properties": {"OBJECTID": 201, "id": 34, "name": "Felstrong", "continent": " ", "S2": null, "Shape__Area": 268938751.1503906, "Shape__Length": 67495.80575903402}, "geometry": {"type": "Polygon", "coordinates": [[[2762.2, 5291.4], [2760.6, 5299.8], [2757.4, 5304.0], [2753.4, 5303.6], [2754.6, 5298.6], [2752.3, 5294.0], [2752.6, 5291.7], [2756.6, 5289.1], [2760.0, 5288.9], [2762.2, 5291.4]]]}}, {"type": "Feature", "properties": {"OBJECTID": 202, "id": 34, "name": "The Island of Serpents", "continent": " ", "S2": null, "Shape__Area": 2302513173.5759277, "Shape__Length": 249464.73306578933}, "geometry": {"type": "Polygon", "coordinates": [[[2648.5, 5289.2], [2650.5, 5283.0], [2661.6, 5279.8], [2665.5, 5277.5], [2670.9, 5275.6], [2673.8, 5285.1], [2669.9, 5292.4], [2666.3, 5295.6], [2661.6, 5296.9], [2661.2, 5297.1], [2659.2, 5299.6], [2658.5, 5313.1], [2655.9, 5318.6], [2651.4, 5319.2], [2650.2, 5319.4], [2647.3, 5314.4], [2647.3, 5308.4], [2644.7, 5306.3], [2643.0, 5308.6], [2641.9, 5310.0], [2641.9, 5318.1], [2635.7, 5316.3], [2633.1, 5311.8], [2633.3, 5307.4], [2634.9, 5301.6], [2636.7, 5297.7], [2641.1, 5291.7], [2645.5, 5290.6], [2648.5, 5289.2]]]}}, {"type": "Feature", "properties": {"OBJECTID": 203, "id": 34, "name": "Bloodstone", "continent": " ", "S2": null, "Shape__Area": 4482186534.816895, "Shape__Length": 349032.65247518005}, "geometry": {"type": "Polygon", "coordinates": [[[2589.2, 5345.4], [2588.7, 5345.5], [2585.6, 5354.3], [2579.4, 5361.2], [2571.9, 5361.2], [2569.4, 5357.4], [2574.0, 5354.0], [2576.2, 5350.9], [2576.2, 5348.9], [2576.2, 5344.4], [2575.7, 5338.6], [2576.8, 5337.0], [2576.8, 5334.5], [2573.2, 5333.7], [2573.9, 5332.2], [2578.7, 5329.1], [2579.2, 5319.3], [2580.2, 5315.8], [2580.5, 5314.6], [2584.5, 5307.7], [2587.7, 5305.0], [2595.4, 5303.9], [2598.2, 5303.4], [2599.1, 5301.5], [2605.6, 5298.2], [2608.0, 5292.3], [2614.0, 5288.8], [2618.0, 5285.8], [2621.9, 5285.8], [2623.7, 5291.1], [2621.9, 5293.4], [2619.0, 5296.9], [2620.1, 5302.3], [2617.9, 5310.7], [2615.4, 5314.5], [2611.8, 5318.8], [2609.3, 5325.7], [2609.3, 5330.2], [2609.3, 5334.8], [2606.1, 5340.2], [2599.9, 5342.1], [2591.7, 5342.4], [2589.2, 5345.4]]]}}, {"type": "Feature", "properties": {"OBJECTID": 204, "id": 34, "name": "Highwatch", "continent": " ", "S2": null, "Shape__Area": 3869637061.411377, "Shape__Length": 257246.54870064862}, "geometry": {"type": "Polygon", "coordinates": [[[2711.5, 5309.6], [2711.4, 5309.7], [2708.5, 5309.1], [2709.3, 5303.4], [2709.3, 5298.7], [2707.0, 5294.5], [2703.4, 5291.1], [2698.4, 5284.0], [2698.4, 5275.4], [2698.8, 5270.1], [2699.2, 5265.5], [2701.8, 5263.0], [2705.9, 5264.6], [2709.5, 5266.1], [2716.7, 5262.0], [2721.2, 5266.1], [2728.7, 5265.3], [2728.4, 5266.0], [2729.3, 5265.4], [2736.1, 5266.6], [2736.1, 5267.2], [2736.6, 5267.2], [2741.0, 5271.1], [2740.7, 5278.7], [2735.8, 5284.8], [2734.7, 5289.0], [2735.0, 5296.8], [2735.3, 5300.0], [2732.7, 5305.5], [2727.5, 5309.6], [2718.3, 5309.2], [2717.8, 5309.6], [2711.5, 5309.6]]]}}, {"type": "Feature", "properties": {"OBJECTID": 205, "id": 34, "name": "Pryr", "continent": " ", "S2": null, "Shape__Area": 2614669446.496338, "Shape__Length": 221391.03025026282}, "geometry": {"type": "Polygon", "coordinates": [[[2652.2, 5207.8], [2647.6, 5208.0], [2640.7, 5208.2], [2635.5, 5206.1], [2633.2, 5203.3], [2631.2, 5196.7], [2629.9, 5191.1], [2630.6, 5184.9], [2633.4, 5181.1], [2638.8, 5181.9], [2642.0, 5183.0], [2642.7, 5181.8], [2643.5, 5178.1], [2643.9, 5176.8], [2643.0, 5174.8], [2645.2, 5169.6], [2651.4, 5171.4], [2653.1, 5174.3], [2657.3, 5175.7], [2657.2, 5176.0], [2658.4, 5176.4], [2658.9, 5180.0], [2658.9, 5182.8], [2659.5, 5186.6], [2659.8, 5188.8], [2662.6, 5190.5], [2666.9, 5191.2], [2669.5, 5191.6], [2670.1, 5191.6], [2672.3, 5194.1], [2672.3, 5197.5], [2669.7, 5199.7], [2665.8, 5202.0], [2663.9, 5205.2], [2659.3, 5207.1], [2654.6, 5208.6], [2652.2, 5207.8], [2652.2, 5207.8]]]}}, {"type": "Feature", "properties": {"OBJECTID": 206, "id": 34, "name": "Tyrosh", "continent": " ", "S2": null, "Shape__Area": 4008752252.494385, "Shape__Length": 324014.0414789159}, "geometry": {"type": "Polygon", "coordinates": [[[2759.3, 5160.8], [2765.1, 5159.3], [2767.7, 5159.9], [2770.5, 5161.7], [2770.6, 5162.3], [2770.1, 5168.0], [2769.6, 5173.1], [2767.5, 5179.5], [2765.8, 5185.9], [2764.0, 5190.2], [2760.6, 5191.0], [2759.9, 5191.6], [2751.9, 5192.0], [2745.0, 5200.0], [2742.8, 5205.1], [2740.2, 5209.1], [2736.6, 5210.8], [2733.3, 5212.8], [2731.2, 5216.2], [2726.6, 5216.4], [2724.0, 5213.6], [2723.6, 5213.1], [2722.3, 5211.3], [2718.6, 5210.8], [2712.1, 5211.9], [2711.6, 5212.1], [2707.8, 5213.4], [2701.7, 5212.2], [2700.9, 5210.5], [2701.3, 5208.7], [2704.6, 5202.3], [2710.8, 5199.9], [2713.6, 5199.2], [2719.9, 5193.5], [2724.2, 5189.3], [2730.5, 5182.7], [2738.3, 5179.3], [2747.4, 5176.5], [2747.4, 5176.5], [2750.7, 5173.2], [2752.8, 5171.2], [2755.1, 5165.7], [2759.3, 5160.8]]]}}, {"type": "Feature", "properties": {"OBJECTID": 208, "id": null, "name": null, "continent": null, "S2": null, "Shape__Area": 8115684245.904907, "Shape__Length": 467029.137396497}, "geometry": {"type": "Polygon", "coordinates": [[[6382.2, 3324.0], [6388.5, 3317.8], [6389.8, 3317.1], [6391.1, 3316.5], [6393.6, 3314.4], [6395.2, 3311.9], [6395.8, 3309.9], [6395.8, 3309.3], [6395.8, 3307.2], [6395.7, 3306.4], [6395.4, 3305.3], [6394.1, 3303.6], [6389.9, 3300.9], [6389.7, 3300.5], [6388.5, 3299.5], [6386.6, 3296.9], [6386.7, 3295.6], [6386.8, 3294.3], [6387.5, 3294.0], [6389.3, 3293.2], [6390.4, 3292.2], [6390.8, 3286.1], [6391.2, 3283.2], [6392.7, 3277.2], [6392.8, 3275.8], [6389.6, 3272.0], [6388.0, 3271.2], [6382.4, 3270.3], [6381.2, 3269.3], [6379.6, 3265.9], [6379.8, 3265.0], [6382.0, 3262.5], [6385.3, 3261.2], [6386.3, 3261.1], [6391.0, 3261.9], [6401.5, 3261.2], [6408.2, 3259.3], [6410.5, 3259.3], [6418.2, 3262.3], [6420.1, 3262.3], [6426.0, 3262.3], [6426.1, 3262.3], [6427.3, 3262.9], [6427.6, 3263.1], [6428.6, 3263.8], [6429.3, 3265.3], [6429.3, 3266.8], [6429.0, 3268.6], [6428.0, 3271.3], [6427.7, 3271.6], [6427.1, 3272.5], [6426.5, 3274.8], [6426.8, 3277.2], [6428.0, 3277.9], [6429.3, 3278.4], [6429.7, 3279.6], [6429.9, 3281.9], [6430.3, 3283.0], [6431.4, 3284.0], [6431.9, 3284.6], [6433.7, 3285.2], [6444.0, 3285.2], [6445.2, 3286.2], [6445.6, 3287.1], [6445.7, 3288.7], [6439.3, 3298.1], [6436.7, 3305.7], [6433.9, 3309.3], [6422.8, 3311.3], [6420.9, 3312.4], [6420.3, 3314.2], [6420.6, 3316.6], [6420.6, 3317.9], [6420.6, 3318.4], [6420.6, 3319.7], [6420.5, 3320.1], [6420.3, 3321.6], [6420.9, 3323.7], [6421.0, 3325.6], [6420.7, 3327.2], [6420.7, 3327.4], [6419.9, 3328.4], [6419.9, 3328.4], [6417.3, 3329.0], [6402.9, 3329.0], [6397.6, 3329.5], [6394.5, 3330.3], [6392.2, 3331.4], [6389.8, 3332.5], [6387.3, 3333.7], [6385.2, 3334.8], [6382.9, 3335.6], [6381.5, 3336.1], [6379.7, 3336.5], [6379.4, 3336.2], [6378.7, 3335.6], [6377.8, 3335.0], [6377.4, 3333.6], [6377.5, 3331.2], [6377.5, 3330.8], [6377.6, 3330.1], [6382.2, 3324.0]]]}}, {"type": "Feature", "properties": {"OBJECTID": 209, "id": null, "name": null, "continent": null, "S2": null, "Shape__Area": 3881006704.67041, "Shape__Length": 302351.4600800166}, "geometry": {"type": "Polygon", "coordinates": [[[6273.8, 3354.9], [6274.1, 3354.1], [6274.5, 3348.3], [6275.3, 3345.7], [6276.0, 3343.6], [6277.9, 3343.6], [6279.4, 3344.2], [6281.7, 3345.0], [6285.1, 3347.2], [6286.7, 3347.2], [6287.4, 3348.9], [6289.6, 3349.0], [6294.2, 3350.4], [6296.0, 3355.1], [6297.2, 3360.2], [6298.7, 3363.4], [6304.0, 3366.7], [6304.3, 3371.8], [6300.9, 3375.0], [6298.3, 3384.9], [6298.7, 3394.6], [6295.6, 3399.6], [6295.2, 3400.4], [6293.0, 3404.4], [6290.7, 3411.3], [6285.1, 3411.6], [6283.4, 3410.7], [6280.5, 3409.1], [6283.5, 3404.7], [6284.2, 3401.4], [6284.7, 3398.9], [6283.9, 3391.3], [6280.2, 3384.4], [6270.1, 3381.2], [6264.5, 3375.7], [6266.7, 3366.4], [6275.0, 3358.8], [6273.8, 3354.9]]]}}, {"type": "Feature", "properties": {"OBJECTID": 210, "id": null, "name": null, "continent": null, "S2": null, "Shape__Area": 2794804487.293213, "Shape__Length": 277523.78764500655}, "geometry": {"type": "Polygon", "coordinates": [[[6388.2, 3502.3], [6384.9, 3502.0], [6384.8, 3501.9], [6384.2, 3501.0], [6383.1, 3499.8], [6381.8, 3499.0], [6381.3, 3498.5], [6379.9, 3497.1], [6379.4, 3495.5], [6379.4, 3495.0], [6379.4, 3493.1], [6379.9, 3491.8], [6381.4, 3489.4], [6381.4, 3487.7], [6383.0, 3484.1], [6383.7, 3483.3], [6384.8, 3482.0], [6385.0, 3481.2], [6385.7, 3478.9], [6386.2, 3478.1], [6386.3, 3477.7], [6387.3, 3475.7], [6388.1, 3475.0], [6388.8, 3474.8], [6389.3, 3474.6], [6389.7, 3474.5], [6389.8, 3474.5], [6390.7, 3474.3], [6392.5, 3472.7], [6393.1, 3471.7], [6393.7, 3471.1], [6394.5, 3470.0], [6394.6, 3469.3], [6395.1, 3467.9], [6395.8, 3466.4], [6395.6, 3465.9], [6394.3, 3465.1], [6391.6, 3464.7], [6390.2, 3464.1], [6390.0, 3463.8], [6389.1, 3462.6], [6381.8, 3462.8], [6378.8, 3462.1], [6376.2, 3459.0], [6376.0, 3458.2], [6376.2, 3457.1], [6376.3, 3455.5], [6377.2, 3453.8], [6379.2, 3452.3], [6381.0, 3450.7], [6381.6, 3449.9], [6382.1, 3449.3], [6382.5, 3449.1], [6383.3, 3448.6], [6383.6, 3448.5], [6387.3, 3448.5], [6388.9, 3448.5], [6389.1, 3448.6], [6391.3, 3449.4], [6392.9, 3450.3], [6395.2, 3452.1], [6396.8, 3453.0], [6398.7, 3453.5], [6399.0, 3453.6], [6399.7, 3453.7], [6400.9, 3454.7], [6401.9, 3456.2], [6402.0, 3456.4], [6403.5, 3458.9], [6405.8, 3459.7], [6405.9, 3459.8], [6410.0, 3461.5], [6411.7, 3462.7], [6412.4, 3463.5], [6412.8, 3464.4], [6413.1, 3466.1], [6413.0, 3468.1], [6412.6, 3468.6], [6409.4, 3474.8], [6402.2, 3481.4], [6399.4, 3487.2], [6399.4, 3493.4], [6399.1, 3494.9], [6399.0, 3495.3], [6398.7, 3496.2], [6397.3, 3497.6], [6395.9, 3498.8], [6394.8, 3499.7], [6393.4, 3501.2], [6391.5, 3502.0], [6388.2, 3502.3]]]}}, {"type": "Feature", "properties": {"OBJECTID": 211, "id": null, "name": null, "continent": null, "S2": null, "Shape__Area": 6166606856.214966, "Shape__Length": 463369.9070630837}, "geometry": {"type": "Polygon", "coordinates": [[[6561.9, 3358.2], [6563.3, 3354.9], [6561.4, 3351.3], [6558.5, 3348.6], [6556.1, 3346.2], [6553.5, 3343.4], [6554.2, 3338.7], [6559.1, 3335.1], [6564.0, 3334.5], [6565.2, 3334.3], [6568.2, 3331.1], [6572.4, 3327.5], [6572.4, 3327.5], [6574.3, 3327.6], [6576.9, 3327.8], [6577.2, 3328.2], [6580.3, 3331.8], [6580.8, 3342.1], [6581.1, 3342.3], [6584.1, 3344.8], [6589.2, 3345.8], [6590.9, 3346.0], [6591.1, 3346.2], [6591.3, 3346.5], [6592.2, 3347.7], [6592.2, 3350.1], [6590.9, 3353.4], [6590.4, 3354.2], [6589.4, 3355.7], [6588.1, 3357.8], [6586.1, 3362.4], [6585.6, 3366.1], [6585.3, 3367.5], [6584.7, 3370.1], [6583.8, 3373.7], [6582.4, 3376.8], [6581.4, 3377.9], [6578.8, 3379.3], [6577.3, 3379.6], [6576.6, 3380.0], [6575.4, 3380.7], [6575.1, 3382.3], [6575.1, 3382.8], [6575.1, 3384.0], [6575.1, 3386.3], [6573.7, 3388.7], [6572.3, 3388.9], [6570.7, 3390.2], [6570.0, 3392.3], [6569.0, 3394.6], [6568.9, 3394.7], [6568.9, 3400.4], [6568.9, 3408.1], [6568.6, 3410.9], [6566.3, 3412.7], [6551.1, 3426.7], [6551.1, 3426.7], [6550.4, 3427.4], [6543.2, 3432.5], [6538.3, 3433.9], [6534.5, 3432.8], [6534.1, 3431.3], [6540.6, 3420.8], [6547.0, 3415.0], [6549.3, 3409.2], [6550.0, 3398.0], [6552.3, 3390.7], [6555.7, 3386.0], [6558.5, 3381.3], [6558.0, 3376.2], [6557.7, 3375.2], [6557.2, 3373.7], [6556.6, 3370.9], [6556.6, 3367.9], [6556.6, 3365.4], [6558.0, 3362.1], [6559.1, 3360.7], [6559.3, 3360.5], [6559.4, 3360.4], [6561.9, 3358.2]]]}}, {"type": "Feature", "properties": {"OBJECTID": 212, "id": null, "name": null, "continent": null, "S2": null, "Shape__Area": 1550948685.8547363, "Shape__Length": 197999.34158993326}, "geometry": {"type": "Polygon", "coordinates": [[[6574.3, 3200.5], [6574.3, 3199.6], [6574.4, 3199.3], [6574.8, 3198.3], [6575.5, 3197.4], [6577.5, 3197.0], [6580.3, 3196.8], [6583.0, 3196.8], [6587.6, 3196.7], [6589.5, 3196.2], [6590.8, 3195.4], [6591.2, 3195.2], [6594.7, 3194.9], [6598.4, 3195.4], [6599.8, 3196.1], [6601.0, 3196.7], [6601.7, 3197.1], [6601.7, 3197.8], [6601.5, 3200.1], [6601.0, 3201.2], [6600.9, 3201.3], [6601.0, 3201.8], [6601.2, 3203.2], [6601.2, 3204.9], [6601.7, 3206.5], [6603.1, 3207.9], [6603.4, 3208.1], [6604.9, 3209.1], [6607.0, 3210.7], [6608.0, 3212.1], [6607.6, 3216.8], [6606.5, 3218.4], [6604.9, 3219.2], [6602.6, 3221.8], [6602.3, 3222.9], [6602.6, 3230.6], [6600.9, 3231.5], [6599.6, 3231.6], [6598.3, 3231.6], [6595.6, 3230.1], [6595.5, 3230.0], [6595.0, 3228.5], [6595.0, 3226.7], [6594.6, 3223.7], [6594.7, 3221.6], [6594.2, 3219.0], [6594.1, 3218.0], [6594.1, 3217.9], [6594.0, 3217.0], [6592.3, 3215.5], [6591.6, 3214.5], [6590.7, 3212.2], [6590.2, 3209.6], [6586.3, 3207.3], [6581.9, 3206.5], [6578.9, 3205.9], [6578.6, 3205.8], [6577.7, 3205.2], [6576.4, 3204.5], [6575.0, 3202.1], [6574.3, 3200.5]]]}}, {"type": "Feature", "properties": {"OBJECTID": 214, "id": null, "name": null, "continent": null, "S2": null, "Shape__Area": 2691824715.149414, "Shape__Length": 216594.89410830845}, "geometry": {"type": "Polygon", "coordinates": [[[7732.7, 3805.2], [7730.5, 3805.3], [7724.3, 3806.3], [7723.6, 3806.2], [7719.9, 3805.4], [7715.5, 3804.4], [7712.5, 3802.9], [7710.8, 3799.9], [7711.8, 3798.2], [7717.0, 3796.3], [7717.4, 3795.7], [7723.1, 3787.5], [7726.0, 3786.3], [7729.0, 3784.1], [7736.1, 3780.6], [7742.3, 3775.7], [7747.3, 3773.2], [7751.7, 3773.8], [7757.4, 3774.6], [7759.3, 3774.9], [7761.6, 3776.4], [7763.3, 3781.1], [7763.3, 3785.5], [7760.8, 3789.5], [7755.6, 3796.2], [7746.3, 3801.1], [7735.8, 3804.8], [7733.1, 3804.8], [7732.7, 3805.2]]]}}, {"type": "Feature", "properties": {"OBJECTID": 215, "id": null, "name": null, "continent": null, "S2": null, "Shape__Area": 1795276532.774414, "Shape__Length": 185298.177730801}, "geometry": {"type": "Polygon", "coordinates": [[[7707.7, 3953.5], [7708.3, 3953.2], [7708.2, 3952.9], [7709.2, 3950.4], [7710.2, 3948.7], [7712.7, 3946.2], [7715.2, 3942.7], [7718.5, 3939.2], [7723.5, 3933.9], [7729.5, 3930.2], [7732.2, 3930.2], [7732.2, 3930.2], [7741.1, 3928.8], [7745.0, 3929.9], [7746.2, 3930.6], [7748.7, 3931.9], [7750.7, 3936.4], [7751.0, 3942.4], [7746.0, 3945.6], [7737.0, 3946.1], [7735.0, 3946.6], [7730.2, 3951.1], [7728.8, 3951.4], [7727.2, 3951.6], [7725.0, 3952.6], [7722.7, 3954.6], [7720.2, 3956.6], [7715.5, 3956.9], [7709.0, 3956.9], [7707.7, 3956.3], [7707.7, 3953.5]]]}}, {"type": "Feature", "properties": {"OBJECTID": 216, "id": null, "name": null, "continent": null, "S2": null, "Shape__Area": 4592404692.188477, "Shape__Length": 286181.05829394585}, "geometry": {"type": "Polygon", "coordinates": [[[7938.5, 4239.0], [7935.8, 4244.4], [7931.4, 4250.2], [7926.7, 4253.7], [7917.9, 4263.2], [7910.2, 4266.2], [7909.8, 4266.6], [7906.1, 4271.4], [7900.0, 4277.2], [7892.9, 4277.2], [7887.5, 4275.8], [7882.1, 4273.5], [7880.6, 4270.5], [7879.8, 4269.0], [7879.8, 4260.2], [7880.3, 4258.4], [7881.1, 4255.4], [7886.3, 4249.2], [7888.1, 4246.2], [7897.3, 4240.7], [7901.4, 4238.7], [7909.5, 4233.2], [7916.6, 4230.5], [7916.7, 4230.5], [7919.9, 4229.7], [7924.0, 4228.8], [7927.0, 4227.8], [7932.4, 4224.0], [7933.7, 4223.9], [7934.1, 4223.7], [7935.2, 4223.8], [7935.5, 4223.9], [7939.5, 4224.4], [7940.9, 4226.0], [7940.2, 4236.5], [7938.5, 4239.0]]]}}, {"type": "Feature", "properties": {"OBJECTID": 217, "id": null, "name": null, "continent": null, "S2": null, "Shape__Area": 563062705.7297363, "Shape__Length": 108501.60721086654}, "geometry": {"type": "Polygon", "coordinates": [[[7886.6, 4186.5], [7892.8, 4188.4], [7896.5, 4189.0], [7894.9, 4192.8], [7889.2, 4193.4], [7883.4, 4197.8], [7880.8, 4204.1], [7876.7, 4204.7], [7873.0, 4201.0], [7871.4, 4195.9], [7873.5, 4192.8], [7880.3, 4189.6], [7886.6, 4186.5]]]}}, {"type": "Feature", "properties": {"OBJECTID": 218, "id": 51, "name": "Basilisk Isles", "continent": "Sothyrios", "S2": null, "Shape__Area": 238335438.36376953, "Shape__Length": 62115.511017135446}, "geometry": {"type": "Polygon", "coordinates": [[[5256.6, 6988.9], [5261.6, 6993.7], [5259.2, 7001.2], [5254.4, 6998.7], [5250.5, 6991.2], [5256.6, 6988.9]]]}}, {"type": "Feature", "properties": {"OBJECTID": 219, "id": 51, "name": "Basilisk Isles", "continent": "Sothyrios", "S2": null, "Shape__Area": 1507662229.416504, "Shape__Length": 192719.36664096988}, "geometry": {"type": "Polygon", "coordinates": [[[5178.9, 6994.3], [5185.7, 6992.4], [5190.5, 6994.8], [5191.4, 6998.4], [5185.9, 7002.6], [5184.7, 7003.1], [5183.6, 7003.8], [5180.4, 7009.1], [5178.3, 7010.1], [5176.6, 7010.9], [5175.6, 7013.6], [5176.3, 7016.5], [5177.0, 7019.4], [5176.6, 7023.7], [5176.6, 7023.7], [5177.7, 7026.5], [5175.1, 7029.2], [5168.8, 7029.6], [5164.7, 7027.4], [5164.7, 7024.2], [5163.6, 7019.3], [5162.1, 7014.8], [5163.6, 7007.1], [5168.8, 7005.8], [5173.6, 7001.2], [5174.6, 6998.1], [5177.2, 6994.5], [5178.9, 6994.3]]]}}, {"type": "Feature", "properties": {"OBJECTID": 220, "id": 51, "name": "Skull Island", "continent": "Sothoryos", "S2": null, "Shape__Area": 1709361775.3867188, "Shape__Length": 229694.63518288938}, "geometry": {"type": "Polygon", "coordinates": [[[5140.3, 6892.9], [5144.7, 6891.3], [5145.7, 6884.8], [5153.6, 6881.0], [5163.6, 6879.1], [5167.2, 6884.2], [5166.5, 6888.6], [5157.2, 6888.6], [5149.1, 6894.1], [5141.0, 6899.5], [5142.8, 6905.6], [5137.1, 6908.8], [5128.0, 6909.7], [5121.3, 6909.4], [5115.6, 6904.4], [5119.2, 6900.6], [5127.8, 6892.4], [5140.3, 6892.9]]]}}, {"type": "Feature", "properties": {"OBJECTID": 221, "id": 51, "name": "Basilisk Isles", "continent": "Sothyrios", "S2": null, "Shape__Area": 1236647446.3173828, "Shape__Length": 187500.72851643243}, "geometry": {"type": "Polygon", "coordinates": [[[4977.5, 6998.9], [4978.7, 6992.4], [4985.0, 6988.7], [4991.8, 6990.1], [4990.8, 6994.6], [4988.7, 6997.8], [4982.7, 7001.4], [4981.9, 7001.8], [4981.6, 7003.0], [4979.8, 7009.5], [4977.7, 7015.4], [4974.0, 7018.5], [4968.5, 7019.9], [4967.5, 7021.1], [4966.5, 7021.2], [4962.0, 7024.4], [4957.8, 7023.5], [4957.8, 7019.9], [4961.0, 7014.0], [4967.8, 7008.2], [4977.5, 6998.9]]]}}, {"type": "Feature", "properties": {"OBJECTID": 222, "id": 51, "name": "Basilisk Isles", "continent": "Sothyrios", "S2": null, "Shape__Area": 593671269.4980469, "Shape__Length": 98605.16111027294}, "geometry": {"type": "Polygon", "coordinates": [[[5058.3, 7048.0], [5058.7, 7047.6], [5057.6, 7045.0], [5059.7, 7041.9], [5067.0, 7039.6], [5071.2, 7041.4], [5071.7, 7046.8], [5069.6, 7048.1], [5069.6, 7053.5], [5068.5, 7057.1], [5062.8, 7057.1], [5057.6, 7055.3], [5057.1, 7051.7], [5059.1, 7049.7], [5058.3, 7048.0]]]}}, {"type": "Feature", "properties": {"OBJECTID": 223, "id": 51, "name": "Basilisk Isles", "continent": "Sothyrios", "S2": null, "Shape__Area": 267998435.18164062, "Shape__Length": 64926.2788856203}, "geometry": {"type": "Polygon", "coordinates": [[[4805.5, 7238.0], [4805.4, 7236.7], [4805.6, 7235.4], [4806.0, 7234.3], [4806.1, 7232.8], [4806.8, 7231.6], [4807.7, 7230.8], [4809.8, 7230.7], [4812.9, 7230.9], [4816.4, 7230.7], [4817.9, 7231.1], [4818.6, 7233.0], [4818.6, 7233.9], [4818.1, 7235.1], [4817.3, 7236.0], [4815.2, 7236.6], [4813.6, 7236.5], [4812.3, 7237.2], [4811.5, 7238.8], [4808.3, 7239.6], [4805.5, 7238.0]]]}}, {"type": "Feature", "properties": {"OBJECTID": 224, "id": 51, "name": "Basilisk Isles", "continent": "Sothyrios", "S2": null, "Shape__Area": 357294733.93847656, "Shape__Length": 74359.79832172759}, "geometry": {"type": "Polygon", "coordinates": [[[4864.4, 7136.9], [4863.8, 7142.6], [4860.6, 7146.6], [4856.7, 7148.7], [4850.9, 7148.3], [4851.2, 7142.2], [4859.1, 7136.5], [4864.4, 7136.9]]]}}, {"type": "Feature", "properties": {"OBJECTID": 225, "id": 51, "name": "Basilisk Isles", "continent": "Sothyrios", "S2": null, "Shape__Area": 1055884103.8505859, "Shape__Length": 154863.76065538227}, "geometry": {"type": "Polygon", "coordinates": [[[4792.4, 7169.2], [4798.0, 7169.0], [4799.0, 7168.7], [4799.4, 7168.9], [4800.2, 7169.3], [4802.7, 7170.4], [4801.1, 7173.5], [4796.7, 7177.5], [4797.9, 7179.2], [4793.2, 7183.6], [4784.9, 7185.4], [4777.6, 7187.1], [4773.4, 7191.5], [4770.3, 7191.1], [4770.6, 7187.1], [4769.6, 7186.1], [4770.1, 7181.9], [4770.3, 7181.0], [4782.7, 7175.9], [4792.4, 7169.2]]]}}, {"type": "Feature", "properties": {"OBJECTID": 226, "id": 51, "name": "Basilisk Isles", "continent": "Sothyrios", "S2": null, "Shape__Area": 789603189.8530273, "Shape__Length": 129361.86023328622}, "geometry": {"type": "Polygon", "coordinates": [[[4762.5, 7249.7], [4762.2, 7248.9], [4757.2, 7246.0], [4759.3, 7239.9], [4759.8, 7234.7], [4764.5, 7231.7], [4765.4, 7233.8], [4766.4, 7233.5], [4767.8, 7236.1], [4768.8, 7238.4], [4769.5, 7240.2], [4769.5, 7240.4], [4770.6, 7241.4], [4772.8, 7243.5], [4774.4, 7245.3], [4773.8, 7247.1], [4772.5, 7249.8], [4771.6, 7250.6], [4771.3, 7252.5], [4768.7, 7257.7], [4762.4, 7257.7], [4763.5, 7251.1], [4762.5, 7249.7]]]}}, {"type": "Feature", "properties": {"OBJECTID": 227, "id": 51, "name": "Basilisk Isles", "continent": "Sothyrios", "S2": null, "Shape__Area": 461159027.4609375, "Shape__Length": 106529.17548027495}, "geometry": {"type": "Polygon", "coordinates": [[[4579.7, 7305.0], [4583.3, 7299.6], [4590.5, 7294.7], [4602.1, 7293.5], [4606.2, 7294.5], [4604.6, 7298.8], [4593.2, 7300.5], [4585.5, 7304.0], [4584.0, 7305.4], [4581.3, 7306.0], [4579.7, 7305.0]]]}}, {"type": "Feature", "properties": {"OBJECTID": 228, "id": 51, "name": "Basilisk Isles", "continent": "Sothyrios", "S2": null, "Shape__Area": 689186240.840332, "Shape__Length": 136211.90158144644}, "geometry": {"type": "Polygon", "coordinates": [[[4645.7, 7222.1], [4647.0, 7220.8], [4647.0, 7215.7], [4652.9, 7208.2], [4652.9, 7207.8], [4653.6, 7205.4], [4656.9, 7201.2], [4656.4, 7197.3], [4662.7, 7196.4], [4665.3, 7199.9], [4662.5, 7203.7], [4663.5, 7204.6], [4659.7, 7211.0], [4659.1, 7211.4], [4652.9, 7222.1], [4648.3, 7224.5], [4645.7, 7222.1]]]}}, {"type": "Feature", "properties": {"OBJECTID": 230, "id": 51, "name": "Basilisk Isles", "continent": "Sothoryos", "S2": null, "Shape__Area": 778275017.7626953, "Shape__Length": 131882.55904377135}, "geometry": {"type": "Polygon", "coordinates": [[[4553.0, 7180.7], [4556.0, 7177.4], [4562.7, 7176.7], [4566.1, 7176.3], [4571.8, 7172.1], [4576.1, 7169.0], [4580.1, 7167.7], [4583.7, 7168.1], [4584.3, 7171.5], [4579.8, 7174.5], [4578.7, 7179.2], [4575.5, 7182.0], [4567.4, 7183.5], [4565.8, 7184.8], [4558.0, 7184.3], [4553.0, 7180.7]]]}}, {"type": "Feature", "properties": {"OBJECTID": 231, "id": 51, "name": "Basilisk Isles", "continent": "Sothyrios", "S2": null, "Shape__Area": 11654254326.953613, "Shape__Length": 573697.7442451954}, "geometry": {"type": "Polygon", "coordinates": [[[4674.9, 7154.2], [4675.2, 7153.7], [4675.2, 7150.3], [4676.3, 7145.4], [4677.3, 7140.1], [4677.5, 7139.7], [4676.9, 7136.9], [4680.8, 7133.2], [4679.6, 7127.8], [4673.3, 7126.4], [4670.3, 7124.7], [4667.3, 7121.8], [4662.7, 7119.8], [4659.6, 7114.9], [4654.3, 7113.6], [4654.3, 7107.4], [4658.0, 7103.8], [4667.9, 7104.7], [4678.9, 7111.8], [4683.1, 7116.2], [4686.7, 7117.1], [4694.0, 7114.5], [4698.7, 7112.7], [4710.8, 7112.2], [4712.4, 7112.2], [4714.9, 7106.4], [4714.7, 7105.3], [4713.9, 7102.0], [4713.6, 7101.0], [4712.8, 7098.0], [4717.5, 7096.2], [4732.2, 7096.2], [4743.1, 7096.6], [4750.5, 7094.9], [4757.8, 7098.4], [4761.4, 7099.3], [4766.6, 7102.4], [4770.3, 7108.2], [4769.2, 7112.6], [4763.5, 7115.3], [4758.3, 7118.4], [4754.2, 7118.4], [4753.7, 7118.5], [4752.0, 7128.6], [4749.9, 7138.3], [4743.6, 7141.0], [4735.3, 7141.4], [4728.5, 7141.9], [4726.2, 7142.2], [4719.4, 7144.4], [4714.0, 7146.7], [4696.6, 7147.8], [4697.4, 7151.9], [4695.8, 7152.7], [4690.3, 7154.6], [4684.0, 7156.5], [4677.1, 7157.7], [4674.9, 7154.2]]]}}, {"type": "Feature", "properties": {"OBJECTID": 232, "id": 51, "name": "Basilisk Isles", "continent": "Sothoryos", "S2": null, "Shape__Area": 4232967636.6132812, "Shape__Length": 334286.7903064388}, "geometry": {"type": "Polygon", "coordinates": [[[4569.7, 7115.7], [4566.1, 7116.8], [4561.5, 7118.9], [4559.3, 7119.9], [4553.5, 7122.1], [4544.1, 7123.4], [4538.0, 7124.4], [4535.3, 7124.8], [4532.8, 7124.8], [4529.0, 7124.8], [4525.0, 7121.9], [4524.8, 7121.7], [4523.2, 7118.6], [4523.2, 7115.9], [4524.9, 7113.6], [4526.2, 7112.3], [4528.5, 7103.9], [4535.3, 7101.7], [4547.3, 7101.7], [4557.2, 7102.1], [4564.4, 7101.6], [4569.7, 7101.2], [4572.5, 7100.7], [4581.7, 7099.0], [4587.5, 7096.8], [4595.7, 7097.2], [4596.9, 7097.2], [4598.7, 7096.8], [4605.8, 7095.4], [4610.0, 7099.0], [4608.9, 7107.0], [4598.5, 7107.9], [4590.2, 7109.1], [4584.9, 7111.4], [4575.0, 7114.1], [4569.7, 7115.3], [4569.7, 7115.7]]]}}, {"type": "Feature", "properties": {"OBJECTID": 233, "id": 51, "name": "Basilisk Isles", "continent": "Sothyrios", "S2": null, "Shape__Area": 8124645255.854492, "Shape__Length": 609404.3397606788}, "geometry": {"type": "Polygon", "coordinates": [[[4664.5, 6991.7], [4657.0, 6990.8], [4654.9, 6988.1], [4655.4, 6986.1], [4655.4, 6986.0], [4655.4, 6985.8], [4655.7, 6985.8], [4660.9, 6983.5], [4668.9, 6980.7], [4674.6, 6979.1], [4683.7, 6980.3], [4687.2, 6982.4], [4694.6, 6982.6], [4708.2, 6983.1], [4711.3, 6986.7], [4717.9, 6987.9], [4720.6, 6988.4], [4721.2, 6988.5], [4727.5, 6989.0], [4729.6, 6994.4], [4729.6, 7003.4], [4730.7, 7005.1], [4733.6, 7005.7], [4737.7, 7008.0], [4740.2, 7009.4], [4741.3, 7013.0], [4746.3, 7016.1], [4748.9, 7017.2], [4754.7, 7019.6], [4759.4, 7024.6], [4759.4, 7028.6], [4752.0, 7030.9], [4748.4, 7031.3], [4743.2, 7035.4], [4736.9, 7039.4], [4731.7, 7039.4], [4728.5, 7041.7], [4728.2, 7042.8], [4727.0, 7046.6], [4728.9, 7047.7], [4728.4, 7048.2], [4735.3, 7050.7], [4735.3, 7054.2], [4734.8, 7056.9], [4733.2, 7060.1], [4733.2, 7064.5], [4729.6, 7067.2], [4721.7, 7067.2], [4716.5, 7065.4], [4714.4, 7060.1], [4714.5, 7059.5], [4714.1, 7059.5], [4713.7, 7056.0], [4713.4, 7053.2], [4713.0, 7051.1], [4714.4, 7046.6], [4717.6, 7038.6], [4721.8, 7034.1], [4725.9, 7031.8], [4730.6, 7029.6], [4729.1, 7025.5], [4725.9, 7023.3], [4725.6, 7023.0], [4722.8, 7020.6], [4718.6, 7017.4], [4712.9, 7014.7], [4707.7, 7012.5], [4701.9, 7006.2], [4701.9, 7003.8], [4698.7, 7001.6], [4698.3, 7001.6], [4697.5, 7000.4], [4695.0, 6998.4], [4682.1, 6998.0], [4680.4, 6997.4], [4677.8, 6997.9], [4674.3, 6996.9], [4669.3, 6995.3], [4665.2, 6993.7], [4664.5, 6991.7]]]}}, {"type": "Feature", "properties": {"OBJECTID": 234, "id": 51, "name": "Basilisk Isles", "continent": "Sothyrios", "S2": null, "Shape__Area": 678788548.8505859, "Shape__Length": 129695.7857894766}, "geometry": {"type": "Polygon", "coordinates": [[[4689.2, 7035.7], [4691.1, 7032.1], [4687.9, 7031.7], [4687.4, 7031.4], [4686.5, 7030.9], [4684.0, 7029.5], [4680.4, 7027.3], [4681.5, 7025.4], [4687.4, 7024.0], [4691.2, 7025.0], [4692.7, 7025.4], [4694.8, 7026.0], [4698.8, 7027.1], [4698.6, 7031.9], [4699.7, 7033.2], [4699.9, 7036.4], [4698.8, 7039.1], [4695.8, 7043.0], [4692.4, 7048.1], [4691.5, 7045.2], [4687.6, 7038.9], [4689.2, 7035.7]]]}}, {"type": "Feature", "properties": {"OBJECTID": 236, "id": 51, "name": "Basilisk Isles", "continent": "Sothyrios", "S2": null, "Shape__Area": 1254049425.699707, "Shape__Length": 201663.56040652806}, "geometry": {"type": "Polygon", "coordinates": [[[4834.9, 7017.4], [4835.3, 7014.5], [4834.7, 7008.4], [4835.2, 7007.7], [4834.6, 7006.2], [4836.1, 6997.9], [4836.7, 6991.1], [4832.3, 6982.9], [4833.2, 6979.2], [4837.6, 6978.3], [4839.8, 6976.2], [4843.0, 6976.0], [4844.4, 6975.9], [4847.1, 6975.7], [4846.6, 6982.1], [4844.5, 6985.7], [4842.4, 6991.1], [4842.7, 6993.0], [4843.1, 6995.0], [4843.5, 6997.0], [4843.4, 6997.1], [4845.0, 6999.7], [4844.5, 7016.0], [4840.8, 7021.4], [4835.5, 7019.8], [4834.9, 7017.4]]]}}, {"type": "Feature", "properties": {"OBJECTID": 237, "id": 51, "name": "Basilisk Isles", "continent": "Sothyrios", "S2": null, "Shape__Area": 13470833705.634766, "Shape__Length": 814011.1260001771}, "geometry": {"type": "Polygon", "coordinates": [[[4862.7, 7097.4], [4861.9, 7097.5], [4858.0, 7101.4], [4851.8, 7107.7], [4849.7, 7115.7], [4849.2, 7121.4], [4847.6, 7123.2], [4842.9, 7122.8], [4839.8, 7117.9], [4839.4, 7114.7], [4835.9, 7112.0], [4834.8, 7108.3], [4834.1, 7103.4], [4834.0, 7101.8], [4834.0, 7100.6], [4833.7, 7099.7], [4832.5, 7095.7], [4823.1, 7093.5], [4817.8, 7092.1], [4811.0, 7089.9], [4806.3, 7087.2], [4800.6, 7084.1], [4796.4, 7079.7], [4793.3, 7069.8], [4794.9, 7064.5], [4800.1, 7064.5], [4810.5, 7066.7], [4815.8, 7068.9], [4824.6, 7068.5], [4829.9, 7068.5], [4832.5, 7068.9], [4837.0, 7070.5], [4837.0, 7068.9], [4837.2, 7068.9], [4837.0, 7068.3], [4836.8, 7067.2], [4835.6, 7061.3], [4831.4, 7056.8], [4828.3, 7053.7], [4824.6, 7051.0], [4821.5, 7047.0], [4821.2, 7046.0], [4819.9, 7042.1], [4822.6, 7038.0], [4830.4, 7037.6], [4836.1, 7037.6], [4839.3, 7042.5], [4842.9, 7046.1], [4845.2, 7047.6], [4847.1, 7048.8], [4851.3, 7043.8], [4852.8, 7036.2], [4855.5, 7028.1], [4855.5, 7020.4], [4854.9, 7019.9], [4855.5, 7008.3], [4856.0, 7001.0], [4856.5, 6993.4], [4856.5, 6987.9], [4862.3, 6988.8], [4869.6, 6998.8], [4872.2, 7006.0], [4872.2, 7015.9], [4868.0, 7026.7], [4863.9, 7033.3], [4863.9, 7035.7], [4863.3, 7036.3], [4863.3, 7043.8], [4863.3, 7048.8], [4864.9, 7051.4], [4865.7, 7051.2], [4870.6, 7050.1], [4874.7, 7045.6], [4876.3, 7043.8], [4879.5, 7041.6], [4883.1, 7043.4], [4883.7, 7050.5], [4881.6, 7056.8], [4877.9, 7063.5], [4875.8, 7071.1], [4875.8, 7076.0], [4873.2, 7080.5], [4869.0, 7087.2], [4869.0, 7092.1], [4867.1, 7095.0], [4862.7, 7097.4]]]}}, {"type": "Feature", "properties": {"OBJECTID": 238, "id": null, "name": "Mermaid's Palace", "continent": null, "S2": null, "Shape__Area": 376882474.22265625, "Shape__Length": 79926.21970875065}, "geometry": {"type": "Polygon", "coordinates": [[[810.0, 5586.9], [812.4, 5587.2], [813.7, 5589.8], [814.2, 5591.6], [814.2, 5593.2], [815.0, 5595.5], [816.0, 5599.1], [816.0, 5601.5], [815.5, 5604.6], [811.8, 5605.4], [809.7, 5604.1], [808.4, 5599.9], [806.3, 5597.6], [803.5, 5596.0], [804.0, 5592.6], [806.6, 5590.0], [810.0, 5586.9]]]}}, {"type": "Feature", "properties": {"OBJECTID": 239, "id": null, "name": "Isle of Pigs", "continent": null, "S2": null, "Shape__Area": 241219119.640625, "Shape__Length": 57079.81034052609}, "geometry": {"type": "Polygon", "coordinates": [[[925.4, 5677.8], [928.0, 5675.7], [931.9, 5674.1], [933.5, 5674.4], [934.5, 5675.2], [936.4, 5676.2], [936.9, 5677.8], [936.9, 5680.1], [935.3, 5681.9], [932.4, 5683.7], [931.1, 5684.5], [927.5, 5684.5], [925.4, 5682.4], [925.4, 5677.8]]]}}, {"type": "Feature", "properties": {"OBJECTID": 240, "id": 35, "name": " ", "continent": "Essos", "S2": null, "Shape__Area": 10620798913.363281, "Shape__Length": 607224.5669462696}, "geometry": {"type": "Polygon", "coordinates": [[[2974.0, 5662.3], [2973.5, 5663.1], [2972.3, 5664.8], [2971.8, 5667.6], [2968.8, 5671.1], [2965.3, 5674.4], [2961.4, 5677.4], [2957.9, 5679.4], [2953.8, 5681.2], [2950.5, 5682.3], [2948.0, 5683.8], [2945.6, 5686.0], [2942.9, 5687.3], [2941.2, 5688.0], [2935.4, 5690.8], [2933.7, 5693.1], [2932.3, 5695.0], [2925.6, 5697.8], [2919.9, 5700.2], [2918.4, 5701.3], [2911.5, 5705.5], [2908.7, 5707.8], [2908.4, 5708.1], [2906.5, 5708.8], [2901.3, 5709.7], [2899.9, 5709.9], [2899.6, 5710.2], [2896.1, 5713.4], [2893.2, 5717.1], [2887.4, 5714.2], [2886.9, 5712.1], [2886.3, 5709.8], [2884.8, 5705.4], [2884.1, 5699.3], [2884.3, 5695.4], [2885.4, 5685.5], [2884.1, 5679.6], [2882.8, 5676.0], [2881.7, 5670.4], [2882.5, 5663.6], [2885.6, 5657.9], [2886.7, 5656.3], [2889.0, 5654.7], [2891.5, 5653.1], [2893.2, 5653.1], [2898.6, 5654.6], [2901.0, 5657.5], [2902.7, 5659.0], [2903.4, 5659.6], [2904.8, 5660.3], [2906.4, 5661.2], [2910.3, 5662.3], [2912.5, 5664.7], [2912.9, 5665.5], [2915.8, 5667.3], [2924.5, 5669.8], [2930.3, 5669.5], [2935.3, 5668.7], [2939.0, 5667.4], [2944.0, 5665.4], [2948.6, 5662.3], [2951.7, 5661.5], [2954.4, 5658.2], [2957.9, 5655.3], [2961.6, 5652.7], [2962.7, 5648.1], [2961.2, 5642.6], [2960.9, 5637.8], [2961.4, 5632.0], [2960.1, 5621.7], [2963.3, 5616.9], [2966.6, 5612.1], [2970.7, 5607.1], [2975.9, 5604.2], [2980.1, 5605.8], [2982.0, 5614.9], [2981.8, 5616.6], [2983.8, 5623.0], [2985.3, 5628.3], [2984.6, 5635.7], [2983.6, 5642.0], [2982.2, 5647.9], [2980.5, 5651.9], [2976.5, 5658.6], [2974.8, 5661.4], [2974.0, 5662.3]]]}}, {"type": "Feature", "properties": {"OBJECTID": 241, "id": 35, "name": " ", "continent": "Essos", "S2": null, "Shape__Area": 389375307.3408203, "Shape__Length": 135979.59839928756}, "geometry": {"type": "Polygon", "coordinates": [[[2949.5, 5695.5], [2953.4, 5698.9], [2945.7, 5711.6], [2944.7, 5717.0], [2938.5, 5721.8], [2932.7, 5727.2], [2928.9, 5726.2], [2935.1, 5722.3], [2939.0, 5715.0], [2940.9, 5709.6], [2945.2, 5705.7], [2949.5, 5695.5]]]}}, {"type": "Feature", "properties": {"OBJECTID": 242, "id": 35, "name": " ", "continent": "Essos", "S2": null, "Shape__Area": 826270646.9038086, "Shape__Length": 120689.9977714436}, "geometry": {"type": "Polygon", "coordinates": [[[2915.6, 5634.1], [2919.0, 5633.8], [2925.3, 5633.3], [2929.3, 5635.0], [2931.4, 5638.5], [2929.2, 5642.2], [2925.5, 5644.2], [2922.0, 5644.2], [2917.8, 5644.9], [2915.7, 5647.2], [2915.0, 5647.2], [2914.5, 5649.3], [2910.6, 5650.0], [2906.4, 5648.4], [2901.8, 5644.3], [2901.7, 5640.6], [2904.1, 5638.2], [2908.3, 5636.8], [2913.2, 5634.7], [2913.4, 5634.6], [2915.6, 5634.1]]]}}, {"type": "Feature", "properties": {"OBJECTID": 243, "id": 35, "name": " ", "continent": "Essos", "S2": null, "Shape__Area": 87495221.6640625, "Shape__Length": 47241.55159850189}, "geometry": {"type": "Polygon", "coordinates": [[[2936.0, 5714.3], [2932.4, 5716.3], [2930.0, 5719.7], [2923.5, 5719.0], [2929.3, 5714.1], [2936.0, 5714.3]]]}}, {"type": "Feature", "properties": {"OBJECTID": 244, "id": null, "name": null, "continent": null, "S2": null, "Shape__Area": 431972642.7949219, "Shape__Length": 85195.60216057951}, "geometry": {"type": "Polygon", "coordinates": [[[2478.4, 2394.3], [2482.4, 2395.3], [2484.8, 2399.7], [2487.6, 2406.1], [2486.8, 2411.9], [2480.4, 2409.5], [2476.4, 2404.8], [2474.8, 2398.7], [2478.4, 2394.3]]]}}, {"type": "Feature", "properties": {"OBJECTID": 245, "id": 41, "name": " ", "continent": "Essos", "S2": null, "Shape__Area": 932808049.1845703, "Shape__Length": 151938.24073447598}, "geometry": {"type": "Polygon", "coordinates": [[[3426.1, 3779.5], [3430.8, 3781.6], [3433.8, 3788.4], [3438.4, 3793.2], [3438.3, 3793.3], [3438.8, 3793.6], [3440.0, 3798.6], [3439.0, 3813.4], [3430.3, 3815.0], [3428.5, 3814.8], [3426.8, 3808.5], [3429.2, 3800.5], [3430.3, 3794.5], [3425.8, 3789.3], [3420.9, 3784.2], [3422.2, 3781.1], [3426.1, 3779.5]]]}}, {"type": "Feature", "properties": {"OBJECTID": 246, "id": 41, "name": " ", "continent": "Essos", "S2": null, "Shape__Area": 10182184291.859863, "Shape__Length": 567943.7130739068}, "geometry": {"type": "Polygon", "coordinates": [[[3333.5, 3819.9], [3340.3, 3826.8], [3350.5, 3827.9], [3357.0, 3828.3], [3366.3, 3829.7], [3378.0, 3835.9], [3378.1, 3835.9], [3388.1, 3835.9], [3393.1, 3832.8], [3393.3, 3828.7], [3385.4, 3821.3], [3378.3, 3815.4], [3378.7, 3810.2], [3383.6, 3807.2], [3383.8, 3807.3], [3383.8, 3807.2], [3392.3, 3807.0], [3401.1, 3809.4], [3403.5, 3811.1], [3408.3, 3816.8], [3408.6, 3818.9], [3412.2, 3823.2], [3417.1, 3833.3], [3418.5, 3837.6], [3421.4, 3843.1], [3425.8, 3849.7], [3427.9, 3856.2], [3429.9, 3871.8], [3425.6, 3874.8], [3417.5, 3876.5], [3413.1, 3874.9], [3409.7, 3875.2], [3403.6, 3870.9], [3396.8, 3870.9], [3392.4, 3868.9], [3386.1, 3866.4], [3378.7, 3864.4], [3370.8, 3860.3], [3365.7, 3856.6], [3356.0, 3852.7], [3333.3, 3842.6], [3317.4, 3837.3], [3314.6, 3834.2], [3312.6, 3834.0], [3310.7, 3828.4], [3324.3, 3818.7], [3333.5, 3819.9]]]}}, {"type": "Feature", "properties": {"OBJECTID": 247, "id": 41, "name": " ", "continent": "Essos", "S2": null, "Shape__Area": 367913209.16259766, "Shape__Length": 79593.84706477635}, "geometry": {"type": "Polygon", "coordinates": [[[3340.9, 3804.7], [3348.3, 3805.5], [3353.7, 3807.5], [3358.6, 3812.3], [3357.2, 3817.8], [3347.7, 3815.3], [3344.0, 3813.1], [3341.6, 3807.7], [3340.9, 3804.7]]]}}, {"type": "Feature", "properties": {"OBJECTID": 248, "id": null, "name": null, "continent": null, "S2": null, "Shape__Area": 551972431.503418, "Shape__Length": 102098.64160603596}, "geometry": {"type": "Polygon", "coordinates": [[[4814.1, 7195.0], [4819.9, 7193.7], [4824.6, 7195.4], [4825.1, 7198.9], [4824.1, 7201.5], [4819.9, 7202.9], [4815.2, 7206.8], [4812.0, 7212.0], [4807.3, 7211.6], [4807.3, 7205.9], [4810.0, 7201.1], [4814.1, 7195.0]]]}}, {"type": "Feature", "properties": {"OBJECTID": 249, "id": null, "name": null, "continent": null, "S2": null, "Shape__Area": 666405751.0429688, "Shape__Length": 99351.6066628372}, "geometry": {"type": "Polygon", "coordinates": [[[7266.2, 6706.1], [7269.3, 6706.3], [7271.5, 6706.8], [7272.7, 6709.4], [7272.2, 6713.3], [7270.0, 6716.7], [7267.8, 6719.1], [7266.5, 6722.5], [7262.8, 6725.6], [7257.5, 6724.7], [7255.3, 6721.5], [7255.9, 6715.7], [7257.5, 6712.2], [7261.9, 6707.5], [7266.2, 6706.1]]]}}, {"type": "Feature", "properties": {"OBJECTID": 250, "id": null, "name": null, "continent": null, "S2": null, "Shape__Area": 1179036430.6328125, "Shape__Length": 146747.85763867642}, "geometry": {"type": "Polygon", "coordinates": [[[7233.4, 6736.6], [7233.2, 6735.0], [7233.6, 6733.8], [7234.0, 6730.8], [7237.4, 6727.6], [7241.1, 6725.4], [7242.2, 6725.3], [7244.3, 6725.7], [7245.9, 6726.7], [7247.1, 6731.0], [7247.1, 6732.3], [7246.1, 6735.2], [7247.1, 6741.1], [7248.9, 6744.8], [7249.3, 6745.5], [7248.9, 6748.9], [7248.5, 6752.1], [7246.2, 6754.6], [7244.3, 6756.9], [7242.3, 6758.4], [7242.2, 6758.4], [7239.7, 6758.6], [7236.1, 6757.9], [7235.3, 6756.3], [7234.4, 6754.6], [7234.7, 6752.1], [7234.7, 6752.0], [7235.5, 6747.4], [7234.0, 6743.3], [7233.7, 6742.7], [7233.4, 6736.6]]]}}, {"type": "Feature", "properties": {"OBJECTID": 251, "id": null, "name": null, "continent": null, "S2": null, "Shape__Area": 390132320.3276367, "Shape__Length": 75002.506236018}, "geometry": {"type": "Polygon", "coordinates": [[[7228.2, 6766.4], [7232.0, 6764.1], [7233.3, 6764.0], [7235.9, 6764.1], [7238.5, 6765.7], [7240.0, 6768.0], [7240.6, 6770.4], [7240.5, 6771.1], [7237.4, 6775.3], [7237.3, 6775.5], [7235.6, 6778.2], [7232.7, 6779.3], [7231.5, 6778.0], [7229.9, 6775.0], [7228.6, 6772.5], [7228.2, 6766.4]]]}}, {"type": "Feature", "properties": {"OBJECTID": 252, "id": null, "name": null, "continent": null, "S2": null, "Shape__Area": 4037455020.254883, "Shape__Length": 263912.47877781803}, "geometry": {"type": "Polygon", "coordinates": [[[8836.9, 6631.3], [8842.8, 6635.7], [8846.8, 6639.7], [8849.5, 6642.1], [8853.1, 6646.1], [8855.1, 6650.3], [8854.8, 6655.4], [8853.4, 6660.4], [8851.4, 6663.6], [8849.2, 6667.4], [8845.4, 6672.0], [8841.1, 6675.7], [8837.3, 6677.3], [8833.5, 6678.5], [8825.8, 6679.4], [8822.5, 6678.7], [8819.7, 6676.7], [8819.9, 6671.9], [8820.6, 6668.1], [8821.9, 6664.7], [8823.9, 6659.6], [8824.0, 6656.0], [8823.7, 6652.8], [8822.7, 6648.4], [8819.9, 6643.6], [8817.0, 6639.7], [8812.5, 6634.8], [8813.4, 6631.1], [8818.7, 6627.9], [8828.8, 6628.8], [8836.9, 6631.3]]]}}, {"type": "Feature", "properties": {"OBJECTID": 253, "id": 38, "name": " ", "continent": "Essos", "S2": null, "Shape__Area": 587295611.3664551, "Shape__Length": 100130.40717670518}, "geometry": {"type": "Polygon", "coordinates": [[[4070.3, 5684.6], [4070.7, 5682.6], [4070.8, 5680.6], [4073.9, 5676.7], [4076.3, 5675.7], [4081.0, 5673.1], [4085.5, 5671.3], [4089.0, 5670.5], [4089.2, 5670.8], [4089.6, 5670.5], [4094.2, 5672.7], [4094.3, 5673.1], [4094.1, 5673.6], [4092.7, 5677.6], [4089.8, 5680.2], [4084.5, 5684.2], [4072.4, 5685.8], [4070.4, 5684.6], [4070.3, 5684.6]]]}}, {"type": "Feature", "properties": {"OBJECTID": 254, "id": 38, "name": " ", "continent": "Essos", "S2": null, "Shape__Area": 5792654389.753906, "Shape__Length": 356237.2325238515}, "geometry": {"type": "Polygon", "coordinates": [[[4149.9, 5744.2], [4146.4, 5744.8], [4142.2, 5745.5], [4140.6, 5746.5], [4140.4, 5746.5], [4138.0, 5747.4], [4130.6, 5748.2], [4118.6, 5750.5], [4108.8, 5754.7], [4099.8, 5755.3], [4099.6, 5755.5], [4093.0, 5757.0], [4089.7, 5753.9], [4090.0, 5749.7], [4095.1, 5741.7], [4105.4, 5736.1], [4113.6, 5730.7], [4116.2, 5723.9], [4115.7, 5721.5], [4114.1, 5719.1], [4112.1, 5718.0], [4110.6, 5716.2], [4109.9, 5706.7], [4112.3, 5702.0], [4120.5, 5694.6], [4129.3, 5694.6], [4132.7, 5702.5], [4144.1, 5716.9], [4149.4, 5722.4], [4157.6, 5726.4], [4160.2, 5733.6], [4160.3, 5736.7], [4159.0, 5740.4], [4153.1, 5743.7], [4149.9, 5744.2]]]}}, {"type": "Feature", "properties": {"OBJECTID": 255, "id": null, "name": null, "continent": null, "S2": null, "Shape__Area": 2403836919.1625977, "Shape__Length": 197593.6670910859}, "geometry": {"type": "Polygon", "coordinates": [[[6637.4, 2751.1], [6643.7, 2751.7], [6647.6, 2752.9], [6650.5, 2754.1], [6653.2, 2757.7], [6655.2, 2762.2], [6656.1, 2766.8], [6654.6, 2772.6], [6652.3, 2774.8], [6644.6, 2776.3], [6639.9, 2774.9], [6634.3, 2771.4], [6628.6, 2770.0], [6619.6, 2769.2], [6612.0, 2767.6], [6609.0, 2765.8], [6609.1, 2762.0], [6610.6, 2758.6], [6613.6, 2757.0], [6618.7, 2754.9], [6623.7, 2753.7], [6630.5, 2751.9], [6637.4, 2751.1]]]}}, {"type": "Feature", "properties": {"OBJECTID": 256, "id": null, "name": null, "continent": null, "S2": null, "Shape__Area": 504202644.1624756, "Shape__Length": 102307.56890564659}, "geometry": {"type": "Polygon", "coordinates": [[[6494.3, 3306.1], [6493.7, 3305.0], [6493.7, 3303.5], [6493.7, 3303.5], [6493.8, 3302.4], [6494.0, 3302.2], [6494.9, 3300.8], [6496.0, 3300.1], [6497.6, 3299.5], [6498.9, 3299.5], [6499.6, 3300.0], [6500.0, 3300.5], [6500.2, 3300.8], [6500.9, 3301.6], [6502.6, 3302.7], [6506.6, 3303.8], [6506.6, 3303.8], [6507.8, 3304.2], [6509.0, 3305.2], [6510.2, 3306.3], [6510.4, 3306.9], [6510.4, 3308.1], [6510.6, 3309.5], [6510.3, 3310.4], [6510.1, 3311.9], [6510.1, 3314.4], [6510.1, 3318.9], [6509.8, 3319.6], [6509.7, 3320.0], [6509.5, 3320.4], [6508.8, 3320.6], [6507.8, 3320.7], [6507.2, 3320.2], [6506.7, 3319.4], [6506.6, 3319.1], [6505.9, 3317.9], [6505.4, 3316.6], [6504.9, 3315.4], [6504.3, 3313.9], [6502.8, 3312.0], [6500.8, 3310.7], [6499.2, 3310.0], [6497.0, 3309.7], [6496.9, 3309.7], [6495.5, 3309.3], [6495.1, 3309.0], [6494.7, 3308.2], [6494.7, 3308.0], [6494.3, 3306.1]]]}}, {"type": "Feature", "properties": {"OBJECTID": 257, "id": null, "name": null, "continent": null, "S2": null, "Shape__Area": 640167454.3395996, "Shape__Length": 97229.87905984862}, "geometry": {"type": "Polygon", "coordinates": [[[6414.4, 3441.8], [6408.6, 3441.4], [6402.3, 3439.8], [6400.5, 3439.0], [6399.3, 3438.2], [6399.2, 3437.1], [6398.0, 3434.6], [6398.2, 3433.7], [6398.4, 3432.9], [6399.0, 3430.5], [6400.4, 3428.8], [6402.2, 3428.2], [6405.0, 3426.9], [6405.6, 3426.9], [6407.5, 3426.8], [6412.7, 3429.8], [6416.9, 3433.4], [6419.1, 3436.1], [6420.1, 3437.1], [6420.3, 3438.4], [6420.2, 3439.5], [6419.4, 3441.0], [6418.1, 3441.1], [6418.0, 3441.2], [6417.3, 3441.4], [6416.7, 3441.8], [6414.4, 3441.8]]]}}, {"type": "Feature", "properties": {"OBJECTID": 258, "id": null, "name": null, "continent": null, "S2": null, "Shape__Area": 270575504.3491211, "Shape__Length": 62334.77940828627}, "geometry": {"type": "Polygon", "coordinates": [[[6586.9, 3415.6], [6589.7, 3416.6], [6589.3, 3420.0], [6589.3, 3423.0], [6587.6, 3427.3], [6583.8, 3428.6], [6580.3, 3427.6], [6579.6, 3424.0], [6580.7, 3419.3], [6582.8, 3417.0], [6586.9, 3415.6]]]}}, {"type": "Feature", "properties": {"OBJECTID": 259, "id": null, "name": null, "continent": null, "S2": null, "Shape__Area": 218699346.98632812, "Shape__Length": 56541.632673047745}, "geometry": {"type": "Polygon", "coordinates": [[[6603.4, 3239.2], [6604.7, 3238.2], [6604.9, 3238.1], [6607.1, 3238.1], [6607.6, 3238.1], [6608.5, 3238.7], [6609.2, 3240.1], [6609.2, 3244.3], [6608.8, 3248.2], [6606.9, 3250.3], [6605.3, 3250.9], [6603.8, 3250.2], [6602.6, 3249.1], [6601.5, 3246.3], [6601.9, 3242.4], [6603.4, 3239.2]]]}}, {"type": "Feature", "properties": {"OBJECTID": 260, "id": null, "name": null, "continent": null, "S2": null, "Shape__Area": 635821199.9138184, "Shape__Length": 107118.12827383625}, "geometry": {"type": "Polygon", "coordinates": [[[6697.5, 3201.0], [6696.7, 3200.0], [6696.4, 3197.2], [6697.5, 3194.0], [6699.2, 3192.0], [6699.2, 3187.8], [6699.2, 3182.2], [6701.1, 3179.0], [6702.1, 3178.8], [6705.8, 3179.6], [6707.5, 3180.9], [6710.0, 3182.9], [6713.4, 3184.5], [6714.1, 3187.8], [6713.4, 3190.4], [6710.3, 3192.0], [6706.1, 3194.9], [6703.4, 3198.5], [6700.6, 3201.1], [6699.2, 3201.6], [6697.5, 3201.0]]]}}, {"type": "Feature", "properties": {"OBJECTID": 261, "id": null, "name": null, "continent": null, "S2": null, "Shape__Area": 113616844.98828125, "Shape__Length": 39606.154311490915}, "geometry": {"type": "Polygon", "coordinates": [[[6707.3, 3148.5], [6707.9, 3144.9], [6709.7, 3142.9], [6710.6, 3142.9], [6711.4, 3143.3], [6713.1, 3143.6], [6714.1, 3145.5], [6713.2, 3149.8], [6712.6, 3150.4], [6709.3, 3150.4], [6707.7, 3149.7], [6707.3, 3148.5]]]}}, {"type": "Feature", "properties": {"OBJECTID": 262, "id": null, "name": null, "continent": null, "S2": null, "Shape__Area": 348992670.609375, "Shape__Length": 71176.69847866094}, "geometry": {"type": "Polygon", "coordinates": [[[7072.5, 3412.7], [7073.3, 3409.9], [7076.0, 3405.4], [7077.1, 3404.8], [7080.3, 3404.3], [7081.0, 3404.6], [7082.4, 3407.0], [7082.9, 3411.2], [7083.2, 3415.5], [7082.4, 3419.0], [7082.0, 3419.5], [7081.0, 3420.4], [7080.3, 3420.6], [7079.5, 3420.5], [7077.5, 3419.6], [7074.1, 3416.6], [7072.6, 3413.3], [7072.5, 3412.7]]]}}, {"type": "Feature", "properties": {"OBJECTID": 263, "id": null, "name": null, "continent": null, "S2": null, "Shape__Area": 876902484.3015137, "Shape__Length": 126372.0810817776}, "geometry": {"type": "Polygon", "coordinates": [[[6807.5, 3462.6], [6814.4, 3460.1], [6815.3, 3460.0], [6821.6, 3460.0], [6830.5, 3462.1], [6832.6, 3462.3], [6835.7, 3463.2], [6836.1, 3463.7], [6836.3, 3466.0], [6836.2, 3466.3], [6834.5, 3467.7], [6831.8, 3469.8], [6829.4, 3472.8], [6828.3, 3473.1], [6824.9, 3472.6], [6819.8, 3471.9], [6814.7, 3471.9], [6805.7, 3471.4], [6805.1, 3471.1], [6803.4, 3469.5], [6803.1, 3468.5], [6804.6, 3464.8], [6805.2, 3463.9], [6807.5, 3462.6]]]}}, {"type": "Feature", "properties": {"OBJECTID": 264, "id": null, "name": null, "continent": null, "S2": null, "Shape__Area": 100179551.75097656, "Shape__Length": 36279.770490869014}, "geometry": {"type": "Polygon", "coordinates": [[[6849.2, 3467.5], [6848.5, 3467.2], [6847.5, 3465.2], [6847.4, 3464.6], [6848.2, 3461.8], [6849.0, 3461.2], [6851.5, 3460.8], [6852.1, 3460.9], [6853.5, 3461.9], [6853.9, 3462.6], [6854.5, 3465.1], [6854.3, 3465.6], [6852.7, 3467.0], [6851.9, 3467.5], [6849.2, 3467.5]]]}}, {"type": "Feature", "properties": {"OBJECTID": 265, "id": null, "name": null, "continent": null, "S2": null, "Shape__Area": 178351690.5830078, "Shape__Length": 50538.01711456621}, "geometry": {"type": "Polygon", "coordinates": [[[7041.2, 3437.4], [7037.7, 3436.5], [7037.4, 3436.3], [7036.7, 3434.8], [7036.7, 3434.4], [7037.3, 3432.5], [7037.7, 3432.2], [7041.3, 3430.6], [7042.0, 3430.6], [7045.9, 3431.8], [7046.6, 3432.3], [7047.6, 3436.0], [7047.5, 3436.5], [7047.1, 3438.1], [7046.8, 3438.5], [7046.2, 3438.8], [7045.7, 3438.9], [7043.2, 3438.7], [7042.9, 3438.6], [7041.2, 3437.4]]]}}, {"type": "Feature", "properties": {"OBJECTID": 266, "id": null, "name": null, "continent": null, "S2": null, "Shape__Area": 317756844.94628906, "Shape__Length": 74147.73152232108}, "geometry": {"type": "Polygon", "coordinates": [[[6964.9, 3728.2], [6963.6, 3729.3], [6962.7, 3730.5], [6961.7, 3732.2], [6961.6, 3732.4], [6961.6, 3733.8], [6961.6, 3734.6], [6960.1, 3735.2], [6959.9, 3735.2], [6958.8, 3735.2], [6958.2, 3735.1], [6957.4, 3734.7], [6956.8, 3733.3], [6956.9, 3731.2], [6957.0, 3730.2], [6957.1, 3728.0], [6957.3, 3725.6], [6957.9, 3723.9], [6958.0, 3722.9], [6958.2, 3720.6], [6960.0, 3719.2], [6962.5, 3719.2], [6964.2, 3719.8], [6965.1, 3720.5], [6965.8, 3720.6], [6965.9, 3720.7], [6966.6, 3721.2], [6967.3, 3722.3], [6968.3, 3723.5], [6968.3, 3724.8], [6968.2, 3726.0], [6967.4, 3727.2], [6964.9, 3728.2]]]}}, {"type": "Feature", "properties": {"OBJECTID": 267, "id": null, "name": null, "continent": null, "S2": null, "Shape__Area": 296868879.29907227, "Shape__Length": 79409.17853245727}, "geometry": {"type": "Polygon", "coordinates": [[[6985.8, 3739.2], [6985.0, 3740.1], [6985.0, 3740.2], [6985.0, 3740.2], [6984.3, 3740.8], [6983.1, 3740.4], [6983.0, 3739.1], [6983.1, 3738.6], [6983.1, 3737.7], [6983.5, 3736.0], [6984.4, 3733.7], [6985.1, 3732.0], [6985.1, 3732.0], [6985.8, 3730.1], [6987.4, 3728.5], [6989.8, 3727.3], [6991.8, 3726.3], [6994.1, 3725.8], [6994.4, 3725.8], [6995.4, 3725.8], [6998.4, 3726.7], [6998.9, 3727.6], [6998.6, 3730.2], [6996.5, 3732.3], [6994.5, 3734.0], [6993.3, 3734.1], [6993.3, 3734.2], [6991.3, 3734.2], [6989.7, 3734.5], [6988.6, 3735.2], [6988.5, 3735.3], [6987.8, 3735.5], [6986.9, 3737.3], [6986.2, 3738.7], [6986.0, 3739.1], [6985.8, 3739.2]]]}}, {"type": "Feature", "properties": {"OBJECTID": 268, "id": null, "name": null, "continent": null, "S2": null, "Shape__Area": 123370669.79077148, "Shape__Length": 41129.41969206625}, "geometry": {"type": "Polygon", "coordinates": [[[6977.3, 3702.3], [6980.3, 3703.8], [6981.2, 3704.9], [6982.4, 3707.5], [6982.2, 3708.1], [6980.4, 3709.9], [6979.7, 3710.1], [6977.9, 3709.4], [6974.8, 3708.1], [6974.0, 3706.8], [6973.8, 3704.8], [6974.0, 3703.9], [6975.7, 3702.6], [6977.3, 3702.3]]]}}, {"type": "Feature", "properties": {"OBJECTID": 269, "id": null, "name": null, "continent": null, "S2": null, "Shape__Area": 210637399.12646484, "Shape__Length": 59291.00865478372}, "geometry": {"type": "Polygon", "coordinates": [[[7316.7, 3901.1], [7319.3, 3904.1], [7317.6, 3907.4], [7316.7, 3913.3], [7311.2, 3915.0], [7310.0, 3909.9], [7310.8, 3905.3], [7316.7, 3901.1]]]}}, {"type": "Feature", "properties": {"OBJECTID": 270, "id": null, "name": null, "continent": null, "S2": null, "Shape__Area": 111169738.84985352, "Shape__Length": 40353.39157796215}, "geometry": {"type": "Polygon", "coordinates": [[[7330.7, 3866.3], [7332.8, 3867.6], [7333.2, 3869.2], [7332.8, 3873.8], [7329.0, 3875.1], [7326.0, 3873.0], [7328.1, 3868.4], [7330.7, 3866.3]]]}}, {"type": "Feature", "properties": {"OBJECTID": 271, "id": null, "name": null, "continent": null, "S2": null, "Shape__Area": 317285893.6933594, "Shape__Length": 78643.32408168443}, "geometry": {"type": "Polygon", "coordinates": [[[8168.6, 3736.1], [8171.7, 3733.1], [8172.5, 3725.0], [8172.5, 3724.0], [8174.6, 3721.5], [8177.4, 3722.3], [8179.0, 3723.6], [8178.2, 3728.7], [8178.2, 3737.7], [8177.7, 3738.6], [8173.1, 3739.6], [8169.5, 3738.6], [8168.6, 3736.1]]]}}, {"type": "Feature", "properties": {"OBJECTID": 272, "id": null, "name": null, "continent": null, "S2": null, "Shape__Area": 251429646.1069336, "Shape__Length": 67155.26535059995}, "geometry": {"type": "Polygon", "coordinates": [[[8153.1, 3811.3], [8155.9, 3811.5], [8157.2, 3812.5], [8157.2, 3815.0], [8155.9, 3817.6], [8153.4, 3820.9], [8152.1, 3823.4], [8148.0, 3825.9], [8145.5, 3825.2], [8145.2, 3820.4], [8148.0, 3817.8], [8153.1, 3811.3]]]}}, {"type": "Feature", "properties": {"OBJECTID": 273, "id": null, "name": null, "continent": null, "S2": null, "Shape__Area": 83981272.95019531, "Shape__Length": 35924.40970778984}, "geometry": {"type": "Polygon", "coordinates": [[[8137.3, 3811.0], [8138.3, 3813.8], [8137.0, 3815.6], [8133.7, 3815.8], [8130.7, 3815.6], [8130.4, 3813.5], [8130.9, 3811.5], [8137.3, 3811.0]]]}}, {"type": "Feature", "properties": {"OBJECTID": 274, "id": null, "name": null, "continent": null, "S2": null, "Shape__Area": 123486748.47558594, "Shape__Length": 42204.96081744253}, "geometry": {"type": "Polygon", "coordinates": [[[8135.3, 3821.4], [8136.8, 3824.2], [8136.5, 3825.4], [8134.5, 3826.7], [8131.7, 3827.5], [8128.4, 3826.7], [8126.8, 3824.7], [8127.8, 3822.1], [8130.9, 3821.4], [8135.3, 3821.4]]]}}, {"type": "Feature", "properties": {"OBJECTID": 275, "id": null, "name": null, "continent": null, "S2": null, "Shape__Area": 74212021.81884766, "Shape__Length": 32793.56979868993}, "geometry": {"type": "Polygon", "coordinates": [[[8066.3, 3846.5], [8069.1, 3846.0], [8069.9, 3846.7], [8069.6, 3849.3], [8069.6, 3851.8], [8067.1, 3852.6], [8065.0, 3851.8], [8064.0, 3849.8], [8066.3, 3846.5]]]}}, {"type": "Feature", "properties": {"OBJECTID": 276, "id": null, "name": null, "continent": null, "S2": null, "Shape__Area": 248944485.29101562, "Shape__Length": 65767.99335634167}, "geometry": {"type": "Polygon", "coordinates": [[[8073.2, 3893.6], [8075.7, 3894.4], [8076.2, 3897.7], [8075.7, 3898.7], [8072.7, 3901.3], [8069.6, 3902.5], [8064.5, 3901.8], [8060.9, 3901.5], [8059.9, 3898.7], [8064.2, 3896.2], [8069.8, 3894.9], [8073.2, 3893.6]]]}}, {"type": "Feature", "properties": {"OBJECTID": 277, "id": null, "name": null, "continent": null, "S2": null, "Shape__Area": 89122982.71484375, "Shape__Length": 37387.63458395701}, "geometry": {"type": "Polygon", "coordinates": [[[8033.3, 3899.8], [8031.5, 3900.8], [8029.2, 3900.8], [8026.4, 3900.0], [8025.9, 3898.2], [8025.4, 3896.0], [8026.7, 3893.9], [8029.5, 3894.9], [8033.3, 3899.8]]]}}, {"type": "Feature", "properties": {"OBJECTID": 278, "id": null, "name": null, "continent": null, "S2": null, "Shape__Area": 83981272.70166016, "Shape__Length": 34551.33850110551}, "geometry": {"type": "Polygon", "coordinates": [[[8057.3, 3884.3], [8058.1, 3887.8], [8056.3, 3889.8], [8053.5, 3890.1], [8051.5, 3888.6], [8052.5, 3884.0], [8057.3, 3884.3]]]}}, {"type": "Feature", "properties": {"OBJECTID": 281, "id": null, "name": null, "continent": null, "S2": null, "Shape__Area": 202097704.88427734, "Shape__Length": 63902.066052927956}, "geometry": {"type": "Polygon", "coordinates": [[[8200.0, 3792.6], [8204.1, 3793.0], [8206.9, 3796.3], [8203.2, 3797.5], [8198.7, 3797.5], [8193.0, 3799.1], [8189.7, 3797.1], [8190.9, 3794.3], [8193.4, 3792.6], [8200.0, 3792.6]]]}}, {"type": "Feature", "properties": {"OBJECTID": 282, "id": null, "name": null, "continent": null, "S2": null, "Shape__Area": 211380897.69580078, "Shape__Length": 58806.25847354474}, "geometry": {"type": "Polygon", "coordinates": [[[8227.1, 3799.1], [8228.8, 3796.0], [8232.7, 3794.9], [8233.2, 3795.4], [8235.7, 3797.5], [8235.3, 3799.9], [8231.6, 3803.2], [8228.7, 3806.4], [8224.2, 3805.6], [8224.2, 3800.7], [8227.1, 3799.1]]]}}, {"type": "Feature", "properties": {"OBJECTID": 283, "id": null, "name": null, "continent": null, "S2": null, "Shape__Area": 39887704.923828125, "Shape__Length": 25354.283343406853}, "geometry": {"type": "Polygon", "coordinates": [[[8259.9, 3783.6], [8262.8, 3783.2], [8263.2, 3785.3], [8260.7, 3787.7], [8257.5, 3786.1], [8259.9, 3783.6]]]}}, {"type": "Feature", "properties": {"OBJECTID": 284, "id": null, "name": null, "continent": null, "S2": null, "Shape__Area": 195892951.32763672, "Shape__Length": 55043.119451634484}, "geometry": {"type": "Polygon", "coordinates": [[[8364.7, 3771.0], [8364.7, 3774.6], [8363.4, 3776.3], [8362.2, 3777.9], [8356.8, 3779.9], [8353.2, 3779.1], [8353.6, 3775.1], [8357.7, 3771.4], [8364.7, 3771.0]]]}}, {"type": "Feature", "properties": {"OBJECTID": 285, "id": null, "name": null, "continent": null, "S2": null, "Shape__Area": 42768483.76855469, "Shape__Length": 27179.790295082796}, "geometry": {"type": "Polygon", "coordinates": [[[8376.6, 3769.8], [8377.8, 3771.8], [8375.7, 3773.8], [8373.7, 3775.4], [8372.0, 3774.6], [8373.3, 3771.8], [8376.6, 3769.8]]]}}, {"type": "Feature", "properties": {"OBJECTID": 286, "id": null, "name": null, "continent": null, "S2": null, "Shape__Area": 49638032.938964844, "Shape__Length": 28900.416614408896}, "geometry": {"type": "Polygon", "coordinates": [[[8338.0, 3775.9], [8338.8, 3778.3], [8337.1, 3779.5], [8335.5, 3782.0], [8333.9, 3779.9], [8333.4, 3777.1], [8338.0, 3775.9]]]}}, {"type": "Feature", "properties": {"OBJECTID": 287, "id": null, "name": null, "continent": null, "S2": null, "Shape__Area": 57837172.47363281, "Shape__Length": 29267.397644917568}, "geometry": {"type": "Polygon", "coordinates": [[[8322.4, 3771.8], [8323.6, 3774.3], [8322.4, 3776.7], [8320.7, 3777.9], [8318.7, 3777.1], [8319.1, 3773.9], [8319.5, 3771.8], [8322.4, 3771.8]]]}}, {"type": "Feature", "properties": {"OBJECTID": 288, "id": null, "name": null, "continent": null, "S2": null, "Shape__Area": 152681269.92822266, "Shape__Length": 50589.15362209309}, "geometry": {"type": "Polygon", "coordinates": [[[8312.1, 3777.5], [8312.9, 3781.2], [8311.7, 3783.2], [8308.8, 3784.0], [8305.9, 3783.2], [8303.5, 3781.6], [8300.6, 3780.8], [8301.8, 3778.3], [8306.3, 3777.5], [8312.1, 3777.5]]]}}, {"type": "Feature", "properties": {"OBJECTID": 289, "id": null, "name": null, "continent": null, "S2": null, "Shape__Area": 47200450.59375, "Shape__Length": 26045.002389595495}, "geometry": {"type": "Polygon", "coordinates": [[[8368.3, 3788.0], [8369.2, 3790.5], [8367.5, 3791.7], [8364.6, 3791.3], [8363.4, 3788.4], [8365.5, 3787.2], [8368.3, 3788.0]]]}}, {"type": "Feature", "properties": {"OBJECTID": 290, "id": null, "name": null, "continent": null, "S2": null, "Shape__Area": 78224221.26855469, "Shape__Length": 33305.004314888014}, "geometry": {"type": "Polygon", "coordinates": [[[8181.8, 3907.1], [8184.7, 3907.9], [8186.4, 3909.9], [8186.0, 3912.8], [8184.7, 3914.0], [8181.8, 3914.0], [8180.6, 3910.3], [8181.8, 3907.1]]]}}, {"type": "Feature", "properties": {"OBJECTID": 291, "id": null, "name": null, "continent": null, "S2": null, "Shape__Area": 115231147.44824219, "Shape__Length": 43357.6614218035}, "geometry": {"type": "Polygon", "coordinates": [[[8197.4, 3945.9], [8198.7, 3949.6], [8197.8, 3952.5], [8196.2, 3952.0], [8194.2, 3950.0], [8192.1, 3949.2], [8191.3, 3946.7], [8191.7, 3943.0], [8193.7, 3943.0], [8197.4, 3945.9]]]}}, {"type": "Feature", "properties": {"OBJECTID": 292, "id": null, "name": null, "continent": null, "S2": null, "Shape__Area": 85536966.8725586, "Shape__Length": 39265.00265815422}, "geometry": {"type": "Polygon", "coordinates": [[[8204.4, 3920.1], [8203.2, 3923.0], [8201.6, 3925.9], [8199.1, 3925.9], [8195.0, 3924.6], [8196.2, 3923.0], [8199.9, 3920.5], [8204.4, 3920.1]]]}}, {"type": "Feature", "properties": {"OBJECTID": 293, "id": null, "name": null, "continent": null, "S2": null, "Shape__Area": 102156844.12402344, "Shape__Length": 39498.42878683368}, "geometry": {"type": "Polygon", "coordinates": [[[8242.6, 3947.9], [8241.8, 3951.6], [8240.1, 3952.8], [8237.7, 3951.6], [8235.6, 3951.6], [8234.4, 3948.7], [8234.8, 3946.3], [8238.1, 3946.3], [8242.6, 3947.9]]]}}, {"type": "Feature", "properties": {"OBJECTID": 294, "id": null, "name": null, "continent": null, "S2": null, "Shape__Area": 212069630.2836914, "Shape__Length": 56393.26436439783}, "geometry": {"type": "Polygon", "coordinates": [[[8245.1, 3917.2], [8241.4, 3919.3], [8238.9, 3919.3], [8236.1, 3918.9], [8234.4, 3917.2], [8236.5, 3914.0], [8238.9, 3911.9], [8239.8, 3909.5], [8243.0, 3909.5], [8245.9, 3910.7], [8246.3, 3912.7], [8245.1, 3917.2]]]}}, {"type": "Feature", "properties": {"OBJECTID": 295, "id": null, "name": null, "continent": null, "S2": null, "Shape__Area": 160658811.64501953, "Shape__Length": 54792.54292589738}, "geometry": {"type": "Polygon", "coordinates": [[[8261.5, 3836.1], [8262.4, 3838.5], [8261.1, 3839.3], [8259.1, 3840.9], [8255.0, 3840.9], [8253.3, 3843.4], [8250.5, 3843.0], [8250.0, 3839.7], [8251.3, 3836.5], [8253.7, 3836.1], [8261.5, 3836.1]]]}}, {"type": "Feature", "properties": {"OBJECTID": 296, "id": null, "name": null, "continent": null, "S2": null, "Shape__Area": 57615573.25878906, "Shape__Length": 29014.82888330343}, "geometry": {"type": "Polygon", "coordinates": [[[8270.6, 3844.6], [8272.6, 3848.7], [8271.0, 3850.7], [8268.5, 3850.7], [8267.3, 3849.1], [8267.3, 3847.0], [8270.6, 3844.6]]]}}, {"type": "Feature", "properties": {"OBJECTID": 297, "id": null, "name": null, "continent": null, "S2": null, "Shape__Area": 300265777.2841797, "Shape__Length": 76481.19419398352}, "geometry": {"type": "Polygon", "coordinates": [[[8419.7, 3702.2], [8419.3, 3703.4], [8416.8, 3705.4], [8414.0, 3705.4], [8410.3, 3707.1], [8409.0, 3709.5], [8404.5, 3711.5], [8403.3, 3709.9], [8403.3, 3706.7], [8405.3, 3703.0], [8408.6, 3701.8], [8410.7, 3699.4], [8414.8, 3698.2], [8417.7, 3698.2], [8419.7, 3702.2]]]}}, {"type": "Feature", "properties": {"OBJECTID": 298, "id": null, "name": null, "continent": null, "S2": null, "Shape__Area": 522750531.69433594, "Shape__Length": 94847.4611794282}, "geometry": {"type": "Polygon", "coordinates": [[[8331.8, 3834.8], [8336.3, 3837.6], [8337.1, 3839.2], [8335.9, 3840.5], [8333.4, 3845.4], [8329.7, 3845.4], [8326.0, 3843.3], [8319.9, 3841.3], [8315.3, 3840.5], [8312.9, 3836.8], [8315.8, 3834.0], [8319.5, 3832.7], [8325.6, 3832.7], [8331.8, 3834.8]]]}}, {"type": "Feature", "properties": {"OBJECTID": 299, "id": null, "name": null, "continent": null, "S2": null, "Shape__Area": 119219918.10839844, "Shape__Length": 42047.20180180864}, "geometry": {"type": "Polygon", "coordinates": [[[8280.8, 3884.5], [8280.4, 3888.2], [8278.4, 3889.4], [8275.5, 3890.2], [8273.0, 3889.4], [8271.8, 3887.8], [8273.4, 3886.6], [8274.7, 3883.3], [8278.0, 3882.9], [8280.8, 3884.5]]]}}, {"type": "Feature", "properties": {"OBJECTID": 300, "id": null, "name": null, "continent": null, "S2": null, "Shape__Area": 30358975.458984375, "Shape__Length": 22905.606110834484}, "geometry": {"type": "Polygon", "coordinates": [[[8288.6, 3889.8], [8289.0, 3892.3], [8289.0, 3893.9], [8286.2, 3893.9], [8284.9, 3893.9], [8286.2, 3891.1], [8288.6, 3889.8]]]}}, {"type": "Feature", "properties": {"OBJECTID": 301, "id": null, "name": null, "continent": null, "S2": null, "Shape__Area": 76673032.92089844, "Shape__Length": 34082.605733948476}, "geometry": {"type": "Polygon", "coordinates": [[[8351.5, 3901.2], [8351.9, 3904.5], [8351.0, 3905.7], [8349.8, 3908.1], [8347.8, 3908.6], [8346.5, 3907.3], [8346.5, 3904.9], [8347.4, 3902.0], [8351.5, 3901.2]]]}}, {"type": "Feature", "properties": {"OBJECTID": 302, "id": null, "name": null, "continent": null, "S2": null, "Shape__Area": 27034999.748535156, "Shape__Length": 20886.733054351946}, "geometry": {"type": "Polygon", "coordinates": [[[8356.4, 3869.4], [8357.2, 3871.4], [8356.0, 3873.9], [8354.8, 3873.9], [8353.9, 3869.8], [8356.4, 3869.4]]]}}, {"type": "Feature", "properties": {"OBJECTID": 303, "id": null, "name": null, "continent": null, "S2": null, "Shape__Area": 115231147.44824219, "Shape__Length": 42076.06932746289}, "geometry": {"type": "Polygon", "coordinates": [[[8388.0, 3907.7], [8389.6, 3911.4], [8389.2, 3914.7], [8388.0, 3915.9], [8385.5, 3916.7], [8382.3, 3915.5], [8381.8, 3913.4], [8383.5, 3911.0], [8385.5, 3910.2], [8388.0, 3907.7]]]}}, {"type": "Feature", "properties": {"OBJECTID": 304, "id": null, "name": null, "continent": null, "S2": null, "Shape__Area": 136282992.35791016, "Shape__Length": 49674.73227790818}, "geometry": {"type": "Polygon", "coordinates": [[[8513.8, 3675.1], [8516.6, 3677.9], [8515.4, 3679.9], [8514.2, 3681.6], [8512.1, 3684.0], [8510.5, 3686.4], [8507.6, 3684.0], [8508.4, 3680.4], [8509.7, 3677.5], [8511.7, 3677.5], [8513.8, 3675.1]]]}}, {"type": "Feature", "properties": {"OBJECTID": 305, "id": null, "name": null, "continent": null, "S2": null, "Shape__Area": 113679958.80322266, "Shape__Length": 42355.84315959113}, "geometry": {"type": "Polygon", "coordinates": [[[8521.2, 3649.8], [8520.8, 3652.6], [8518.7, 3653.0], [8515.4, 3653.0], [8513.4, 3653.4], [8510.9, 3651.4], [8513.0, 3648.2], [8515.4, 3647.8], [8517.9, 3648.2], [8521.2, 3649.8]]]}}, {"type": "Feature", "properties": {"OBJECTID": 306, "id": null, "name": null, "continent": null, "S2": null, "Shape__Area": 38558114.79394531, "Shape__Length": 24072.366110190138}, "geometry": {"type": "Polygon", "coordinates": [[[8530.2, 3667.9], [8531.4, 3670.3], [8530.2, 3672.3], [8527.3, 3672.3], [8526.5, 3669.9], [8530.2, 3667.9]]]}}, {"type": "Feature", "properties": {"OBJECTID": 307, "id": null, "name": null, "continent": null, "S2": null, "Shape__Area": 737700941.5219727, "Shape__Length": 132960.39379292805}, "geometry": {"type": "Polygon", "coordinates": [[[8696.1, 3619.5], [8700.7, 3619.5], [8703.5, 3621.9], [8706.8, 3622.3], [8706.8, 3626.3], [8706.4, 3629.1], [8703.1, 3629.1], [8699.4, 3629.1], [8697.4, 3627.5], [8694.9, 3627.1], [8690.0, 3626.7], [8687.1, 3624.7], [8684.2, 3623.9], [8676.4, 3623.9], [8673.1, 3621.9], [8674.0, 3618.3], [8676.8, 3617.1], [8681.4, 3616.3], [8685.9, 3616.3], [8690.0, 3615.1], [8693.7, 3616.7], [8696.1, 3619.5]]]}}, {"type": "Feature", "properties": {"OBJECTID": 308, "id": null, "name": null, "continent": null, "S2": null, "Shape__Area": 177500287.5131836, "Shape__Length": 54188.941191931495}, "geometry": {"type": "Polygon", "coordinates": [[[8730.6, 3635.1], [8731.9, 3638.3], [8730.2, 3639.9], [8728.2, 3639.5], [8724.5, 3638.7], [8719.5, 3637.5], [8718.7, 3634.7], [8719.9, 3632.7], [8723.2, 3632.3], [8726.9, 3633.5], [8730.6, 3635.1]]]}}, {"type": "Feature", "properties": {"OBJECTID": 309, "id": null, "name": null, "continent": null, "S2": null, "Shape__Area": 139163771.0366211, "Shape__Length": 49038.61286520008}, "geometry": {"type": "Polygon", "coordinates": [[[8653.4, 3616.3], [8656.3, 3617.1], [8657.1, 3618.3], [8656.3, 3622.7], [8653.8, 3624.7], [8651.0, 3625.6], [8647.7, 3624.4], [8647.7, 3622.3], [8649.3, 3620.3], [8652.2, 3619.9], [8653.4, 3616.3]]]}}, {"type": "Feature", "properties": {"OBJECTID": 310, "id": null, "name": null, "continent": null, "S2": null, "Shape__Area": 71797868.93017578, "Shape__Length": 31900.452502875833}, "geometry": {"type": "Polygon", "coordinates": [[[8620.6, 3618.8], [8621.4, 3622.4], [8618.5, 3623.6], [8615.6, 3623.2], [8614.8, 3620.4], [8617.3, 3618.0], [8620.6, 3618.8]]]}}, {"type": "Feature", "properties": {"OBJECTID": 311, "id": null, "name": null, "continent": null, "S2": null, "Shape__Area": 234229466.67529297, "Shape__Length": 63925.57883735988}, "geometry": {"type": "Polygon", "coordinates": [[[8471.4, 3842.8], [8472.2, 3846.0], [8473.5, 3848.5], [8476.3, 3850.9], [8476.3, 3853.4], [8474.3, 3855.8], [8471.0, 3854.2], [8468.5, 3852.2], [8466.5, 3850.9], [8465.7, 3847.3], [8465.7, 3844.8], [8466.9, 3843.2], [8467.7, 3841.2], [8471.4, 3842.8]]]}}, {"type": "Feature", "properties": {"OBJECTID": 312, "id": null, "name": null, "continent": null, "S2": null, "Shape__Area": 46314057.662109375, "Shape__Length": 26692.33118581968}, "geometry": {"type": "Polygon", "coordinates": [[[8497.7, 3816.7], [8500.6, 3818.0], [8500.2, 3819.2], [8499.3, 3822.0], [8498.1, 3822.8], [8496.9, 3822.4], [8496.1, 3820.0], [8497.7, 3816.7]]]}}, {"type": "Feature", "properties": {"OBJECTID": 313, "id": null, "name": null, "continent": null, "S2": null, "Shape__Area": 151794877.62841797, "Shape__Length": 52790.34697463864}, "geometry": {"type": "Polygon", "coordinates": [[[8539.2, 3806.1], [8542.9, 3806.5], [8542.1, 3809.8], [8540.8, 3812.2], [8539.6, 3813.5], [8538.8, 3816.3], [8535.9, 3816.3], [8532.6, 3814.7], [8534.2, 3810.6], [8537.1, 3809.4], [8539.2, 3806.1]]]}}, {"type": "Feature", "properties": {"OBJECTID": 314, "id": null, "name": null, "continent": null, "S2": null, "Shape__Area": 74457049.32617188, "Shape__Length": 39031.485234005224}, "geometry": {"type": "Polygon", "coordinates": [[[8509.6, 3806.6], [8513.7, 3807.8], [8511.7, 3809.8], [8508.4, 3810.6], [8505.5, 3810.6], [8503.4, 3809.8], [8503.4, 3807.8], [8505.9, 3807.8], [8509.6, 3806.6]]]}}, {"type": "Feature", "properties": {"OBJECTID": 315, "id": null, "name": null, "continent": null, "S2": null, "Shape__Area": 170409139.89404297, "Shape__Length": 51792.270496529425}, "geometry": {"type": "Polygon", "coordinates": [[[8275.0, 3981.5], [8278.7, 3982.3], [8279.6, 3985.6], [8279.6, 3987.6], [8277.9, 3988.9], [8276.7, 3989.7], [8274.2, 3989.7], [8271.3, 3989.7], [8267.6, 3987.6], [8270.1, 3985.6], [8275.0, 3981.5]]]}}, {"type": "Feature", "properties": {"OBJECTID": 316, "id": null, "name": null, "continent": null, "S2": null, "Shape__Area": 48086844.092285156, "Shape__Length": 27081.02740208414}, "geometry": {"type": "Polygon", "coordinates": [[[8311.2, 4008.1], [8312.8, 4012.2], [8310.8, 4014.3], [8308.3, 4012.2], [8307.9, 4009.8], [8311.2, 4008.1]]]}}, {"type": "Feature", "properties": {"OBJECTID": 317, "id": null, "name": null, "continent": null, "S2": null, "Shape__Area": 37006926.47949219, "Shape__Length": 23615.252651446277}, "geometry": {"type": "Polygon", "coordinates": [[[8309.9, 4025.4], [8312.4, 4027.9], [8309.9, 4030.3], [8307.9, 4029.9], [8307.9, 4027.0], [8309.9, 4025.4]]]}}, {"type": "Feature", "properties": {"OBJECTID": 318, "id": null, "name": null, "continent": null, "S2": null, "Shape__Area": 514551392.6279297, "Shape__Length": 89435.21165010148}, "geometry": {"type": "Polygon", "coordinates": [[[8337.9, 4015.1], [8339.5, 4021.7], [8340.3, 4025.4], [8338.3, 4028.7], [8333.8, 4029.1], [8331.3, 4027.4], [8327.6, 4025.0], [8325.5, 4021.7], [8321.8, 4018.4], [8321.8, 4015.1], [8326.8, 4013.0], [8334.6, 4015.1], [8337.9, 4015.1]]]}}, {"type": "Feature", "properties": {"OBJECTID": 319, "id": null, "name": null, "continent": null, "S2": null, "Shape__Area": 729058606.3867188, "Shape__Length": 136045.7245991218}, "geometry": {"type": "Polygon", "coordinates": [[[8356.0, 3950.3], [8357.2, 3954.4], [8356.0, 3955.2], [8354.3, 3958.1], [8353.5, 3961.7], [8355.5, 3963.4], [8358.0, 3965.0], [8359.2, 3970.3], [8359.6, 3977.3], [8357.6, 3980.2], [8354.7, 3980.2], [8353.1, 3976.1], [8351.0, 3971.6], [8349.4, 3966.7], [8347.3, 3963.0], [8342.8, 3960.5], [8341.2, 3955.2], [8344.0, 3951.1], [8349.0, 3951.5], [8356.0, 3950.3]]]}}, {"type": "Feature", "properties": {"OBJECTID": 320, "id": null, "name": null, "continent": null, "S2": null, "Shape__Area": 65149918.408691406, "Shape__Length": 31576.254072290893}, "geometry": {"type": "Polygon", "coordinates": [[[8369.5, 3962.6], [8369.5, 3966.2], [8367.5, 3967.9], [8365.4, 3965.4], [8363.8, 3962.6], [8366.2, 3960.9], [8369.5, 3962.6]]]}}, {"type": "Feature", "properties": {"OBJECTID": 321, "id": null, "name": null, "continent": null, "S2": null, "Shape__Area": 90633729.81103516, "Shape__Length": 39995.17653976092}, "geometry": {"type": "Polygon", "coordinates": [[[8353.1, 3989.2], [8356.8, 3988.8], [8357.2, 3992.1], [8355.1, 3994.1], [8353.9, 3997.8], [8351.8, 3997.4], [8351.0, 3993.7], [8353.1, 3989.2]]]}}, {"type": "Feature", "properties": {"OBJECTID": 323, "id": null, "name": null, "continent": null, "S2": null, "Shape__Area": 16880868.610839844, "Shape__Length": 15542.43728052502}, "geometry": {"type": "Polygon", "coordinates": [[[8565.7, 3676.3], [8565.7, 3678.1], [8564.6, 3678.4], [8562.9, 3678.0], [8562.7, 3676.5], [8564.1, 3675.7], [8565.7, 3676.3]]]}}, {"type": "Feature", "properties": {"OBJECTID": 324, "id": null, "name": null, "continent": null, "S2": null, "Shape__Area": 744570490.0595703, "Shape__Length": 133941.91632290458}, "geometry": {"type": "Polygon", "coordinates": [[[8902.7, 3647.0], [8906.8, 3648.2], [8906.8, 3649.0], [8906.8, 3651.8], [8906.8, 3654.7], [8906.8, 3657.1], [8903.5, 3658.3], [8899.0, 3658.3], [8893.2, 3659.1], [8891.2, 3662.3], [8889.1, 3668.0], [8885.8, 3668.0], [8883.4, 3665.5], [8878.5, 3661.5], [8878.5, 3656.7], [8880.5, 3655.1], [8886.7, 3653.5], [8894.5, 3653.5], [8897.8, 3650.2], [8902.7, 3647.0]]]}}, {"type": "Feature", "properties": {"OBJECTID": 325, "id": null, "name": null, "continent": null, "S2": null, "Shape__Area": 565519015.894043, "Shape__Length": 120225.50469314265}, "geometry": {"type": "Polygon", "coordinates": [[[8928.2, 3645.4], [8929.8, 3647.4], [8933.1, 3649.4], [8936.0, 3649.4], [8939.7, 3649.8], [8942.1, 3650.2], [8942.1, 3652.6], [8940.1, 3655.8], [8938.8, 3655.8], [8933.9, 3660.3], [8933.9, 3663.1], [8929.4, 3664.7], [8927.7, 3661.1], [8928.2, 3656.7], [8927.3, 3653.0], [8924.9, 3650.6], [8922.4, 3649.4], [8917.9, 3647.4], [8920.8, 3643.4], [8925.3, 3643.4], [8928.2, 3645.4]]]}}, {"type": "Feature", "properties": {"OBJECTID": 326, "id": null, "name": null, "continent": null, "S2": null, "Shape__Area": 15955081.770019531, "Shape__Length": 15500.56627235583}, "geometry": {"type": "Polygon", "coordinates": [[[8919.5, 3654.6], [8920.4, 3656.3], [8919.5, 3657.5], [8917.5, 3657.5], [8917.9, 3655.1], [8919.5, 3654.6]]]}}, {"type": "Feature", "properties": {"OBJECTID": 327, "id": null, "name": null, "continent": null, "S2": null, "Shape__Area": 167749958.86572266, "Shape__Length": 57076.980811857546}, "geometry": {"type": "Polygon", "coordinates": [[[8867.3, 3718.4], [8870.6, 3719.2], [8869.0, 3721.6], [8867.3, 3723.6], [8865.3, 3725.6], [8860.4, 3727.7], [8857.9, 3726.9], [8857.1, 3723.2], [8860.0, 3721.6], [8864.1, 3720.8], [8867.3, 3718.4]]]}}, {"type": "Feature", "properties": {"OBJECTID": 328, "id": null, "name": null, "continent": null, "S2": null, "Shape__Area": 26813401.599121094, "Shape__Length": 20504.62546292534}, "geometry": {"type": "Polygon", "coordinates": [[[8878.4, 3713.5], [8880.9, 3713.9], [8881.3, 3716.3], [8879.3, 3716.7], [8876.8, 3715.9], [8878.4, 3713.5]]]}}, {"type": "Feature", "properties": {"OBJECTID": 329, "id": null, "name": null, "continent": null, "S2": null, "Shape__Area": 28142991.895996094, "Shape__Length": 21341.40248487399}, "geometry": {"type": "Polygon", "coordinates": [[[8788.1, 3742.7], [8790.1, 3743.1], [8789.7, 3745.5], [8787.7, 3745.5], [8786.0, 3745.1], [8785.2, 3743.5], [8788.1, 3742.7]]]}}, {"type": "Feature", "properties": {"OBJECTID": 330, "id": null, "name": null, "continent": null, "S2": null, "Shape__Area": 604520327.4555664, "Shape__Length": 110300.05142131976}, "geometry": {"type": "Polygon", "coordinates": [[[8727.7, 3739.5], [8731.8, 3739.5], [8732.2, 3741.5], [8730.6, 3743.1], [8728.5, 3745.6], [8728.1, 3750.8], [8724.4, 3752.1], [8720.7, 3752.9], [8717.8, 3752.5], [8713.7, 3751.7], [8711.7, 3748.8], [8710.5, 3745.2], [8708.8, 3741.5], [8709.2, 3737.5], [8712.9, 3737.5], [8714.6, 3739.5], [8718.7, 3741.9], [8722.8, 3741.5], [8727.7, 3739.5]]]}}, {"type": "Feature", "properties": {"OBJECTID": 331, "id": null, "name": null, "continent": null, "S2": null, "Shape__Area": 35234139.48339844, "Shape__Length": 23214.922589229485}, "geometry": {"type": "Polygon", "coordinates": [[[8740.4, 3759.3], [8742.1, 3761.4], [8740.4, 3763.0], [8737.6, 3763.0], [8736.7, 3760.5], [8740.4, 3759.3]]]}}, {"type": "Feature", "properties": {"OBJECTID": 332, "id": null, "name": null, "continent": null, "S2": null, "Shape__Area": 388683523.8330078, "Shape__Length": 90410.92820267595}, "geometry": {"type": "Polygon", "coordinates": [[[8677.6, 3767.5], [8682.9, 3768.7], [8684.6, 3770.3], [8683.3, 3772.3], [8680.1, 3773.2], [8673.9, 3773.2], [8669.0, 3774.4], [8664.9, 3776.4], [8660.8, 3774.0], [8661.2, 3771.5], [8663.6, 3767.9], [8667.7, 3765.9], [8672.3, 3767.1], [8677.6, 3767.5]]]}}, {"type": "Feature", "properties": {"OBJECTID": 333, "id": null, "name": null, "continent": null, "S2": null, "Shape__Area": 139828565.8857422, "Shape__Length": 46676.9298171769}, "geometry": {"type": "Polygon", "coordinates": [[[8647.6, 3771.6], [8648.4, 3774.4], [8647.2, 3775.6], [8643.9, 3777.2], [8641.4, 3779.3], [8639.0, 3778.1], [8638.6, 3776.0], [8640.6, 3771.2], [8647.6, 3771.6]]]}}, {"type": "Feature", "properties": {"OBJECTID": 334, "id": null, "name": null, "continent": null, "S2": null, "Shape__Area": 53626803.59814453, "Shape__Length": 39492.75387445007}, "geometry": {"type": "Polygon", "coordinates": [[[8652.1, 3797.1], [8651.3, 3798.3], [8647.6, 3799.6], [8643.9, 3799.1], [8640.6, 3798.7], [8645.1, 3796.7], [8652.1, 3797.1]]]}}, {"type": "Feature", "properties": {"OBJECTID": 335, "id": null, "name": null, "continent": null, "S2": null, "Shape__Area": 22603032.590820312, "Shape__Length": 18569.502606634476}, "geometry": {"type": "Polygon", "coordinates": [[[8666.5, 3791.0], [8667.3, 3793.0], [8665.3, 3793.9], [8663.6, 3793.4], [8663.6, 3791.0], [8666.5, 3791.0]]]}}, {"type": "Feature", "properties": {"OBJECTID": 336, "id": null, "name": null, "continent": null, "S2": null, "Shape__Area": 157999631.2836914, "Shape__Length": 56490.44581199933}, "geometry": {"type": "Polygon", "coordinates": [[[8767.5, 3788.5], [8770.8, 3789.3], [8771.2, 3791.3], [8767.9, 3792.5], [8765.9, 3794.6], [8763.4, 3799.9], [8760.1, 3797.4], [8760.5, 3793.8], [8763.0, 3790.1], [8767.5, 3788.5]]]}}, {"type": "Feature", "properties": {"OBJECTID": 337, "id": null, "name": null, "continent": null, "S2": null, "Shape__Area": 452503852.0107422, "Shape__Length": 101305.44219175032}, "geometry": {"type": "Polygon", "coordinates": [[[8804.9, 3797.4], [8806.5, 3800.2], [8805.3, 3801.4], [8806.5, 3806.3], [8805.7, 3808.8], [8802.8, 3810.8], [8801.6, 3813.6], [8797.5, 3816.9], [8793.0, 3816.9], [8789.7, 3816.1], [8786.8, 3814.1], [8788.9, 3811.2], [8793.4, 3808.4], [8797.1, 3808.4], [8798.3, 3805.1], [8800.8, 3801.0], [8804.9, 3797.4]]]}}, {"type": "Feature", "properties": {"OBJECTID": 338, "id": null, "name": null, "continent": null, "S2": null, "Shape__Area": 152459672.37841797, "Shape__Length": 51312.16843378925}, "geometry": {"type": "Polygon", "coordinates": [[[8749.4, 3808.0], [8749.4, 3810.4], [8746.2, 3812.5], [8742.9, 3812.5], [8739.2, 3813.3], [8736.7, 3811.3], [8739.6, 3808.8], [8742.9, 3806.0], [8749.4, 3808.0]]]}}, {"type": "Feature", "properties": {"OBJECTID": 339, "id": null, "name": null, "continent": null, "S2": null, "Shape__Area": 257054099.04492188, "Shape__Length": 75824.20711928721}, "geometry": {"type": "Polygon", "coordinates": [[[8710.0, 3813.7], [8713.3, 3816.1], [8711.7, 3819.0], [8711.2, 3821.0], [8709.2, 3824.3], [8705.9, 3826.7], [8704.7, 3830.4], [8702.2, 3830.4], [8700.2, 3828.0], [8699.7, 3825.9], [8703.0, 3823.5], [8703.0, 3821.4], [8704.7, 3817.8], [8708.8, 3816.6], [8710.0, 3813.7]]]}}, {"type": "Feature", "properties": {"OBJECTID": 340, "id": null, "name": null, "continent": null, "S2": null, "Shape__Area": 79332213.515625, "Shape__Length": 41209.198195225064}, "geometry": {"type": "Polygon", "coordinates": [[[8686.2, 3814.1], [8688.7, 3815.8], [8686.2, 3817.8], [8683.7, 3817.8], [8681.3, 3820.6], [8679.2, 3820.6], [8679.2, 3817.8], [8682.1, 3815.4], [8686.2, 3814.1]]]}}, {"type": "Feature", "properties": {"OBJECTID": 341, "id": null, "name": null, "continent": null, "S2": null, "Shape__Area": 68252294.57177734, "Shape__Length": 32052.00233737754}, "geometry": {"type": "Polygon", "coordinates": [[[8732.2, 3822.6], [8733.0, 3826.3], [8731.4, 3829.1], [8729.7, 3829.1], [8727.7, 3828.3], [8727.3, 3825.1], [8732.2, 3822.6]]]}}, {"type": "Feature", "properties": {"OBJECTID": 342, "id": null, "name": null, "continent": null, "S2": null, "Shape__Area": 292953033.8100586, "Shape__Length": 70102.83776440144}, "geometry": {"type": "Polygon", "coordinates": [[[8799.1, 3829.1], [8804.5, 3829.1], [8808.2, 3829.1], [8808.2, 3831.5], [8807.8, 3833.1], [8805.7, 3834.8], [8805.7, 3836.8], [8802.4, 3837.6], [8797.9, 3837.6], [8794.2, 3837.2], [8791.3, 3834.8], [8793.4, 3831.9], [8799.1, 3829.1]]]}}, {"type": "Feature", "properties": {"OBJECTID": 343, "id": null, "name": null, "continent": null, "S2": null, "Shape__Area": 116339139.66259766, "Shape__Length": 41026.2150226963}, "geometry": {"type": "Polygon", "coordinates": [[[8656.6, 3849.6], [8657.0, 3852.8], [8656.2, 3854.4], [8653.7, 3854.9], [8651.3, 3855.7], [8649.6, 3852.0], [8650.9, 3849.2], [8654.2, 3846.7], [8656.6, 3849.6]]]}}, {"type": "Feature", "properties": {"OBJECTID": 344, "id": null, "name": null, "continent": null, "S2": null, "Shape__Area": 107475205.07958984, "Shape__Length": 40489.5989219487}, "geometry": {"type": "Polygon", "coordinates": [[[8680.0, 3848.7], [8681.7, 3850.8], [8681.7, 3852.4], [8680.8, 3855.2], [8678.0, 3857.3], [8675.5, 3857.7], [8674.3, 3854.8], [8676.3, 3851.6], [8680.0, 3848.7]]]}}, {"type": "Feature", "properties": {"OBJECTID": 345, "id": null, "name": null, "continent": null, "S2": null, "Shape__Area": 61161147.217285156, "Shape__Length": 29726.03769788085}, "geometry": {"type": "Polygon", "coordinates": [[[8691.9, 3843.4], [8694.8, 3843.4], [8696.0, 3845.5], [8696.0, 3847.9], [8692.3, 3848.7], [8690.3, 3847.5], [8691.9, 3843.4]]]}}, {"type": "Feature", "properties": {"OBJECTID": 346, "id": null, "name": null, "continent": null, "S2": null, "Shape__Area": 77337828.26953125, "Shape__Length": 33832.76820596702}, "geometry": {"type": "Polygon", "coordinates": [[[8721.9, 3848.3], [8724.4, 3849.9], [8723.6, 3852.4], [8722.3, 3853.2], [8721.1, 3854.4], [8719.0, 3854.4], [8718.2, 3851.9], [8717.8, 3848.7], [8721.9, 3848.3]]]}}, {"type": "Feature", "properties": {"OBJECTID": 347, "id": null, "name": null, "continent": null, "S2": null, "Shape__Area": 79997008.36523438, "Shape__Length": 35046.614223117125}, "geometry": {"type": "Polygon", "coordinates": [[[8745.7, 3860.9], [8744.9, 3863.7], [8742.4, 3865.4], [8740.0, 3865.4], [8737.9, 3864.2], [8737.9, 3861.3], [8740.8, 3860.5], [8745.7, 3860.9]]]}}, {"type": "Feature", "properties": {"OBJECTID": 348, "id": null, "name": null, "continent": null, "S2": null, "Shape__Area": 64928319.626953125, "Shape__Length": 33133.07103578866}, "geometry": {"type": "Polygon", "coordinates": [[[8882.9, 3809.5], [8884.6, 3811.1], [8883.3, 3812.8], [8880.5, 3812.8], [8877.2, 3812.8], [8875.9, 3811.1], [8878.0, 3809.1], [8882.9, 3809.5]]]}}, {"type": "Feature", "properties": {"OBJECTID": 349, "id": null, "name": null, "continent": null, "S2": null, "Shape__Area": 220490366.8696289, "Shape__Length": 85572.20852100263}, "geometry": {"type": "Polygon", "coordinates": [[[8890.3, 3832.7], [8887.8, 3833.9], [8882.1, 3834.7], [8879.2, 3836.3], [8875.1, 3836.3], [8870.6, 3836.8], [8868.1, 3836.4], [8866.1, 3834.7], [8866.1, 3831.9], [8869.4, 3831.9], [8875.5, 3831.9], [8881.7, 3831.9], [8890.3, 3832.7]]]}}, {"type": "Feature", "properties": {"OBJECTID": 350, "id": null, "name": null, "continent": null, "S2": null, "Shape__Area": 220933565.59716797, "Shape__Length": 61985.12340114631}, "geometry": {"type": "Polygon", "coordinates": [[[8916.6, 3831.8], [8917.4, 3833.5], [8917.4, 3835.5], [8915.3, 3837.1], [8912.5, 3838.8], [8912.1, 3841.2], [8908.8, 3841.2], [8904.7, 3838.8], [8903.9, 3835.5], [8905.1, 3833.1], [8908.8, 3833.5], [8916.6, 3831.8]]]}}, {"type": "Feature", "properties": {"OBJECTID": 351, "id": null, "name": null, "continent": null, "S2": null, "Shape__Area": 136947786.70751953, "Shape__Length": 51024.03418579418}, "geometry": {"type": "Polygon", "coordinates": [[[8942.0, 3857.5], [8947.8, 3855.4], [8949.4, 3856.6], [8948.2, 3859.9], [8946.6, 3862.3], [8943.7, 3863.2], [8940.8, 3866.4], [8940.0, 3863.2], [8942.0, 3857.5]]]}}, {"type": "Feature", "properties": {"OBJECTID": 352, "id": null, "name": null, "continent": null, "S2": null, "Shape__Area": 394001884.32177734, "Shape__Length": 98420.75996825755}, "geometry": {"type": "Polygon", "coordinates": [[[8891.5, 3926.9], [8898.5, 3926.9], [8903.0, 3926.9], [8905.9, 3928.1], [8906.3, 3930.2], [8903.4, 3931.4], [8900.1, 3933.0], [8894.0, 3933.0], [8889.4, 3933.0], [8885.7, 3931.0], [8884.1, 3929.0], [8881.2, 3926.9], [8880.8, 3924.0], [8883.3, 3922.4], [8885.7, 3922.0], [8887.8, 3924.9], [8891.5, 3926.9]]]}}, {"type": "Feature", "properties": {"OBJECTID": 353, "id": null, "name": null, "continent": null, "S2": null, "Shape__Area": 22603032.857421875, "Shape__Length": 18755.937465633302}, "geometry": {"type": "Polygon", "coordinates": [[[8919.4, 3926.1], [8921.1, 3927.3], [8921.1, 3929.3], [8919.0, 3929.7], [8917.4, 3928.9], [8919.4, 3926.1]]]}}, {"type": "Feature", "properties": {"OBJECTID": 354, "id": null, "name": null, "continent": null, "S2": null, "Shape__Area": 185256228.45117188, "Shape__Length": 63148.97704617455}, "geometry": {"type": "Polygon", "coordinates": [[[8796.2, 3891.4], [8798.3, 3894.3], [8804.0, 3896.7], [8802.8, 3898.4], [8799.1, 3898.0], [8795.8, 3898.0], [8791.3, 3896.3], [8788.0, 3893.9], [8789.7, 3889.8], [8796.2, 3891.4]]]}}, {"type": "Feature", "properties": {"OBJECTID": 355, "id": null, "name": null, "continent": null, "S2": null, "Shape__Area": 10636721.1796875, "Shape__Length": 13119.085590321596}, "geometry": {"type": "Polygon", "coordinates": [[[8774.9, 3891.9], [8776.9, 3892.3], [8776.1, 3894.3], [8774.5, 3893.9], [8774.9, 3891.9]]]}}, {"type": "Feature", "properties": {"OBJECTID": 356, "id": null, "name": null, "continent": null, "S2": null, "Shape__Area": 404195409.5673828, "Shape__Length": 82378.09219194677}, "geometry": {"type": "Polygon", "coordinates": [[[8690.3, 3898.1], [8693.1, 3901.3], [8692.7, 3903.4], [8690.3, 3905.4], [8688.2, 3907.9], [8685.3, 3910.7], [8682.5, 3914.4], [8680.0, 3912.4], [8680.0, 3907.5], [8680.4, 3900.9], [8681.2, 3896.0], [8685.8, 3896.0], [8690.3, 3898.1]]]}}, {"type": "Feature", "properties": {"OBJECTID": 357, "id": null, "name": null, "continent": null, "S2": null, "Shape__Area": 197444139.54248047, "Shape__Length": 56395.150509032756}, "geometry": {"type": "Polygon", "coordinates": [[[8607.3, 3891.2], [8609.4, 3893.6], [8609.0, 3899.3], [8606.5, 3900.6], [8603.2, 3901.8], [8600.3, 3902.2], [8597.9, 3900.2], [8598.7, 3897.7], [8603.2, 3894.5], [8607.3, 3891.2]]]}}, {"type": "Feature", "properties": {"OBJECTID": 358, "id": null, "name": null, "continent": null, "S2": null, "Shape__Area": 106145614.21679688, "Shape__Length": 45599.40419060548}, "geometry": {"type": "Polygon", "coordinates": [[[8610.2, 3915.7], [8613.1, 3918.1], [8612.6, 3922.6], [8610.2, 3921.8], [8608.9, 3920.2], [8605.7, 3918.6], [8602.8, 3916.1], [8606.1, 3914.9], [8610.2, 3915.7]]]}}, {"type": "Feature", "properties": {"OBJECTID": 359, "id": null, "name": null, "continent": null, "S2": null, "Shape__Area": 23267827.97314453, "Shape__Length": 19062.128440180375}, "geometry": {"type": "Polygon", "coordinates": [[[8615.9, 3911.2], [8618.0, 3910.8], [8618.8, 3912.4], [8618.8, 3914.5], [8616.3, 3914.5], [8615.9, 3911.2]]]}}, {"type": "Feature", "properties": {"OBJECTID": 360, "id": null, "name": null, "continent": null, "S2": null, "Shape__Area": 181489057.17285156, "Shape__Length": 59350.71141307241}, "geometry": {"type": "Polygon", "coordinates": [[[8486.6, 3878.6], [8488.6, 3880.3], [8487.8, 3882.7], [8486.6, 3884.8], [8485.3, 3886.0], [8483.3, 3886.0], [8478.8, 3888.0], [8475.9, 3888.8], [8475.1, 3885.2], [8475.9, 3884.0], [8480.0, 3882.3], [8482.5, 3880.7], [8486.6, 3878.6]]]}}, {"type": "Feature", "properties": {"OBJECTID": 361, "id": null, "name": null, "continent": null, "S2": null, "Shape__Area": 837863400.4311523, "Shape__Length": 134796.30732605737}, "geometry": {"type": "Polygon", "coordinates": [[[8519.0, 3903.5], [8522.7, 3903.1], [8526.0, 3904.3], [8525.6, 3905.5], [8523.9, 3906.8], [8522.7, 3908.4], [8521.9, 3911.3], [8519.0, 3915.4], [8516.5, 3915.4], [8510.4, 3917.0], [8505.9, 3920.7], [8502.6, 3921.5], [8495.2, 3921.9], [8492.7, 3920.3], [8494.4, 3916.2], [8496.4, 3915.0], [8498.1, 3912.1], [8499.3, 3909.2], [8505.5, 3907.2], [8512.4, 3906.8], [8519.0, 3903.5]]]}}, {"type": "Feature", "properties": {"OBJECTID": 362, "id": null, "name": null, "continent": null, "S2": null, "Shape__Area": 61825943.13183594, "Shape__Length": 38684.540625027585}, "geometry": {"type": "Polygon", "coordinates": [[[8536.7, 3894.5], [8539.6, 3894.9], [8537.5, 3897.0], [8535.4, 3897.0], [8533.0, 3899.8], [8530.9, 3899.8], [8529.7, 3897.8], [8532.2, 3896.1], [8536.7, 3894.5]]]}}, {"type": "Feature", "properties": {"OBJECTID": 363, "id": null, "name": null, "continent": null, "S2": null, "Shape__Area": 56285984.15917969, "Shape__Length": 30605.000366184748}, "geometry": {"type": "Polygon", "coordinates": [[[8534.2, 3903.9], [8535.4, 3905.9], [8533.4, 3907.2], [8533.0, 3909.2], [8529.7, 3908.8], [8529.7, 3906.4], [8530.1, 3904.3], [8534.2, 3903.9]]]}}, {"type": "Feature", "properties": {"OBJECTID": 364, "id": null, "name": null, "continent": null, "S2": null, "Shape__Area": 21273442.4609375, "Shape__Length": 18014.64524817894}, "geometry": {"type": "Polygon", "coordinates": [[[8485.3, 3915.0], [8487.0, 3917.0], [8485.3, 3918.7], [8483.7, 3918.7], [8483.7, 3916.2], [8485.3, 3915.0]]]}}, {"type": "Feature", "properties": {"OBJECTID": 365, "id": null, "name": null, "continent": null, "S2": null, "Shape__Area": 151061304.90356445, "Shape__Length": 53458.69318204347}, "geometry": {"type": "Polygon", "coordinates": [[[8448.3, 4144.5], [8451.2, 4144.5], [8453.1, 4145.6], [8453.7, 4147.7], [8453.1, 4149.2], [8451.2, 4151.9], [8450.2, 4153.6], [8447.9, 4155.2], [8446.2, 4155.0], [8444.5, 4154.1], [8444.5, 4152.2], [8446.6, 4151.3], [8447.8, 4150.3], [8446.4, 4148.9], [8448.3, 4144.5]]]}}, {"type": "Feature", "properties": {"OBJECTID": 366, "id": null, "name": null, "continent": null, "S2": null, "Shape__Area": 755149083.5463867, "Shape__Length": 135896.39548529286}, "geometry": {"type": "Polygon", "coordinates": [[[8385.8, 4075.9], [8388.8, 4081.7], [8392.2, 4082.9], [8399.5, 4083.7], [8403.1, 4083.7], [8404.7, 4086.0], [8403.5, 4087.9], [8400.5, 4090.0], [8397.8, 4091.9], [8397.9, 4094.5], [8397.3, 4098.1], [8396.4, 4100.1], [8392.6, 4100.6], [8391.7, 4098.5], [8391.7, 4095.7], [8391.9, 4093.3], [8390.7, 4092.2], [8388.3, 4091.4], [8385.8, 4090.2], [8382.5, 4088.8], [8381.2, 4087.7], [8378.9, 4084.4], [8378.7, 4081.8], [8379.3, 4078.0], [8379.8, 4075.8], [8380.8, 4075.2], [8382.9, 4075.6], [8385.8, 4075.9]]]}}, {"type": "Feature", "properties": {"OBJECTID": 367, "id": null, "name": null, "continent": null, "S2": null, "Shape__Area": 181997777.09765625, "Shape__Length": 63093.76053970365}, "geometry": {"type": "Polygon", "coordinates": [[[8421.7, 4066.5], [8423.6, 4066.5], [8424.6, 4066.9], [8425.8, 4067.9], [8425.5, 4069.3], [8424.1, 4070.2], [8422.2, 4071.2], [8419.9, 4071.6], [8417.9, 4072.8], [8414.9, 4073.6], [8411.5, 4073.6], [8409.2, 4072.8], [8409.2, 4070.9], [8412.7, 4069.0], [8415.4, 4067.9], [8419.1, 4068.1], [8421.7, 4066.5]]]}}, {"type": "Feature", "properties": {"OBJECTID": 368, "id": null, "name": null, "continent": null, "S2": null, "Shape__Area": 39398740.23144531, "Shape__Length": 24276.433721991652}, "geometry": {"type": "Polygon", "coordinates": [[[8368.4, 4082.7], [8370.1, 4082.2], [8371.0, 4083.1], [8370.9, 4084.1], [8370.1, 4085.7], [8369.2, 4086.7], [8368.2, 4087.4], [8366.3, 4086.5], [8366.8, 4084.6], [8368.4, 4082.7]]]}}, {"type": "Feature", "properties": {"OBJECTID": 369, "id": null, "name": null, "continent": null, "S2": null, "Shape__Area": 125950019.36376953, "Shape__Length": 46446.14033819108}, "geometry": {"type": "Polygon", "coordinates": [[[8381.0, 4057.2], [8380.7, 4058.9], [8378.9, 4060.1], [8378.4, 4061.2], [8377.4, 4063.1], [8375.5, 4064.1], [8373.4, 4063.8], [8370.8, 4062.9], [8370.4, 4061.9], [8371.8, 4059.8], [8372.5, 4057.5], [8375.5, 4057.4], [8381.0, 4057.2]]]}}, {"type": "Feature", "properties": {"OBJECTID": 370, "id": null, "name": null, "continent": null, "S2": null, "Shape__Area": 67304542.06884766, "Shape__Length": 31580.400724673105}, "geometry": {"type": "Polygon", "coordinates": [[[8404.2, 4025.3], [8406.5, 4025.1], [8407.8, 4025.6], [8408.4, 4026.8], [8408.9, 4027.9], [8408.2, 4029.3], [8406.1, 4029.6], [8405.4, 4031.0], [8403.5, 4030.6], [8402.8, 4028.9], [8402.5, 4027.5], [8404.2, 4025.3]]]}}, {"type": "Feature", "properties": {"OBJECTID": 371, "id": null, "name": null, "continent": null, "S2": null, "Shape__Area": 32619711.408203125, "Shape__Length": 21584.615393938257}, "geometry": {"type": "Polygon", "coordinates": [[[8352.3, 4006.5], [8352.5, 4008.7], [8351.4, 4010.0], [8350.1, 4010.0], [8348.8, 4009.7], [8348.2, 4007.3], [8349.8, 4006.5], [8352.3, 4006.5]]]}}, {"type": "Feature", "properties": {"OBJECTID": 372, "id": null, "name": null, "continent": null, "S2": null, "Shape__Area": 128767024.6118164, "Shape__Length": 51369.32836367613}, "geometry": {"type": "Polygon", "coordinates": [[[8432.4, 3976.6], [8430.6, 3976.9], [8429.2, 3976.6], [8427.9, 3975.0], [8424.9, 3973.9], [8421.4, 3973.4], [8419.8, 3971.5], [8421.9, 3970.4], [8424.6, 3969.9], [8428.1, 3969.9], [8430.8, 3971.5], [8432.4, 3976.6]]]}}, {"type": "Feature", "properties": {"OBJECTID": 373, "id": null, "name": null, "continent": null, "S2": null, "Shape__Area": 24155704.657714844, "Shape__Length": 19420.139889491926}, "geometry": {"type": "Polygon", "coordinates": [[[8485.5, 3904.2], [8488.2, 3904.7], [8487.3, 3906.3], [8486.3, 3907.6], [8485.2, 3907.6], [8483.9, 3906.6], [8485.5, 3904.2]]]}}, {"type": "Feature", "properties": {"OBJECTID": 374, "id": null, "name": null, "continent": null, "S2": null, "Shape__Area": 23299794.365234375, "Shape__Length": 18590.168135073072}, "geometry": {"type": "Polygon", "coordinates": [[[8545.5, 3888.6], [8545.7, 3890.7], [8544.1, 3892.1], [8542.5, 3891.3], [8542.5, 3888.9], [8545.5, 3888.6]]]}}, {"type": "Feature", "properties": {"OBJECTID": 377, "id": null, "name": null, "continent": null, "S2": null, "Shape__Area": 112409619.7890625, "Shape__Length": 40723.411666151915}, "geometry": {"type": "Polygon", "coordinates": [[[8491.9, 4052.4], [8492.9, 4055.1], [8491.6, 4057.3], [8491.1, 4058.9], [8488.1, 4058.9], [8485.9, 4058.9], [8484.1, 4057.6], [8484.9, 4055.7], [8487.0, 4052.7], [8491.9, 4052.4]]]}}, {"type": "Feature", "properties": {"OBJECTID": 378, "id": null, "name": null, "continent": null, "S2": null, "Shape__Area": 219778873.08691406, "Shape__Length": 57040.429706149305}, "geometry": {"type": "Polygon", "coordinates": [[[8545.7, 4045.9], [8546.7, 4048.4], [8546.5, 4050.0], [8545.7, 4051.6], [8545.7, 4053.7], [8544.9, 4057.3], [8543.8, 4058.1], [8542.2, 4058.1], [8540.0, 4057.5], [8539.2, 4056.2], [8538.1, 4054.8], [8537.6, 4052.7], [8537.6, 4050.2], [8539.2, 4049.2], [8540.0, 4047.3], [8541.9, 4045.7], [8545.7, 4045.9]]]}}, {"type": "Feature", "properties": {"OBJECTID": 379, "id": null, "name": null, "continent": null, "S2": null, "Shape__Area": 28720562.23095703, "Shape__Length": 20845.20369091251}, "geometry": {"type": "Polygon", "coordinates": [[[8495.4, 3880.1], [8497.0, 3880.6], [8496.5, 3882.5], [8495.7, 3884.1], [8493.5, 3884.1], [8493.3, 3881.4], [8495.4, 3880.1]]]}}, {"type": "Feature", "properties": {"OBJECTID": 383, "id": null, "name": null, "continent": null, "S2": null, "Shape__Area": 69886260.76293945, "Shape__Length": 34016.716312214405}, "geometry": {"type": "Polygon", "coordinates": [[[8480.0, 4247.1], [8481.6, 4248.4], [8482.1, 4250.3], [8480.8, 4251.1], [8478.5, 4251.8], [8476.2, 4251.6], [8473.3, 4250.3], [8474.9, 4248.5], [8480.0, 4247.1]]]}}, {"type": "Feature", "properties": {"OBJECTID": 384, "id": null, "name": null, "continent": null, "S2": null, "Shape__Area": 131124097.42504883, "Shape__Length": 47442.41451668343}, "geometry": {"type": "Polygon", "coordinates": [[[8559.4, 4258.8], [8561.2, 4259.8], [8561.8, 4261.1], [8561.0, 4263.0], [8560.0, 4263.2], [8558.9, 4263.2], [8555.8, 4263.2], [8552.0, 4262.4], [8549.4, 4260.9], [8550.4, 4258.5], [8553.5, 4258.0], [8556.1, 4258.0], [8559.4, 4258.8]]]}}, {"type": "Feature", "properties": {"OBJECTID": 385, "id": null, "name": null, "continent": null, "S2": null, "Shape__Area": 1139495489.019287, "Shape__Length": 169648.80948699365}, "geometry": {"type": "Polygon", "coordinates": [[[8505.6, 4238.5], [8508.7, 4238.8], [8510.5, 4239.8], [8513.5, 4242.2], [8516.6, 4242.7], [8520.0, 4244.8], [8523.3, 4247.1], [8529.0, 4248.4], [8532.6, 4249.7], [8534.9, 4254.4], [8533.4, 4254.9], [8529.8, 4254.9], [8523.9, 4253.6], [8520.2, 4253.9], [8512.0, 4253.9], [8507.6, 4252.3], [8498.8, 4252.3], [8492.1, 4252.3], [8488.8, 4249.7], [8489.1, 4246.6], [8490.6, 4244.3], [8493.4, 4242.4], [8497.6, 4241.9], [8500.4, 4240.6], [8505.6, 4238.5]]]}}, {"type": "Feature", "properties": {"OBJECTID": 386, "id": null, "name": null, "continent": null, "S2": null, "Shape__Area": 74302905.3959961, "Shape__Length": 34808.39149538526}, "geometry": {"type": "Polygon", "coordinates": [[[8673.9, 4365.9], [8678.2, 4367.6], [8677.9, 4370.0], [8676.5, 4369.8], [8672.6, 4371.9], [8670.5, 4370.6], [8670.8, 4368.3], [8673.9, 4365.9]]]}}, {"type": "Feature", "properties": {"OBJECTID": 387, "id": null, "name": null, "continent": null, "S2": null, "Shape__Area": 236269706.9987793, "Shape__Length": 67093.32661720258}, "geometry": {"type": "Polygon", "coordinates": [[[8686.8, 4352.6], [8687.5, 4351.7], [8686.3, 4349.2], [8684.2, 4346.6], [8684.0, 4344.2], [8682.9, 4342.1], [8686.0, 4338.0], [8690.1, 4338.2], [8691.9, 4340.8], [8691.9, 4345.0], [8691.5, 4347.9], [8690.7, 4348.7], [8688.2, 4354.0], [8687.9, 4354.4], [8687.1, 4354.4], [8686.8, 4352.6]]]}}, {"type": "Feature", "properties": {"OBJECTID": 388, "id": null, "name": null, "continent": null, "S2": null, "Shape__Area": 164669502.2470703, "Shape__Length": 49699.54482414049}, "geometry": {"type": "Polygon", "coordinates": [[[8701.7, 4411.1], [8702.7, 4412.4], [8703.3, 4415.0], [8702.2, 4417.4], [8699.4, 4418.7], [8697.3, 4421.1], [8694.5, 4420.3], [8693.5, 4416.9], [8695.0, 4414.8], [8695.8, 4413.7], [8697.1, 4411.4], [8701.7, 4411.1]]]}}, {"type": "Feature", "properties": {"OBJECTID": 389, "id": null, "name": null, "continent": null, "S2": null, "Shape__Area": 21752099.07373047, "Shape__Length": 18281.536910855684}, "geometry": {"type": "Polygon", "coordinates": [[[8713.3, 4405.3], [8714.1, 4406.9], [8713.8, 4407.7], [8712.5, 4409.0], [8710.5, 4408.7], [8710.7, 4406.9], [8713.3, 4405.3]]]}}, {"type": "Feature", "properties": {"OBJECTID": 390, "id": null, "name": null, "continent": null, "S2": null, "Shape__Area": 1995078043.1054688, "Shape__Length": 195799.68058556833}, "geometry": {"type": "Polygon", "coordinates": [[[8899.5, 4381.7], [8900.8, 4383.5], [8902.6, 4386.6], [8902.8, 4390.8], [8901.6, 4394.7], [8902.8, 4398.4], [8903.6, 4402.8], [8901.3, 4406.5], [8899.0, 4407.5], [8897.2, 4408.8], [8895.1, 4410.7], [8895.6, 4413.8], [8892.8, 4422.2], [8890.5, 4426.4], [8887.6, 4426.4], [8884.8, 4427.4], [8881.4, 4428.0], [8879.9, 4425.9], [8879.4, 4422.5], [8878.3, 4419.6], [8877.6, 4416.5], [8877.8, 4412.8], [8879.4, 4409.6], [8881.7, 4406.5], [8882.7, 4401.3], [8883.0, 4397.9], [8884.5, 4391.6], [8884.5, 4387.2], [8884.5, 4384.3], [8887.4, 4384.0], [8890.0, 4382.7], [8892.0, 4381.7], [8895.4, 4381.7], [8899.5, 4381.7]]]}}, {"type": "Feature", "properties": {"OBJECTID": 391, "id": null, "name": null, "continent": null, "S2": null, "Shape__Area": 166329301.8310547, "Shape__Length": 59386.302177366044}, "geometry": {"type": "Polygon", "coordinates": [[[8861.3, 4396.6], [8863.9, 4400.5], [8866.0, 4401.0], [8868.3, 4402.3], [8866.0, 4403.9], [8862.1, 4403.9], [8859.0, 4403.7], [8856.7, 4403.7], [8854.4, 4403.4], [8853.1, 4402.1], [8854.6, 4400.5], [8855.9, 4398.4], [8856.4, 4398.4], [8857.7, 4398.4], [8858.2, 4398.4], [8859.5, 4396.6], [8861.3, 4396.6]]]}}, {"type": "Feature", "properties": {"OBJECTID": 392, "id": null, "name": null, "continent": null, "S2": null, "Shape__Area": 89017625.42358398, "Shape__Length": 41258.252007776624}, "geometry": {"type": "Polygon", "coordinates": [[[8912.1, 4369.4], [8912.4, 4372.0], [8912.1, 4374.6], [8912.9, 4376.7], [8912.6, 4378.8], [8911.1, 4380.1], [8909.6, 4379.6], [8907.7, 4378.0], [8907.8, 4375.4], [8908.5, 4374.1], [8909.8, 4372.2], [8912.1, 4369.4]]]}}, {"type": "Feature", "properties": {"OBJECTID": 393, "id": null, "name": null, "continent": null, "S2": null, "Shape__Area": 527379198.28515625, "Shape__Length": 123708.82129798007}, "geometry": {"type": "Polygon", "coordinates": [[[8828.3, 4345.9], [8832.0, 4344.9], [8835.3, 4345.9], [8835.6, 4348.3], [8835.0, 4349.6], [8833.2, 4351.4], [8827.8, 4351.7], [8826.3, 4354.6], [8823.4, 4355.6], [8814.2, 4354.8], [8810.5, 4354.0], [8806.2, 4353.0], [8802.3, 4353.0], [8802.6, 4349.9], [8806.7, 4348.0], [8812.6, 4348.0], [8818.5, 4348.0], [8824.0, 4348.0], [8828.3, 4345.9]]]}}, {"type": "Feature", "properties": {"OBJECTID": 394, "id": null, "name": null, "continent": null, "S2": null, "Shape__Area": 65431011.856933594, "Shape__Length": 30376.87107401449}, "geometry": {"type": "Polygon", "coordinates": [[[8850.0, 4349.0], [8851.8, 4351.1], [8851.3, 4352.4], [8851.0, 4353.7], [8848.7, 4354.5], [8847.2, 4354.0], [8845.6, 4352.4], [8845.6, 4349.8], [8850.0, 4349.0]]]}}, {"type": "Feature", "properties": {"OBJECTID": 395, "id": null, "name": null, "continent": null, "S2": null, "Shape__Area": 278671467.2558594, "Shape__Length": 76030.75487792659}, "geometry": {"type": "Polygon", "coordinates": [[[8870.4, 4348.5], [8874.0, 4346.7], [8876.8, 4347.7], [8878.6, 4348.2], [8880.2, 4349.3], [8881.5, 4349.3], [8883.8, 4350.8], [8884.0, 4351.9], [8882.5, 4353.5], [8879.9, 4355.0], [8877.6, 4354.8], [8874.8, 4354.5], [8872.9, 4354.0], [8869.3, 4353.2], [8864.7, 4353.2], [8863.9, 4349.6], [8866.0, 4348.5], [8870.4, 4348.5]]]}}, {"type": "Feature", "properties": {"OBJECTID": 396, "id": null, "name": null, "continent": null, "S2": null, "Shape__Area": 124048113.91748047, "Shape__Length": 42476.35359093535}, "geometry": {"type": "Polygon", "coordinates": [[[8863.4, 4363.7], [8863.9, 4366.5], [8863.7, 4368.1], [8860.6, 4368.9], [8858.2, 4368.9], [8855.4, 4368.4], [8854.6, 4365.8], [8855.7, 4363.1], [8858.0, 4362.6], [8863.4, 4363.7]]]}}, {"type": "Feature", "properties": {"OBJECTID": 397, "id": null, "name": null, "continent": null, "S2": null, "Shape__Area": 33021258.403320312, "Shape__Length": 22590.57909876988}, "geometry": {"type": "Polygon", "coordinates": [[[8789.9, 4358.5], [8792.5, 4359.8], [8792.0, 4361.9], [8790.9, 4361.9], [8788.4, 4361.9], [8787.3, 4359.5], [8789.9, 4358.5]]]}}, {"type": "Feature", "properties": {"OBJECTID": 398, "id": null, "name": null, "continent": null, "S2": null, "Shape__Area": 128590719.93334961, "Shape__Length": 46558.29562644943}, "geometry": {"type": "Polygon", "coordinates": [[[8764.4, 4340.8], [8767.5, 4342.1], [8767.0, 4344.2], [8765.7, 4345.7], [8764.4, 4346.0], [8761.3, 4346.5], [8759.5, 4344.4], [8756.1, 4343.4], [8756.9, 4340.5], [8760.3, 4340.0], [8764.4, 4340.8]]]}}, {"type": "Feature", "properties": {"OBJECTID": 399, "id": null, "name": null, "continent": null, "S2": null, "Shape__Area": 38699517.333496094, "Shape__Length": 23980.443304856944}, "geometry": {"type": "Polygon", "coordinates": [[[8763.6, 4289.9], [8763.6, 4293.0], [8761.6, 4293.5], [8759.3, 4291.5], [8760.6, 4288.6], [8763.6, 4289.9]]]}}, {"type": "Feature", "properties": {"OBJECTID": 400, "id": null, "name": null, "continent": null, "S2": null, "Shape__Area": 17296849.665771484, "Shape__Length": 16243.215211522886}, "geometry": {"type": "Polygon", "coordinates": [[[8815.7, 4290.1], [8816.5, 4291.9], [8815.2, 4293.0], [8813.4, 4293.0], [8813.2, 4291.2], [8815.7, 4290.1]]]}}, {"type": "Feature", "properties": {"OBJECTID": 401, "id": null, "name": null, "continent": null, "S2": null, "Shape__Area": 53462990.260009766, "Shape__Length": 28167.130389850645}, "geometry": {"type": "Polygon", "coordinates": [[[8723.7, 4258.1], [8725.0, 4260.0], [8723.4, 4261.3], [8721.6, 4262.6], [8719.0, 4262.0], [8718.3, 4260.0], [8720.3, 4258.1], [8723.7, 4258.1]]]}}, {"type": "Feature", "properties": {"OBJECTID": 402, "id": null, "name": null, "continent": null, "S2": null, "Shape__Area": 93472874.14111328, "Shape__Length": 35261.59288860138}, "geometry": {"type": "Polygon", "coordinates": [[[8725.5, 4246.7], [8726.5, 4248.8], [8726.3, 4251.4], [8724.2, 4253.2], [8722.9, 4253.2], [8720.6, 4251.6], [8720.1, 4249.8], [8720.3, 4247.7], [8722.9, 4245.6], [8725.5, 4246.7]]]}}, {"type": "Feature", "properties": {"OBJECTID": 403, "id": null, "name": null, "continent": null, "S2": null, "Shape__Area": 55210146.576416016, "Shape__Length": 27626.829767596566}, "geometry": {"type": "Polygon", "coordinates": [[[8733.5, 4225.8], [8736.1, 4226.1], [8737.4, 4228.2], [8735.8, 4230.5], [8733.8, 4231.6], [8732.0, 4229.5], [8732.0, 4227.7], [8733.5, 4225.8]]]}}, {"type": "Feature", "properties": {"OBJECTID": 404, "id": null, "name": null, "continent": null, "S2": null, "Shape__Area": 211668014.1369629, "Shape__Length": 65528.30354512166}, "geometry": {"type": "Polygon", "coordinates": [[[8827.6, 4266.6], [8828.1, 4269.5], [8826.8, 4272.6], [8826.3, 4276.5], [8825.0, 4279.9], [8821.9, 4282.0], [8820.1, 4278.9], [8821.7, 4276.0], [8821.7, 4271.9], [8820.9, 4269.3], [8822.2, 4265.6], [8827.6, 4266.6]]]}}, {"type": "Feature", "properties": {"OBJECTID": 405, "id": null, "name": null, "continent": null, "S2": null, "Shape__Area": 508800358.21728516, "Shape__Length": 110670.18797401013}, "geometry": {"type": "Polygon", "coordinates": [[[8897.5, 4113.0], [8898.3, 4109.1], [8899.6, 4102.9], [8900.6, 4098.5], [8902.2, 4097.8], [8904.3, 4101.6], [8904.5, 4104.5], [8905.4, 4109.4], [8907.1, 4110.4], [8909.7, 4112.2], [8909.4, 4113.8], [8908.4, 4115.6], [8908.4, 4116.0], [8908.6, 4117.9], [8909.7, 4117.9], [8911.2, 4120.3], [8912.5, 4121.3], [8910.9, 4122.9], [8906.3, 4121.8], [8903.1, 4121.0], [8896.1, 4117.9], [8896.1, 4115.8], [8897.5, 4113.0]]]}}, {"type": "Feature", "properties": {"OBJECTID": 406, "id": null, "name": null, "continent": null, "S2": null, "Shape__Area": 119592075.92529297, "Shape__Length": 52704.672729461294}, "geometry": {"type": "Polygon", "coordinates": [[[8826.9, 4142.2], [8826.9, 4141.3], [8826.9, 4141.1], [8827.2, 4140.9], [8828.9, 4140.0], [8830.7, 4139.8], [8830.6, 4137.7], [8831.8, 4136.9], [8833.8, 4132.3], [8834.6, 4133.0], [8834.9, 4134.3], [8835.4, 4135.6], [8835.9, 4138.5], [8835.9, 4140.3], [8834.6, 4142.1], [8833.3, 4142.1], [8828.7, 4143.2], [8826.9, 4142.2]]]}}, {"type": "Feature", "properties": {"OBJECTID": 407, "id": null, "name": null, "continent": null, "S2": null, "Shape__Area": 237875361.6142578, "Shape__Length": 72053.41742924163}, "geometry": {"type": "Polygon", "coordinates": [[[8860.4, 4195.3], [8861.7, 4196.6], [8862.7, 4197.1], [8862.7, 4199.2], [8862.4, 4201.3], [8861.1, 4202.6], [8858.1, 4203.4], [8857.8, 4204.9], [8858.1, 4207.3], [8856.5, 4211.2], [8853.4, 4211.2], [8851.1, 4209.1], [8851.1, 4205.7], [8852.1, 4203.4], [8854.4, 4202.6], [8856.0, 4200.3], [8856.5, 4198.2], [8860.4, 4195.3]]]}}, {"type": "Feature", "properties": {"OBJECTID": 408, "id": null, "name": null, "continent": null, "S2": null, "Shape__Area": 18083070.067138672, "Shape__Length": 16477.076676767003}, "geometry": {"type": "Polygon", "coordinates": [[[8855.7, 4240.3], [8857.5, 4241.6], [8856.5, 4243.2], [8854.9, 4243.7], [8853.9, 4241.9], [8855.7, 4240.3]]]}}, {"type": "Feature", "properties": {"OBJECTID": 409, "id": null, "name": null, "continent": null, "S2": null, "Shape__Area": 285333710.3017578, "Shape__Length": 78380.20383149598}, "geometry": {"type": "Polygon", "coordinates": [[[8735.2, 4123.0], [8736.8, 4122.3], [8737.7, 4122.5], [8738.8, 4123.9], [8738.9, 4126.5], [8738.9, 4130.3], [8737.7, 4133.7], [8737.7, 4134.1], [8737.4, 4135.5], [8735.4, 4137.5], [8734.6, 4137.7], [8731.3, 4138.0], [8728.4, 4136.8], [8727.4, 4135.9], [8727.2, 4135.8], [8725.7, 4134.4], [8725.2, 4132.8], [8725.8, 4131.6], [8728.6, 4131.4], [8731.6, 4131.3], [8733.1, 4130.3], [8733.7, 4129.7], [8734.2, 4126.3], [8734.6, 4125.6], [8734.7, 4125.6], [8735.2, 4123.0]]]}}, {"type": "Feature", "properties": {"OBJECTID": 410, "id": null, "name": null, "continent": null, "S2": null, "Shape__Area": 153138269.87524414, "Shape__Length": 51569.28309758342}, "geometry": {"type": "Polygon", "coordinates": [[[8792.3, 4235.4], [8795.4, 4234.4], [8796.7, 4234.9], [8797.7, 4237.0], [8796.4, 4239.3], [8796.4, 4241.4], [8795.4, 4243.8], [8795.1, 4245.3], [8792.3, 4246.9], [8790.2, 4245.3], [8790.0, 4243.2], [8791.3, 4240.6], [8792.3, 4235.4]]]}}, {"type": "Feature", "properties": {"OBJECTID": 411, "id": null, "name": null, "continent": null, "S2": null, "Shape__Area": 28478651.489257812, "Shape__Length": 20500.6935222347}, "geometry": {"type": "Polygon", "coordinates": [[[8806.2, 4226.6], [8808.3, 4227.1], [8807.8, 4228.9], [8806.7, 4230.5], [8804.7, 4230.2], [8804.2, 4228.1], [8806.2, 4226.6]]]}}, {"type": "Feature", "properties": {"OBJECTID": 412, "id": null, "name": null, "continent": null, "S2": null, "Shape__Area": 14938188.39868164, "Shape__Length": 15322.158769591777}, "geometry": {"type": "Polygon", "coordinates": [[[8985.4, 4274.6], [8987.0, 4276.4], [8985.7, 4277.2], [8984.4, 4277.2], [8983.3, 4275.4], [8985.4, 4274.6]]]}}, {"type": "Feature", "properties": {"OBJECTID": 413, "id": null, "name": null, "continent": null, "S2": null, "Shape__Area": 21402667.751464844, "Shape__Length": 18791.065492264937}, "geometry": {"type": "Polygon", "coordinates": [[[8984.6, 4266.5], [8987.2, 4266.2], [8986.7, 4268.9], [8985.7, 4269.4], [8983.3, 4269.1], [8984.6, 4266.5]]]}}, {"type": "Feature", "properties": {"OBJECTID": 414, "id": null, "name": null, "continent": null, "S2": null, "Shape__Area": 72244922.4477539, "Shape__Length": 33776.56915129615}, "geometry": {"type": "Polygon", "coordinates": [[[8971.8, 4245.7], [8973.0, 4246.7], [8974.3, 4247.2], [8973.8, 4248.8], [8973.8, 4250.4], [8973.3, 4252.5], [8972.0, 4253.2], [8971.0, 4252.2], [8969.4, 4251.2], [8967.9, 4249.6], [8969.2, 4248.0], [8971.8, 4245.7]]]}}, {"type": "Feature", "properties": {"OBJECTID": 415, "id": null, "name": null, "continent": null, "S2": null, "Shape__Area": 126057343.15039062, "Shape__Length": 55927.75264709826}, "geometry": {"type": "Polygon", "coordinates": [[[8929.8, 4094.1], [8931.8, 4099.0], [8931.1, 4101.9], [8930.3, 4103.7], [8931.1, 4106.3], [8929.8, 4108.1], [8926.9, 4108.1], [8925.4, 4106.3], [8926.4, 4104.5], [8928.0, 4101.6], [8928.5, 4099.8], [8927.7, 4097.7], [8928.2, 4094.6], [8929.8, 4094.1]]]}}, {"type": "Feature", "properties": {"OBJECTID": 416, "id": null, "name": null, "continent": null, "S2": null, "Shape__Area": 52589411.369140625, "Shape__Length": 29438.23855687234}, "geometry": {"type": "Polygon", "coordinates": [[[8898.3, 4177.4], [8899.8, 4178.4], [8899.1, 4180.7], [8897.0, 4183.6], [8894.7, 4182.8], [8893.6, 4181.3], [8898.3, 4177.4]]]}}, {"type": "Feature", "properties": {"OBJECTID": 417, "id": null, "name": null, "continent": null, "S2": null, "Shape__Area": 51016970.85888672, "Shape__Length": 28956.67206993507}, "geometry": {"type": "Polygon", "coordinates": [[[8948.6, 4148.5], [8950.4, 4150.3], [8949.6, 4152.1], [8948.8, 4154.7], [8945.5, 4154.7], [8945.7, 4151.6], [8948.6, 4148.5]]]}}, {"type": "Feature", "properties": {"OBJECTID": 418, "id": null, "name": null, "continent": null, "S2": null, "Shape__Area": 33182189.900878906, "Shape__Length": 22808.289464713205}, "geometry": {"type": "Polygon", "coordinates": [[[8594.7, 4221.9], [8596.0, 4224.8], [8595.3, 4226.8], [8593.0, 4227.1], [8592.1, 4224.5], [8594.7, 4221.9]]]}}, {"type": "Feature", "properties": {"OBJECTID": 419, "id": null, "name": null, "continent": null, "S2": null, "Shape__Area": 179771865.39453125, "Shape__Length": 69353.91377370288}, "geometry": {"type": "Polygon", "coordinates": [[[8582.9, 4218.6], [8580.3, 4218.3], [8579.3, 4215.6], [8579.0, 4212.3], [8579.0, 4208.4], [8575.7, 4207.1], [8575.1, 4204.1], [8577.4, 4201.5], [8581.3, 4202.5], [8581.9, 4204.8], [8581.9, 4207.7], [8582.3, 4211.0], [8582.9, 4218.6]]]}}, {"type": "Feature", "properties": {"OBJECTID": 420, "id": null, "name": null, "continent": null, "S2": null, "Shape__Area": 386285495.1738281, "Shape__Length": 96834.99397418251}, "geometry": {"type": "Polygon", "coordinates": [[[8557.8, 4195.2], [8559.1, 4200.8], [8558.4, 4208.7], [8557.5, 4207.7], [8556.5, 4204.8], [8552.9, 4200.8], [8549.6, 4200.5], [8546.4, 4198.9], [8546.7, 4196.6], [8547.3, 4192.9], [8545.4, 4191.3], [8546.7, 4185.4], [8549.3, 4187.4], [8551.3, 4188.3], [8557.8, 4195.2]]]}}, {"type": "Feature", "properties": {"OBJECTID": 421, "id": null, "name": null, "continent": null, "S2": null, "Shape__Area": 145609610.3461914, "Shape__Length": 46935.74766723663}, "geometry": {"type": "Polygon", "coordinates": [[[8577.1, 4178.8], [8578.7, 4182.7], [8578.4, 4187.7], [8576.7, 4189.6], [8573.5, 4188.3], [8572.2, 4185.7], [8572.5, 4182.7], [8572.8, 4179.1], [8577.1, 4178.8]]]}}, {"type": "Feature", "properties": {"OBJECTID": 422, "id": null, "name": null, "continent": null, "S2": null, "Shape__Area": 57963825.12841797, "Shape__Length": 31532.97317728818}, "geometry": {"type": "Polygon", "coordinates": [[[8562.1, 4162.0], [8563.4, 4164.3], [8563.0, 4167.9], [8562.7, 4169.6], [8560.7, 4170.2], [8560.1, 4168.6], [8559.8, 4166.3], [8559.8, 4163.7], [8562.1, 4162.0]]]}}, {"type": "Feature", "properties": {"OBJECTID": 423, "id": null, "name": null, "continent": null, "S2": null, "Shape__Area": 17921182.795654297, "Shape__Length": 17643.827595277697}, "geometry": {"type": "Polygon", "coordinates": [[[8572.8, 4160.4], [8574.5, 4162.3], [8572.5, 4164.3], [8570.9, 4163.7], [8572.8, 4160.4]]]}}, {"type": "Feature", "properties": {"OBJECTID": 424, "id": null, "name": null, "continent": null, "S2": null, "Shape__Area": 113687503.359375, "Shape__Length": 41156.1702044305}, "geometry": {"type": "Polygon", "coordinates": [[[8581.3, 4145.6], [8584.6, 4146.6], [8584.6, 4149.9], [8584.3, 4152.5], [8582.9, 4155.1], [8579.7, 4154.5], [8578.7, 4152.5], [8578.7, 4149.5], [8581.3, 4145.6]]]}}, {"type": "Feature", "properties": {"OBJECTID": 425, "id": null, "name": null, "continent": null, "S2": null, "Shape__Area": 25481682.263916016, "Shape__Length": 20254.04015128922}, "geometry": {"type": "Polygon", "coordinates": [[[8589.5, 4143.6], [8591.4, 4144.9], [8591.1, 4146.9], [8589.8, 4148.2], [8587.8, 4147.5], [8589.5, 4143.6]]]}}, {"type": "Feature", "properties": {"OBJECTID": 426, "id": null, "name": null, "continent": null, "S2": null, "Shape__Area": 47323123.42578125, "Shape__Length": 26161.950362483127}, "geometry": {"type": "Polygon", "coordinates": [[[8545.7, 4145.6], [8548.0, 4145.0], [8549.3, 4146.9], [8549.3, 4149.2], [8548.3, 4150.9], [8546.7, 4150.9], [8545.4, 4148.6], [8545.7, 4145.6]]]}}, {"type": "Feature", "properties": {"OBJECTID": 427, "id": null, "name": null, "continent": null, "S2": null, "Shape__Area": 42842827.03857422, "Shape__Length": 25128.94510397209}, "geometry": {"type": "Polygon", "coordinates": [[[8538.2, 4136.4], [8541.2, 4136.4], [8542.1, 4139.4], [8539.9, 4141.4], [8537.6, 4140.4], [8538.2, 4136.4]]]}}, {"type": "Feature", "properties": {"OBJECTID": 428, "id": null, "name": null, "continent": null, "S2": null, "Shape__Area": 936521809.107666, "Shape__Length": 157744.12744207887}, "geometry": {"type": "Polygon", "coordinates": [[[8553.6, 4099.0], [8551.6, 4102.0], [8551.6, 4104.6], [8555.9, 4104.9], [8559.5, 4104.9], [8561.1, 4106.6], [8562.1, 4109.8], [8555.9, 4116.1], [8553.3, 4120.0], [8551.0, 4123.3], [8549.0, 4124.3], [8548.4, 4126.6], [8546.1, 4126.9], [8543.5, 4126.6], [8542.8, 4121.7], [8546.1, 4117.4], [8548.0, 4115.4], [8546.1, 4111.8], [8544.8, 4109.5], [8541.8, 4107.2], [8541.2, 4104.6], [8541.5, 4100.7], [8544.1, 4098.4], [8545.8, 4095.7], [8550.3, 4093.8], [8552.9, 4093.8], [8554.9, 4095.4], [8553.6, 4099.0]]]}}, {"type": "Feature", "properties": {"OBJECTID": 429, "id": null, "name": null, "continent": null, "S2": null, "Shape__Area": 38642550.693847656, "Shape__Length": 24554.022646946527}, "geometry": {"type": "Polygon", "coordinates": [[[8600.3, 4128.5], [8599.6, 4131.5], [8597.3, 4131.1], [8595.0, 4128.8], [8596.3, 4126.9], [8600.3, 4128.5]]]}}, {"type": "Feature", "properties": {"OBJECTID": 430, "id": null, "name": null, "continent": null, "S2": null, "Shape__Area": 28561885.318847656, "Shape__Length": 20450.06882008773}, "geometry": {"type": "Polygon", "coordinates": [[[8608.4, 4121.3], [8609.7, 4122.9], [8608.7, 4124.9], [8607.4, 4125.9], [8606.1, 4125.2], [8606.1, 4122.6], [8608.4, 4121.3]]]}}, {"type": "Feature", "properties": {"OBJECTID": 431, "id": null, "name": null, "continent": null, "S2": null, "Shape__Area": 965223704.2631836, "Shape__Length": 183751.00035758474}, "geometry": {"type": "Polygon", "coordinates": [[[8590.8, 4060.0], [8588.5, 4065.6], [8588.2, 4068.5], [8591.5, 4071.8], [8593.8, 4074.1], [8594.1, 4080.6], [8594.4, 4094.4], [8593.4, 4100.3], [8590.5, 4103.9], [8586.9, 4104.9], [8584.6, 4101.9], [8586.2, 4096.0], [8586.6, 4091.8], [8588.5, 4084.9], [8586.2, 4081.0], [8584.0, 4077.7], [8582.3, 4075.1], [8582.0, 4070.8], [8583.0, 4064.3], [8582.7, 4061.0], [8584.3, 4055.8], [8586.9, 4055.4], [8588.9, 4055.4], [8590.8, 4060.0]]]}}, {"type": "Feature", "properties": {"OBJECTID": 432, "id": null, "name": null, "continent": null, "S2": null, "Shape__Area": 65804343.07763672, "Shape__Length": 32313.85234926416}, "geometry": {"type": "Polygon", "coordinates": [[[8563.4, 4077.7], [8565.7, 4076.4], [8566.7, 4078.4], [8567.0, 4081.0], [8566.0, 4082.6], [8565.0, 4083.9], [8562.4, 4083.9], [8562.4, 4081.3], [8563.4, 4077.7]]]}}, {"type": "Feature", "properties": {"OBJECTID": 433, "id": null, "name": null, "continent": null, "S2": null, "Shape__Area": 283798730.796875, "Shape__Length": 77355.5044650207}, "geometry": {"type": "Polygon", "coordinates": [[[8603.2, 4037.1], [8607.8, 4038.1], [8610.7, 4039.7], [8610.7, 4041.4], [8607.8, 4043.6], [8604.9, 4044.0], [8600.3, 4045.6], [8596.4, 4049.9], [8592.8, 4049.5], [8593.1, 4045.9], [8595.7, 4042.7], [8598.3, 4040.4], [8603.2, 4037.1]]]}}, {"type": "Feature", "properties": {"OBJECTID": 434, "id": null, "name": null, "continent": null, "S2": null, "Shape__Area": 37662485.626464844, "Shape__Length": 24118.12670473835}, "geometry": {"type": "Polygon", "coordinates": [[[8621.2, 4083.6], [8623.1, 4085.5], [8622.1, 4086.8], [8620.2, 4087.2], [8617.2, 4086.2], [8617.9, 4084.2], [8621.2, 4083.6]]]}}, {"type": "Feature", "properties": {"OBJECTID": 435, "id": null, "name": null, "continent": null, "S2": null, "Shape__Area": 386145485.23291016, "Shape__Length": 84841.37981576563}, "geometry": {"type": "Polygon", "coordinates": [[[8637.8, 4057.0], [8637.2, 4062.9], [8638.5, 4067.2], [8640.1, 4069.5], [8638.1, 4072.7], [8636.2, 4074.1], [8632.6, 4074.1], [8629.0, 4074.4], [8626.7, 4074.4], [8626.1, 4070.8], [8628.7, 4066.9], [8630.6, 4064.6], [8631.0, 4062.6], [8631.9, 4060.6], [8633.6, 4058.0], [8634.6, 4056.7], [8637.8, 4057.0]]]}}, {"type": "Feature", "properties": {"OBJECTID": 436, "id": null, "name": null, "continent": null, "S2": null, "Shape__Area": 81485377.75878906, "Shape__Length": 37940.504184923535}, "geometry": {"type": "Polygon", "coordinates": [[[8643.7, 4059.0], [8648.3, 4056.4], [8649.6, 4059.6], [8648.3, 4060.0], [8647.9, 4061.6], [8646.0, 4064.2], [8641.7, 4061.9], [8643.7, 4059.0]]]}}, {"type": "Feature", "properties": {"OBJECTID": 437, "id": null, "name": null, "continent": null, "S2": null, "Shape__Area": 163250774.0258789, "Shape__Length": 50822.40681941596}, "geometry": {"type": "Polygon", "coordinates": [[[8643.4, 4018.5], [8647.0, 4018.1], [8649.3, 4018.4], [8649.6, 4021.1], [8645.3, 4025.3], [8640.8, 4026.9], [8638.2, 4025.3], [8639.1, 4022.4], [8643.4, 4018.5]]]}}, {"type": "Feature", "properties": {"OBJECTID": 438, "id": null, "name": null, "continent": null, "S2": null, "Shape__Area": 52923492.91845703, "Shape__Length": 27388.515274337842}, "geometry": {"type": "Polygon", "coordinates": [[[8652.5, 4025.6], [8655.1, 4026.6], [8655.5, 4028.9], [8653.5, 4030.9], [8650.9, 4030.9], [8649.9, 4028.6], [8652.5, 4025.6]]]}}, {"type": "Feature", "properties": {"OBJECTID": 439, "id": null, "name": null, "continent": null, "S2": null, "Shape__Area": 33742227.07421875, "Shape__Length": 22580.989242008767}, "geometry": {"type": "Polygon", "coordinates": [[[8661.3, 4047.5], [8663.9, 4046.5], [8665.6, 4048.8], [8663.0, 4050.8], [8660.7, 4050.1], [8661.3, 4047.5]]]}}, {"type": "Feature", "properties": {"OBJECTID": 440, "id": null, "name": null, "continent": null, "S2": null, "Shape__Area": 42702818.287109375, "Shape__Length": 25408.60230141176}, "geometry": {"type": "Polygon", "coordinates": [[[8660.1, 3935.3], [8662.7, 3937.0], [8663.0, 3938.3], [8660.7, 3939.9], [8658.8, 3939.9], [8657.1, 3938.6], [8660.1, 3935.3]]]}}, {"type": "Feature", "properties": {"OBJECTID": 441, "id": null, "name": null, "continent": null, "S2": null, "Shape__Area": 232135321.2680664, "Shape__Length": 70389.14516854605}, "geometry": {"type": "Polygon", "coordinates": [[[8671.8, 3942.5], [8677.7, 3944.1], [8681.0, 3944.4], [8683.9, 3946.7], [8683.9, 3950.9], [8684.2, 3954.5], [8681.6, 3956.5], [8678.0, 3952.6], [8677.7, 3949.6], [8675.4, 3948.3], [8673.1, 3946.1], [8671.2, 3945.4], [8671.8, 3942.5]]]}}, {"type": "Feature", "properties": {"OBJECTID": 442, "id": null, "name": null, "continent": null, "S2": null, "Shape__Area": 36402402.65917969, "Shape__Length": 23329.16312886413}, "geometry": {"type": "Polygon", "coordinates": [[[8663.0, 3946.4], [8663.7, 3948.7], [8662.4, 3950.0], [8661.7, 3950.9], [8659.1, 3949.0], [8660.1, 3946.4], [8663.0, 3946.4]]]}}, {"type": "Feature", "properties": {"OBJECTID": 443, "id": null, "name": null, "continent": null, "S2": null, "Shape__Area": 8960591.397949219, "Shape__Length": 12407.250141579505}, "geometry": {"type": "Polygon", "coordinates": [[[8660.4, 3957.5], [8661.7, 3958.4], [8661.7, 3960.1], [8659.4, 3959.1], [8660.4, 3957.5]]]}}, {"type": "Feature", "properties": {"OBJECTID": 444, "id": null, "name": null, "continent": null, "S2": null, "Shape__Area": 72944814.28125, "Shape__Length": 41553.38768354932}, "geometry": {"type": "Polygon", "coordinates": [[[8654.2, 3965.9], [8656.1, 3965.6], [8658.1, 3967.9], [8658.8, 3970.2], [8658.1, 3975.7], [8656.5, 3975.7], [8656.5, 3974.4], [8655.8, 3971.5], [8655.5, 3969.2], [8653.5, 3967.9], [8654.2, 3965.9]]]}}, {"type": "Feature", "properties": {"OBJECTID": 445, "id": null, "name": null, "continent": null, "S2": null, "Shape__Area": 139729222.29492188, "Shape__Length": 49912.58486043042}, "geometry": {"type": "Polygon", "coordinates": [[[8671.8, 3964.6], [8674.4, 3965.6], [8677.4, 3966.2], [8678.3, 3970.1], [8678.0, 3972.8], [8675.7, 3975.7], [8673.8, 3976.7], [8672.8, 3975.0], [8672.8, 3972.4], [8671.8, 3964.6]]]}}, {"type": "Feature", "properties": {"OBJECTID": 446, "id": null, "name": null, "continent": null, "S2": null, "Shape__Area": 31362069.521972656, "Shape__Length": 21627.36709063701}, "geometry": {"type": "Polygon", "coordinates": [[[8670.5, 3985.8], [8672.5, 3987.8], [8671.5, 3990.4], [8669.5, 3990.4], [8668.2, 3988.4], [8670.5, 3985.8]]]}}, {"type": "Feature", "properties": {"OBJECTID": 447, "id": null, "name": null, "continent": null, "S2": null, "Shape__Area": 72104759.10351562, "Shape__Length": 37372.93494005985}, "geometry": {"type": "Polygon", "coordinates": [[[8665.6, 3999.2], [8666.9, 4000.5], [8669.5, 4003.1], [8669.2, 4005.4], [8668.9, 4008.3], [8666.2, 4008.6], [8665.3, 4005.4], [8665.6, 3999.2]]]}}, {"type": "Feature", "properties": {"OBJECTID": 448, "id": null, "name": null, "continent": null, "S2": null, "Shape__Area": 70004620.11035156, "Shape__Length": 37765.72107669377}, "geometry": {"type": "Polygon", "coordinates": [[[8674.1, 4009.3], [8676.0, 4010.6], [8675.1, 4013.5], [8673.4, 4014.2], [8672.4, 4015.5], [8670.8, 4017.5], [8668.2, 4014.2], [8671.8, 4011.9], [8674.1, 4009.3]]]}}, {"type": "Feature", "properties": {"OBJECTID": 449, "id": null, "name": null, "continent": null, "S2": null, "Shape__Area": 7280480.5634765625, "Shape__Length": 11346.760426237335}, "geometry": {"type": "Polygon", "coordinates": [[[8677.4, 3866.5], [8679.0, 3867.8], [8678.1, 3869.1], [8676.7, 3867.1], [8677.4, 3866.5]]]}}, {"type": "Feature", "properties": {"OBJECTID": 450, "id": null, "name": null, "continent": null, "S2": null, "Shape__Area": 5880388.2373046875, "Shape__Length": 10712.660230202262}, "geometry": {"type": "Polygon", "coordinates": [[[8720.8, 3860.9], [8722.5, 3860.6], [8723.1, 3860.9], [8721.1, 3862.6], [8720.8, 3860.9]]]}}, {"type": "Feature", "properties": {"OBJECTID": 451, "id": null, "name": null, "continent": null, "S2": null, "Shape__Area": 5600369.783203125, "Shape__Length": 9525.019199997187}, "geometry": {"type": "Polygon", "coordinates": [[[8815.5, 3797.5], [8817.1, 3797.5], [8817.1, 3798.8], [8815.5, 3798.8], [8815.5, 3797.5]]]}}, {"type": "Feature", "properties": {"OBJECTID": 452, "id": null, "name": null, "continent": null, "S2": null, "Shape__Area": 125588289.88134766, "Shape__Length": 49969.3670442777}, "geometry": {"type": "Polygon", "coordinates": [[[8997.4, 3728.4], [9000.0, 3728.1], [9001.6, 3728.8], [9000.0, 3730.7], [9000.3, 3732.9], [8999.3, 3735.5], [8997.7, 3735.8], [8994.8, 3736.8], [8991.8, 3737.1], [8991.8, 3734.6], [8995.7, 3731.3], [8997.4, 3728.4]]]}}, {"type": "Feature", "properties": {"OBJECTID": 453, "id": null, "name": null, "continent": null, "S2": null, "Shape__Area": 43682883.80517578, "Shape__Length": 25376.80943034217}, "geometry": {"type": "Polygon", "coordinates": [[[9010.1, 3732.6], [9011.7, 3733.6], [9012.1, 3735.5], [9010.4, 3736.8], [9007.2, 3737.1], [9007.5, 3733.6], [9010.1, 3732.6]]]}}, {"type": "Feature", "properties": {"OBJECTID": 454, "id": null, "name": null, "continent": null, "S2": null, "Shape__Area": 178651791.44384766, "Shape__Length": 65109.558399509166}, "geometry": {"type": "Polygon", "coordinates": [[[9002.3, 3755.1], [9011.4, 3754.2], [9015.0, 3754.1], [9017.6, 3756.1], [9017.6, 3759.9], [9017.3, 3761.9], [9014.0, 3761.6], [9013.3, 3759.0], [9011.1, 3759.0], [9008.1, 3758.7], [9004.9, 3757.4], [9003.9, 3756.7], [9002.3, 3755.1]]]}}, {"type": "Feature", "properties": {"OBJECTID": 455, "id": null, "name": null, "continent": null, "S2": null, "Shape__Area": 100666643.78613281, "Shape__Length": 38850.34956626245}, "geometry": {"type": "Polygon", "coordinates": [[[9083.6, 3704.3], [9085.8, 3704.3], [9087.1, 3705.9], [9087.1, 3708.1], [9086.2, 3709.4], [9085.5, 3710.7], [9083.6, 3711.4], [9079.3, 3710.4], [9080.3, 3709.1], [9080.9, 3706.5], [9083.6, 3704.3]]]}}, {"type": "Feature", "properties": {"OBJECTID": 456, "id": null, "name": null, "continent": null, "S2": null, "Shape__Area": 229615154.06591797, "Shape__Length": 82606.44874160047}, "geometry": {"type": "Polygon", "coordinates": [[[9053.8, 3787.3], [9054.8, 3789.2], [9054.8, 3789.6], [9055.1, 3792.1], [9055.1, 3793.7], [9056.7, 3796.3], [9057.4, 3799.2], [9056.7, 3802.1], [9055.4, 3804.4], [9054.5, 3807.3], [9052.8, 3808.6], [9050.9, 3808.6], [9048.3, 3806.3], [9050.2, 3803.1], [9051.2, 3801.8], [9053.2, 3799.9], [9053.2, 3797.0], [9052.2, 3795.7], [9051.5, 3792.1], [9053.8, 3787.3]]]}}, {"type": "Feature", "properties": {"OBJECTID": 457, "id": null, "name": null, "continent": null, "S2": null, "Shape__Area": 239275792.34277344, "Shape__Length": 79225.61134651575}, "geometry": {"type": "Polygon", "coordinates": [[[9003.2, 3886.3], [9002.8, 3888.9], [9002.2, 3892.5], [9000.2, 3893.5], [9000.2, 3895.7], [9001.2, 3897.0], [9000.6, 3899.6], [8997.9, 3900.9], [8995.3, 3902.5], [8993.1, 3902.5], [8990.8, 3901.6], [8990.8, 3900.0], [8993.4, 3899.0], [8996.0, 3897.0], [8995.3, 3895.7], [8995.3, 3892.2], [8998.0, 3888.3], [9003.2, 3886.3]]]}}, {"type": "Feature", "properties": {"OBJECTID": 458, "id": null, "name": null, "continent": null, "S2": null, "Shape__Area": 270077824.18652344, "Shape__Length": 69721.82550614754}, "geometry": {"type": "Polygon", "coordinates": [[[8980.0, 3865.9], [8987.5, 3865.9], [8992.4, 3866.5], [8993.7, 3869.8], [8994.4, 3872.7], [8994.4, 3875.9], [8991.8, 3876.6], [8988.2, 3876.6], [8986.5, 3875.6], [8985.9, 3874.0], [8985.6, 3872.4], [8985.6, 3871.4], [8983.9, 3870.4], [8981.6, 3869.1], [8980.0, 3865.9]]]}}, {"type": "Feature", "properties": {"OBJECTID": 459, "id": null, "name": null, "continent": null, "S2": null, "Shape__Area": 93666181.75634766, "Shape__Length": 37116.80544791259}, "geometry": {"type": "Polygon", "coordinates": [[[9215.7, 3822.7], [9217.0, 3826.5], [9215.1, 3827.8], [9212.8, 3827.8], [9209.5, 3827.5], [9209.2, 3825.9], [9210.8, 3822.0], [9215.7, 3822.7]]]}}, {"type": "Feature", "properties": {"OBJECTID": 460, "id": null, "name": null, "continent": null, "S2": null, "Shape__Area": 295279487.36083984, "Shape__Length": 94407.26103181831}, "geometry": {"type": "Polygon", "coordinates": [[[9327.7, 3863.0], [9329.9, 3865.6], [9330.9, 3868.5], [9331.6, 3870.5], [9334.2, 3872.4], [9335.8, 3873.7], [9337.5, 3874.7], [9338.4, 3876.6], [9336.5, 3880.5], [9336.5, 3882.1], [9335.8, 3886.0], [9332.6, 3885.4], [9331.6, 3882.5], [9331.9, 3880.2], [9331.6, 3874.4], [9327.3, 3872.4], [9325.0, 3870.2], [9326.0, 3866.9], [9327.7, 3863.0]]]}}, {"type": "Feature", "properties": {"OBJECTID": 461, "id": null, "name": null, "continent": null, "S2": null, "Shape__Area": 33742226.99609375, "Shape__Length": 23242.60062844094}, "geometry": {"type": "Polygon", "coordinates": [[[9344.0, 3874.0], [9345.3, 3875.6], [9345.6, 3878.6], [9343.3, 3879.5], [9341.7, 3877.6], [9344.0, 3874.0]]]}}, {"type": "Feature", "properties": {"OBJECTID": 462, "id": null, "name": null, "continent": null, "S2": null, "Shape__Area": 86245692.33642578, "Shape__Length": 37484.37823131208}, "geometry": {"type": "Polygon", "coordinates": [[[9340.7, 3908.1], [9342.0, 3909.4], [9343.0, 3911.3], [9343.3, 3915.2], [9340.4, 3917.2], [9338.1, 3916.5], [9337.8, 3913.6], [9338.7, 3912.0], [9339.7, 3910.4], [9340.7, 3908.1]]]}}, {"type": "Feature", "properties": {"OBJECTID": 463, "id": null, "name": null, "continent": null, "S2": null, "Shape__Area": 110467291.39550781, "Shape__Length": 46728.82023885773}, "geometry": {"type": "Polygon", "coordinates": [[[9346.3, 3842.6], [9345.6, 3845.2], [9346.0, 3846.5], [9345.3, 3848.8], [9343.0, 3850.4], [9340.4, 3850.1], [9340.4, 3848.1], [9342.4, 3846.5], [9341.4, 3844.9], [9340.1, 3842.0], [9343.0, 3840.3], [9346.3, 3842.6]]]}}, {"type": "Feature", "properties": {"OBJECTID": 464, "id": null, "name": null, "continent": null, "S2": null, "Shape__Area": 15541025.745605469, "Shape__Length": 15257.148452994807}, "geometry": {"type": "Polygon", "coordinates": [[[9343.3, 3831.3], [9344.7, 3831.6], [9344.3, 3833.9], [9342.7, 3834.2], [9341.7, 3832.3], [9343.3, 3831.3]]]}}, {"type": "Feature", "properties": {"OBJECTID": 465, "id": null, "name": null, "continent": null, "S2": null, "Shape__Area": 130645422.31982422, "Shape__Length": 50572.07920502877}, "geometry": {"type": "Polygon", "coordinates": [[[9334.0, 3792.7], [9335.2, 3794.2], [9338.7, 3796.1], [9341.5, 3796.5], [9341.9, 3797.7], [9341.5, 3799.2], [9339.1, 3800.0], [9336.0, 3798.9], [9334.0, 3798.9], [9331.7, 3798.9], [9329.7, 3797.7], [9330.1, 3795.4], [9334.0, 3792.7]]]}}, {"type": "Feature", "properties": {"OBJECTID": 466, "id": null, "name": null, "continent": null, "S2": null, "Shape__Area": 200202012.9189453, "Shape__Length": 65121.449385688364}, "geometry": {"type": "Polygon", "coordinates": [[[9338.0, 3752.8], [9340.3, 3754.8], [9343.8, 3755.2], [9343.0, 3758.2], [9343.0, 3761.7], [9341.1, 3761.7], [9338.3, 3759.0], [9336.4, 3757.5], [9332.9, 3757.1], [9331.7, 3752.5], [9332.5, 3749.8], [9336.0, 3749.8], [9338.0, 3752.8]]]}}, {"type": "Feature", "properties": {"OBJECTID": 467, "id": null, "name": null, "continent": null, "S2": null, "Shape__Area": 117338943.47363281, "Shape__Length": 45672.12344017625}, "geometry": {"type": "Polygon", "coordinates": [[[9331.3, 3715.8], [9334.1, 3717.0], [9334.4, 3718.9], [9334.1, 3721.6], [9331.7, 3724.3], [9328.6, 3725.5], [9325.8, 3723.1], [9327.0, 3721.2], [9329.4, 3720.4], [9331.3, 3715.8]]]}}, {"type": "Feature", "properties": {"OBJECTID": 468, "id": null, "name": null, "continent": null, "S2": null, "Shape__Area": 22580690.423828125, "Shape__Length": 18856.941152661006}, "geometry": {"type": "Polygon", "coordinates": [[[9338.8, 3703.1], [9341.5, 3702.3], [9342.3, 3703.5], [9340.3, 3705.8], [9338.8, 3705.8], [9338.8, 3703.1]]]}}, {"type": "Feature", "properties": {"OBJECTID": 469, "id": null, "name": null, "continent": null, "S2": null, "Shape__Area": 85484041.98046875, "Shape__Length": 37333.741364854715}, "geometry": {"type": "Polygon", "coordinates": [[[9347.0, 3684.6], [9348.2, 3686.2], [9349.7, 3688.9], [9349.7, 3691.6], [9349.0, 3693.9], [9347.0, 3693.9], [9345.4, 3692.3], [9344.6, 3688.9], [9347.0, 3684.6]]]}}, {"type": "Feature", "properties": {"OBJECTID": 470, "id": null, "name": null, "continent": null, "S2": null, "Shape__Area": 404234679.84765625, "Shape__Length": 96377.36324829997}, "geometry": {"type": "Polygon", "coordinates": [[[9355.2, 3652.4], [9358.8, 3652.0], [9361.1, 3652.8], [9361.1, 3656.2], [9360.3, 3659.3], [9360.3, 3661.2], [9360.3, 3662.7], [9360.7, 3664.3], [9361.9, 3667.0], [9361.9, 3669.6], [9359.9, 3671.6], [9359.1, 3672.7], [9357.2, 3674.3], [9354.4, 3675.0], [9351.3, 3673.5], [9350.9, 3670.4], [9353.3, 3667.7], [9354.4, 3664.7], [9355.2, 3662.0], [9355.2, 3658.9], [9355.2, 3652.4]]]}}, {"type": "Feature", "properties": {"OBJECTID": 471, "id": null, "name": null, "continent": null, "S2": null, "Shape__Area": 151814819.94140625, "Shape__Length": 52759.87393190118}, "geometry": {"type": "Polygon", "coordinates": [[[9249.5, 3652.1], [9251.0, 3654.8], [9250.3, 3656.7], [9247.5, 3656.7], [9244.8, 3657.8], [9242.8, 3659.8], [9240.5, 3660.5], [9238.9, 3657.9], [9240.1, 3655.2], [9243.6, 3652.9], [9249.5, 3652.1]]]}}, {"type": "Feature", "properties": {"OBJECTID": 472, "id": null, "name": null, "continent": null, "S2": null, "Shape__Area": 143750288.09570312, "Shape__Length": 53192.23342120908}, "geometry": {"type": "Polygon", "coordinates": [[[9157.8, 3637.2], [9155.1, 3636.5], [9154.7, 3636.1], [9151.5, 3635.3], [9150.8, 3633.8], [9147.6, 3632.6], [9147.2, 3630.7], [9148.4, 3628.8], [9150.0, 3629.2], [9151.9, 3630.7], [9154.3, 3630.7], [9157.4, 3631.9], [9159.8, 3634.9], [9157.8, 3637.2]]]}}, {"type": "Feature", "properties": {"OBJECTID": 473, "id": null, "name": null, "continent": null, "S2": null, "Shape__Area": 150000300.01171875, "Shape__Length": 52187.752894122415}, "geometry": {"type": "Polygon", "coordinates": [[[9137.0, 3659.5], [9137.4, 3661.8], [9134.7, 3661.0], [9132.7, 3661.0], [9131.2, 3662.2], [9126.9, 3662.6], [9124.9, 3659.1], [9126.1, 3657.2], [9130.4, 3655.6], [9133.5, 3656.8], [9137.0, 3659.5]]]}}, {"type": "Feature", "properties": {"OBJECTID": 474, "id": null, "name": null, "continent": null, "S2": null, "Shape__Area": 164314844.37597656, "Shape__Length": 60853.58052478681}, "geometry": {"type": "Polygon", "coordinates": [[[9169.5, 3704.0], [9170.7, 3707.9], [9170.7, 3710.2], [9168.8, 3712.5], [9168.7, 3716.3], [9167.2, 3719.0], [9165.6, 3717.1], [9166.0, 3715.2], [9166.0, 3713.3], [9165.2, 3711.0], [9163.3, 3708.7], [9163.7, 3706.0], [9169.5, 3704.0]]]}}, {"type": "Feature", "properties": {"OBJECTID": 475, "id": null, "name": null, "continent": null, "S2": null, "Shape__Area": 35483942.33544922, "Shape__Length": 23027.497471129285}, "geometry": {"type": "Polygon", "coordinates": [[[9156.2, 3711.7], [9157.4, 3713.7], [9156.2, 3716.4], [9153.9, 3715.6], [9153.1, 3712.5], [9156.2, 3711.7]]]}}, {"type": "Feature", "properties": {"OBJECTID": 476, "id": null, "name": null, "continent": null, "S2": null, "Shape__Area": 196976200.06054688, "Shape__Length": 57818.90144706254}, "geometry": {"type": "Polygon", "coordinates": [[[9151.9, 3722.5], [9152.3, 3725.2], [9149.6, 3726.0], [9146.4, 3724.1], [9145.2, 3723.3], [9141.7, 3722.9], [9139.0, 3720.6], [9141.3, 3717.9], [9145.2, 3717.1], [9149.9, 3717.5], [9151.9, 3722.5]]]}}, {"type": "Feature", "properties": {"OBJECTID": 477, "id": null, "name": null, "continent": null, "S2": null, "Shape__Area": 151008366.79833984, "Shape__Length": 54672.423755235715}, "geometry": {"type": "Polygon", "coordinates": [[[9249.0, 3763.7], [9249.4, 3766.8], [9249.4, 3769.5], [9248.6, 3772.6], [9247.1, 3774.2], [9245.5, 3772.2], [9245.5, 3769.9], [9243.9, 3765.7], [9243.2, 3760.6], [9246.7, 3760.3], [9249.0, 3763.7]]]}}, {"type": "Feature", "properties": {"OBJECTID": 478, "id": null, "name": null, "continent": null, "S2": null, "Shape__Area": 910031529.7998047, "Shape__Length": 144208.32389735384}, "geometry": {"type": "Polygon", "coordinates": [[[9642.4, 3756.1], [9643.3, 3757.4], [9646.5, 3757.7], [9650.0, 3758.6], [9654.4, 3760.8], [9656.0, 3762.4], [9655.7, 3765.2], [9653.5, 3765.5], [9650.3, 3764.9], [9644.3, 3764.3], [9639.2, 3764.3], [9634.5, 3764.9], [9628.7, 3764.3], [9625.6, 3764.3], [9621.8, 3762.7], [9620.2, 3759.9], [9621.1, 3758.7], [9624.6, 3757.7], [9624.6, 3755.2], [9624.6, 3752.4], [9628.4, 3749.6], [9634.1, 3750.2], [9640.2, 3751.1], [9642.4, 3756.1]]]}}, {"type": "Feature", "properties": {"OBJECTID": 479, "id": null, "name": null, "continent": null, "S2": null, "Shape__Area": 329802093.6074219, "Shape__Length": 96922.10332515699}, "geometry": {"type": "Polygon", "coordinates": [[[9522.4, 3888.5], [9520.2, 3891.0], [9517.3, 3890.7], [9515.1, 3892.3], [9511.6, 3895.1], [9508.7, 3896.1], [9504.3, 3896.1], [9500.5, 3895.5], [9497.0, 3895.1], [9496.4, 3892.6], [9498.6, 3890.7], [9503.7, 3891.0], [9508.4, 3889.8], [9511.6, 3889.1], [9514.1, 3886.0], [9522.4, 3888.5]]]}}, {"type": "Feature", "properties": {"OBJECTID": 480, "id": null, "name": null, "continent": null, "S2": null, "Shape__Area": 77709534.99316406, "Shape__Length": 32970.967139468084}, "geometry": {"type": "Polygon", "coordinates": [[[9519.1, 3926.0], [9519.9, 3922.7], [9522.2, 3922.0], [9523.7, 3922.3], [9526.5, 3924.8], [9525.2, 3927.0], [9522.7, 3927.6], [9520.4, 3927.1], [9519.1, 3926.0]]]}}, {"type": "Feature", "properties": {"OBJECTID": 481, "id": null, "name": null, "continent": null, "S2": null, "Shape__Area": 652328168.7949219, "Shape__Length": 108730.40368716691}, "geometry": {"type": "Polygon", "coordinates": [[[9539.2, 3920.4], [9551.6, 3921.0], [9557.6, 3922.9], [9559.2, 3927.0], [9560.1, 3931.4], [9560.1, 3936.8], [9557.0, 3939.9], [9553.8, 3940.0], [9550.9, 3938.1], [9550.0, 3933.9], [9549.3, 3932.1], [9546.2, 3929.5], [9543.3, 3927.9], [9540.8, 3926.1], [9539.2, 3923.5], [9539.2, 3920.4]]]}}, {"type": "Feature", "properties": {"OBJECTID": 482, "id": null, "name": null, "continent": null, "S2": null, "Shape__Area": 29500949.50439453, "Shape__Length": 20641.505684351592}, "geometry": {"type": "Polygon", "coordinates": [[[9557.3, 3945.3], [9558.9, 3946.9], [9558.2, 3949.1], [9557.3, 3949.4], [9555.7, 3949.4], [9554.7, 3947.2], [9557.3, 3945.3]]]}}, {"type": "Feature", "properties": {"OBJECTID": 483, "id": null, "name": null, "continent": null, "S2": null, "Shape__Area": 121707952.68603516, "Shape__Length": 47761.101506558116}, "geometry": {"type": "Polygon", "coordinates": [[[9548.1, 3951.3], [9550.0, 3952.6], [9550.3, 3953.6], [9551.2, 3956.1], [9551.2, 3958.0], [9550.6, 3962.4], [9549.3, 3963.7], [9549.0, 3962.1], [9546.5, 3959.9], [9544.6, 3958.3], [9545.8, 3955.8], [9548.1, 3951.3]]]}}, {"type": "Feature", "properties": {"OBJECTID": 484, "id": null, "name": null, "continent": null, "S2": null, "Shape__Area": 195394180.81591797, "Shape__Length": 67340.0239233892}, "geometry": {"type": "Polygon", "coordinates": [[[9538.9, 3977.6], [9541.4, 3977.9], [9542.3, 3980.8], [9542.0, 3983.0], [9540.1, 3986.2], [9538.2, 3989.7], [9535.0, 3992.8], [9533.8, 3992.9], [9531.2, 3992.9], [9530.9, 3990.6], [9534.7, 3986.8], [9537.0, 3983.0], [9538.9, 3977.6]]]}}, {"type": "Feature", "properties": {"OBJECTID": 485, "id": null, "name": null, "continent": null, "S2": null, "Shape__Area": 147849757.53466797, "Shape__Length": 47428.09381664879}, "geometry": {"type": "Polygon", "coordinates": [[[8939.3, 4004.1], [8942.0, 4009.3], [8936.7, 4012.6], [8934.8, 4012.6], [8931.5, 4011.3], [8932.8, 4006.7], [8939.3, 4004.1]]]}}, {"type": "Feature", "properties": {"OBJECTID": 486, "id": null, "name": null, "continent": null, "S2": null, "Shape__Area": 301859921.60253906, "Shape__Length": 88139.89667443623}, "geometry": {"type": "Polygon", "coordinates": [[[8936.7, 4036.8], [8940.6, 4038.1], [8938.7, 4041.3], [8935.4, 4042.0], [8932.1, 4046.6], [8928.2, 4050.5], [8923.7, 4051.8], [8919.1, 4049.9], [8921.0, 4047.2], [8925.0, 4045.3], [8928.2, 4042.0], [8936.7, 4036.8]]]}}, {"type": "Feature", "properties": {"OBJECTID": 487, "id": null, "name": null, "continent": null, "S2": null, "Shape__Area": 53763548.38671875, "Shape__Length": 30572.757475380644}, "geometry": {"type": "Polygon", "coordinates": [[[8941.3, 4047.9], [8945.2, 4050.5], [8940.6, 4053.1], [8937.4, 4050.5], [8941.3, 4047.9]]]}}, {"type": "Feature", "properties": {"OBJECTID": 488, "id": null, "name": null, "continent": null, "S2": null, "Shape__Area": 26321737.178222656, "Shape__Length": 21069.522528792804}, "geometry": {"type": "Polygon", "coordinates": [[[8920.4, 4068.8], [8923.0, 4072.1], [8921.0, 4073.4], [8918.4, 4070.8], [8920.4, 4068.8]]]}}, {"type": "Feature", "properties": {"OBJECTID": 489, "id": null, "name": null, "continent": null, "S2": null, "Shape__Area": 179771865.28808594, "Shape__Length": 51129.960988690866}, "geometry": {"type": "Polygon", "coordinates": [[[9071.2, 3996.8], [9072.5, 4000.1], [9071.9, 4001.4], [9069.9, 4004.0], [9064.7, 4004.0], [9060.8, 4001.4], [9064.0, 3996.2], [9071.2, 3996.8]]]}}, {"type": "Feature", "properties": {"OBJECTID": 491, "id": null, "name": null, "continent": null, "S2": null, "Shape__Area": 1331684900.6064453, "Shape__Length": 201578.37494999246}, "geometry": {"type": "Polygon", "coordinates": [[[9000.0, 4105.8], [8988.9, 4100.2], [8988.9, 4095.0], [8994.6, 4096.0], [8999.4, 4096.9], [9006.6, 4096.9], [9008.5, 4096.0], [9013.1, 4096.9], [9020.8, 4107.7], [9032.0, 4109.4], [9037.1, 4121.9], [9035.3, 4122.5], [9031.4, 4123.8], [9029.4, 4120.5], [9026.4, 4117.7], [9021.7, 4115.2], [9012.4, 4114.0], [9007.9, 4113.3], [9001.3, 4106.8], [9000.0, 4105.8]]]}}, {"type": "Feature", "properties": {"OBJECTID": 492, "id": null, "name": null, "continent": null, "S2": null, "Shape__Area": 137769093.00683594, "Shape__Length": 46341.743656421626}, "geometry": {"type": "Polygon", "coordinates": [[[9103.9, 4047.7], [9106.5, 4050.4], [9103.2, 4054.9], [9101.9, 4054.9], [9096.0, 4054.3], [9096.7, 4049.7], [9103.9, 4047.7]]]}}, {"type": "Feature", "properties": {"OBJECTID": 493, "id": null, "name": null, "continent": null, "S2": null, "Shape__Area": 19601293.735351562, "Shape__Length": 19758.37740260167}, "geometry": {"type": "Polygon", "coordinates": [[[9118.9, 4051.0], [9119.5, 4054.3], [9118.9, 4055.6], [9116.3, 4054.9], [9118.9, 4051.0]]]}}, {"type": "Feature", "properties": {"OBJECTID": 494, "id": null, "name": null, "continent": null, "S2": null, "Shape__Area": 31362070.104003906, "Shape__Length": 23068.500376467797}, "geometry": {"type": "Polygon", "coordinates": [[[9126.7, 4038.6], [9129.3, 4041.8], [9127.4, 4043.1], [9124.1, 4041.8], [9126.7, 4038.6]]]}}, {"type": "Feature", "properties": {"OBJECTID": 495, "id": null, "name": null, "continent": null, "S2": null, "Shape__Area": 211133935.02294922, "Shape__Length": 64349.074741743636}, "geometry": {"type": "Polygon", "coordinates": [[[9310.1, 4068.5], [9316.0, 4068.5], [9314.7, 4073.1], [9310.8, 4073.7], [9307.5, 4077.0], [9301.7, 4075.7], [9300.4, 4071.8], [9304.9, 4070.5], [9310.1, 4068.5]]]}}, {"type": "Feature", "properties": {"OBJECTID": 496, "id": null, "name": null, "continent": null, "S2": null, "Shape__Area": 63844213.97363281, "Shape__Length": 34118.291678738555}, "geometry": {"type": "Polygon", "coordinates": [[[9301.7, 4081.6], [9302.3, 4085.5], [9302.3, 4089.5], [9299.0, 4087.5], [9297.1, 4083.6], [9301.7, 4081.6]]]}}, {"type": "Feature", "properties": {"OBJECTID": 497, "id": null, "name": null, "continent": null, "S2": null, "Shape__Area": 278018757.70410156, "Shape__Length": 81666.87158959136}, "geometry": {"type": "Polygon", "coordinates": [[[9344.6, 4161.4], [9341.4, 4160.2], [9344.7, 4155.0], [9349.9, 4150.4], [9355.2, 4147.2], [9359.1, 4148.5], [9361.4, 4149.7], [9358.5, 4150.9], [9354.6, 4153.3], [9351.9, 4156.8], [9350.0, 4159.5], [9347.5, 4160.5], [9344.6, 4161.4]]]}}, {"type": "Feature", "properties": {"OBJECTID": 498, "id": null, "name": null, "continent": null, "S2": null, "Shape__Area": 140569277.28808594, "Shape__Length": 47984.47633771191}, "geometry": {"type": "Polygon", "coordinates": [[[9386.5, 4107.1], [9388.5, 4111.0], [9387.8, 4115.0], [9386.5, 4118.9], [9383.3, 4118.9], [9381.9, 4115.0], [9381.9, 4111.7], [9386.5, 4107.1]]]}}, {"type": "Feature", "properties": {"OBJECTID": 499, "id": null, "name": null, "continent": null, "S2": null, "Shape__Area": 197693046.92089844, "Shape__Length": 55671.913917209415}, "geometry": {"type": "Polygon", "coordinates": [[[9195.9, 4121.7], [9201.8, 4123.0], [9203.7, 4125.6], [9203.7, 4128.2], [9198.5, 4130.2], [9194.6, 4128.9], [9190.0, 4125.0], [9195.9, 4121.7]]]}}, {"type": "Feature", "properties": {"OBJECTID": 500, "id": null, "name": null, "continent": null, "S2": null, "Shape__Area": 548276185.2539062, "Shape__Length": 132552.72977272427}, "geometry": {"type": "Polygon", "coordinates": [[[9240.3, 4121.7], [9247.5, 4126.9], [9255.3, 4128.2], [9256.6, 4130.8], [9254.0, 4131.5], [9246.1, 4131.5], [9240.3, 4128.2], [9235.0, 4128.2], [9226.6, 4130.9], [9221.3, 4130.9], [9220.0, 4128.2], [9223.3, 4124.3], [9230.5, 4121.7], [9240.3, 4121.7]]]}}, {"type": "Feature", "properties": {"OBJECTID": 501, "id": null, "name": null, "continent": null, "S2": null, "Shape__Area": 43682882.90527344, "Shape__Length": 26554.082155807784}, "geometry": {"type": "Polygon", "coordinates": [[[9255.9, 4108.5], [9257.9, 4111.8], [9255.9, 4113.1], [9252.7, 4113.8], [9253.3, 4109.8], [9255.9, 4108.5]]]}}, {"type": "Feature", "properties": {"OBJECTID": 502, "id": null, "name": null, "continent": null, "S2": null, "Shape__Area": 52083437.97607422, "Shape__Length": 28155.237248199293}, "geometry": {"type": "Polygon", "coordinates": [[[9271.6, 4109.2], [9273.6, 4113.1], [9271.6, 4115.1], [9269.0, 4113.8], [9267.7, 4111.1], [9271.6, 4109.2]]]}}, {"type": "Feature", "properties": {"OBJECTID": 503, "id": null, "name": null, "continent": null, "S2": null, "Shape__Area": 199968798.02392578, "Shape__Length": 62743.480390751094}, "geometry": {"type": "Polygon", "coordinates": [[[9257.1, 4195.6], [9254.9, 4195.6], [9252.4, 4195.3], [9250.5, 4194.6], [9252.9, 4193.1], [9254.2, 4192.4], [9254.6, 4190.9], [9257.5, 4189.7], [9258.3, 4186.7], [9259.8, 4185.1], [9262.2, 4185.7], [9262.6, 4186.7], [9263.9, 4190.6], [9262.6, 4194.6], [9261.4, 4195.3], [9257.8, 4196.0], [9257.1, 4195.6]]]}}, {"type": "Feature", "properties": {"OBJECTID": 504, "id": null, "name": null, "continent": null, "S2": null, "Shape__Area": 196423223.25, "Shape__Length": 71945.26240316262}, "geometry": {"type": "Polygon", "coordinates": [[[9209.9, 4215.0], [9209.9, 4217.7], [9207.7, 4218.4], [9205.2, 4218.2], [9202.3, 4218.2], [9199.4, 4219.4], [9196.5, 4220.6], [9193.1, 4220.6], [9190.4, 4219.9], [9192.8, 4218.7], [9194.3, 4217.4], [9196.5, 4215.0], [9201.6, 4213.7], [9204.3, 4213.7], [9209.9, 4215.0]]]}}, {"type": "Feature", "properties": {"OBJECTID": 505, "id": null, "name": null, "continent": null, "S2": null, "Shape__Area": 144364853.21923828, "Shape__Length": 47984.47390912346}, "geometry": {"type": "Polygon", "coordinates": [[[9201.4, 4200.3], [9200.9, 4203.0], [9198.7, 4204.7], [9195.5, 4203.9], [9193.1, 4201.2], [9190.4, 4199.3], [9191.6, 4196.3], [9195.5, 4196.6], [9201.4, 4200.3]]]}}, {"type": "Feature", "properties": {"OBJECTID": 507, "id": null, "name": null, "continent": null, "S2": null, "Shape__Area": 291526872.1176758, "Shape__Length": 76870.36373087183}, "geometry": {"type": "Polygon", "coordinates": [[[9079.0, 4183.9], [9074.7, 4184.0], [9070.8, 4184.7], [9067.9, 4184.7], [9068.6, 4181.3], [9071.3, 4178.6], [9073.2, 4177.3], [9074.7, 4174.2], [9075.2, 4171.2], [9076.6, 4168.5], [9078.8, 4170.5], [9079.3, 4173.4], [9080.3, 4176.1], [9080.7, 4181.7], [9079.0, 4183.9]]]}}, {"type": "Feature", "properties": {"OBJECTID": 508, "id": null, "name": null, "continent": null, "S2": null, "Shape__Area": 54622438.57128906, "Shape__Length": 29023.631287839}, "geometry": {"type": "Polygon", "coordinates": [[[9091.0, 4174.4], [9092.4, 4177.3], [9091.0, 4179.8], [9090.0, 4181.2], [9088.8, 4181.2], [9088.0, 4179.5], [9088.0, 4176.8], [9088.5, 4175.1], [9091.0, 4174.4]]]}}, {"type": "Feature", "properties": {"OBJECTID": 509, "id": null, "name": null, "continent": null, "S2": null, "Shape__Area": 36518558.27685547, "Shape__Length": 23410.206585788175}, "geometry": {"type": "Polygon", "coordinates": [[[9088.0, 4160.7], [9089.0, 4162.9], [9086.8, 4164.8], [9085.1, 4164.3], [9084.9, 4162.4], [9084.9, 4160.2], [9088.0, 4160.7]]]}}, {"type": "Feature", "properties": {"OBJECTID": 510, "id": null, "name": null, "continent": null, "S2": null, "Shape__Area": 18958569.951660156, "Shape__Length": 16928.875705663977}, "geometry": {"type": "Polygon", "coordinates": [[[9095.3, 4165.8], [9096.3, 4167.8], [9095.6, 4168.7], [9094.1, 4168.7], [9093.4, 4168.7], [9093.4, 4167.0], [9093.4, 4165.8], [9095.3, 4165.8]]]}}, {"type": "Feature", "properties": {"OBJECTID": 511, "id": null, "name": null, "continent": null, "S2": null, "Shape__Area": 144364852.46972656, "Shape__Length": 44261.1117077656}, "geometry": {"type": "Polygon", "coordinates": [[[9139.7, 4195.7], [9141.4, 4198.7], [9139.5, 4201.1], [9138.0, 4202.1], [9135.3, 4202.1], [9132.4, 4200.6], [9131.7, 4198.7], [9132.2, 4195.7], [9136.1, 4194.3], [9139.7, 4195.7]]]}}, {"type": "Feature", "properties": {"OBJECTID": 512, "id": null, "name": null, "continent": null, "S2": null, "Shape__Area": 343196745.7890625, "Shape__Length": 89150.38357239251}, "geometry": {"type": "Polygon", "coordinates": [[[9102.4, 4119.3], [9105.6, 4120.3], [9104.4, 4122.5], [9104.6, 4124.7], [9103.4, 4126.9], [9100.9, 4128.6], [9099.7, 4130.8], [9098.3, 4134.7], [9095.4, 4135.0], [9092.7, 4133.5], [9087.1, 4133.0], [9086.4, 4130.3], [9090.3, 4127.2], [9094.4, 4126.9], [9097.1, 4125.7], [9098.3, 4123.2], [9102.4, 4119.3]]]}}, {"type": "Feature", "properties": {"OBJECTID": 513, "id": null, "name": null, "continent": null, "S2": null, "Shape__Area": 314836589.48535156, "Shape__Length": 86631.45849332002}, "geometry": {"type": "Polygon", "coordinates": [[[9073.7, 4138.4], [9076.6, 4139.9], [9074.7, 4145.0], [9072.0, 4145.5], [9069.1, 4147.2], [9069.1, 4148.2], [9065.9, 4149.7], [9061.8, 4150.7], [9059.1, 4150.2], [9056.0, 4149.4], [9056.0, 4147.2], [9057.4, 4144.5], [9059.8, 4144.3], [9062.0, 4144.1], [9064.5, 4144.1], [9067.1, 4143.3], [9069.1, 4141.4], [9070.1, 4139.2], [9073.7, 4138.4]]]}}, {"type": "Feature", "properties": {"OBJECTID": 514, "id": null, "name": null, "continent": null, "S2": null, "Shape__Area": 54846573.752441406, "Shape__Length": 29148.565625794716}, "geometry": {"type": "Polygon", "coordinates": [[[9047.6, 4148.7], [9048.1, 4152.2], [9046.6, 4152.7], [9043.2, 4153.7], [9042.7, 4151.2], [9043.2, 4148.8], [9047.6, 4148.7]]]}}, {"type": "Feature", "properties": {"OBJECTID": 515, "id": null, "name": null, "continent": null, "S2": null, "Shape__Area": 13554038.259033203, "Shape__Length": 15109.411831759626}, "geometry": {"type": "Polygon", "coordinates": [[[8873.1, 4432.6], [8873.6, 4434.6], [8871.6, 4435.1], [8870.2, 4434.6], [8870.7, 4433.6], [8873.1, 4432.6]]]}}, {"type": "Feature", "properties": {"OBJECTID": 516, "id": null, "name": null, "continent": null, "S2": null, "Shape__Area": 1725551692.7486572, "Shape__Length": 206323.05111041726}, "geometry": {"type": "Polygon", "coordinates": [[[8886.0, 4845.3], [8891.7, 4851.7], [8901.8, 4860.1], [8903.0, 4863.6], [8903.6, 4867.5], [8902.4, 4871.3], [8900.2, 4875.8], [8898.9, 4879.3], [8896.1, 4882.2], [8891.0, 4882.2], [8887.2, 4881.0], [8887.2, 4875.8], [8888.8, 4872.6], [8888.8, 4869.4], [8887.9, 4864.6], [8884.1, 4861.7], [8880.0, 4858.2], [8875.3, 4855.9], [8870.5, 4854.6], [8867.4, 4852.4], [8867.7, 4847.9], [8872.4, 4847.6], [8875.6, 4844.7], [8875.9, 4841.8], [8879.0, 4837.9], [8882.2, 4838.9], [8884.1, 4841.1], [8886.0, 4845.3]]]}}, {"type": "Feature", "properties": {"OBJECTID": 517, "id": null, "name": null, "continent": null, "S2": null, "Shape__Area": 157552733.40820312, "Shape__Length": 53492.51806221009}, "geometry": {"type": "Polygon", "coordinates": [[[9886.5, 6945.7], [9886.5, 6949.8], [9884.2, 6951.8], [9879.5, 6955.9], [9876.4, 6953.2], [9879.5, 6948.4], [9886.5, 6945.7]]]}}, {"type": "Feature", "properties": {"OBJECTID": 518, "id": null, "name": null, "continent": null, "S2": null, "Shape__Area": 607017891.7285156, "Shape__Length": 104814.6197096635}, "geometry": {"type": "Polygon", "coordinates": [[[9741.4, 7043.0], [9735.1, 7045.0], [9733.6, 7047.7], [9725.8, 7047.7], [9720.3, 7047.0], [9720.3, 7043.0], [9728.1, 7039.0], [9732.0, 7036.3], [9735.9, 7033.0], [9743.0, 7035.0], [9741.4, 7043.0]]]}}, {"type": "Feature", "properties": {"OBJECTID": 519, "id": null, "name": null, "continent": null, "S2": null, "Shape__Area": 208737376.51757812, "Shape__Length": 60906.62363839421}, "geometry": {"type": "Polygon", "coordinates": [[[9666.4, 7218.7], [9670.3, 7222.6], [9668.8, 7223.9], [9665.6, 7228.5], [9661.7, 7230.4], [9658.6, 7229.1], [9662.5, 7222.0], [9666.4, 7218.7]]]}}, {"type": "Feature", "properties": {"OBJECTID": 520, "id": null, "name": null, "continent": null, "S2": null, "Shape__Area": 415075475.05078125, "Shape__Length": 88569.89090567351}, "geometry": {"type": "Polygon", "coordinates": [[[9444.1, 7108.6], [9451.9, 7113.9], [9447.2, 7115.2], [9443.3, 7115.2], [9436.3, 7113.9], [9433.2, 7111.9], [9429.3, 7109.2], [9431.6, 7104.6], [9436.3, 7104.6], [9444.1, 7108.6]]]}}, {"type": "Feature", "properties": {"OBJECTID": 521, "id": null, "name": null, "continent": null, "S2": null, "Shape__Area": 675797254.7773438, "Shape__Length": 127762.6910182827}, "geometry": {"type": "Polygon", "coordinates": [[[9117.9, 7270.3], [9122.6, 7272.9], [9129.6, 7274.2], [9135.9, 7274.8], [9140.6, 7275.5], [9142.9, 7278.0], [9142.1, 7281.3], [9137.4, 7281.3], [9129.6, 7280.6], [9121.8, 7280.0], [9112.5, 7279.4], [9108.6, 7276.1], [9114.0, 7273.6], [9117.9, 7270.3]]]}}, {"type": "Feature", "properties": {"OBJECTID": 522, "id": null, "name": null, "continent": null, "S2": null, "Shape__Area": 619615755.1503906, "Shape__Length": 117798.32040027202}, "geometry": {"type": "Polygon", "coordinates": [[[8929.7, 6914.7], [8938.4, 6913.0], [8946.5, 6913.0], [8949.1, 6917.1], [8949.8, 6921.7], [8948.5, 6925.3], [8943.8, 6927.6], [8940.4, 6931.1], [8937.7, 6933.5], [8937.1, 6929.4], [8938.4, 6925.3], [8938.4, 6921.2], [8935.7, 6918.8], [8931.7, 6917.7], [8929.7, 6914.7]]]}}, {"type": "Feature", "properties": {"OBJECTID": 523, "id": null, "name": null, "continent": null, "S2": null, "Shape__Area": 458668942.90625, "Shape__Length": 95499.42248107861}, "geometry": {"type": "Polygon", "coordinates": [[[8954.5, 6940.5], [8960.5, 6944.6], [8963.2, 6948.6], [8961.2, 6953.3], [8957.8, 6956.2], [8955.8, 6959.1], [8952.5, 6959.7], [8948.5, 6956.8], [8950.5, 6953.3], [8952.5, 6950.4], [8954.5, 6946.9], [8951.1, 6943.4], [8954.5, 6940.5]]]}}, {"type": "Feature", "properties": {"OBJECTID": 524, "id": null, "name": null, "continent": null, "S2": null, "Shape__Area": 51880291.453125, "Shape__Length": 28564.662828361757}, "geometry": {"type": "Polygon", "coordinates": [[[8991.3, 6934.6], [8994.0, 6936.9], [8992.7, 6940.4], [8990.7, 6940.4], [8989.3, 6936.9], [8991.3, 6934.6]]]}}, {"type": "Feature", "properties": {"OBJECTID": 525, "id": null, "name": null, "continent": null, "S2": null, "Shape__Area": 203394326.48632812, "Shape__Length": 63144.5682512837}, "geometry": {"type": "Polygon", "coordinates": [[[9002.0, 7041.3], [9004.7, 7043.1], [9004.7, 7045.9], [9004.0, 7049.4], [9001.3, 7052.8], [8998.0, 7052.8], [8994.0, 7051.1], [8994.6, 7048.2], [8999.3, 7047.1], [9002.0, 7041.3]]]}}, {"type": "Feature", "properties": {"OBJECTID": 526, "id": null, "name": null, "continent": null, "S2": null, "Shape__Area": 144439448.10351562, "Shape__Length": 45764.13837658882}, "geometry": {"type": "Polygon", "coordinates": [[[8947.1, 7110.0], [8951.7, 7113.5], [8951.7, 7116.3], [8949.7, 7118.0], [8947.1, 7119.1], [8944.4, 7117.4], [8944.4, 7113.5], [8947.1, 7110.0]]]}}, {"type": "Feature", "properties": {"OBJECTID": 527, "id": null, "name": null, "continent": null, "S2": null, "Shape__Area": 620794855.7792969, "Shape__Length": 119081.430933303}, "geometry": {"type": "Polygon", "coordinates": [[[8931.0, 7168.4], [8936.3, 7170.6], [8940.3, 7173.4], [8939.7, 7176.8], [8935.6, 7176.8], [8933.0, 7176.3], [8925.6, 7173.5], [8916.9, 7173.5], [8911.5, 7173.5], [8908.8, 7169.5], [8911.5, 7167.3], [8918.2, 7166.1], [8923.6, 7166.1], [8931.0, 7168.4]]]}}, {"type": "Feature", "properties": {"OBJECTID": 528, "id": null, "name": "Manticore Isles", "continent": null, "S2": null, "Shape__Area": 140902155.83496094, "Shape__Length": 46543.79590095473}, "geometry": {"type": "Polygon", "coordinates": [[[8452.7, 7161.5], [8453.4, 7164.3], [8452.0, 7166.5], [8446.7, 7168.8], [8444.0, 7168.2], [8444.6, 7164.9], [8448.0, 7162.0], [8452.7, 7161.5]]]}}, {"type": "Feature", "properties": {"OBJECTID": 529, "id": null, "name": null, "continent": null, "S2": null, "Shape__Area": 272713673.60839844, "Shape__Length": 73610.88207567527}, "geometry": {"type": "Polygon", "coordinates": [[[8533.3, 6882.4], [8530.1, 6882.6], [8528.0, 6881.9], [8527.0, 6880.9], [8526.4, 6880.3], [8526.4, 6877.8], [8527.0, 6876.2], [8528.5, 6875.5], [8529.9, 6875.4], [8533.1, 6875.8], [8534.9, 6875.8], [8538.1, 6878.7], [8540.8, 6879.3], [8541.8, 6879.5], [8543.4, 6880.0], [8545.0, 6881.2], [8543.1, 6882.8], [8537.8, 6882.6], [8535.4, 6882.6], [8533.3, 6882.4]]]}}, {"type": "Feature", "properties": {"OBJECTID": 530, "id": null, "name": null, "continent": null, "S2": null, "Shape__Area": 268201526.9423828, "Shape__Length": 62227.44555128609}, "geometry": {"type": "Polygon", "coordinates": [[[8299.6, 6538.0], [8298.4, 6542.1], [8295.1, 6544.1], [8291.8, 6543.6], [8286.8, 6542.6], [8286.3, 6538.5], [8292.9, 6533.4], [8299.6, 6538.0]]]}}, {"type": "Feature", "properties": {"OBJECTID": 531, "id": null, "name": null, "continent": null, "S2": null, "Shape__Area": 351713378.88671875, "Shape__Length": 89627.707666852}, "geometry": {"type": "Polygon", "coordinates": [[[8279.6, 6633.7], [8280.7, 6637.2], [8277.4, 6643.2], [8276.8, 6646.7], [8273.0, 6651.3], [8270.2, 6652.8], [8265.8, 6649.8], [8266.9, 6646.7], [8270.8, 6644.7], [8272.4, 6641.2], [8274.1, 6638.2], [8275.2, 6634.2], [8279.6, 6633.7]]]}}, {"type": "Feature", "properties": {"OBJECTID": 532, "id": null, "name": null, "continent": null, "S2": null, "Shape__Area": 250134059.89257812, "Shape__Length": 64710.45206718198}, "geometry": {"type": "Polygon", "coordinates": [[[8590.3, 6583.9], [8595.3, 6586.0], [8594.7, 6590.0], [8590.3, 6590.5], [8584.2, 6590.5], [8579.2, 6588.0], [8581.5, 6583.9], [8590.3, 6583.9]]]}}, {"type": "Feature", "properties": {"OBJECTID": 533, "id": null, "name": null, "continent": null, "S2": null, "Shape__Area": 341308414.9482422, "Shape__Length": 74275.01367571559}, "geometry": {"type": "Polygon", "coordinates": [[[8304.4, 6774.2], [8304.4, 6771.9], [8304.9, 6770.5], [8310.1, 6767.7], [8313.1, 6768.8], [8313.5, 6769.0], [8313.6, 6769.5], [8313.8, 6770.3], [8314.0, 6770.7], [8313.8, 6771.0], [8313.5, 6772.0], [8313.4, 6773.0], [8313.2, 6774.8], [8313.6, 6775.9], [8313.7, 6776.2], [8314.4, 6777.9], [8314.9, 6778.5], [8316.1, 6780.3], [8315.8, 6780.5], [8314.9, 6781.1], [8313.9, 6781.8], [8310.0, 6781.6], [8309.0, 6781.1], [8307.2, 6781.1], [8304.4, 6777.7], [8304.4, 6774.2]]]}}, {"type": "Feature", "properties": {"OBJECTID": 534, "id": null, "name": null, "continent": null, "S2": null, "Shape__Area": 181477680.17773438, "Shape__Length": 52532.03780348174}, "geometry": {"type": "Polygon", "coordinates": [[[8107.3, 6658.3], [8106.2, 6662.3], [8102.9, 6664.8], [8099.6, 6663.8], [8096.8, 6660.8], [8096.3, 6656.8], [8100.7, 6656.8], [8107.3, 6658.3]]]}}, {"type": "Feature", "properties": {"OBJECTID": 535, "id": null, "name": null, "continent": null, "S2": null, "Shape__Area": 707040251.4550781, "Shape__Length": 128723.56385253428}, "geometry": {"type": "Polygon", "coordinates": [[[8566.8, 6371.1], [8572.9, 6370.1], [8578.4, 6374.7], [8580.6, 6379.9], [8580.1, 6383.5], [8578.4, 6387.2], [8574.5, 6389.2], [8567.4, 6391.8], [8564.0, 6392.9], [8561.3, 6393.4], [8558.0, 6389.2], [8562.4, 6386.7], [8565.1, 6385.1], [8568.5, 6383.0], [8570.7, 6379.4], [8570.7, 6376.8], [8567.9, 6375.8], [8566.8, 6371.1]]]}}, {"type": "Feature", "properties": {"OBJECTID": 536, "id": null, "name": null, "continent": null, "S2": null, "Shape__Area": 97564327.48828125, "Shape__Length": 37227.22771232407}, "geometry": {"type": "Polygon", "coordinates": [[[8556.3, 6371.6], [8558.0, 6375.3], [8556.3, 6378.4], [8553.0, 6378.4], [8551.3, 6376.3], [8552.4, 6371.6], [8556.3, 6371.6]]]}}, {"type": "Feature", "properties": {"OBJECTID": 537, "id": null, "name": null, "continent": null, "S2": null, "Shape__Area": 322403931.2714844, "Shape__Length": 85880.27868898622}, "geometry": {"type": "Polygon", "coordinates": [[[8540.3, 6338.9], [8540.8, 6344.1], [8539.7, 6347.8], [8537.5, 6351.4], [8536.4, 6354.0], [8533.1, 6356.6], [8527.6, 6353.0], [8530.3, 6350.4], [8533.7, 6348.3], [8534.2, 6343.1], [8536.4, 6336.8], [8540.3, 6338.9]]]}}, {"type": "Feature", "properties": {"OBJECTID": 538, "id": null, "name": null, "continent": null, "S2": null, "Shape__Area": 259770042.02148438, "Shape__Length": 69627.66972426005}, "geometry": {"type": "Polygon", "coordinates": [[[8508.2, 6354.6], [8508.8, 6358.7], [8508.2, 6361.3], [8509.3, 6365.5], [8506.6, 6367.5], [8503.8, 6367.0], [8503.2, 6365.5], [8502.1, 6358.7], [8499.9, 6354.0], [8503.2, 6351.4], [8508.2, 6354.6]]]}}, {"type": "Feature", "properties": {"OBJECTID": 539, "id": null, "name": null, "continent": null, "S2": null, "Shape__Area": 438035727.2871094, "Shape__Length": 95348.57142445771}, "geometry": {"type": "Polygon", "coordinates": [[[8453.5, 6334.3], [8455.2, 6336.4], [8456.3, 6339.5], [8455.7, 6343.2], [8453.5, 6348.4], [8453.5, 6355.6], [8451.3, 6356.7], [8448.0, 6355.1], [8448.0, 6352.0], [8446.9, 6347.3], [8443.5, 6345.8], [8443.5, 6342.7], [8448.5, 6339.0], [8453.5, 6334.3]]]}}, {"type": "Feature", "properties": {"OBJECTID": 540, "id": null, "name": null, "continent": null, "S2": null, "Shape__Area": 179732604.51757812, "Shape__Length": 58709.77838965766}, "geometry": {"type": "Polygon", "coordinates": [[[7717.0, 7006.5], [7717.0, 7009.2], [7714.4, 7011.2], [7712.5, 7011.2], [7708.6, 7011.2], [7705.7, 7012.0], [7702.2, 7009.8], [7704.1, 7007.6], [7707.0, 7007.6], [7711.2, 7006.2], [7717.0, 7006.5]]]}}, {"type": "Feature", "properties": {"OBJECTID": 541, "id": null, "name": null, "continent": null, "S2": null, "Shape__Area": 227923750.1640625, "Shape__Length": 61832.04094811232}, "geometry": {"type": "Polygon", "coordinates": [[[7833.7, 6990.2], [7835.9, 6993.0], [7834.6, 6994.7], [7834.6, 6998.0], [7833.3, 7001.1], [7830.1, 7002.2], [7826.3, 7001.9], [7825.3, 6999.2], [7826.3, 6996.4], [7828.2, 6995.0], [7833.7, 6990.2]]]}}, {"type": "Feature", "properties": {"OBJECTID": 542, "id": null, "name": null, "continent": null, "S2": null, "Shape__Area": 142537187.29003906, "Shape__Length": 47398.557897336126}, "geometry": {"type": "Polygon", "coordinates": [[[7905.0, 7015.2], [7905.7, 7017.7], [7903.4, 7018.5], [7900.5, 7018.5], [7897.6, 7018.0], [7894.7, 7017.1], [7894.4, 7014.1], [7897.3, 7013.3], [7901.2, 7013.2], [7905.0, 7015.2]]]}}, {"type": "Feature", "properties": {"OBJECTID": 543, "id": null, "name": null, "continent": null, "S2": null, "Shape__Area": 68689349.12109375, "Shape__Length": 34979.74984556716}, "geometry": {"type": "Polygon", "coordinates": [[[8014.9, 7071.1], [8014.3, 7074.2], [8011.4, 7074.2], [8009.1, 7074.2], [8006.2, 7072.8], [8008.8, 7070.9], [8014.9, 7071.1]]]}}, {"type": "Feature", "properties": {"OBJECTID": 544, "id": null, "name": null, "continent": null, "S2": null, "Shape__Area": 163849890.91601562, "Shape__Length": 63585.67896904646}, "geometry": {"type": "Polygon", "coordinates": [[[8006.2, 7062.1], [8003.4, 7061.2], [8003.4, 7059.6], [8006.6, 7058.8], [8006.6, 7056.0], [8004.6, 7054.6], [8004.0, 7053.0], [8004.3, 7050.2], [8006.6, 7049.9], [8010.4, 7052.4], [8010.4, 7055.2], [8010.4, 7057.9], [8006.2, 7062.1]]]}}, {"type": "Feature", "properties": {"OBJECTID": 545, "id": null, "name": null, "continent": null, "S2": null, "Shape__Area": 158350025.74609375, "Shape__Length": 55894.332485298044}, "geometry": {"type": "Polygon", "coordinates": [[[7311.1, 7201.7], [7311.6, 7205.7], [7307.9, 7204.4], [7304.3, 7203.9], [7298.6, 7203.5], [7301.2, 7199.6], [7304.8, 7198.7], [7311.1, 7201.7]]]}}, {"type": "Feature", "properties": {"OBJECTID": 546, "id": null, "name": null, "continent": null, "S2": null, "Shape__Area": 64407539.10986328, "Shape__Length": 31062.54746035039}, "geometry": {"type": "Polygon", "coordinates": [[[7126.0, 7132.3], [7129.6, 7133.1], [7128.6, 7135.3], [7127.0, 7137.5], [7123.9, 7136.7], [7123.9, 7133.6], [7126.0, 7132.3]]]}}, {"type": "Feature", "properties": {"OBJECTID": 547, "id": null, "name": null, "continent": null, "S2": null, "Shape__Area": 236969519.52246094, "Shape__Length": 69997.8493197847}, "geometry": {"type": "Polygon", "coordinates": [[[6591.6, 7054.1], [6590.5, 7052.2], [6589.7, 7050.4], [6587.6, 7048.8], [6583.5, 7046.8], [6583.5, 7045.4], [6585.4, 7044.1], [6586.7, 7042.3], [6587.6, 7040.9], [6589.3, 7040.9], [6589.6, 7041.3], [6590.7, 7044.1], [6592.6, 7045.1], [6594.6, 7045.7], [6594.6, 7047.8], [6594.3, 7049.4], [6594.6, 7051.4], [6593.6, 7053.2], [6592.8, 7054.7], [6592.2, 7054.7], [6591.6, 7054.1]]]}}, {"type": "Feature", "properties": {"OBJECTID": 548, "id": null, "name": null, "continent": null, "S2": null, "Shape__Area": 142343941.81640625, "Shape__Length": 50105.30335559125}, "geometry": {"type": "Polygon", "coordinates": [[[5046.7, 7132.0], [5046.8, 7131.9], [5048.5, 7132.0], [5051.9, 7134.7], [5055.3, 7136.9], [5055.3, 7138.2], [5051.4, 7138.6], [5050.1, 7138.7], [5047.8, 7138.9], [5045.5, 7138.7], [5045.0, 7138.2], [5044.8, 7136.9], [5045.4, 7135.8], [5046.3, 7134.8], [5046.5, 7133.9], [5046.5, 7133.0], [5046.7, 7132.0]]]}}, {"type": "Feature", "properties": {"OBJECTID": 549, "id": 36, "name": " ", "continent": "Essos", "S2": null, "Shape__Area": 461707082.30322266, "Shape__Length": 102709.31822071457}, "geometry": {"type": "Polygon", "coordinates": [[[3443.7, 5644.6], [3442.6, 5639.2], [3446.0, 5638.2], [3450.1, 5638.7], [3454.7, 5636.5], [3460.9, 5632.8], [3464.6, 5633.7], [3468.2, 5634.8], [3467.3, 5638.3], [3466.4, 5641.2], [3461.5, 5641.9], [3457.3, 5642.6], [3454.8, 5643.0], [3453.0, 5643.6], [3453.0, 5643.7], [3447.3, 5645.7], [3443.7, 5644.6]]]}}, {"type": "Feature", "properties": {"OBJECTID": 552, "id": 36, "name": " ", "continent": "Essos", "S2": null, "Shape__Area": 1448699684.834961, "Shape__Length": 185038.14174520134}, "geometry": {"type": "Polygon", "coordinates": [[[3507.5, 5692.1], [3506.1, 5688.4], [3506.2, 5687.7], [3506.2, 5687.7], [3506.4, 5683.1], [3510.6, 5682.6], [3513.1, 5682.8], [3515.2, 5684.8], [3518.2, 5685.5], [3520.2, 5688.4], [3524.2, 5689.9], [3526.9, 5690.6], [3527.8, 5691.9], [3529.6, 5694.8], [3530.1, 5695.2], [3534.0, 5696.8], [3540.1, 5700.1], [3541.2, 5703.2], [3542.5, 5706.5], [3544.5, 5709.1], [3544.7, 5712.2], [3544.5, 5713.1], [3543.4, 5716.7], [3539.6, 5717.6], [3535.8, 5715.6], [3535.5, 5715.2], [3532.7, 5711.6], [3530.2, 5709.2], [3524.7, 5706.1], [3523.8, 5705.6], [3521.5, 5704.3], [3518.0, 5703.0], [3516.6, 5700.4], [3516.4, 5700.1], [3514.8, 5696.8], [3513.5, 5695.2], [3510.4, 5693.9], [3508.8, 5693.5], [3507.5, 5692.1]]]}}, {"type": "Feature", "properties": {"OBJECTID": 555, "id": null, "name": null, "continent": null, "S2": null, "Shape__Area": 197345213.4951172, "Shape__Length": 51648.813753889546}, "geometry": {"type": "Polygon", "coordinates": [[[3434.5, 5654.5], [3434.7, 5657.9], [3434.3, 5659.4], [3434.3, 5661.9], [3431.8, 5663.2], [3429.4, 5663.2], [3427.8, 5662.3], [3426.3, 5660.1], [3425.8, 5657.4], [3427.1, 5654.8], [3430.3, 5652.3], [3432.1, 5652.6], [3434.5, 5654.5]]]}}, {"type": "Feature", "properties": {"OBJECTID": 556, "id": null, "name": null, "continent": null, "S2": null, "Shape__Area": 303477155.66015625, "Shape__Length": 69952.97750391613}, "geometry": {"type": "Polygon", "coordinates": [[[3437.8, 5686.0], [3439.2, 5687.8], [3439.2, 5690.0], [3438.5, 5692.0], [3436.7, 5694.6], [3435.6, 5697.3], [3433.6, 5698.4], [3430.0, 5698.4], [3426.9, 5696.4], [3427.8, 5694.4], [3430.0, 5692.2], [3430.0, 5689.6], [3429.6, 5686.5], [3431.8, 5684.0], [3434.5, 5684.7], [3437.8, 5686.0]]]}}, {"type": "Feature", "properties": {"OBJECTID": 557, "id": 28, "name": "Estermont", "continent": "Westeros", "S2": null, "Shape__Area": 1913114810.2524414, "Shape__Length": 207443.60188614996}, "geometry": {"type": "Polygon", "coordinates": [[[2404.3, 5199.6], [2406.0, 5197.4], [2408.9, 5194.8], [2410.1, 5193.1], [2414.3, 5189.7], [2417.4, 5187.3], [2418.4, 5185.7], [2418.5, 5185.7], [2420.3, 5183.1], [2425.5, 5178.0], [2427.6, 5176.4], [2432.6, 5172.9], [2436.1, 5173.6], [2436.2, 5183.6], [2434.7, 5185.6], [2434.8, 5186.6], [2427.4, 5196.7], [2426.9, 5200.6], [2423.4, 5204.4], [2421.9, 5206.0], [2418.4, 5209.4], [2417.7, 5211.6], [2415.0, 5215.3], [2412.2, 5217.6], [2408.7, 5219.2], [2405.1, 5220.4], [2401.3, 5220.9], [2400.9, 5215.2], [2404.3, 5208.3], [2404.5, 5201.1], [2404.3, 5199.6]]]}}, {"type": "Feature", "properties": {"OBJECTID": 558, "id": 28, "name": "Estermont", "continent": "Westeros", "S2": null, "Shape__Area": 462934707.94091797, "Shape__Length": 98404.49345729445}, "geometry": {"type": "Polygon", "coordinates": [[[2462.2, 5137.0], [2467.5, 5139.6], [2467.5, 5144.8], [2461.7, 5148.9], [2459.3, 5158.8], [2453.5, 5160.3], [2451.6, 5151.5], [2455.9, 5145.8], [2462.2, 5137.0]]]}}, {"type": "Feature", "properties": {"OBJECTID": 559, "id": null, "name": null, "continent": null, "S2": null, "Shape__Area": 373385868.1987915, "Shape__Length": 75016.91732825278}, "geometry": {"type": "Polygon", "coordinates": [[[2822.5, 4872.1], [2822.5, 4879.6], [2821.5, 4882.1], [2819.2, 4882.8], [2816.4, 4881.5], [2814.1, 4877.6], [2811.8, 4874.7], [2811.0, 4872.3], [2811.2, 4869.8], [2812.9, 4866.8], [2814.6, 4865.5], [2817.3, 4865.5], [2819.6, 4868.3], [2822.1, 4868.7], [2822.5, 4872.1]]]}}, {"type": "Feature", "properties": {"OBJECTID": 560, "id": null, "name": null, "continent": null, "S2": null, "Shape__Area": 111219966.2109375, "Shape__Length": 39778.08734064356}, "geometry": {"type": "Polygon", "coordinates": [[[2210.0, 2301.8], [2211.4, 2304.1], [2211.6, 2307.0], [2209.6, 2309.2], [2206.7, 2308.5], [2205.1, 2306.1], [2206.0, 2302.8], [2210.0, 2301.8]]]}}, {"type": "Feature", "properties": {"OBJECTID": 561, "id": null, "name": null, "continent": null, "S2": null, "Shape__Area": 588771372.1855469, "Shape__Length": 108877.9836939653}, "geometry": {"type": "Polygon", "coordinates": [[[897.9, 3261.6], [898.3, 3267.6], [899.9, 3271.9], [901.2, 3279.0], [896.6, 3283.0], [893.3, 3281.8], [890.7, 3276.7], [890.3, 3273.1], [890.8, 3267.6], [889.5, 3262.8], [888.7, 3259.3], [893.7, 3255.7], [895.8, 3257.3], [897.9, 3261.6]]]}}, {"type": "Feature", "properties": {"OBJECTID": 562, "id": null, "name": null, "continent": null, "S2": null, "Shape__Area": 630221243.6132812, "Shape__Length": 118985.18246021983}, "geometry": {"type": "Polygon", "coordinates": [[[789.3, 3234.1], [787.6, 3241.6], [783.1, 3243.2], [782.2, 3247.1], [782.2, 3252.3], [782.2, 3256.2], [781.0, 3259.0], [779.7, 3259.4], [774.7, 3256.6], [774.7, 3253.4], [774.3, 3249.1], [773.4, 3244.8], [774.7, 3242.0], [777.2, 3237.7], [779.7, 3236.5], [780.6, 3234.9], [782.2, 3232.5], [786.4, 3232.5], [789.3, 3234.1]]]}}, {"type": "Feature", "properties": {"OBJECTID": 563, "id": null, "name": null, "continent": null, "S2": null, "Shape__Area": 113383451.97607422, "Shape__Length": 41147.63576659474}, "geometry": {"type": "Polygon", "coordinates": [[[2208.9, 4419.3], [2211.9, 4421.1], [2211.9, 4425.4], [2210.7, 4428.5], [2208.3, 4428.5], [2204.7, 4424.2], [2208.9, 4419.3]]]}}, {"type": "Feature", "properties": {"OBJECTID": 564, "id": null, "name": null, "continent": null, "S2": null, "Shape__Area": 205716812.32299805, "Shape__Length": 54370.19793398441}, "geometry": {"type": "Polygon", "coordinates": [[[2324.1, 4549.8], [2325.9, 4554.0], [2323.5, 4557.1], [2320.5, 4558.3], [2316.3, 4558.3], [2313.9, 4555.9], [2315.7, 4550.4], [2324.1, 4549.8]]]}}, {"type": "Feature", "properties": {"OBJECTID": 565, "id": null, "name": null, "continent": null, "S2": null, "Shape__Area": 86300899.8256836, "Shape__Length": 35074.137270138075}, "geometry": {"type": "Polygon", "coordinates": [[[2466.2, 5626.1], [2468.0, 5627.4], [2468.0, 5631.0], [2463.9, 5632.4], [2461.6, 5630.1], [2461.6, 5626.5], [2466.2, 5626.1]]]}}, {"type": "Feature", "properties": {"OBJECTID": 566, "id": null, "name": null, "continent": null, "S2": null, "Shape__Area": 125380551.56835938, "Shape__Length": 42422.95718569445}, "geometry": {"type": "Polygon", "coordinates": [[[2488.9, 5627.4], [2492.5, 5627.4], [2493.9, 5631.0], [2493.4, 5633.7], [2493.0, 5636.0], [2489.8, 5636.4], [2488.0, 5634.6], [2487.1, 5631.5], [2488.9, 5627.4]]]}}, {"type": "Feature", "properties": {"OBJECTID": 567, "id": null, "name": null, "continent": null, "S2": null, "Shape__Area": 87281274.78125, "Shape__Length": 36913.395300532}, "geometry": {"type": "Polygon", "coordinates": [[[2223.5, 5249.7], [2227.0, 5249.0], [2228.2, 5250.1], [2227.4, 5252.4], [2226.8, 5253.8], [2226.6, 5255.9], [2223.9, 5256.5], [2222.2, 5256.1], [2221.4, 5253.8], [2222.6, 5252.2], [2223.5, 5249.7]]]}}, {"type": "Feature", "properties": {"OBJECTID": 568, "id": null, "name": null, "continent": null, "S2": null, "Shape__Area": 141964867.2890625, "Shape__Length": 53407.039936961606}, "geometry": {"type": "Polygon", "coordinates": [[[2083.0, 5241.9], [2084.2, 5242.7], [2086.7, 5243.5], [2087.9, 5244.4], [2089.4, 5246.2], [2089.2, 5247.9], [2087.7, 5247.9], [2085.0, 5247.5], [2082.8, 5246.7], [2079.7, 5247.5], [2077.4, 5247.5], [2075.6, 5246.0], [2076.0, 5245.0], [2077.8, 5243.3], [2083.0, 5241.9]]]}}, {"type": "Feature", "properties": {"OBJECTID": 569, "id": null, "name": null, "continent": null, "S2": null, "Shape__Area": 269855351750.14453, "Shape__Length": 2911093.7960822}, "geometry": {"type": "Polygon", "coordinates": [[[9286.7, 8300.0], [9317.9, 8300.0], [9339.5, 8300.0], [9365.8, 8300.0], [9375.4, 8300.0], [9382.6, 8300.0], [9382.6, 8300.0], [9365.8, 8300.0], [9346.6, 8300.0], [9346.6, 8300.0], [9334.6, 8300.0], [9327.4, 8300.0], [9308.3, 8300.0], [9291.5, 8300.0], [9281.9, 8300.0], [9267.5, 8300.0], [9265.1, 8300.0], [9253.1, 8300.0], [9243.5, 8300.0], [9217.1, 8300.0], [9217.1, 8300.0], [9183.5, 8300.0], [9173.9, 8300.0], [9147.5, 8300.0], [9159.5, 8300.0], [9123.5, 8300.0], [9116.3, 8300.0], [9113.9, 8300.0], [9099.5, 8300.0], [9094.7, 8300.0], [9077.9, 8300.0], [9070.7, 8300.0], [9068.3, 8300.0], [9049.1, 8300.0], [9049.1, 8300.0], [9034.7, 8300.0], [9029.9, 8300.0], [9020.3, 8300.0], [9005.9, 8300.0], [8991.5, 8300.0], [8965.2, 8300.0], [8938.8, 8300.0], [8917.2, 8300.0], [8898.0, 8300.0], [8883.6, 8300.0], [8883.6, 8300.0], [8883.6, 8300.0], [8893.2, 8300.0], [8905.2, 8300.0], [8910.0, 8300.0], [8922.0, 8300.0], [8929.2, 8300.0], [8948.4, 8300.0], [8946.0, 8300.0], [8946.0, 8300.0], [8941.2, 8300.0], [8941.2, 8300.0], [8946.0, 8300.0], [8958.0, 8300.0], [8967.6, 8300.0], [8972.4, 8300.0], [8984.4, 8300.0], [8996.4, 8300.0], [9020.4, 8300.0], [9037.2, 8300.0], [9051.6, 8300.0], [9061.2, 8300.0], [9073.1, 8300.0], [9087.5, 8300.0], [9111.5, 8300.0], [9133.1, 8300.0], [9140.3, 8300.0], [9161.9, 8300.0], [9183.5, 8300.0], [9207.5, 8300.0], [9219.5, 8300.0], [9221.9, 8300.0], [9241.1, 8300.0], [9245.9, 8300.0], [9286.7, 8300.0]]]}}, {"type": "Feature", "properties": {"OBJECTID": 570, "id": null, "name": null, "continent": null, "S2": null, "Shape__Area": 345997918134.0742, "Shape__Length": 3254070.515448298}, "geometry": {"type": "Polygon", "coordinates": [[[8562.1, 8300.0], [8552.5, 8300.0], [8545.3, 8300.0], [8535.7, 8300.0], [8535.7, 8300.0], [8518.9, 8300.0], [8506.9, 8300.0], [8497.3, 8300.0], [8468.5, 8300.0], [8458.9, 8300.0], [8454.1, 8300.0], [8439.7, 8300.0], [8413.4, 8300.0], [8384.6, 8300.0], [8351.0, 8300.0], [8319.8, 8300.0], [8295.8, 8300.0], [8279.0, 8300.0], [8259.8, 8300.0], [8223.8, 8300.0], [8187.9, 8300.0], [8171.1, 8300.0], [8132.7, 8300.0], [8094.3, 8300.0], [8079.9, 8300.0], [8065.5, 8300.0], [8041.5, 8300.0], [8034.3, 8300.0], [8012.7, 8300.0], [8005.5, 8300.0], [7988.7, 8300.0], [7979.2, 8300.0], [7967.2, 8300.0], [7943.2, 8300.0], [7933.6, 8300.0], [7931.2, 8300.0], [7931.2, 8300.0], [7948.0, 8300.0], [7967.2, 8300.0], [7979.2, 8300.0], [8007.9, 8300.0], [8058.3, 8300.0], [8084.7, 8300.0], [8106.3, 8300.0], [8161.5, 8300.0], [8195.1, 8300.0], [8250.2, 8300.0], [8264.6, 8300.0], [8283.8, 8300.0], [8317.4, 8300.0], [8351.0, 8300.0], [8358.2, 8300.0], [8377.4, 8300.0], [8406.2, 8300.0], [8423.0, 8300.0], [8444.6, 8300.0], [8466.2, 8300.0], [8468.6, 8300.0], [8478.2, 8300.0], [8511.7, 8300.0], [8516.5, 8300.0], [8533.3, 8300.0], [8542.9, 8300.0], [8554.9, 8300.0], [8571.7, 8300.0], [8581.5, 8300.0], [8588.5, 8300.0], [8600.5, 8300.0], [8624.2, 8300.0], [8622.1, 8300.0], [8626.9, 8300.0], [8626.9, 8300.0], [8612.5, 8300.0], [8602.9, 8300.0], [8595.7, 8300.0], [8595.7, 8300.0], [8595.7, 8300.0], [8586.1, 8300.0], [8576.5, 8300.0], [8576.5, 8300.0], [8583.7, 8300.0], [8583.7, 8300.0], [8574.1, 8300.0], [8562.1, 8300.0], [8562.1, 8300.0]]]}}, {"type": "Feature", "properties": {"OBJECTID": 572, "id": null, "name": "Lonely Light", "continent": null, "S2": null, "Shape__Area": 7107044618.974609, "Shape__Length": 350801.6627246}, "geometry": {"type": "Polygon", "coordinates": [[[253.8, 3917.5], [253.9, 3915.0], [257.6, 3900.5], [263.1, 3897.7], [270.4, 3895.0], [279.5, 3892.3], [292.3, 3890.5], [300.5, 3884.1], [312.4, 3876.8], [325.1, 3876.8], [330.6, 3882.3], [332.4, 3889.5], [333.3, 3894.0], [326.9, 3903.1], [317.8, 3908.6], [315.1, 3919.5], [309.6, 3924.9], [301.4, 3926.7], [294.1, 3926.8], [286.8, 3927.7], [271.3, 3929.5], [257.2, 3928.8], [253.8, 3917.5]]]}}, {"type": "Feature", "properties": {"OBJECTID": 573, "id": null, "name": null, "continent": null, "S2": null, "Shape__Area": 177311994.05078125, "Shape__Length": 54568.86046073129}, "geometry": {"type": "Polygon", "coordinates": [[[4341.4, 6577.1], [4341.4, 6581.7], [4339.4, 6582.1], [4336.3, 6581.2], [4333.3, 6581.2], [4329.8, 6580.8], [4329.3, 6578.0], [4330.8, 6575.7], [4334.8, 6575.7], [4341.4, 6577.1]]]}}, {"type": "Feature", "properties": {"OBJECTID": 574, "id": null, "name": null, "continent": null, "S2": null, "Shape__Area": 122215046.3305664, "Shape__Length": 41892.83361169999}, "geometry": {"type": "Polygon", "coordinates": [[[4178.1, 6475.4], [4181.6, 6476.8], [4180.6, 6480.5], [4179.1, 6483.3], [4176.6, 6483.3], [4173.5, 6481.0], [4174.5, 6477.7], [4178.1, 6475.4]]]}}, {"type": "Feature", "properties": {"OBJECTID": 575, "id": null, "name": null, "continent": null, "S2": null, "Shape__Area": 37065219.28613281, "Shape__Length": 23999.52375003371}, "geometry": {"type": "Polygon", "coordinates": [[[4141.8, 6489.9], [4142.8, 6490.8], [4141.8, 6493.1], [4139.2, 6493.1], [4137.7, 6493.2], [4138.2, 6490.3], [4141.8, 6489.9]]]}}, {"type": "Feature", "properties": {"OBJECTID": 576, "id": null, "name": null, "continent": null, "S2": null, "Shape__Area": 150598322.10791016, "Shape__Length": 47729.57875435492}, "geometry": {"type": "Polygon", "coordinates": [[[4045.6, 6225.2], [4049.1, 6228.1], [4049.1, 6231.4], [4048.6, 6234.8], [4044.6, 6235.3], [4043.1, 6235.3], [4041.6, 6233.3], [4043.6, 6227.6], [4045.6, 6225.2]]]}}, {"type": "Feature", "properties": {"OBJECTID": 577, "id": null, "name": null, "continent": null, "S2": null, "Shape__Area": 55430867.61279297, "Shape__Length": 28831.499841991015}, "geometry": {"type": "Polygon", "coordinates": [[[4053.7, 6217.5], [4055.7, 6219.9], [4055.2, 6222.8], [4053.2, 6223.7], [4050.6, 6222.8], [4051.6, 6219.4], [4053.7, 6217.5]]]}}, {"type": "Feature", "properties": {"OBJECTID": 578, "id": null, "name": null, "continent": null, "S2": null, "Shape__Area": 88155116.0444336, "Shape__Length": 35062.30984223293}, "geometry": {"type": "Polygon", "coordinates": [[[4200.3, 6325.9], [4203.8, 6327.7], [4202.3, 6331.6], [4201.3, 6332.0], [4198.3, 6332.0], [4196.8, 6330.1], [4196.8, 6327.8], [4200.3, 6325.9]]]}}, {"type": "Feature", "properties": {"OBJECTID": 579, "id": null, "name": null, "continent": null, "S2": null, "Shape__Area": 91494324.93457031, "Shape__Length": 35634.44022205443}, "geometry": {"type": "Polygon", "coordinates": [[[4245.7, 6278.6], [4250.2, 6279.1], [4251.3, 6281.0], [4251.2, 6282.9], [4249.7, 6284.8], [4246.2, 6284.9], [4244.7, 6282.5], [4245.7, 6278.6]]]}}, {"type": "Feature", "properties": {"OBJECTID": 580, "id": null, "name": null, "continent": null, "S2": null, "Shape__Area": 110668846.16699219, "Shape__Length": 41304.17673312391}, "geometry": {"type": "Polygon", "coordinates": [[[5403.8, 6495.7], [5404.8, 6498.2], [5402.7, 6500.1], [5398.0, 6503.0], [5396.4, 6501.1], [5396.4, 6498.2], [5398.5, 6496.2], [5403.8, 6495.7]]]}}, {"type": "Feature", "properties": {"OBJECTID": 581, "id": null, "name": null, "continent": null, "S2": null, "Shape__Area": 114503874.0378418, "Shape__Length": 42937.09863129942}, "geometry": {"type": "Polygon", "coordinates": [[[5158.4, 6117.5], [5160.2, 6116.4], [5165.1, 6117.4], [5165.2, 6118.0], [5164.1, 6120.5], [5162.6, 6120.5], [5161.0, 6122.6], [5158.4, 6124.1], [5156.3, 6122.1], [5156.3, 6119.5], [5158.4, 6117.5]]]}}, {"type": "Feature", "properties": {"OBJECTID": 582, "id": null, "name": null, "continent": null, "S2": null, "Shape__Area": 108932149.38433456, "Shape__Length": 42280.58132141245}, "geometry": {"type": "Polygon", "coordinates": [[[5986.2, 6064.5], [5989.3, 6062.9], [5992.7, 6062.9], [5994.4, 6063.2], [5994.7, 6064.0], [5994.7, 6066.4], [5992.4, 6066.4], [5991.0, 6068.6], [5988.2, 6068.6], [5985.4, 6067.5], [5985.4, 6066.2], [5986.2, 6064.5]]]}}, {"type": "Feature", "properties": {"OBJECTID": 583, "id": null, "name": null, "continent": null, "S2": null, "Shape__Area": 31524776.8592453, "Shape__Length": 22145.55227760922}, "geometry": {"type": "Polygon", "coordinates": [[[6013.0, 6051.7], [6013.5, 6053.9], [6012.7, 6055.0], [6010.7, 6055.0], [6008.8, 6054.7], [6010.2, 6052.0], [6013.0, 6051.7]]]}}, {"type": "Feature", "properties": {"OBJECTID": 584, "id": null, "name": null, "continent": null, "S2": null, "Shape__Area": 244811221.3697052, "Shape__Length": 71403.64497772923}, "geometry": {"type": "Polygon", "coordinates": [[[6036.3, 6042.4], [6038.6, 6041.9], [6040.6, 6042.4], [6041.4, 6043.8], [6042.3, 6045.2], [6042.8, 6046.3], [6043.4, 6048.4], [6042.5, 6051.4], [6042.0, 6054.1], [6041.1, 6056.0], [6040.3, 6058.0], [6038.6, 6058.5], [6035.8, 6058.2], [6035.2, 6056.9], [6035.8, 6054.4], [6037.5, 6053.3], [6037.7, 6052.2], [6037.7, 6050.6], [6036.6, 6047.9], [6035.8, 6045.7], [6036.3, 6042.4]]]}}, {"type": "Feature", "properties": {"OBJECTID": 585, "id": null, "name": null, "continent": null, "S2": null, "Shape__Area": 38495601.52293396, "Shape__Length": 23691.769101746064}, "geometry": {"type": "Polygon", "coordinates": [[[6055.5, 6046.5], [6055.2, 6049.5], [6054.4, 6050.3], [6052.9, 6050.3], [6051.3, 6049.8], [6051.3, 6048.1], [6051.8, 6046.5], [6055.5, 6046.5]]]}}, {"type": "Feature", "properties": {"OBJECTID": 586, "id": null, "name": null, "continent": null, "S2": null, "Shape__Area": 68667830.88775635, "Shape__Length": 31859.50185035}, "geometry": {"type": "Polygon", "coordinates": [[[6107.8, 6054.4], [6108.7, 6056.5], [6109.5, 6058.7], [6108.9, 6060.1], [6107.3, 6060.1], [6106.1, 6059.5], [6104.4, 6058.4], [6103.9, 6057.6], [6103.0, 6056.3], [6104.2, 6054.6], [6107.8, 6054.4]]]}}, {"type": "Feature", "properties": {"OBJECTID": 587, "id": null, "name": null, "continent": null, "S2": null, "Shape__Area": 100246616.52783203, "Shape__Length": 40408.52180821964}, "geometry": {"type": "Polygon", "coordinates": [[[6909.9, 6203.7], [6913.1, 6206.2], [6911.2, 6209.3], [6908.6, 6211.2], [6904.6, 6211.2], [6906.6, 6206.2], [6909.9, 6203.7]]]}}, {"type": "Feature", "properties": {"OBJECTID": 588, "id": null, "name": null, "continent": null, "S2": null, "Shape__Area": 50963363.416015625, "Shape__Length": 28085.212843976038}, "geometry": {"type": "Polygon", "coordinates": [[[6931.4, 6193.1], [6932.1, 6197.5], [6930.8, 6198.7], [6928.2, 6197.5], [6927.5, 6193.7], [6931.4, 6193.1]]]}}, {"type": "Feature", "properties": {"OBJECTID": 589, "id": null, "name": null, "continent": null, "S2": null, "Shape__Area": 24081589.69946289, "Shape__Length": 20280.117913740833}, "geometry": {"type": "Polygon", "coordinates": [[[6938.6, 6207.4], [6937.9, 6209.3], [6937.9, 6210.5], [6935.3, 6210.5], [6935.3, 6207.4], [6938.6, 6207.4]]]}}, {"type": "Feature", "properties": {"OBJECTID": 590, "id": null, "name": null, "continent": null, "S2": null, "Shape__Area": 71684731.18237305, "Shape__Length": 33882.308067530415}, "geometry": {"type": "Polygon", "coordinates": [[[7095.3, 6249.5], [7097.9, 6253.9], [7092.7, 6254.5], [7090.0, 6252.0], [7090.7, 6250.2], [7095.3, 6249.5]]]}}, {"type": "Feature", "properties": {"OBJECTID": 591, "id": null, "name": null, "continent": null, "S2": null, "Shape__Area": 187612382.65625, "Shape__Length": 51661.18114945358}, "geometry": {"type": "Polygon", "coordinates": [[[7172.9, 6375.0], [7176.8, 6380.5], [7174.9, 6383.0], [7171.0, 6383.0], [7166.4, 6381.2], [7165.7, 6378.1], [7168.4, 6374.4], [7172.9, 6375.0]]]}}, {"type": "Feature", "properties": {"OBJECTID": 592, "id": null, "name": null, "continent": null, "S2": null, "Shape__Area": 157161986.39160156, "Shape__Length": 53817.92077302159}, "geometry": {"type": "Polygon", "coordinates": [[[2573.0, 6570.6], [2576.9, 6571.0], [2576.0, 6575.0], [2574.0, 6576.8], [2570.6, 6580.4], [2567.2, 6579.5], [2566.2, 6577.7], [2567.7, 6575.0], [2570.1, 6574.6], [2573.0, 6570.6]]]}}, {"type": "Feature", "properties": {"OBJECTID": 593, "id": null, "name": null, "continent": null, "S2": null, "Shape__Area": 178807049.6171875, "Shape__Length": 54492.335361001955}, "geometry": {"type": "Polygon", "coordinates": [[[2959.9, 6932.9], [2962.3, 6936.3], [2958.4, 6938.0], [2955.5, 6938.0], [2951.1, 6937.6], [2948.6, 6936.7], [2948.6, 6934.2], [2952.6, 6932.5], [2959.9, 6932.9]]]}}, {"type": "Feature", "properties": {"OBJECTID": 594, "id": null, "name": null, "continent": null, "S2": null, "Shape__Area": 191982307.11523438, "Shape__Length": 66848.66450390843}, "geometry": {"type": "Polygon", "coordinates": [[[2656.5, 6916.5], [2655.5, 6920.3], [2654.5, 6923.3], [2655.5, 6926.7], [2655.5, 6931.0], [2652.5, 6931.0], [2650.1, 6926.3], [2650.1, 6922.9], [2651.1, 6917.8], [2656.5, 6916.5]]]}}, {"type": "Feature", "properties": {"OBJECTID": 595, "id": null, "name": null, "continent": null, "S2": null, "Shape__Area": 91460119.765625, "Shape__Length": 43001.175252177614}, "geometry": {"type": "Polygon", "coordinates": [[[2734.3, 6734.4], [2737.6, 6734.7], [2740.6, 6735.5], [2740.6, 6739.0], [2739.6, 6740.8], [2738.6, 6742.6], [2737.1, 6743.0], [2736.9, 6742.8], [2736.2, 6737.3], [2734.3, 6734.4]]]}}, {"type": "Feature", "properties": {"OBJECTID": 596, "id": null, "name": null, "continent": null, "S2": null, "Shape__Area": 187567909.99804688, "Shape__Length": 54248.00369715545}, "geometry": {"type": "Polygon", "coordinates": [[[3198.5, 7090.9], [3200.4, 7094.7], [3199.1, 7097.5], [3194.7, 7097.5], [3188.3, 7096.9], [3189.5, 7093.1], [3191.5, 7092.6], [3194.7, 7090.9], [3198.5, 7090.9]]]}}, {"type": "Feature", "properties": {"OBJECTID": 597, "id": null, "name": null, "continent": null, "S2": null, "Shape__Area": 62343488.412109375, "Shape__Length": 32068.181920002684}, "geometry": {"type": "Polygon", "coordinates": [[[2988.6, 7484.2], [2989.8, 7487.7], [2987.9, 7487.7], [2986.0, 7489.2], [2984.1, 7487.7], [2984.7, 7484.7], [2988.6, 7484.2]]]}}, {"type": "Feature", "properties": {"OBJECTID": 598, "id": null, "name": null, "continent": null, "S2": null, "Shape__Area": 104801554.40429688, "Shape__Length": 41488.360933349984}, "geometry": {"type": "Polygon", "coordinates": [[[3058.3, 7478.0], [3062.1, 7479.0], [3061.5, 7483.1], [3061.5, 7485.1], [3057.0, 7485.1], [3056.3, 7483.6], [3057.0, 7480.5], [3058.3, 7478.0]]]}}, {"type": "Feature", "properties": {"OBJECTID": 599, "id": 16, "name": "South Shield", "continent": "Westeros", "S2": null, "Shape__Area": 709300050.9050293, "Shape__Length": 122731.7578643319}, "geometry": {"type": "Polygon", "coordinates": [[[988.6, 5015.1], [992.1, 5014.5], [995.3, 5015.3], [1000.0, 5014.5], [1000.8, 5014.0], [1004.4, 5013.3], [1008.3, 5014.9], [1006.3, 5018.1], [1003.6, 5022.4], [996.1, 5025.2], [992.3, 5024.5], [990.3, 5025.2], [985.4, 5023.9], [982.0, 5025.2], [977.7, 5023.3], [979.3, 5013.7], [981.8, 5013.7], [982.8, 5013.7], [987.4, 5014.2], [988.6, 5015.1]]]}}, {"type": "Feature", "properties": {"OBJECTID": 600, "id": 16, "name": "Oaken Shield", "continent": "Westeros", "S2": null, "Shape__Area": 2240505902.2280273, "Shape__Length": 241034.38201328117}, "geometry": {"type": "Polygon", "coordinates": [[[1030.6, 4993.7], [1035.5, 4996.9], [1043.1, 4997.7], [1051.4, 4999.3], [1056.8, 5000.5], [1062.7, 5001.3], [1068.2, 5003.7], [1068.2, 5010.4], [1064.3, 5015.6], [1051.4, 5016.4], [1044.7, 5014.0], [1043.5, 5013.4], [1041.2, 5008.9], [1032.6, 5006.1], [1024.7, 5006.1], [1022.0, 5006.2], [1016.1, 5006.5], [1009.8, 5005.7], [1007.1, 5000.5], [1007.1, 4995.0], [1011.8, 4989.8], [1023.6, 4989.8], [1030.6, 4993.7]]]}}, {"type": "Feature", "properties": {"OBJECTID": 601, "id": 16, "name": "Grey Shield", "continent": "Westeros", "S2": null, "Shape__Area": 1723689315.9953613, "Shape__Length": 195355.92780537836}, "geometry": {"type": "Polygon", "coordinates": [[[945.3, 5003.8], [940.5, 5003.8], [934.6, 5003.8], [926.8, 5002.6], [923.3, 4998.2], [925.2, 4993.4], [929.9, 4989.1], [933.7, 4989.1], [933.9, 4989.1], [944.8, 4989.4], [949.3, 4988.9], [949.9, 4989.8], [955.0, 4992.6], [961.7, 4995.8], [966.2, 4996.1], [968.3, 4996.2], [972.6, 4997.8], [972.6, 5002.2], [973.4, 5002.2], [973.4, 5004.5], [971.4, 5009.3], [963.8, 5009.9], [963.7, 5009.4], [957.3, 5007.7], [946.8, 5004.6], [945.3, 5003.8]]]}}, {"type": "Feature", "properties": {"OBJECTID": 602, "id": 16, "name": "Green Shield", "continent": "Westeros", "S2": null, "Shape__Area": 1047040141.6315918, "Shape__Length": 147030.54500921088}, "geometry": {"type": "Polygon", "coordinates": [[[985.0, 4974.3], [985.0, 4973.8], [979.7, 4970.3], [973.0, 4965.1], [968.3, 4960.7], [973.0, 4954.4], [981.3, 4956.3], [986.4, 4960.7], [986.9, 4962.6], [995.0, 4962.3], [999.3, 4966.7], [1003.2, 4971.5], [1003.6, 4975.4], [997.7, 4977.0], [993.5, 4976.5], [993.4, 4977.2], [985.0, 4974.3]]]}}]}